time,event,mid,state,action,kind,duration,h,dh,eta,slack_pressure,im_count,im_damage,risk_h,risk_trend,im_longterm_penalty,opportunity_cost,p_fail,expected_fail_cost,downtime_cost,delta_t_since_last_maint,lambda_hat,ddt_hat,goal,rule,dispatched,op,job_due,overdue,local_urgency,breakdown_flag,breakdown_cost,t_e,t_l,window_violation,risk_t,mat_cost,scrap_part_cost
21.556520320387058,scheduling,,"[6.0,1.0,1.0,3.0,-1879.989013671875,1.0,0.0,0.0,0.0,0.0,0.0,1.0]",,,,,,,,,,,,,,,,,,-1879.9889998216688,1.0,1,4,True,"{""mid"":1,""t0"":21.556520320387058,""t1"":44.535143715660006,""jid"":0,""oid"":0}",99.89176381307053,False,,False,0.0,,,,,,0.0
44.535143715660006,maintenance,1,"[0.9175889492034912,0.0,100.0,0.0,0.0,3.2917826175689697,3.0,-1879.989013671875,1.0,1.0,0.040083203464746475,0.0,102.22322845458984,0.9175889492034912,0.009999999776482582,44.5351448059082]",0,DN,0.0,0.9175889247778565,0.0,100.0,0.0,0,0.0,0.04008320278385357,0.0,0.0,0.0,0.04008320278385357,0.0,0.0,44.535143715660006,-1879.9889998216688,1.0,,,,,,,0.0,False,0.0,44.535143715660006,146.75837170111714,False,0.04008320278385357,0.0,0.0
44.535143715660006,scheduling,,"[6.0,1.0,1.0,3.0,-1879.989013671875,1.0,3.2917826175689697,3.2917826175689697,0.0,0.0,0.0,1.0]",,,,,,,,,,,,,,,,,,-1879.9889998216688,1.0,1,4,True,"{""mid"":1,""t0"":44.535143715660006,""t1"":76.3485497866518,""jid"":0,""oid"":1}",99.89176381307053,False,,False,0.0,,,,,,0.0
45.28688007142141,scheduling,,"[5.0,2.0,1.0,4.0,-1245.4158935546875,1.0,1.2700231075286865,0.2540046274662018,0.0,0.1666666716337204,0.0,1.0]",,,,,,,,,,,,,,,,,,-1245.4158799641011,1.0,1,3,True,"{""mid"":0,""t0"":45.28688007142141,""t1"":93.88960422605273,""jid"":1,""oid"":0}",119.80181130188987,False,,False,0.0,,,,,,0.0
76.3485497866518,maintenance,1,"[0.7959043383598328,-0.12168461084365845,1.6099350452423096,0.36018189787864685,0.0,-17.86285400390625,4.0,-1245.4158935546875,1.0,1.0,0.12357063591480255,0.0,73.20101165771484,0.7959043383598328,0.009999999776482582,76.34854888916016]",0,DN,0.0,0.7959043160872512,-0.12168460869060527,1.6099350459790411,0.36018189478057583,0,0.0,0.1235706368180068,0.0,0.0,0.0,0.1235706368180068,0.0,0.0,76.3485497866518,-1245.4158799641011,1.0,,,,,,,0.0,False,0.0,76.3485497866518,149.54955809012574,False,0.1235706368180068,0.0,0.0
76.3485497866518,scheduling,,"[5.0,2.0,1.0,4.0,-1245.4158935546875,1.0,-17.86285400390625,-28.421907424926758,0.36018189787864685,0.1666666716337204,1.0,1.0]",,,,,,,,,,,,,,,,,,-1245.4158799641011,1.0,1,3,True,"{""mid"":4,""t0"":76.3485497866518,""t1"":89.808745821582,""jid"":0,""oid"":2}",99.89176381307053,False,,False,0.0,,,,,,0.0
89.808745821582,maintenance,4,"[0.9552003741264343,0.0,100.0,0.6714435815811157,0.0,-44.52186584472656,4.0,-1245.4158935546875,1.0,1.0,0.027868229895830154,0.0,107.34187316894531,0.9552003741264343,0.009999999776482582,89.80874633789062]",0,DN,0.0,0.9552004007706448,0.0,100.0,0.6714435597378108,0,0.0,0.02786823062532681,0.0,0.0,0.0,0.02786823062532681,0.0,0.0,89.808745821582,-1245.4158799641011,1.0,,,,,,,0.0,False,0.0,89.808745821582,197.15061930006226,False,0.02786823062532681,0.0,0.0
93.88960422605273,maintenance,0,"[0.9516865611076355,0.0,100.0,0.0,0.0,0.0,4.0,-1245.4158935546875,1.0,1.0,0.028836140409111977,0.0,106.92708587646484,0.9516865611076355,0.009999999776482582,93.88960266113281]",0,DN,0.0,0.9516865746055501,0.0,100.0,0.0,0,0.0,0.02883614000805513,0.0,0.0,0.0,0.02883614000805513,0.0,0.0,93.88960422605273,-1245.4158799641011,1.0,,,,,,,0.0,False,0.0,93.88960422605273,200.81669234593727,False,0.02883614000805513,0.0,0.0
93.88960422605273,scheduling,,"[6.0,1.0,1.0,4.0,-1245.4158935546875,1.0,0.0,0.0,0.0,0.0,0.0,1.0]",,,,,,,,,,,,,,,,,,-1245.4158799641011,1.0,1,4,True,"{""mid"":0,""t0"":93.88960422605273,""t1"":119.41405944677504,""jid"":1,""oid"":1}",119.80181130188987,False,,False,0.0,,,,,,0.0
102.60288058706166,scheduling,,"[5.0,2.0,1.0,5.0,-919.73291015625,1.0,-4.356637954711914,-7.841948509216309,0.1031942144036293,0.1666666716337204,0.5,1.0]",,,,,,,,,,,,,,,,,,-919.7329098441658,1.0,1,3,True,"{""mid"":5,""t0"":102.60288058706166,""t1"":120.12003491474042,""jid"":2,""oid"":0}",231.224282489957,False,,False,0.0,,,,,,0.0
119.41405944677504,maintenance,0,"[0.9194950461387634,-0.032191552221775055,9.924809455871582,0.3431367874145508,0.0,-16.81117820739746,5.0,-919.73291015625,1.0,1.0,0.03935619816184044,0.0,102.52092742919922,0.9194950461387634,0.009999999776482582,119.4140625]",0,DN,0.0,0.9194950234745922,-0.03219155113095784,9.924809841404056,0.3431367803838332,0,0.0,0.03935619724534714,0.0,0.0,0.0,0.03935619724534714,0.0,0.0,119.41405944677504,-919.7329098441658,1.0,,,,,,,0.0,False,0.0,119.41405944677504,221.93498749326227,False,0.03935619724534714,0.0,0.0
120.12003491474042,maintenance,5,"[0.9215309023857117,0.0,100.0,0.0,0.0,2.246391534805298,5.0,-919.73291015625,1.0,1.0,0.03859366104006767,0.0,102.8341064453125,0.9215309023857117,0.009999999776482582,120.12003326416016]",0,DN,0.0,0.9215309058049931,0.0,100.0,0.0,0,0.0,0.0385936628815847,0.0,0.0,0.0,0.0385936628815847,0.0,0.0,120.12003491474042,-919.7329098441658,1.0,,,,,,,0.0,False,0.0,120.12003491474042,222.95414326247038,False,0.0385936628815847,0.0,0.0
120.12003491474042,scheduling,,"[6.0,1.0,1.0,5.0,-919.73291015625,1.0,2.246391534805298,2.246391534805298,0.0,0.0,0.0,1.0]",,,,,,,,,,,,,,,,,,-919.7329098441658,1.0,1,0,True,"{""mid"":1,""t0"":120.12003491474042,""t1"":124.65866598367309,""jid"":2,""oid"":1}",231.224282489957,False,,False,0.0,,,,,,0.0
124.65866598367309,maintenance,1,"[0.8163813352584839,0.02047702483832836,100.0,0.0,0.0,24.677717208862305,5.0,-919.73291015625,2.0,1.0,0.1030474528670311,0.0,79.46382904052734,0.8163813352584839,0.009999999776482582,124.6586685180664]",0,DN,0.0,0.8163813405186756,0.020477024431424407,100.0,0.0,0,0.0,0.10304744955274923,0.0,0.0,0.0,0.10304744955274923,0.0,0.0,124.65866598367309,-919.7329098441658,2.0,,,,,,,0.0,False,0.0,124.65866598367309,204.12249558586262,False,0.10304744955274923,0.0,0.0
124.65866598367309,scheduling,,"[6.0,1.0,1.0,5.0,-919.73291015625,2.0,24.677717208862305,24.677717208862305,0.0,0.0,0.0,1.0]",,,,,,,,,,,,,,,,,,-919.7329098441658,2.0,1,4,True,"{""mid"":0,""t0"":124.65866598367309,""t1"":138.7767963381898,""jid"":2,""oid"":2}",231.224282489957,False,,False,0.0,,,,,,0.0
127.20591194588675,scheduling,,"[5.0,2.0,1.0,6.0,-730.86572265625,1.5,11.065235137939453,2.2130470275878906,0.0,0.1666666716337204,0.0,1.0]",,,,,,,,,,,,,,,,,,-730.8657216035675,1.5,1,3,True,"{""mid"":2,""t0"":127.20591194588675,""t1"":147.58280758524688,""jid"":3,""oid"":0}",208.83708680446642,False,,False,0.0,,,,,,0.0
138.7767963381898,maintenance,0,"[0.9200820326805115,0.0005870354943908751,100.0,0.0,0.0,10.91673755645752,6.0,-730.86572265625,1.5,1.0,0.03913485258817673,0.0,102.61174011230469,0.9200820326805115,0.009999999776482582,138.77679443359375]",0,DN,0.0,0.9200820589508172,0.0005870354762249619,100.0,0.0,0,0.0,0.03913485423684256,0.0,0.0,0.0,0.03913485423684256,0.0,0.0,138.7767963381898,-730.8657216035675,1.5,,,,,,,0.0,False,0.0,138.7767963381898,241.38853374137142,False,0.03913485423684256,0.0,0.0
138.7767963381898,scheduling,,"[5.0,2.0,1.0,6.0,-730.86572265625,1.5,10.91673755645752,-7.073359966278076,0.0,0.1666666716337204,0.5,1.0]",,,,,,,,,,,,,,,,,,-730.8657216035675,1.5,1,3,True,"{""mid"":0,""t0"":138.7767963381898,""t1"":197.81992393762573,""jid"":2,""oid"":3}",231.224282489957,False,,False,0.0,,,,,,0.0
147.58280758524688,maintenance,2,"[0.9729489684104919,0.0,100.0,0.0,0.0,19.13675880432129,6.0,-730.86572265625,2.0,1.0,0.02344234101474285,0.0,109.25912475585938,0.9729489684104919,0.009999999776482582,147.5828094482422]",0,DN,0.0,0.9729489974075749,0.0,100.0,0.0,0,0.0,0.023442340756356508,0.0,0.0,0.0,0.023442340756356508,0.0,0.0,147.58280758524688,-730.8657216035675,2.0,,,,,,,0.0,False,0.0,147.58280758524688,256.8419353431,False,0.023442340756356508,0.0,0.0
147.58280758524688,scheduling,,"[5.0,2.0,1.0,6.0,-730.86572265625,2.0,19.13675880432129,14.767489433288574,0.0,0.1666666716337204,0.0,1.0]",,,,,,,,,,,,,,,,,,-730.8657216035675,2.0,1,3,True,"{""mid"":2,""t0"":147.58280758524688,""t1"":158.88954475240487,""jid"":3,""oid"":1}",208.83708680446642,False,,False,0.0,,,,,,0.0
152.28546321165632,scheduling,,"[4.0,3.0,1.0,7.0,-604.8748168945312,1.5,9.622735977172852,1.7945032119750977,0.0,0.3333333432674408,0.0,1.0]",,,,,,,,,,,,,,,,,,-604.8748427920113,1.5,1,3,True,"{""mid"":5,""t0"":152.28546321165632,""t1"":186.36225847916833,""jid"":4,""oid"":0}",199.1065971566719,False,,False,0.0,,,,,,0.0
158.88954475240487,maintenance,2,"[0.9365559220314026,-0.036393050104379654,9.247808456420898,0.0,0.0,7.128503322601318,7.0,-604.8748168945312,1.5,1.0,0.03338932991027832,0.0,104.99727630615234,0.9365559220314026,0.009999999776482582,158.88954162597656]",0,DN,0.0,0.9365559468338231,-0.03639305057375175,9.247808071262977,0.0,0,0.0,0.03338932812284836,0.0,0.0,0.0,0.03338932812284836,0.0,0.0,158.88954475240487,-604.8748427920113,1.5,,,,,,,0.0,False,0.0,158.88954475240487,263.8868232016547,False,0.03338932812284836,0.0,0.0
158.88954475240487,scheduling,,"[4.0,3.0,1.0,7.0,-604.8748168945312,1.5,7.128503322601318,-2.624943256378174,0.0,0.3333333432674408,0.3333333432674408,1.0]",,,,,,,,,,,,,,,,,,-604.8748427920113,1.5,1,3,True,"{""mid"":3,""t0"":158.88954475240487,""t1"":171.2750846850465,""jid"":3,""oid"":2}",208.83708680446642,False,,False,0.0,,,,,,0.0
171.2750846850465,maintenance,3,"[0.9797402024269104,0.0,100.0,0.0,0.0,2.0758748054504395,7.0,-604.8748168945312,1.0,1.0,0.021936940029263496,0.0,109.91902923583984,0.9797402024269104,0.009999999776482582,171.27508544921875]",0,DN,0.0,0.9797402161463881,0.0,100.0,0.0,0,0.0,0.021936940239985485,0.0,0.0,0.0,0.021936940239985485,0.0,0.0,171.2750846850465,-604.8748427920113,1.0,,,,,,,0.0,False,0.0,171.2750846850465,281.19411226536715,False,0.021936940239985485,0.0,0.0
171.2750846850465,scheduling,,"[4.0,3.0,1.0,7.0,-604.8748168945312,1.0,2.0758748054504395,-15.010482788085938,0.0,0.3333333432674408,0.3333333432674408,1.0]",,,,,,,,,,,,,,,,,,-604.8748427920113,1.0,1,3,True,"{""mid"":1,""t0"":171.2750846850465,""t1"":192.85186484390525,""jid"":3,""oid"":3}",208.83708680446642,False,,False,0.0,,,,,,0.0
186.36225847916833,maintenance,5,"[0.8152654767036438,-0.10626544803380966,2.025733232498169,0.043210696429014206,0.0,-1.7668830156326294,7.0,-604.8748168945312,1.0,1.0,0.10408341884613037,0.0,79.13522338867188,0.8152654767036438,0.009999999776482582,186.3622589111328]",0,DN,0.0,0.8152654586704651,-0.10626544713452801,2.0257333354834257,0.043210697562676925,0,0.0,0.10408342244818908,0.0,0.0,0.0,0.10408342244818908,0.0,0.0,186.36225847916833,-604.8748427920113,1.0,,,,,,,0.0,False,0.0,186.36225847916833,265.4974799153551,False,0.10408342244818908,0.0,0.0
186.36225847916833,scheduling,,"[4.0,3.0,1.0,7.0,-604.8748168945312,1.0,-1.7668830156326294,-11.413592338562012,0.043210696429014206,0.3333333432674408,0.6666666865348816,1.0]",,,,,,,,,,,,,,,,,,-604.8748427920113,1.0,1,3,True,"{""mid"":2,""t0"":186.36225847916833,""t1"":197.68156965112726,""jid"":4,""oid"":1}",199.1065971566719,False,,False,0.0,,,,,,0.0
192.85186484390525,maintenance,1,"[0.7405375838279724,-0.07584376633167267,1.8529878854751587,0.29092806577682495,0.0,-13.751932144165039,7.0,-604.8748168945312,1.0,1.0,0.19696444272994995,0.0,54.57817077636719,0.7405375838279724,0.009999999776482582,192.85186767578125]",0,DN,0.0,0.7405375773013267,-0.07584376321734887,1.852987923325771,0.290928062804343,0,0.0,0.19696444301438026,0.0,0.0,0.0,0.19696444301438026,0.0,0.0,192.85186484390525,-604.8748427920113,1.0,,,,,,,0.0,False,0.0,192.85186484390525,247.43003401276428,False,0.19696444301438026,0.0,0.0
194.24476601868915,scheduling,,"[4.0,3.0,1.0,8.0,-512.469970703125,1.0,-10.096555709838867,-19.296100616455078,0.22307687997817993,0.3333333432674408,0.6666666865348816,1.0]",,,,,,,,,,,,,,,,,,-512.4699648492907,1.0,1,3,True,"{""mid"":4,""t0"":194.24476601868915,""t1"":198.16068441254097,""jid"":5,""oid"":0}",329.55675114356563,False,,False,0.0,,,,,,0.0
197.68156965112726,maintenance,2,"[0.937985360622406,0.0014294428983703256,100.0,0.3035193383693695,0.0,-14.468608856201172,8.0,-512.469970703125,1.0,1.0,0.032931048423051834,0.0,105.18992614746094,0.937985360622406,0.009999999776482582,197.6815643310547]",0,DN,0.0,0.9379853897899771,0.0014294429561539923,100.0,0.3035193235329573,0,0.0,0.032931047334829086,0.0,0.0,0.0,0.032931047334829086,0.0,0.0,197.68156965112726,-512.4699648492907,1.0,,,,,,,0.0,False,0.0,197.68156965112726,302.87149756355575,False,0.032931047334829086,0.0,0.0
197.81992393762573,maintenance,0,"[0.875929594039917,-0.04415248706936836,6.249468803405762,0.0855010375380516,0.0,-3.575157880783081,8.0,-512.469970703125,1.0,1.0,0.05956380441784859,0.0,94.56018829345703,0.875929594039917,0.009999999776482582,197.81993103027344]",0,DN,0.0,0.8759295730580889,-0.044152485892728244,6.24946857416999,0.08550103962330835,0,0.0,0.059563804067455185,0.0,0.0,0.0,0.059563804067455185,0.0,0.0,197.81992393762573,-512.4699648492907,1.0,,,,,,,0.0,False,0.0,197.81992393762573,292.38011049092535,False,0.059563804067455185,0.0,0.0
198.16068441254097,maintenance,4,"[0.9401596188545227,-0.015040791593492031,22.61580467224121,0.0,0.0,27.98700714111328,8.0,-512.469970703125,2.0,1.0,0.03224562108516693,0.0,105.47872161865234,0.9401596188545227,0.009999999776482582,198.1606903076172]",0,DN,0.0,0.9401596089731138,-0.015040791797531039,22.61580464327359,0.0,0,0.0,0.03224562017518703,0.0,0.0,0.0,0.03224562017518703,0.0,0.0,198.16068441254097,-512.4699648492907,2.0,,,,,,,0.0,False,0.0,198.16068441254097,303.63940817515027,False,0.03224562017518703,0.0,0.0
198.16068441254097,scheduling,,"[6.0,1.0,1.0,8.0,-512.469970703125,2.0,27.98700714111328,27.98700714111328,0.0,0.0,0.0,1.0]",,,,,,,,,,,,,,,,,,-512.4699648492907,2.0,1,0,True,"{""mid"":2,""t0"":198.16068441254097,""t1"":210.5065343741839,""jid"":5,""oid"":1}",329.55675114356563,False,,False,0.0,,,,,,0.0
210.0611914159044,scheduling,,"[5.0,2.0,1.0,9.0,-446.4341735839844,1.5,8.04325008392334,1.6086500883102417,0.0,0.1666666716337204,0.0,1.0]",,,,,,,,,,,,,,,,,,-446.43416606847745,1.5,1,0,True,"{""mid"":4,""t0"":210.0611914159044,""t1"":219.6189419651117,""jid"":6,""oid"":0}",242.97938602834853,False,,False,0.0,,,,,,0.0
210.5065343741839,maintenance,2,"[0.8970714807510376,-0.040913887321949005,7.260896682739258,0.0,0.0,21.185789108276367,9.0,-446.4341735839844,2.0,1.0,0.048766542226076126,0.0,98.73362731933594,0.8970714807510376,0.009999999776482582,210.50653076171875]",0,DN,0.0,0.8970715043194407,-0.040913885470536426,7.260896903408812,0.0,0,0.0,0.04876654260844059,0.0,0.0,0.0,0.04876654260844059,0.0,0.0,210.5065343741839,-446.43416606847745,2.0,,,,,,,0.0,False,0.0,210.5065343741839,309.2401598779209,False,0.04876654260844059,0.0,0.0
210.5065343741839,scheduling,,"[5.0,2.0,1.0,9.0,-446.4341735839844,2.0,21.185789108276367,3.8808834552764893,0.0,0.1666666716337204,0.5,1.0]",,,,,,,,,,,,,,,,,,-446.43416606847745,2.0,1,0,True,"{""mid"":3,""t0"":210.5065343741839,""t1"":260.3886354527077,""jid"":5,""oid"":2}",329.55675114356563,False,,False,0.0,,,,,,0.0
219.6189419651117,maintenance,4,"[0.9321956038475037,-0.00796401035040617,41.712100982666016,0.0,0.0,16.852256774902344,9.0,-446.4341735839844,2.0,1.0,0.03482560068368912,0.0,104.39579010009766,0.9321956038475037,0.009999999776482582,219.6189422607422]",0,DN,0.0,0.932195598966733,-0.007964010006380806,41.712102157151506,0.0,0,0.0,0.03482560242723876,0.0,0.0,0.0,0.03482560242723876,0.0,0.0,219.6189419651117,-446.43416606847745,2.0,,,,,,,0.0,False,0.0,219.6189419651117,324.01473030606974,False,0.03482560242723876,0.0,0.0
219.6189419651117,scheduling,,"[5.0,2.0,1.0,9.0,-446.4341735839844,2.0,16.852256774902344,3.3704514503479004,0.0,0.1666666716337204,0.0,1.0]",,,,,,,,,,,,,,,,,,-446.43416606847745,2.0,1,0,True,"{""mid"":1,""t0"":219.6189419651117,""t1"":243.19702310068465,""jid"":6,""oid"":1}",242.97938602834853,True,,False,0.0,,,,,,0.0
243.19702310068465,maintenance,1,"[0.6399997472763062,-0.10053783655166626,0.3978576362133026,0.0,0.0,10.126432418823242,9.0,-446.4341735839844,1.5,1.0,0.4013129472732544,0.0,24.100677490234375,0.6399997472763062,0.009999999776482582,243.197021484375]",0,DN,0.0,0.6399997442441571,-0.10053783305716968,0.39785763257311996,0.0,0,0.0,0.40131295436859854,0.0,0.0,0.0,0.40131295436859854,0.0,0.0,243.19702310068465,-446.43416606847745,1.5,,,,,,,0.0,False,0.0,243.19702310068465,267.2976999541354,False,0.40131295436859854,0.0,0.0
245.2975175016381,scheduling,,"[5.0,2.0,1.0,10.0,-392.91522216796875,1.0,4.012969017028809,0.8025937676429749,0.0,0.1666666716337204,0.0,1.0]",,,,,,,,,,,,,,,,,,-392.9152224957873,1.0,1,3,True,"{""mid"":4,""t0"":245.2975175016381,""t1"":277.40077300216524,""jid"":7,""oid"":0}",368.83047698332774,False,,False,0.0,,,,,,0.0
247.3683050038111,scheduling,,"[4.0,3.0,1.0,11.0,-353.4166259765625,1.0,1.2947876453399658,-1.656630039215088,0.0,0.3333333432674408,0.3333333432674408,1.0]",,,,,,,,,,,,,,,,,,-353.4166214959913,1.0,1,3,True,"{""mid"":1,""t0"":247.3683050038111,""t1"":250.94256829247072,""jid"":8,""oid"":0}",356.99196977485326,False,,False,0.0,,,,,,0.0
250.94256829247072,maintenance,1,"[0.6375778317451477,-0.002421925077214837,15.515681266784668,0.0,0.0,6.770942687988281,11.0,-353.4166259765625,1.5,1.0,0.40714555978775024,0.0,23.544906616210938,0.6375778317451477,0.009999999776482582,250.94256591796875]",0,DN,0.0,0.6375778191176393,-0.002421925126517732,15.515681598162827,0.0,0,0.0,0.4071455482122211,0.0,0.0,0.0,0.4071455482122211,0.0,0.0,250.94256829247072,-353.4166214959913,1.5,,,,,,,0.0,False,0.0,250.94256829247072,274.48747567221824,False,0.4071455482122211,0.0,0.0
250.94256829247072,scheduling,,"[4.0,3.0,1.0,11.0,-353.4166259765625,1.5,6.770942687988281,-4.039863109588623,0.0,0.3333333432674408,0.3333333432674408,1.0]",,,,,,,,,,,,,,,,,,-353.4166214959913,1.5,1,3,True,"{""mid"":1,""t0"":250.94256829247072,""t1"":258.1880409781902,""jid"":8,""oid"":1}",356.99196977485326,False,,False,0.0,,,,,,0.0
258.1880409781902,maintenance,1,"[0.6247341632843018,-0.012843656353652477,1.925788402557373,0.0,0.0,1.9406275749206543,11.0,-353.4166259765625,1.0,1.0,0.43847793340682983,0.0,20.77146339416504,0.6247341632843018,0.009999999776482582,258.18804931640625]",0,DN,0.0,0.6247341631271851,-0.012843655990454228,1.9257883538431941,0.0,0,0.0,0.4384779220455871,0.0,0.0,0.0,0.4384779220455871,0.0,0.0,258.1880409781902,-353.4166214959913,1.0,,,,,,,0.0,False,0.0,258.1880409781902,278.9595035847871,False,0.4384779220455871,0.0,0.0
258.1880409781902,scheduling,,"[4.0,3.0,1.0,11.0,-353.4166259765625,1.0,1.9406275749206543,-11.285335540771484,0.0,0.3333333432674408,0.6666666865348816,1.0]",,,,,,,,,,,,,,,,,,-353.4166214959913,1.0,1,3,True,"{""mid"":5,""t0"":258.1880409781902,""t1"":267.42800705149233,""jid"":8,""oid"":2}",356.99196977485326,False,,False,0.0,,,,,,0.0
260.3886354527077,maintenance,3,"[0.945639967918396,-0.03410026803612709,10.135990142822266,0.0,0.0,16.367399215698242,11.0,-353.4166259765625,2.0,1.0,0.03057858534157276,0.0,106.18441772460938,0.945639967918396,0.009999999776482582,260.3886413574219]",0,DN,0.0,0.9456399497189404,-0.03410026642744768,10.135989712993299,0.0,0,0.0,0.030578584691852578,0.0,0.0,0.0,0.030578584691852578,0.0,0.0,260.3886354527077,-353.4166214959913,2.0,,,,,,,0.0,False,0.0,260.3886354527077,366.5730565464476,False,0.030578584691852578,0.0,0.0
260.3886354527077,scheduling,,"[4.0,3.0,1.0,11.0,-353.4166259765625,2.0,16.367399215698242,-7.797615051269531,0.0,0.3333333432674408,0.3333333432674408,1.0]",,,,,,,,,,,,,,,,,,-353.4166214959913,2.0,1,3,True,"{""mid"":2,""t0"":260.3886354527077,""t1"":280.60808532613487,""jid"":5,""oid"":3}",329.55675114356563,False,,False,0.0,,,,,,0.0
267.42800705149233,maintenance,5,"[0.8180220127105713,0.00275653088465333,100.0,0.0,0.0,15.412764549255371,11.0,-353.4166259765625,1.5,1.0,0.10154086351394653,0.0,79.94415283203125,0.8180220127105713,0.009999999776482582,267.4280090332031]",0,DN,0.0,0.8180219896319019,0.0027565309614367983,100.0,0.0,0,0.0,0.10154086492876584,0.0,0.0,0.0,0.10154086492876584,0.0,0.0,267.42800705149233,-353.4166214959913,1.5,,,,,,,0.0,False,0.0,267.42800705149233,347.3721584261988,False,0.10154086492876584,0.0,0.0
267.42800705149233,scheduling,,"[4.0,3.0,1.0,11.0,-353.4166259765625,1.5,15.412764549255371,-11.186144828796387,0.0,0.3333333432674408,0.3333333432674408,1.0]",,,,,,,,,,,,,,,,,,-353.4166214959913,1.5,1,3,True,"{""mid"":1,""t0"":267.42800705149233,""t1"":279.00740334557014,""jid"":8,""oid"":3}",356.99196977485326,False,,False,0.0,,,,,,0.0
277.40077300216524,maintenance,4,"[0.8730362057685852,-0.059159401804208755,4.615262985229492,0.0,0.0,20.502092361450195,11.0,-353.4166259765625,2.0,1.0,0.061205361038446426,0.0,93.94131469726562,0.8730362057685852,0.009999999776482582,277.4007873535156]",0,DN,0.0,0.8730361978279413,-0.0591594011387917,4.615263044792849,0.0,0,0.0,0.0612053605103708,0.0,0.0,0.0,0.0612053605103708,0.0,0.0,277.40077300216524,-353.4166214959913,2.0,,,,,,,0.0,False,0.0,277.40077300216524,371.3420900635105,False,0.0612053605103708,0.0,0.0
277.40077300216524,scheduling,,"[4.0,3.0,1.0,11.0,-353.4166259765625,2.0,20.502092361450195,14.990116119384766,0.0,0.3333333432674408,0.0,1.0]",,,,,,,,,,,,,,,,,,-353.4166214959913,2.0,1,3,True,"{""mid"":0,""t0"":277.40077300216524,""t1"":312.8338592191195,""jid"":7,""oid"":1}",368.83047698332774,False,,False,0.0,,,,,,0.0
279.00740334557014,maintenance,1,"[0.5874696969985962,-0.037264443933963776,0.0,0.0,0.0,29.893648147583008,11.0,-353.4166259765625,2.0,1.0,0.531284749507904,0.0,20.0,0.5874696969985962,0.009999999776482582,279.0074157714844]",0,DN,0.0,0.5874697197540197,-0.03726444337316537,0.0,0.0,0,0.0,0.5312847783383712,0.0,0.0,0.0,0.5312847783383712,0.0,0.0,279.00740334557014,-353.4166214959913,2.0,,,,,,,0.0,False,0.0,279.00740334557014,299.00740334557014,False,0.5312847783383712,0.0,0.0
279.00740334557014,scheduling,,"[4.0,3.0,1.0,11.0,-353.4166259765625,2.0,29.893648147583008,14.02074909210205,0.0,0.3333333432674408,0.0,1.0]",,,,,,,,,,,,,,,,,,-353.4166214959913,2.0,1,3,True,"{""mid"":1,""t0"":279.00740334557014,""t1"":283.83977780865814,""jid"":8,""oid"":4}",356.99196977485326,False,,False,0.0,,,,,,0.0
280.60808532613487,maintenance,2,"[0.8638584017753601,-0.03321312367916107,7.944401264190674,0.0,0.0,31.140714645385742,11.0,-353.4166259765625,2.0,1.0,0.06669613718986511,0.0,91.90056610107422,0.8638584017753601,0.009999999776482582,280.60809326171875]",0,DN,0.0,0.8638583799482222,-0.03321312437121848,7.944401044572433,0.0,0,0.0,0.06669613681044984,0.0,0.0,0.0,0.06669613681044984,0.0,0.0,280.60808532613487,-353.4166214959913,2.0,,,,,,,0.0,False,0.0,280.60808532613487,372.5086519996958,False,0.06669613681044984,0.0,0.0
283.83977780865814,maintenance,1,"[0.5739150047302246,-0.0135547099635005,0.0,0.0,0.0,6.644023418426514,11.0,-353.4166259765625,1.5,1.0,0.5648452043533325,0.0,20.0,0.5739150047302246,0.009999999776482582,283.83978271484375]",0,DN,0.0,0.5739150101952751,-0.013554709558744604,0.0,0.0,0,0.0,0.5648452040790831,0.0,0.0,0.0,0.5648452040790831,0.0,0.0,283.83977780865814,-353.4166214959913,1.5,,,,,,,0.0,False,0.0,283.83977780865814,303.83977780865814,False,0.5648452040790831,0.0,0.0
312.8338592191195,maintenance,0,"[0.822705864906311,-0.05322369933128357,4.1843366622924805,0.0,0.0,13.083028793334961,11.0,-353.4166259765625,1.5,1.0,0.09734678268432617,0.0,81.296630859375,0.822705864906311,0.009999999776482582,312.8338623046875]",0,DN,0.0,0.822705874300779,-0.05322369875730992,4.184336667699027,0.0,0,0.0,0.0973467844725565,0.0,0.0,0.0,0.0973467844725565,0.0,0.0,312.8338592191195,-353.4166214959913,1.5,,,,,,,0.0,False,0.0,312.8338592191195,394.13049252071414,False,0.0973467844725565,0.0,0.0
312.8338592191195,scheduling,,"[6.0,1.0,1.0,11.0,-353.4166259765625,1.5,13.083028793334961,13.083028793334961,0.0,0.0,0.0,1.0]",,,,,,,,,,,,,,,,,,-353.4166214959913,1.5,1,0,True,"{""mid"":0,""t0"":312.8338592191195,""t1"":377.79995024725633,""jid"":7,""oid"":2}",368.83047698332774,True,,False,0.0,,,,,,0.0
316.7339108021461,scheduling,,"[5.0,2.0,1.0,12.0,-314.98187255859375,2.0,28.308320999145508,13.008045196533203,0.0,0.1666666716337204,0.0,1.0]",,,,,,,,,,,,,,,,,,-314.98187356014347,2.0,1,0,True,"{""mid"":1,""t0"":316.7339108021461,""t1"":327.78465243676277,""jid"":9,""oid"":0}",459.03490195328436,False,,False,0.0,,,,,,0.0
323.43005627529703,scheduling,,"[4.0,3.0,1.0,13.0,-288.1753845214844,2.0,25.242204666137695,8.48991870880127,0.0,0.3333333432674408,0.0,1.0]",,,,,,,,,,,,,,,,,,-288.1753719740356,2.0,1,0,True,"{""mid"":3,""t0"":323.43005627529703,""t1"":335.66753213271704,""jid"":10,""oid"":0}",420.9368555028085,False,,False,0.0,,,,,,0.0
327.78465243676277,maintenance,1,"[0.5575925707817078,-0.016322461888194084,0.0,0.0,0.0,25.22511863708496,13.0,-288.1753845214844,2.0,1.0,0.6044578552246094,0.0,20.0,0.5575925707817078,0.009999999776482582,327.7846374511719]",0,DN,0.0,0.5575925486578707,-0.016322461537404465,0.0,0.0,0,0.0,0.6044578328647047,0.0,0.0,0.0,0.6044578328647047,0.0,0.0,327.78465243676277,-288.1753719740356,2.0,,,,,,,0.0,False,0.0,327.78465243676277,347.78465243676277,False,0.6044578328647047,0.0,0.0
327.78465243676277,scheduling,,"[4.0,3.0,1.0,13.0,-288.1753845214844,2.0,25.22511863708496,4.135322093963623,0.0,0.3333333432674408,0.3333333432674408,1.0]",,,,,,,,,,,,,,,,,,-288.1753719740356,2.0,1,0,True,"{""mid"":2,""t0"":327.78465243676277,""t1"":345.32183252405315,""jid"":9,""oid"":1}",459.03490195328436,False,,False,0.0,,,,,,0.0
335.66753213271704,maintenance,3,"[0.9262488484382629,-0.019391076639294624,16.824691772460938,0.0,0.0,22.094676971435547,13.0,-288.1753845214844,2.0,1.0,0.03688070550560951,0.0,103.54113006591797,0.9262488484382629,0.009999999776482582,335.66754150390625]",0,DN,0.0,0.9262488737977252,-0.01939107592121514,16.824691684115738,0.0,0,0.0,0.03688070606900753,0.0,0.0,0.0,0.03688070606900753,0.0,0.0,335.66753213271704,-288.1753719740356,2.0,,,,,,,0.0,False,0.0,335.66753213271704,439.20866145299607,False,0.03688070606900753,0.0,0.0
335.66753213271704,scheduling,,"[4.0,3.0,1.0,13.0,-288.1753845214844,2.0,22.094676971435547,-0.896094799041748,0.0,0.3333333432674408,0.3333333432674408,1.0]",,,,,,,,,,,,,,,,,,-288.1753719740356,2.0,1,0,True,"{""mid"":1,""t0"":335.66753213271704,""t1"":370.3039924628447,""jid"":10,""oid"":1}",420.9368555028085,False,,False,0.0,,,,,,0.0
345.32183252405315,maintenance,2,"[0.8281835317611694,-0.035674840211868286,6.396203994750977,0.0,0.0,18.286102294921875,13.0,-288.1753845214844,2.0,1.0,0.09263855963945389,0.0,82.84219360351562,0.8281835317611694,0.009999999776482582,345.32183837890625]",0,DN,0.0,0.8281835409070746,-0.035674839041147655,6.396203796291437,0.0,0,0.0,0.09263855937402816,0.0,0.0,0.0,0.09263855937402816,0.0,0.0,345.32183252405315,-288.1753719740356,2.0,,,,,,,0.0,False,0.0,345.32183252405315,428.16402522503034,False,0.09263855937402816,0.0,0.0
345.32183252405315,scheduling,,"[4.0,3.0,1.0,13.0,-288.1753845214844,2.0,18.286102294921875,-10.550395011901855,0.0,0.3333333432674408,0.3333333432674408,1.0]",,,,,,,,,,,,,,,,,,-288.1753719740356,2.0,1,0,True,"{""mid"":2,""t0"":345.32183252405315,""t1"":352.50036435264605,""jid"":9,""oid"":2}",459.03490195328436,False,,False,0.0,,,,,,0.0
352.50036435264605,maintenance,2,"[0.830208957195282,0.0020254114642739296,100.0,0.0,0.0,22.33693504333496,13.0,-288.1753845214844,2.0,1.0,0.09095005691051483,0.0,83.40360260009766,0.830208957195282,0.009999999776482582,352.5003662109375]",0,DN,0.0,0.8302089523276368,0.0020254114205622287,100.0,0.0,0,0.0,0.09095005538812162,0.0,0.0,0.0,0.09095005538812162,0.0,0.0,352.50036435264605,-288.1753719740356,2.0,,,,,,,0.0,False,0.0,352.50036435264605,435.90396830004136,False,0.09095005538812162,0.0,0.0
352.50036435264605,scheduling,,"[4.0,3.0,1.0,13.0,-288.1753845214844,2.0,22.33693504333496,-17.728927612304688,0.0,0.3333333432674408,0.3333333432674408,1.0]",,,,,,,,,,,,,,,,,,-288.1753719740356,2.0,1,0,True,"{""mid"":3,""t0"":352.50036435264605,""t1"":383.9526807799717,""jid"":9,""oid"":3}",459.03490195328436,False,,False,0.0,,,,,,0.0
370.3039924628447,maintenance,1,"[0.4698643982410431,-0.08772815763950348,0.0,0.0,0.0,13.531820297241211,13.0,-288.1753845214844,1.5,1.0,0.7860631346702576,0.0,20.0,0.4698643982410431,0.009999999776482582,370.3039855957031]",0,DN,0.0,0.4698643890713545,-0.08772815958651614,0.0,0.0,0,0.0,0.7860631255464444,0.0,0.0,0.0,0.7860631255464444,0.0,0.0,370.3039924628447,-288.1753719740356,1.5,,,,,,,0.0,False,0.0,370.3039924628447,390.3039924628447,False,0.7860631255464444,0.0,0.0
370.3039924628447,scheduling,,"[4.0,3.0,1.0,13.0,-288.1753845214844,1.5,13.531820297241211,-30.133445739746094,0.0,0.3333333432674408,0.3333333432674408,1.0]",,,,,,,,,,,,,,,,,,-288.1753719740356,1.5,1,0,True,"{""mid"":1,""t0"":370.3039924628447,""t1"":377.42688307317843,""jid"":10,""oid"":2}",420.9368555028085,False,,False,0.0,,,,,,0.0
377.42688307317843,maintenance,1,"[0.45939087867736816,-0.010473516769707203,0.0,0.006621807813644409,0.0,-0.2657531499862671,13.0,-288.1753845214844,1.0,1.0,0.8031486868858337,0.0,20.0,0.45939087867736816,0.009999999776482582,377.4268798828125]",0,DN,0.0,0.4593908726090079,-0.010473516462346621,0.0,0.00662180759044273,0,0.0,0.8031487028324182,0.0,0.0,0.0,0.8031487028324182,0.0,0.0,377.42688307317843,-288.1753719740356,1.0,,,,,,,0.0,False,0.0,377.42688307317843,397.42688307317843,False,0.8031487028324182,0.0,0.0
377.79995024725633,maintenance,0,"[0.799096941947937,-0.02360895648598671,8.433110237121582,0.0,0.0,17.012256622314453,13.0,-288.1753845214844,2.0,1.0,0.12015436589717865,0.0,74.20817565917969,0.799096941947937,0.009999999776482582,377.7999572753906]",0,DN,0.0,0.7990969183032021,-0.023608955997576953,8.433109804755276,0.0,0,0.0,0.12015436533511789,0.0,0.0,0.0,0.12015436533511789,0.0,0.0,377.79995024725633,-288.1753719740356,2.0,,,,,,,0.0,False,0.0,377.79995024725633,452.0081224373583,False,0.12015436533511789,0.0,0.0
377.79995024725633,scheduling,,"[5.0,2.0,1.0,13.0,-288.1753845214844,2.0,17.012256622314453,-9.862275123596191,0.0,0.1666666716337204,0.5,1.0]",,,,,,,,,,,,,,,,,,-288.1753719740356,2.0,1,0,True,"{""mid"":5,""t0"":377.79995024725633,""t1"":385.4113854302813,""jid"":7,""oid"":3}",368.83047698332774,True,,False,0.0,,,,,,0.0
383.9526807799717,maintenance,3,"[0.913278341293335,-0.012970547191798687,24.15305519104004,0.4335355758666992,0.0,-22.733638763427734,13.0,-288.1753845214844,1.0,1.0,0.04177505150437355,0.0,101.53377532958984,0.913278341293335,0.009999999776482582,383.9526672363281]",0,DN,0.0,0.9132783268339343,-0.012970546963790963,24.15305443236073,0.43353556147512207,0,0.0,0.041775050912969694,0.0,0.0,0.0,0.041775050912969694,0.0,0.0,383.9526807799717,-288.1753719740356,1.0,,,,,,,0.0,False,0.0,383.9526807799717,485.4864595752541,False,0.041775050912969694,0.0,0.0
385.4113854302813,maintenance,5,"[0.7784994840621948,-0.03952248394489288,4.516403675079346,0.0,0.0,150.0,13.0,-288.1753845214844,2.0,1.0,0.143687441945076,0.0,67.5414810180664,0.7784994840621948,0.009999999776482582,385.411376953125]",0,DN,0.0,0.7784995047669611,-0.03952248486494081,4.516403899626831,0.0,0,0.0,0.14368744209922552,0.0,0.0,0.0,0.14368744209922552,0.0,0.0,385.4113854302813,-288.1753719740356,2.0,,,,,,,0.0,False,0.0,385.4113854302813,452.95286858631425,False,0.14368744209922552,0.0,0.0
538.7852421520649,scheduling,,"[6.0,1.0,1.0,14.0,-249.44224548339844,2.0,57.694976806640625,57.694976806640625,0.0,0.0,0.0,1.0]",,,,,,,,,,,,,,,,,,-249.4422521393584,2.0,1,3,True,"{""mid"":3,""t0"":538.7852421520649,""t1"":565.1881305825503,""jid"":11,""oid"":0}",711.8701730243097,False,,False,0.0,,,,,,0.0
565.1881305825503,maintenance,3,"[0.8787470459938049,-0.034531306475400925,8.072298049926758,0.0,0.0,67.89269256591797,14.0,-249.44224548339844,2.0,1.0,0.05800503119826317,0.0,95.15161895751953,0.8787470459938049,0.009999999776482582,565.1881103515625]",0,DN,0.0,0.8787470193099509,-0.03453130752398337,8.072298424157557,0.0,0,0.0,0.058005030592073355,0.0,0.0,0.0,0.058005030592073355,0.0,0.0,565.1881305825503,-249.4422521393584,2.0,,,,,,,0.0,False,0.0,565.1881305825503,660.339750684145,False,0.058005030592073355,0.0,0.0
565.1881305825503,scheduling,,"[6.0,1.0,1.0,14.0,-249.44224548339844,2.0,67.89269256591797,67.89269256591797,0.0,0.0,0.0,1.0]",,,,,,,,,,,,,,,,,,-249.4422521393584,2.0,1,3,True,"{""mid"":4,""t0"":565.1881305825503,""t1"":573.3616873801011,""jid"":11,""oid"":1}",711.8701730243097,False,,False,0.0,,,,,,0.0
573.3616873801011,maintenance,4,"[0.869026243686676,-0.004009932745248079,67.0899658203125,0.0,0.0,67.89269256591797,14.0,-249.44224548339844,2.0,1.0,0.06355038285255432,0.0,93.06425476074219,0.869026243686676,0.009999999776482582,573.3616943359375]",0,DN,0.0,0.8690262650756769,-0.004009932752264356,67.08996925790373,0.0,0,0.0,0.06355038574109338,0.0,0.0,0.0,0.06355038574109338,0.0,0.0,573.3616873801011,-249.4422521393584,2.0,,,,,,,0.0,False,0.0,573.3616873801011,666.4259452890201,False,0.06355038574109338,0.0,0.0
573.3616873801011,scheduling,,"[6.0,1.0,1.0,14.0,-249.44224548339844,2.0,67.89269256591797,67.89269256591797,0.0,0.0,0.0,1.0]",,,,,,,,,,,,,,,,,,-249.4422521393584,2.0,1,3,True,"{""mid"":4,""t0"":573.3616873801011,""t1"":595.2245550578571,""jid"":11,""oid"":2}",711.8701730243097,False,,False,0.0,,,,,,0.0
595.2245550578571,maintenance,4,"[0.8308245539665222,-0.038201704621315,6.042257785797119,0.0,0.0,79.92874145507812,14.0,-249.44224548339844,2.0,1.0,0.09044236689805984,0.0,83.57315063476562,0.8308245539665222,0.009999999776482582,595.2245483398438]",0,DN,0.0,0.8308245587758157,-0.03820170629986119,6.042257823877738,0.0,0,0.0,0.09044236345134272,0.0,0.0,0.0,0.09044236345134272,0.0,0.0,595.2245550578571,-249.4422521393584,2.0,,,,,,,0.0,False,0.0,595.2245550578571,678.7977044495846,False,0.09044236345134272,0.0,0.0
595.2245550578571,scheduling,,"[6.0,1.0,1.0,14.0,-249.44224548339844,2.0,79.92874145507812,79.92874145507812,0.0,0.0,0.0,1.0]",,,,,,,,,,,,,,,,,,-249.4422521393584,2.0,1,3,True,"{""mid"":0,""t0"":595.2245550578571,""t1"":631.9414314032113,""jid"":11,""oid"":3}",711.8701730243097,False,,False,0.0,,,,,,0.0
631.9414314032113,maintenance,0,"[0.769432783126831,-0.029664143919944763,5.711702823638916,0.0,0.0,150.0,14.0,-249.44224548339844,2.0,1.0,0.1552075445652008,0.0,64.49976348876953,0.769432783126831,0.009999999776482582,631.94140625]",0,DN,0.0,0.769432775311205,-0.029664142991997045,5.7117030266782205,0.0,0,0.0,0.15520754597472264,0.0,0.0,0.0,0.15520754597472264,0.0,0.0,631.9414314032113,-249.4422521393584,2.0,,,,,,,0.0,False,0.0,631.9414314032113,696.4411950163966,False,0.15520754597472264,0.0,0.0
701.5496956769191,scheduling,,"[6.0,1.0,1.0,15.0,-219.99891662597656,2.0,22.723060607910156,22.723060607910156,0.0,0.0,0.0,1.0]",,,,,,,,,,,,,,,,,,-219.9989160204861,2.0,1,0,True,"{""mid"":5,""t0"":701.5496956769191,""t1"":730.0652681530153,""jid"":12,""oid"":0}",769.718879958146,False,,False,0.0,,,,,,0.0
730.0652681530153,maintenance,5,"[0.7127137780189514,-0.06578574329614639,1.7133463621139526,0.0,0.0,22.723060607910156,15.0,-219.99891662597656,2.0,1.0,0.2446897327899933,0.0,45.09326171875,0.7127137780189514,0.009999999776482582,730.0652465820312]",0,DN,0.0,0.7127137634002698,-0.06578574136669124,1.7133464039266613,0.0,0,0.0,0.2446897271651724,0.0,0.0,0.0,0.2446897271651724,0.0,0.0,730.0652681530153,-219.9989160204861,2.0,,,,,,,0.0,False,0.0,730.0652681530153,775.1585301577317,False,0.2446897271651724,0.0,0.0
730.0652681530153,scheduling,,"[6.0,1.0,1.0,15.0,-219.99891662597656,2.0,22.723060607910156,22.723060607910156,0.0,0.0,0.0,1.0]",,,,,,,,,,,,,,,,,,-219.9989160204861,2.0,1,0,True,"{""mid"":5,""t0"":730.0652681530153,""t1"":746.9958185310703,""jid"":12,""oid"":1}",769.718879958146,False,,False,0.0,,,,,,0.0
746.9958185310703,maintenance,5,"[0.6644028425216675,-0.04831089451909065,1.3330919742584229,0.0,0.0,150.0,15.0,-219.99891662597656,2.0,1.0,0.3443364202976227,0.0,30.269664764404297,0.6644028425216675,0.009999999776482582,746.9957885742188]",0,DN,0.0,0.6644028671663237,-0.04831089623394613,1.333091956200771,0.0,0,0.0,0.3443364213041811,0.0,0.0,0.0,0.3443364213041811,0.0,0.0,746.9958185310703,-219.9989160204861,2.0,,,,,,,0.0,False,0.0,746.9958185310703,777.2654835811979,False,0.3443364213041811,0.0,0.0
775.8916859196198,scheduling,,"[6.0,1.0,1.0,16.0,-200.37619018554688,2.0,48.265708923339844,48.265708923339844,0.0,0.0,0.0,1.0]",,,,,,,,,,,,,,,,,,-200.37618893627362,2.0,1,0,True,"{""mid"":0,""t0"":775.8916859196198,""t1"":837.5540866664398,""jid"":13,""oid"":0}",920.6888133778451,False,,False,0.0,,,,,,0.0
837.5540866664398,maintenance,0,"[0.725216805934906,-0.044215984642505646,2.831934690475464,0.0,0.0,21.130273818969727,16.0,-200.37619018554688,2.0,1.0,0.22232508659362793,0.0,49.31317901611328,0.725216805934906,0.009999999776482582,837.5540771484375]",2,CM,43.25836145832144,0.7252167888152815,-0.04421598649592351,2.831934753436427,0.0,0,0.0,0.2223250926162124,0.0,0.0,0.0,0.2223250926162124,0.0,0.0,837.5540866664398,-200.37618893627362,2.0,,,,,,,0.0,False,0.0,837.5540866664398,886.8672658872463,False,0.2223250926162124,2.0,0.0
837.5540866664398,scheduling,,"[5.0,1.0,1.0,16.0,-200.37619018554688,2.0,21.130273818969727,21.130273818969727,0.0,0.0,0.0,1.0]",,,,,,,,,,,,,,,,,,-200.37618893627362,2.0,1,0,True,"{""mid"":1,""t0"":837.5540866664398,""t1"":867.1972182952346,""jid"":13,""oid"":1}",920.6888133778451,False,,False,0.0,,,,,,0.0
867.1972182952346,maintenance,1,"[0.35489368438720703,-0.10449720174074173,0.0,0.0,0.0,7.1918463706970215,16.0,-200.37619018554688,1.5,1.0,0.920639157295227,0.0,20.0,0.35489368438720703,0.009999999776482582,867.1972045898438]",2,CM,16.47463482808053,0.3548936725609477,-0.10449720004806018,0.0,0.0,0,0.0,0.9206391712541778,0.0,0.0,0.0,0.9206391712541778,0.0,0.0,867.1972182952346,-200.37618893627362,1.5,,,,,,,0.0,False,0.0,867.1972182952346,887.1972182952346,False,0.9206391712541778,2.0,0.0
867.1972182952346,scheduling,,"[4.0,1.0,1.0,16.0,-200.37619018554688,1.5,7.1918463706970215,7.1918463706970215,0.0,0.0,0.0,1.0]",,,,,,,,,,,,,,,,,,-200.37618893627362,1.5,1,0,True,"{""mid"":2,""t0"":867.1972182952346,""t1"":872.1858015759371,""jid"":13,""oid"":2}",920.6888133778451,False,,False,0.0,,,,,,0.0
872.1858015759371,maintenance,2,"[0.8174634575843811,-0.012745479121804237,17.062007904052734,0.0,0.0,30.087400436401367,16.0,-200.37619018554688,2.0,1.0,0.10205153375864029,0.0,79.78101348876953,0.8174634575843811,0.009999999776482582,872.185791015625]",2,CM,13.159067376266613,0.8174634732864269,-0.012745479041209928,17.062008621512206,0.0,0,0.0,0.10205153631597476,0.0,0.0,0.0,0.10205153631597476,0.0,0.0,872.1858015759371,-200.37618893627362,2.0,,,,,,,0.0,False,0.0,872.1858015759371,951.9668188604647,False,0.10205153631597476,2.0,0.0
872.1858015759371,scheduling,,"[3.0,1.0,1.0,16.0,-200.37619018554688,2.0,30.087400436401367,30.087400436401367,0.0,0.0,0.0,1.0]",,,,,,,,,,,,,,,,,,-200.37618893627362,2.0,1,0,True,"{""mid"":3,""t0"":872.1858015759371,""t1"":906.232820305249,""jid"":13,""oid"":3}",920.6888133778451,False,,False,0.0,,,,,,0.0
906.232820305249,maintenance,3,"[0.8599404692649841,-0.018806535750627518,13.821816444396973,0.0,0.0,150.0,16.0,-200.37619018554688,2.0,1.0,0.06917673349380493,0.0,90.99320220947266,0.8599404692649841,0.009999999776482582,906.2328491210938]",2,CM,27.73455674261805,0.8599404832432762,-0.018806536066674706,13.82181611338264,0.0,0,0.0,0.06917673413955996,0.0,0.0,0.0,0.06917673413955996,0.0,0.0,906.232820305249,-200.37618893627362,2.0,,,,,,,0.0,False,0.0,906.232820305249,997.2260228324717,False,0.06917673413955996,2.0,0.0
910.95228616435,scheduling,,"[5.0,1.0,1.0,17.0,-179.41139221191406,2.0,68.59822845458984,68.59822845458984,0.0,0.0,0.0,1.0]",,,,,,,,,,,,,,,,,,-179.41138961246088,2.0,1,3,True,"{""mid"":5,""t0"":910.95228616435,""t1"":936.9312181955506,""jid"":14,""oid"":0}",1116.7469653413173,False,,False,0.0,,,,,,0.0
925.1291498471913,scheduling,,"[4.0,2.0,1.0,18.0,-168.0238494873047,2.0,42.06962203979492,32.188228607177734,0.0,0.1666666716337204,0.0,1.0]",,,,,,,,,,,,,,,,,,-168.0238453009725,2.0,1,0,True,"{""mid"":0,""t0"":925.1291498471913,""t1"":960.0698082409923,""jid"":15,""oid"":0}",1014.2827893914215,False,,False,0.0,,,,,,0.0
936.9312181955506,maintenance,5,"[0.5996224284172058,-0.06478042155504227,0.0,0.0,0.0,43.25701904296875,18.0,-168.0238494873047,2.0,1.0,0.5009438991546631,0.0,20.0,0.5996224284172058,0.009999999776482582,936.9312133789062]",2,CM,19.98148653383854,0.599622442897043,-0.06478042426928066,0.0,0.0,0,0.0,0.500943891636133,0.0,0.0,0.0,0.500943891636133,0.0,0.0,936.9312181955506,-168.0238453009725,2.0,,,,,,,0.0,False,0.0,936.9312181955506,956.9312181955506,False,0.500943891636133,2.0,0.0
936.9312181955506,scheduling,,"[4.0,2.0,1.0,18.0,-168.0238494873047,2.0,43.25701904296875,22.984052658081055,0.0,0.1666666716337204,0.0,1.0]",,,,,,,,,,,,,,,,,,-168.0238453009725,2.0,1,0,True,"{""mid"":1,""t0"":936.9312181955506,""t1"":969.3131715504175,""jid"":14,""oid"":1}",1116.7469653413173,False,,False,0.0,,,,,,0.0
960.0698082409923,maintenance,0,"[0.9744814038276672,-0.02551860176026821,14.674839973449707,0.0,0.0,37.5887565612793,18.0,-168.0238494873047,2.0,1.0,0.02309408038854599,0.0,109.41143798828125,0.9744814038276672,0.009999999776482582,79.25736236572266]",0,DN,0.0,0.974481398827285,-0.025518601172714983,14.674840375956355,0.0,0,0.0,0.02309408127979113,0.0,0.0,0.0,0.02309408127979113,0.0,0.0,79.25736011623098,-168.0238453009725,2.0,,,,,,,0.0,False,0.0,960.0698082409923,1069.4812441663123,False,0.02309408127979113,0.0,0.0
960.0698082409923,scheduling,,"[5.0,2.0,1.0,18.0,-168.0238494873047,2.0,37.5887565612793,31.292055130004883,0.0,0.1666666716337204,0.0,1.0]",,,,,,,,,,,,,,,,,,-168.0238453009725,2.0,1,0,True,"{""mid"":4,""t0"":960.0698082409923,""t1"":984.5649095433448,""jid"":15,""oid"":1}",1014.2827893914215,False,,False,0.0,,,,,,0.0
969.3131715504175,maintenance,1,"[0.9167165160179138,-0.08328349143266678,3.802872657775879,0.0,0.0,47.83485794067383,18.0,-168.0238494873047,2.0,1.0,0.040420226752758026,0.0,102.08551025390625,0.9167165160179138,0.009999999776482582,85.64131927490234]",0,DN,0.0,0.9167165087001885,-0.0832834912998115,3.802872619257082,0.0,0,0.0,0.040420228441913536,0.0,0.0,0.0,0.040420228441913536,0.0,0.0,85.6413184271023,-168.0238453009725,2.0,,,,,,,0.0,False,0.0,969.3131715504175,1071.3986849806852,False,0.040420228441913536,0.0,0.0
984.5649095433448,maintenance,4,"[0.7722627520561218,-0.058561813086271286,2.941554069519043,0.0,0.0,59.94346237182617,18.0,-168.0238494873047,2.0,1.0,0.15153303742408752,0.0,65.45478057861328,0.7722627520561218,0.009999999776482582,984.5648803710938]",2,CM,16.224092322310806,0.7722627455613849,-0.05856181321443088,2.9415541648381827,0.0,0,0.0,0.15153304025931066,0.0,0.0,0.0,0.15153304025931066,0.0,0.0,984.5649095433448,-168.0238453009725,2.0,,,,,,,0.0,False,0.0,984.5649095433448,1050.019693418671,False,0.15153304025931066,2.0,0.0
1000.7890018656556,scheduling,,"[6.0,1.0,1.0,18.0,-168.0238494873047,2.0,43.7193717956543,43.7193717956543,0.0,0.0,0.0,1.0]",,,,,,,,,,,,,,,,,,-168.0238453009725,2.0,1,0,True,"{""mid"":4,""t0"":1000.7890018656556,""t1"":1031.3926156501395,""jid"":14,""oid"":2}",1116.7469653413173,False,,False,0.0,,,,,,0.0
1017.0834890353709,scheduling,,"[5.0,2.0,1.0,19.0,-153.5806121826172,2.0,32.63990783691406,28.4678897857666,0.0,0.1666666716337204,0.0,1.0]",,,,,,,,,,,,,,,,,,-153.58061282935296,2.0,1,0,True,"{""mid"":3,""t0"":1017.0834890353709,""t1"":1048.8020384259214,""jid"":16,""oid"":0}",1130.6482870963605,False,,False,0.0,,,,,,0.0
1031.3926156501395,maintenance,4,"[0.9490679502487183,-0.050932034850120544,6.853603363037109,0.0,0.0,33.63258743286133,19.0,-153.5806121826172,2.0,1.0,0.029578588902950287,0.0,106.6100082397461,0.9490679502487183,0.009999999776482582,30.603612899780273]",0,DN,0.0,0.9490679655178371,-0.05093203448216288,6.853603416138534,0.0,0,0.0,0.029578589324634433,0.0,0.0,0.0,0.029578589324634433,0.0,0.0,30.60361378448397,-153.58061282935296,2.0,,,,,,,0.0,False,0.0,1031.3926156501395,1138.0026230617868,False,0.029578589324634433,0.0,0.0
1031.3926156501395,scheduling,,"[5.0,2.0,1.0,19.0,-153.5806121826172,2.0,33.63258743286133,25.563161849975586,0.0,0.1666666716337204,0.0,1.0]",,,,,,,,,,,,,,,,,,-153.58061282935296,2.0,1,0,True,"{""mid"":0,""t0"":1031.3926156501395,""t1"":1063.9005224874354,""jid"":14,""oid"":3}",1116.7469653413173,False,,False,0.0,,,,,,0.0
1048.8020384259214,maintenance,3,"[0.9684814214706421,-0.03151857107877731,11.69093132019043,0.0,0.0,32.08243942260742,19.0,-153.5806121826172,2.0,1.0,0.02448716200888157,0.0,108.80345153808594,0.9684814214706421,0.009999999776482582,114.83466339111328]",0,DN,0.0,0.9684814306712053,-0.03151856932879471,11.690931362629088,0.0,0,0.0,0.024487162799763484,0.0,0.0,0.0,0.024487162799763484,0.0,0.0,114.83466137805442,-153.58061282935296,2.0,,,,,,,0.0,False,0.0,1048.8020384259214,1157.6054936599185,False,0.024487162799763484,0.0,0.0
1048.8020384259214,scheduling,,"[5.0,2.0,1.0,19.0,-153.5806121826172,2.0,32.08243942260742,27.464447021484375,0.0,0.1666666716337204,0.0,1.0]",,,,,,,,,,,,,,,,,,-153.58061282935296,2.0,1,0,True,"{""mid"":2,""t0"":1048.8020384259214,""t1"":1056.7300180558477,""jid"":16,""oid"":1}",1130.6482870963605,False,,False,0.0,,,,,,0.0
1056.7300180558477,maintenance,2,"[0.9865174889564514,-0.013482482172548771,28.668127059936523,0.0,0.0,34.356536865234375,19.0,-153.5806121826172,2.0,1.0,0.02052897773683071,0.0,110.5398178100586,0.9865174889564514,0.009999999776482582,171.38514709472656]",0,DN,0.0,0.9865175179161612,-0.013482482083838843,28.6681276869243,0.0,0,0.0,0.020528978489021632,0.0,0.0,0.0,0.020528978489021632,0.0,0.0,171.38514910364393,-153.58061282935296,2.0,,,,,,,0.0,False,0.0,1056.7300180558477,1167.2698392487923,False,0.020528978489021632,0.0,0.0
1056.7300180558477,scheduling,,"[5.0,2.0,1.0,19.0,-153.5806121826172,2.0,34.356536865234375,21.57688331604004,0.0,0.1666666716337204,0.0,1.0]",,,,,,,,,,,,,,,,,,-153.58061282935296,2.0,1,0,True,"{""mid"":1,""t0"":1056.7300180558477,""t1"":1067.4905644629416,""jid"":16,""oid"":2}",1130.6482870963605,False,,False,0.0,,,,,,0.0
1063.9005224874354,maintenance,0,"[0.9629690647125244,-0.011512315832078457,31.528762817382812,0.0,0.0,43.16059875488281,19.0,-153.5806121826172,2.0,1.0,0.02583901956677437,0.0,108.2166976928711,0.9629690647125244,0.009999999776482582,183.08807373046875]",0,DN,0.0,0.9629690828284581,-0.01151231599882696,31.52876301045268,0.0,0,0.0,0.02583901965792026,0.0,0.0,0.0,0.02583901965792026,0.0,0.0,183.0880743626741,-153.58061282935296,2.0,,,,,,,0.0,False,0.0,1063.9005224874354,1172.117218790753,False,0.02583901965792026,0.0,0.0
1067.4905644629416,maintenance,1,"[0.8641233444213867,-0.05259314179420471,5.022011756896973,0.0,0.0,150.0,19.0,-153.5806121826172,2.0,1.0,0.06653137505054474,0.0,91.96115112304688,0.8641233444213867,0.009999999776482582,183.81871032714844]",2,CM,17.154183501800507,0.8641233667358804,-0.05259314196430809,5.022011556471101,0.0,0,0.0,0.06653137773759733,0.0,0.0,0.0,0.06653137773759733,0.0,0.0,183.81871133962647,-153.58061282935296,2.0,,,,,,,0.0,False,0.0,1067.4905644629416,1159.4517169070596,False,0.06653137773759733,2.0,0.0
1133.656095640356,scheduling,,"[6.0,1.0,1.0,20.0,-139.3620147705078,2.0,55.1318359375,55.1318359375,0.0,0.0,0.0,1.0]",,,,,,,,,,,,,,,,,,-139.36202233280883,2.0,1,0,True,"{""mid"":0,""t0"":1133.656095640356,""t1"":1174.1357844636098,""jid"":17,""oid"":0}",1299.051600776526,False,,False,0.0,,,,,,0.0
1140.727704002072,scheduling,,"[5.0,2.0,1.0,21.0,-132.04034423828125,2.0,70.31954956054688,52.51209259033203,0.0,0.1666666716337204,0.0,1.0]",,,,,,,,,,,,,,,,,,-132.0403407980826,2.0,1,3,True,"{""mid"":5,""t0"":1140.727704002072,""t1"":1155.3964736571768,""jid"":18,""oid"":0}",1325.8854401476456,False,,False,0.0,,,,,,0.0
1155.3964736571768,maintenance,5,"[0.9664257168769836,-0.03357430547475815,10.913872718811035,0.0,0.0,67.66349792480469,21.0,-132.04034423828125,2.0,1.0,0.024983057752251625,0.0,108.58785247802734,0.9664257168769836,0.009999999776482582,198.4837646484375]",0,DN,0.0,0.9664256949949696,-0.03357430500503045,10.913872824472998,0.0,0,0.0,0.024983057565635045,0.0,0.0,0.0,0.024983057565635045,0.0,0.0,198.48376892778765,-132.0403407980826,2.0,,,,,,,0.0,False,0.0,1155.3964736571768,1263.98432254215,False,0.024983057565635045,0.0,0.0
1155.3964736571768,scheduling,,"[5.0,2.0,1.0,21.0,-132.04034423828125,2.0,67.66349792480469,40.24586486816406,0.0,0.1666666716337204,0.0,1.0]",,,,,,,,,,,,,,,,,,-132.0403407980826,2.0,1,0,True,"{""mid"":2,""t0"":1155.3964736571768,""t1"":1177.231609408597,""jid"":18,""oid"":1}",1325.8854401476456,False,,False,0.0,,,,,,0.0
1174.1357844636098,maintenance,0,"[0.9237397909164429,-0.039229296147823334,8.252500534057617,0.0,0.0,60.726932525634766,21.0,-132.04034423828125,2.0,1.0,0.037782374769449234,0.0,103.16836547851562,0.9237397909164429,0.009999999776482582,293.3233337402344]",0,DN,0.0,0.9237397879077551,-0.03922929492070293,8.252500804874375,0.0,0,0.0,0.03778237657674635,0.0,0.0,0.0,0.03778237657674635,0.0,0.0,293.32333633884843,-132.0403407980826,2.0,,,,,,,0.0,False,0.0,1174.1357844636098,1277.3041464839503,False,0.03778237657674635,0.0,0.0
1174.1357844636098,scheduling,,"[5.0,2.0,1.0,21.0,-132.04034423828125,2.0,60.726932525634766,42.75149154663086,0.0,0.1666666716337204,0.0,1.0]",,,,,,,,,,,,,,,,,,-132.0403407980826,2.0,1,0,True,"{""mid"":1,""t0"":1174.1357844636098,""t1"":1202.974078850613,""jid"":17,""oid"":1}",1299.051600776526,False,,False,0.0,,,,,,0.0
1174.4262187423897,scheduling,,"[4.0,3.0,1.0,22.0,-124.14801788330078,2.0,74.05762481689453,46.954917907714844,0.0,0.3333333432674408,0.0,1.0]",,,,,,,,,,,,,,,,,,-124.14801434387309,2.0,1,3,True,"{""mid"":3,""t0"":1174.4262187423897,""t1"":1235.7468405503814,""jid"":19,""oid"":0}",1377.025991807769,False,,False,0.0,,,,,,0.0
1177.231609408597,maintenance,2,"[0.9572943449020386,-0.02922319620847702,12.226394653320312,0.0,0.0,82.18594360351562,22.0,-124.14801788330078,2.0,1.0,0.02730652689933777,0.0,107.58332061767578,0.9572943449020386,0.009999999776482582,291.8867492675781]",2,CM,13.503565439147934,0.957294321961549,-0.029223195954612202,12.226394488695833,0.0,0,0.0,0.027306527589262213,0.0,0.0,0.0,0.027306527589262213,0.0,0.0,291.8867404563932,-124.14801434387309,2.0,,,,,,,0.0,False,0.0,1177.231609408597,1284.8149310547612,False,0.027306527589262213,2.0,0.0
1177.231609408597,scheduling,,"[3.0,3.0,1.0,22.0,-124.14801788330078,2.0,82.18594360351562,47.828346252441406,0.0,0.3333333432674408,0.0,1.0]",,,,,,,,,,,,,,,,,,-124.14801434387309,2.0,1,3,True,"{""mid"":5,""t0"":1177.231609408597,""t1"":1192.43690158311,""jid"":18,""oid"":2}",1325.8854401476456,False,,False,0.0,,,,,,0.0
1192.43690158311,maintenance,5,"[0.9390802979469299,-0.027345383539795876,12.399910926818848,0.0,0.0,51.622859954833984,22.0,-124.14801788330078,2.0,1.0,0.03258413076400757,0.0,105.33599853515625,0.9390802979469299,0.009999999776482582,235.52420043945312]",0,DN,0.0,0.9390803123735316,-0.02734538262143793,12.399911058757803,0.0,0,0.0,0.03258412941018517,0.0,0.0,0.0,0.03258412941018517,0.0,0.0,235.52419685372092,-124.14801434387309,2.0,,,,,,,0.0,False,0.0,1192.43690158311,1297.7728999069259,False,0.03258412941018517,0.0,0.0
1202.974078850613,maintenance,1,"[0.9092802405357361,-0.09071975201368332,3.4091830253601074,0.0,0.0,63.75080108642578,22.0,-124.14801788330078,2.0,1.0,0.04340512678027153,0.0,100.8739013671875,0.9092802405357361,0.009999999776482582,118.32933044433594]",0,DN,0.0,0.9092802449038212,-0.0907197550961788,3.409182978679011,0.0,0,0.0,0.04340512512395107,0.0,0.0,0.0,0.04340512512395107,0.0,0.0,118.32933088587083,-124.14801434387309,2.0,,,,,,,0.0,False,0.0,1202.974078850613,1303.8479809024352,False,0.04340512512395107,0.0,0.0
1202.974078850613,scheduling,,"[5.0,2.0,1.0,22.0,-124.14801788330078,2.0,63.75080108642578,56.54982376098633,0.0,0.1666666716337204,0.0,1.0]",,,,,,,,,,,,,,,,,,-124.14801434387309,2.0,1,3,True,"{""mid"":1,""t0"":1202.974078850613,""t1"":1215.6424537036917,""jid"":17,""oid"":2}",1299.051600776526,False,,False,0.0,,,,,,0.0
1211.5558768360559,scheduling,,"[4.0,3.0,1.0,23.0,-116.81720733642578,2.0,79.89713287353516,49.76826858520508,0.0,0.3333333432674408,0.0,1.0]",,,,,,,,,,,,,,,,,,-116.81721105125767,2.0,1,3,True,"{""mid"":0,""t0"":1211.5558768360559,""t1"":1233.8554635210392,""jid"":20,""oid"":0}",1470.2626786482176,False,,False,0.0,,,,,,0.0
1215.6424537036917,maintenance,1,"[0.8980109691619873,-0.011269264854490757,26.444580078125,0.0,0.0,82.10718536376953,23.0,-116.81720733642578,2.0,1.0,0.048332579433918,0.0,98.90515899658203,0.8980109691619873,0.009999999776482582,130.99771118164062]",0,DN,0.0,0.8980109796020608,-0.011269265301760423,26.444579271330774,0.0,0,0.0,0.04833257823238388,0.0,0.0,0.0,0.04833257823238388,0.0,0.0,130.99770573894943,-116.81721105125767,2.0,,,,,,,0.0,False,0.0,1215.6424537036917,1314.5476155504302,False,0.04833257823238388,0.0,0.0
1215.6424537036917,scheduling,,"[4.0,3.0,1.0,23.0,-116.81720733642578,2.0,82.10718536376953,60.261138916015625,0.0,0.3333333432674408,0.0,1.0]",,,,,,,,,,,,,,,,,,-116.81721105125767,2.0,1,3,True,"{""mid"":1,""t0"":1215.6424537036917,""t1"":1238.0805125579386,""jid"":17,""oid"":3}",1299.051600776526,False,,False,0.0,,,,,,0.0
1233.8554635210392,maintenance,0,"[0.9004892110824585,-0.023250561207532883,12.923954963684082,0.0,0.0,77.19332122802734,24.0,-110.7998275756836,2.0,1.0,0.04720534756779671,0.0,99.35212707519531,0.9004892110824585,0.009999999776482582,353.04302978515625]",0,DN,0.0,0.90048922584432,-0.02325056206343512,12.923955344584245,0.0,0,0.0,0.047205345993760695,0.0,0.0,0.0,0.047205345993760695,0.0,0.0,353.04301539627784,-110.79982618172248,2.0,,,,,,,0.0,False,0.0,1233.8554635210392,1333.2075886213086,False,0.047205345993760695,0.0,0.0
1233.8554635210392,scheduling,,"[4.0,4.0,2.0,24.0,-110.7998275756836,2.0,77.19332122802734,42.136871337890625,0.0,0.3333333432674408,0.0,1.0]",,,,,,,,,,,,,,,,,,-110.79982618172248,2.0,1,3,True,"{""mid"":0,""t0"":1233.8554635210392,""t1"":1255.3651488944056,""jid"":20,""oid"":1}",1470.2626786482176,False,,False,0.0,,,,,,0.0
1235.7468405503814,maintenance,3,"[0.9174661040306091,-0.05101531744003296,6.222956657409668,0.0,0.0,84.04833984375,24.0,-110.7998275756836,2.0,1.0,0.040130484849214554,0.0,102.20389556884766,0.9174661040306091,0.009999999776482582,301.7794494628906]",2,CM,32.4308139567813,0.9174661128599267,-0.05101531781127855,6.2229566820367985,0.0,0,0.0,0.04013048325974986,0.0,0.0,0.0,0.04013048325974986,0.0,0.0,301.77946350251443,-110.79982618172248,2.0,,,,,,,0.0,False,0.0,1235.7468405503814,1337.95073771237,False,0.04013048325974986,2.0,0.0
1235.7468405503814,scheduling,,"[3.0,4.0,2.0,24.0,-110.7998275756836,2.0,84.04833984375,51.09614562988281,0.0,0.3333333432674408,0.0,1.0]",,,,,,,,,,,,,,,,,,-110.79982618172248,2.0,1,3,True,"{""mid"":5,""t0"":1235.7468405503814,""t1"":1248.5307827510574,""jid"":19,""oid"":1}",1377.025991807769,False,,False,0.0,,,,,,0.0
1238.0805125579386,maintenance,1,"[0.8387347459793091,-0.059276219457387924,4.027496337890625,0.0,0.0,96.10855102539062,24.0,-110.7998275756836,2.0,1.0,0.08414260298013687,0.0,85.70587158203125,0.8387347459793091,0.009999999776482582,153.43576049804688]",2,CM,17.84763781229648,0.8387347612247908,-0.05927621837726993,4.027496486117545,0.0,0,0.0,0.08414260654161418,0.0,0.0,0.0,0.08414260654161418,0.0,0.0,153.43576459319638,-110.79982618172248,2.0,,,,,,,0.0,False,0.0,1238.0805125579386,1323.7863824386693,False,0.08414260654161418,2.0,0.0
1248.5307827510574,maintenance,5,"[0.9011511206626892,-0.03792918100953102,7.939826965332031,0.0,0.0,107.16925048828125,25.0,-105.7449722290039,2.0,1.0,0.046908531337976456,0.0,99.47015380859375,0.9011511206626892,0.009999999776482582,291.6180725097656]",2,CM,18.252840976716364,0.9011511322337267,-0.03792918013980495,7.939827096807775,0.0,0,0.0,0.04690853100932869,0.0,0.0,0.0,0.04690853100932869,0.0,0.0,291.6180780216682,-105.74497212672217,2.0,,,,,,,0.0,False,0.0,1248.5307827510574,1348.0009346995967,False,0.04690853100932869,2.0,0.0
1248.5307827510574,scheduling,,"[2.0,4.0,3.0,25.0,-105.7449722290039,2.0,107.16925048828125,83.63592529296875,0.0,0.1666666716337204,0.0,1.0]",,,,,,,,,,,,,,,,,,-105.74497212672217,2.0,1,3,True,"{""mid"":2,""t0"":1248.5307827510574,""t1"":1278.5304818828722,""jid"":19,""oid"":2}",1377.025991807769,False,,False,0.0,,,,,,0.0
1255.3651488944056,maintenance,0,"[0.8931896090507507,-0.007299625314772129,40.16501998901367,0.0,0.0,105.7123031616211,25.0,-105.7449722290039,2.0,1.0,0.05059916526079178,0.0,98.01250457763672,0.8931896090507507,0.009999999776482582,374.5527038574219]",0,DN,0.0,0.893189600663807,-0.00729962518051297,40.16502127349005,0.0,0,0.0,0.05059916523061685,0.0,0.0,0.0,0.05059916523061685,0.0,0.0,374.5527007696443,-105.74497212672217,2.0,,,,,,,0.0,False,0.0,1255.3651488944056,1353.3776548048083,False,0.05059916523061685,0.0,0.0
1255.3651488944056,scheduling,,"[2.0,4.0,3.0,25.0,-105.7449722290039,2.0,105.7123031616211,76.80155944824219,0.0,0.1666666716337204,0.0,1.0]",,,,,,,,,,,,,,,,,,-105.74497212672217,2.0,1,3,True,"{""mid"":0,""t0"":1255.3651488944056,""t1"":1306.0456858860914,""jid"":20,""oid"":2}",1470.2626786482176,False,,False,0.0,,,,,,0.0
1255.928150370235,scheduling,,"[2.0,4.0,2.0,25.0,-105.7449722290039,2.0,105.14929962158203,76.23855590820312,0.0,0.3333333432674408,0.0,1.0]",,,,,,,,,,,,,,,,,,-105.74497212672217,2.0,1,3,True,"{""mid"":1,""t0"":1255.928150370235,""t1"":1266.2231395038964,""jid"":22,""oid"":0}",1537.473633169805,False,,False,0.0,,,,,,0.0
1266.2231395038964,maintenance,1,"[0.9719440937042236,-0.02805592119693756,13.257240295410156,0.0,0.0,101.8662338256836,25.0,-105.7449722290039,2.0,1.0,0.02367349900305271,0.0,109.15814971923828,0.9719440937042236,0.009999999776482582,10.294989585876465]",2,CM,17.45012998710516,0.9719440795104066,-0.028055920489593378,13.257240290810268,0.0,0,0.0,0.023673499652446726,0.0,0.0,0.0,0.023673499652446726,0.0,0.0,10.294989133661375,-105.74497212672217,2.0,,,,,,,0.0,False,0.0,1266.2231395038964,1375.3812890755148,False,0.023673499652446726,2.0,0.0
1266.7836237277738,scheduling,,"[2.0,4.0,2.0,25.0,-105.7449722290039,2.0,101.30574798583984,65.3830795288086,0.0,0.3333333432674408,0.0,1.0]",,,,,,,,,,,,,,,,,,-105.74497212672217,2.0,1,3,True,"{""mid"":5,""t0"":1266.7836237277738,""t1"":1301.119181695894,""jid"":22,""oid"":1}",1537.473633169805,False,,False,0.0,,,,,,0.0
1268.1776545071627,scheduling,,"[2.0,4.0,1.0,25.0,-105.7449722290039,2.0,99.9117202758789,63.989051818847656,0.0,0.5,0.0,1.0]",,,,,,,,,,,,,,,,,,-105.74497212672217,2.0,1,3,True,"{""mid"":3,""t0"":1268.1776545071627,""t1"":1325.042707508559,""jid"":21,""oid"":0}",1424.1547384984542,False,,False,0.0,,,,,,0.0
1278.5304818828722,maintenance,2,"[0.9489927291870117,-0.05100725591182709,6.842021465301514,0.0,0.0,89.98731994628906,26.0,-100.32782745361328,2.0,1.0,0.02960018813610077,0.0,106.60079956054688,0.9489927291870117,0.009999999776482582,87.79530334472656]",2,CM,15.00321395666311,0.9489927439373262,-0.051007256062673756,6.842021525496511,0.0,0,0.0,0.0296001883406904,0.0,0.0,0.0,0.0296001883406904,0.0,0.0,87.79530703512728,-100.32782526731984,2.0,,,,,,,0.0,False,0.0,1278.5304818828722,1385.1312790073443,False,0.0296001883406904,2.0,0.0
1282.6044547892584,scheduling,,"[1.0,6.0,3.0,28.0,-92.55296325683594,2.0,95.0957260131836,52.76581954956055,0.0,0.5,0.0,1.0]",,,,,,,,,,,,,,,,,,-92.55296537683208,2.0,1,3,True,"{""mid"":4,""t0"":1282.6044547892584,""t1"":1296.9385766421274,""jid"":25,""oid"":0}",1513.0035010406366,False,,False,0.0,,,,,,0.0
1283.6732694910015,scheduling,,"[1.0,6.0,2.0,28.0,-92.55296325683594,2.0,94.02691650390625,51.69700241088867,0.0,0.6666666865348816,0.0,1.0]",,,,,,,,,,,,,,,,,,-92.55296537683208,2.0,1,3,True,"{""mid"":1,""t0"":1283.6732694910015,""t1"":1297.1295279635822,""jid"":23,""oid"":0}",1410.8489471521968,False,,False,0.0,,,,,,0.0
1293.5336958395353,scheduling,,"[1.0,7.0,2.0,29.0,-89.15963745117188,2.0,80.42193603515625,43.181304931640625,0.0,0.8333333134651184,0.0,1.0]",,,,,,,,,,,,,,,,,,-89.15963645313302,2.0,1,3,True,"{""mid"":2,""t0"":1293.5336958395353,""t1"":1303.4739895421276,""jid"":26,""oid"":0}",1417.911986497778,False,,False,0.0,,,,,,0.0
1296.9385766421274,maintenance,4,"[0.9180631041526794,-0.031004874035716057,10.2584867477417,0.0,0.0,80.58784484863281,29.0,-89.15963745117188,2.0,1.0,0.03990115597844124,0.0,102.29769134521484,0.9180631041526794,0.009999999776482582,296.1495666503906]",0,DN,0.0,0.9180630915919332,-0.031004873925903897,10.258486854423182,0.0,0,0.0,0.03990115714295341,0.0,0.0,0.0,0.03990115714295341,0.0,0.0,296.1495747764718,-89.15963645313302,2.0,,,,,,,0.0,False,0.0,1296.9385766421274,1399.2362689083036,False,0.03990115714295341,0.0,0.0
1297.1295279635822,maintenance,1,"[0.9546895027160645,-0.045310474932193756,7.8279805183410645,0.0,0.0,82.44173431396484,29.0,-89.15963745117188,2.0,1.0,0.028006969019770622,0.0,107.28231811523438,0.9546895027160645,0.009999999776482582,13.456258773803711]",2,CM,17.250436411378935,0.9546895238583036,-0.045310476141696365,7.827980503870832,0.0,0,0.0,0.028006969654293466,0.0,0.0,0.0,0.028006969654293466,0.0,0.0,13.456258472580657,-89.15963645313302,2.0,,,,,,,0.0,False,0.0,1297.1295279635822,1404.4118479392057,False,0.028006969654293466,2.0,0.0
1297.1295279635822,scheduling,,"[1.0,7.0,3.0,29.0,-89.15963745117188,2.0,82.44173431396484,45.222129821777344,0.0,0.6666666865348816,0.0,1.0]",,,,,,,,,,,,,,,,,,-89.15963645313302,2.0,1,3,True,"{""mid"":4,""t0"":1297.1295279635822,""t1"":1330.2406192602139,""jid"":23,""oid"":1}",1410.8489471521968,False,,False,0.0,,,,,,0.0
1301.119181695894,maintenance,5,"[0.9073159098625183,-0.0926840677857399,3.3157362937927246,0.0,0.0,84.97698974609375,29.0,-89.15963745117188,2.0,1.0,0.04422808438539505,0.0,100.54238891601562,0.9073159098625183,0.009999999776482582,34.3355598449707]",2,CM,19.714906157753077,0.90731593251038,-0.09268406748961999,3.315736359378028,0.0,0,0.0,0.044228084252145125,0.0,0.0,0.0,0.044228084252145125,0.0,0.0,34.335557968120156,-89.15963645313302,2.0,,,,,,,0.0,False,0.0,1301.119181695894,1401.661569298802,False,0.044228084252145125,2.0,0.0
1303.4739895421276,maintenance,2,"[0.9846474528312683,-0.015352518297731876,25.054357528686523,0.0,0.0,79.52202606201172,30.0,-85.45738220214844,2.0,1.0,0.020908387377858162,0.0,110.3721923828125,0.9846474528312683,0.009999999776482582,9.940293312072754]",0,DN,0.0,0.9846474815530541,-0.015352518446945851,25.054357230202445,0.0,0,0.0,0.020908387622776078,0.0,0.0,0.0,0.020908387622776078,0.0,0.0,9.940293702592271,-85.45738070294657,2.0,,,,,,,0.0,False,0.0,1303.4739895421276,1413.8461786982816,False,0.020908387622776078,0.0,0.0
1303.4739895421276,scheduling,,"[1.0,8.0,5.0,30.0,-85.45738220214844,2.0,79.52202606201172,30.345195770263672,0.0,0.5,0.0,1.0]",,,,,,,,,,,,,,,,,,-85.45738070294657,2.0,1,3,True,"{""mid"":2,""t0"":1303.4739895421276,""t1"":1326.2587121504332,""jid"":26,""oid"":1}",1417.911986497778,False,,False,0.0,,,,,,0.0
1306.0456858860914,maintenance,0,"[0.8631724715232849,-0.030017103999853134,8.767417907714844,0.0,0.0,81.0376205444336,30.0,-85.45738220214844,2.0,1.0,0.06712435185909271,0.0,91.7432861328125,0.8631724715232849,0.009999999776482582,425.2332458496094]",0,DN,0.0,0.8631724973303961,-0.0300171033334109,8.767418175139799,0.0,0,0.0,0.06712435435590408,0.0,0.0,0.0,0.06712435435590408,0.0,0.0,425.2332377613301,-85.45738070294657,2.0,,,,,,,0.0,False,0.0,1306.0456858860914,1397.7889735570157,False,0.06712435435590408,0.0,0.0
1306.0456858860914,scheduling,,"[1.0,8.0,5.0,30.0,-85.45738220214844,2.0,81.0376205444336,27.77349853515625,0.0,0.5,0.0,1.0]",,,,,,,,,,,,,,,,,,-85.45738070294657,2.0,1,3,True,"{""mid"":0,""t0"":1306.0456858860914,""t1"":1358.8915194771314,""jid"":20,""oid"":3}",1470.2626786482176,False,,False,0.0,,,,,,0.0
1320.8340878536471,scheduling,,"[2.0,9.0,5.0,31.0,-82.16439056396484,2.0,62.89802551269531,13.724034309387207,0.0,0.6666666865348816,0.0,1.0]",,,,,,,,,,,,,,,,,,-82.16439030227181,2.0,1,3,True,"{""mid"":5,""t0"":1320.8340878536471,""t1"":1354.2373297068511,""jid"":22,""oid"":2}",1537.473633169805,False,,False,0.0,,,,,,0.0
1325.042707508559,maintenance,3,"[0.9523099064826965,-0.04769006744027138,7.387490749359131,0.0,0.0,65.00774383544922,31.0,-82.16439056396484,2.0,1.0,0.02866208180785179,0.0,107.00155639648438,0.9523099064826965,0.009999999776482582,56.86505126953125]",2,CM,35.14572940618296,0.9523099334186508,-0.04769006658134922,7.387490911082796,0.0,0,0.0,0.02866208253730355,0.0,0.0,0.0,0.02866208253730355,0.0,0.0,56.86505300139629,-82.16439030227181,2.0,,,,,,,0.0,False,0.0,1325.042707508559,1432.044267384218,False,0.02866208253730355,2.0,0.0
1325.042707508559,scheduling,,"[1.0,9.0,5.0,31.0,-82.16439056396484,2.0,65.00774383544922,27.290742874145508,0.0,0.6666666865348816,0.0,1.0]",,,,,,,,,,,,,,,,,,-82.16439030227181,2.0,1,3,True,"{""mid"":1,""t0"":1325.042707508559,""t1"":1341.4830493321303,""jid"":21,""oid"":1}",1424.1547384984542,False,,False,0.0,,,,,,0.0
1326.2587121504332,maintenance,2,"[0.9232361316680908,-0.06141135096549988,5.263458728790283,0.0,0.0,65.62626647949219,31.0,-82.16439056396484,2.0,1.0,0.03796590864658356,0.0,103.0926513671875,0.9232361316680908,0.009999999776482582,32.72501754760742]",2,CM,15.212336141091704,0.9232361292137369,-0.06141135233931727,5.263458902968858,0.0,0,0.0,0.03796590790595686,0.0,0.0,0.0,0.03796590790595686,0.0,0.0,32.7250163108979,-82.16439030227181,2.0,,,,,,,0.0,False,0.0,1326.2587121504332,1429.351363458293,False,0.03796590790595686,2.0,0.0
1330.2406192602139,maintenance,4,"[0.847132682800293,-0.07093039155006409,3.4841580390930176,0.0,0.0,60.293701171875,32.0,-79.18470001220703,2.0,1.0,0.07789286971092224,0.0,87.87543487548828,0.847132682800293,0.009999999776482582,329.4516296386719]",0,DN,0.0,0.8471326976982397,-0.07093039389369349,3.4841579770250317,0.0,0,0.0,0.07789287084715131,0.0,0.0,0.0,0.07789287084715131,0.0,0.0,329.4516173945583,-79.1847034653492,2.0,,,,,,,0.0,False,0.0,1330.2406192602139,1418.1160506627248,False,0.07789287084715131,0.0,0.0
1330.2406192602139,scheduling,,"[1.0,10.0,7.0,32.0,-79.18470001220703,2.0,60.293701171875,24.562423706054688,0.0,0.5,0.0,1.0]",,,,,,,,,,,,,,,,,,-79.1847034653492,2.0,1,3,True,"{""mid"":4,""t0"":1330.2406192602139,""t1"":1362.6534074084564,""jid"":29,""oid"":0}",1417.0473862909964,False,,False,0.0,,,,,,0.0
1341.471048291525,scheduling,,"[1.0,11.0,7.0,33.0,-76.4081802368164,2.0,46.28826141357422,15.417222023010254,0.0,0.6666666865348816,0.09090909361839294,1.0]",,,,,,,,,,,,,,,,,,-76.40817907450722,2.0,1,3,True,"{""mid"":2,""t0"":1341.471048291525,""t1"":1362.7888180773712,""jid"":26,""oid"":2}",1417.911986497778,False,,False,0.0,,,,,,0.0
1341.4830493321303,maintenance,1,"[0.9600525498390198,-0.03994743153452873,9.01315975189209,0.0,0.0,48.099544525146484,33.0,-76.4081802368164,2.0,1.0,0.026583386585116386,0.0,107.89496612548828,0.9600525498390198,0.009999999776482582,27.103084564208984]",2,CM,17.211860478626196,0.9600525682290633,-0.03994743177093674,9.013159351360732,0.0,0,0.0,0.02658338726242119,0.0,0.0,0.0,0.02658338726242119,0.0,0.0,27.10308495716913,-76.40817907450722,2.0,,,,,,,0.0,False,0.0,1341.4830493321303,1449.3780128361059,False,0.02658338726242119,2.0,0.0
1354.2373297068511,maintenance,5,"[0.9038190245628357,-0.09618095308542252,3.158827543258667,0.0,0.0,38.38192367553711,33.0,-76.4081802368164,2.0,1.0,0.045730073004961014,0.0,99.94014739990234,0.9038190245628357,0.009999999776482582,33.40324020385742]",0,DN,0.0,0.9038190474019958,-0.09618095259800419,3.158827597308495,0.0,0,0.0,0.045730071505838944,0.0,0.0,0.0,0.045730071505838944,0.0,0.0,33.40324185320401,-76.40817907450722,2.0,,,,,,,0.0,False,0.0,1354.2373297068511,1454.1774747041688,False,0.045730071505838944,0.0,0.0
1354.2373297068511,scheduling,,"[1.0,11.0,8.0,33.0,-76.4081802368164,2.0,38.38192367553711,2.6509406566619873,0.0,0.5,0.09090909361839294,1.0]",,,,,,,,,,,,,,,,,,-76.40817907450722,2.0,1,3,True,"{""mid"":5,""t0"":1354.2373297068511,""t1"":1369.449165898858,""jid"":21,""oid"":2}",1424.1547384984542,False,,False,0.0,,,,,,0.0
1358.6949098107566,scheduling,,"[1.0,11.0,7.0,33.0,-76.4081802368164,2.0,33.92434310913086,-1.806639313697815,0.0,0.6666666865348816,0.27272728085517883,1.0]",,,,,,,,,,,,,,,,,,-76.40817907450722,2.0,1,3,True,"{""mid"":1,""t0"":1358.6949098107566,""t1"":1383.2505394878037,""jid"":30,""oid"":0}",1407.0819728306028,False,,False,0.0,,,,,,0.0
1358.8915194771314,maintenance,0,"[0.8517299294471741,-0.011442575603723526,21.999412536621094,0.0,0.0,31.24797248840332,33.0,-76.4081802368164,2.0,1.0,0.07465430349111557,0.0,89.02120208740234,0.8517299294471741,0.009999999776482582,478.0790710449219]",0,DN,0.0,0.8517299221530258,-0.011442575177370351,21.999411692821102,0.0,0,0.0,0.07465430355233629,0.0,0.0,0.0,0.07465430355233629,0.0,0.0,478.0790713523701,-76.40817907450722,2.0,,,,,,,0.0,False,0.0,1358.8915194771314,1447.9127181381655,False,0.07465430355233629,0.0,0.0
1358.8915194771314,scheduling,,"[1.0,10.0,6.0,33.0,-76.4081802368164,2.0,31.24797248840332,-4.088476657867432,0.0,0.6666666865348816,0.30000001192092896,1.0]",,,,,,,,,,,,,,,,,,-76.40817907450722,2.0,1,3,True,"{""mid"":0,""t0"":1358.8915194771314,""t1"":1401.7128125124211,""jid"":22,""oid"":3}",1537.473633169805,False,,False,0.0,,,,,,0.0
1360.188436914742,scheduling,,"[1.0,10.0,5.0,33.0,-76.4081802368164,2.0,29.9510555267334,-5.385394096374512,0.0,0.8333333134651184,0.4000000059604645,1.0]",,,,,,,,,,,,,,,,,,-76.40817907450722,2.0,1,3,True,"{""mid"":3,""t0"":1360.188436914742,""t1"":1368.6352725644313,""jid"":23,""oid"":2}",1410.8489471521968,False,,False,0.0,,,,,,0.0
1362.6534074084564,maintenance,4,"[0.7885627746582031,-0.05856991559267044,3.2194478511810303,0.0,0.0,30.743751525878906,34.0,-73.34479522705078,2.0,1.0,0.13174378871917725,0.0,70.84657287597656,0.7885627746582031,0.009999999776482582,361.8644104003906]",0,DN,0.0,0.7885627822591198,-0.058569915439119935,3.2194477462601085,0.0,0,0.0,0.13174378653858698,0.0,0.0,0.0,0.13174378653858698,0.0,0.0,361.8644055428008,-73.34479445724752,2.0,,,,,,,0.0,False,0.0,1362.6534074084564,1433.4999805116236,False,0.13174378653858698,0.0,0.0
1362.6534074084564,scheduling,,"[1.0,11.0,6.0,34.0,-73.34479522705078,2.0,30.743751525878906,-5.730807304382324,0.0,0.8333333134651184,0.27272728085517883,1.0]",,,,,,,,,,,,,,,,,,-73.34479445724752,2.0,1,3,True,"{""mid"":4,""t0"":1362.6534074084564,""t1"":1389.6936412170026,""jid"":31,""oid"":0}",1495.2911682796257,False,,False,0.0,,,,,,0.0
1362.7888180773712,maintenance,2,"[0.9627648591995239,-0.03723512217402458,9.742545127868652,0.0,0.048885151743888855,30.62225341796875,34.0,-73.34479522705078,2.0,1.0,0.025890471413731575,1.9554060697555542,108.19442749023438,0.9627648591995239,0.009999999776482582,21.31777000427246]",0,DN,0.0,0.9627648767172459,-0.037235123282754135,9.7425453371673,0.0,0,0.0,0.02589047092357245,0.0,0.0,0.0,0.02589047092357245,0.0,0.0,21.317769785846167,-73.34479445724752,2.0,,,,,,,0.04888515080254478,False,0.0,1364.744224109473,1470.983245128372,False,0.02589047092357245,0.0,0.0
1362.7888180773712,scheduling,,"[1.0,10.0,5.0,34.0,-73.34479522705078,2.0,30.62225341796875,-7.954878807067871,0.0,0.8333333134651184,0.30000001192092896,1.0]",,,,,,,,,,,,,,,,,,-73.34479445724752,2.0,1,3,True,"{""mid"":2,""t0"":1362.7888180773712,""t1"":1388.8372712710438,""jid"":29,""oid"":1}",1417.0473862909964,False,,False,0.0,,,,,,0.0
1368.6352725644313,maintenance,3,"[0.9735350608825684,-0.026464927941560745,14.114343643188477,0.0,0.2716606557369232,25.6204833984375,34.0,-73.34479522705078,2.0,1.0,0.023308545351028442,10.866425514221191,109.31761932373047,0.9735350608825684,0.009999999776482582,8.4468355178833]",0,DN,0.0,0.973535072696269,-0.026464927303730956,14.114343425519596,0.0,0,0.0,0.023308545798314807,0.0,0.0,0.0,0.023308545798314807,0.0,0.0,8.44683564968932,-73.34479445724752,2.0,,,,,,,0.2716606447733606,False,0.0,1379.5016983553658,1477.9528892535927,False,0.023308545798314807,0.0,0.0
1368.6352725644313,scheduling,,"[1.0,10.0,5.0,34.0,-73.34479522705078,2.0,25.6204833984375,-13.8013334274292,0.0,0.8333333134651184,0.30000001192092896,1.0]",,,,,,,,,,,,,,,,,,-73.34479445724752,2.0,1,0,True,"{""mid"":3,""t0"":1368.6352725644313,""t1"":1412.8792948067119,""jid"":27,""oid"":0}",1401.5670264183364,True,,False,0.0,,,,,,0.0
1369.449165898858,maintenance,5,"[0.8778391480445862,-0.025979885831475258,10.694395065307617,0.0,0.0,23.549694061279297,34.0,-73.34479522705078,2.0,1.0,0.058503083884716034,0.0,94.96224975585938,0.8778391480445862,0.009999999776482582,48.61507797241211]",0,DN,0.0,0.877839162163704,-0.025979885238291867,10.694395283709552,0.0,0,0.0,0.05850308290025292,0.0,0.0,0.0,0.05850308290025292,0.0,0.0,48.615078045210794,-73.34479445724752,2.0,,,,,,,0.0,False,0.0,1369.449165898858,1464.411412762568,False,0.05850308290025292,0.0,0.0
1369.449165898858,scheduling,,"[1.0,9.0,4.0,34.0,-73.34479522705078,2.0,23.549694061279297,-16.703886032104492,0.0,0.8333333134651184,0.3333333432674408,1.0]",,,,,,,,,,,,,,,,,,-73.34479445724752,2.0,1,0,True,"{""mid"":5,""t0"":1369.449165898858,""t1"":1374.604595233275,""jid"":24,""oid"":0}",1509.599072454322,False,,False,0.0,,,,,,0.0
1374.604595233275,maintenance,5,"[0.8586990833282471,-0.01914006844162941,13.516100883483887,0.0,0.0,20.160205841064453,34.0,-73.34479522705078,2.0,1.0,0.06998036801815033,0.0,90.701171875,0.8586990833282471,0.009999999776482582,53.7705078125]",0,DN,0.0,0.8586990937156485,-0.01914006844805549,13.516100760963091,0.0,0,0.0,0.06998036883790525,0.0,0.0,0.0,0.06998036883790525,0.0,0.0,53.770507379627816,-73.34479445724752,2.0,,,,,,,0.0,False,0.0,1374.604595233275,1465.3057662058904,False,0.06998036883790525,0.0,0.0
1374.604595233275,scheduling,,"[1.0,9.0,4.0,34.0,-73.34479522705078,2.0,20.160205841064453,-21.859315872192383,0.0,0.8333333134651184,0.3333333432674408,1.0]",,,,,,,,,,,,,,,,,,-73.34479445724752,2.0,1,0,True,"{""mid"":5,""t0"":1374.604595233275,""t1"":1380.1108350891634,""jid"":24,""oid"":1}",1509.599072454322,False,,False,0.0,,,,,,0.0
1380.1108350891634,maintenance,5,"[0.8437104225158691,-0.014988656155765057,16.259658813476562,0.0,0.0,16.41424560546875,34.0,-73.34479522705078,1.5,1.0,0.08038671314716339,0.0,87.0031967163086,0.8437104225158691,0.009999999776482582,59.27674865722656]",0,DN,0.0,0.843710437768681,-0.01498865594696741,16.259659213672855,0.0,0,0.0,0.08038671022319771,0.0,0.0,0.0,0.08038671022319771,0.0,0.0,59.27674723551627,-73.34479445724752,1.5,,,,,,,0.0,False,0.0,1380.1108350891634,1467.1140352894363,False,0.08038671022319771,0.0,0.0
1383.2505394878037,maintenance,1,"[0.9321781396865845,-0.06782186776399612,4.897802829742432,0.0,0.0,16.294034957885742,34.0,-73.34479522705078,1.5,1.0,0.03483147174119949,0.0,104.3933334350586,0.9321781396865845,0.009999999776482582,24.55562973022461]",0,DN,0.0,0.9321781340318352,-0.06782186596816475,4.897802932578677,0.0,0,0.0,0.03483147335430896,0.0,0.0,0.0,0.03483147335430896,0.0,0.0,24.555629677047136,-73.34479445724752,1.5,,,,,,,0.0,False,0.0,1383.2505394878037,1487.6438762573086,False,0.03483147335430896,0.0,0.0
1383.2505394878037,scheduling,,"[2.0,9.0,5.0,34.0,-73.34479522705078,1.5,16.294034957885742,-30.505260467529297,0.0,0.6666666865348816,0.3333333432674408,1.0]",,,,,,,,,,,,,,,,,,-73.34479445724752,1.5,1,0,True,"{""mid"":5,""t0"":1383.2505394878037,""t1"":1396.3549657043968,""jid"":30,""oid"":1}",1407.0819728306028,False,,False,0.0,,,,,,0.0
1383.2505394878037,scheduling,,"[1.0,9.0,4.0,34.0,-73.34479522705078,1.5,16.294034957885742,-30.505260467529297,0.0,0.8333333134651184,0.3333333432674408,1.0]",,,,,,,,,,,,,,,,,,-73.34479445724752,1.5,1,0,True,"{""mid"":1,""t0"":1383.2505394878037,""t1"":1398.2042596461065,""jid"":23,""oid"":3}",1410.8489471521968,False,,False,0.0,,,,,,0.0
1388.8372712710438,maintenance,2,"[0.9065317511558533,-0.05623311921954155,5.451089382171631,0.0,0.2659555971622467,12.326560020446777,34.0,-73.34479522705078,1.5,1.0,0.044560756534338,10.638223648071289,100.40868377685547,0.9065317511558533,0.009999999776482582,47.3662223815918]",0,DN,0.0,0.9065317586273027,-0.056233118089943135,5.451089483194132,0.0,0,0.0,0.04456075721188111,0.0,0.0,0.0,0.04456075721188111,0.0,0.0,47.36622297951885,-73.34479445724752,1.5,,,,,,,0.2659555940831505,False,0.0,1399.47549503437,1489.2459569170817,False,0.04456075721188111,0.0,0.0
1388.8372712710438,scheduling,,"[1.0,9.0,4.0,34.0,-73.34479522705078,1.5,12.326560020446777,-36.09199142456055,0.0,0.8333333134651184,0.4444444477558136,1.0]",,,,,,,,,,,,,,,,,,-73.34479445724752,1.5,1,0,True,"{""mid"":2,""t0"":1388.8372712710438,""t1"":1413.2333051622643,""jid"":29,""oid"":2}",1417.0473862909964,False,,False,0.0,,,,,,0.0
1389.6936412170026,maintenance,4,"[0.7332015037536621,-0.05536125972867012,2.4060420989990234,0.0,0.0,14.11429214477539,34.0,-73.34479522705078,1.5,1.0,0.2088262140750885,0.0,52.049068450927734,0.7332015037536621,0.009999999776482582,388.9046325683594]",0,DN,0.0,0.7332015227198271,-0.05536125953929272,2.406042128165223,0.0,0,0.0,0.20882621837903761,0.0,0.0,0.0,0.20882621837903761,0.0,0.0,388.904639351347,-73.34479445724752,1.5,,,,,,,0.0,False,0.0,1389.6936412170026,1441.7427081877313,False,0.20882621837903761,0.0,0.0
1389.6936412170026,scheduling,,"[1.0,9.0,4.0,34.0,-73.34479522705078,1.5,14.11429214477539,-36.948360443115234,0.0,0.8333333134651184,0.4444444477558136,1.0]",,,,,,,,,,,,,,,,,,-73.34479445724752,1.5,1,0,True,"{""mid"":4,""t0"":1389.6936412170026,""t1"":1407.767111030254,""jid"":31,""oid"":1}",1495.2911682796257,False,,False,0.0,,,,,,0.0
1396.3549657043968,maintenance,5,"[0.7949199676513672,-0.04879046231508255,3.9950428009033203,0.0,0.0,9.530881881713867,34.0,-73.34479522705078,1.5,1.0,0.12464064359664917,0.0,72.88837432861328,0.7949199676513672,0.009999999776482582,75.52088165283203]",0,DN,0.0,0.794919976896654,-0.0487904608720271,3.9950427483747526,0.0,0,0.0,0.12464064145366506,0.0,0.0,0.0,0.12464064145366506,0.0,0.0,75.52087785074968,-73.34479445724752,1.5,,,,,,,0.0,False,0.0,1396.3549657043968,1469.2433418479607,False,0.12464064145366506,0.0,0.0
1398.2042596461065,maintenance,1,"[0.8858304619789124,-0.04634765535593033,6.167097091674805,0.0,0.0,9.550803184509277,34.0,-73.34479522705078,1.5,1.0,0.05425361543893814,0.0,96.59020233154297,0.8858304619789124,0.009999999776482582,39.50934982299805]",0,DN,0.0,0.8858304795019777,-0.04634765452985756,6.167096963188142,0.0,0,0.0,0.0542536160250569,0.0,0.0,0.0,0.0542536160250569,0.0,0.0,39.509349835349894,-73.34479445724752,1.5,,,,,,,0.0,False,0.0,1398.2042596461065,1494.7944588622804,False,0.0542536160250569,0.0,0.0
1398.2042596461065,scheduling,,"[2.0,8.0,4.0,34.0,-73.34479522705078,1.5,9.550803184509277,-47.54764175415039,0.0,0.6666666865348816,0.375,1.0]",,,,,,,,,,,,,,,,,,-73.34479445724752,1.5,1,0,True,"{""mid"":1,""t0"":1398.2042596461065,""t1"":1411.0763656975066,""jid"":23,""oid"":4}",1410.8489471521968,True,,False,0.0,,,,,,0.0
1399.52780244987,scheduling,,"[1.0,10.0,5.0,36.0,-68.05733489990234,1.5,14.490949630737305,-44.69386291503906,0.0,0.8333333134651184,0.30000001192092896,1.0]",,,,,,,,,,,,,,,,,,-68.0573347861101,1.5,1,0,True,"{""mid"":5,""t0"":1399.52780244987,""t1"":1428.8603263530194,""jid"":33,""oid"":0}",1486.4602246133206,False,,False,0.0,,,,,,0.0
1401.7128125124211,maintenance,0,"[0.8201659321784973,-0.03156399354338646,6.975224018096924,0.0,0.0,3.0091657638549805,36.0,-68.05733489990234,1.0,1.0,0.09960158169269562,0.0,80.56669616699219,0.8201659321784973,0.009999999776482582,520.900390625]",0,DN,0.0,0.8201659285619335,-0.0315639935910923,6.97522409281146,0.0,0,0.0,0.09960158365159069,0.0,0.0,0.0,0.09960158365159069,0.0,0.0,520.9003643876598,-68.0573347861101,1.0,,,,,,,0.0,False,0.0,1401.7128125124211,1482.2795121416857,False,0.09960158365159069,0.0,0.0
1401.7128125124211,scheduling,,"[1.0,9.0,4.0,36.0,-68.05733489990234,1.0,3.0091657638549805,-48.967533111572266,0.0,0.8333333134651184,0.4444444477558136,1.0]",,,,,,,,,,,,,,,,,,-68.0573347861101,1.0,1,0,True,"{""mid"":0,""t0"":1401.7128125124211,""t1"":1454.7080367883325,""jid"":24,""oid"":2}",1509.599072454322,False,,False,0.0,,,,,,0.0
1407.767111030254,maintenance,4,"[0.6889302134513855,-0.044271327555179596,2.008753538131714,0.0,0.0,0.6325147747993469,36.0,-68.05733489990234,1.0,1.0,0.2912538945674896,0.0,37.43013381958008,0.6889302134513855,0.009999999776482582,406.9781188964844]",0,DN,0.0,0.6889301934892985,-0.04427132923052857,2.008753634349297,0.0,0,0.0,0.2912539045702792,0.0,0.0,0.0,0.2912539045702792,0.0,0.0,406.97810916459844,-68.0573347861101,1.0,,,,,,,0.0,False,0.0,1407.767111030254,1445.1972458752382,False,0.2912539045702792,0.0,0.0
1407.767111030254,scheduling,,"[1.0,9.0,4.0,36.0,-68.05733489990234,1.0,0.6325147747993469,-55.02183151245117,0.0,0.8333333134651184,0.4444444477558136,1.0]",,,,,,,,,,,,,,,,,,-68.0573347861101,1.0,1,0,True,"{""mid"":4,""t0"":1407.767111030254,""t1"":1440.294606934981,""jid"":31,""oid"":2}",1495.2911682796257,False,,False,0.0,,,,,,0.0
1411.0763656975066,maintenance,1,"[0.8408007621765137,-0.045029740780591965,5.347593307495117,0.04374188557267189,0.0,-1.7890962362289429,36.0,-68.05733489990234,1.0,1.0,0.08256413042545319,0.0,86.24871826171875,0.8408007621765137,0.009999999776482582,52.38145446777344]",0,DN,0.0,0.8408007378732762,-0.045029741628701436,5.3475931498526,0.04374188420491354,0,0.0,0.08256412830238472,0.0,0.0,0.0,0.08256412830238472,0.0,0.0,52.38145588675002,-68.0573347861101,1.0,,,,,,,0.0,False,0.0,1411.0763656975066,1497.325086935251,False,0.08256412830238472,0.0,0.0
1412.8792948067119,maintenance,3,"[0.9216367602348328,-0.0518982894718647,6.197444438934326,0.0,0.46630579233169556,1.9384773969650269,36.0,-68.05733489990234,1.0,1.0,0.038554396480321884,18.652231216430664,102.85025787353516,0.9216367602348328,0.009999999776482582,52.69085693359375]",0,DN,0.0,0.9216367823584127,-0.05189829033785631,6.197444660788765,0.0,0,0.0,0.03855439742752186,0.0,0.0,0.0,0.03855439742752186,0.0,0.0,52.69085789196993,-68.0573347861101,1.0,,,,,,,0.4663057902137174,False,0.0,1431.5315264152605,1515.7295557347152,False,0.03855439742752186,0.0,0.0
1412.8792948067119,scheduling,,"[2.0,8.0,4.0,36.0,-68.05733489990234,1.0,1.9384773969650269,-39.606502532958984,0.0,0.6666666865348816,0.375,1.0]",,,,,,,,,,,,,,,,,,-68.0573347861101,1.0,1,0,True,"{""mid"":3,""t0"":1412.8792948067119,""t1"":1429.4051638076485,""jid"":28,""oid"":0}",1437.562178152058,False,,False,0.0,,,,,,0.0
1413.2333051622643,maintenance,2,"[0.8525410294532776,-0.05399072915315628,4.677488803863525,0.0,0.0,4.905935764312744,36.0,-68.05733489990234,1.0,1.0,0.07409591227769852,0.0,89.22025299072266,0.8525410294532776,0.009999999776482582,71.76226043701172]",0,DN,0.0,0.8525410294053035,-0.05399072922199921,4.677488766023232,0.0,0,0.0,0.07409591175752062,0.0,0.0,0.0,0.07409591175752062,0.0,0.0,71.7622568707393,-68.0573347861101,1.0,,,,,,,0.0,False,0.0,1413.2333051622643,1502.4535608717763,False,0.07409591175752062,0.0,0.0
1413.2333051622643,scheduling,,"[2.0,7.0,3.0,36.0,-68.05733489990234,1.0,4.905935764312744,-42.2962532043457,0.0,0.6666666865348816,0.2857142984867096,1.0]",,,,,,,,,,,,,,,,,,-68.0573347861101,1.0,1,0,True,"{""mid"":2,""t0"":1413.2333051622643,""t1"":1448.8783039164246,""jid"":25,""oid"":1}",1513.0035010406366,False,,False,0.0,,,,,,0.0
1428.8603263530194,maintenance,5,"[0.704127311706543,-0.0907926931977272,1.1468685865402222,0.15544992685317993,0.40483590960502625,-6.758049964904785,36.0,-68.05733489990234,1.0,1.0,0.260904461145401,16.193435668945312,42.26138687133789,0.704127311706543,0.009999999776482582,108.02623748779297]",0,DN,0.0,0.7041272868394806,-0.09079269005717339,1.14686861655834,0.1554499261818051,0,0.0,0.26090446777944565,0.0,0.0,0.0,0.26090446777944565,0.0,0.0,108.02623849937231,-68.0573347861101,1.0,,,,,,,0.404835907659259,False,0.0,1445.0537626593898,1471.1217150173054,False,0.26090446777944565,0.0,0.0
1428.8603263530194,scheduling,,"[2.0,7.0,3.0,36.0,-68.05733489990234,1.0,-6.758049964904785,-57.923274993896484,0.15544992685317993,0.6666666865348816,0.5714285969734192,1.0]",,,,,,,,,,,,,,,,,,-68.0573347861101,1.0,1,0,True,"{""mid"":5,""t0"":1428.8603263530194,""t1"":1450.1473353374474,""jid"":27,""oid"":1}",1401.5670264183364,True,,False,0.0,,,,,,0.0
1429.4051638076485,maintenance,3,"[0.9169561862945557,-0.004680606536567211,67.71690368652344,0.12087621539831161,0.0,-5.153182506561279,36.0,-68.05733489990234,1.0,1.0,0.04032737389206886,0.0,102.1234359741211,0.9169561862945557,0.009999999776482582,69.21672821044922]",0,DN,0.0,0.9169561759873937,-0.00468060637101908,67.71690479034764,0.12087621187707709,0,0.0,0.04032737237067743,0.0,0.0,0.0,0.04032737237067743,0.0,0.0,69.21672689290654,-68.0573347861101,1.0,,,,,,,0.0,False,0.0,1429.4051638076485,1531.5286013192717,False,0.04032737237067743,0.0,0.0
1429.4051638076485,scheduling,,"[2.0,7.0,3.0,36.0,-68.05733489990234,1.0,-5.153182506561279,-52.44894027709961,0.12087621539831161,0.6666666865348816,0.5714285969734192,1.0]",,,,,,,,,,,,,,,,,,-68.0573347861101,1.0,1,0,True,"{""mid"":3,""t0"":1429.4051638076485,""t1"":1466.9301723756798,""jid"":32,""oid"":0}",1551.3452123289971,False,,False,0.0,,,,,,0.0
1440.294606934981,maintenance,4,"[0.5958003997802734,-0.09312980622053146,0.0,0.4296647906303406,0.5693672895431519,-22.461240768432617,36.0,-68.05733489990234,1.0,1.0,0.510497510433197,22.774690628051758,22.774690628051758,0.5958003997802734,0.009999999776482582,439.505615234375]",0,DN,0.0,0.5958003879479137,-0.09312980554138484,0.0,0.42966479984313954,0,0.0,0.5104974873299879,0.0,0.0,0.0,0.5104974873299879,0.0,0.0,439.5056050693254,-68.0573347861101,1.0,,,,,,,0.5693672687150411,False,0.0,1463.0692976835826,1463.0692976835826,False,0.5104974873299879,0.0,0.0
1440.294606934981,scheduling,,"[2.0,6.0,2.0,36.0,-68.05733489990234,1.0,-22.461240768432617,-64.1693344116211,0.4296647906303406,0.6666666865348816,0.6666666865348816,1.0]",,,,,,,,,,,,,,,,,,-68.0573347861101,1.0,3,0,True,"{""mid"":4,""t0"":1440.294606934981,""t1"":1459.6973726287079,""jid"":28,""oid"":1}",1437.562178152058,True,,False,0.0,,,,,,0.0
1448.8783039164246,maintenance,2,"[0.7679283022880554,-0.08461273461580276,1.9846693277359009,0.4661298394203186,0.0,-25.10410499572754,36.0,-68.05733489990234,1.0,1.0,0.1571904420852661,0.0,63.99020004272461,0.7679283022880554,0.009999999776482582,107.40725708007812]",0,DN,0.0,0.7679282946868321,-0.08461273471847142,1.984669272841414,0.46612984068771846,0,0.0,0.15719044188690992,0.0,0.0,0.0,0.15719044188690992,0.0,0.0,107.40725562489956,-68.0573347861101,1.0,,,,,,,0.0,False,0.0,1448.8783039164246,1512.8685057465163,False,0.15719044188690992,0.0,0.0
1450.1473353374474,maintenance,5,"[0.6163105964660645,-0.08781670778989792,0.18573439121246338,0.35715875029563904,0.0,-17.674299240112305,36.0,-68.05733489990234,1.0,1.0,0.45931369066238403,0.0,20.0,0.6163105964660645,0.009999999776482582,129.31324768066406]",0,DN,0.0,0.6163105825653399,-0.08781670427414068,0.1857343964358142,0.3571587619805856,0,0.0,0.45931370347734596,0.0,0.0,0.0,0.45931370347734596,0.0,0.0,129.3132474838003,-68.0573347861101,1.0,,,,,,,0.0,False,0.0,1450.1473353374474,1470.1473353374474,False,0.45931370347734596,0.0,0.0
1454.7080367883325,maintenance,0,"[0.7745134830474854,-0.045652423053979874,3.8226559162139893,0.32348546385765076,0.0,-15.63205337524414,36.0,-68.05733489990234,1.0,1.0,0.14866186678409576,0.0,66.21084594726562,0.7745134830474854,0.009999999776482582,573.8955688476562]",0,DN,0.0,0.7745135046858327,-0.0456524238761008,3.82265583881059,0.3234854630138124,0,0.0,0.14866186203825085,0.0,0.0,0.0,0.14866186203825085,0.0,0.0,573.8955886635712,-68.0573347861101,1.0,,,,,,,0.0,False,0.0,1454.7080367883325,1520.9188833344306,False,0.14866186203825085,0.0,0.0
1454.7080367883325,scheduling,,"[4.0,5.0,3.0,36.0,-68.05733489990234,1.0,-15.63205337524414,-51.66902160644531,0.32348546385765076,0.3333333432674408,0.4000000059604645,1.0]",,,,,,,,,,,,,,,,,,-68.0573347861101,1.0,3,0,True,"{""mid"":2,""t0"":1454.7080367883325,""t1"":1464.9805498817013,""jid"":24,""oid"":3}",1509.599072454322,False,,False,0.0,,,,,,0.0
1454.7080367883325,scheduling,,"[3.0,5.0,2.0,36.0,-68.05733489990234,1.0,-15.63205337524414,-51.66902160644531,0.32348546385765076,0.5,0.4000000059604645,1.0]",,,,,,,,,,,,,,,,,,-68.0573347861101,1.0,3,0,True,"{""mid"":0,""t0"":1454.7080367883325,""t1"":1488.172503736209,""jid"":25,""oid"":2}",1513.0035010406366,False,,False,0.0,,,,,,0.0
1459.6973726287079,maintenance,4,"[0.506525993347168,-0.08927440643310547,0.0,0.34198063611984253,0.5693672895431519,-16.74083709716797,36.0,-68.05733489990234,1.0,1.0,0.7180359959602356,22.774690628051758,22.774690628051758,0.506525993347168,0.009999999776482582,458.9083557128906]",0,DN,0.0,0.5065259793519002,-0.08927440859601343,0.0,0.34198063014425717,0,0.0,0.7180359802861174,0.0,0.0,0.0,0.7180359802861174,0.0,0.0,458.9083707630523,-68.0573347861101,1.0,,,,,,,0.5693672687150411,False,0.0,1482.4720633773095,1482.4720633773095,False,0.7180359802861174,0.0,0.0
1459.6973726287079,scheduling,,"[3.0,5.0,2.0,36.0,-68.05733489990234,1.0,-16.74083709716797,-45.01669692993164,0.34198063611984253,0.5,1.0,1.0]",,,,,,,,,,,,,,,,,,-68.0573347861101,1.0,3,0,True,"{""mid"":1,""t0"":1459.6973726287079,""t1"":1468.765466566194,""jid"":28,""oid"":2}",1437.562178152058,True,,False,0.0,,,,,,0.0
1459.6973726287079,scheduling,,"[2.0,5.0,1.0,36.0,-68.05733489990234,1.0,-16.74083709716797,-45.01669692993164,0.34198063611984253,0.6666666865348816,1.0,1.0]",,,,,,,,,,,,,,,,,,-68.0573347861101,1.0,3,0,True,"{""mid"":4,""t0"":1459.6973726287079,""t1"":1468.1166258587853,""jid"":33,""oid"":1}",1486.4602246133206,False,,False,0.0,,,,,,0.0
1464.9805498817013,maintenance,2,"[0.7401085495948792,-0.027819762006402016,5.036295413970947,0.3639671206474304,0.0,-18.100200653076172,36.0,-68.05733489990234,1.0,1.0,0.1976439356803894,0.0,54.43002700805664,0.7401085495948792,0.009999999776482582,123.5094985961914]",0,DN,0.0,0.7401085333887617,-0.0278197612980704,5.036295311364866,0.3639671225069574,0,0.0,0.19764394182815323,0.0,0.0,0.0,0.19764394182815323,0.0,0.0,123.50950159017634,-68.0573347861101,1.0,,,,,,,0.0,False,0.0,1464.9805498817013,1519.4105772612677,False,0.19764394182815323,0.0,0.0
1466.9301723756798,maintenance,3,"[0.888759434223175,-0.028196727856993675,10.240884780883789,0.33673685789108276,0.0,-16.42333984375,36.0,-68.05733489990234,1.0,1.0,0.052770230919122696,0.0,97.16502380371094,0.888759434223175,0.009999999776482582,106.74173736572266]",0,DN,0.0,0.8887594480514234,-0.02819672793597028,10.240884995845773,0.33673687033058786,0,0.0,0.05277023033254563,0.0,0.0,0.0,0.05277023033254563,0.0,0.0,106.74173546093789,-68.0573347861101,1.0,,,,,,,0.0,False,0.0,1466.9301723756798,1564.0951973602243,False,0.05277023033254563,0.0,0.0
1466.9301723756798,scheduling,,"[3.0,5.0,2.0,36.0,-68.05733489990234,1.0,-16.42333984375,-49.607582092285156,0.33673685789108276,0.5,0.6000000238418579,1.0]",,,,,,,,,,,,,,,,,,-68.0573347861101,1.0,3,0,True,"{""mid"":2,""t0"":1466.9301723756798,""t1"":1474.8116926281846,""jid"":32,""oid"":1}",1551.3452123289971,False,,False,0.0,,,,,,0.0
1468.1166258587853,maintenance,4,"[0.5284781455993652,0.021952195093035698,100.0,0.3284377455711365,0.02875707671046257,-15.925942420959473,36.0,-68.05733489990234,1.0,1.0,0.6715531945228577,1.1502830982208252,20.0,0.5284781455993652,0.009999999776482582,467.32763671875]",0,DN,0.0,0.5284781740053646,0.02195219465346432,100.0,0.32843774779561097,0,0.0,0.6715531775166801,0.0,0.0,0.0,0.6715531775166801,0.0,0.0,467.3276239931297,-68.0573347861101,1.0,,,,,,,0.0287570776334159,False,0.0,1469.266908964122,1488.1166258587853,False,0.6715531775166801,0.0,0.0
1468.1166258587853,scheduling,,"[3.0,5.0,2.0,36.0,-68.05733489990234,1.0,-15.925942420959473,-49.914859771728516,0.3284377455711365,0.5,0.800000011920929,1.0]",,,,,,,,,,,,,,,,,,-68.0573347861101,1.0,3,0,True,"{""mid"":4,""t0"":1468.1166258587853,""t1"":1490.5387702574499,""jid"":33,""oid"":2}",1486.4602246133206,True,,False,0.0,,,,,,0.0
1468.765466566194,maintenance,1,"[0.8175000548362732,-0.02330070734024048,9.334482192993164,0.27488070726394653,0.49001723527908325,-12.85676383972168,36.0,-68.05733489990234,1.0,1.0,0.10201804339885712,19.600688934326172,79.79170989990234,0.8175000548362732,0.009999999776482582,110.070556640625]",0,DN,0.0,0.8175000305323546,-0.0233007073409216,9.334481882889998,0.27488070067423354,0,0.0,0.10201804121832683,0.0,0.0,0.0,0.10201804121832683,0.0,0.0,110.07055675543734,-68.0573347861101,1.0,,,,,,,0.49001723162078104,False,0.0,1488.3661558310253,1548.5571736586755,False,0.10201804121832683,0.0,0.0
1468.765466566194,scheduling,,"[3.0,5.0,2.0,36.0,-68.05733489990234,1.0,-12.85676383972168,-39.40964126586914,0.27488070726394653,0.5,0.800000011920929,1.0]",,,,,,,,,,,,,,,,,,-68.0573347861101,1.0,3,0,True,"{""mid"":1,""t0"":1468.765466566194,""t1"":1496.3642459465518,""jid"":28,""oid"":3}",1437.562178152058,True,,False,0.0,,,,,,0.0
1474.8116926281846,maintenance,2,"[0.7238267660140991,-0.016281792894005775,7.605227470397949,0.32860463857650757,0.0,-15.935883522033691,36.0,-68.05733489990234,1.0,1.0,0.2247377187013626,0.0,48.83957290649414,0.7238267660140991,0.009999999776482582,133.34063720703125]",0,DN,0.0,0.7238267405946528,-0.016281792794108907,7.605227640500125,0.3286046255797721,0,0.0,0.22473771278482704,0.0,0.0,0.0,0.22473771278482704,0.0,0.0,133.34064433665958,-68.0573347861101,1.0,,,,,,,0.0,False,0.0,1474.8116926281846,1523.651264908885,False,0.22473771278482704,0.0,0.0
1488.172503736209,maintenance,0,"[0.7321913242340088,-0.04232219606637955,3.123450994491577,0.4316938519477844,0.04635678604245186,-22.603801727294922,36.0,-68.05733489990234,1.0,1.0,0.21050018072128296,1.854271411895752,51.701717376708984,0.7321913242340088,0.009999999776482582,607.3600463867188]",0,DN,0.0,0.7321913068059591,-0.04232219787987357,3.1234508940478034,0.4316938601653788,0,0.0,0.21050018488842814,0.0,0.0,0.0,0.21050018488842814,0.0,0.0,607.3600556114476,-68.0573347861101,1.0,,,,,,,0.04635678567061821,False,0.0,1490.0267751630336,1539.8742213273506,False,0.21050018488842814,0.0,0.0
1488.172503736209,scheduling,,"[4.0,5.0,3.0,36.0,-68.05733489990234,1.0,-22.603801727294922,-56.328155517578125,0.4316938519477844,0.3333333432674408,0.800000011920929,1.0]",,,,,,,,,,,,,,,,,,-68.0573347861101,1.0,3,0,True,"{""mid"":0,""t0"":1488.172503736209,""t1"":1520.4188571643508,""jid"":25,""oid"":3}",1513.0035010406366,True,,False,0.0,,,,,,0.0
1490.5387702574499,maintenance,4,"[0.4487192928791046,-0.07975887507200241,0.0,0.46130645275115967,0.0,-24.744335174560547,36.0,-68.05733489990234,1.0,1.0,0.819476842880249,0.0,20.0,0.4487192928791046,0.009999999776482582,489.749755859375]",0,DN,0.0,0.4487192985406798,-0.07975887546468474,0.0,0.4613064387037953,0,0.0,0.8194768337475012,0.0,0.0,0.0,0.8194768337475012,0.0,0.0,489.7497683917943,-68.0573347861101,1.0,,,,,,,0.0,False,0.0,1490.5387702574499,1510.5387702574499,False,0.8194768337475012,0.0,0.0
1496.3642459465518,maintenance,1,"[0.7130447626113892,-0.10445527732372284,1.082231044769287,0.25843068957328796,0.14723774790763855,-11.959466934204102,36.0,-68.05733489990234,1.0,1.0,0.24407853186130524,5.889510154724121,45.20363998413086,0.7130447626113892,0.009999999776482582,137.66934204101562]",0,DN,0.0,0.7130447498867248,-0.10445528064562981,1.0822310675726896,0.2584307021023493,0,0.0,0.24407852602960176,0.0,0.0,0.0,0.24407852602960176,0.0,0.0,137.66933613579522,-68.0573347861101,1.0,,,,,,,0.14723775369271266,False,0.0,1502.2537560942603,1541.5678870357085,False,0.24407852602960176,0.0,0.0
1496.3642459465518,scheduling,,"[5.0,3.0,2.0,36.0,-68.05733489990234,1.0,-11.959466934204102,-16.8857364654541,0.25843068957328796,0.1666666716337204,1.0,1.0]",,,,,,,,,,,,,,,,,,-68.0573347861101,1.0,3,0,True,"{""mid"":1,""t0"":1496.3642459465518,""t1"":1527.2676028974474,""jid"":24,""oid"":4}",1509.599072454322,True,,False,0.0,,,,,,0.0
1520.4188571643508,maintenance,0,"[0.6926082968711853,-0.03958301246166229,2.339596748352051,0.6299635767936707,0.31507641077041626,-39.76615524291992,36.0,-68.05733489990234,1.0,1.0,0.28372007608413696,12.603055953979492,38.57527160644531,0.6926082968711853,0.009999999776482582,639.6063842773438]",0,DN,0.0,0.6926082933540036,-0.03958301345195547,2.3395968441465045,0.6299635879053356,0,0.0,0.28372007765040996,0.0,0.0,0.0,0.28372007765040996,0.0,0.0,639.6064090395895,-68.0573347861101,1.0,,,,,,,0.3150763975718007,False,0.0,1533.0219130672228,1558.9941284992003,False,0.28372007765040996,0.0,0.0
1520.4188571643508,scheduling,,"[5.0,2.0,1.0,36.0,-68.05733489990234,1.0,-39.76615524291992,-41.33174514770508,0.6299635767936707,0.1666666716337204,1.0,1.0]",,,,,,,,,,,,,,,,,,-68.0573347861101,1.0,3,0,True,"{""mid"":0,""t0"":1520.4188571643508,""t1"":1542.8922643418853,""jid"":32,""oid"":2}",1551.3452123289971,False,,False,0.0,,,,,,0.0
1527.2676028974474,maintenance,1,"[0.6026638150215149,-0.11038094013929367,0.024132877588272095,0.6725591421127319,0.0,-44.65791320800781,36.0,-68.05733489990234,1.0,1.0,0.4933408796787262,0.0,20.0,0.6026638150215149,0.009999999776482582,168.57269287109375]",0,DN,0.0,0.6026638097655407,-0.11038094012118416,0.024132878036880107,0.6725591451332106,0,0.0,0.49334086935156146,0.0,0.0,0.0,0.49334086935156146,0.0,0.0,168.57269308669083,-68.0573347861101,1.0,,,,,,,0.0,False,0.0,1527.2676028974474,1547.2676028974474,False,0.49334086935156146,0.0,0.0
1542.8922643418853,maintenance,0,"[0.681289553642273,-0.011318718083202839,7.181870937347412,0.6114094853401184,0.0,-37.809165954589844,36.0,-68.05733489990234,1.0,1.0,0.3072737753391266,0.0,35.10686492919922,0.681289553642273,0.009999999776482582,662.079833984375]",0,DN,0.0,0.6812895750882219,-0.01131871826578179,7.181871054602768,0.6114095014167679,0,0.0,0.3072737722532075,0.0,0.0,0.0,0.3072737722532075,0.0,0.0,662.079816217124,-68.0573347861101,1.0,,,,,,,0.0,False,0.0,1542.8922643418853,1577.9991278805928,False,0.3072737722532075,0.0,0.0
1542.8922643418853,scheduling,,"[6.0,1.0,1.0,36.0,-68.05733489990234,1.0,-37.809165954589844,-37.809165954589844,0.6114094853401184,0.0,1.0,1.0]",,,,,,,,,,,,,,,,,,-68.0573347861101,1.0,3,0,True,"{""mid"":2,""t0"":1542.8922643418853,""t1"":1569.894232709954,""jid"":32,""oid"":3}",1551.3452123289971,True,,False,0.0,,,,,,0.0
1569.894232709954,maintenance,2,"[0.6435651779174805,-0.08026154339313507,0.5427903532981873,0.6114094853401184,0.31507641077041626,-37.809165954589844,36.0,-68.05733489990234,1.0,1.0,0.3927775025367737,12.603055953979492,24.937725067138672,0.6435651779174805,0.009999999776482582,228.42318725585938]",0,DN,0.0,0.6435651942366365,-0.0802615463580163,0.5427903674109232,0.6114095014167701,0,0.0,0.3927775106334009,0.0,0.0,0.0,0.3927775106334009,0.0,0.0,228.42318441842895,-68.0573347861101,1.0,,,,,,,0.3150763975718007,False,0.0,1582.497288612826,1594.8319572880744,False,0.3927775106334009,0.0,0.0
1569.894232709954,scheduling,,"[6.0,1.0,1.0,36.0,-68.05733489990234,1.0,-37.809165954589844,-37.809165954589844,0.6114094853401184,0.0,1.0,1.0]",,,,,,,,,,,,,,,,,,-68.0573347861101,1.0,3,0,True,"{""mid"":1,""t0"":1569.894232709954,""t1"":1599.6777568403415,""jid"":32,""oid"":4}",1551.3452123289971,True,,False,0.0,,,,,,0.0
1599.6777568403415,maintenance,1,"[0.4635154604911804,-0.13914833962917328,0.0,0.0,0.0,150.0,36.0,-68.05733489990234,2.0,1.0,0.7965460419654846,0.0,20.0,0.4635154604911804,0.009999999776482582,240.98284912109375]",0,DN,0.0,0.4635154655707447,-0.139148344194796,0.0,0.0,0,0.0,0.7965460646697217,0.0,0.0,0.0,0.7965460646697217,0.0,0.0,240.98284702958495,-68.0573347861101,2.0,,,,,,,0.0,False,0.0,1599.6777568403415,1619.6777568403415,False,0.7965460646697217,0.0,0.0
1675.3295353656883,scheduling,,"[6.0,1.0,1.0,37.0,-58.50569534301758,2.0,49.200340270996094,49.200340270996094,0.0,0.0,0.0,1.0]",,,,,,,,,,,,,,,,,,-58.5056940166121,2.0,1,0,True,"{""mid"":4,""t0"":1675.3295353656883,""t1"":1693.4868945572355,""jid"":34,""oid"":0}",1822.93055075666,False,,False,0.0,,,,,,0.0
1677.5797527324269,scheduling,,"[5.0,2.0,1.0,38.0,-56.863643646240234,2.0,50.24327850341797,47.6087532043457,0.0,0.1666666716337204,0.0,1.0]",,,,,,,,,,,,,,,,,,-56.86364235760262,2.0,1,0,True,"{""mid"":1,""t0"":1677.5797527324269,""t1"":1685.556909202125,""jid"":35,""oid"":0}",1838.1890668793076,False,,False,0.0,,,,,,0.0
1685.556909202125,maintenance,1,"[0.4231984615325928,-0.04031701385974884,0.0,0.0,0.0,53.966644287109375,38.0,-56.863643646240234,2.0,1.0,0.8542107343673706,0.0,20.0,0.4231984615325928,0.009999999776482582,326.86199951171875]",0,DN,0.0,0.42319845063467587,-0.04031701493606882,0.0,0.0,0,0.0,0.854210704690277,0.0,0.0,0.0,0.854210704690277,0.0,0.0,326.8619993913685,-56.86364235760262,2.0,,,,,,,0.0,False,0.0,1685.556909202125,1705.556909202125,False,0.854210704690277,0.0,0.0
1685.556909202125,scheduling,,"[5.0,2.0,1.0,38.0,-56.863643646240234,2.0,53.966644287109375,41.971702575683594,0.0,0.1666666716337204,0.0,1.0]",,,,,,,,,,,,,,,,,,-56.86364235760262,2.0,1,0,True,"{""mid"":1,""t0"":1685.556909202125,""t1"":1717.7414622043048,""jid"":35,""oid"":1}",1838.1890668793076,False,,False,0.0,,,,,,0.0
1693.4868945572355,maintenance,4,"[0.4213983416557312,-0.027320945635437965,0.0,0.0,0.0,55.11534118652344,38.0,-56.863643646240234,2.0,1.0,0.8564382195472717,0.0,20.0,0.4213983416557312,0.009999999776482582,692.6978759765625]",0,DN,0.0,0.4213983526192742,-0.027320945921405604,0.0,0.0,0,0.0,0.8564381898287144,0.0,0.0,0.0,0.8564381898287144,0.0,0.0,692.6978926915799,-56.86364235760262,2.0,,,,,,,0.0,False,0.0,1693.4868945572355,1713.4868945572355,False,0.8564381898287144,0.0,0.0
1693.4868945572355,scheduling,,"[5.0,2.0,1.0,38.0,-56.863643646240234,2.0,55.11534118652344,50.383338928222656,0.0,0.1666666716337204,0.0,1.0]",,,,,,,,,,,,,,,,,,-56.86364235760262,2.0,1,0,True,"{""mid"":2,""t0"":1693.4868945572355,""t1"":1698.1045158427469,""jid"":34,""oid"":1}",1822.93055075666,False,,False,0.0,,,,,,0.0
1698.1045158427469,maintenance,2,"[0.6451886296272278,0.0016234592767432332,100.0,0.0,0.0,55.11103439331055,38.0,-56.863643646240234,2.0,1.0,0.3889123201370239,0.0,25.326276779174805,0.6451886296272278,0.009999999776482582,356.6334533691406]",0,DN,0.0,0.6451886534908435,0.001623459254207038,100.0,0.0,0,0.0,0.388912319208082,0.0,0.0,0.0,0.388912319208082,0.0,0.0,356.6334675512219,-56.86364235760262,2.0,,,,,,,0.0,False,0.0,1698.1045158427469,1723.4307926554466,False,0.388912319208082,0.0,0.0
1698.1045158427469,scheduling,,"[5.0,2.0,1.0,38.0,-56.863643646240234,2.0,55.11103439331055,54.0696907043457,0.0,0.1666666716337204,0.0,1.0]",,,,,,,,,,,,,,,,,,-56.86364235760262,2.0,1,0,True,"{""mid"":0,""t0"":1698.1045158427469,""t1"":1704.8673684672403,""jid"":34,""oid"":2}",1822.93055075666,False,,False,0.0,,,,,,0.0
1704.8673684672403,maintenance,0,"[0.6653578877449036,-0.01593168079853058,4.102385520935059,0.0,0.0,55.872398376464844,38.0,-56.863643646240234,2.0,1.0,0.3421834707260132,0.0,30.531465530395508,0.6653578877449036,0.009999999776482582,824.054931640625]",0,DN,0.0,0.6653578945205185,-0.015931680567703332,4.102385447836051,0.0,0,0.0,0.3421834840112035,0.0,0.0,0.0,0.3421834840112035,0.0,0.0,824.054920342479,-56.86364235760262,2.0,,,,,,,0.0,False,0.0,1704.8673684672403,1735.3988339421198,False,0.3421834840112035,0.0,0.0
1704.8673684672403,scheduling,,"[5.0,2.0,1.0,38.0,-56.863643646240234,2.0,55.872398376464844,50.89437484741211,0.0,0.1666666716337204,0.0,1.0]",,,,,,,,,,,,,,,,,,-56.86364235760262,2.0,1,0,True,"{""mid"":5,""t0"":1704.8673684672403,""t1"":1725.396960041311,""jid"":34,""oid"":3}",1822.93055075666,False,,False,0.0,,,,,,0.0
1717.7414622043048,maintenance,1,"[0.34941014647483826,-0.07378830760717392,0.0,0.0,0.0,57.47378158569336,38.0,-56.863643646240234,2.0,1.0,0.9245542883872986,0.0,20.0,0.34941014647483826,0.009999999776482582,359.0465393066406]",0,DN,0.0,0.349410146605217,-0.07378830402945885,0.0,0.0,0,0.0,0.924554295996082,0.0,0.0,0.0,0.924554295996082,0.0,0.0,359.04655239354815,-56.86364235760262,2.0,,,,,,,0.0,False,0.0,1717.7414622043048,1737.7414622043048,False,0.924554295996082,0.0,0.0
1725.396960041311,maintenance,5,"[0.5741913318634033,-0.04211924225091934,0.0,0.0,0.0,60.08308029174805,38.0,-56.863643646240234,2.0,1.0,0.5641658902168274,0.0,20.0,0.5741913318634033,0.009999999776482582,404.5628662109375]",0,DN,0.0,0.5741913393960548,-0.04211924316928506,0.0,0.0,0,0.0,0.5641658791516464,0.0,0.0,0.0,0.5641658791516464,0.0,0.0,404.56287218766397,-56.86364235760262,2.0,,,,,,,0.0,False,0.0,1725.396960041311,1745.396960041311,False,0.5641658791516464,0.0,0.0
1725.396960041311,scheduling,,"[6.0,2.0,2.0,38.0,-56.863643646240234,2.0,60.08308029174805,58.473602294921875,0.0,0.0,0.0,1.0]",,,,,,,,,,,,,,,,,,-56.86364235760262,2.0,1,0,True,"{""mid"":2,""t0"":1725.396960041311,""t1"":1760.8356208185087,""jid"":34,""oid"":4}",1822.93055075666,False,,False,0.0,,,,,,0.0
1725.396960041311,scheduling,,"[5.0,2.0,1.0,38.0,-56.863643646240234,2.0,60.08308029174805,58.473602294921875,0.0,0.1666666716337204,0.0,1.0]",,,,,,,,,,,,,,,,,,-56.86364235760262,2.0,1,0,True,"{""mid"":5,""t0"":1725.396960041311,""t1"":1754.8453960286022,""jid"":35,""oid"":2}",1838.1890668793076,False,,False,0.0,,,,,,0.0
1734.4985818804555,scheduling,,"[4.0,3.0,1.0,39.0,-53.86936569213867,2.0,42.47658157348633,30.167387008666992,0.0,0.3333333432674408,0.0,1.0]",,,,,,,,,,,,,,,,,,-53.86936679166496,2.0,1,0,True,"{""mid"":0,""t0"":1734.4985818804555,""t1"":1776.7358030839407,""jid"":36,""oid"":0}",1810.8990766547834,False,,False,0.0,,,,,,0.0
1754.8453960286022,maintenance,5,"[0.5030304789543152,-0.07116087526082993,0.0,0.0,0.0,31.94591522216797,39.0,-53.86936569213867,2.0,1.0,0.7250587940216064,0.0,20.0,0.5030304789543152,0.009999999776482582,434.0113220214844]",0,DN,0.0,0.5030304638451952,-0.07116087555085959,0.0,0.0,0,0.0,0.725058772720386,0.0,0.0,0.0,0.725058772720386,0.0,0.0,434.01130817495505,-53.86936679166496,2.0,,,,,,,0.0,False,0.0,1754.8453960286022,1774.8453960286022,False,0.725058772720386,0.0,0.0
1754.8453960286022,scheduling,,"[4.0,3.0,1.0,39.0,-53.86936569213867,2.0,31.94591522216797,10.625312805175781,0.0,0.3333333432674408,0.0,1.0]",,,,,,,,,,,,,,,,,,-53.86936679166496,2.0,1,0,True,"{""mid"":4,""t0"":1754.8453960286022,""t1"":1780.1178344015766,""jid"":35,""oid"":3}",1838.1890668793076,False,,False,0.0,,,,,,0.0
1760.8356208185087,maintenance,2,"[0.5731554627418518,-0.07203320413827896,0.0,0.0,0.0,25.60540008544922,39.0,-53.86936569213867,2.0,1.0,0.5667112469673157,0.0,20.0,0.5731554627418518,0.009999999776482582,419.36456298828125]",0,DN,0.0,0.5731554466792667,-0.07203320681157688,0.0,0.0,0,0.0,0.5667112459063264,0.0,0.0,0.0,0.5667112459063264,0.0,0.0,419.3645725269837,-53.86936679166496,2.0,,,,,,,0.0,False,0.0,1760.8356208185087,1780.8356208185087,False,0.5667112459063264,0.0,0.0
1776.7358030839407,maintenance,0,"[0.6340654492378235,-0.03129243105649948,1.0886167287826538,0.0,0.0,27.76788902282715,39.0,-53.86936569213867,2.0,1.0,0.41565045714378357,0.0,22.757389068603516,0.6340654492378235,0.009999999776482582,895.92333984375]",0,DN,0.0,0.634065462955765,-0.031292431564753476,1.0886166798918568,0.0,0,0.0,0.41565046848760223,0.0,0.0,0.0,0.41565046848760223,0.0,0.0,895.9233549591794,-53.86936679166496,2.0,,,,,,,0.0,False,0.0,1776.7358030839407,1799.4931917416498,False,0.41565046848760223,0.0,0.0
1776.7358030839407,scheduling,,"[5.0,2.0,1.0,39.0,-53.86936569213867,2.0,27.76788902282715,21.037540435791016,0.0,0.1666666716337204,0.0,1.0]",,,,,,,,,,,,,,,,,,-53.86936679166496,2.0,1,0,True,"{""mid"":1,""t0"":1776.7358030839407,""t1"":1782.0364862963584,""jid"":36,""oid"":1}",1810.8990766547834,False,,False,0.0,,,,,,0.0
1780.1178344015766,maintenance,4,"[0.35192129015922546,-0.06947707384824753,0.0,0.0,0.0,15.972923278808594,39.0,-53.86936569213867,1.5,1.0,0.9227839112281799,0.0,20.0,0.35192129015922546,0.009999999776482582,779.328857421875]",0,DN,0.0,0.35192127980374954,-0.06947707281552468,0.0,0.0,0,0.0,0.9227839076402572,0.0,0.0,0.0,0.9227839076402572,0.0,0.0,779.328832535921,-53.86936679166496,1.5,,,,,,,0.0,False,0.0,1780.1178344015766,1800.1178344015766,False,0.9227839076402572,0.0,0.0
1782.0364862963584,maintenance,1,"[0.3397655487060547,-0.0096445856615901,0.0,0.0,0.0,150.0,39.0,-53.86936569213867,2.0,1.0,0.9310123324394226,0.0,20.0,0.3397655487060547,0.009999999776482582,423.3415832519531]",0,DN,0.0,0.33976556079239173,-0.00964458581282529,0.0,0.0,0,0.0,0.9310123084218322,0.0,0.0,0.0,0.9310123084218322,0.0,0.0,423.34157648560176,-53.86936679166496,2.0,,,,,,,0.0,False,0.0,1782.0364862963584,1802.0364862963584,False,0.9310123084218322,0.0,0.0
2094.9421884884405,scheduling,,"[6.0,1.0,1.0,40.0,-43.24595642089844,2.0,31.78740692138672,31.78740692138672,0.0,0.0,0.0,1.0]",,,,,,,,,,,,,,,,,,-43.24595721731496,2.0,3,0,True,"{""mid"":1,""t0"":2094.9421884884405,""t1"":2126.3492517054215,""jid"":37,""oid"":0}",2190.304411533131,False,,False,0.0,,,,,,0.0
2100.4906957464436,scheduling,,"[5.0,2.0,1.0,41.0,-42.02609634399414,2.0,32.588172912597656,27.50875473022461,0.0,0.1666666716337204,0.0,1.0]",,,,,,,,,,,,,,,,,,-42.026095605432005,2.0,3,0,True,"{""mid"":0,""t0"":2100.4906957464436,""t1"":2132.772036112795,""jid"":38,""oid"":0}",2217.303033562168,False,,False,0.0,,,,,,0.0
2126.3492517054215,maintenance,1,"[0.26243922114372253,-0.07732634991407394,0.0,0.0,0.0,15.607589721679688,41.0,-42.02609634399414,1.5,1.0,0.9669334888458252,0.0,20.0,0.26243922114372253,0.009999999776482582,767.6543579101562]",0,DN,0.0,0.26243921061624553,-0.0773263501761462,0.0,0.0,0,0.0,0.9669334634044027,0.0,0.0,0.0,0.9669334634044027,0.0,0.0,767.6543418946649,-42.026095605432005,1.5,,,,,,,0.0,False,0.0,2126.3492517054215,2146.3492517054215,False,0.9669334634044027,0.0,0.0
2126.3492517054215,scheduling,,"[5.0,2.0,1.0,41.0,-42.02609634399414,1.5,15.607589721679688,13.584630012512207,0.0,0.1666666716337204,0.0,1.0]",,,,,,,,,,,,,,,,,,-42.026095605432005,1.5,3,0,True,"{""mid"":3,""t0"":2126.3492517054215,""t1"":2173.731506020652,""jid"":37,""oid"":1}",2190.304411533131,False,,False,0.0,,,,,,0.0
2132.772036112795,maintenance,0,"[0.6031656265258789,-0.030899813398718834,0.10244879871606827,0.0,0.0,25.377788543701172,41.0,-42.02609634399414,2.0,1.0,0.4920865297317505,0.0,20.0,0.6031656265258789,0.009999999776482582,1251.9595947265625]",0,DN,0.0,0.6031656489137307,-0.030899814042034346,0.10244880145312055,0.0,0,0.0,0.49208653856657364,0.0,0.0,0.0,0.49208653856657364,0.0,0.0,1251.9595879880335,-42.026095605432005,2.0,,,,,,,0.0,False,0.0,2132.772036112795,2152.772036112795,False,0.49208653856657364,0.0,0.0
2132.772036112795,scheduling,,"[5.0,2.0,1.0,41.0,-42.02609634399414,2.0,25.377788543701172,14.446361541748047,0.0,0.1666666716337204,0.0,1.0]",,,,,,,,,,,,,,,,,,-42.026095605432005,2.0,3,0,True,"{""mid"":2,""t0"":2132.772036112795,""t1"":2137.607467142776,""jid"":38,""oid"":1}",2217.303033562168,False,,False,0.0,,,,,,0.0
2137.607467142776,maintenance,2,"[0.5671056509017944,-0.0060497731901705265,0.0,0.0,0.0,33.002559661865234,41.0,-42.02609634399414,2.0,1.0,0.5815022587776184,0.0,20.0,0.5671056509017944,0.009999999776482582,796.1364135742188]",0,DN,0.0,0.5671056732685085,-0.006049773410758186,0.0,0.0,0,0.0,0.581502235308794,0.0,0.0,0.0,0.581502235308794,0.0,0.0,796.1364188512509,-42.026095605432005,2.0,,,,,,,0.0,False,0.0,2137.607467142776,2157.607467142776,False,0.581502235308794,0.0,0.0
2137.607467142776,scheduling,,"[5.0,2.0,1.0,41.0,-42.02609634399414,2.0,33.002559661865234,12.102971076965332,0.0,0.1666666716337204,0.0,1.0]",,,,,,,,,,,,,,,,,,-42.026095605432005,2.0,1,0,True,"{""mid"":0,""t0"":2137.607467142776,""t1"":2151.324356259927,""jid"":38,""oid"":2}",2217.303033562168,False,,False,0.0,,,,,,0.0
2151.324356259927,maintenance,0,"[0.609518826007843,0.006353165488690138,100.0,0.15715347230434418,0.0,-6.838815689086914,41.0,-42.02609634399414,1.0,1.0,0.47622090578079224,0.0,20.0,0.609518826007843,0.009999999776482582,1270.511962890625]",2,CM,36.680409855759684,0.609518814405311,0.0063531654915802704,100.0,0.15715347469300034,0,0.0,0.47622091603542366,0.0,0.0,0.0,0.47622091603542366,0.0,0.0,1270.5119081351654,-42.026095605432005,1.0,,,,,,,0.0,False,0.0,2151.324356259927,2171.324356259927,False,0.47622091603542366,2.0,0.0
2173.731506020652,maintenance,3,"[0.8148897886276245,-0.07386966794729233,2.909039258956909,0.0,0.0,150.0,41.0,-42.02609634399414,2.0,1.0,0.10443426668643951,0.0,79.02424621582031,0.8148897886276245,0.009999999776482582,813.5430908203125]",0,DN,0.0,0.8148897765782968,-0.07386967147312662,2.9090392889654653,0.0,0,0.0,0.10443426766835877,0.0,0.0,0.0,0.10443426766835877,0.0,0.0,813.54306910591,-42.026095605432005,2.0,,,,,,,0.0,False,0.0,2173.731506020652,2252.7557484911804,False,0.10443426766835877,0.0,0.0
2204.357585637203,scheduling,,"[6.0,1.0,1.0,42.0,-38.46773147583008,2.0,39.57609939575195,39.57609939575195,0.0,0.0,0.0,1.0]",,,,,,,,,,,,,,,,,,-38.46773010552489,2.0,3,0,True,"{""mid"":2,""t0"":2204.357585637203,""t1"":2220.3732209008713,""jid"":39,""oid"":0}",2323.0858817681064,False,,False,0.0,,,,,,0.0
2220.3732209008713,maintenance,2,"[0.5161580443382263,-0.050947628915309906,0.0,0.0,0.0,39.57609939575195,42.0,-38.46773147583008,2.0,1.0,0.6981322765350342,0.0,20.0,0.5161580443382263,0.009999999776482582,878.9021606445312]",2,CM,17.13462398039134,0.5161580440035882,-0.05094762926492025,0.0,0.0,0,0.0,0.6981322526954424,0.0,0.0,0.0,0.6981322526954424,0.0,0.0,878.9021726093463,-38.46773010552489,2.0,,,,,,,0.0,False,0.0,2220.3732209008713,2240.3732209008713,False,0.6981322526954424,2.0,0.0
2220.3732209008713,scheduling,,"[5.0,1.0,1.0,42.0,-38.46773147583008,2.0,39.57609939575195,39.57609939575195,0.0,0.0,0.0,1.0]",,,,,,,,,,,,,,,,,,-38.46773010552489,2.0,3,0,True,"{""mid"":3,""t0"":2220.3732209008713,""t1"":2283.509783057805,""jid"":39,""oid"":1}",2323.0858817681064,False,,False,0.0,,,,,,0.0
2277.39914132602,scheduling,,"[5.0,3.0,2.0,44.0,-34.97989273071289,1.5,14.192646026611328,-10.248048782348633,0.0,0.1666666716337204,0.3333333432674408,1.0]",,,,,,,,,,,,,,,,,,-34.97989252645823,1.5,0,0,True,"{""mid"":5,""t0"":2277.39914132602,""t1"":2305.7117832508848,""jid"":41,""oid"":0}",2401.8052835032026,False,,False,0.0,,,,,,0.0
2283.509783057805,maintenance,3,"[0.7727342247962952,-0.04215553030371666,4.097546100616455,0.0,0.0,23.90323829650879,44.0,-34.97989273071289,2.0,1.0,0.1509278267621994,0.0,65.61343383789062,0.7727342247962952,0.009999999776482582,923.3213500976562]",0,DN,0.0,0.7727342447508644,-0.04215553182743237,4.097546330525926,0.0,0,0.0,0.1509278255836417,0.0,0.0,0.0,0.1509278255836417,0.0,0.0,923.3213461430632,-34.97989252645823,2.0,,,,,,,0.0,False,0.0,2283.509783057805,2349.123215671917,False,0.1509278255836417,0.0,0.0
2283.509783057805,scheduling,,"[5.0,2.0,1.0,44.0,-34.97989273071289,2.0,23.90323829650879,14.73936939239502,0.0,0.1666666716337204,0.0,1.0]",,,,,,,,,,,,,,,,,,-34.97989252645823,2.0,3,0,True,"{""mid"":3,""t0"":2283.509783057805,""t1"":2346.0867039839454,""jid"":40,""oid"":0}",2399.900358093491,False,,False,0.0,,,,,,0.0
2305.7117832508848,maintenance,5,"[0.4212535619735718,-0.08177690207958221,0.0,0.0,0.0,16.528430938720703,44.0,-34.97989273071289,1.5,1.0,0.8566161394119263,0.0,20.0,0.4212535619735718,0.009999999776482582,984.877685546875]",2,CM,19.91215921719987,0.4212535638926764,-0.08177689995251886,0.0,0.0,0,0.0,0.8566161183417911,0.0,0.0,0.0,0.8566161183417911,0.0,0.0,984.8776953972376,-34.97989252645823,1.5,,,,,,,0.0,False,0.0,2305.7117832508848,2325.7117832508848,False,0.8566161183417911,2.0,0.0
2305.7117832508848,scheduling,,"[4.0,2.0,1.0,44.0,-34.97989273071289,1.5,16.528430938720703,-4.497191905975342,0.0,0.1666666716337204,0.5,1.0]",,,,,,,,,,,,,,,,,,-34.97989252645823,1.5,0,0,True,"{""mid"":1,""t0"":2305.7117832508848,""t1"":2316.036663040986,""jid"":41,""oid"":1}",2401.8052835032026,False,,False,0.0,,,,,,0.0
2316.036663040986,maintenance,1,"[0.22792431712150574,-0.034514885395765305,0.0,0.0,0.0,13.104206085205078,44.0,-34.97989273071289,1.5,1.0,0.9763569235801697,0.0,20.0,0.22792431712150574,0.009999999776482582,957.3417358398438]",2,CM,18.132685334194075,0.2279243234050097,-0.03451488721123583,0.0,0.0,0,0.0,0.9763568974091078,0.0,0.0,0.0,0.9763568974091078,0.0,0.0,957.3417532302292,-34.97989252645823,1.5,,,,,,,0.0,False,0.0,2316.036663040986,2336.036663040986,False,0.9763568974091078,2.0,0.0
2316.036663040986,scheduling,,"[3.0,2.0,1.0,44.0,-34.97989273071289,1.5,13.104206085205078,-13.441940307617188,0.0,0.1666666716337204,0.5,1.0]",,,,,,,,,,,,,,,,,,-34.97989252645823,1.5,0,0,True,"{""mid"":4,""t0"":2316.036663040986,""t1"":2349.967259623887,""jid"":41,""oid"":2}",2401.8052835032026,False,,False,0.0,,,,,,0.0
2327.2010607857187,scheduling,,"[3.0,3.0,1.0,45.0,-33.05303192138672,2.0,25.437238693237305,-17.96980094909668,0.0,0.3333333432674408,0.3333333432674408,1.0]",,,,,,,,,,,,,,,,,,-33.05303316313648,2.0,0,0,True,"{""mid"":0,""t0"":2327.2010607857187,""t1"":2384.9910282806645,""jid"":42,""oid"":0}",2544.4973497531864,False,,False,0.0,,,,,,0.0
2346.0867039839454,maintenance,3,"[0.7084466814994812,-0.06428756564855576,1.6868996620178223,0.0,0.0,27.410568237304688,45.0,-33.05303192138672,2.0,1.0,0.25266164541244507,0.0,43.67802429199219,0.7084466814994812,0.009999999776482582,985.8982543945312]",0,DN,0.0,0.7084466780884132,-0.06428756666245117,1.686899718227387,0.0,0,0.0,0.2526616509286192,0.0,0.0,0.0,0.2526616509286192,0.0,0.0,985.8982670692035,-33.05303316313648,2.0,,,,,,,0.0,False,0.0,2346.0867039839454,2389.764730025868,False,0.2526616509286192,0.0,0.0
2346.0867039839454,scheduling,,"[4.0,3.0,1.0,45.0,-33.05303192138672,2.0,27.410568237304688,13.20609188079834,0.0,0.3333333432674408,0.0,1.0]",,,,,,,,,,,,,,,,,,-33.05303316313648,2.0,0,0,True,"{""mid"":1,""t0"":2346.0867039839454,""t1"":2354.9422295106187,""jid"":40,""oid"":1}",2399.900358093491,False,,False,0.0,,,,,,0.0
2349.967259623887,maintenance,4,"[0.3023972511291504,-0.04952401667833328,0.0,0.0,0.0,29.116872787475586,45.0,-33.05303192138672,2.0,1.0,0.9514793157577515,0.0,20.0,0.3023972511291504,0.009999999776482582,1349.17822265625]",2,CM,21.463800916740944,0.30239726333555234,-0.04952401646819721,0.0,0.0,0,0.0,0.9514792975199656,0.0,0.0,0.0,0.9514792975199656,0.0,0.0,1349.1782577582314,-33.05303316313648,2.0,,,,,,,0.0,False,0.0,2349.967259623887,2369.967259623887,False,0.9514792975199656,2.0,0.0
2354.9422295106187,maintenance,1,"[0.9793877005577087,-0.020612314343452454,18.405874252319336,0.0,0.0,30.932857513427734,45.0,-33.05303192138672,2.0,1.0,0.022012706845998764,0.0,109.8857192993164,0.9793877005577087,0.009999999776482582,20.77288055419922]",0,DN,0.0,0.9793876847314075,-0.02061231526859253,18.405874342000264,0.0,0,0.0,0.022012705972414576,0.0,0.0,0.0,0.022012705972414576,0.0,0.0,20.772881135439093,-33.05303316313648,2.0,,,,,,,0.0,False,0.0,2354.9422295106187,2464.8279497557737,False,0.022012705972414576,0.0,0.0
2354.9422295106187,scheduling,,"[4.0,2.0,1.0,45.0,-33.05303192138672,2.0,30.932857513427734,19.926401138305664,0.0,0.1666666716337204,0.0,1.0]",,,,,,,,,,,,,,,,,,-33.05303316313648,2.0,2,0,True,"{""mid"":1,""t0"":2354.9422295106187,""t1"":2387.7467239205153,""jid"":40,""oid"":2}",2399.900358093491,False,,False,0.0,,,,,,0.0
2377.4281251633392,scheduling,,"[4.0,3.0,1.0,46.0,-31.202363967895508,2.0,19.203136444091797,0.19211941957473755,0.0,0.3333333432674408,0.3333333432674408,1.0]",,,,,,,,,,,,,,,,,,-31.202364328897435,2.0,0,0,True,"{""mid"":2,""t0"":2377.4281251633392,""t1"":2392.996061349337,""jid"":43,""oid"":0}",2499.5745880844893,False,,False,0.0,,,,,,0.0
2384.9910282806645,maintenance,0,"[0.9625580310821533,-0.03744199126958847,9.683192253112793,0.0,0.0,23.93917465209961,46.0,-31.202363967895508,2.0,1.0,0.025942694395780563,0.0,108.17182922363281,0.9625580310821533,0.009999999776482582,196.98626708984375]",0,DN,0.0,0.9625580075839342,-0.03744199241606583,9.683192164431016,0.0,0,0.0,0.02594269484035658,0.0,0.0,0.0,0.02594269484035658,0.0,0.0,196.98626216497814,-31.202364328897435,2.0,,,,,,,0.0,False,0.0,2384.9910282806645,2493.162856345143,False,0.02594269484035658,0.0,0.0
2384.9910282806645,scheduling,,"[4.0,3.0,1.0,46.0,-31.202363967895508,2.0,23.93917465209961,-3.6686925888061523,0.0,0.3333333432674408,0.3333333432674408,1.0]",,,,,,,,,,,,,,,,,,-31.202364328897435,2.0,0,0,True,"{""mid"":0,""t0"":2384.9910282806645,""t1"":2442.230011011673,""jid"":42,""oid"":1}",2544.4973497531864,False,,False,0.0,,,,,,0.0
2387.7467239205153,maintenance,1,"[0.9011728763580322,-0.07821478694677353,3.850587844848633,0.0,0.0,27.87331199645996,46.0,-31.202363967895508,2.0,1.0,0.04689880087971687,0.0,99.4740219116211,0.9011728763580322,0.009999999776482582,53.57737731933594]",0,DN,0.0,0.9011728993629279,-0.07821478536847959,3.8505878133407245,0.0,0,0.0,0.046898800294656616,0.0,0.0,0.0,0.046898800294656616,0.0,0.0,53.5773755453356,-31.202364328897435,2.0,,,,,,,0.0,False,0.0,2387.7467239205153,2487.2207476070716,False,0.046898800294656616,0.0,0.0
2387.7467239205153,scheduling,,"[4.0,3.0,1.0,46.0,-31.202363967895508,2.0,27.87331199645996,9.631209373474121,0.0,0.3333333432674408,0.0,1.0]",,,,,,,,,,,,,,,,,,-31.202364328897435,2.0,0,0,True,"{""mid"":1,""t0"":2387.7467239205153,""t1"":2401.431413215567,""jid"":40,""oid"":3}",2399.900358093491,True,,False,0.0,,,,,,0.0
2392.996061349337,maintenance,2,"[0.9698783159255981,-0.03012167289853096,12.279474258422852,0.0,0.0,27.81328582763672,46.0,-31.202363967895508,2.0,1.0,0.024155685678124428,0.0,108.94781494140625,0.9698783159255981,0.009999999776482582,155.48822021484375]",0,DN,0.0,0.9698783262961689,-0.03012167370383112,12.279474571465288,0.0,0,0.0,0.02415568597320016,0.0,0.0,0.0,0.02415568597320016,0.0,0.0,155.48821646807437,-31.202364328897435,2.0,,,,,,,0.0,False,0.0,2392.996061349337,2501.9438755617375,False,0.02415568597320016,0.0,0.0
2392.996061349337,scheduling,,"[4.0,3.0,1.0,46.0,-31.202363967895508,2.0,27.81328582763672,7.495458602905273,0.0,0.3333333432674408,0.3333333432674408,1.0]",,,,,,,,,,,,,,,,,,-31.202364328897435,2.0,0,0,True,"{""mid"":3,""t0"":2392.996061349337,""t1"":2410.9441018631255,""jid"":43,""oid"":1}",2499.5745880844893,False,,False,0.0,,,,,,0.0
2401.431413215567,maintenance,1,"[0.8565136194229126,-0.04465927183628082,5.743793487548828,0.0,0.0,33.68935012817383,46.0,-31.202363967895508,2.0,1.0,0.07141617685556412,0.0,90.18174743652344,0.8565136194229126,0.009999999776482582,67.2620620727539]",0,DN,0.0,0.8565136274158976,-0.04465927194703023,5.743793309486663,0.0,0,0.0,0.07141617488560463,0.0,0.0,0.0,0.07141617488560463,0.0,0.0,67.26206484038721,-31.202364328897435,2.0,,,,,,,0.0,False,0.0,2401.431413215567,2491.6131600413314,False,0.07141617488560463,0.0,0.0
2410.4545062360476,scheduling,,"[4.0,3.0,1.0,47.0,-29.806087493896484,2.0,28.323209762573242,23.820728302001953,0.0,0.3333333432674408,0.0,1.0]",,,,,,,,,,,,,,,,,,-29.806087254949485,2.0,2,0,True,"{""mid"":4,""t0"":2410.4545062360476,""t1"":2429.485332124746,""jid"":44,""oid"":0}",2517.3658430916744,False,,False,0.0,,,,,,0.0
2410.9441018631255,maintenance,3,"[0.7026417255401611,-0.0058049606159329414,17.681724548339844,0.0,0.0,35.43946838378906,47.0,-29.806087493896484,2.0,1.0,0.26377931237220764,0.0,41.778194427490234,0.7026417255401611,0.009999999776482582,1050.755615234375]",0,DN,0.0,0.7026417175770969,-0.005804960511316293,17.681725375565495,0.0,0,0.0,0.26377929873196315,0.0,0.0,0.0,0.26377929873196315,0.0,0.0,1050.7556649483836,-29.806087254949485,2.0,,,,,,,0.0,False,0.0,2410.9441018631255,2452.7222966604286,False,0.26377929873196315,0.0,0.0
2410.9441018631255,scheduling,,"[4.0,3.0,1.0,47.0,-29.806087493896484,2.0,35.43946838378906,27.498207092285156,0.0,0.3333333432674408,0.0,1.0]",,,,,,,,,,,,,,,,,,-29.806087254949485,2.0,2,0,True,"{""mid"":2,""t0"":2410.9441018631255,""t1"":2424.6600305648008,""jid"":43,""oid"":2}",2499.5745880844893,False,,False,0.0,,,,,,0.0
2422.2130010962546,scheduling,,"[3.0,4.0,1.0,48.0,-28.921733856201172,2.0,33.191925048828125,17.185470581054688,0.0,0.5,0.0,1.0]",,,,,,,,,,,,,,,,,,-28.921734443988708,2.0,0,0,True,"{""mid"":3,""t0"":2422.2130010962546,""t1"":2468.6940684738315,""jid"":45,""oid"":0}",2602.980974087344,False,,False,0.0,,,,,,0.0
2424.6600305648008,maintenance,2,"[0.9582173228263855,-0.011661030352115631,30.719181060791016,0.0,0.0,38.39922332763672,48.0,-28.921733856201172,2.0,1.0,0.027062444016337395,0.0,107.68840789794922,0.9582173228263855,0.009999999776482582,187.15219116210938]",0,DN,0.0,0.9582172959188201,-0.01166103037734878,30.71918040918983,0.0,0,0.0,0.027062444202452324,0.0,0.0,0.0,0.027062444202452324,0.0,0.0,187.15218568353794,-28.921734443988708,2.0,,,,,,,0.0,False,0.0,2424.6600305648008,2532.348440709377,False,0.027062444202452324,0.0,0.0
2424.6600305648008,scheduling,,"[3.0,4.0,1.0,48.0,-28.921733856201172,2.0,38.39922332763672,14.738441467285156,0.0,0.5,0.0,1.0]",,,,,,,,,,,,,,,,,,-28.921734443988708,2.0,0,0,True,"{""mid"":1,""t0"":2424.6600305648008,""t1"":2431.634447288749,""jid"":43,""oid"":3}",2499.5745880844893,False,,False,0.0,,,,,,0.0
2429.485332124746,maintenance,4,"[0.978277325630188,-0.02172270230948925,17.413915634155273,0.0,0.0,37.75653076171875,48.0,-28.921733856201172,2.0,1.0,0.022253025323152542,0.0,109.78014373779297,0.978277325630188,0.009999999776482582,58.05427169799805]",0,DN,0.0,0.9782772974661994,-0.021722702533800597,17.413915090794926,0.0,0,0.0,0.022253024797729927,0.0,0.0,0.0,0.022253024797729927,0.0,0.0,58.05427158411794,-28.921734443988708,2.0,,,,,,,0.0,False,0.0,2429.485332124746,2539.265472694765,False,0.022253024797729927,0.0,0.0
2429.485332124746,scheduling,,"[3.0,4.0,1.0,48.0,-28.921733856201172,2.0,37.75653076171875,14.932269096374512,0.0,0.5,0.0,1.0]",,,,,,,,,,,,,,,,,,-28.921734443988708,2.0,0,0,True,"{""mid"":2,""t0"":2429.485332124746,""t1"":2464.446451965052,""jid"":44,""oid"":1}",2517.3658430916744,False,,False,0.0,,,,,,0.0
2431.634447288749,maintenance,1,"[0.8483272194862366,-0.008186383172869682,30.334182739257812,0.0,0.0,28.972558975219727,48.0,-28.921733856201172,2.0,1.0,0.0770391970872879,0.0,88.17601013183594,0.8483272194862366,0.009999999776482582,97.46509552001953]",0,DN,0.0,0.8483272439831807,-0.008186383432716937,30.334181879477963,0.0,0,0.0,0.07703919575816384,0.0,0.0,0.0,0.07703919575816384,0.0,0.0,97.46509891356936,-28.921734443988708,2.0,,,,,,,0.0,False,0.0,2431.634447288749,2519.810459863398,False,0.07703919575816384,0.0,0.0
2436.622075166372,scheduling,,"[3.0,4.0,1.0,49.0,-28.01900863647461,2.0,36.73634338378906,7.795526027679443,0.0,0.5,0.25,1.0]",,,,,,,,,,,,,,,,,,-28.0190092666115,2.0,0,0,True,"{""mid"":1,""t0"":2436.622075166372,""t1"":2454.0124001783975,""jid"":46,""oid"":0}",2661.5937957808383,False,,False,0.0,,,,,,0.0
2442.230011011673,maintenance,0,"[0.9299225807189941,-0.03263544291257858,10.109333038330078,0.0,0.0,39.31071472167969,49.0,-28.01900863647461,2.0,1.0,0.03559776395559311,0.0,104.07384490966797,0.9299225807189941,0.009999999776482582,254.22525024414062]",0,DN,0.0,0.9299225641345997,-0.032635443449334445,10.109332960245958,0.0,0,0.0,0.035597763883334514,0.0,0.0,0.0,0.035597763883334514,0.0,0.0,254.22524489598663,-28.0190092666115,2.0,,,,,,,0.0,False,0.0,2442.230011011673,2546.303855178591,False,0.035597763883334514,0.0,0.0
2454.0124001783975,maintenance,1,"[0.7961229681968689,-0.05220427364110947,3.7568376064300537,0.0,0.0,34.74394607543945,49.0,-28.01900863647461,2.0,1.0,0.12333402782678604,0.0,73.27032470703125,0.7961229681968689,0.009999999776482582,119.84304809570312]",0,DN,0.0,0.7961229717291545,-0.05220427225402624,3.756837577867558,0.0,0,0.0,0.12333402555963437,0.0,0.0,0.0,0.12333402555963437,0.0,0.0,119.8430518032178,-28.0190092666115,2.0,,,,,,,0.0,False,0.0,2454.0124001783975,2527.282722008174,False,0.12333402555963437,0.0,0.0
2454.0124001783975,scheduling,,"[4.0,4.0,2.0,49.0,-28.01900863647461,2.0,34.74394607543945,10.740798950195312,0.0,0.3333333432674408,0.0,1.0]",,,,,,,,,,,,,,,,,,-28.0190092666115,2.0,0,0,True,"{""mid"":1,""t0"":2454.0124001783975,""t1"":2479.9868884729804,""jid"":42,""oid"":2}",2544.4973497531864,False,,False,0.0,,,,,,0.0
2464.446451965052,maintenance,2,"[0.9001319408416748,-0.0580853708088398,5.167082786560059,0.0,0.0,34.24907684326172,49.0,-28.01900863647461,2.0,1.0,0.04736630991101265,0.0,99.28817749023438,0.9001319408416748,0.009999999776482582,226.93861389160156]",0,DN,0.0,0.9001319246926456,-0.05808537122617452,5.1670828361238,0.0,0,0.0,0.04736630957957267,0.0,0.0,0.0,0.04736630957957267,0.0,0.0,226.93860708378907,-28.0190092666115,2.0,,,,,,,0.0,False,0.0,2464.446451965052,2563.734629356779,False,0.04736630957957267,0.0,0.0
2464.446451965052,scheduling,,"[4.0,4.0,2.0,49.0,-28.01900863647461,2.0,34.24907684326172,8.775697708129883,0.0,0.3333333432674408,0.0,1.0]",,,,,,,,,,,,,,,,,,-28.0190092666115,2.0,0,0,True,"{""mid"":2,""t0"":2464.446451965052,""t1"":2473.1656468482956,""jid"":44,""oid"":2}",2517.3658430916744,False,,False,0.0,,,,,,0.0
2468.6940684738315,maintenance,3,"[0.6681798696517944,-0.034461840987205505,1.9784165620803833,0.0,0.0,35.136474609375,49.0,-28.01900863647461,2.0,1.0,0.3358599543571472,0.0,31.313581466674805,0.6681798696517944,0.009999999776482582,1108.505615234375]",2,CM,36.69878585590301,0.6681798773852666,-0.034461840191830295,1.9784166198248965,0.0,0,0.0,0.3358599532260779,0.0,0.0,0.0,0.3358599532260779,0.0,0.0,1108.5056315590896,-28.0190092666115,2.0,,,,,,,0.0,False,0.0,2468.6940684738315,2500.0076503717314,False,0.3358599532260779,2.0,0.0
2468.6940684738315,scheduling,,"[3.0,4.0,2.0,49.0,-28.01900863647461,2.0,35.136474609375,10.561015129089355,0.0,0.3333333432674408,0.0,1.0]",,,,,,,,,,,,,,,,,,-28.0190092666115,2.0,0,0,True,"{""mid"":5,""t0"":2468.6940684738315,""t1"":2496.7414608934955,""jid"":45,""oid"":1}",2602.980974087344,False,,False,0.0,,,,,,0.0
2473.1656468482956,maintenance,2,"[0.8928030133247375,-0.0073289405554533005,39.95161056518555,0.0,0.0,31.0821533203125,49.0,-28.01900863647461,2.0,1.0,0.050785213708877563,0.0,97.93959045410156,0.8928030133247375,0.009999999776482582,235.65780639648438]",0,DN,0.0,0.8928029840605907,-0.007328940632054914,39.95161084808699,0.0,0,0.0,0.050785214575455026,0.0,0.0,0.0,0.050785214575455026,0.0,0.0,235.6578019670328,-28.0190092666115,2.0,,,,,,,0.0,False,0.0,2473.1656468482956,2571.1052392430447,False,0.050785214575455026,0.0,0.0
2479.9868884729804,maintenance,1,"[0.7445874810218811,-0.051535461097955704,2.8055925369262695,0.0,0.0,42.811859130859375,50.0,-26.655170440673828,2.0,1.0,0.19063720107078552,0.0,55.97711181640625,0.7445874810218811,0.009999999776482582,145.81753540039062]",0,DN,0.0,0.7445875092958922,-0.051535462433262236,2.805592546746451,0.0,0,0.0,0.19063720511371676,0.0,0.0,0.0,0.19063720511371676,0.0,0.0,145.8175400978007,-26.655170866906214,2.0,,,,,,,0.0,False,0.0,2479.9868884729804,2535.9640021200617,False,0.19063720511371676,0.0,0.0
2496.7414608934955,maintenance,5,"[0.9308118224143982,-0.0691881999373436,4.781332969665527,0.0,0.0,33.06913375854492,50.0,-26.655170440673828,2.0,1.0,0.035293739289045334,0.0,104.20048522949219,0.9308118224143982,0.009999999776482582,171.11752319335938]",0,DN,0.0,0.9308118020995894,-0.06918819790041064,4.781332830430983,0.0,0,0.0,0.03529374099150882,0.0,0.0,0.0,0.03529374099150882,0.0,0.0,171.1175184254107,-26.655170866906214,2.0,,,,,,,0.0,False,0.0,2496.7414608934955,2600.9419453721825,False,0.03529374099150882,0.0,0.0
2496.7414608934955,scheduling,,"[5.0,4.0,4.0,50.0,-26.655170440673828,2.0,33.06913375854492,9.239067077636719,0.0,0.0,0.25,1.0]",,,,,,,,,,,,,,,,,,-26.655170866906214,2.0,0,0,True,"{""mid"":4,""t0"":2496.7414608934955,""t1"":2531.165679050234,""jid"":45,""oid"":2}",2602.980974087344,False,,False,0.0,,,,,,0.0
2505.3928543297347,scheduling,,"[5.0,4.0,3.0,50.0,-26.655170440673828,2.0,24.417741775512695,0.5876733660697937,0.0,0.1666666716337204,0.25,1.0]",,,,,,,,,,,,,,,,,,-26.655170866906214,2.0,0,0,True,"{""mid"":3,""t0"":2505.3928543297347,""t1"":2554.656498469267,""jid"":42,""oid"":3}",2544.4973497531864,True,,False,0.0,,,,,,0.0
2516.3328570959347,scheduling,,"[4.0,5.0,3.0,51.0,-25.304033279418945,2.0,22.210968017578125,-6.770055294036865,0.0,0.3333333432674408,0.20000000298023224,1.0]",,,,,,,,,,,,,,,,,,-25.304033257355783,2.0,0,0,True,"{""mid"":2,""t0"":2516.3328570959347,""t1"":2546.2878752612587,""jid"":48,""oid"":0}",2687.7645148052175,False,,False,0.0,,,,,,0.0
2531.165679050234,maintenance,4,"[0.8935351371765137,-0.08474218100309372,3.4638609886169434,0.0,0.0,13.452131271362305,52.0,-24.54986000061035,1.5,1.0,0.0504334382712841,0.0,98.07749938964844,0.8935351371765137,0.009999999776482582,159.734619140625]",0,DN,0.0,0.893535119765528,-0.08474217770067138,3.463860945400303,0.0,0,0.0,0.05043343918901109,0.0,0.0,0.0,0.05043343918901109,0.0,0.0,159.73461850960575,-24.54986082968604,1.5,,,,,,,0.0,False,0.0,2531.165679050234,2629.2431793993283,False,0.05043343918901109,0.0,0.0
2531.165679050234,scheduling,,"[4.0,6.0,4.0,52.0,-24.54986000061035,1.5,13.452131271362305,-13.311261177062988,0.0,0.3333333432674408,0.1666666716337204,1.0]",,,,,,,,,,,,,,,,,,-24.54986082968604,1.5,0,0,True,"{""mid"":0,""t0"":2531.165679050234,""t1"":2538.279101777452,""jid"":45,""oid"":3}",2602.980974087344,False,,False,0.0,,,,,,0.0
2538.279101777452,maintenance,0,"[0.9211081266403198,-0.008814437314867973,36.42979431152344,0.0,0.0,11.340730667114258,52.0,-24.54986000061035,1.5,1.0,0.03875083848834038,0.0,102.76947784423828,0.9211081266403198,0.009999999776482582,350.2743225097656]",0,DN,0.0,0.9211081270533725,-0.0088144370812272,36.42979399526962,0.0,0,0.0,0.038750837893178236,0.0,0.0,0.0,0.038750837893178236,0.0,0.0,350.2743356617657,-24.54986082968604,1.5,,,,,,,0.0,False,0.0,2538.279101777452,2641.0485786355343,False,0.038750837893178236,0.0,0.0
2538.279101777452,scheduling,,"[4.0,6.0,4.0,52.0,-24.54986000061035,1.5,11.340730667114258,-20.424684524536133,0.0,0.3333333432674408,0.1666666716337204,1.0]",,,,,,,,,,,,,,,,,,-24.54986082968604,1.5,0,0,True,"{""mid"":5,""t0"":2538.279101777452,""t1"":2545.1854851562052,""jid"":45,""oid"":4}",2602.980974087344,False,,False,0.0,,,,,,0.0
2545.1854851562052,maintenance,5,"[0.9002658724784851,-0.030545946210622787,9.829974174499512,0.04872435703873634,0.0,-1.9980565309524536,52.0,-24.54986000061035,1.0,1.0,0.047305911779403687,0.0,99.31216430664062,0.9002658724784851,0.009999999776482582,219.56153869628906]",0,DN,0.0,0.9002658562402823,-0.030545945859307033,9.829974086357993,0.04872435607506642,0,0.0,0.047305912615312945,0.0,0.0,0.0,0.047305912615312945,0.0,0.0,219.56154268812043,-24.54986082968604,1.0,,,,,,,0.0,False,0.0,2545.1854851562052,2644.4976522636325,False,0.047305912615312945,0.0,0.0
2546.2878752612587,maintenance,2,"[0.8524459600448608,-0.04035702720284462,6.255316257476807,0.0,0.0,4.8569254875183105,52.0,-24.54986000061035,1.0,1.0,0.07416116446256638,0.0,89.19696807861328,0.8524459600448608,0.009999999776482582,308.780029296875]",0,DN,0.0,0.8524459573688791,-0.040357026691711595,6.255316064221493,0.0,0,0.0,0.0741611630172007,0.0,0.0,0.0,0.0741611630172007,0.0,0.0,308.7800303799959,-24.54986082968604,1.0,,,,,,,0.0,False,0.0,2546.2878752612587,2635.484847073214,False,0.0741611630172007,0.0,0.0
2546.2878752612587,scheduling,,"[5.0,5.0,4.0,52.0,-24.54986000061035,1.0,4.8569254875183105,-32.95759963989258,0.0,0.1666666716337204,0.4000000059604645,1.0]",,,,,,,,,,,,,,,,,,-24.54986082968604,1.0,0,0,True,"{""mid"":0,""t0"":2546.2878752612587,""t1"":2559.8445859559165,""jid"":48,""oid"":1}",2687.7645148052175,False,,False,0.0,,,,,,0.0
2554.656498469267,maintenance,3,"[0.935953676700592,-0.06404633820056915,5.245477676391602,0.0,0.11817806959152222,10.466075897216797,52.0,-24.54986000061035,1.5,1.0,0.03358425945043564,4.727122783660889,104.91544342041016,0.935953676700592,0.009999999776482582,49.26364517211914]",0,DN,0.0,0.9359536594813522,-0.06404634051864777,5.2454778330939265,0.0,0,0.0,0.03358426047567835,0.0,0.0,0.0,0.03358426047567835,0.0,0.0,49.26364413953206,-24.54986082968604,1.5,,,,,,,0.11817807188879215,False,0.0,2559.3836213448185,2659.5719393621225,False,0.03358426047567835,0.0,0.0
2554.656498469267,scheduling,,"[5.0,4.0,3.0,52.0,-24.54986000061035,1.5,10.466075897216797,-10.580777168273926,0.0,0.1666666716337204,0.75,1.0]",,,,,,,,,,,,,,,,,,-24.54986082968604,1.5,0,0,True,"{""mid"":3,""t0"":2554.656498469267,""t1"":2579.7094953734068,""jid"":49,""oid"":0}",2603.840155985343,False,,False,0.0,,,,,,0.0
2559.8445859559165,maintenance,0,"[0.9052677750587463,-0.01584036462008953,19.27151107788086,0.0,0.0,10.668145179748535,52.0,-24.54986000061035,1.5,1.0,0.045102015137672424,0.0,100.19153594970703,0.9052677750587463,0.009999999776482582,371.8398132324219]",0,DN,0.0,0.9052677621650643,-0.0158403648883082,19.271510745966655,0.0,0,0.0,0.04510201358444099,0.0,0.0,0.0,0.04510201358444099,0.0,0.0,371.8398198402301,-24.54986082968604,1.5,,,,,,,0.0,False,0.0,2559.8445859559165,2660.0361193929452,False,0.04510201358444099,0.0,0.0
2559.8445859559165,scheduling,,"[5.0,4.0,3.0,52.0,-24.54986000061035,1.5,10.668145179748535,-15.768864631652832,0.0,0.1666666716337204,0.75,1.0]",,,,,,,,,,,,,,,,,,-24.54986082968604,1.5,0,0,True,"{""mid"":2,""t0"":2559.8445859559165,""t1"":2571.432186883229,""jid"":48,""oid"":2}",2687.7645148052175,False,,False,0.0,,,,,,0.0
2571.432186883229,maintenance,2,"[0.8021125793457031,-0.05033336207270622,4.015479564666748,0.0,0.0,6.32207727432251,52.0,-24.54986000061035,1.5,1.0,0.11700261384248734,0.0,75.1496353149414,0.8021125793457031,0.009999999776482582,333.9243469238281]",0,DN,0.0,0.802112595746085,-0.050333361622794115,4.015479777821072,0.0,0,0.0,0.11700261465581087,0.0,0.0,0.0,0.11700261465581087,0.0,0.0,333.9243420019661,-24.54986082968604,1.5,,,,,,,0.0,False,0.0,2571.432186883229,2646.5818237562867,False,0.11700261465581087,0.0,0.0
2571.432186883229,scheduling,,"[5.0,4.0,3.0,52.0,-24.54986000061035,1.5,6.32207727432251,-27.35646629333496,0.0,0.1666666716337204,0.75,1.0]",,,,,,,,,,,,,,,,,,-24.54986082968604,1.5,0,0,True,"{""mid"":2,""t0"":2571.432186883229,""t1"":2585.8333685591215,""jid"":48,""oid"":3}",2687.7645148052175,False,,False,0.0,,,,,,0.0
2579.7094953734068,scheduling,,"[5.0,4.0,3.0,52.0,-24.54986000061035,1.0,4.308018207550049,-35.63377380371094,0.0,0.1666666716337204,0.75,1.0]",,,,,,,,,,,,,,,,,,-24.54986082968604,1.0,0,0,True,"{""mid"":0,""t0"":2579.7094953734068,""t1"":2588.5750002214727,""jid"":49,""oid"":1}",2603.840155985343,False,,False,0.0,,,,,,0.0
2579.7094953734068,scheduling,,"[4.0,4.0,2.0,52.0,-24.54986000061035,1.0,4.308018207550049,-35.63377380371094,0.0,0.3333333432674408,0.75,1.0]",,,,,,,,,,,,,,,,,,-24.54986082968604,1.0,0,0,True,"{""mid"":3,""t0"":2579.7094953734068,""t1"":2640.5843002683096,""jid"":46,""oid"":1}",2661.5937957808383,False,,False,0.0,,,,,,0.0
2585.8333685591215,maintenance,2,"[0.7704542279243469,-0.03165837377309799,5.3841753005981445,0.5084394216537476,0.0,-28.40680503845215,52.0,-24.54986000061035,1.0,1.0,0.15387295186519623,0.0,64.84500885009766,0.7704542279243469,0.009999999776482582,348.3255310058594]",0,DN,0.0,0.7704542233656875,-0.03165837238039748,5.384175197561038,0.5084394323466812,0,0.0,0.1538729539143433,0.0,0.0,0.0,0.1538729539143433,0.0,0.0,348.32552367785865,-24.54986082968604,1.0,,,,,,,0.0,False,0.0,2585.8333685591215,2650.6783763623725,False,0.1538729539143433,0.0,0.0
2588.5750002214727,maintenance,0,"[0.9270838499069214,0.021816113963723183,100.0,0.6509262919425964,0.0,-42.09888458251953,52.0,-24.54986000061035,1.0,1.0,0.0365852527320385,0.0,103.66356658935547,0.9270838499069214,0.009999999776482582,400.5702209472656]",0,DN,0.0,0.9270838758230983,0.02181611365803393,100.0,0.6509262698933804,0,0.0,0.03658525326007137,0.0,0.0,0.0,0.03658525326007137,0.0,0.0,400.5702341057863,-24.54986082968604,1.0,,,,,,,0.0,False,0.0,2588.5750002214727,2692.238567947035,False,0.03658525326007137,0.0,0.0
2640.5843002683096,maintenance,3,"[0.945280134677887,0.009326500818133354,100.0,0.0,0.32695305347442627,4.308018207550049,52.0,-24.54986000061035,1.0,1.0,0.030685419216752052,13.07812213897705,106.13905334472656,0.945280134677887,0.009999999776482582,74.31664276123047]",2,CM,37.893790064039464,0.8446612454256114,0.0,0.0,0.796434927377287,0,0.0,0.030685419337509644,0.0,0.0,0.0,0.030685419337509644,0.0,0.0,135.19144593857482,-24.54986082968604,1.0,,,,,,,0.7342266592609311,False,0.0,2592.787617217005,2685.8485494613656,False,0.030685419337509644,2.0,0.0
2640.5843002683096,scheduling,,"[5.0,2.0,2.0,52.0,-24.54986000061035,1.0,-63.67078399658203,-83.21991729736328,0.7964349389076233,0.0,1.0,1.0]",,,,,,,,,,,,,,,,,,-24.54986082968604,1.0,3,0,True,"{""mid"":5,""t0"":2640.5843002683096,""t1"":2662.61308580075,""jid"":46,""oid"":2}",2661.5937957808383,True,,False,0.0,,,,,,0.0
2662.61308580075,maintenance,5,"[0.812079906463623,-0.08818595856428146,2.404916763305664,0.8454332947731018,0.0,-74.68517303466797,52.0,-24.54986000061035,1.0,1.0,0.10709165036678314,0.0,78.1886978149414,0.812079906463623,0.009999999776482582,336.9891357421875]",0,DN,0.0,0.8120798960967361,-0.08818596014354618,2.4049167889255787,0.845433271650249,0,0.0,0.1070916474342466,0.0,0.0,0.0,0.1070916474342466,0.0,0.0,336.9891433326652,-24.54986082968604,1.0,,,,,,,0.0,False,0.0,2662.61308580075,2740.801787146681,False,0.1070916474342466,0.0,0.0
2662.61308580075,scheduling,,"[5.0,2.0,2.0,52.0,-24.54986000061035,1.0,-74.68517303466797,-103.04582214355469,0.8454332947731018,0.0,1.0,1.0]",,,,,,,,,,,,,,,,,,-24.54986082968604,1.0,3,0,True,"{""mid"":1,""t0"":2662.61308580075,""t1"":2667.344925976276,""jid"":46,""oid"":3}",2661.5937957808383,True,,False,0.0,,,,,,0.0
2667.344925976276,maintenance,1,"[0.7016204595565796,-0.042967040091753006,2.365079641342163,0.830884575843811,0.22755058109760284,-71.08694458007812,52.0,-24.54986000061035,1.0,1.0,0.26576733589172363,9.102023124694824,41.44728469848633,0.7016204595565796,0.009999999776482582,333.1755676269531]",0,DN,0.0,0.7016204700129731,-0.04296703928291912,2.3650796449773255,0.830884555236973,0,0.0,0.26576733792135226,0.0,0.0,0.0,0.26576733792135226,0.0,0.0,333.1755776010964,-24.54986082968604,1.0,,,,,,,0.2275505879476744,False,0.0,2676.446949494183,2708.792211484574,False,0.26576733792135226,0.0,0.0
2667.344925976276,scheduling,,"[5.0,2.0,2.0,52.0,-24.54986000061035,1.0,-71.08694458007812,-106.11164855957031,0.830884575843811,0.0,1.0,1.0]",,,,,,,,,,,,,,,,,,-24.54986082968604,1.0,3,0,True,"{""mid"":1,""t0"":2667.344925976276,""t1"":2697.688572544925,""jid"":46,""oid"":4}",2661.5937957808383,True,,False,0.0,,,,,,0.0
2678.478090332349,scheduling,,"[5.0,2.0,1.0,52.0,-24.54986000061035,1.0,-82.2201156616211,-117.24481201171875,0.8719715476036072,0.1666666716337204,1.0,1.0]",,,,,,,,,,,,,,,,,,-24.54986082968604,1.0,3,0,True,"{""mid"":3,""t0"":2678.478090332349,""t1"":2717.7115202248287,""jid"":47,""oid"":0}",2706.5690085003544,True,,False,0.0,,,,,,0.0
2697.688572544925,maintenance,1,"[0.5752719044685364,-0.12634854018688202,0.0,0.9734914302825928,0.0,-145.2114715576172,52.0,-24.54986000061035,1.0,1.0,0.5615071058273315,0.0,20.0,0.5752719044685364,0.009999999776482582,363.51922607421875]",2,CM,18.027757122798977,0.5752719283095398,-0.12634854170343335,0.0,0.9734914189367347,0,0.0,0.5615070798652123,0.0,0.0,0.0,0.5615070798652123,0.0,0.0,363.5192241697455,-24.54986082968604,1.0,,,,,,,0.0,False,0.0,2697.688572544925,2717.688572544925,False,0.5615070798652123,2.0,0.0
2717.7115202248287,maintenance,3,"[0.930061936378479,-0.0699380412697792,4.719347953796387,0.9571489095687866,0.0,-126.00099182128906,52.0,-24.54986000061035,1.0,1.0,0.035549938678741455,0.0,104.09375762939453,0.930061936378479,0.009999999776482582,39.233428955078125]",0,DN,0.0,0.9300619604077449,-0.06993803959225509,4.719348187796443,0.9571489328265484,0,0.0,0.03554993932525931,0.0,0.0,0.0,0.03554993932525931,0.0,0.0,39.23342989247976,-24.54986082968604,1.0,,,,,,,0.0,False,0.0,2717.7115202248287,2821.8052754385785,False,0.03554993932525931,0.0,0.0
2717.7115202248287,scheduling,,"[6.0,1.0,1.0,52.0,-24.54986000061035,1.0,-126.00099182128906,-126.00099182128906,0.9571489095687866,0.0,1.0,1.0]",,,,,,,,,,,,,,,,,,-24.54986082968604,1.0,3,5,True,"{""mid"":0,""t0"":2717.7115202248287,""t1"":2737.4705615462394,""jid"":47,""oid"":1}",2706.5690085003544,True,,False,0.0,,,,,,0.0
2737.4705615462394,scheduling,,"[6.0,1.0,1.0,52.0,-24.54986000061035,1.0,-124.76448822021484,-124.76448822021484,0.955803632736206,0.0,1.0,1.0]",,,,,,,,,,,,,,,,,,-24.54986082968604,1.0,3,5,True,"{""mid"":0,""t0"":2737.4705615462394,""t1"":2764.730172719913,""jid"":47,""oid"":2}",2706.5690085003544,True,,False,0.0,,,,,,0.0
2764.730172719913,scheduling,,"[6.0,1.0,1.0,52.0,-24.54986000061035,1.0,-107.21330261230469,-107.21330261230469,0.9314596652984619,0.0,1.0,1.0]",,,,,,,,,,,,,,,,,,-24.54986082968604,1.0,3,0,True,"{""mid"":0,""t0"":2764.730172719913,""t1"":2804.7896883205954,""jid"":47,""oid"":3}",2706.5690085003544,True,,False,0.0,,,,,,0.0
2804.7896883205954,maintenance,0,"[0.8863166570663452,-0.040767230093479156,7.023205280303955,0.955803632736206,1.0,-124.76448822021484,52.0,-24.54986000061035,1.0,1.0,0.05400470271706581,40.0,96.68641662597656,0.8863166570663452,0.009999999776482582,549.4658203125]",2,CM,34.74914353530923,0.7999331666109174,0.0,0.0,0.9559938209179332,0,0.0,0.054004703982654126,0.0,0.0,0.0,0.054004703982654126,0.0,0.0,616.784922204909,-24.54986082968604,1.0,,,,,,,1.0,False,0.0,2777.4705615462394,2834.1569785090282,False,0.054004703982654126,2.0,0.0
2804.7896883205954,scheduling,,"[5.0,1.0,1.0,52.0,-24.54986000061035,1.0,-124.93701171875,-124.93701171875,0.9559938311576843,0.0,1.0,1.0]",,,,,,,,,,,,,,,,,,-24.54986082968604,1.0,3,5,True,"{""mid"":1,""t0"":2804.7896883205954,""t1"":2831.6749124614157,""jid"":47,""oid"":4}",2706.5690085003544,True,,False,0.0,,,,,,0.0
2831.6749124614157,maintenance,1,"[0.8673531413078308,-0.13264688849449158,2.0155251026153564,0.0,0.0,150.0,52.0,-24.54986000061035,2.0,1.0,0.064553402364254,0.0,92.6916275024414,0.8673531413078308,0.009999999776482582,115.95858001708984]",0,DN,0.0,0.8673531188871572,-0.13264688111284284,2.0155251042783253,0.0,0,0.0,0.06455340514408599,0.0,0.0,0.0,0.06455340514408599,0.0,0.0,115.95858279369168,-24.54986082968604,2.0,,,,,,,0.0,False,0.0,2831.6749124614157,2924.36653736083,False,0.06455340514408599,0.0,0.0
