sequence_id,family,source_split,data_no,time,end_index,dust_feed,health_remaining_true,dp_proxy_health,rul_true,total_life,is_observed,is_tail_reference,health_remaining_pred,rul_pred,model,fold
test_42,A2,test,42,0.10000000149011612,0,236.42893981933594,0.99786776304245,1.0,46.79999923706055,46.900001525878906,True,False,0.9367821216583252,43.93508293519153,TCN,2
test_42,A2,test,42,0.20000000298023224,1,236.42893981933594,0.9957355856895447,1.0,46.70000076293945,46.900001525878906,True,False,1.0,46.900001525878906,TCN,2
test_42,A2,test,42,0.30000001192092896,2,236.42893981933594,0.9936033487319946,1.0,46.599998474121094,46.900001525878906,True,False,1.0,46.900001525878906,TCN,2
test_42,A2,test,42,0.4000000059604645,3,236.42893981933594,0.9914711713790894,1.0,46.5,46.900001525878906,True,False,1.0,46.900001525878906,TCN,2
test_42,A2,test,42,0.5,4,236.42893981933594,0.9893389940261841,1.0,46.400001525878906,46.900001525878906,True,False,0.999120831489563,46.858768521397906,TCN,2
test_42,A2,test,42,0.6000000238418579,5,236.42893981933594,0.987206757068634,1.0,46.29999923706055,46.900001525878906,True,False,1.0,46.900001525878906,TCN,2
test_42,A2,test,42,0.699999988079071,6,236.42893981933594,0.9850746393203735,1.0,46.20000076293945,46.900001525878906,True,False,1.0,46.900001525878906,TCN,2
test_42,A2,test,42,0.800000011920929,7,236.42893981933594,0.9829423427581787,1.0,46.099998474121094,46.900001525878906,True,False,0.978888213634491,45.9098587131225,TCN,2
test_42,A2,test,42,0.8999999761581421,8,236.42893981933594,0.9808102250099182,1.0,46.0,46.900001525878906,True,False,0.9980695247650146,46.80946223441242,TCN,2
test_42,A2,test,42,1.0,9,236.42893981933594,0.9786780476570129,1.0,45.900001525878906,46.900001525878906,True,False,0.96532142162323,45.27357614709308,TCN,2
test_42,A2,test,42,1.100000023841858,10,236.42893981933594,0.9765458106994629,1.0,45.79999923706055,46.900001525878906,True,False,0.9218906164169312,43.23667131664752,TCN,2
test_42,A2,test,42,1.2000000476837158,11,236.42893981933594,0.9744136333465576,1.0,45.70000076293945,46.900001525878906,True,False,0.9111114144325256,42.73112672713114,TCN,2
test_42,A2,test,42,1.2999999523162842,12,236.42893981933594,0.9722813963890076,1.0,45.599998474121094,46.900001525878906,True,False,0.8343367576599121,39.13039520734674,TCN,2
test_42,A2,test,42,1.399999976158142,13,236.42893981933594,0.9701492190361023,1.0,45.5,46.900001525878906,True,False,0.8310324549674988,38.975423406030586,TCN,2
test_42,A2,test,42,1.5,14,236.42893981933594,0.968017041683197,1.0,45.400001525878906,46.900001525878906,True,False,0.7915515899658203,37.12377077720885,TCN,2
test_42,A2,test,42,1.600000023841858,15,236.42893981933594,0.965884804725647,1.0,45.29999923706055,46.900001525878906,True,False,0.8025648593902588,37.64029313001993,TCN,2
test_42,A2,test,42,1.7000000476837158,16,236.42893981933594,0.9637526273727417,1.0,45.20000076293945,46.900001525878906,True,False,0.7841812372207642,36.77810122221945,TCN,2
test_42,A2,test,42,1.7999999523162842,17,236.42893981933594,0.9616203904151917,1.0,45.099998474121094,46.900001525878906,True,False,0.7829473614692688,36.72023244759157,TCN,2
test_42,A2,test,42,1.899999976158142,18,236.42893981933594,0.9594882130622864,1.0,45.0,46.900001525878906,True,False,0.7757769823074341,36.38394165396039,TCN,2
test_42,A2,test,42,2.0,19,236.42893981933594,0.9573560953140259,1.0,44.900001525878906,46.900001525878906,True,False,0.7775624990463257,36.46768239173889,TCN,2
test_42,A2,test,42,2.0999999046325684,20,236.42893981933594,0.9552238583564758,1.0,44.79999923706055,46.900001525878906,True,False,0.7762395143508911,36.405634407504294,TCN,2
test_42,A2,test,42,2.200000047683716,21,236.42893981933594,0.9530916810035706,1.0,44.70000076293945,46.900001525878906,True,False,0.7742100358009338,36.31045186041456,TCN,2
test_42,A2,test,42,2.299999952316284,22,236.42893981933594,0.9509594440460205,1.0,44.599998474121094,46.900001525878906,True,False,0.7770435214042664,36.44334233953441,TCN,2
test_42,A2,test,42,2.4000000953674316,23,236.42893981933594,0.9488272666931152,1.0,44.5,46.900001525878906,True,False,0.7764735221862793,36.41660937534107,TCN,2
test_42,A2,test,42,2.5,24,236.42893981933594,0.94669508934021,1.0,44.400001525878906,46.900001525878906,True,False,0.7774061560630798,36.4603499055861,TCN,2
test_42,A2,test,42,2.5999999046325684,25,236.42893981933594,0.9445628523826599,1.0,44.29999923706055,46.900001525878906,True,False,0.7758487462997437,36.387307385309214,TCN,2
test_42,A2,test,42,2.700000047683716,26,236.42893981933594,0.9424306750297546,1.0,44.20000076293945,46.900001525878906,True,False,0.7719870805740356,36.206195256881074,TCN,2
test_42,A2,test,42,2.799999952316284,27,236.42893981933594,0.9402984380722046,1.0,44.099998474121094,46.900001525878906,True,False,0.7731093168258667,36.25882813880435,TCN,2
test_42,A2,test,42,2.9000000953674316,28,236.42893981933594,0.9381662607192993,1.0,44.0,46.900001525878906,True,False,0.7675174474716187,35.9965694575576,TCN,2
test_42,A2,test,42,3.0,29,236.42893981933594,0.9360341429710388,1.0,43.900001525878906,46.900001525878906,True,False,0.7720174789428711,36.20762094042584,TCN,2
test_42,A2,test,42,3.0999999046325684,30,236.42893981933594,0.933901846408844,1.0,43.79999923706055,46.900001525878906,True,False,0.7734816074371338,36.276288569040844,TCN,2
test_42,A2,test,42,3.200000047683716,31,236.42893981933594,0.9317697286605835,1.0,43.70000076293945,46.900001525878906,True,False,0.7724794149398804,36.229285739390434,TCN,2
test_42,A2,test,42,3.299999952316284,32,236.42893981933594,0.9296374917030334,1.0,43.599998474121094,46.900001525878906,True,False,0.769424557685852,36.086012929515164,TCN,2
test_42,A2,test,42,3.4000000953674316,33,236.42893981933594,0.9275053143501282,1.0,43.5,46.900001525878906,True,False,0.7718824148178101,36.20128643275439,TCN,2
test_42,A2,test,42,3.5,34,236.42893981933594,0.9253731369972229,1.0,43.400001525878906,46.900001525878906,True,False,0.7699023485183716,36.10842132028938,TCN,2
test_42,A2,test,42,3.5999999046325684,35,236.42893981933594,0.9232409000396729,1.0,43.29999923706055,46.900001525878906,True,False,0.7716651558876038,36.1910969885962,TCN,2
test_42,A2,test,42,3.700000047683716,36,236.42893981933594,0.9211087226867676,1.0,43.20000076293945,46.900001525878906,True,False,0.7693475484848022,36.08240119786842,TCN,2
test_42,A2,test,42,3.799999952316284,37,236.42893981933594,0.9189764857292175,1.0,43.099998474121094,46.900001525878906,True,False,0.7752155661582947,36.3576112357091,TCN,2
test_42,A2,test,42,3.9000000953674316,38,236.42893981933594,0.9168443083763123,1.0,43.0,46.900001525878906,True,False,0.7772974371910095,36.45525099032011,TCN,2
test_42,A2,test,42,4.0,39,236.42893981933594,0.914712131023407,1.0,42.900001525878906,46.900001525878906,True,False,0.7737550735473633,36.28911413002788,TCN,2
test_42,A2,test,42,4.099999904632568,40,236.42893981933594,0.9125798940658569,1.0,42.79999923706055,46.900001525878906,True,False,0.7734205722808838,36.27342602011959,TCN,2
test_42,A2,test,42,4.199999809265137,41,236.42893981933594,0.9104477763175964,1.0,42.70000076293945,46.900001525878906,True,False,0.7706903219223022,36.14537727413608,TCN,2
test_42,A2,test,42,4.300000190734863,42,236.42893981933594,0.9083154797554016,1.0,42.599998474121094,46.900001525878906,True,False,0.769891619682312,36.107918137861816,TCN,2
test_42,A2,test,42,4.400000095367432,43,236.42893981933594,0.9061833620071411,1.0,42.5,46.900001525878906,True,False,0.7707256078720093,36.14703218523118,TCN,2
test_42,A2,test,42,4.5,44,236.42893981933594,0.9040511846542358,1.0,42.400001525878906,46.900001525878906,True,False,0.7690797448158264,36.06984120538482,TCN,2
test_42,A2,test,42,4.599999904632568,45,236.42893981933594,0.9019189476966858,1.0,42.29999923706055,46.900001525878906,True,False,0.7699548602104187,36.11088411872652,TCN,2
test_42,A2,test,42,4.699999809265137,46,236.42893981933594,0.8997867703437805,1.0,42.20000076293945,46.900001525878906,True,False,0.7748087644577026,36.338532235330604,TCN,2
test_42,A2,test,42,4.800000190734863,47,236.42893981933594,0.8976545333862305,1.0,42.099998474121094,46.900001525878906,True,False,0.7701231241226196,36.11877569646549,TCN,2
test_42,A2,test,42,4.900000095367432,48,236.42893981933594,0.8955223560333252,1.0,42.0,46.900001525878906,True,False,0.7758346796035767,36.38664765723752,TCN,2
test_42,A2,test,42,5.0,49,236.42893981933594,0.8933901786804199,1.0,41.900001525878906,46.900001525878906,True,False,0.7709925770759583,36.15955304130375,TCN,2
test_42,A2,test,42,5.099999904632568,50,236.42893981933594,0.8912579417228699,1.0,41.79999923706055,46.900001525878906,True,False,0.7729232311248779,36.25010071914403,TCN,2
test_42,A2,test,42,5.199999809265137,51,236.42893981933594,0.8891257643699646,1.0,41.70000076293945,46.900001525878906,True,False,0.7759894132614136,36.393904666026174,TCN,2
test_42,A2,test,42,5.300000190734863,52,236.42893981933594,0.8869935274124146,1.0,41.599998474121094,46.900001525878906,True,False,0.7738169431686401,36.29201581536017,TCN,2
test_42,A2,test,42,5.400000095367432,53,236.42893981933594,0.8848613500595093,1.0,41.5,46.900001525878906,True,False,0.7769969701766968,36.441159086890366,TCN,2
test_42,A2,test,42,5.5,54,236.42893981933594,0.8827292323112488,1.0,41.400001525878906,46.900001525878906,True,False,0.7762952446937561,36.4082481606697,TCN,2
test_42,A2,test,42,5.599999904632568,55,236.42893981933594,0.8805969953536987,1.0,41.29999923706055,46.900001525878906,True,False,0.7741450071334839,36.30740201581193,TCN,2
test_42,A2,test,42,5.699999809265137,56,236.42893981933594,0.8784648180007935,1.0,41.20000076293945,46.900001525878906,True,False,0.7739437818527222,36.29796454983716,TCN,2
test_42,A2,test,42,5.800000190734863,57,236.42893981933594,0.8763325810432434,1.0,41.099998474121094,46.900001525878906,True,False,0.770348846912384,36.12936209564987,TCN,2
test_42,A2,test,42,5.900000095367432,58,236.42893981933594,0.8742004036903381,1.0,41.0,46.900001525878906,True,False,0.7691478729248047,36.073036413799855,TCN,2
test_42,A2,test,42,6.0,59,236.42893981933594,0.8720682263374329,1.0,40.900001525878906,46.900001525878906,True,False,0.770230770111084,36.123824293488724,TCN,2
test_42,A2,test,42,6.099999904632568,60,236.42893981933594,0.8699359893798828,1.0,40.79999923706055,46.900001525878906,True,False,0.7660362720489502,35.92710232797435,TCN,2
test_42,A2,test,42,6.199999809265137,61,236.42893981933594,0.8678038120269775,1.0,40.70000076293945,46.900001525878906,True,False,0.769289493560791,36.07967842184371,TCN,2
test_42,A2,test,42,6.300000190734863,62,236.42893981933594,0.8656715750694275,1.0,40.599998474121094,46.900001525878906,True,False,0.7677657008171082,36.00821253983986,TCN,2
test_42,A2,test,42,6.400000095367432,63,236.42893981933594,0.8635393977165222,1.0,40.5,46.900001525878906,True,False,0.7671456933021545,35.97913418644248,TCN,2
test_42,A2,test,42,6.5,64,236.42893981933594,0.8614072799682617,1.0,40.400001525878906,46.900001525878906,True,False,0.771687924861908,36.19216485352581,TCN,2
test_42,A2,test,42,6.599999904632568,65,236.42893981933594,0.8592749834060669,1.0,40.29999923706055,46.900001525878906,True,False,0.7684593796730042,36.04074607923985,TCN,2
test_42,A2,test,42,6.699999809265137,66,236.42893981933594,0.8571428656578064,1.0,40.20000076293945,46.900001525878906,True,False,0.7703888416290283,36.13123784792151,TCN,2
test_42,A2,test,42,6.800000190734863,67,236.42893981933594,0.8550106287002563,1.0,40.099998474121094,46.900001525878906,True,False,0.7733981609344482,36.27237492793756,TCN,2
test_42,A2,test,42,6.900000095367432,68,236.42893981933594,0.8528784513473511,1.0,40.0,46.900001525878906,True,False,0.7764718532562256,36.416531102519,TCN,2
test_42,A2,test,42,7.0,69,236.42893981933594,0.8507462739944458,1.0,39.900001525878906,46.900001525878906,True,False,0.7725997567176819,36.23492976895295,TCN,2
test_42,A2,test,42,7.099999904632568,70,236.42893981933594,0.8486140370368958,1.0,39.79999923706055,46.900001525878906,True,False,0.7720008492469788,36.206841007663115,TCN,2
test_42,A2,test,42,7.199999809265137,71,236.42893981933594,0.8464818596839905,1.0,39.70000076293945,46.900001525878906,True,False,0.7704931497573853,36.13612989930061,TCN,2
test_42,A2,test,42,7.300000190734863,72,236.42893981933594,0.8443496227264404,1.0,39.599998474121094,46.900001525878906,True,False,0.7677230834960938,36.006213787419256,TCN,2
test_42,A2,test,42,7.400000095367432,73,236.42893981933594,0.8422174453735352,1.0,39.5,46.900001525878906,True,False,0.7697421312332153,36.10090712937108,TCN,2
test_42,A2,test,42,7.5,74,236.42893981933594,0.8400852680206299,1.0,39.400001525878906,46.900001525878906,True,False,0.76953125,36.0910167992115,TCN,2
test_42,A2,test,42,7.599999904632568,75,236.42893981933594,0.8379530310630798,1.0,39.29999923706055,46.900001525878906,True,False,0.7694622278213501,36.0877796589275,TCN,2
test_42,A2,test,42,7.699999809265137,76,236.42893981933594,0.8358209133148193,1.0,39.20000076293945,46.900001525878906,True,False,0.7705140113830566,36.13710830957643,TCN,2
test_42,A2,test,42,7.800000190734863,77,236.42893981933594,0.8336886167526245,1.0,39.099998474121094,46.900001525878906,True,False,0.7705018520355225,36.13653803615853,TCN,2
test_42,A2,test,42,7.900000095367432,78,236.42893981933594,0.831556499004364,1.0,39.0,46.900001525878906,True,False,0.7697270512580872,36.10019987851456,TCN,2
test_42,A2,test,42,8.0,79,236.42893981933594,0.8294243216514587,1.0,38.900001525878906,46.900001525878906,True,False,0.7707732915878296,36.149268551575915,TCN,2
test_42,A2,test,42,8.100000381469727,80,236.42893981933594,0.8272920846939087,1.0,38.79999923706055,46.900001525878906,True,False,0.7727357745170593,36.2413090039513,TCN,2
test_42,A2,test,42,8.199999809265137,81,236.42893981933594,0.8251599073410034,1.0,38.70000076293945,46.900001525878906,True,False,0.7766562104225159,36.42517745389932,TCN,2
test_42,A2,test,42,8.300000190734863,82,236.42893981933594,0.8230276703834534,1.0,38.599998474121094,46.900001525878906,True,False,0.7750866413116455,36.35156466020453,TCN,2
test_42,A2,test,42,8.399999618530273,83,236.42893981933594,0.8208954930305481,1.0,38.5,46.900001525878906,True,False,0.7762070894241333,36.404113678389876,TCN,2
test_42,A2,test,42,8.5,84,236.42893981933594,0.8187633156776428,1.0,38.400001525878906,46.900001525878906,True,False,0.7738893032073975,36.295409501288304,TCN,2
test_42,A2,test,42,8.600000381469727,85,236.42893981933594,0.8166310787200928,1.0,38.29999923706055,46.900001525878906,True,False,0.7696043252944946,36.094444030634804,TCN,2
test_42,A2,test,42,8.699999809265137,86,236.42893981933594,0.8144989013671875,1.0,38.20000076293945,46.900001525878906,True,False,0.7716422080993652,36.1900207372928,TCN,2
test_42,A2,test,42,8.800000190734863,87,236.42893981933594,0.8123666644096375,1.0,38.099998474121094,46.900001525878906,True,False,0.7673156261444092,35.98710403700352,TCN,2
test_42,A2,test,42,8.899999618530273,88,236.42893981933594,0.8102344870567322,1.0,38.0,46.900001525878906,True,False,0.7656275033950806,35.907931077484136,TCN,2
test_42,A2,test,42,9.0,89,236.42893981933594,0.8081023693084717,1.0,37.900001525878906,46.900001525878906,True,False,0.7645641565322876,35.85806010799661,TCN,2
test_42,A2,test,42,9.100000381469727,90,236.42893981933594,0.8059701323509216,1.0,37.79999923706055,46.900001525878906,True,False,0.7661960124969482,35.934594155229206,TCN,2
test_42,A2,test,42,9.199999809265137,91,236.42893981933594,0.8038379549980164,1.0,37.70000076293945,46.900001525878906,True,False,0.7735090255737305,36.277574479689065,TCN,2
test_42,A2,test,42,9.300000190734863,92,236.42893981933594,0.8017057180404663,1.0,37.599998474121094,46.900001525878906,True,False,0.7616508603096008,35.72142651070726,TCN,2
test_42,A2,test,42,9.399999618530273,93,236.42893981933594,0.799573540687561,1.0,37.5,46.900001525878906,True,False,0.7698954343795776,36.108097047169395,TCN,2
test_42,A2,test,42,9.5,94,236.42893981933594,0.7974413633346558,1.0,37.400001525878906,46.900001525878906,True,False,0.7584019899368286,35.56905448526686,TCN,2
test_42,A2,test,42,9.600000381469727,95,236.42893981933594,0.7953091263771057,1.0,37.29999923706055,46.900001525878906,True,False,0.7693325281143188,36.08169674246983,TCN,2
test_42,A2,test,42,9.699999809265137,96,236.42893981933594,0.7931769490242004,1.0,37.20000076293945,46.900001525878906,True,False,0.7676412463188171,36.00237562368011,TCN,2
test_42,A2,test,42,9.800000190734863,97,236.42893981933594,0.7910447120666504,1.0,37.099998474121094,46.900001525878906,True,False,0.7763016223907471,36.40854727466831,TCN,2
test_42,A2,test,42,9.899999618530273,98,236.42893981933594,0.7889125347137451,1.0,37.0,46.900001525878906,True,False,0.7742577791213989,36.31269102221722,TCN,2
test_42,A2,test,42,10.0,99,236.42893981933594,0.7867804169654846,1.0,36.900001525878906,46.900001525878906,True,False,0.7657209634780884,35.91231435551981,TCN,2
test_42,A2,test,42,10.100000381469727,100,236.42893981933594,0.7846481204032898,1.0,36.79999923706055,46.900001525878906,True,False,0.7584067583084106,35.569278121901334,TCN,2
test_42,A2,test,42,10.199999809265137,101,236.42893981933594,0.7825160026550293,1.0,36.70000076293945,46.900001525878906,True,False,0.7451738715171814,34.9486557112009,TCN,2
test_42,A2,test,42,10.300000190734863,102,236.42893981933594,0.7803837656974792,1.0,36.599998474121094,46.900001525878906,True,False,0.7515003681182861,35.24536841144618,TCN,2
test_42,A2,test,42,10.399999618530273,103,236.42893981933594,0.778251588344574,1.0,36.5,46.900001525878906,True,False,0.7372767925262451,34.578282694476,TCN,2
test_42,A2,test,42,10.5,104,236.42893981933594,0.7761194109916687,1.0,36.400001525878906,46.900001525878906,True,False,0.7361912727355957,34.52737181463817,TCN,2
test_42,A2,test,42,10.600000381469727,105,236.42893981933594,0.7739871740341187,1.0,36.29999923706055,46.900001525878906,True,False,0.7269784212112427,34.09528906408832,TCN,2
test_42,A2,test,42,10.699999809265137,106,236.42893981933594,0.7718549966812134,1.0,36.20000076293945,46.900001525878906,True,False,0.728724479675293,34.17717920871655,TCN,2
test_42,A2,test,42,10.800000190734863,107,236.42893981933594,0.7697227597236633,1.0,36.099998474121094,46.900001525878906,True,False,0.7175909876823425,33.655018417258816,TCN,2
test_42,A2,test,42,10.899999618530273,108,236.42893981933594,0.7675905823707581,1.0,36.0,46.900001525878906,True,False,0.7202432155609131,33.779407908810754,TCN,2
test_42,A2,test,42,11.0,109,236.42893981933594,0.7654584050178528,1.0,35.900001525878906,46.900001525878906,True,False,0.7149779796600342,33.53246833702542,TCN,2
test_42,A2,test,42,11.100000381469727,110,236.42893981933594,0.7633261680603027,1.0,35.79999923706055,46.900001525878906,True,False,0.7183541059494019,33.690808665148325,TCN,2
test_42,A2,test,42,11.199999809265137,111,236.42893981933594,0.7611940503120422,1.0,35.70000076293945,46.900001525878906,True,False,0.713569164276123,33.46639489337031,TCN,2
test_42,A2,test,42,11.300000190734863,112,236.42893981933594,0.7590617537498474,1.0,35.599998474121094,46.900001525878906,True,False,0.7065313458442688,33.136321198177484,TCN,2
test_42,A2,test,42,11.399999618530273,113,236.42893981933594,0.7569296360015869,1.0,35.5,46.900001525878906,True,False,0.7094430923461914,33.27288211356063,TCN,2
test_42,A2,test,42,11.5,114,236.42893981933594,0.7547974586486816,1.0,35.400001525878906,46.900001525878906,True,False,0.705150842666626,33.071575597039555,TCN,2
test_42,A2,test,42,11.600000381469727,115,236.42893981933594,0.7526652216911316,1.0,35.29999923706055,46.900001525878906,True,False,0.7100375890731812,33.300764010963576,TCN,2
test_42,A2,test,42,11.699999809265137,116,236.42893981933594,0.7505330443382263,1.0,35.20000076293945,46.900001525878906,True,False,0.7097771763801575,33.28855065526341,TCN,2
test_42,A2,test,42,11.800000190734863,117,236.42893981933594,0.7484008073806763,1.0,35.099998474121094,46.900001525878906,True,False,0.7094378471374512,33.272636113262706,TCN,2
test_42,A2,test,42,11.899999618530273,118,236.42893981933594,0.746268630027771,1.0,35.0,46.900001525878906,True,False,0.706544816493988,33.13695297166987,TCN,2
test_42,A2,test,42,12.0,119,236.42893981933594,0.7441364526748657,1.0,34.900001525878906,46.900001525878906,True,False,0.6971725225448608,32.69739237115482,TCN,2
test_42,A2,test,42,12.100000381469727,120,236.42893981933594,0.7420042157173157,1.0,34.79999923706055,46.900001525878906,True,False,0.7046648263931274,33.04878143307087,TCN,2
test_42,A2,test,42,12.199999809265137,121,236.42893981933594,0.7398720383644104,1.0,34.70000076293945,46.900001525878906,True,False,0.7064651846885681,33.13321823987417,TCN,2
test_42,A2,test,42,12.300000190734863,122,236.42893981933594,0.7377398014068604,1.0,34.599998474121094,46.900001525878906,True,False,0.7081555724143982,33.212497426794926,TCN,2
test_42,A2,test,42,12.399999618530273,123,236.42893981933594,0.7356076240539551,1.0,34.5,46.900001525878906,True,False,0.704743504524231,33.05247143753968,TCN,2
test_42,A2,test,42,12.5,124,236.42893981933594,0.7334755063056946,1.0,34.400001525878906,46.900001525878906,True,False,0.6971416473388672,32.695944323946605,TCN,2
test_42,A2,test,42,12.600000381469727,125,236.42893981933594,0.7313432693481445,1.0,34.29999923706055,46.900001525878906,True,False,0.7024209499359131,32.943543623803635,TCN,2
test_42,A2,test,42,12.699999809265137,126,236.42893981933594,0.7292110919952393,1.0,34.20000076293945,46.900001525878906,True,False,0.7006592154502869,32.86091827373957,TCN,2
test_42,A2,test,42,12.800000190734863,127,236.42893981933594,0.7270788550376892,1.0,34.099998474121094,46.900001525878906,True,False,0.7105721831321716,33.325836473145955,TCN,2
test_42,A2,test,42,12.899999618530273,128,236.42893981933594,0.7249466776847839,1.0,34.0,46.900001525878906,True,False,0.6983655095100403,32.75334346164209,TCN,2
test_42,A2,test,42,13.0,129,236.42893981933594,0.7228145003318787,1.0,33.900001525878906,46.900001525878906,True,False,0.7072675228118896,33.17084789908222,TCN,2
test_42,A2,test,42,13.100000381469727,130,236.42893981933594,0.7206822633743286,1.0,33.79999923706055,46.900001525878906,True,False,0.6912606954574585,32.42012767173492,TCN,2
test_42,A2,test,42,13.199999809265137,131,236.42893981933594,0.7185500860214233,1.0,33.70000076293945,46.900001525878906,True,False,0.6933678984642029,32.518955495966566,TCN,2
test_42,A2,test,42,13.300000190734863,132,236.42893981933594,0.7164178490638733,1.0,33.599998474121094,46.900001525878906,True,False,0.7022053003311157,32.93342965700958,TCN,2
test_42,A2,test,42,13.399999618530273,133,236.42893981933594,0.714285671710968,1.0,33.5,46.900001525878906,True,False,0.6930539608001709,32.504231819044435,TCN,2
test_42,A2,test,42,13.5,134,236.42893981933594,0.7121535539627075,1.0,33.400001525878906,46.900001525878906,True,False,0.694005012512207,32.54883614579012,TCN,2
test_42,A2,test,42,13.600000381469727,135,236.42893981933594,0.7100212574005127,1.0,33.29999923706055,46.900001525878906,True,False,0.6826539039611816,32.01646913742661,TCN,2
test_42,A2,test,42,13.699999809265137,136,236.42893981933594,0.7078891396522522,1.0,33.20000076293945,46.900001525878906,True,False,0.688065230846405,32.27026037660062,TCN,2
test_42,A2,test,42,13.800000190734863,137,236.42893981933594,0.7057569026947021,1.0,33.099998474121094,46.900001525878906,True,False,0.6765256524085999,31.729054130259556,TCN,2
test_42,A2,test,42,13.899999618530273,138,236.42893981933594,0.7036247253417969,1.0,33.0,46.900001525878906,True,False,0.6743398308753967,31.62653909701703,TCN,2
test_42,A2,test,42,14.0,139,236.42893981933594,0.7014925479888916,1.0,32.900001525878906,46.900001525878906,True,False,0.6652411222457886,31.19980964840488,TCN,2
test_42,A2,test,42,14.100000381469727,140,236.42893981933594,0.6993603110313416,1.0,32.79999923706055,46.900001525878906,True,False,0.6645621657371521,31.167966587113824,TCN,2
test_42,A2,test,42,14.199999809265137,141,236.42893981933594,0.6972281336784363,1.0,32.70000076293945,46.900001525878906,True,False,0.6575912237167358,30.841029395719488,TCN,2
test_42,A2,test,42,14.300000190734863,142,236.42893981933594,0.6950958967208862,1.0,32.599998474121094,46.900001525878906,True,False,0.6556692123413086,30.750887059279194,TCN,2
test_42,A2,test,42,14.399999618530273,143,236.42893981933594,0.692963719367981,1.0,32.5,46.900001525878906,True,False,0.6524238586425781,30.598679965856718,TCN,2
test_42,A2,test,42,14.5,144,236.42893981933594,0.6908315420150757,1.0,32.400001525878906,46.900001525878906,True,False,0.6446726322174072,30.23514743468877,TCN,2
test_42,A2,test,42,14.600000381469727,145,236.42893981933594,0.6886993050575256,1.0,32.29999923706055,46.900001525878906,True,False,0.6473338007926941,30.359956244930345,TCN,2
test_42,A2,test,42,14.699999809265137,146,236.42893981933594,0.6865671873092651,1.0,32.20000076293945,46.900001525878906,True,False,0.6457458138465881,30.2854796547349,TCN,2
test_42,A2,test,42,14.800000190734863,147,236.42893981933594,0.6844348907470703,1.0,32.099998474121094,46.900001525878906,True,False,0.6462047100067139,30.307001885345016,TCN,2
test_42,A2,test,42,14.899999618530273,148,236.42893981933594,0.6823027729988098,1.0,32.0,46.900001525878906,True,False,0.639805018901825,30.006856362760573,TCN,2
test_42,A2,test,42,15.0,149,236.42893981933594,0.6801705360412598,1.0,31.899999618530273,46.900001525878906,True,False,0.6389140486717224,29.96506985760925,TCN,2
test_42,A2,test,42,15.100000381469727,150,236.42893981933594,0.6780383586883545,1.0,31.799999237060547,46.900001525878906,True,False,0.6355153322219849,29.80567005093053,TCN,2
test_42,A2,test,42,15.199999809265137,151,236.42893981933594,0.6759061813354492,1.0,31.700000762939453,46.900001525878906,True,False,0.631839394569397,29.633268569415122,TCN,2
test_42,A2,test,42,15.300000190734863,152,236.42893981933594,0.6737739443778992,1.0,31.600000381469727,46.900001525878906,True,False,0.6373864412307739,29.893425066297823,TCN,2
test_42,A2,test,42,15.399999618530273,153,236.42893981933594,0.6716417670249939,1.0,31.5,46.900001525878906,True,False,0.6320719122886658,29.644173650803623,TCN,2
test_42,A2,test,42,15.5,154,236.42893981933594,0.6695095896720886,1.0,31.399999618530273,46.900001525878906,True,False,0.6347296833992004,29.768823119943136,TCN,2
test_42,A2,test,42,15.600000381469727,155,236.42893981933594,0.6673773527145386,1.0,31.299999237060547,46.900001525878906,True,False,0.6297544240951538,29.535483450991705,TCN,2
test_42,A2,test,42,15.699999809265137,156,236.42893981933594,0.6652451753616333,1.0,31.200000762939453,46.900001525878906,True,False,0.6250705718994141,29.31581077586452,TCN,2
test_42,A2,test,42,15.800000190734863,157,236.42893981933594,0.663112998008728,1.0,31.100000381469727,46.900001525878906,True,False,0.6266499757766724,29.389884820117913,TCN,2
test_42,A2,test,42,15.899999618530273,158,236.42893981933594,0.660980761051178,1.0,31.0,46.900001525878906,True,False,0.6276077032089233,29.43480223815186,TCN,2
test_42,A2,test,42,16.0,159,236.42893981933594,0.6588485836982727,1.0,30.899999618530273,46.900001525878906,True,False,0.626631498336792,29.38901822815933,TCN,2
test_42,A2,test,42,16.100000381469727,160,236.42893981933594,0.6567164063453674,1.0,30.799999237060547,46.900001525878906,True,False,0.6253267526626587,29.327825654051594,TCN,2
test_42,A2,test,42,16.200000762939453,161,236.42893981933594,0.6545842289924622,1.0,30.700000762939453,46.900001525878906,True,False,0.6273586750030518,29.423122814916496,TCN,2
test_42,A2,test,42,16.299999237060547,162,236.42893981933594,0.6524519920349121,1.0,30.600000381469727,46.900001525878906,True,False,0.6212088465690613,29.13469585197845,TCN,2
test_42,A2,test,42,16.399999618530273,163,236.42893981933594,0.6503198146820068,1.0,30.5,46.900001525878906,True,False,0.6215929985046387,29.1527125783432,TCN,2
test_42,A2,test,42,16.5,164,236.42893981933594,0.6481875777244568,1.0,30.399999618530273,46.900001525878906,True,False,0.6270933151245117,29.41067743620806,TCN,2
test_42,A2,test,42,16.600000381469727,165,236.42893981933594,0.6460554003715515,1.0,30.299999237060547,46.900001525878906,True,False,0.6212193965911865,29.13519064803222,TCN,2
test_42,A2,test,42,16.700000762939453,166,236.42893981933594,0.6439232230186462,1.0,30.200000762939453,46.900001525878906,True,False,0.6280028820037842,29.45333612423383,TCN,2
test_42,A2,test,42,16.799999237060547,167,236.42893981933594,0.641791045665741,1.0,30.100000381469727,46.900001525878906,True,False,0.6160463094711304,28.892572854208083,TCN,2
test_42,A2,test,42,16.899999618530273,168,236.42893981933594,0.6396588087081909,1.0,30.0,46.900001525878906,True,False,0.6149142384529114,28.83947872172621,TCN,2
test_42,A2,test,42,17.0,169,236.42893981933594,0.6375266313552856,1.0,29.899999618530273,46.900001525878906,True,False,0.6102885007858276,28.622531618081666,TCN,2
test_42,A2,test,42,17.100000381469727,170,236.42893981933594,0.6353943943977356,1.0,29.799999237060547,46.900001525878906,True,False,0.6057541370391846,28.409869951445216,TCN,2
test_42,A2,test,42,17.200000762939453,171,236.42893981933594,0.6332622766494751,1.0,29.700000762939453,46.900001525878906,True,False,0.6051260232925415,28.38041141576923,TCN,2
test_42,A2,test,42,17.299999237060547,172,236.42893981933594,0.631130039691925,1.0,29.600000381469727,46.900001525878906,True,False,0.6101406216621399,28.615596086955065,TCN,2
test_42,A2,test,42,17.399999618530273,173,236.42893981933594,0.6289978623390198,1.0,29.5,46.900001525878906,True,False,0.6100500226020813,28.611346990900074,TCN,2
test_42,A2,test,42,17.5,174,236.42893981933594,0.6268656253814697,0.998345673084259,29.399999618530273,46.900001525878906,True,False,0.598619818687439,28.07527040986224,TCN,2
test_42,A2,test,42,17.600000381469727,175,236.42893981933594,0.6247334480285645,0.998345673084259,29.299999237060547,46.900001525878906,True,False,0.599229633808136,28.103870739953436,TCN,2
test_42,A2,test,42,17.700000762939453,176,236.42893981933594,0.6226012706756592,0.9931561946868896,29.200000762939453,46.900001525878906,True,False,0.5826225280761719,27.324997455783887,TCN,2
test_42,A2,test,42,17.799999237060547,177,236.42893981933594,0.6204690933227539,0.9929988980293274,29.100000381469727,46.900001525878906,True,False,0.5865097045898438,27.50730604020646,TCN,2
test_42,A2,test,42,17.899999618530273,178,236.42893981933594,0.6183368563652039,0.9931561946868896,29.0,46.900001525878906,True,False,0.582802414894104,27.33343414781939,TCN,2
test_42,A2,test,42,18.0,179,236.42893981933594,0.6162046790122986,0.9931561946868896,28.899999618530273,46.900001525878906,True,False,0.5812571048736572,27.26095910550248,TCN,2
test_42,A2,test,42,18.100000381469727,180,236.42893981933594,0.6140724420547485,0.9934707283973694,28.799999237060547,46.900001525878906,True,False,0.5806146860122681,27.230829659923074,TCN,2
test_42,A2,test,42,18.200000762939453,181,236.42893981933594,0.611940324306488,0.9929988980293274,28.700000762939453,46.900001525878906,True,False,0.5762298107147217,27.02517900177736,TCN,2
test_42,A2,test,42,18.299999237060547,182,236.42893981933594,0.609808087348938,0.9929988980293274,28.600000381469727,46.900001525878906,True,False,0.574554443359375,26.946604270255193,TCN,2
test_42,A2,test,42,18.399999618530273,183,236.42893981933594,0.6076759099960327,0.9931561946868896,28.5,46.900001525878906,True,False,0.5740283131599426,26.921928763099004,TCN,2
test_42,A2,test,42,18.5,184,236.42893981933594,0.6055436730384827,0.9929988980293274,28.399999618530273,46.900001525878906,True,False,0.5721409916877747,26.833413383174502,TCN,2
test_42,A2,test,42,18.600000381469727,185,236.42893981933594,0.6034114956855774,0.9929988980293274,28.299999237060547,46.900001525878906,True,False,0.5716363191604614,26.809744240873442,TCN,2
test_42,A2,test,42,18.700000762939453,186,236.42893981933594,0.6012793183326721,0.9931561946868896,28.200000762939453,46.900001525878906,True,False,0.5689297318458557,26.68280529168851,TCN,2
test_42,A2,test,42,18.799999237060547,187,236.42893981933594,0.5991470813751221,0.9929988980293274,28.100000381469727,46.900001525878906,True,False,0.5692782402038574,26.69915033421057,TCN,2
test_42,A2,test,42,18.899999618530273,188,236.42893981933594,0.5970149040222168,0.9931561946868896,28.0,46.900001525878906,True,False,0.5685505270957947,26.665020588332027,TCN,2
test_42,A2,test,42,19.0,189,236.42893981933594,0.5948827266693115,0.9929988980293274,27.899999618530273,46.900001525878906,True,False,0.5694815516471863,26.708685641212924,TCN,2
test_42,A2,test,42,19.100000381469727,190,236.42893981933594,0.5927504897117615,0.9929988980293274,27.799999237060547,46.900001525878906,True,False,0.5671582221984863,26.599721486523777,TCN,2
test_42,A2,test,42,19.200000762939453,191,236.42893981933594,0.5906183123588562,0.9931561946868896,27.700000762939453,46.900001525878906,True,False,0.5704283118247986,26.753088694987582,TCN,2
test_42,A2,test,42,19.299999237060547,192,236.42893981933594,0.5884861350059509,0.9929988980293274,27.600000381469727,46.900001525878906,True,False,0.567958414554596,26.637250509246314,TCN,2
test_42,A2,test,42,19.399999618530273,193,236.42893981933594,0.5863538980484009,0.9931561946868896,27.5,46.900001525878906,True,False,0.5704888701438904,26.755928880245392,TCN,2
test_42,A2,test,42,19.5,194,236.42893981933594,0.5842217206954956,0.9931561946868896,27.399999618530273,46.900001525878906,True,False,0.5670173168182373,26.593113023975093,TCN,2
test_42,A2,test,42,19.600000381469727,195,236.42893981933594,0.5820895433425903,0.9931561946868896,27.299999237060547,46.900001525878906,True,False,0.5707798600196838,26.76957630586412,TCN,2
test_42,A2,test,42,19.700000762939453,196,236.42893981933594,0.5799573659896851,0.9929988980293274,27.200000762939453,46.900001525878906,True,False,0.5683525204658508,26.655734077085526,TCN,2
test_42,A2,test,42,19.799999237060547,197,236.42893981933594,0.577825129032135,0.9929988980293274,27.100000381469727,46.900001525878906,True,False,0.5716856718063354,26.81205888004024,TCN,2
test_42,A2,test,42,19.899999618530273,198,236.42893981933594,0.5756929516792297,0.9931561946868896,27.0,46.900001525878906,True,False,0.5683651566505432,26.65632671416688,TCN,2
test_42,A2,test,42,20.0,199,236.42893981933594,0.5735607147216797,0.9931561946868896,26.899999618530273,46.900001525878906,True,False,0.5702120065689087,26.74294397815629,TCN,2
test_42,A2,test,42,20.100000381469727,200,236.42893981933594,0.5714285373687744,0.9931561946868896,26.799999237060547,46.900001525878906,True,False,0.5672445893287659,26.603772105065673,TCN,2
test_42,A2,test,42,20.200000762939453,201,236.42893981933594,0.5692963600158691,0.9931561946868896,26.700000762939453,46.900001525878906,True,False,0.5702899694442749,26.746600437129928,TCN,2
test_42,A2,test,42,20.299999237060547,202,236.42893981933594,0.5671641826629639,0.9931561946868896,26.600000381469727,46.900001525878906,True,False,0.5673139095306396,26.607023222639327,TCN,2
test_42,A2,test,42,20.399999618530273,203,236.42893981933594,0.5650319457054138,0.9931561946868896,26.5,46.900001525878906,True,False,0.570006787776947,26.73331921650015,TCN,2
test_42,A2,test,42,20.5,204,236.42893981933594,0.5628997683525085,0.9931561946868896,26.399999618530273,46.900001525878906,True,False,0.5677216649055481,26.62614695034472,TCN,2
test_42,A2,test,42,20.600000381469727,205,236.42893981933594,0.5607675313949585,0.9931561946868896,26.299999237060547,46.900001525878906,True,False,0.5696560740470886,26.716870742034644,TCN,2
test_42,A2,test,42,20.700000762939453,206,236.42893981933594,0.558635413646698,0.9931561946868896,26.200000762939453,46.900001525878906,True,False,0.5683155059814453,26.653998097710428,TCN,2
test_42,A2,test,42,20.799999237060547,207,236.42893981933594,0.556503176689148,0.9931561946868896,26.100000381469727,46.900001525878906,True,False,0.5687967538833618,26.676568625044638,TCN,2
test_42,A2,test,42,20.899999618530273,208,236.42893981933594,0.5543709993362427,0.9931561946868896,26.0,46.900001525878906,True,False,0.5693362951278687,26.701873110235283,TCN,2
test_42,A2,test,42,21.0,209,236.42893981933594,0.5522387623786926,0.9931561946868896,25.899999618530273,46.900001525878906,True,False,0.5678473114967346,26.632039775663088,TCN,2
test_42,A2,test,42,21.100000381469727,210,236.42893981933594,0.5501065850257874,0.9931561946868896,25.799999237060547,46.900001525878906,True,False,0.569023072719574,26.687182978808323,TCN,2
test_42,A2,test,42,21.200000762939453,211,236.42893981933594,0.5479744076728821,0.9933134317398071,25.700000762939453,46.900001525878906,True,False,0.5674413442611694,26.612999911695624,TCN,2
test_42,A2,test,42,21.299999237060547,212,236.42893981933594,0.5458422303199768,0.9931561946868896,25.600000381469727,46.900001525878906,True,False,0.5692217946052551,26.696503035549995,TCN,2
test_42,A2,test,42,21.399999618530273,213,236.42893981933594,0.5437099933624268,0.9931561946868896,25.5,46.900001525878906,True,False,0.567540168762207,26.61763478094508,TCN,2
test_42,A2,test,42,21.5,214,236.42893981933594,0.5415778160095215,0.9929988980293274,25.399999618530273,46.900001525878906,True,False,0.5692945122718811,26.69991349422571,TCN,2
test_42,A2,test,42,21.600000381469727,215,236.42893981933594,0.5394455790519714,0.9933134317398071,25.299999237060547,46.900001525878906,True,False,0.5692077875137329,26.69584610293623,TCN,2
test_42,A2,test,42,21.700000762939453,216,236.42893981933594,0.5373134613037109,0.9931561946868896,25.200000762939453,46.900001525878906,True,False,0.5704143047332764,26.752431762373817,TCN,2
test_42,A2,test,42,21.799999237060547,217,236.42893981933594,0.5351812243461609,0.9931561946868896,25.100000381469727,46.900001525878906,True,False,0.570561945438385,26.759356111668694,TCN,2
test_42,A2,test,42,21.899999618530273,218,236.42893981933594,0.5330490469932556,0.9953578114509583,25.0,46.900001525878906,True,False,0.5746839046478271,26.95267600488114,TCN,2
test_42,A2,test,42,22.0,219,236.42893981933594,0.5309168100357056,0.998345673084259,24.899999618530273,46.900001525878906,True,False,0.5761611461639404,27.021958634240946,TCN,2
test_42,A2,test,42,22.100000381469727,220,236.42893981933594,0.5287846326828003,0.998345673084259,24.799999237060547,46.900001525878906,True,False,0.5761137008666992,27.019733449727937,TCN,2
test_42,A2,test,42,22.200000762939453,221,236.42893981933594,0.526652455329895,0.998345673084259,24.700000762939453,46.900001525878906,True,False,0.5728725790977478,26.867724833818556,TCN,2
test_42,A2,test,42,22.299999237060547,222,236.42893981933594,0.524520218372345,0.998345673084259,24.600000381469727,46.900001525878906,True,False,0.5749350786209106,26.964456064602018,TCN,2
test_42,A2,test,42,22.399999618530273,223,236.42893981933594,0.5223880410194397,0.9985029101371765,24.5,46.900001525878906,True,False,0.5747374296188354,26.955186326103103,TCN,2
test_42,A2,test,42,22.5,224,236.42893981933594,0.5202558636665344,0.998345673084259,24.399999618530273,46.900001525878906,True,False,0.5781353712081909,27.114549791828722,TCN,2
test_42,A2,test,42,22.600000381469727,225,236.42893981933594,0.5181236267089844,0.998345673084259,24.299999237060547,46.900001525878906,True,False,0.578032374382019,27.1097192405241,TCN,2
test_42,A2,test,42,22.700000762939453,226,236.42893981933594,0.5159914493560791,0.998345673084259,24.200000762939453,46.900001525878906,True,False,0.5782235264778137,27.118684274108546,TCN,2
test_42,A2,test,42,22.799999237060547,227,236.42893981933594,0.5138592720031738,0.998345673084259,24.100000381469727,46.900001525878906,True,False,0.580458402633667,27.223499969228214,TCN,2
test_42,A2,test,42,22.899999618530273,228,236.42893981933594,0.5117270350456238,0.998345673084259,24.0,46.900001525878906,True,False,0.5795997381210327,27.18322860227545,TCN,2
test_42,A2,test,42,23.0,229,236.42893981933594,0.5095948576927185,0.998345673084259,23.899999618530273,46.900001525878906,True,False,0.5809683203697205,27.247415111827195,TCN,2
test_42,A2,test,42,23.100000381469727,230,236.42893981933594,0.5074626803398132,0.980890154838562,23.799999237060547,46.900001525878906,True,False,0.5464549660682678,25.628738742425867,TCN,2
test_42,A2,test,42,23.200000762939453,231,236.42893981933594,0.505330502986908,0.980890154838562,23.700000762939453,46.900001525878906,True,False,0.5551745295524597,26.037686283139465,TCN,2
test_42,A2,test,42,23.299999237060547,232,236.42893981933594,0.5031982660293579,0.9678378701210022,23.600000381469727,46.900001525878906,True,False,0.5432531833648682,25.47857512875089,TCN,2
test_42,A2,test,42,23.399999618530273,233,236.42893981933594,0.5010660886764526,0.9571444988250732,23.5,46.900001525878906,True,False,0.5294110178947449,24.82937754708064,TCN,2
test_42,A2,test,42,23.5,234,236.42893981933594,0.498933881521225,0.9503824710845947,23.399999618530273,46.900001525878906,True,False,0.541917085647583,25.415912143771493,TCN,2
test_42,A2,test,42,23.600000381469727,235,236.42893981933594,0.4968016743659973,0.9459792971611023,23.299999237060547,46.900001525878906,True,False,0.5290107727050781,24.810606047074543,TCN,2
test_42,A2,test,42,23.700000762939453,236,236.42893981933594,0.49466949701309204,0.9415760636329651,23.200000762939453,46.900001525878906,True,False,0.5316540002822876,24.934573424478913,TCN,2
test_42,A2,test,42,23.799999237060547,237,236.42893981933594,0.49253731966018677,0.9395318031311035,23.100000381469727,46.900001525878906,True,False,0.5170928835868835,24.251657029245962,TCN,2
test_42,A2,test,42,23.899999618530273,238,236.42893981933594,0.4904051125049591,0.9373301863670349,23.0,46.900001525878906,True,False,0.5113005042076111,23.979994427519614,TCN,2
test_42,A2,test,42,24.0,239,236.42893981933594,0.48827290534973145,0.9329269528388977,22.899999618530273,46.900001525878906,True,False,0.5000837445259094,23.45392838133239,TCN,2
test_42,A2,test,42,24.100000381469727,240,236.42893981933594,0.4861406981945038,0.9307253956794739,22.799999237060547,46.900001525878906,True,False,0.4965802729129791,23.289615557340085,TCN,2
test_42,A2,test,42,24.200000762939453,241,236.42893981933594,0.4840085208415985,0.9308826327323914,22.700000762939453,46.900001525878906,True,False,0.49228140711784363,23.08799874498868,TCN,2
test_42,A2,test,42,24.299999237060547,242,236.42893981933594,0.48187631368637085,0.9274230599403381,22.600000381469727,46.900001525878906,True,False,0.4877692461013794,22.876378386431497,TCN,2
test_42,A2,test,42,24.399999618530273,243,236.42893981933594,0.4797441065311432,0.9241206645965576,22.5,46.900001525878906,True,False,0.4836849570274353,22.68482522263139,TCN,2
test_42,A2,test,42,24.5,244,236.42893981933594,0.4776119291782379,0.9252214431762695,22.399999618530273,46.900001525878906,True,False,0.48199814558029175,22.605713763186486,TCN,2
test_42,A2,test,42,24.600000381469727,245,236.42893981933594,0.47547972202301025,0.9223907589912415,22.299999237060547,46.900001525878906,True,False,0.47825124859809875,22.429984289004324,TCN,2
test_42,A2,test,42,24.700000762939453,246,236.42893981933594,0.473347544670105,0.9236488342285156,22.200000762939453,46.900001525878906,True,False,0.47781839966773987,22.409683673510017,TCN,2
test_42,A2,test,42,24.799999237060547,247,236.42893981933594,0.4712153375148773,0.9252214431762695,22.100000381469727,46.900001525878906,True,False,0.47797879576683044,22.41720625080211,TCN,2
test_42,A2,test,42,24.899999618530273,248,236.42893981933594,0.46908313035964966,0.9253787398338318,22.0,46.900001525878906,True,False,0.47326427698135376,22.19609531256947,TCN,2
test_42,A2,test,42,25.0,249,236.42893981933594,0.466950923204422,0.9220762848854065,21.899999618530273,46.900001525878906,True,False,0.4751226007938385,22.28325070221058,TCN,2
test_42,A2,test,42,25.100000381469727,250,236.42893981933594,0.4648187458515167,0.9126408696174622,21.799999237060547,46.900001525878906,True,False,0.4669930934906006,21.901976797284078,TCN,2
test_42,A2,test,42,25.200000762939453,251,236.42893981933594,0.46268656849861145,0.9096530079841614,21.700000762939453,46.900001525878906,True,False,0.46874067187309265,21.98393822608955,TCN,2
test_42,A2,test,42,25.299999237060547,252,236.42893981933594,0.4605543613433838,0.9066651463508606,21.600000381469727,46.900001525878906,True,False,0.4696632921695709,22.027209119402187,TCN,2
test_42,A2,test,42,25.399999618530273,253,236.42893981933594,0.45842215418815613,0.9046208262443542,21.5,46.900001525878906,True,False,0.4660814106464386,21.859218870501763,TCN,2
test_42,A2,test,42,25.5,254,236.42893981933594,0.45628994703292847,0.9024192094802856,21.399999618530273,46.900001525878906,True,False,0.465500146150589,21.831957564759477,TCN,2
test_42,A2,test,42,25.600000381469727,255,236.42893981933594,0.4541577398777008,0.9013184905052185,21.299999237060547,46.900001525878906,True,False,0.4574333131313324,21.453623083847333,TCN,2
test_42,A2,test,42,25.700000762939453,256,236.42893981933594,0.4520255923271179,0.9068224430084229,21.200000762939453,46.900001525878906,True,False,0.4568452835083008,21.426044493629888,TCN,2
test_42,A2,test,42,25.799999237060547,257,236.42893981933594,0.44989338517189026,0.9079232215881348,21.100000381469727,46.900001525878906,True,False,0.45544418692588806,21.360333061776828,TCN,2
test_42,A2,test,42,25.899999618530273,258,236.42893981933594,0.4477611780166626,0.9013184905052185,21.0,46.900001525878906,True,False,0.4512732923030853,21.1647180976031,TCN,2
test_42,A2,test,42,26.0,259,236.42893981933594,0.44562897086143494,0.898016095161438,20.899999618530273,46.900001525878906,True,False,0.4525909721851349,21.226517286081844,TCN,2
test_42,A2,test,42,26.100000381469727,260,236.42893981933594,0.4434967637062073,0.8903104662895203,20.799999237060547,46.900001525878906,True,False,0.44864314794540405,21.041364323214566,TCN,2
test_42,A2,test,42,26.200000762939453,261,236.42893981933594,0.4413646161556244,0.883705735206604,20.700000762939453,46.900001525878906,True,False,0.4470207989215851,20.965276151521948,TCN,2
test_42,A2,test,42,26.299999237060547,262,236.42893981933594,0.43923240900039673,0.8782017230987549,20.600000381469727,46.900001525878906,True,False,0.44957655668258667,21.0851411944127,TCN,2
test_42,A2,test,42,26.399999618530273,263,236.42893981933594,0.43710020184516907,0.8772581815719604,20.5,46.900001525878906,True,False,0.4434490501880646,20.79776113046978,TCN,2
test_42,A2,test,42,26.5,264,236.42893981933594,0.4349679946899414,0.8748993873596191,20.399999618530273,46.900001525878906,True,False,0.442049503326416,20.732122380522924,TCN,2
test_42,A2,test,42,26.600000381469727,265,236.42893981933594,0.43283578753471375,0.8695526719093323,20.299999237060547,46.900001525878906,True,False,0.4337480366230011,20.34278357946573,TCN,2
test_42,A2,test,42,26.700000762939453,266,236.42893981933594,0.43070363998413086,0.8771010041236877,20.200000762939453,46.900001525878906,True,False,0.4293666183948517,20.13729505788001,TCN,2
test_42,A2,test,42,26.799999237060547,267,236.42893981933594,0.4285714328289032,0.8726977705955505,20.100000381469727,46.900001525878906,True,False,0.42635706067085266,19.996146796032235,TCN,2
test_42,A2,test,42,26.899999618530273,268,236.42893981933594,0.42643922567367554,0.8682945966720581,20.0,46.900001525878906,True,False,0.42171749472618103,19.77855114614772,TCN,2
test_42,A2,test,42,27.0,269,236.42893981933594,0.4243070185184479,0.8682945966720581,19.899999618530273,46.900001525878906,True,False,0.426847904920578,20.019167392093323,TCN,2
test_42,A2,test,42,27.100000381469727,270,236.42893981933594,0.4221748113632202,0.8615325093269348,19.799999237060547,46.900001525878906,True,False,0.41898849606513977,19.650561104780763,TCN,2
test_42,A2,test,42,27.200000762939453,271,236.42893981933594,0.42004263401031494,0.8580728769302368,19.700000762939453,46.900001525878906,True,False,0.4241164028644562,19.891059941493268,TCN,2
test_42,A2,test,42,27.299999237060547,272,236.42893981933594,0.41791045665740967,0.8549278378486633,19.600000381469727,46.900001525878906,True,False,0.4222734272480011,19.804624382269367,TCN,2
test_42,A2,test,42,27.399999618530273,273,236.42893981933594,0.415778249502182,0.8509963750839233,19.5,46.900001525878906,True,False,0.41711944341659546,19.562902532712087,TCN,2
test_42,A2,test,42,27.5,274,236.42893981933594,0.41364604234695435,0.8401457667350769,19.399999618530273,46.900001525878906,True,False,0.41581401228904724,19.501677810838146,TCN,2
test_42,A2,test,42,27.600000381469727,275,236.42893981933594,0.4115138351917267,0.8371577262878418,19.299999237060547,46.900001525878906,True,False,0.41120201349258423,19.28537506024668,TCN,2
test_42,A2,test,42,27.700000762939453,276,236.42893981933594,0.4093816578388214,0.8344845175743103,19.200000762939453,46.900001525878906,True,False,0.41062021255493164,19.258088595383015,TCN,2
test_42,A2,test,42,27.799999237060547,277,236.42893981933594,0.40724945068359375,0.8333836793899536,19.100000381469727,46.900001525878906,True,False,0.4037550985813141,18.93611473954502,TCN,2
test_42,A2,test,42,27.899999618530273,278,236.42893981933594,0.4051172435283661,0.8291377425193787,19.0,46.900001525878906,True,False,0.40290191769599915,18.896100554721897,TCN,2
test_42,A2,test,42,28.0,279,236.42893981933594,0.4029850661754608,0.828036904335022,18.899999618530273,46.900001525878906,True,False,0.39378124475479126,18.468340979862205,TCN,2
test_42,A2,test,42,28.100000381469727,280,236.42893981933594,0.40085285902023315,0.8335409164428711,18.799999237060547,46.900001525878906,True,False,0.3912942409515381,18.351700497694765,TCN,2
test_42,A2,test,42,28.200000762939453,281,236.42893981933594,0.3987206816673279,0.8291377425193787,18.700000762939453,46.900001525878906,True,False,0.3896627724170685,18.275184620938717,TCN,2
test_42,A2,test,42,28.299999237060547,282,236.42893981933594,0.3965884745121002,0.8225330114364624,18.600000381469727,46.900001525878906,True,False,0.3888860046863556,18.23875421318303,TCN,2
test_42,A2,test,42,28.399999618530273,283,236.42893981933594,0.39445626735687256,0.8203312754631042,18.5,46.900001525878906,True,False,0.390204519033432,18.300592538072806,TCN,2
test_42,A2,test,42,28.5,284,236.42893981933594,0.3923240602016449,0.8168716430664062,18.399999618530273,46.900001525878906,True,False,0.38846147060394287,18.218843564070085,TCN,2
test_42,A2,test,42,28.600000381469727,285,236.42893981933594,0.3901918828487396,0.8135693669319153,18.299999237060547,46.900001525878906,True,False,0.3899845778942108,18.29027729830773,TCN,2
test_42,A2,test,42,28.700000762939453,286,236.42893981933594,0.38805970549583435,0.8102669715881348,18.200000762939453,46.900001525878906,True,False,0.3874113857746124,18.169594583972184,TCN,2
test_42,A2,test,42,28.799999237060547,287,236.42893981933594,0.3859274983406067,0.8080654144287109,18.100000381469727,46.900001525878906,True,False,0.3822800815105438,17.928936406157618,TCN,2
test_42,A2,test,42,28.899999618530273,288,236.42893981933594,0.38379529118537903,0.8102669715881348,18.0,46.900001525878906,True,False,0.37958431243896484,17.802504832587147,TCN,2
test_42,A2,test,42,29.0,289,236.42893981933594,0.38166308403015137,0.8080654144287109,17.899999618530273,46.900001525878906,True,False,0.37726351618766785,17.693659484860063,TCN,2
test_42,A2,test,42,29.100000381469727,290,236.42893981933594,0.3795308768749237,0.806807279586792,17.799999237060547,46.900001525878906,True,False,0.37427201867103577,17.553358246765356,TCN,2
test_42,A2,test,42,29.200000762939453,291,236.42893981933594,0.3773987293243408,0.806807279586792,17.700000762939453,46.900001525878906,True,False,0.3737192451953888,17.527433169914048,TCN,2
test_42,A2,test,42,29.299999237060547,292,236.42893981933594,0.37526652216911316,0.8080654144287109,17.600000381469727,46.900001525878906,True,False,0.37091270089149475,17.39580623777897,TCN,2
test_42,A2,test,42,29.399999618530273,293,236.42893981933594,0.3731343150138855,0.8014605045318604,17.5,46.900001525878906,True,False,0.3744131326675415,17.559976493416798,TCN,2
test_42,A2,test,42,29.5,294,236.42893981933594,0.37100210785865784,0.8016179203987122,17.399999618530273,46.900001525878906,True,False,0.3717420995235443,17.434705034887656,TCN,2
test_42,A2,test,42,29.600000381469727,295,236.42893981933594,0.3688699007034302,0.7995736002922058,17.299999237060547,46.900001525878906,True,False,0.3734993040561676,17.51711793014897,TCN,2
test_42,A2,test,42,29.700000762939453,296,236.42893981933594,0.3667377531528473,0.7976863980293274,17.200000762939453,46.900001525878906,True,False,0.36921173334121704,17.316030857075475,TCN,2
test_42,A2,test,42,29.799999237060547,297,236.42893981933594,0.36460554599761963,0.7965855598449707,17.100000381469727,46.900001525878906,True,False,0.37220677733421326,17.456498424917072,TCN,2
test_42,A2,test,42,29.899999618530273,298,236.42893981933594,0.36247333884239197,0.7992590069770813,17.0,46.900001525878906,True,False,0.36508598923683167,17.122533452284415,TCN,2
test_42,A2,test,42,30.0,299,236.42893981933594,0.3603411316871643,0.7962711453437805,16.899999618530273,46.900001525878906,True,False,0.3671940267086029,17.221400412927096,TCN,2
test_42,A2,test,42,30.100000381469727,300,236.42893981933594,0.35820892453193665,0.7976863980293274,16.799999237060547,46.900001525878906,True,False,0.3637937009334564,17.06192512888424,TCN,2
test_42,A2,test,42,30.200000762939453,301,236.42893981933594,0.35607677698135376,0.7984727025032043,16.700000762939453,46.900001525878906,True,False,0.3642165958881378,17.081758902904085,TCN,2
test_42,A2,test,42,30.299999237060547,302,236.42893981933594,0.3539445698261261,0.7906099557876587,16.600000381469727,46.900001525878906,True,False,0.3638746440410614,17.065721360754424,TCN,2
test_42,A2,test,42,30.399999618530273,303,236.42893981933594,0.35181236267089844,0.7841624617576599,16.5,46.900001525878906,True,False,0.3678966760635376,17.25435466874569,TCN,2
test_42,A2,test,42,30.5,304,236.42893981933594,0.3496801555156708,0.7775575518608093,16.399999618530273,46.900001525878906,True,False,0.3681924343109131,17.268225730998893,TCN,2
test_42,A2,test,42,30.600000381469727,305,236.42893981933594,0.3475479483604431,0.7751988172531128,16.299999237060547,46.900001525878906,True,False,0.36580678820610046,17.156338925042974,TCN,2
test_42,A2,test,42,30.700000762939453,306,236.42893981933594,0.34541577100753784,0.7665497660636902,16.200000762939453,46.900001525878906,True,False,0.367810994386673,17.25033619797,TCN,2
test_42,A2,test,42,30.799999237060547,307,236.42893981933594,0.34328359365463257,0.7610457539558411,16.100000381469727,46.900001525878906,True,False,0.3606601655483246,16.914962314540162,TCN,2
test_42,A2,test,42,30.899999618530273,308,236.42893981933594,0.3411513864994049,0.7601020932197571,16.0,46.900001525878906,True,False,0.35646337270736694,16.71813272389545,TCN,2
test_42,A2,test,42,31.0,309,236.42893981933594,0.33901917934417725,0.7545981407165527,15.899999618530273,46.900001525878906,True,False,0.3524911105632782,16.531833623276498,TCN,2
test_42,A2,test,42,31.100000381469727,310,236.42893981933594,0.3368869721889496,0.7523965239524841,15.800000190734863,46.900001525878906,True,False,0.3488215506076813,16.359731255759698,TCN,2
test_42,A2,test,42,31.200000762939453,311,236.42893981933594,0.3347547948360443,0.7490942478179932,15.699999809265137,46.900001525878906,True,False,0.34452468156814575,16.15820809124898,TCN,2
test_42,A2,test,42,31.299999237060547,312,236.42893981933594,0.33262258768081665,0.7467353343963623,15.600000381469727,46.900001525878906,True,False,0.33975619077682495,15.934565865859895,TCN,2
test_42,A2,test,42,31.399999618530273,313,236.42893981933594,0.330490380525589,0.7434330582618713,15.5,46.900001525878906,True,False,0.34066542983055115,15.977209178867042,TCN,2
test_42,A2,test,42,31.5,314,236.42893981933594,0.3283582031726837,0.7424893975257874,15.399999618530273,46.900001525878906,True,False,0.334882915019989,15.70600922542826,TCN,2
test_42,A2,test,42,31.600000381469727,315,236.42893981933594,0.32622599601745605,0.7402878403663635,15.300000190734863,46.900001525878906,True,False,0.3352883756160736,15.725025328003312,TCN,2
test_42,A2,test,42,31.700000762939453,316,236.42893981933594,0.3240937888622284,0.7402878403663635,15.199999809265137,46.900001525878906,True,False,0.3308064639568329,15.514823664346068,TCN,2
test_42,A2,test,42,31.799999237060547,317,236.42893981933594,0.3219616115093231,0.7380862832069397,15.100000381469727,46.900001525878906,True,False,0.3311305642127991,15.53002396684542,TCN,2
test_42,A2,test,42,31.899999618530273,318,236.42893981933594,0.31982940435409546,0.7402878403663635,15.0,46.900001525878906,True,False,0.32590118050575256,15.284765863005532,TCN,2
test_42,A2,test,42,32.0,319,236.42893981933594,0.3176971971988678,0.7434330582618713,14.899999618530273,46.900001525878906,True,False,0.32495537400245667,15.240407536557768,TCN,2
test_42,A2,test,42,32.099998474121094,320,236.42893981933594,0.3155650198459625,0.7354128360748291,14.800000190734863,46.900001525878906,True,False,0.3265034556388855,15.313012567668466,TCN,2
test_42,A2,test,42,32.20000076293945,321,236.42893981933594,0.31343281269073486,0.7313241958618164,14.699999809265137,46.900001525878906,True,False,0.32884877920150757,15.42300824633412,TCN,2
test_42,A2,test,42,32.29999923706055,322,236.42893981933594,0.3113006353378296,0.7228323221206665,14.600000381469727,46.900001525878906,True,False,0.33143091201782227,15.544110279359302,TCN,2
test_42,A2,test,42,32.400001525878906,323,236.42893981933594,0.30916842818260193,0.7195301055908203,14.5,46.900001525878906,True,False,0.3298572301864624,15.470304599067276,TCN,2
test_42,A2,test,42,32.5,324,236.42893981933594,0.30703622102737427,0.7144976854324341,14.399999618530273,46.900001525878906,True,False,0.3332960903644562,15.631587146662469,TCN,2
test_42,A2,test,42,32.599998474121094,325,236.42893981933594,0.304904043674469,0.7107236385345459,14.300000190734863,46.900001525878906,True,False,0.3258371651172638,15.281763541187729,TCN,2
test_42,A2,test,42,32.70000076293945,326,236.42893981933594,0.30277183651924133,0.7074212431907654,14.199999809265137,46.900001525878906,True,False,0.3240898549556732,15.199814691942947,TCN,2
test_42,A2,test,42,32.79999923706055,327,236.42893981933594,0.30063965916633606,0.7074212431907654,14.100000381469727,46.900001525878906,True,False,0.31554460525512695,14.799042467948311,TCN,2
test_42,A2,test,42,32.900001525878906,328,236.42893981933594,0.2985074520111084,0.6986149549484253,14.0,46.900001525878906,True,False,0.3176897168159485,14.899648203424022,TCN,2
test_42,A2,test,42,33.0,329,236.42893981933594,0.29637524485588074,0.690909206867218,13.899999618530273,46.900001525878906,True,False,0.3142836093902588,14.739901759961867,TCN,2
test_42,A2,test,42,33.099998474121094,330,236.42893981933594,0.29424306750297546,0.684619128704071,13.800000190734863,46.900001525878906,True,False,0.3152351975440979,14.78453124582893,TCN,2
test_42,A2,test,42,33.20000076293945,331,236.42893981933594,0.2921108603477478,0.6791151762008667,13.699999809265137,46.900001525878906,True,False,0.3122748136520386,14.64568923677416,TCN,2
test_42,A2,test,42,33.29999923706055,332,236.42893981933594,0.28997868299484253,0.6759698987007141,13.600000381469727,46.900001525878906,True,False,0.31090059876441956,14.581238556447943,TCN,2
test_42,A2,test,42,33.400001525878906,333,236.42893981933594,0.28784647583961487,0.6759698987007141,13.5,46.900001525878906,True,False,0.3018115758895874,14.154963369749566,TCN,2
test_42,A2,test,42,33.5,334,236.42893981933594,0.2857142686843872,0.6737683415412903,13.399999618530273,46.900001525878906,True,False,0.29812395572662354,13.9820139784797,TCN,2
test_42,A2,test,42,33.599998474121094,335,236.42893981933594,0.28358209133148193,0.6736111640930176,13.300000190734863,46.900001525878906,True,False,0.292000412940979,13.694819812489186,TCN,2
test_42,A2,test,42,33.70000076293945,336,236.42893981933594,0.2814498841762543,0.6703086495399475,13.199999809265137,46.900001525878906,True,False,0.2908459007740021,13.640673190096322,TCN,2
test_42,A2,test,42,33.79999923706055,337,236.42893981933594,0.279317706823349,0.6648046970367432,13.100000381469727,46.900001525878906,True,False,0.290566623210907,13.627575071961019,TCN,2
test_42,A2,test,42,33.900001525878906,338,236.42893981933594,0.27718549966812134,0.6618168354034424,13.0,46.900001525878906,True,False,0.29119160771369934,13.656886846095631,TCN,2
test_42,A2,test,42,34.0,339,236.42893981933594,0.2750532925128937,0.6585144400596619,12.899999618530273,46.900001525878906,True,False,0.2901611328125,13.608557571657002,TCN,2
test_42,A2,test,42,34.099998474121094,340,236.42893981933594,0.2729211151599884,0.6530105471611023,12.800000190734863,46.900001525878906,True,False,0.2906465232372284,13.63132238331741,TCN,2
test_42,A2,test,42,34.20000076293945,341,236.42893981933594,0.27078890800476074,0.6464056968688965,12.699999809265137,46.900001525878906,True,False,0.2893889546394348,13.572342414161994,TCN,2
test_42,A2,test,42,34.29999923706055,342,236.42893981933594,0.26865673065185547,0.6413735747337341,12.600000381469727,46.900001525878906,True,False,0.2864890396595001,13.436336397178138,TCN,2
test_42,A2,test,42,34.400001525878906,343,236.42893981933594,0.2665245234966278,0.6410589218139648,12.5,46.900001525878906,True,False,0.28269898891448975,13.258583011453993,TCN,2
test_42,A2,test,42,34.5,344,236.42893981933594,0.26439231634140015,0.6402726769447327,12.399999618530273,46.900001525878906,True,False,0.2777625620365143,13.027064583344554,TCN,2
test_42,A2,test,42,34.599998474121094,345,236.42893981933594,0.2622601091861725,0.635397732257843,12.300000190734863,46.900001525878906,True,False,0.27575454115867615,12.932888401109949,TCN,2
test_42,A2,test,42,34.70000076293945,346,236.42893981933594,0.2601279318332672,0.6207728385925293,12.199999809265137,46.900001525878906,True,False,0.27512598037719727,12.903408899499482,TCN,2
test_42,A2,test,42,34.79999923706055,347,236.42893981933594,0.25799572467803955,0.6190431118011475,12.100000381469727,46.900001525878906,True,False,0.273042768239975,12.805706247085027,TCN,2
test_42,A2,test,42,34.900001525878906,348,236.42893981933594,0.2558635175228119,0.6173133850097656,12.0,46.900001525878906,True,False,0.2729041576385498,12.799205409666683,TCN,2
test_42,A2,test,42,35.0,349,236.42893981933594,0.2537313401699066,0.6113375425338745,11.899999618530273,46.900001525878906,True,False,0.2696573734283447,12.646931225253866,TCN,2
test_42,A2,test,42,35.099998474121094,350,236.42893981933594,0.25159913301467896,0.6058335900306702,11.800000190734863,46.900001525878906,True,False,0.2669726312160492,12.521016811400614,TCN,2
test_42,A2,test,42,35.20000076293945,351,236.42893981933594,0.2494669407606125,0.6201438307762146,11.699999809265137,46.900001525878906,True,False,0.24735063314437866,11.600745071898473,TCN,2
test_42,A2,test,42,35.29999923706055,352,236.42893981933594,0.24733474850654602,0.6146399974822998,11.600000381469727,46.900001525878906,True,False,0.2552403211593628,11.970771451839937,TCN,2
test_42,A2,test,42,35.400001525878906,353,236.42893981933594,0.24520255625247955,0.6025310754776001,11.5,46.900001525878906,True,False,0.24841830134391785,11.650818712085993,TCN,2
test_42,A2,test,42,35.5,354,236.42893981933594,0.2430703490972519,0.5938820838928223,11.399999618530273,46.900001525878906,True,False,0.256561279296875,12.032724390504882,TCN,2
test_42,A2,test,42,35.599998474121094,355,236.42893981933594,0.24093815684318542,0.5885353088378906,11.300000190734863,46.900001525878906,True,False,0.25429338216781616,11.926360011691486,TCN,2
test_42,A2,test,42,35.70000076293945,356,236.42893981933594,0.23880596458911896,0.5795718431472778,11.199999809265137,46.900001525878906,True,False,0.2647993266582489,12.41908882432358,TCN,2
test_42,A2,test,42,35.79999923706055,357,236.42893981933594,0.2366737723350525,0.5676203966140747,11.100000381469727,46.900001525878906,True,False,0.2555469274520874,11.985151287436565,TCN,2
test_42,A2,test,42,35.900001525878906,358,236.42893981933594,0.23454156517982483,0.5621163249015808,11.0,46.900001525878906,True,False,0.2524418830871582,11.839524701983464,TCN,2
test_42,A2,test,42,36.0,359,236.42893981933594,0.23240937292575836,0.5577130317687988,10.899999618530273,46.900001525878906,True,False,0.24577170610427856,11.526693391308527,TCN,2
test_42,A2,test,42,36.099998474121094,360,236.42893981933594,0.2302771806716919,0.5446608662605286,10.800000190734863,46.900001525878906,True,False,0.24496617913246155,11.488914175101172,TCN,2
test_42,A2,test,42,36.20000076293945,361,236.42893981933594,0.22814497351646423,0.5610154867172241,10.699999809265137,46.900001525878906,True,False,0.2236640453338623,10.489844067442391,TCN,2
test_42,A2,test,42,36.29999923706055,362,236.42893981933594,0.22601279616355896,0.5446608662605286,10.600000381469727,46.900001525878906,True,False,0.22282174229621887,10.450340053691662,TCN,2
test_42,A2,test,42,36.400001525878906,363,236.42893981933594,0.2238805890083313,0.5413584113121033,10.5,46.900001525878906,True,False,0.21404695510864258,10.03880252120507,TCN,2
test_42,A2,test,42,36.5,364,236.42893981933594,0.22174838185310364,0.528148889541626,10.399999618530273,46.900001525878906,True,False,0.21600231528282166,10.130508916357712,TCN,2
test_42,A2,test,42,36.599998474121094,365,236.42893981933594,0.21961620450019836,0.5127376914024353,10.300000190734863,46.900001525878906,True,False,0.2134959101676941,10.012958512633759,TCN,2
test_42,A2,test,42,36.70000076293945,366,236.42893981933594,0.2174839973449707,0.5040886998176575,10.199999809265137,46.900001525878906,True,False,0.23027992248535156,10.800128715942265,TCN,2
test_42,A2,test,42,36.79999923706055,367,236.42893981933594,0.21535181999206543,0.49496784806251526,10.100000381469727,46.900001525878906,True,False,0.21341633796691895,10.009226576295987,TCN,2
test_42,A2,test,42,36.900001525878906,368,236.42893981933594,0.21321961283683777,0.4902500808238983,10.0,46.900001525878906,True,False,0.21870160102844238,10.257105421946108,TCN,2
test_42,A2,test,42,37.0,369,236.42893981933594,0.2110874056816101,0.48584696650505066,9.899999618530273,46.900001525878906,True,False,0.1983330249786377,9.301819174130287,TCN,2
test_42,A2,test,42,37.099998474121094,370,236.42893981933594,0.20895522832870483,0.47468170523643494,9.800000190734863,46.900001525878906,True,False,0.19933077692985535,9.348613742164844,TCN,2
test_42,A2,test,42,37.20000076293945,371,236.42893981933594,0.20682302117347717,0.4715365469455719,9.699999809265137,46.900001525878906,True,False,0.18989145755767822,8.905909649206478,TCN,2
test_42,A2,test,42,37.29999923706055,372,236.42893981933594,0.2046908289194107,0.468391478061676,9.600000381469727,46.900001525878906,True,False,0.18649128079414368,8.74644135380845,TCN,2
test_42,A2,test,42,37.400001525878906,373,236.42893981933594,0.20255862176418304,0.46823427081108093,9.5,46.900001525878906,True,False,0.18150368332862854,8.51252302506532,TCN,2
test_42,A2,test,42,37.5,374,236.42893981933594,0.20042642951011658,0.48553234338760376,9.399999618530273,46.900001525878906,True,False,0.17103220522403717,8.021410685981778,TCN,2
test_42,A2,test,42,37.599998474121094,375,236.42893981933594,0.1982942372560501,0.4811291992664337,9.300000190734863,46.900001525878906,True,False,0.16240310668945312,7.616705951542826,TCN,2
test_42,A2,test,42,37.70000076293945,376,236.42893981933594,0.19616203010082245,0.4724801480770111,9.199999809265137,46.900001525878906,True,False,0.16550734639167786,7.76229479831386,TCN,2
test_42,A2,test,42,37.79999923706055,377,236.42893981933594,0.19402985274791718,0.4625728726387024,9.100000381469727,46.900001525878906,True,False,0.1669926643371582,7.831956212223304,TCN,2
test_42,A2,test,42,37.900001525878906,378,236.42893981933594,0.19189764559268951,0.45486748218536377,9.0,46.900001525878906,True,False,0.174331396818161,8.176142776780353,TCN,2
test_42,A2,test,42,38.0,379,236.42893981933594,0.18976543843746185,0.44826263189315796,8.899999618530273,46.900001525878906,True,False,0.181598961353302,8.516991564567888,TCN,2
test_42,A2,test,42,38.099998474121094,380,236.42893981933594,0.18763326108455658,0.4418151378631592,8.800000190734863,46.900001525878906,True,False,0.1724446713924408,8.08765535143516,TCN,2
test_42,A2,test,42,38.20000076293945,381,236.42893981933594,0.18550105392932892,0.43741199374198914,8.699999809265137,46.900001525878906,True,False,0.17076709866523743,8.008977187969549,TCN,2
test_42,A2,test,42,38.29999923706055,382,236.42893981933594,0.18336887657642365,0.44275861978530884,8.600000381469727,46.900001525878906,True,False,0.16191145777702332,7.593647616799672,TCN,2
test_42,A2,test,42,38.400001525878906,383,236.42893981933594,0.18123666942119598,0.4452747702598572,8.5,46.900001525878906,True,False,0.1575874239206314,7.390850422336939,TCN,2
test_42,A2,test,42,38.5,384,236.42893981933594,0.17910446226596832,0.43741199374198914,8.399999618530273,46.900001525878906,True,False,0.1504829227924347,7.057649308583905,TCN,2
test_42,A2,test,42,38.599998474121094,385,236.42893981933594,0.17697228491306305,0.4286055862903595,8.300000190734863,46.900001525878906,True,False,0.15067128837108612,7.06648365451008,TCN,2
test_42,A2,test,42,38.70000076293945,386,236.42893981933594,0.1748400777578354,0.41869840025901794,8.199999809265137,46.900001525878906,True,False,0.1536518633365631,7.206272624938947,TCN,2
test_42,A2,test,42,38.79999923706055,387,236.42893981933594,0.17270788550376892,0.4078478515148163,8.100000381469727,46.900001525878906,True,False,0.158609539270401,7.438787633800757,TCN,2
test_42,A2,test,42,38.900001525878906,388,236.42893981933594,0.17057569324970245,0.41225096583366394,8.0,46.900001525878906,True,False,0.15833009779453278,7.425681828156144,TCN,2
test_42,A2,test,42,39.0,389,236.42893981933594,0.1684434860944748,0.40674692392349243,7.900000095367432,46.900001525878906,True,False,0.15106427669525146,7.084914807513087,TCN,2
test_42,A2,test,42,39.099998474121094,390,236.42893981933594,0.16631129384040833,0.39904138445854187,7.800000190734863,46.900001525878906,True,False,0.14636729657649994,6.8646264327766175,TCN,2
test_42,A2,test,42,39.20000076293945,391,236.42893981933594,0.16417910158634186,0.39275115728378296,7.699999809265137,46.900001525878906,True,False,0.14272856712341309,6.693970015874584,TCN,2
test_42,A2,test,42,39.29999923706055,392,236.42893981933594,0.1620468944311142,0.3947954475879669,7.599999904632568,46.900001525878906,True,False,0.14286985993385315,6.700596648899818,TCN,2
test_42,A2,test,42,39.400001525878906,393,236.42893981933594,0.15991470217704773,0.39023494720458984,7.5,46.900001525878906,True,False,0.14371833205223083,6.7403899925463975,TCN,2
test_42,A2,test,42,39.5,394,236.42893981933594,0.15778250992298126,0.38724714517593384,7.400000095367432,46.900001525878906,True,False,0.13435232639312744,6.301124312843058,TCN,2
test_42,A2,test,42,39.599998474121094,395,236.42893981933594,0.1556503176689148,0.3980977237224579,7.300000190734863,46.900001525878906,True,False,0.13771936297416687,6.459038333631497,TCN,2
test_42,A2,test,42,39.70000076293945,396,236.42893981933594,0.15351811051368713,0.3951099216938019,7.199999809265137,46.900001525878906,True,False,0.1259726881980896,5.90811926870947,TCN,2
test_42,A2,test,42,39.79999923706055,397,236.42893981933594,0.15138591825962067,0.38740435242652893,7.099999904632568,46.900001525878906,True,False,0.1302993893623352,6.111041559914611,TCN,2
test_42,A2,test,42,39.900001525878906,398,236.42893981933594,0.1492537260055542,0.3792271316051483,7.0,46.900001525878906,True,False,0.1264350712299347,5.929805033608545,TCN,2
test_42,A2,test,42,40.0,399,236.42893981933594,0.14712153375148773,0.36869096755981445,6.900000095367432,46.900001525878906,True,False,0.13262495398521423,6.220110544276167,TCN,2
test_42,A2,test,42,40.099998474121094,400,236.42893981933594,0.14498934149742126,0.35988450050354004,6.800000190734863,46.900001525878906,True,False,0.13704150915145874,6.427246988312163,TCN,2
test_42,A2,test,42,40.20000076293945,401,236.42893981933594,0.1428571343421936,0.35123544931411743,6.699999809265137,46.900001525878906,True,False,0.13379155099391937,6.274823945764524,TCN,2
test_42,A2,test,42,40.29999923706055,402,236.42893981933594,0.14072494208812714,0.3451024293899536,6.599999904632568,46.900001525878906,True,False,0.1328873485326767,6.232416848952539,TCN,2
test_42,A2,test,42,40.39999771118164,403,236.42893981933594,0.1385928273607973,,6.500003814697266,46.900001525878906,False,True,,,TCN,2
test_42,A2,test,42,40.5,404,236.42893981933594,0.1364605824660252,,6.400001525878906,46.900001525878906,False,True,,,TCN,2
test_42,A2,test,42,40.60000228881836,405,236.42893981933594,0.1343283375712531,,6.299999237060547,46.900001525878906,False,True,,,TCN,2
test_42,A2,test,42,40.70000457763672,406,236.42893981933594,0.132196092676481,,6.1999969482421875,46.900001525878906,False,True,,,TCN,2
test_42,A2,test,42,40.80000686645508,407,236.42893981933594,0.13006384778170887,,6.099994659423828,46.900001525878906,False,True,,,TCN,2
test_42,A2,test,42,40.90000915527344,408,236.42893981933594,0.12793160288693678,,5.999992370605469,46.900001525878906,False,True,,,TCN,2
test_42,A2,test,42,41.0000114440918,409,236.42893981933594,0.12579935799216466,,5.899990081787109,46.900001525878906,False,True,,,TCN,2
test_42,A2,test,42,41.100013732910156,410,236.42893981933594,0.12366711309739255,,5.79998779296875,46.900001525878906,False,True,,,TCN,2
test_42,A2,test,42,41.200016021728516,411,236.42893981933594,0.12153486820262044,,5.699985504150391,46.900001525878906,False,True,,,TCN,2
test_42,A2,test,42,41.300018310546875,412,236.42893981933594,0.11940262330784834,,5.599983215332031,46.900001525878906,False,True,,,TCN,2
test_42,A2,test,42,41.400020599365234,413,236.42893981933594,0.11727037841307623,,5.499980926513672,46.900001525878906,False,True,,,TCN,2
test_42,A2,test,42,41.500022888183594,414,236.42893981933594,0.11513813351830413,,5.3999786376953125,46.900001525878906,False,True,,,TCN,2
test_42,A2,test,42,41.60002517700195,415,236.42893981933594,0.11300588862353202,,5.299976348876953,46.900001525878906,False,True,,,TCN,2
test_42,A2,test,42,41.70002746582031,416,236.42893981933594,0.11087364372875991,,5.199974060058594,46.900001525878906,False,True,,,TCN,2
test_42,A2,test,42,41.80002975463867,417,236.42893981933594,0.1087413988339878,,5.099971771240234,46.900001525878906,False,True,,,TCN,2
test_42,A2,test,42,41.90003204345703,418,236.42893981933594,0.10660915393921569,,4.999969482421875,46.900001525878906,False,True,,,TCN,2
test_42,A2,test,42,42.00003433227539,419,236.42893981933594,0.10447690904444358,,4.899967193603516,46.900001525878906,False,True,,,TCN,2
test_42,A2,test,42,42.10003662109375,420,236.42893981933594,0.10234466414967147,,4.799964904785156,46.900001525878906,False,True,,,TCN,2
test_42,A2,test,42,42.20003890991211,421,236.42893981933594,0.10021241925489936,,4.699962615966797,46.900001525878906,False,True,,,TCN,2
test_42,A2,test,42,42.30004119873047,422,236.42893981933594,0.09808017436012725,,4.5999603271484375,46.900001525878906,False,True,,,TCN,2
test_42,A2,test,42,42.40004348754883,423,236.42893981933594,0.09594792946535514,,4.499958038330078,46.900001525878906,False,True,,,TCN,2
test_42,A2,test,42,42.50004577636719,424,236.42893981933594,0.09381568457058304,,4.399955749511719,46.900001525878906,False,True,,,TCN,2
test_42,A2,test,42,42.60004806518555,425,236.42893981933594,0.09168343967581093,,4.299953460693359,46.900001525878906,False,True,,,TCN,2
test_42,A2,test,42,42.700050354003906,426,236.42893981933594,0.08955119478103882,,4.199951171875,46.900001525878906,False,True,,,TCN,2
test_42,A2,test,42,42.800052642822266,427,236.42893981933594,0.08741894988626672,,4.099948883056641,46.900001525878906,False,True,,,TCN,2
test_42,A2,test,42,42.900054931640625,428,236.42893981933594,0.08528670499149461,,3.9999465942382812,46.900001525878906,False,True,,,TCN,2
test_42,A2,test,42,43.000057220458984,429,236.42893981933594,0.0831544600967225,,3.899944305419922,46.900001525878906,False,True,,,TCN,2
test_42,A2,test,42,43.100059509277344,430,236.42893981933594,0.0810222152019504,,3.7999420166015625,46.900001525878906,False,True,,,TCN,2
test_42,A2,test,42,43.2000617980957,431,236.42893981933594,0.07888997030717829,,3.699939727783203,46.900001525878906,False,True,,,TCN,2
test_42,A2,test,42,43.30006408691406,432,236.42893981933594,0.07675772541240618,,3.5999374389648438,46.900001525878906,False,True,,,TCN,2
test_42,A2,test,42,43.40006637573242,433,236.42893981933594,0.07462548051763407,,3.4999351501464844,46.900001525878906,False,True,,,TCN,2
test_42,A2,test,42,43.50006866455078,434,236.42893981933594,0.07249323562286196,,3.399932861328125,46.900001525878906,False,True,,,TCN,2
test_42,A2,test,42,43.60007095336914,435,236.42893981933594,0.07036099072808985,,3.2999305725097656,46.900001525878906,False,True,,,TCN,2
test_42,A2,test,42,43.7000732421875,436,236.42893981933594,0.06822874583331774,,3.1999282836914062,46.900001525878906,False,True,,,TCN,2
test_42,A2,test,42,43.80007553100586,437,236.42893981933594,0.06609650093854563,,3.099925994873047,46.900001525878906,False,True,,,TCN,2
test_42,A2,test,42,43.90007781982422,438,236.42893981933594,0.06396425604377352,,2.9999237060546875,46.900001525878906,False,True,,,TCN,2
test_42,A2,test,42,44.00008010864258,439,236.42893981933594,0.06183201114900142,,2.899921417236328,46.900001525878906,False,True,,,TCN,2
test_42,A2,test,42,44.10008239746094,440,236.42893981933594,0.05969976625422931,,2.7999191284179688,46.900001525878906,False,True,,,TCN,2
test_42,A2,test,42,44.2000846862793,441,236.42893981933594,0.057567521359457204,,2.6999168395996094,46.900001525878906,False,True,,,TCN,2
test_42,A2,test,42,44.300086975097656,442,236.42893981933594,0.055435276464685095,,2.59991455078125,46.900001525878906,False,True,,,TCN,2
test_42,A2,test,42,44.400089263916016,443,236.42893981933594,0.053303031569912986,,2.4999122619628906,46.900001525878906,False,True,,,TCN,2
test_42,A2,test,42,44.500091552734375,444,236.42893981933594,0.05117078667514088,,2.3999099731445312,46.900001525878906,False,True,,,TCN,2
test_42,A2,test,42,44.600093841552734,445,236.42893981933594,0.049038541780368775,,2.299907684326172,46.900001525878906,False,True,,,TCN,2
test_42,A2,test,42,44.700096130371094,446,236.42893981933594,0.046906296885596666,,2.1999053955078125,46.900001525878906,False,True,,,TCN,2
test_42,A2,test,42,44.80009841918945,447,236.42893981933594,0.04477405199082456,,2.099903106689453,46.900001525878906,False,True,,,TCN,2
test_42,A2,test,42,44.90010070800781,448,236.42893981933594,0.04264180709605245,,1.9999008178710938,46.900001525878906,False,True,,,TCN,2
test_42,A2,test,42,45.00010299682617,449,236.42893981933594,0.04050956220128034,,1.8998985290527344,46.900001525878906,False,True,,,TCN,2
test_42,A2,test,42,45.10010528564453,450,236.42893981933594,0.03837731730650823,,1.799896240234375,46.900001525878906,False,True,,,TCN,2
test_42,A2,test,42,45.20010757446289,451,236.42893981933594,0.03624507241173612,,1.6998939514160156,46.900001525878906,False,True,,,TCN,2
test_42,A2,test,42,45.30010986328125,452,236.42893981933594,0.03411282751696402,,1.5998916625976562,46.900001525878906,False,True,,,TCN,2
test_42,A2,test,42,45.40011215209961,453,236.42893981933594,0.03198058262219191,,1.4998893737792969,46.900001525878906,False,True,,,TCN,2
test_42,A2,test,42,45.50011444091797,454,236.42893981933594,0.0298483377274198,,1.3998870849609375,46.900001525878906,False,True,,,TCN,2
test_42,A2,test,42,45.60011672973633,455,236.42893981933594,0.02771609283264769,,1.2998847961425781,46.900001525878906,False,True,,,TCN,2
test_42,A2,test,42,45.70011901855469,456,236.42893981933594,0.025583847937875583,,1.1998825073242188,46.900001525878906,False,True,,,TCN,2
test_42,A2,test,42,45.80012130737305,457,236.42893981933594,0.023451603043103474,,1.0998802185058594,46.900001525878906,False,True,,,TCN,2
test_42,A2,test,42,45.900123596191406,458,236.42893981933594,0.021319358148331368,,0.9998779296875,46.900001525878906,False,True,,,TCN,2
test_42,A2,test,42,46.000125885009766,459,236.42893981933594,0.01918711325355926,,0.8998756408691406,46.900001525878906,False,True,,,TCN,2
test_42,A2,test,42,46.100128173828125,460,236.42893981933594,0.01705486835878715,,0.7998733520507812,46.900001525878906,False,True,,,TCN,2
test_42,A2,test,42,46.200130462646484,461,236.42893981933594,0.014922623464015043,,0.6998710632324219,46.900001525878906,False,True,,,TCN,2
test_42,A2,test,42,46.300132751464844,462,236.42893981933594,0.012790378569242934,,0.5998687744140625,46.900001525878906,False,True,,,TCN,2
test_42,A2,test,42,46.4001350402832,463,236.42893981933594,0.010658133674470827,,0.4998664855957031,46.900001525878906,False,True,,,TCN,2
test_42,A2,test,42,46.50013732910156,464,236.42893981933594,0.00852588877969872,,0.39986419677734375,46.900001525878906,False,True,,,TCN,2
test_42,A2,test,42,46.60013961791992,465,236.42893981933594,0.00639364388492661,,0.2998619079589844,46.900001525878906,False,True,,,TCN,2
test_42,A2,test,42,46.70014190673828,466,236.42893981933594,0.004261398990154502,,0.199859619140625,46.900001525878906,False,True,,,TCN,2
test_42,A2,test,42,46.80014419555664,467,236.42893981933594,0.0021291540953823945,,0.09985733032226562,46.900001525878906,False,True,,,TCN,2
test_42,A2,test,42,46.900146484375,468,236.42893981933594,0.0,,0.0,46.900001525878906,False,True,,,TCN,2
test_46,A2,test,46,0.10000000149011612,0,237.73880004882812,0.9963235259056091,1.0,27.100000381469727,27.200000762939453,True,False,0.9159525632858276,24.91391042019086,TCN,2
test_46,A2,test,46,0.20000000298023224,1,237.73880004882812,0.9926470518112183,1.0,27.0,27.200000762939453,True,False,0.979275107383728,26.636283667965017,TCN,2
test_46,A2,test,46,0.30000001192092896,2,237.73880004882812,0.9889705181121826,1.0,26.899999618530273,27.200000762939453,True,False,0.9600841999053955,26.114290969912872,TCN,2
test_46,A2,test,46,0.4000000059604645,3,237.73880004882812,0.9852940440177917,1.0,26.799999237060547,27.200000762939453,True,False,0.9922928214073181,26.990365499338395,TCN,2
test_46,A2,test,46,0.5,4,237.73880004882812,0.9816176295280457,1.0,26.700000762939453,27.200000762939453,True,False,0.9820560216903687,26.71192453922731,TCN,2
test_46,A2,test,46,0.6000000238418579,5,237.73880004882812,0.9779411554336548,1.0,26.600000381469727,27.200000762939453,True,False,0.9996325373649597,27.190005778986006,TCN,2
test_46,A2,test,46,0.699999988079071,6,237.73880004882812,0.9742646813392639,1.0,26.5,27.200000762939453,True,False,0.9640629291534424,26.222512408495277,TCN,2
test_46,A2,test,46,0.800000011920929,7,237.73880004882812,0.970588207244873,1.0,26.399999618530273,27.200000762939453,True,False,0.949881374835968,25.836774120240307,TCN,2
test_46,A2,test,46,0.8999999761581421,8,237.73880004882812,0.9669117331504822,1.0,26.299999237060547,27.200000762939453,True,False,0.9350665807723999,25.433811710408463,TCN,2
test_46,A2,test,46,1.0,9,237.73880004882812,0.9632353186607361,1.0,26.200000762939453,27.200000762939453,True,False,0.9299789667129517,25.29542860410993,TCN,2
test_46,A2,test,46,1.100000023841858,10,237.73880004882812,0.9595587849617004,1.0,26.100000381469727,27.200000762939453,True,False,0.914262056350708,24.86792863026585,TCN,2
test_46,A2,test,46,1.2000000476837158,11,237.73880004882812,0.9558823108673096,1.0,26.0,27.200000762939453,True,False,0.8984220027923584,24.43707916139374,TCN,2
test_46,A2,test,46,1.2999999523162842,12,237.73880004882812,0.9522058367729187,1.0,25.899999618530273,27.200000762939453,True,False,0.8894093036651611,24.19193373825783,TCN,2
test_46,A2,test,46,1.399999976158142,13,237.73880004882812,0.9485293626785278,1.0,25.799999237060547,27.200000762939453,True,False,0.8781315088272095,23.88517771006127,TCN,2
test_46,A2,test,46,1.5,14,237.73880004882812,0.9448529481887817,1.0,25.700000762939453,27.200000762939453,True,False,0.8632379770278931,23.480073633757,TCN,2
test_46,A2,test,46,1.600000023841858,15,237.73880004882812,0.9411764740943909,1.0,25.600000381469727,27.200000762939453,True,False,0.8636387586593628,23.49097489443875,TCN,2
test_46,A2,test,46,1.7000000476837158,16,237.73880004882812,0.9375,1.0,25.5,27.200000762939453,True,False,0.8562495112419128,23.289987359046563,TCN,2
test_46,A2,test,46,1.7999999523162842,17,237.73880004882812,0.9338234663009644,1.0,25.399999618530273,27.200000762939453,True,False,0.855815052986145,23.278170094158213,TCN,2
test_46,A2,test,46,1.899999976158142,18,237.73880004882812,0.9301469922065735,1.0,25.299999237060547,27.200000762939453,True,False,0.8431973457336426,22.9349684472636,TCN,2
test_46,A2,test,46,2.0,19,237.73880004882812,0.9264705777168274,1.0,25.200000762939453,27.200000762939453,True,False,0.8339318037033081,22.682945696969455,TCN,2
test_46,A2,test,46,2.0999999046325684,20,237.73880004882812,0.9227941036224365,1.0,25.100000381469727,27.200000762939453,True,False,0.8277397751808167,22.514522516433544,TCN,2
test_46,A2,test,46,2.200000047683716,21,237.73880004882812,0.9191176295280457,1.0,25.0,27.200000762939453,True,False,0.8214972615242004,22.344726140210923,TCN,2
test_46,A2,test,46,2.299999952316284,22,237.73880004882812,0.9154411554336548,1.0,24.899999618530273,27.200000762939453,True,False,0.8174697160720825,22.235176900840543,TCN,2
test_46,A2,test,46,2.4000000953674316,23,237.73880004882812,0.9117646813392639,1.0,24.799999237060547,27.200000762939453,True,False,0.8014345169067383,21.799019471309293,TCN,2
test_46,A2,test,46,2.5,24,237.73880004882812,0.9080882668495178,1.0,24.700000762939453,27.200000762939453,True,False,0.7818813920021057,21.267174458985437,TCN,2
test_46,A2,test,46,2.5999999046325684,25,237.73880004882812,0.9044117331504822,1.0,24.600000381469727,27.200000762939453,True,False,0.7672415971755981,20.868972028535154,TCN,2
test_46,A2,test,46,2.700000047683716,26,237.73880004882812,0.9007352590560913,0.9970875978469849,24.5,27.200000762939453,True,False,0.7596918344497681,20.663618476632564,TCN,2
test_46,A2,test,46,2.799999952316284,27,237.73880004882812,0.8970587849617004,0.9948859810829163,24.399999618530273,27.200000762939453,True,False,0.7491569519042969,20.37706966335827,TCN,2
test_46,A2,test,46,2.9000000953674316,28,237.73880004882812,0.8933823108673096,0.9895393252372742,24.299999237060547,27.200000762939453,True,False,0.7258992195129395,19.744459324569107,TCN,2
test_46,A2,test,46,3.0,29,237.73880004882812,0.8897058963775635,0.9862369298934937,24.200000762939453,27.200000762939453,True,False,0.7069137096405029,19.22805344155404,TCN,2
test_46,A2,test,46,3.0999999046325684,30,237.73880004882812,0.8860294222831726,0.9862369298934937,24.100000381469727,27.200000762939453,True,False,0.6916204690933228,18.81207728700292,TCN,2
test_46,A2,test,46,3.200000047683716,31,237.73880004882812,0.882352888584137,0.9807329773902893,24.0,27.200000762939453,True,False,0.6795902252197266,18.484854644462757,TCN,2
test_46,A2,test,46,3.299999952316284,32,237.73880004882812,0.8786764144897461,0.9829345941543579,23.899999618530273,27.200000762939453,True,False,0.664609432220459,18.07737706345324,TCN,2
test_46,A2,test,46,3.4000000953674316,33,237.73880004882812,0.8749999403953552,0.984035313129425,23.799999237060547,27.200000762939453,True,False,0.651626706123352,17.7242469037069,TCN,2
test_46,A2,test,46,3.5,34,237.73880004882812,0.8713235259056091,0.984035313129425,23.700000762939453,27.200000762939453,True,False,0.6404514312744141,17.420279419289727,TCN,2
test_46,A2,test,46,3.5999999046325684,35,237.73880004882812,0.8676470518112183,0.9829345941543579,23.600000381469727,27.200000762939453,True,False,0.6321086883544922,17.193356805502845,TCN,2
test_46,A2,test,46,3.700000047683716,36,237.73880004882812,0.8639705777168274,0.9807329773902893,23.5,27.200000762939453,True,False,0.6200574636459351,16.865563484235736,TCN,2
test_46,A2,test,46,3.799999952316284,37,237.73880004882812,0.8602941036224365,0.9799467325210571,23.399999618530273,27.200000762939453,True,False,0.6167383193969727,16.775282758131652,TCN,2
test_46,A2,test,46,3.9000000953674316,38,237.73880004882812,0.8566175699234009,0.9796320796012878,23.299999237060547,27.200000762939453,True,False,0.6115686893463135,16.634668816809608,TCN,2
test_46,A2,test,46,4.0,39,237.73880004882812,0.8529411554336548,0.9796320796012878,23.200000762939453,27.200000762939453,True,False,0.6019400358200073,16.372769433548,TCN,2
test_46,A2,test,46,4.099999904632568,40,237.73880004882812,0.8492646813392639,0.9796320796012878,23.100000381469727,27.200000762939453,True,False,0.5962213277816772,16.217220570542395,TCN,2
test_46,A2,test,46,4.199999809265137,41,237.73880004882812,0.845588207244873,0.9797893762588501,23.0,27.200000762939453,True,False,0.5925178527832031,16.11648604775837,TCN,2
test_46,A2,test,46,4.300000190734863,42,237.73880004882812,0.8419117331504822,0.9747572541236877,22.899999618530273,27.200000762939453,True,False,0.5911449193954468,16.079142258563934,TCN,2
test_46,A2,test,46,4.400000095367432,43,237.73880004882812,0.8382352590560913,0.9738137125968933,22.799999237060547,27.200000762939453,True,False,0.5913853645324707,16.08568236647443,TCN,2
test_46,A2,test,46,4.5,44,237.73880004882812,0.8345588445663452,0.9687814116477966,22.700000762939453,27.200000762939453,True,False,0.5942056179046631,16.162393260349745,TCN,2
test_46,A2,test,46,4.599999904632568,45,237.73880004882812,0.8308823704719543,0.9632773995399475,22.600000381469727,27.200000762939453,True,False,0.5899350643157959,16.046234199474384,TCN,2
test_46,A2,test,46,4.699999809265137,46,237.73880004882812,0.8272058367729187,0.9654790759086609,22.5,27.200000762939453,True,False,0.5866679549217224,15.957368821462978,TCN,2
test_46,A2,test,46,4.800000190734863,47,237.73880004882812,0.8235293626785278,0.9676806926727295,22.399999618530273,27.200000762939453,True,False,0.5804732441902161,15.788872684839816,TCN,2
test_46,A2,test,46,4.900000095367432,48,237.73880004882812,0.819852888584137,0.9654790759086609,22.299999237060547,27.200000762939453,True,False,0.5774195194244385,15.705811368880859,TCN,2
test_46,A2,test,46,5.0,49,237.73880004882812,0.8161764740943909,0.9678378701210022,22.200000762939453,27.200000762939453,True,False,0.5645306706428528,15.355234672188317,TCN,2
test_46,A2,test,46,5.099999904632568,50,237.73880004882812,0.8125,0.9632773995399475,22.100000381469727,27.200000762939453,True,False,0.5675039291381836,15.436107305529731,TCN,2
test_46,A2,test,46,5.199999809265137,51,237.73880004882812,0.8088235259056091,0.9621766805648804,22.0,27.200000762939453,True,False,0.562817394733429,15.308633566144863,TCN,2
test_46,A2,test,46,5.300000190734863,52,237.73880004882812,0.8051470518112183,0.9568299651145935,21.899999618530273,27.200000762939453,True,False,0.5704827904701233,15.517132336031182,TCN,2
test_46,A2,test,46,5.400000095367432,53,237.73880004882812,0.8014705181121826,0.9588742852210999,21.799999237060547,27.200000762939453,True,False,0.5585469603538513,15.192477747762268,TCN,2
test_46,A2,test,46,5.5,54,237.73880004882812,0.7977941036224365,0.9599750638008118,21.700000762939453,27.200000762939453,True,False,0.5609534382820129,15.257933949244261,TCN,2
test_46,A2,test,46,5.599999904632568,55,237.73880004882812,0.7941176295280457,0.9568299651145935,21.600000381469727,27.200000762939453,True,False,0.5507146716117859,14.979439488002527,TCN,2
test_46,A2,test,46,5.699999809265137,56,237.73880004882812,0.7904411554336548,0.9590315222740173,21.5,27.200000762939453,True,False,0.5462930202484131,14.859170567545334,TCN,2
test_46,A2,test,46,5.800000190734863,57,237.73880004882812,0.7867646813392639,0.9599750638008118,21.399999618530273,27.200000762939453,True,False,0.5415934324264526,14.731341775202509,TCN,2
test_46,A2,test,46,5.900000095367432,58,237.73880004882812,0.783088207244873,0.9621766805648804,21.299999237060547,27.200000762939453,True,False,0.5394774675369263,14.673787528593039,TCN,2
test_46,A2,test,46,6.0,59,237.73880004882812,0.779411792755127,0.9568299651145935,21.200000762939453,27.200000762939453,True,False,0.543606698513031,14.78610261429344,TCN,2
test_46,A2,test,46,6.099999904632568,60,237.73880004882812,0.7757352590560913,0.9549428820610046,21.100000381469727,27.200000762939453,True,False,0.5405561327934265,14.703127224392802,TCN,2
test_46,A2,test,46,6.199999809265137,61,237.73880004882812,0.7720587849617004,0.9535276293754578,21.0,27.200000762939453,True,False,0.5457063913345337,14.843214260640252,TCN,2
test_46,A2,test,46,6.300000190734863,62,237.73880004882812,0.7683823108673096,0.9535276293754578,20.899999618530273,27.200000762939453,True,False,0.5432207584381104,14.77560504396115,TCN,2
test_46,A2,test,46,6.400000095367432,63,237.73880004882812,0.7647058367729187,0.9519550204277039,20.799999237060547,27.200000762939453,True,False,0.5456138849258423,14.84069808625327,TCN,2
test_46,A2,test,46,6.5,64,237.73880004882812,0.7610294222831726,0.9505396485328674,20.700000762939453,27.200000762939453,True,False,0.5374323129653931,14.618159322687006,TCN,2
test_46,A2,test,46,6.599999904632568,65,237.73880004882812,0.7573529481887817,0.9514831900596619,20.600000381469727,27.200000762939453,True,False,0.5362375974655151,14.585663060178831,TCN,2
test_46,A2,test,46,6.699999809265137,66,237.73880004882812,0.7536764740943909,0.9505396485328674,20.5,27.200000762939453,True,False,0.533729076385498,14.517431284888517,TCN,2
test_46,A2,test,46,6.800000190734863,67,237.73880004882812,0.7499999403953552,0.9491243958473206,20.399999618530273,27.200000762939453,True,False,0.5339927673339844,14.524603678888525,TCN,2
test_46,A2,test,46,6.900000095367432,68,237.73880004882812,0.7463234663009644,0.9481808543205261,20.299999237060547,27.200000762939453,True,False,0.5320896506309509,14.472838903114052,TCN,2
test_46,A2,test,46,7.0,69,237.73880004882812,0.7426470518112183,0.9481808543205261,20.200000762939453,27.200000762939453,True,False,0.5304926037788391,14.42939922751816,TCN,2
test_46,A2,test,46,7.099999904632568,70,237.73880004882812,0.7389705777168274,0.9459792971611023,20.100000381469727,27.200000762939453,True,False,0.5309508442878723,14.441863369713474,TCN,2
test_46,A2,test,46,7.199999809265137,71,237.73880004882812,0.7352941036224365,0.9423623085021973,20.0,27.200000762939453,True,False,0.5294834971427917,14.401951526247785,TCN,2
test_46,A2,test,46,7.300000190734863,72,237.73880004882812,0.7316176295280457,0.942676842212677,19.899999618530273,27.200000762939453,True,False,0.5252363681793213,14.286429615201087,TCN,2
test_46,A2,test,46,7.400000095367432,73,237.73880004882812,0.7279411554336548,0.9393744468688965,19.799999237060547,27.200000762939453,True,False,0.5261527299880981,14.311354657098946,TCN,2
test_46,A2,test,46,7.5,74,237.73880004882812,0.7242647409439087,0.9305680990219116,19.700000762939453,27.200000762939453,True,False,0.526287317276001,14.315015431432585,TCN,2
test_46,A2,test,46,7.599999904632568,75,237.73880004882812,0.720588207244873,0.9305680990219116,19.600000381469727,27.200000762939453,True,False,0.5205450654029846,14.15882617610555,TCN,2
test_46,A2,test,46,7.699999809265137,76,237.73880004882812,0.7169117331504822,0.9272657036781311,19.5,27.200000762939453,True,False,0.5225325226783752,14.212885015512484,TCN,2
test_46,A2,test,46,7.800000190734863,77,237.73880004882812,0.7132352590560913,0.9305680990219116,19.399999618530273,27.200000762939453,True,False,0.5104051828384399,13.883021362613817,TCN,2
test_46,A2,test,46,7.900000095367432,78,237.73880004882812,0.7095587849617004,0.9327697157859802,19.299999237060547,27.200000762939453,True,False,0.5070651769638062,13.792173200275556,TCN,2
test_46,A2,test,46,8.0,79,237.73880004882812,0.7058823704719543,0.9327697157859802,19.200000762939453,27.200000762939453,True,False,0.4942925274372101,13.444757123407385,TCN,2
test_46,A2,test,46,8.100000381469727,80,237.73880004882812,0.7022058963775635,0.9338704943656921,19.100000381469727,27.200000762939453,True,False,0.495018869638443,13.464513631835075,TCN,2
test_46,A2,test,46,8.199999809265137,81,237.73880004882812,0.6985293626785278,0.9352858662605286,19.0,27.200000762939453,True,False,0.49014410376548767,13.33191999637154,TCN,2
test_46,A2,test,46,8.300000190734863,82,237.73880004882812,0.694852888584137,0.9327697157859802,18.899999618530273,27.200000762939453,True,False,0.4968618154525757,13.51464175938554,TCN,2
test_46,A2,test,46,8.399999618530273,83,237.73880004882812,0.6911764144897461,0.9338704943656921,18.799999237060547,27.200000762939453,True,False,0.4939902126789093,13.436534161750956,TCN,2
test_46,A2,test,46,8.5,84,237.73880004882812,0.6875,0.9283666014671326,18.700000762939453,27.200000762939453,True,False,0.5006966590881348,13.618949509198501,TCN,2
test_46,A2,test,46,8.600000381469727,85,237.73880004882812,0.6838235259056091,0.9244350790977478,18.600000381469727,27.200000762939453,True,False,0.4972113072872162,13.524147937554403,TCN,2
test_46,A2,test,46,8.699999809265137,86,237.73880004882812,0.6801470518112183,0.921919047832489,18.5,27.200000762939453,True,False,0.5033606886863708,13.691411116303016,TCN,2
test_46,A2,test,46,8.800000190734863,87,237.73880004882812,0.6764705777168274,0.9220762848854065,18.399999618530273,27.200000762939453,True,False,0.49576011300086975,13.484675451858607,TCN,2
test_46,A2,test,46,8.899999618530273,88,237.73880004882812,0.6727940440177917,0.9198747277259827,18.299999237060547,27.200000762939453,True,False,0.4998204708099365,13.59511718736303,TCN,2
test_46,A2,test,46,9.0,89,237.73880004882812,0.6691176295280457,0.9200319647789001,18.200000762939453,27.200000762939453,True,False,0.4890909492969513,13.303274194023857,TCN,2
test_46,A2,test,46,9.100000381469727,90,237.73880004882812,0.6654411554336548,0.918773889541626,18.100000381469727,27.200000762939453,True,False,0.4900166988372803,13.328454582227096,TCN,2
test_46,A2,test,46,9.199999809265137,91,237.73880004882812,0.6617646813392639,0.9153143167495728,18.0,27.200000762939453,True,False,0.48648935556411743,13.232510842505917,TCN,2
test_46,A2,test,46,9.300000190734863,92,237.73880004882812,0.658088207244873,0.907608687877655,17.899999618530273,27.200000762939453,True,False,0.49186596274375916,13.378754561894198,TCN,2
test_46,A2,test,46,9.399999618530273,93,237.73880004882812,0.6544117331504822,0.9066651463508606,17.799999237060547,27.200000762939453,True,False,0.4857120215892792,13.211367357797258,TCN,2
test_46,A2,test,46,9.5,94,237.73880004882812,0.6507353186607361,0.9011611342430115,17.700000762939453,27.200000762939453,True,False,0.4915194809436798,13.369330256667695,TCN,2
test_46,A2,test,46,9.600000381469727,95,237.73880004882812,0.6470588445663452,0.9011611342430115,17.600000381469727,27.200000762939453,True,False,0.4788479804992676,13.024665434912094,TCN,2
test_46,A2,test,46,9.699999809265137,96,237.73880004882812,0.6433823108673096,0.9011611342430115,17.5,27.200000762939453,True,False,0.47806861996650696,13.0034668278264,TCN,2
test_46,A2,test,46,9.800000190734863,97,237.73880004882812,0.6397058367729187,0.8978587985038757,17.399999618530273,27.200000762939453,True,False,0.4688531458377838,12.752805924494282,TCN,2
test_46,A2,test,46,9.899999618530273,98,237.73880004882812,0.6360293626785278,0.8956571817398071,17.299999237060547,27.200000762939453,True,False,0.4692603647708893,12.763882279785435,TCN,2
test_46,A2,test,46,10.0,99,237.73880004882812,0.6323529481887817,0.8923547863960266,17.200000762939453,27.200000762939453,True,False,0.4653666317462921,12.657972738545709,TCN,2
test_46,A2,test,46,10.100000381469727,100,237.73880004882812,0.6286764740943909,0.8923547863960266,17.100000381469727,27.200000762939453,True,False,0.46232870221138,12.575341052878343,TCN,2
test_46,A2,test,46,10.199999809265137,101,237.73880004882812,0.625,0.8892097473144531,17.0,27.200000762939453,True,False,0.463155061006546,12.59781801273732,TCN,2
test_46,A2,test,46,10.300000190734863,102,237.73880004882812,0.6213235259056091,0.8892097473144531,16.899999618530273,27.200000762939453,True,False,0.4543550908565521,12.358458817943642,TCN,2
test_46,A2,test,46,10.399999618530273,103,237.73880004882812,0.6176469922065735,0.8923547863960266,16.799999237060547,27.200000762939453,True,False,0.44856226444244385,12.200893935060321,TCN,2
test_46,A2,test,46,10.5,104,237.73880004882812,0.6139705777168274,0.8956571817398071,16.700000762939453,27.200000762939453,True,False,0.43984749913215637,11.963852311971664,TCN,2
test_46,A2,test,46,10.600000381469727,105,237.73880004882812,0.6102941036224365,0.8956571817398071,16.600000381469727,27.200000762939453,True,False,0.4398471415042877,11.963842584493364,TCN,2
test_46,A2,test,46,10.699999809265137,106,237.73880004882812,0.6066176295280457,0.8923547863960266,16.5,27.200000762939453,True,False,0.4395988881587982,11.957090093306647,TCN,2
test_46,A2,test,46,10.800000190734863,107,237.73880004882812,0.6029411554336548,0.8923547863960266,16.399999618530273,27.200000762939453,True,False,0.44099071621894836,11.994947817604611,TCN,2
test_46,A2,test,46,10.899999618530273,108,237.73880004882812,0.5992646813392639,0.8890523910522461,16.299999237060547,27.200000762939453,True,False,0.448180615901947,12.190513094467633,TCN,2
test_46,A2,test,46,11.0,109,237.73880004882812,0.5955882668495178,0.8859073519706726,16.200000762939453,27.200000762939453,True,False,0.4493306577205658,12.221794232811476,TCN,2
test_46,A2,test,46,11.100000381469727,110,237.73880004882812,0.5919117331504822,0.8830767273902893,16.100000381469727,27.200000762939453,True,False,0.4517926275730133,12.288759814676382,TCN,2
test_46,A2,test,46,11.199999809265137,111,237.73880004882812,0.5882352590560913,0.8819758892059326,16.0,27.200000762939453,True,False,0.44687047600746155,12.15487728833807,TCN,2
test_46,A2,test,46,11.300000190734863,112,237.73880004882812,0.5845587849617004,0.8835484385490417,15.899999618530273,27.200000762939453,True,False,0.44444674253463745,12.088951736028093,TCN,2
test_46,A2,test,46,11.399999618530273,113,237.73880004882812,0.5808823704719543,0.8813468813896179,15.800000190734863,27.200000762939453,True,False,0.4429797828197479,12.049050430663897,TCN,2
test_46,A2,test,46,11.5,114,237.73880004882812,0.5772058367729187,0.873641312122345,15.699999809265137,27.200000762939453,True,False,0.4444473683834076,12.088968759115119,TCN,2
test_46,A2,test,46,11.600000381469727,115,237.73880004882812,0.5735294222831726,0.8708106279373169,15.600000381469727,27.200000762939453,True,False,0.44230082631111145,12.030582813110982,TCN,2
test_46,A2,test,46,11.699999809265137,116,237.73880004882812,0.5698529481887817,0.8682945966720581,15.5,27.200000762939453,True,False,0.44480109214782715,12.0985900457772,TCN,2
test_46,A2,test,46,11.800000190734863,117,237.73880004882812,0.5661764144897461,0.8627906441688538,15.399999618530273,27.200000762939453,True,False,0.4438380300998688,12.072394757337975,TCN,2
test_46,A2,test,46,11.899999618530273,118,237.73880004882812,0.5625,0.8660930395126343,15.300000190734863,27.200000762939453,True,False,0.4324397146701813,11.76236056895425,TCN,2
test_46,A2,test,46,12.0,119,237.73880004882812,0.5588235259056091,0.8638914823532104,15.199999809265137,27.200000762939453,True,False,0.4304651618003845,11.708652729389314,TCN,2
test_46,A2,test,46,12.100000381469727,120,237.73880004882812,0.5551470518112183,0.8627906441688538,15.100000381469727,27.200000762939453,True,False,0.4215826690196991,11.467048918977866,TCN,2
test_46,A2,test,46,12.199999809265137,121,237.73880004882812,0.5514705777168274,0.8572865724563599,15.0,27.200000762939453,True,False,0.42714864015579224,11.618443338126099,TCN,2
test_46,A2,test,46,12.300000190734863,122,237.73880004882812,0.5477941036224365,0.848637580871582,14.899999618530273,27.200000762939453,True,False,0.4240815341472626,11.535018052354076,TCN,2
test_46,A2,test,46,12.399999618530273,123,237.73880004882812,0.5441176295280457,0.8464359641075134,14.800000190734863,27.200000762939453,True,False,0.4271198809146881,11.617661086746125,TCN,2
test_46,A2,test,46,12.5,124,237.73880004882812,0.5404411554336548,0.848637580871582,14.699999809265137,27.200000762939453,True,False,0.417154461145401,11.346601661418504,TCN,2
test_46,A2,test,46,12.600000381469727,125,237.73880004882812,0.5367646813392639,0.8453351259231567,14.600000381469727,27.200000762939453,True,False,0.4188121557235718,11.39169095520947,TCN,2
test_46,A2,test,46,12.699999809265137,126,237.73880004882812,0.533088207244873,0.8420326709747314,14.5,27.200000762939453,True,False,0.40986892580986023,11.148435094733372,TCN,2
test_46,A2,test,46,12.800000190734863,127,237.73880004882812,0.5294117331504822,0.8420326709747314,14.399999618530273,27.200000762939453,True,False,0.4043319523334503,10.997829411950647,TCN,2
test_46,A2,test,46,12.899999618530273,128,237.73880004882812,0.5257352590560913,0.8453351259231567,14.300000190734863,27.200000762939453,True,False,0.3956376016139984,10.761343065748292,TCN,2
test_46,A2,test,46,13.0,129,237.73880004882812,0.5220587849617004,0.8377867937088013,14.199999809265137,27.200000762939453,True,False,0.4036486744880676,10.979244254034938,TCN,2
test_46,A2,test,46,13.100000381469727,130,237.73880004882812,0.5183823704719543,0.828980565071106,14.100000381469727,27.200000762939453,True,False,0.40104344487190247,10.908382006487614,TCN,2
test_46,A2,test,46,13.199999809265137,131,237.73880004882812,0.5147058963775635,0.8245772123336792,14.0,27.200000762939453,True,False,0.40355807542800903,10.976779959532223,TCN,2
test_46,A2,test,46,13.300000190734863,132,237.73880004882812,0.5110293626785278,0.8245772123336792,13.899999618530273,27.200000762939453,True,False,0.3970320522785187,10.799272124887125,TCN,2
test_46,A2,test,46,13.399999618530273,133,237.73880004882812,0.5073529481887817,0.8201740980148315,13.800000190734863,27.200000762939453,True,False,0.4003129303455353,10.888512010813088,TCN,2
test_46,A2,test,46,13.5,134,237.73880004882812,0.5036764740943909,0.8190733790397644,13.699999809265137,27.200000762939453,True,False,0.3871406018733978,10.53022466632126,TCN,2
test_46,A2,test,46,13.600000381469727,135,237.73880004882812,0.5,0.8156137466430664,13.600000381469727,27.200000762939453,True,False,0.3866254985332489,10.516213855076217,TCN,2
test_46,A2,test,46,13.699999809265137,136,237.73880004882812,0.49632352590560913,0.8138838410377502,13.5,27.200000762939453,True,False,0.3789949119091034,10.308661893077783,TCN,2
test_46,A2,test,46,13.800000190734863,137,237.73880004882812,0.4926470220088959,0.8157709240913391,13.399999618530273,27.200000762939453,True,False,0.37515145540237427,10.204119873162426,TCN,2
test_46,A2,test,46,13.899999618530273,138,237.73880004882812,0.4889705777168274,0.8079081177711487,13.300000190734863,27.200000762939453,True,False,0.3759021461009979,10.224538660737721,TCN,2
test_46,A2,test,46,14.0,139,237.73880004882812,0.4852941036224365,0.8058638572692871,13.199999809265137,27.200000762939453,True,False,0.3728649318218231,10.141926430026956,TCN,2
test_46,A2,test,46,14.100000381469727,140,237.73880004882812,0.48161765933036804,0.8035048842430115,13.100000381469727,27.200000762939453,True,False,0.37185224890708923,10.114381453973579,TCN,2
test_46,A2,test,46,14.199999809265137,141,237.73880004882812,0.4779411554336548,0.7992590069770813,13.0,27.200000762939453,True,False,0.367778480052948,10.003574938032898,TCN,2
test_46,A2,test,46,14.300000190734863,142,237.73880004882812,0.4742646813392639,0.7959567308425903,12.899999618530273,27.200000762939453,True,False,0.3692992925643921,10.044941039504465,TCN,2
test_46,A2,test,46,14.399999618530273,143,237.73880004882812,0.47058823704719543,0.7904527187347412,12.800000190734863,27.200000762939453,True,False,0.36374345421791077,9.893822232241405,TCN,2
test_46,A2,test,46,14.5,144,237.73880004882812,0.4669117331504822,0.7928114533424377,12.699999809265137,27.200000762939453,True,False,0.35669955611228943,9.702228198394437,TCN,2
test_46,A2,test,46,14.600000381469727,145,237.73880004882812,0.4632352888584137,0.7906099557876587,12.600000381469727,27.200000762939453,True,False,0.3542698919773102,9.636141332069315,TCN,2
test_46,A2,test,46,14.699999809265137,146,237.73880004882812,0.4595588147640228,0.7860493659973145,12.5,27.200000762939453,True,False,0.3512648642063141,9.554404574405567,TCN,2
test_46,A2,test,46,14.800000190734863,147,237.73880004882812,0.45588234066963196,0.7838478088378906,12.399999618530273,27.200000762939453,True,False,0.34926745295524597,9.50007498685261,TCN,2
test_46,A2,test,46,14.899999618530273,148,237.73880004882812,0.4522058665752411,0.7840050458908081,12.300000190734863,27.200000762939453,True,False,0.342899888753891,9.326877235717689,TCN,2
test_46,A2,test,46,15.0,149,237.73880004882812,0.4485293924808502,0.7786584496498108,12.199999809265137,27.200000762939453,True,False,0.34863802790641785,9.482954625044272,TCN,2
test_46,A2,test,46,15.100000381469727,150,237.73880004882812,0.4448529427233039,,12.100000381469727,27.200000762939453,False,True,,,TCN,2
test_46,A2,test,46,15.199999809265137,151,237.73880004882812,0.44117649327512365,,12.000000953674316,27.200000762939453,False,True,,,TCN,2
test_46,A2,test,46,15.299999237060547,152,237.73880004882812,0.43750004382694346,,11.900001525878906,27.200000762939453,False,True,,,TCN,2
test_46,A2,test,46,15.399998664855957,153,237.73880004882812,0.4338235943787632,,11.800002098083496,27.200000762939453,False,True,,,TCN,2
test_46,A2,test,46,15.499998092651367,154,237.73880004882812,0.43014714493058304,,11.700002670288086,27.200000762939453,False,True,,,TCN,2
test_46,A2,test,46,15.599997520446777,155,237.73880004882812,0.4264706954824028,,11.600003242492676,27.200000762939453,False,True,,,TCN,2
test_46,A2,test,46,15.699996948242188,156,237.73880004882812,0.4227942460342226,,11.500003814697266,27.200000762939453,False,True,,,TCN,2
test_46,A2,test,46,15.799996376037598,157,237.73880004882812,0.41911779658604237,,11.400004386901855,27.200000762939453,False,True,,,TCN,2
test_46,A2,test,46,15.899995803833008,158,237.73880004882812,0.4154413471378622,,11.300004959106445,27.200000762939453,False,True,,,TCN,2
test_46,A2,test,46,15.999995231628418,159,237.73880004882812,0.41176489768968194,,11.200005531311035,27.200000762939453,False,True,,,TCN,2
test_46,A2,test,46,16.099994659423828,160,237.73880004882812,0.40808844824150176,,11.100006103515625,27.200000762939453,False,True,,,TCN,2
test_46,A2,test,46,16.199993133544922,161,237.73880004882812,0.4044120338548763,,11.000007629394531,27.200000762939453,False,True,,,TCN,2
test_46,A2,test,46,16.29999351501465,162,237.73880004882812,0.40073554934514133,,10.900007247924805,27.200000762939453,False,True,,,TCN,2
test_46,A2,test,46,16.399993896484375,163,237.73880004882812,0.3970590648354063,,10.800006866455078,27.200000762939453,False,True,,,TCN,2
test_46,A2,test,46,16.49999237060547,164,237.73880004882812,0.3933826504487809,,10.700008392333984,27.200000762939453,False,True,,,TCN,2
test_46,A2,test,46,16.599990844726562,165,237.73880004882812,0.38970623606215543,,10.60000991821289,27.200000762939453,False,True,,,TCN,2
test_46,A2,test,46,16.69999122619629,166,237.73880004882812,0.3860297515524205,,10.500009536743164,27.200000762939453,False,True,,,TCN,2
test_46,A2,test,46,16.799991607666016,167,237.73880004882812,0.38235326704268546,,10.400009155273438,27.200000762939453,False,True,,,TCN,2
test_46,A2,test,46,16.89999008178711,168,237.73880004882812,0.37867685265606005,,10.300010681152344,27.200000762939453,False,True,,,TCN,2
test_46,A2,test,46,16.999988555908203,169,237.73880004882812,0.3750004382694346,,10.20001220703125,27.200000762939453,False,True,,,TCN,2
test_46,A2,test,46,17.09998893737793,170,237.73880004882812,0.3713239537596996,,10.100011825561523,27.200000762939453,False,True,,,TCN,2
test_46,A2,test,46,17.199989318847656,171,237.73880004882812,0.3676474692499646,,10.000011444091797,27.200000762939453,False,True,,,TCN,2
test_46,A2,test,46,17.29998779296875,172,237.73880004882812,0.3639710548633392,,9.900012969970703,27.200000762939453,False,True,,,TCN,2
test_46,A2,test,46,17.399986267089844,173,237.73880004882812,0.3602946404767137,,9.80001449584961,27.200000762939453,False,True,,,TCN,2
test_46,A2,test,46,17.49998664855957,174,237.73880004882812,0.35661815596697877,,9.700014114379883,27.200000762939453,False,True,,,TCN,2
test_46,A2,test,46,17.599987030029297,175,237.73880004882812,0.35294167145724376,,9.600013732910156,27.200000762939453,False,True,,,TCN,2
test_46,A2,test,46,17.69998550415039,176,237.73880004882812,0.34926525707061834,,9.500015258789062,27.200000762939453,False,True,,,TCN,2
test_46,A2,test,46,17.799983978271484,177,237.73880004882812,0.34558884268399287,,9.400016784667969,27.200000762939453,False,True,,,TCN,2
test_46,A2,test,46,17.89998435974121,178,237.73880004882812,0.3419123581742579,,9.300016403198242,27.200000762939453,False,True,,,TCN,2
test_46,A2,test,46,17.999984741210938,179,237.73880004882812,0.3382358736645229,,9.200016021728516,27.200000762939453,False,True,,,TCN,2
test_46,A2,test,46,18.09998321533203,180,237.73880004882812,0.3345594592778975,,9.100017547607422,27.200000762939453,False,True,,,TCN,2
test_46,A2,test,46,18.199981689453125,181,237.73880004882812,0.330883044891272,,9.000019073486328,27.200000762939453,False,True,,,TCN,2
test_46,A2,test,46,18.29998207092285,182,237.73880004882812,0.32720656038153706,,8.900018692016602,27.200000762939453,False,True,,,TCN,2
test_46,A2,test,46,18.399982452392578,183,237.73880004882812,0.32353007587180205,,8.800018310546875,27.200000762939453,False,True,,,TCN,2
test_46,A2,test,46,18.499980926513672,184,237.73880004882812,0.31985366148517663,,8.700019836425781,27.200000762939453,False,True,,,TCN,2
test_46,A2,test,46,18.599979400634766,185,237.73880004882812,0.31617724709855116,,8.600021362304688,27.200000762939453,False,True,,,TCN,2
test_46,A2,test,46,18.699979782104492,186,237.73880004882812,0.31250076258881615,,8.500020980834961,27.200000762939453,False,True,,,TCN,2
test_46,A2,test,46,18.79998016357422,187,237.73880004882812,0.3088242780790812,,8.400020599365234,27.200000762939453,False,True,,,TCN,2
test_46,A2,test,46,18.899978637695312,188,237.73880004882812,0.3051478636924557,,8.30002212524414,27.200000762939453,False,True,,,TCN,2
test_46,A2,test,46,18.999977111816406,189,237.73880004882812,0.3014714493058303,,8.200023651123047,27.200000762939453,False,True,,,TCN,2
test_46,A2,test,46,19.099977493286133,190,237.73880004882812,0.2977949647960953,,8.10002326965332,27.200000762939453,False,True,,,TCN,2
test_46,A2,test,46,19.19997787475586,191,237.73880004882812,0.29411848028636034,,8.000022888183594,27.200000762939453,False,True,,,TCN,2
test_46,A2,test,46,19.299976348876953,192,237.73880004882812,0.29044206589973487,,7.9000244140625,27.200000762939453,False,True,,,TCN,2
test_46,A2,test,46,19.399974822998047,193,237.73880004882812,0.28676565151310945,,7.800025939941406,27.200000762939453,False,True,,,TCN,2
test_46,A2,test,46,19.499975204467773,194,237.73880004882812,0.28308916700337444,,7.70002555847168,27.200000762939453,False,True,,,TCN,2
test_46,A2,test,46,19.5999755859375,195,237.73880004882812,0.2794126824936395,,7.600025177001953,27.200000762939453,False,True,,,TCN,2
test_46,A2,test,46,19.699974060058594,196,237.73880004882812,0.275736268107014,,7.500026702880859,27.200000762939453,False,True,,,TCN,2
test_46,A2,test,46,19.799972534179688,197,237.73880004882812,0.2720598537203886,,7.400028228759766,27.200000762939453,False,True,,,TCN,2
test_46,A2,test,46,19.899972915649414,198,237.73880004882812,0.2683833692106536,,7.300027847290039,27.200000762939453,False,True,,,TCN,2
test_46,A2,test,46,19.99997329711914,199,237.73880004882812,0.26470688470091863,,7.2000274658203125,27.200000762939453,False,True,,,TCN,2
test_46,A2,test,46,20.099971771240234,200,237.73880004882812,0.26103047031429316,,7.100028991699219,27.200000762939453,False,True,,,TCN,2
test_46,A2,test,46,20.199970245361328,201,237.73880004882812,0.25735405592766775,,7.000030517578125,27.200000762939453,False,True,,,TCN,2
test_46,A2,test,46,20.299970626831055,202,237.73880004882812,0.25367757141793273,,6.900030136108398,27.200000762939453,False,True,,,TCN,2
test_46,A2,test,46,20.39997100830078,203,237.73880004882812,0.2500010869081978,,6.800029754638672,27.200000762939453,False,True,,,TCN,2
test_46,A2,test,46,20.499969482421875,204,237.73880004882812,0.24632467252157234,,6.700031280517578,27.200000762939453,False,True,,,TCN,2
test_46,A2,test,46,20.59996795654297,205,237.73880004882812,0.24264825813494686,,6.600032806396484,27.200000762939453,False,True,,,TCN,2
test_46,A2,test,46,20.699968338012695,206,237.73880004882812,0.23897177362521188,,6.500032424926758,27.200000762939453,False,True,,,TCN,2
test_46,A2,test,46,20.799968719482422,207,237.73880004882812,0.23529528911547692,,6.400032043457031,27.200000762939453,False,True,,,TCN,2
test_46,A2,test,46,20.899967193603516,208,237.73880004882812,0.23161887472885145,,6.3000335693359375,27.200000762939453,False,True,,,TCN,2
test_46,A2,test,46,20.99996566772461,209,237.73880004882812,0.227942460342226,,6.200035095214844,27.200000762939453,False,True,,,TCN,2
test_46,A2,test,46,21.099966049194336,210,237.73880004882812,0.22426597583249103,,6.100034713745117,27.200000762939453,False,True,,,TCN,2
test_46,A2,test,46,21.199966430664062,211,237.73880004882812,0.22058949132275607,,6.000034332275391,27.200000762939453,False,True,,,TCN,2
test_46,A2,test,46,21.299964904785156,212,237.73880004882812,0.2169130769361306,,5.900035858154297,27.200000762939453,False,True,,,TCN,2
test_46,A2,test,46,21.39996337890625,213,237.73880004882812,0.21323666254950516,,5.800037384033203,27.200000762939453,False,True,,,TCN,2
test_46,A2,test,46,21.499963760375977,214,237.73880004882812,0.20956017803977017,,5.700037002563477,27.200000762939453,False,True,,,TCN,2
test_46,A2,test,46,21.599964141845703,215,237.73880004882812,0.2058836935300352,,5.60003662109375,27.200000762939453,False,True,,,TCN,2
test_46,A2,test,46,21.699962615966797,216,237.73880004882812,0.20220727914340975,,5.500038146972656,27.200000762939453,False,True,,,TCN,2
test_46,A2,test,46,21.79996109008789,217,237.73880004882812,0.1985308647567843,,5.4000396728515625,27.200000762939453,False,True,,,TCN,2
test_46,A2,test,46,21.899961471557617,218,237.73880004882812,0.19485438024704932,,5.300039291381836,27.200000762939453,False,True,,,TCN,2
test_46,A2,test,46,21.999961853027344,219,237.73880004882812,0.19117789573731434,,5.200038909912109,27.200000762939453,False,True,,,TCN,2
test_46,A2,test,46,22.099960327148438,220,237.73880004882812,0.1875014813506889,,5.100040435791016,27.200000762939453,False,True,,,TCN,2
test_46,A2,test,46,22.19995880126953,221,237.73880004882812,0.18382506696406345,,5.000041961669922,27.200000762939453,False,True,,,TCN,2
test_46,A2,test,46,22.299959182739258,222,237.73880004882812,0.18014858245432847,,4.900041580200195,27.200000762939453,False,True,,,TCN,2
test_46,A2,test,46,22.399959564208984,223,237.73880004882812,0.17647209794459348,,4.800041198730469,27.200000762939453,False,True,,,TCN,2
test_46,A2,test,46,22.499958038330078,224,237.73880004882812,0.17279568355796804,,4.700042724609375,27.200000762939453,False,True,,,TCN,2
test_46,A2,test,46,22.599956512451172,225,237.73880004882812,0.1691192691713426,,4.600044250488281,27.200000762939453,False,True,,,TCN,2
test_46,A2,test,46,22.6999568939209,226,237.73880004882812,0.1654427846616076,,4.500043869018555,27.200000762939453,False,True,,,TCN,2
test_46,A2,test,46,22.799957275390625,227,237.73880004882812,0.16176630015187263,,4.400043487548828,27.200000762939453,False,True,,,TCN,2
test_46,A2,test,46,22.89995574951172,228,237.73880004882812,0.15808988576524718,,4.300045013427734,27.200000762939453,False,True,,,TCN,2
test_46,A2,test,46,22.999954223632812,229,237.73880004882812,0.15441347137862174,,4.200046539306641,27.200000762939453,False,True,,,TCN,2
test_46,A2,test,46,23.09995460510254,230,237.73880004882812,0.15073698686888676,,4.100046157836914,27.200000762939453,False,True,,,TCN,2
test_46,A2,test,46,23.199954986572266,231,237.73880004882812,0.14706050235915177,,4.0000457763671875,27.200000762939453,False,True,,,TCN,2
test_46,A2,test,46,23.29995346069336,232,237.73880004882812,0.14338408797252633,,3.9000473022460938,27.200000762939453,False,True,,,TCN,2
test_46,A2,test,46,23.399951934814453,233,237.73880004882812,0.1397076735859009,,3.800048828125,27.200000762939453,False,True,,,TCN,2
test_46,A2,test,46,23.49995231628418,234,237.73880004882812,0.1360311890761659,,3.7000484466552734,27.200000762939453,False,True,,,TCN,2
test_46,A2,test,46,23.599952697753906,235,237.73880004882812,0.13235470456643092,,3.600048065185547,27.200000762939453,False,True,,,TCN,2
test_46,A2,test,46,23.699951171875,236,237.73880004882812,0.12867829017980548,,3.500049591064453,27.200000762939453,False,True,,,TCN,2
test_46,A2,test,46,23.799949645996094,237,237.73880004882812,0.12500187579318003,,3.4000511169433594,27.200000762939453,False,True,,,TCN,2
test_46,A2,test,46,23.89995002746582,238,237.73880004882812,0.12132539128344504,,3.300050735473633,27.200000762939453,False,True,,,TCN,2
test_46,A2,test,46,23.999950408935547,239,237.73880004882812,0.11764890677371007,,3.2000503540039062,27.200000762939453,False,True,,,TCN,2
test_46,A2,test,46,24.09994888305664,240,237.73880004882812,0.11397249238708461,,3.1000518798828125,27.200000762939453,False,True,,,TCN,2
test_46,A2,test,46,24.199947357177734,241,237.73880004882812,0.11029607800045917,,3.0000534057617188,27.200000762939453,False,True,,,TCN,2
test_46,A2,test,46,24.29994773864746,242,237.73880004882812,0.10661959349072418,,2.900053024291992,27.200000762939453,False,True,,,TCN,2
test_46,A2,test,46,24.399948120117188,243,237.73880004882812,0.1029431089809892,,2.8000526428222656,27.200000762939453,False,True,,,TCN,2
test_46,A2,test,46,24.49994659423828,244,237.73880004882812,0.09926669459436376,,2.700054168701172,27.200000762939453,False,True,,,TCN,2
test_46,A2,test,46,24.599945068359375,245,237.73880004882812,0.09559028020773831,,2.600055694580078,27.200000762939453,False,True,,,TCN,2
test_46,A2,test,46,24.6999454498291,246,237.73880004882812,0.09191379569800333,,2.5000553131103516,27.200000762939453,False,True,,,TCN,2
test_46,A2,test,46,24.799945831298828,247,237.73880004882812,0.08823731118826834,,2.400054931640625,27.200000762939453,False,True,,,TCN,2
test_46,A2,test,46,24.899944305419922,248,237.73880004882812,0.0845608968016429,,2.3000564575195312,27.200000762939453,False,True,,,TCN,2
test_46,A2,test,46,24.999942779541016,249,237.73880004882812,0.08088448241501746,,2.2000579833984375,27.200000762939453,False,True,,,TCN,2
test_46,A2,test,46,25.099943161010742,250,237.73880004882812,0.07720799790528247,,2.100057601928711,27.200000762939453,False,True,,,TCN,2
test_46,A2,test,46,25.19994354248047,251,237.73880004882812,0.07353151339554749,,2.0000572204589844,27.200000762939453,False,True,,,TCN,2
test_46,A2,test,46,25.299942016601562,252,237.73880004882812,0.06985509900892205,,1.9000587463378906,27.200000762939453,False,True,,,TCN,2
test_46,A2,test,46,25.399940490722656,253,237.73880004882812,0.06617868462229659,,1.8000602722167969,27.200000762939453,False,True,,,TCN,2
test_46,A2,test,46,25.499940872192383,254,237.73880004882812,0.06250220011256162,,1.7000598907470703,27.200000762939453,False,True,,,TCN,2
test_46,A2,test,46,25.59994125366211,255,237.73880004882812,0.058825715602826636,,1.6000595092773438,27.200000762939453,False,True,,,TCN,2
test_46,A2,test,46,25.699939727783203,256,237.73880004882812,0.05514930121620119,,1.50006103515625,27.200000762939453,False,True,,,TCN,2
test_46,A2,test,46,25.799938201904297,257,237.73880004882812,0.05147288682957574,,1.4000625610351562,27.200000762939453,False,True,,,TCN,2
test_46,A2,test,46,25.899938583374023,258,237.73880004882812,0.04779640231984076,,1.3000621795654297,27.200000762939453,False,True,,,TCN,2
test_46,A2,test,46,25.99993896484375,259,237.73880004882812,0.044119917810105776,,1.2000617980957031,27.200000762939453,False,True,,,TCN,2
test_46,A2,test,46,26.099937438964844,260,237.73880004882812,0.04044350342348033,,1.1000633239746094,27.200000762939453,False,True,,,TCN,2
test_46,A2,test,46,26.199935913085938,261,237.73880004882812,0.03676708903685488,,1.0000648498535156,27.200000762939453,False,True,,,TCN,2
test_46,A2,test,46,26.299936294555664,262,237.73880004882812,0.0330906045271199,,0.9000644683837891,27.200000762939453,False,True,,,TCN,2
test_46,A2,test,46,26.39993667602539,263,237.73880004882812,0.029414120017384922,,0.8000640869140625,27.200000762939453,False,True,,,TCN,2
test_46,A2,test,46,26.499935150146484,264,237.73880004882812,0.025737705630759476,,0.7000656127929688,27.200000762939453,False,True,,,TCN,2
test_46,A2,test,46,26.599933624267578,265,237.73880004882812,0.022061291244134026,,0.600067138671875,27.200000762939453,False,True,,,TCN,2
test_46,A2,test,46,26.699934005737305,266,237.73880004882812,0.018384806734399045,,0.5000667572021484,27.200000762939453,False,True,,,TCN,2
test_46,A2,test,46,26.79993438720703,267,237.73880004882812,0.014708322224664064,,0.4000663757324219,27.200000762939453,False,True,,,TCN,2
test_46,A2,test,46,26.899932861328125,268,237.73880004882812,0.011031907838038618,,0.3000679016113281,27.200000762939453,False,True,,,TCN,2
test_46,A2,test,46,26.99993133544922,269,237.73880004882812,0.00735549345141317,,0.20006942749023438,27.200000762939453,False,True,,,TCN,2
test_46,A2,test,46,27.099931716918945,270,237.73880004882812,0.003679008941678189,,0.10006904602050781,27.200000762939453,False,True,,,TCN,2
test_46,A2,test,46,27.199932098388672,271,237.73880004882812,2.524431943208135e-06,,6.866455078125e-05,27.200000762939453,False,True,,,TCN,2
test_47,A2,test,47,0.20000000298023224,0,236.42893981933594,0.9947507381439209,1.0,37.900001525878906,38.099998474121094,True,False,0.9492348432540894,36.16584607956338,TCN,2
test_47,A2,test,47,0.30000001192092896,1,236.42893981933594,0.9921259880065918,1.0,37.79999923706055,38.099998474121094,True,False,0.9973851442337036,38.000372473415155,TCN,2
test_47,A2,test,47,0.4000000059604645,2,236.42893981933594,0.9895013570785522,1.0,37.70000076293945,38.099998474121094,True,False,0.9909083247184753,37.7536056597678,TCN,2
test_47,A2,test,47,0.5,3,236.42893981933594,0.9868766665458679,1.0,37.599998474121094,38.099998474121094,True,False,1.0,38.099998474121094,TCN,2
test_47,A2,test,47,0.6000000238418579,4,236.42893981933594,0.9842520356178284,1.0,37.5,38.099998474121094,True,False,0.9937727451324463,37.862740073169334,TCN,2
test_47,A2,test,47,0.699999988079071,5,236.42893981933594,0.9816274046897888,1.0,37.400001525878906,38.099998474121094,True,False,1.0,38.099998474121094,TCN,2
test_47,A2,test,47,0.800000011920929,6,236.42893981933594,0.9790026545524597,1.0,37.29999923706055,38.099998474121094,True,False,0.9971936941146851,37.99307822417268,TCN,2
test_47,A2,test,47,0.8999999761581421,7,236.42893981933594,0.9763780236244202,1.0,37.20000076293945,38.099998474121094,True,False,0.9658611416816711,36.79930802428453,TCN,2
test_47,A2,test,47,1.0,8,236.42893981933594,0.9737532734870911,1.0,37.099998474121094,38.099998474121094,True,False,0.9472036957740784,36.08845936367425,TCN,2
test_47,A2,test,47,1.100000023841858,9,236.42893981933594,0.9711286425590515,1.0,37.0,38.099998474121094,True,False,0.9371496438980103,35.70540000253732,TCN,2
test_47,A2,test,47,1.2000000476837158,10,236.42893981933594,0.968504011631012,1.0,36.900001525878906,38.099998474121094,True,False,0.9249635934829712,35.241111500318766,TCN,2
test_47,A2,test,47,1.2999999523162842,11,236.42893981933594,0.9658792614936829,1.0,36.79999923706055,38.099998474121094,True,False,0.9082446694374084,34.60412051969388,TCN,2
test_47,A2,test,47,1.399999976158142,12,236.42893981933594,0.9632546305656433,1.0,36.70000076293945,38.099998474121094,True,False,0.8883412480354309,33.845800194648746,TCN,2
test_47,A2,test,47,1.5,13,236.42893981933594,0.960629940032959,1.0,36.599998474121094,38.099998474121094,True,False,0.8742187023162842,33.30773122429855,TCN,2
test_47,A2,test,47,1.600000023841858,14,236.42893981933594,0.9580053091049194,1.0,36.5,38.099998474121094,True,False,0.8704433441162109,33.1638900826365,TCN,2
test_47,A2,test,47,1.7000000476837158,15,236.42893981933594,0.9553806781768799,1.0,36.400001525878906,38.099998474121094,True,False,0.8711179494857788,33.18959254618767,TCN,2
test_47,A2,test,47,1.7999999523162842,16,236.42893981933594,0.9527559280395508,1.0,36.29999923706055,38.099998474121094,True,False,0.8713361024856567,33.19790417515014,TCN,2
test_47,A2,test,47,1.899999976158142,17,236.42893981933594,0.9501312971115112,1.0,36.20000076293945,38.099998474121094,True,False,0.8726110458374023,33.24647951490624,TCN,2
test_47,A2,test,47,2.0,18,236.42893981933594,0.9475065469741821,1.0,36.099998474121094,38.099998474121094,True,False,0.8744513988494873,33.31659696185852,TCN,2
test_47,A2,test,47,2.0999999046325684,19,236.42893981933594,0.9448819160461426,1.0,36.0,38.099998474121094,True,False,0.8676914572715759,33.05904319805495,TCN,2
test_47,A2,test,47,2.200000047683716,20,236.42893981933594,0.942257285118103,1.0,35.900001525878906,38.099998474121094,True,False,0.8701754212379456,33.153682221383406,TCN,2
test_47,A2,test,47,2.299999952316284,21,236.42893981933594,0.9396325349807739,1.0,35.79999923706055,38.099998474121094,True,False,0.8681902885437012,33.07804866876177,TCN,2
test_47,A2,test,47,2.4000000953674316,22,236.42893981933594,0.9370079040527344,1.0,35.70000076293945,38.099998474121094,True,False,0.8687694072723389,33.1001130914392,TCN,2
test_47,A2,test,47,2.5,23,236.42893981933594,0.93438321352005,1.0,35.599998474121094,38.099998474121094,True,False,0.8740768432617188,33.30232639453607,TCN,2
test_47,A2,test,47,2.5999999046325684,24,236.42893981933594,0.9317585825920105,1.0,35.5,38.099998474121094,True,False,0.8638510704040527,32.91272446426228,TCN,2
test_47,A2,test,47,2.700000047683716,25,236.42893981933594,0.929133951663971,1.0,35.400001525878906,38.099998474121094,True,False,0.8669487237930298,33.030745053655664,TCN,2
test_47,A2,test,47,2.799999952316284,26,236.42893981933594,0.9265092015266418,1.0,35.29999923706055,38.099998474121094,True,False,0.870984673500061,33.184514731335184,TCN,2
test_47,A2,test,47,2.9000000953674316,27,236.42893981933594,0.9238845705986023,1.0,35.20000076293945,38.099998474121094,True,False,0.8692945837974548,33.12012231624476,TCN,2
test_47,A2,test,47,3.0,28,236.42893981933594,0.9212598204612732,1.0,35.099998474121094,38.099998474121094,True,False,0.8664089441299438,33.01017944931573,TCN,2
test_47,A2,test,47,3.0999999046325684,29,236.42893981933594,0.9186351895332336,1.0,35.0,38.099998474121094,True,False,0.8631632328033447,32.886517852724864,TCN,2
test_47,A2,test,47,3.200000047683716,30,236.42893981933594,0.9160105586051941,1.0,34.900001525878906,38.099998474121094,True,False,0.8680398464202881,33.072316824089285,TCN,2
test_47,A2,test,47,3.299999952316284,31,236.42893981933594,0.9133858680725098,1.0,34.79999923706055,38.099998474121094,True,False,0.8670955300331116,33.03633837117877,TCN,2
test_47,A2,test,47,3.4000000953674316,32,236.42893981933594,0.9107612371444702,1.0,34.70000076293945,38.099998474121094,True,False,0.8660484552383423,32.99644482309577,TCN,2
test_47,A2,test,47,3.5,33,236.42893981933594,0.9081364870071411,1.0,34.599998474121094,38.099998474121094,True,False,0.8654061555862427,32.97197320733085,TCN,2
test_47,A2,test,47,3.5999999046325684,34,236.42893981933594,0.9055118560791016,1.0,34.5,38.099998474121094,True,False,0.8636660575866699,32.905675476202305,TCN,2
test_47,A2,test,47,3.700000047683716,35,236.42893981933594,0.902887225151062,1.0,34.400001525878906,38.099998474121094,True,False,0.863857626914978,32.91297426731853,TCN,2
test_47,A2,test,47,3.799999952316284,36,236.42893981933594,0.9002624750137329,1.0,34.29999923706055,38.099998474121094,True,False,0.8685005903244019,33.08987116613298,TCN,2
test_47,A2,test,47,3.9000000953674316,37,236.42893981933594,0.8976378440856934,1.0,34.20000076293945,38.099998474121094,True,False,0.8662329912185669,33.00347564366075,TCN,2
test_47,A2,test,47,4.0,38,236.42893981933594,0.8950130939483643,1.0,34.099998474121094,38.099998474121094,True,False,0.8627760410308838,32.87176584678491,TCN,2
test_47,A2,test,47,4.099999904632568,39,236.42893981933594,0.8923884630203247,1.0,34.0,38.099998474121094,True,False,0.8643682599067688,32.932429383526596,TCN,2
test_47,A2,test,47,4.199999809265137,40,236.42893981933594,0.8897638320922852,1.0,33.900001525878906,38.099998474121094,True,False,0.8614469766616821,32.82112849634632,TCN,2
test_47,A2,test,47,4.300000190734863,41,236.42893981933594,0.8871391415596008,1.0,33.79999923706055,38.099998474121094,True,False,0.8629276752471924,32.87754311019489,TCN,2
test_47,A2,test,47,4.400000095367432,42,236.42893981933594,0.8845145106315613,1.0,33.70000076293945,38.099998474121094,True,False,0.8573085069656372,32.66345280724181,TCN,2
test_47,A2,test,47,4.5,43,236.42893981933594,0.8818897604942322,1.0,33.599998474121094,38.099998474121094,True,False,0.8571581840515137,32.65772550444308,TCN,2
test_47,A2,test,47,4.599999904632568,44,236.42893981933594,0.8792651295661926,1.0,33.5,38.099998474121094,True,False,0.8554616570472717,32.593087828170155,TCN,2
test_47,A2,test,47,4.699999809265137,45,236.42893981933594,0.8766404986381531,1.0,33.400001525878906,38.099998474121094,True,False,0.848738431930542,32.33693296148158,TCN,2
test_47,A2,test,47,4.800000190734863,46,236.42893981933594,0.874015748500824,1.0,33.29999923706055,38.099998474121094,True,False,0.8388504385948181,31.96020043047838,TCN,2
test_47,A2,test,47,4.900000095367432,47,236.42893981933594,0.8713911175727844,1.0,33.20000076293945,38.099998474121094,True,False,0.8380115032196045,31.928236993962855,TCN,2
test_47,A2,test,47,5.0,48,236.42893981933594,0.8687664270401001,1.0,33.099998474121094,38.099998474121094,True,False,0.8378589153289795,31.922423395562873,TCN,2
test_47,A2,test,47,5.099999904632568,49,236.42893981933594,0.8661417961120605,1.0,33.0,38.099998474121094,True,False,0.8420876264572144,32.08353728309612,TCN,2
test_47,A2,test,47,5.199999809265137,50,236.42893981933594,0.8635171055793762,1.0,32.900001525878906,38.099998474121094,True,False,0.8363646268844604,31.8654910081068,TCN,2
test_47,A2,test,47,5.300000190734863,51,236.42893981933594,0.8608924150466919,1.0,32.79999923706055,38.099998474121094,True,False,0.8337942957878113,31.76756139724648,TCN,2
test_47,A2,test,47,5.400000095367432,52,236.42893981933594,0.8582677841186523,1.0,32.70000076293945,38.099998474121094,True,False,0.8371865749359131,31.896807227612953,TCN,2
test_47,A2,test,47,5.5,53,236.42893981933594,0.8556430339813232,1.0,32.599998474121094,38.099998474121094,True,False,0.832032322883606,31.700430232284816,TCN,2
test_47,A2,test,47,5.599999904632568,54,236.42893981933594,0.8530184030532837,1.0,32.5,38.099998474121094,True,False,0.8280323147773743,31.548029929540917,TCN,2
test_47,A2,test,47,5.699999809265137,55,236.42893981933594,0.8503937721252441,1.0,32.400001525878906,38.099998474121094,True,False,0.82414710521698,31.400003451218254,TCN,2
test_47,A2,test,47,5.800000190734863,56,236.42893981933594,0.847769021987915,1.0,32.29999923706055,38.099998474121094,True,False,0.8285588026046753,31.56808911495773,TCN,2
test_47,A2,test,47,5.900000095367432,57,236.42893981933594,0.8451443910598755,1.0,32.20000076293945,38.099998474121094,True,False,0.832720935344696,31.72666636600161,TCN,2
test_47,A2,test,47,6.0,58,236.42893981933594,0.8425197005271912,1.0,32.099998474121094,38.099998474121094,True,False,0.8230108022689819,31.35671031063339,TCN,2
test_47,A2,test,47,6.099999904632568,59,236.42893981933594,0.8398950695991516,1.0,32.0,38.099998474121094,True,False,0.8291254639625549,31.589678911828287,TCN,2
test_47,A2,test,47,6.199999809265137,60,236.42893981933594,0.8372703790664673,1.0,31.899999618530273,38.099998474121094,True,False,0.8220884203910828,31.321567562492874,TCN,2
test_47,A2,test,47,6.300000190734863,61,236.42893981933594,0.834645688533783,1.0,31.799999237060547,38.099998474121094,True,False,0.8234902620315552,31.374977726855832,TCN,2
test_47,A2,test,47,6.400000095367432,62,236.42893981933594,0.8320210576057434,1.0,31.700000762939453,38.099998474121094,True,False,0.8210762143135071,31.283002512481744,TCN,2
test_47,A2,test,47,6.5,63,236.42893981933594,0.8293963670730591,1.0,31.600000381469727,38.099998474121094,True,False,0.8136013746261597,30.998211131799508,TCN,2
test_47,A2,test,47,6.599999904632568,64,236.42893981933594,0.8267716765403748,1.0,31.5,38.099998474121094,True,False,0.8119460940361023,30.93514494384408,TCN,2
test_47,A2,test,47,6.699999809265137,65,236.42893981933594,0.8241469860076904,1.0,31.399999618530273,38.099998474121094,True,False,0.8017193675041199,30.545506678580296,TCN,2
test_47,A2,test,47,6.800000190734863,66,236.42893981933594,0.8215222954750061,1.0,31.299999237060547,38.099998474121094,True,False,0.8015256524085999,30.53812613373657,TCN,2
test_47,A2,test,47,6.900000095367432,67,236.42893981933594,0.8188976645469666,1.0,31.200000762939453,38.099998474121094,True,False,0.7980210781097412,30.40460185829761,TCN,2
test_47,A2,test,47,7.0,68,236.42893981933594,0.816273033618927,1.0,31.100000381469727,38.099998474121094,True,False,0.7971270084381104,30.370537805172717,TCN,2
test_47,A2,test,47,7.099999904632568,69,236.42893981933594,0.8136483430862427,1.0,31.0,38.099998474121094,True,False,0.7924677133560181,30.19301866965452,TCN,2
test_47,A2,test,47,7.199999809265137,70,236.42893981933594,0.8110236525535583,1.0,30.899999618530273,38.099998474121094,True,False,0.7847315669059753,29.898271501712316,TCN,2
test_47,A2,test,47,7.300000190734863,71,236.42893981933594,0.808398962020874,1.0,30.799999237060547,38.099998474121094,True,False,0.7798064351081848,29.71062398773165,TCN,2
test_47,A2,test,47,7.400000095367432,72,236.42893981933594,0.8057743310928345,1.0,30.700000762939453,38.099998474121094,True,False,0.7849230766296387,29.905568021891668,TCN,2
test_47,A2,test,47,7.5,73,236.42893981933594,0.8031496405601501,1.0,30.600000381469727,38.099998474121094,True,False,0.7785362005233765,29.662228051988677,TCN,2
test_47,A2,test,47,7.599999904632568,74,236.42893981933594,0.8005249500274658,1.0,30.5,38.099998474121094,True,False,0.777215838432312,29.611922258333834,TCN,2
test_47,A2,test,47,7.699999809265137,75,236.42893981933594,0.7979002594947815,1.0,30.399999618530273,38.099998474121094,True,False,0.7701220512390137,29.341648977093428,TCN,2
test_47,A2,test,47,7.800000190734863,76,236.42893981933594,0.7952756285667419,1.0,30.299999237060547,38.099998474121094,True,False,0.7656087279319763,29.16969136598209,TCN,2
test_47,A2,test,47,7.900000095367432,77,236.42893981933594,0.7926509976387024,1.0,30.200000762939453,38.099998474121094,True,False,0.7613465189933777,29.007301211925096,TCN,2
test_47,A2,test,47,8.0,78,236.42893981933594,0.7900263071060181,1.0,30.100000381469727,38.099998474121094,True,False,0.7589271068572998,28.91512161323226,TCN,2
test_47,A2,test,47,8.100000381469727,79,236.42893981933594,0.7874016165733337,1.0,30.0,38.099998474121094,True,False,0.7512432932853699,28.622368327866297,TCN,2
test_47,A2,test,47,8.199999809265137,80,236.42893981933594,0.7847769260406494,1.0,29.899999618530273,38.099998474121094,True,False,0.7487472295761108,28.52726830435222,TCN,2
test_47,A2,test,47,8.300000190734863,81,236.42893981933594,0.7821522355079651,1.0,29.799999237060547,38.099998474121094,True,False,0.7390418648719788,28.157493923934,TCN,2
test_47,A2,test,47,8.399999618530273,82,236.42893981933594,0.7795276045799255,1.0,29.700000762939453,38.099998474121094,True,False,0.7362629771232605,28.05161830494808,TCN,2
test_47,A2,test,47,8.5,83,236.42893981933594,0.7769029140472412,1.0,29.600000381469727,38.099998474121094,True,False,0.735985279083252,28.041038010047487,TCN,2
test_47,A2,test,47,8.600000381469727,84,236.42893981933594,0.7742782235145569,1.0,29.5,38.099998474121094,True,False,0.7340470552444458,27.967191684746467,TCN,2
test_47,A2,test,47,8.699999809265137,85,236.42893981933594,0.7716535925865173,1.0,29.399999618530273,38.099998474121094,True,False,0.7244964241981506,27.603312656455728,TCN,2
test_47,A2,test,47,8.800000190734863,86,236.42893981933594,0.769028902053833,1.0,29.299999237060547,38.099998474121094,True,False,0.718932032585144,27.391309344490764,TCN,2
test_47,A2,test,47,8.899999618530273,87,236.42893981933594,0.7664042711257935,1.0,29.200000762939453,38.099998474121094,True,False,0.7217780351638794,27.499742038397926,TCN,2
test_47,A2,test,47,9.0,88,236.42893981933594,0.7637795805931091,1.0,29.100000381469727,38.099998474121094,True,False,0.7170926332473755,27.321228232528483,TCN,2
test_47,A2,test,47,9.100000381469727,89,236.42893981933594,0.7611548900604248,1.0,29.0,38.099998474121094,True,False,0.7158224582672119,27.272834567722384,TCN,2
test_47,A2,test,47,9.199999809265137,90,236.42893981933594,0.7585301995277405,1.0,28.899999618530273,38.099998474121094,True,False,0.7176451086997986,27.342277546422793,TCN,2
test_47,A2,test,47,9.300000190734863,91,236.42893981933594,0.7559055089950562,1.0,28.799999237060547,38.099998474121094,True,False,0.7215585708618164,27.491380448824202,TCN,2
test_47,A2,test,47,9.399999618530273,92,236.42893981933594,0.7532808780670166,1.0,28.700000762939453,38.099998474121094,True,False,0.7137231230735779,27.19284990004826,TCN,2
test_47,A2,test,47,9.5,93,236.42893981933594,0.7506561875343323,1.0,28.600000381469727,38.099998474121094,True,False,0.7131150960922241,27.169684072986456,TCN,2
test_47,A2,test,47,9.600000381469727,94,236.42893981933594,0.748031497001648,1.0,28.5,38.099998474121094,True,False,0.710940957069397,27.086849379534215,TCN,2
test_47,A2,test,47,9.699999809265137,95,236.42893981933594,0.7454068660736084,1.0,28.399999618530273,38.099998474121094,True,False,0.722701907157898,27.534941559960316,TCN,2
test_47,A2,test,47,9.800000190734863,96,236.42893981933594,0.7427821755409241,1.0,28.299999237060547,38.099998474121094,True,False,0.7165985703468323,27.302404436771667,TCN,2
test_47,A2,test,47,9.899999618530273,97,236.42893981933594,0.7401575446128845,1.0,28.200000762939453,38.099998474121094,True,False,0.7162085771560669,27.28754569679859,TCN,2
test_47,A2,test,47,10.0,98,236.42893981933594,0.7375328540802002,1.0,28.100000381469727,38.099998474121094,True,False,0.7095988988876343,27.035716964856874,TCN,2
test_47,A2,test,47,10.100000381469727,99,236.42893981933594,0.7349081635475159,1.0,28.0,38.099998474121094,True,False,0.7105333209037781,27.071318442246138,TCN,2
test_47,A2,test,47,10.199999809265137,100,236.42893981933594,0.7322834730148315,1.0,27.899999618530273,38.099998474121094,True,False,0.7027014493942261,26.772924149682694,TCN,2
test_47,A2,test,47,10.300000190734863,101,236.42893981933594,0.7296587824821472,1.0,27.799999237060547,38.099998474121094,True,False,0.7001099586486816,26.674188356231753,TCN,2
test_47,A2,test,47,10.399999618530273,102,236.42893981933594,0.7270341515541077,1.0,27.700000762939453,38.099998474121094,True,False,0.6934503316879272,26.420456579188794,TCN,2
test_47,A2,test,47,10.5,103,236.42893981933594,0.7244094610214233,1.0,27.600000381469727,38.099998474121094,True,False,0.6864141821861267,26.152379293906506,TCN,2
test_47,A2,test,47,10.600000381469727,104,236.42893981933594,0.7217848300933838,1.0,27.5,38.099998474121094,True,False,0.6887603998184204,26.241770182116852,TCN,2
test_47,A2,test,47,10.699999809265137,105,236.42893981933594,0.7191601395606995,1.0,27.399999618530273,38.099998474121094,True,False,0.6800204515457153,25.90877816626289,TCN,2
test_47,A2,test,47,10.800000190734863,106,236.42893981933594,0.7165354490280151,1.0,27.299999237060547,38.099998474121094,True,False,0.6798224449157715,25.901234113964165,TCN,2
test_47,A2,test,47,10.899999618530273,107,236.42893981933594,0.7139108180999756,1.0,27.200000762939453,38.099998474121094,True,False,0.679653525352478,25.894798278860435,TCN,2
test_47,A2,test,47,11.0,108,236.42893981933594,0.7112861275672913,1.0,27.100000381469727,38.099998474121094,True,False,0.6813551187515259,25.959628984767733,TCN,2
test_47,A2,test,47,11.100000381469727,109,236.42893981933594,0.7086614370346069,1.0,27.0,38.099998474121094,True,False,0.6742428541183472,25.68865171309608,TCN,2
test_47,A2,test,47,11.199999809265137,110,236.42893981933594,0.7060367465019226,1.0,26.899999618530273,38.099998474121094,True,False,0.6705443263053894,25.547737809065893,TCN,2
test_47,A2,test,47,11.300000190734863,111,236.42893981933594,0.7034120559692383,0.9999182820320129,26.799999237060547,38.099998474121094,True,False,0.6660642623901367,25.3770473807308,TCN,2
test_47,A2,test,47,11.399999618530273,112,236.42893981933594,0.7007874250411987,0.9981883764266968,26.700000762939453,38.099998474121094,True,False,0.6684062480926514,25.466277032423022,TCN,2
test_47,A2,test,47,11.5,113,236.42893981933594,0.6981627941131592,1.0,26.600000381469727,38.099998474121094,True,False,0.6581649780273438,25.07608465856174,TCN,2
test_47,A2,test,47,11.600000381469727,114,236.42893981933594,0.6955381035804749,1.0,26.5,38.099998474121094,True,False,0.6639487743377686,25.296447289163552,TCN,2
test_47,A2,test,47,11.699999809265137,115,236.42893981933594,0.6929134130477905,1.0,26.399999618530273,38.099998474121094,True,False,0.6551775932312012,24.962265302387095,TCN,2
test_47,A2,test,47,11.800000190734863,116,236.42893981933594,0.6902887225151062,1.0,26.299999237060547,38.099998474121094,True,False,0.6566982269287109,25.020201443941914,TCN,2
test_47,A2,test,47,11.899999618530273,117,236.42893981933594,0.6876640915870667,0.9970875978469849,26.200000762939453,38.099998474121094,True,False,0.653689980506897,24.905587259861022,TCN,2
test_47,A2,test,47,12.0,118,236.42893981933594,0.6850394010543823,0.9948859810829163,26.100000381469727,38.099998474121094,True,False,0.6565104722976685,25.013047992785687,TCN,2
test_47,A2,test,47,12.100000381469727,119,236.42893981933594,0.682414710521698,0.9985029101371765,26.0,38.099998474121094,True,False,0.6529008150100708,24.875520055636116,TCN,2
test_47,A2,test,47,12.199999809265137,120,236.42893981933594,0.6797900199890137,0.9948859810829163,25.899999618530273,38.099998474121094,True,False,0.6564628481864929,25.011233514222567,TCN,2
test_47,A2,test,47,12.300000190734863,121,236.42893981933594,0.6771653890609741,0.9918981194496155,25.799999237060547,38.099998474121094,True,False,0.6459333896636963,24.610061160570694,TCN,2
test_47,A2,test,47,12.399999618530273,122,236.42893981933594,0.6745407581329346,0.9928416609764099,25.700000762939453,38.099998474121094,True,False,0.6499786376953125,24.764185104402713,TCN,2
test_47,A2,test,47,12.5,123,236.42893981933594,0.6719160676002502,0.9917409420013428,25.600000381469727,38.099998474121094,True,False,0.6475493907928467,24.671630801125502,TCN,2
test_47,A2,test,47,12.600000381469727,124,236.42893981933594,0.6692913770675659,0.9895393252372742,25.5,38.099998474121094,True,False,0.6479403376579285,24.68652587608858,TCN,2
test_47,A2,test,47,12.699999809265137,125,236.42893981933594,0.6666666865348816,0.9895393252372742,25.399999618530273,38.099998474121094,True,False,0.6422092914581299,24.468173024621137,TCN,2
test_47,A2,test,47,12.800000190734863,126,236.42893981933594,0.6640419960021973,0.9895393252372742,25.299999237060547,38.099998474121094,True,False,0.6391546726226807,24.3517920516515,TCN,2
test_47,A2,test,47,12.899999618530273,127,236.42893981933594,0.6614173650741577,0.9862369298934937,25.200000762939453,38.099998474121094,True,False,0.6379188299179077,24.304706446485397,TCN,2
test_47,A2,test,47,13.0,128,236.42893981933594,0.6587926745414734,0.9862369298934937,25.100000381469727,38.099998474121094,True,False,0.6329439878463745,24.11516497115099,TCN,2
test_47,A2,test,47,13.100000381469727,129,236.42893981933594,0.6561679840087891,0.9863941669464111,25.0,38.099998474121094,True,False,0.6278706789016724,23.921871908099092,TCN,2
test_47,A2,test,47,13.199999809265137,130,236.42893981933594,0.6535432934761047,0.9884384274482727,24.899999618530273,38.099998474121094,True,False,0.6234613656997681,23.753877081834617,TCN,2
test_47,A2,test,47,13.300000190734863,131,236.42893981933594,0.6509186625480652,0.984035313129425,24.799999237060547,38.099998474121094,True,False,0.6202307939529419,23.63079230321,TCN,2
test_47,A2,test,47,13.399999618530273,132,236.42893981933594,0.6482940316200256,0.9829345941543579,24.700000762939453,38.099998474121094,True,False,0.614514946937561,23.41301854064568,TCN,2
test_47,A2,test,47,13.5,133,236.42893981933594,0.6456693410873413,0.9862369298934937,24.600000381469727,38.099998474121094,True,False,0.615272045135498,23.44186398083184,TCN,2
test_47,A2,test,47,13.600000381469727,134,236.42893981933594,0.643044650554657,0.9862369298934937,24.5,38.099998474121094,True,False,0.6141456365585327,23.398947815768224,TCN,2
test_47,A2,test,47,13.699999809265137,135,236.42893981933594,0.6404199600219727,0.9862369298934937,24.399999618530273,38.099998474121094,True,False,0.6122159361839294,23.32542623444033,TCN,2
test_47,A2,test,47,13.800000190734863,136,236.42893981933594,0.6377952694892883,0.9849788546562195,24.299999237060547,38.099998474121094,True,False,0.6055088639259338,23.069886791644876,TCN,2
test_47,A2,test,47,13.899999618530273,137,236.42893981933594,0.6351706385612488,0.9841926097869873,24.200000762939453,38.099998474121094,True,False,0.6058151125907898,23.08155486530859,TCN,2
test_47,A2,test,47,14.0,138,236.42893981933594,0.6325459480285645,0.9807329773902893,24.100000381469727,38.099998474121094,True,False,0.6083823442459106,23.17936638745141,TCN,2
test_47,A2,test,47,14.100000381469727,139,236.42893981933594,0.6299212574958801,0.9801039099693298,24.0,38.099998474121094,True,False,0.6076632738113403,23.151969804991495,TCN,2
test_47,A2,test,47,14.199999809265137,140,236.42893981933594,0.6272966265678406,0.9791603684425354,23.899999618530273,38.099998474121094,True,False,0.6081973314285278,23.17231739939143,TCN,2
test_47,A2,test,47,14.300000190734863,141,236.42893981933594,0.6246719360351562,0.9774305820465088,23.799999237060547,38.099998474121094,True,False,0.6032328009605408,22.983168796136397,TCN,2
test_47,A2,test,47,14.399999618530273,142,236.42893981933594,0.6220473051071167,0.9752289652824402,23.700000762939453,38.099998474121094,True,False,0.6032776832580566,22.984878811603267,TCN,2
test_47,A2,test,47,14.5,143,236.42893981933594,0.6194226145744324,0.9720838069915771,23.600000381469727,38.099998474121094,True,False,0.5999720096588135,22.85893265251616,TCN,2
test_47,A2,test,47,14.600000381469727,144,236.42893981933594,0.616797924041748,0.9752289652824402,23.5,38.099998474121094,True,False,0.5947527289390564,22.660078065057405,TCN,2
test_47,A2,test,47,14.699999809265137,145,236.42893981933594,0.6141732335090637,0.9720838069915771,23.399999618530273,38.099998474121094,True,False,0.5970017910003662,22.745767326161513,TCN,2
test_47,A2,test,47,14.800000190734863,146,236.42893981933594,0.6115485429763794,0.9676806926727295,23.299999237060547,38.099998474121094,True,False,0.589186429977417,22.448002083112442,TCN,2
test_47,A2,test,47,14.899999618530273,147,236.42893981933594,0.6089239120483398,0.9654790759086609,23.200000762939453,38.099998474121094,True,False,0.588497519493103,22.421754594711274,TCN,2
test_47,A2,test,47,15.0,148,236.42893981933594,0.6062992215156555,0.9632773995399475,23.100000381469727,38.099998474121094,True,False,0.5855640172958374,22.309988165471623,TCN,2
test_47,A2,test,47,15.100000381469727,149,236.42893981933594,0.603674590587616,0.9568299651145935,23.0,38.099998474121094,True,False,0.5848851799964905,22.28412446540233,TCN,2
test_47,A2,test,47,15.199999809265137,150,236.42893981933594,0.6010499000549316,0.9599750638008118,22.899999618530273,38.099998474121094,True,False,0.5711200833320618,21.759674303491465,TCN,2
test_47,A2,test,47,15.300000190734863,151,236.42893981933594,0.5984252095222473,0.9621766805648804,22.799999237060547,38.099998474121094,True,False,0.5699004530906677,21.71320639315536,TCN,2
test_47,A2,test,47,15.399999618530273,152,236.42893981933594,0.5958005785942078,0.9654790759086609,22.700000762939453,38.099998474121094,True,False,0.5568055510520935,21.214290645466917,TCN,2
test_47,A2,test,47,15.5,153,236.42893981933594,0.5931758880615234,0.9632773995399475,22.600000381469727,38.099998474121094,True,False,0.5586272478103638,21.283697289177326,TCN,2
test_47,A2,test,47,15.600000381469727,154,236.42893981933594,0.5905511975288391,0.9621766805648804,22.5,38.099998474121094,True,False,0.5471742749214172,20.847339039584313,TCN,2
test_47,A2,test,47,15.699999809265137,155,236.42893981933594,0.5879265069961548,0.9568299651145935,22.399999618530273,38.099998474121094,True,False,0.5593885779380798,21.31270396588161,TCN,2
test_47,A2,test,47,15.800000190734863,156,236.42893981933594,0.5853018164634705,0.9546283483505249,22.299999237060547,38.099998474121094,True,False,0.5535328388214111,21.08960031447168,TCN,2
test_47,A2,test,47,15.899999618530273,157,236.42893981933594,0.5826771855354309,0.9546283483505249,22.200000762939453,38.099998474121094,True,False,0.5587863326072693,21.289758419696682,TCN,2
test_47,A2,test,47,16.0,158,236.42893981933594,0.5800525546073914,0.9621766805648804,22.100000381469727,38.099998474121094,True,False,0.5387353897094727,20.52581752588594,TCN,2
test_47,A2,test,47,16.100000381469727,159,236.42893981933594,0.577427864074707,0.9599750638008118,22.0,38.099998474121094,True,False,0.5460139513015747,20.803130711438826,TCN,2
test_47,A2,test,47,16.200000762939453,160,236.42893981933594,0.5748031735420227,0.9579307436943054,21.899999618530273,38.099998474121094,True,False,0.5321316719055176,20.274215887631726,TCN,2
test_47,A2,test,47,16.299999237060547,161,236.42893981933594,0.5721784830093384,0.9502252340316772,21.799999237060547,38.099998474121094,True,False,0.5425998568534851,20.673053718176106,TCN,2
test_47,A2,test,47,16.399999618530273,162,236.42893981933594,0.5695538520812988,0.94582200050354,21.700000762939453,38.099998474121094,True,False,0.5412911176681519,20.623190757211887,TCN,2
test_47,A2,test,47,16.5,163,236.42893981933594,0.5669291615486145,0.94582200050354,21.600000381469727,38.099998474121094,True,False,0.5505084991455078,20.97437297743454,TCN,2
test_47,A2,test,47,16.600000381469727,164,236.42893981933594,0.5643044710159302,0.9415760636329651,21.5,38.099998474121094,True,False,0.5465075969696045,20.821938610637517,TCN,2
test_47,A2,test,47,16.700000762939453,165,236.42893981933594,0.5616797804832458,0.9387454390525818,21.399999618530273,38.099998474121094,True,False,0.5401689410209656,20.580435828666396,TCN,2
test_47,A2,test,47,16.799999237060547,166,236.42893981933594,0.5590551495552063,0.9371728301048279,21.299999237060547,38.099998474121094,True,False,0.5325419306755066,20.289846746142302,TCN,2
test_47,A2,test,47,16.899999618530273,167,236.42893981933594,0.556430459022522,0.9371728301048279,21.200000762939453,38.099998474121094,True,False,0.5287758708000183,20.14635987063275,TCN,2
test_47,A2,test,47,17.0,168,236.42893981933594,0.5538058280944824,0.9338704943656921,21.100000381469727,38.099998474121094,True,False,0.5287221074104309,20.144311485571507,TCN,2
test_47,A2,test,47,17.100000381469727,169,236.42893981933594,0.5511811375617981,0.9307253956794739,21.0,38.099998474121094,True,False,0.5234103202819824,19.941932404082763,TCN,2
test_47,A2,test,47,17.200000762939453,170,236.42893981933594,0.5485564470291138,0.9250640869140625,20.899999618530273,38.099998474121094,True,False,0.5229683518409729,19.92509340715469,TCN,2
test_47,A2,test,47,17.299999237060547,171,236.42893981933594,0.5459317564964294,0.9283666014671326,20.799999237060547,38.099998474121094,True,False,0.511660099029541,19.49424899229416,TCN,2
test_47,A2,test,47,17.399999618530273,172,236.42893981933594,0.5433071255683899,0.9272657036781311,20.700000762939453,38.099998474121094,True,False,0.514510989189148,19.60286790302507,TCN,2
test_47,A2,test,47,17.5,173,236.42893981933594,0.5406824350357056,0.9305680990219116,20.600000381469727,38.099998474121094,True,False,0.49673667550086975,18.925666578623122,TCN,2
test_47,A2,test,47,17.600000381469727,174,236.42893981933594,0.5380577445030212,0.9283666014671326,20.5,38.099998474121094,True,False,0.49961361289024353,19.035277888768405,TCN,2
test_47,A2,test,47,17.700000762939453,175,236.42893981933594,0.5354330539703369,0.9239633679389954,20.399999618530273,38.099998474121094,True,False,0.4906730353832245,18.69464189939322,TCN,2
test_47,A2,test,47,17.799999237060547,176,236.42893981933594,0.5328084230422974,0.9186166524887085,20.299999237060547,38.099998474121094,True,False,0.5017052888870239,19.114970741054094,TCN,2
test_47,A2,test,47,17.899999618530273,177,236.42893981933594,0.5301837921142578,0.9153143167495728,20.200000762939453,38.099998474121094,True,False,0.4983285963535309,18.986318760680433,TCN,2
test_47,A2,test,47,18.0,178,236.42893981933594,0.5275591015815735,0.9098103046417236,20.100000381469727,38.099998474121094,True,False,0.5030772089958191,19.167240895105806,TCN,2
test_47,A2,test,47,18.100000381469727,179,236.42893981933594,0.5249344110488892,0.907608687877655,20.0,38.099998474121094,True,False,0.49436894059181213,18.835455882200904,TCN,2
test_47,A2,test,47,18.200000762939453,180,236.42893981933594,0.5223097205162048,0.9022620320320129,19.899999618530273,38.099998474121094,True,False,0.4949258863925934,18.856675516360838,TCN,2
test_47,A2,test,47,18.299999237060547,181,236.42893981933594,0.5196850299835205,0.9043062925338745,19.799999237060547,38.099998474121094,True,False,0.4798811972141266,18.283472881617627,TCN,2
test_47,A2,test,47,18.399999618530273,182,236.42893981933594,0.517060399055481,0.9043062925338745,19.700000762939453,38.099998474121094,True,False,0.481845885515213,18.358327502891143,TCN,2
test_47,A2,test,47,18.5,183,236.42893981933594,0.5144357085227966,0.8989595174789429,19.600000381469727,38.099998474121094,True,False,0.4739009439945221,18.055625243075838,TCN,2
test_47,A2,test,47,18.600000381469727,184,236.42893981933594,0.5118110179901123,0.8988023400306702,19.5,38.099998474121094,True,False,0.4716396629810333,17.969470439912357,TCN,2
test_47,A2,test,47,18.700000762939453,185,236.42893981933594,0.5091863870620728,0.8956571817398071,19.399999618530273,38.099998474121094,True,False,0.4695641100406647,17.890391876051353,TCN,2
test_47,A2,test,47,18.799999237060547,186,236.42893981933594,0.5065616965293884,0.8943992257118225,19.299999237060547,38.099998474121094,True,False,0.4658098518848419,17.74735464604305,TCN,2
test_47,A2,test,47,18.899999618530273,187,236.42893981933594,0.5039370656013489,0.8901532292366028,19.200000762939453,38.099998474121094,True,False,0.46814292669296265,17.83624479267246,TCN,2
test_47,A2,test,47,19.0,188,236.42893981933594,0.5013123750686646,0.8890523910522461,19.100000381469727,38.099998474121094,True,False,0.45793071389198303,17.447159500537737,TCN,2
test_47,A2,test,47,19.100000381469727,189,236.42893981933594,0.4986876845359802,0.8934556245803833,19.0,38.099998474121094,True,False,0.4537275433540344,17.287018709455424,TCN,2
test_47,A2,test,47,19.200000762939453,190,236.42893981933594,0.4960629940032959,0.8956571817398071,18.899999618530273,38.099998474121094,True,False,0.44579875469207764,16.98493187353324,TCN,2
test_47,A2,test,47,19.299999237060547,191,236.42893981933594,0.49343833327293396,0.8956571817398071,18.799999237060547,38.099998474121094,True,False,0.44400545954704285,16.916607331243767,TCN,2
test_47,A2,test,47,19.399999618530273,192,236.42893981933594,0.4908137023448944,0.8945564031600952,18.700000762939453,38.099998474121094,True,False,0.44069531559944153,16.790490851891036,TCN,2
test_47,A2,test,47,19.5,193,236.42893981933594,0.4881890118122101,0.8907822966575623,18.600000381469727,38.099998474121094,True,False,0.44494137167930603,16.952265582054906,TCN,2
test_47,A2,test,47,19.600000381469727,194,236.42893981933594,0.48556432127952576,0.8899959921836853,18.5,38.099998474121094,True,False,0.4480462074279785,17.070559819341725,TCN,2
test_47,A2,test,47,19.700000762939453,195,236.42893981933594,0.48293963074684143,0.8901532292366028,18.399999618530273,38.099998474121094,True,False,0.45009171962738037,17.14849383101773,TCN,2
test_47,A2,test,47,19.799999237060547,196,236.42893981933594,0.4803149700164795,0.8838629126548767,18.299999237060547,38.099998474121094,True,False,0.4525856673717499,17.243513236272747,TCN,2
test_47,A2,test,47,19.899999618530273,197,236.42893981933594,0.47769033908843994,0.8802460432052612,18.200000762939453,38.099998474121094,True,False,0.450660765171051,17.17017446536329,TCN,2
test_47,A2,test,47,20.0,198,236.42893981933594,0.4750656485557556,0.8780444860458374,18.100000381469727,38.099998474121094,True,False,0.4507918059825897,17.17516712008296,TCN,2
test_47,A2,test,47,20.100000381469727,199,236.42893981933594,0.4724409580230713,0.8769437074661255,18.0,38.099998474121094,True,False,0.4473807215690613,17.04520480913243,TCN,2
test_47,A2,test,47,20.200000762939453,200,236.42893981933594,0.46981626749038696,0.8802460432052612,17.899999618530273,38.099998474121094,True,False,0.4414353370666504,16.81868566866251,TCN,2
test_47,A2,test,47,20.299999237060547,201,236.42893981933594,0.467191606760025,0.8747420907020569,17.799999237060547,38.099998474121094,True,False,0.44168713688850403,16.828279241490918,TCN,2
test_47,A2,test,47,20.399999618530273,202,236.42893981933594,0.4645669758319855,0.8659356236457825,17.700000762939453,38.099998474121094,True,False,0.43969854712486267,16.75251397453053,TCN,2
test_47,A2,test,47,20.5,203,236.42893981933594,0.46194228529930115,0.859330952167511,17.600000381469727,38.099998474121094,True,False,0.44427290558815,16.92679702500186,TCN,2
test_47,A2,test,47,20.600000381469727,204,236.42893981933594,0.4593175947666168,0.8627906441688538,17.5,38.099998474121094,True,False,0.433536559343338,16.517742249456887,TCN,2
test_47,A2,test,47,20.700000762939453,205,236.42893981933594,0.4566929340362549,0.8572865724563599,17.399999618530273,38.099998474121094,True,False,0.4422153830528259,16.848405419545543,TCN,2
test_47,A2,test,47,20.799999237060547,206,236.42893981933594,0.45406824350357056,0.855085015296936,17.299999237060547,38.099998474121094,True,False,0.42737454175949097,16.282969388914807,TCN,2
test_47,A2,test,47,20.899999618530273,207,236.42893981933594,0.451443612575531,0.8522544503211975,17.200000762939453,38.099998474121094,True,False,0.4269120395183563,16.2653480542333,TCN,2
test_47,A2,test,47,21.0,208,236.42893981933594,0.4488189220428467,0.8519400358200073,17.100000381469727,38.099998474121094,True,False,0.415264755487442,15.82158655042781,TCN,2
test_47,A2,test,47,21.100000381469727,209,236.42893981933594,0.44619423151016235,0.8506819009780884,17.0,38.099998474121094,True,False,0.42075321078300476,16.030696688814032,TCN,2
test_47,A2,test,47,21.200000762939453,210,236.42893981933594,0.4435695707798004,0.8484803438186646,16.899999618530273,38.099998474121094,True,False,0.41140830516815186,15.674655799147331,TCN,2
test_47,A2,test,47,21.299999237060547,211,236.42893981933594,0.4409448802471161,0.8484803438186646,16.799999237060547,38.099998474121094,True,False,0.4089180529117584,15.579777191978565,TCN,2
test_47,A2,test,47,21.399999618530273,212,236.42893981933594,0.43832024931907654,0.8484803438186646,16.700000762939453,38.099998474121094,True,False,0.4038293957710266,15.385899362681357,TCN,2
test_47,A2,test,47,21.5,213,236.42893981933594,0.4356955587863922,0.8484803438186646,16.600000381469727,38.099998474121094,True,False,0.4020020663738251,15.316278115436262,TCN,2
test_47,A2,test,47,21.600000381469727,214,236.42893981933594,0.4330708980560303,0.8464359641075134,16.5,38.099998474121094,True,False,0.4008076786994934,15.270771946866716,TCN,2
test_47,A2,test,47,21.700000762939453,215,236.42893981933594,0.43044620752334595,0.8519400358200073,16.399999618530273,38.099998474121094,True,False,0.3903130292892456,14.87092582034984,TCN,2
test_47,A2,test,47,21.799999237060547,216,236.42893981933594,0.4278215169906616,0.8572865724563599,16.299999237060547,38.099998474121094,True,False,0.38695499300956726,14.742984643218051,TCN,2
test_47,A2,test,47,21.899999618530273,217,236.42893981933594,0.42519688606262207,0.8632624745368958,16.200000762939453,38.099998474121094,True,False,0.37653955817222595,14.34615659180804,TCN,2
test_47,A2,test,47,22.0,218,236.42893981933594,0.42257219552993774,0.855085015296936,16.100000381469727,38.099998474121094,True,False,0.38855215907096863,14.803836667720361,TCN,2
test_47,A2,test,47,22.100000381469727,219,236.42893981933594,0.4199475347995758,0.8431335687637329,16.0,38.099998474121094,True,False,0.394447922706604,15.028465253241848,TCN,2
test_47,A2,test,47,22.200000762939453,220,236.42893981933594,0.4173228442668915,0.8344845175743103,15.899999618530273,38.099998474121094,True,False,0.41324618458747864,15.7446790022193,TCN,2
test_47,A2,test,47,22.299999237060547,221,236.42893981933594,0.41469818353652954,0.8310248851776123,15.800000190734863,38.099998474121094,True,False,0.41132640838623047,15.67153553188109,TCN,2
test_47,A2,test,47,22.399999618530273,222,236.42893981933594,0.4120734930038452,0.8244200348854065,15.699999809265137,38.099998474121094,True,False,0.417087584733963,15.891036341938843,TCN,2
test_47,A2,test,47,22.5,223,236.42893981933594,0.4094488322734833,0.8223756551742554,15.600000381469727,38.099998474121094,True,False,0.4039791226387024,15.39160395611134,TCN,2
test_47,A2,test,47,22.600000381469727,224,236.42893981933594,0.40682417154312134,0.8190733790397644,15.5,38.099998474121094,True,False,0.4021312892436981,15.321201506581247,TCN,2
test_47,A2,test,47,22.700000762939453,225,236.42893981933594,0.404199481010437,0.8223756551742554,15.399999618530273,38.099998474121094,True,False,0.3866996169090271,14.733254814177144,TCN,2
test_47,A2,test,47,22.799999237060547,226,236.42893981933594,0.4015748202800751,0.8245772123336792,15.300000190734863,38.099998474121094,True,False,0.3846459686756134,14.6550108196177,TCN,2
test_47,A2,test,47,22.899999618530273,227,236.42893981933594,0.39895012974739075,0.8154563307762146,15.199999809265137,38.099998474121094,True,False,0.3804715573787689,14.495965755577572,TCN,2
test_47,A2,test,47,23.0,228,236.42893981933594,0.3963254988193512,0.8044485449790955,15.100000381469727,38.099998474121094,True,False,0.3865773677825928,14.728597122646534,TCN,2
test_47,A2,test,47,23.100000381469727,229,236.42893981933594,0.39370080828666687,0.7946986556053162,15.0,38.099998474121094,True,False,0.38739538192749023,14.759763460318936,TCN,2
test_47,A2,test,47,23.200000762939453,230,236.42893981933594,0.39107611775398254,0.7906099557876587,14.899999618530273,38.099998474121094,True,False,0.3829592168331146,14.590745576992276,TCN,2
test_47,A2,test,47,23.299999237060547,231,236.42893981933594,0.3884514570236206,0.7816462516784668,14.800000190734863,38.099998474121094,True,False,0.38370588421821594,14.619193603225312,TCN,2
test_47,A2,test,47,23.399999618530273,232,236.42893981933594,0.38582679629325867,0.7807028293609619,14.699999809265137,38.099998474121094,True,False,0.367889940738678,14.01660618078813,TCN,2
test_47,A2,test,47,23.5,233,236.42893981933594,0.38320213556289673,0.7750415802001953,14.600000381469727,38.099998474121094,True,False,0.36796048283576965,14.019293834579685,TCN,2
test_47,A2,test,47,23.600000381469727,234,236.42893981933594,0.3805774450302124,0.7728398442268372,14.5,38.099998474121094,True,False,0.35459181666374207,13.5099476738244,TCN,2
test_47,A2,test,47,23.700000762939453,235,236.42893981933594,0.3779527544975281,0.7695375680923462,14.399999618530273,38.099998474121094,True,False,0.3558158576488495,13.556583633489254,TCN,2
test_47,A2,test,47,23.799999237060547,236,236.42893981933594,0.37532809376716614,0.7685940861701965,14.300000190734863,38.099998474121094,True,False,0.34152573347091675,13.012129924115015,TCN,2
test_47,A2,test,47,23.899999618530273,237,236.42893981933594,0.3727034330368042,0.7685940861701965,14.199999809265137,38.099998474121094,True,False,0.3401610553264618,12.960135688893615,TCN,2
test_47,A2,test,47,24.0,238,236.42893981933594,0.37007877230644226,0.7684367299079895,14.100000381469727,38.099998474121094,True,False,0.3271991014480591,12.466285265904844,TCN,2
test_47,A2,test,47,24.100000381469727,239,236.42893981933594,0.36745408177375793,0.7663923501968384,14.0,38.099998474121094,True,False,0.328612357378006,12.520130314679363,TCN,2
test_47,A2,test,47,24.200000762939453,240,236.42893981933594,0.3648293912410736,0.7632473111152649,13.899999618530273,38.099998474121094,True,False,0.3234533667564392,12.323572779869664,TCN,2
test_47,A2,test,47,24.299999237060547,241,236.42893981933594,0.36220473051071167,0.7618319988250732,13.800000190734863,38.099998474121094,True,False,0.3210539221763611,12.23215394502995,TCN,2
test_47,A2,test,47,24.399999618530273,242,236.42893981933594,0.35958006978034973,0.7629326581954956,13.699999809265137,38.099998474121094,True,False,0.3160759210586548,12.042492110041167,TCN,2
test_47,A2,test,47,24.5,243,236.42893981933594,0.3569554090499878,0.7608883380889893,13.600000381469727,38.099998474121094,True,False,0.31546732783317566,12.019304709079051,TCN,2
test_47,A2,test,47,24.600000381469727,244,236.42893981933594,0.35433071851730347,0.7597876787185669,13.5,38.099998474121094,True,False,0.3133516311645508,11.93869666923274,TCN,2
test_47,A2,test,47,24.700000762939453,245,236.42893981933594,0.35170602798461914,0.7575860619544983,13.399999618530273,38.099998474121094,True,False,0.31441426277160645,11.979182931840114,TCN,2
test_47,A2,test,47,24.799999237060547,246,236.42893981933594,0.3490813970565796,0.7542836666107178,13.300000190734863,38.099998474121094,True,False,0.3137544095516205,11.954042525165505,TCN,2
test_47,A2,test,47,24.899999618530273,247,236.42893981933594,0.34645670652389526,0.7542836666107178,13.199999809265137,38.099998474121094,True,False,0.3121880292892456,11.894363439559129,TCN,2
test_47,A2,test,47,25.0,248,236.42893981933594,0.3438320457935333,0.752082109451294,13.100000381469727,38.099998474121094,True,False,0.310280442237854,11.821684375811856,TCN,2
test_47,A2,test,47,25.100000381469727,249,236.42893981933594,0.341207355260849,0.7465780973434448,13.0,38.099998474121094,True,False,0.31019848585128784,11.81856183760874,TCN,2
test_47,A2,test,47,25.200000762939453,250,236.42893981933594,0.33858269453048706,0.7454772591590881,12.899999618530273,38.099998474121094,True,False,0.3079164922237396,11.7316178838812,TCN,2
test_47,A2,test,47,25.299999237060547,251,236.42893981933594,0.3359580338001251,0.7454772591590881,12.800000190734863,38.099998474121094,True,False,0.30351027846336365,11.563741146334223,TCN,2
test_47,A2,test,47,25.399999618530273,252,236.42893981933594,0.3333333432674408,0.7432756423950195,12.699999809265137,38.099998474121094,True,False,0.30493947863578796,11.618193670722803,TCN,2
test_47,A2,test,47,25.5,253,236.42893981933594,0.33070868253707886,0.7377716302871704,12.600000381469727,38.099998474121094,True,False,0.3058352768421173,11.652323581017072,TCN,2
test_47,A2,test,47,25.600000381469727,254,236.42893981933594,0.32808399200439453,0.7344693541526794,12.5,38.099998474121094,True,False,0.3021877408027649,11.513352463483443,TCN,2
test_47,A2,test,47,25.700000762939453,255,236.42893981933594,0.3254593312740326,0.7300662398338318,12.399999618530273,38.099998474121094,True,False,0.30352267622947693,11.564213501204222,TCN,2
test_47,A2,test,47,25.799999237060547,256,236.42893981933594,0.32283467054367065,0.7247194647789001,12.300000190734863,38.099998474121094,True,False,0.30291983485221863,11.541245245650543,TCN,2
test_47,A2,test,47,25.899999618530273,257,236.42893981933594,0.32020998001098633,0.7214170694351196,12.199999809265137,38.099998474121094,True,False,0.30234861373901367,11.519481722109049,TCN,2
test_47,A2,test,47,26.0,258,236.42893981933594,0.31758527450702795,,12.099998474121094,38.099998474121094,False,True,,,TCN,2
test_47,A2,test,47,26.100000381469727,259,236.42893981933594,0.31496059247357194,,11.999998092651367,38.099998474121094,False,True,,,TCN,2
test_47,A2,test,47,26.200000762939453,260,236.42893981933594,0.31233591044011594,,11.89999771118164,38.099998474121094,False,True,,,TCN,2
test_47,A2,test,47,26.30000114440918,261,236.42893981933594,0.30971122840666,,11.799997329711914,38.099998474121094,False,True,,,TCN,2
test_47,A2,test,47,26.400001525878906,262,236.42893981933594,0.307086546373204,,11.699996948242188,38.099998474121094,False,True,,,TCN,2
test_47,A2,test,47,26.500001907348633,263,236.42893981933594,0.304461864339748,,11.599996566772461,38.099998474121094,False,True,,,TCN,2
test_47,A2,test,47,26.60000228881836,264,236.42893981933594,0.301837182306292,,11.499996185302734,38.099998474121094,False,True,,,TCN,2
test_47,A2,test,47,26.700002670288086,265,236.42893981933594,0.29921250027283597,,11.399995803833008,38.099998474121094,False,True,,,TCN,2
test_47,A2,test,47,26.800003051757812,266,236.42893981933594,0.29658781823937996,,11.299995422363281,38.099998474121094,False,True,,,TCN,2
test_47,A2,test,47,26.90000343322754,267,236.42893981933594,0.29396313620592396,,11.199995040893555,38.099998474121094,False,True,,,TCN,2
test_47,A2,test,47,27.000003814697266,268,236.42893981933594,0.29133845417246795,,11.099994659423828,38.099998474121094,False,True,,,TCN,2
test_47,A2,test,47,27.100004196166992,269,236.42893981933594,0.288713772139012,,10.999994277954102,38.099998474121094,False,True,,,TCN,2
test_47,A2,test,47,27.20000457763672,270,236.42893981933594,0.286089090105556,,10.899993896484375,38.099998474121094,False,True,,,TCN,2
test_47,A2,test,47,27.300004959106445,271,236.42893981933594,0.2834644080721,,10.799993515014648,38.099998474121094,False,True,,,TCN,2
test_47,A2,test,47,27.400005340576172,272,236.42893981933594,0.280839726038644,,10.699993133544922,38.099998474121094,False,True,,,TCN,2
test_47,A2,test,47,27.5000057220459,273,236.42893981933594,0.278215044005188,,10.599992752075195,38.099998474121094,False,True,,,TCN,2
test_47,A2,test,47,27.600006103515625,274,236.42893981933594,0.275590361971732,,10.499992370605469,38.099998474121094,False,True,,,TCN,2
test_47,A2,test,47,27.70000648498535,275,236.42893981933594,0.272965679938276,,10.399991989135742,38.099998474121094,False,True,,,TCN,2
test_47,A2,test,47,27.800006866455078,276,236.42893981933594,0.27034099790481997,,10.299991607666016,38.099998474121094,False,True,,,TCN,2
test_47,A2,test,47,27.900007247924805,277,236.42893981933594,0.267716315871364,,10.199991226196289,38.099998474121094,False,True,,,TCN,2
test_47,A2,test,47,28.00000762939453,278,236.42893981933594,0.265091633837908,,10.099990844726562,38.099998474121094,False,True,,,TCN,2
test_47,A2,test,47,28.100008010864258,279,236.42893981933594,0.262466951804452,,9.999990463256836,38.099998474121094,False,True,,,TCN,2
test_47,A2,test,47,28.200008392333984,280,236.42893981933594,0.259842269770996,,9.89999008178711,38.099998474121094,False,True,,,TCN,2
test_47,A2,test,47,28.30000877380371,281,236.42893981933594,0.25721758773754,,9.799989700317383,38.099998474121094,False,True,,,TCN,2
test_47,A2,test,47,28.400009155273438,282,236.42893981933594,0.254592905704084,,9.699989318847656,38.099998474121094,False,True,,,TCN,2
test_47,A2,test,47,28.500009536743164,283,236.42893981933594,0.251968223670628,,9.59998893737793,38.099998474121094,False,True,,,TCN,2
test_47,A2,test,47,28.60000991821289,284,236.42893981933594,0.249343541637172,,9.499988555908203,38.099998474121094,False,True,,,TCN,2
test_47,A2,test,47,28.700010299682617,285,236.42893981933594,0.246718859603716,,9.399988174438477,38.099998474121094,False,True,,,TCN,2
test_47,A2,test,47,28.800010681152344,286,236.42893981933594,0.24409417757026003,,9.29998779296875,38.099998474121094,False,True,,,TCN,2
test_47,A2,test,47,28.90001106262207,287,236.42893981933594,0.24146949553680402,,9.199987411499023,38.099998474121094,False,True,,,TCN,2
test_47,A2,test,47,29.000011444091797,288,236.42893981933594,0.23884481350334802,,9.099987030029297,38.099998474121094,False,True,,,TCN,2
test_47,A2,test,47,29.100011825561523,289,236.42893981933594,0.23622013146989201,,8.99998664855957,38.099998474121094,False,True,,,TCN,2
test_47,A2,test,47,29.20001220703125,290,236.42893981933594,0.23359544943643604,,8.899986267089844,38.099998474121094,False,True,,,TCN,2
test_47,A2,test,47,29.300012588500977,291,236.42893981933594,0.23097076740298003,,8.799985885620117,38.099998474121094,False,True,,,TCN,2
test_47,A2,test,47,29.400012969970703,292,236.42893981933594,0.22834608536952403,,8.69998550415039,38.099998474121094,False,True,,,TCN,2
test_47,A2,test,47,29.50001335144043,293,236.42893981933594,0.22572140333606802,,8.599985122680664,38.099998474121094,False,True,,,TCN,2
test_47,A2,test,47,29.600013732910156,294,236.42893981933594,0.22309672130261204,,8.499984741210938,38.099998474121094,False,True,,,TCN,2
test_47,A2,test,47,29.700014114379883,295,236.42893981933594,0.22047203926915604,,8.399984359741211,38.099998474121094,False,True,,,TCN,2
test_47,A2,test,47,29.80001449584961,296,236.42893981933594,0.21784735723570003,,8.299983978271484,38.099998474121094,False,True,,,TCN,2
test_47,A2,test,47,29.900014877319336,297,236.42893981933594,0.21522267520224406,,8.199983596801758,38.099998474121094,False,True,,,TCN,2
test_47,A2,test,47,30.000015258789062,298,236.42893981933594,0.21259799316878805,,8.099983215332031,38.099998474121094,False,True,,,TCN,2
test_47,A2,test,47,30.10001564025879,299,236.42893981933594,0.20997331113533205,,7.999982833862305,38.099998474121094,False,True,,,TCN,2
test_47,A2,test,47,30.200016021728516,300,236.42893981933594,0.20734862910187604,,7.899982452392578,38.099998474121094,False,True,,,TCN,2
test_47,A2,test,47,30.300016403198242,301,236.42893981933594,0.20472394706842006,,7.799982070922852,38.099998474121094,False,True,,,TCN,2
test_47,A2,test,47,30.40001678466797,302,236.42893981933594,0.20209926503496406,,7.699981689453125,38.099998474121094,False,True,,,TCN,2
test_47,A2,test,47,30.500017166137695,303,236.42893981933594,0.19947458300150805,,7.599981307983398,38.099998474121094,False,True,,,TCN,2
test_47,A2,test,47,30.600017547607422,304,236.42893981933594,0.19684990096805205,,7.499980926513672,38.099998474121094,False,True,,,TCN,2
test_47,A2,test,47,30.70001792907715,305,236.42893981933594,0.19422521893459607,,7.399980545043945,38.099998474121094,False,True,,,TCN,2
test_47,A2,test,47,30.800018310546875,306,236.42893981933594,0.19160053690114007,,7.299980163574219,38.099998474121094,False,True,,,TCN,2
test_47,A2,test,47,30.9000186920166,307,236.42893981933594,0.18897585486768406,,7.199979782104492,38.099998474121094,False,True,,,TCN,2
test_47,A2,test,47,31.000019073486328,308,236.42893981933594,0.18635117283422806,,7.099979400634766,38.099998474121094,False,True,,,TCN,2
test_47,A2,test,47,31.100019454956055,309,236.42893981933594,0.18372649080077208,,6.999979019165039,38.099998474121094,False,True,,,TCN,2
test_47,A2,test,47,31.20001983642578,310,236.42893981933594,0.18110180876731607,,6.8999786376953125,38.099998474121094,False,True,,,TCN,2
test_47,A2,test,47,31.300020217895508,311,236.42893981933594,0.17847712673386007,,6.799978256225586,38.099998474121094,False,True,,,TCN,2
test_47,A2,test,47,31.400020599365234,312,236.42893981933594,0.17585244470040406,,6.699977874755859,38.099998474121094,False,True,,,TCN,2
test_47,A2,test,47,31.50002098083496,313,236.42893981933594,0.1732277626669481,,6.599977493286133,38.099998474121094,False,True,,,TCN,2
test_47,A2,test,47,31.600021362304688,314,236.42893981933594,0.17060308063349208,,6.499977111816406,38.099998474121094,False,True,,,TCN,2
test_47,A2,test,47,31.700021743774414,315,236.42893981933594,0.16797839860003608,,6.39997673034668,38.099998474121094,False,True,,,TCN,2
test_47,A2,test,47,31.80002212524414,316,236.42893981933594,0.1653537165665801,,6.299976348876953,38.099998474121094,False,True,,,TCN,2
test_47,A2,test,47,31.900022506713867,317,236.42893981933594,0.1627290345331241,,6.199975967407227,38.099998474121094,False,True,,,TCN,2
test_47,A2,test,47,32.000022888183594,318,236.42893981933594,0.1601043524996681,,6.0999755859375,38.099998474121094,False,True,,,TCN,2
test_47,A2,test,47,32.10002136230469,319,236.42893981933594,0.157479720527858,,5.999977111816406,38.099998474121094,False,True,,,TCN,2
test_47,A2,test,47,32.20002365112305,320,236.42893981933594,0.1548549884327561,,5.899974822998047,38.099998474121094,False,True,,,TCN,2
test_47,A2,test,47,32.300025939941406,321,236.42893981933594,0.1522302563376542,,5.7999725341796875,38.099998474121094,False,True,,,TCN,2
test_47,A2,test,47,32.4000244140625,322,236.42893981933594,0.1496056243658441,,5.699974060058594,38.099998474121094,False,True,,,TCN,2
test_47,A2,test,47,32.500022888183594,323,236.42893981933594,0.146980992394034,,5.5999755859375,38.099998474121094,False,True,,,TCN,2
test_47,A2,test,47,32.60002517700195,324,236.42893981933594,0.14435626029893212,,5.499973297119141,38.099998474121094,False,True,,,TCN,2
test_47,A2,test,47,32.70002746582031,325,236.42893981933594,0.1417315282038302,,5.399971008300781,38.099998474121094,False,True,,,TCN,2
test_47,A2,test,47,32.800025939941406,326,236.42893981933594,0.1391068962320201,,5.2999725341796875,38.099998474121094,False,True,,,TCN,2
test_47,A2,test,47,32.9000244140625,327,236.42893981933594,0.13648226426021,,5.199974060058594,38.099998474121094,False,True,,,TCN,2
test_47,A2,test,47,33.00002670288086,328,236.42893981933594,0.13385753216510812,,5.099971771240234,38.099998474121094,False,True,,,TCN,2
test_47,A2,test,47,33.10002899169922,329,236.42893981933594,0.1312328000700062,,4.999969482421875,38.099998474121094,False,True,,,TCN,2
test_47,A2,test,47,33.20002746582031,330,236.42893981933594,0.1286081680981961,,4.899971008300781,38.099998474121094,False,True,,,TCN,2
test_47,A2,test,47,33.300025939941406,331,236.42893981933594,0.12598353612638602,,4.7999725341796875,38.099998474121094,False,True,,,TCN,2
test_47,A2,test,47,33.400028228759766,332,236.42893981933594,0.12335880403128412,,4.699970245361328,38.099998474121094,False,True,,,TCN,2
test_47,A2,test,47,33.500030517578125,333,236.42893981933594,0.12073407193618221,,4.599967956542969,38.099998474121094,False,True,,,TCN,2
test_47,A2,test,47,33.60002899169922,334,236.42893981933594,0.11810943996437213,,4.499969482421875,38.099998474121094,False,True,,,TCN,2
test_47,A2,test,47,33.70002746582031,335,236.42893981933594,0.11548480799256204,,4.399971008300781,38.099998474121094,False,True,,,TCN,2
test_47,A2,test,47,33.80002975463867,336,236.42893981933594,0.11286007589746014,,4.299968719482422,38.099998474121094,False,True,,,TCN,2
test_47,A2,test,47,33.90003204345703,337,236.42893981933594,0.11023534380235822,,4.1999664306640625,38.099998474121094,False,True,,,TCN,2
test_47,A2,test,47,34.000030517578125,338,236.42893981933594,0.10761071183054814,,4.099967956542969,38.099998474121094,False,True,,,TCN,2
test_47,A2,test,47,34.10002899169922,339,236.42893981933594,0.10498607985873805,,3.999969482421875,38.099998474121094,False,True,,,TCN,2
test_47,A2,test,47,34.20003128051758,340,236.42893981933594,0.10236134776363615,,3.8999671936035156,38.099998474121094,False,True,,,TCN,2
test_47,A2,test,47,34.30003356933594,341,236.42893981933594,0.09973661566853423,,3.7999649047851562,38.099998474121094,False,True,,,TCN,2
test_47,A2,test,47,34.40003204345703,342,236.42893981933594,0.09711198369672415,,3.6999664306640625,38.099998474121094,False,True,,,TCN,2
test_47,A2,test,47,34.500030517578125,343,236.42893981933594,0.09448735172491406,,3.5999679565429688,38.099998474121094,False,True,,,TCN,2
test_47,A2,test,47,34.600032806396484,344,236.42893981933594,0.09186261962981215,,3.4999656677246094,38.099998474121094,False,True,,,TCN,2
test_47,A2,test,47,34.700035095214844,345,236.42893981933594,0.08923788753471024,,3.39996337890625,38.099998474121094,False,True,,,TCN,2
test_47,A2,test,47,34.80003356933594,346,236.42893981933594,0.08661325556290016,,3.2999649047851562,38.099998474121094,False,True,,,TCN,2
test_47,A2,test,47,34.90003204345703,347,236.42893981933594,0.08398862359109006,,3.1999664306640625,38.099998474121094,False,True,,,TCN,2
test_47,A2,test,47,35.00003433227539,348,236.42893981933594,0.08136389149598816,,3.099964141845703,38.099998474121094,False,True,,,TCN,2
test_47,A2,test,47,35.10003662109375,349,236.42893981933594,0.07873915940088626,,2.9999618530273438,38.099998474121094,False,True,,,TCN,2
test_47,A2,test,47,35.200035095214844,350,236.42893981933594,0.07611452742907616,,2.89996337890625,38.099998474121094,False,True,,,TCN,2
test_47,A2,test,47,35.30003356933594,351,236.42893981933594,0.07348989545726607,,2.7999649047851562,38.099998474121094,False,True,,,TCN,2
test_47,A2,test,47,35.4000358581543,352,236.42893981933594,0.07086516336216417,,2.699962615966797,38.099998474121094,False,True,,,TCN,2
test_47,A2,test,47,35.500038146972656,353,236.42893981933594,0.06824043126706227,,2.5999603271484375,38.099998474121094,False,True,,,TCN,2
test_47,A2,test,47,35.60003662109375,354,236.42893981933594,0.06561579929525217,,2.4999618530273438,38.099998474121094,False,True,,,TCN,2
test_47,A2,test,47,35.700035095214844,355,236.42893981933594,0.0629911673234421,,2.39996337890625,38.099998474121094,False,True,,,TCN,2
test_47,A2,test,47,35.8000373840332,356,236.42893981933594,0.060366435228340176,,2.2999610900878906,38.099998474121094,False,True,,,TCN,2
test_47,A2,test,47,35.90003967285156,357,236.42893981933594,0.05774170313323827,,2.1999588012695312,38.099998474121094,False,True,,,TCN,2
test_47,A2,test,47,36.000038146972656,358,236.42893981933594,0.05511707116142818,,2.0999603271484375,38.099998474121094,False,True,,,TCN,2
test_47,A2,test,47,36.10003662109375,359,236.42893981933594,0.052492439189618094,,1.9999618530273438,38.099998474121094,False,True,,,TCN,2
test_47,A2,test,47,36.20003890991211,360,236.42893981933594,0.049867707094516184,,1.8999595642089844,38.099998474121094,False,True,,,TCN,2
test_47,A2,test,47,36.30004119873047,361,236.42893981933594,0.04724297499941428,,1.799957275390625,38.099998474121094,False,True,,,TCN,2
test_47,A2,test,47,36.40003967285156,362,236.42893981933594,0.044618343027604195,,1.6999588012695312,38.099998474121094,False,True,,,TCN,2
test_47,A2,test,47,36.500038146972656,363,236.42893981933594,0.0419937110557941,,1.5999603271484375,38.099998474121094,False,True,,,TCN,2
test_47,A2,test,47,36.600040435791016,364,236.42893981933594,0.0393689789606922,,1.4999580383300781,38.099998474121094,False,True,,,TCN,2
test_47,A2,test,47,36.700042724609375,365,236.42893981933594,0.03674424686559029,,1.3999557495117188,38.099998474121094,False,True,,,TCN,2
test_47,A2,test,47,36.80004119873047,366,236.42893981933594,0.0341196148937802,,1.299957275390625,38.099998474121094,False,True,,,TCN,2
test_47,A2,test,47,36.90003967285156,367,236.42893981933594,0.031494982921970116,,1.1999588012695312,38.099998474121094,False,True,,,TCN,2
test_47,A2,test,47,37.00004196166992,368,236.42893981933594,0.028870250826868206,,1.0999565124511719,38.099998474121094,False,True,,,TCN,2
test_47,A2,test,47,37.10004425048828,369,236.42893981933594,0.026245518731766296,,0.9999542236328125,38.099998474121094,False,True,,,TCN,2
test_47,A2,test,47,37.200042724609375,370,236.42893981933594,0.02362088675995621,,0.8999557495117188,38.099998474121094,False,True,,,TCN,2
test_47,A2,test,47,37.30004119873047,371,236.42893981933594,0.020996254788146124,,0.799957275390625,38.099998474121094,False,True,,,TCN,2
test_47,A2,test,47,37.40004348754883,372,236.42893981933594,0.018371522693044214,,0.6999549865722656,38.099998474121094,False,True,,,TCN,2
test_47,A2,test,47,37.50004577636719,373,236.42893981933594,0.015746790597942307,,0.5999526977539062,38.099998474121094,False,True,,,TCN,2
test_47,A2,test,47,37.60004425048828,374,236.42893981933594,0.013122158626132219,,0.4999542236328125,38.099998474121094,False,True,,,TCN,2
test_47,A2,test,47,37.700042724609375,375,236.42893981933594,0.010497526654322133,,0.39995574951171875,38.099998474121094,False,True,,,TCN,2
test_47,A2,test,47,37.800045013427734,376,236.42893981933594,0.007872794559220225,,0.2999534606933594,38.099998474121094,False,True,,,TCN,2
test_47,A2,test,47,37.900047302246094,377,236.42893981933594,0.005248062464118315,,0.199951171875,38.099998474121094,False,True,,,TCN,2
test_47,A2,test,47,38.00004577636719,378,236.42893981933594,0.0026234304923082284,,0.09995269775390625,38.099998474121094,False,True,,,TCN,2
test_47,A2,test,47,38.10004425048828,379,236.42893981933594,0.0,,0.0,38.099998474121094,False,True,,,TCN,2
