sequence_id,family,source_split,data_no,time,end_index,dust_feed,health_remaining_true,dp_proxy_health,rul_true,total_life,sequence_total_life,window_count,is_observed,is_tail_reference,health_remaining_pred,rul_pred,health_remaining_pred_raw,rul_pred_raw,model,fold,window,hidden_dim,dropout
test_42,A2,test,42,0.10000000149011612,0,236.42893981933594,0.99786776304245,1.0,46.79999923706055,46.900001525878906,46.900001525878906,403.0,True,False,0.9903976917266846,46.44965362548828,0.9903976917266846,46.44965325320845,LSTM,2,48,64,0.05
test_42,A2,test,42,0.20000000298023224,1,236.42893981933594,0.9957355856895447,1.0,46.70000076293945,46.900001525878906,46.900001525878906,403.0,True,False,0.9903976917266846,46.44965362548828,1.0,46.900001525878906,LSTM,2,48,64,0.05
test_42,A2,test,42,0.30000001192092896,2,236.42893981933594,0.9936033487319946,1.0,46.599998474121094,46.900001525878906,46.900001525878906,403.0,True,False,0.9903976917266846,46.44965362548828,1.0,46.900001525878906,LSTM,2,48,64,0.05
test_42,A2,test,42,0.4000000059604645,3,236.42893981933594,0.9914711713790894,1.0,46.5,46.900001525878906,46.900001525878906,403.0,True,False,0.9903976917266846,46.44965362548828,1.0,46.900001525878906,LSTM,2,48,64,0.05
test_42,A2,test,42,0.5,4,236.42893981933594,0.9893389940261841,1.0,46.400001525878906,46.900001525878906,46.900001525878906,403.0,True,False,0.9903976917266846,46.44965362548828,0.996661901473999,46.743444699915926,LSTM,2,48,64,0.05
test_42,A2,test,42,0.6000000238418579,5,236.42893981933594,0.987206757068634,1.0,46.29999923706055,46.900001525878906,46.900001525878906,403.0,True,False,0.9903976917266846,46.44965362548828,0.9959537982940674,46.71023465969665,LSTM,2,48,64,0.05
test_42,A2,test,42,0.699999988079071,6,236.42893981933594,0.9850746393203735,1.0,46.20000076293945,46.900001525878906,46.900001525878906,403.0,True,False,0.9903976917266846,46.44965362548828,0.9954966306686401,46.68879349736653,LSTM,2,48,64,0.05
test_42,A2,test,42,0.800000011920929,7,236.42893981933594,0.9829423427581787,1.0,46.099998474121094,46.900001525878906,46.900001525878906,403.0,True,False,0.9903976917266846,46.44965362548828,0.9907956123352051,46.46831573035524,LSTM,2,48,64,0.05
test_42,A2,test,42,0.8999999761581421,8,236.42893981933594,0.9808102250099182,1.0,46.0,46.900001525878906,46.900001525878906,403.0,True,False,0.9903976917266846,46.44965362548828,0.9929949045181274,46.571462537090156,LSTM,2,48,64,0.05
test_42,A2,test,42,1.0,9,236.42893981933594,0.9786780476570129,1.0,45.900001525878906,46.900001525878906,46.900001525878906,403.0,True,False,0.9903976917266846,46.44965362548828,0.9905539751052856,46.45698294390331,LSTM,2,48,64,0.05
test_42,A2,test,42,1.100000023841858,10,236.42893981933594,0.9765458106994629,1.0,45.79999923706055,46.900001525878906,46.900001525878906,403.0,True,False,0.9878338575363159,46.329410552978516,0.9878338575363159,46.32940942576806,LSTM,2,48,64,0.05
test_42,A2,test,42,1.2000000476837158,11,236.42893981933594,0.9744136333465576,1.0,45.70000076293945,46.900001525878906,46.900001525878906,403.0,True,False,0.9832379817962646,46.113861083984375,0.9832379817962646,46.11386284654691,LSTM,2,48,64,0.05
test_42,A2,test,42,1.2999999523162842,12,236.42893981933594,0.9722813963890076,1.0,45.599998474121094,46.900001525878906,46.900001525878906,403.0,True,False,0.9801468849182129,45.96889114379883,0.9801468849182129,45.96889039824964,LSTM,2,48,64,0.05
test_42,A2,test,42,1.399999976158142,13,236.42893981933594,0.9701492190361023,1.0,45.5,46.900001525878906,46.900001525878906,403.0,True,False,0.9761097431182861,45.77954864501953,0.9761097431182861,45.77954844167289,LSTM,2,48,64,0.05
test_42,A2,test,42,1.5,14,236.42893981933594,0.968017041683197,1.0,45.400001525878906,46.900001525878906,46.900001525878906,403.0,True,False,0.9726052284240723,45.61518859863281,0.9726052284240723,45.61518669716679,LSTM,2,48,64,0.05
test_42,A2,test,42,1.600000023841858,15,236.42893981933594,0.965884804725647,1.0,45.29999923706055,46.900001525878906,46.900001525878906,403.0,True,False,0.968293309211731,45.41295623779297,0.968293309211731,45.41295767952852,LSTM,2,48,64,0.05
test_42,A2,test,42,1.7000000476837158,16,236.42893981933594,0.9637526273727417,1.0,45.20000076293945,46.900001525878906,46.900001525878906,403.0,True,False,0.9632738828659058,45.177547454833984,0.9632738828659058,45.17754657625028,LSTM,2,48,64,0.05
test_42,A2,test,42,1.7999999523162842,17,236.42893981933594,0.9616203904151917,1.0,45.099998474121094,46.900001525878906,46.900001525878906,403.0,True,False,0.956925630569458,44.87981414794922,0.956925630569458,44.879813533860215,LSTM,2,48,64,0.05
test_42,A2,test,42,1.899999976158142,18,236.42893981933594,0.9594882130622864,1.0,45.0,46.900001525878906,46.900001525878906,403.0,True,False,0.9509789943695068,44.60091781616211,0.9509789943695068,44.60091628700866,LSTM,2,48,64,0.05
test_42,A2,test,42,2.0,19,236.42893981933594,0.9573560953140259,1.0,44.900001525878906,46.900001525878906,46.900001525878906,403.0,True,False,0.9466803073883057,44.39930725097656,0.9466803073883057,44.39930786103105,LSTM,2,48,64,0.05
test_42,A2,test,42,2.0999999046325684,20,236.42893981933594,0.9552238583564758,1.0,44.79999923706055,46.900001525878906,46.900001525878906,403.0,True,False,0.9427335262298584,44.214202880859375,0.9427335262298584,44.21420381867756,LSTM,2,48,64,0.05
test_42,A2,test,42,2.200000047683716,21,236.42893981933594,0.9530916810035706,1.0,44.70000076293945,46.900001525878906,46.900001525878906,403.0,True,False,0.93524169921875,43.86283874511719,0.93524169921875,43.862837120424956,LSTM,2,48,64,0.05
test_42,A2,test,42,2.299999952316284,22,236.42893981933594,0.9509594440460205,1.0,44.599998474121094,46.900001525878906,46.900001525878906,403.0,True,False,0.9321471452713013,43.71770095825195,0.9321471452713013,43.717702535567696,LSTM,2,48,64,0.05
test_42,A2,test,42,2.4000000953674316,23,236.42893981933594,0.9488272666931152,1.0,44.5,46.900001525878906,46.900001525878906,403.0,True,False,0.9254474639892578,43.40348815917969,0.9254474639892578,43.403487473216956,LSTM,2,48,64,0.05
test_42,A2,test,42,2.5,24,236.42893981933594,0.94669508934021,1.0,44.400001525878906,46.900001525878906,46.900001525878906,403.0,True,False,0.9213924407958984,43.21330642700195,0.9213924407958984,43.21330687926093,LSTM,2,48,64,0.05
test_42,A2,test,42,2.5999999046325684,25,236.42893981933594,0.9445628523826599,1.0,44.29999923706055,46.900001525878906,46.900001525878906,403.0,True,False,0.9135614633560181,42.84603500366211,0.9135614633560181,42.846034025381414,LSTM,2,48,64,0.05
test_42,A2,test,42,2.700000047683716,26,236.42893981933594,0.9424306750297546,1.0,44.20000076293945,46.900001525878906,46.900001525878906,403.0,True,False,0.9080250263214111,42.58637619018555,0.9080250263214111,42.586375120010416,LSTM,2,48,64,0.05
test_42,A2,test,42,2.799999952316284,27,236.42893981933594,0.9402984380722046,1.0,44.099998474121094,46.900001525878906,46.900001525878906,403.0,True,False,0.9015231132507324,42.281436920166016,0.9015231132507324,42.28143538707445,LSTM,2,48,64,0.05
test_42,A2,test,42,2.9000000953674316,28,236.42893981933594,0.9381662607192993,1.0,44.0,46.900001525878906,46.900001525878906,403.0,True,False,0.8947023153305054,41.96154022216797,0.8947023153305054,41.96153995420809,LSTM,2,48,64,0.05
test_42,A2,test,42,3.0,29,236.42893981933594,0.9360341429710388,1.0,43.900001525878906,46.900001525878906,46.900001525878906,403.0,True,False,0.8905446529388428,41.766544342041016,0.8905446529388428,41.76654558169503,LSTM,2,48,64,0.05
test_42,A2,test,42,3.0999999046325684,30,236.42893981933594,0.933901846408844,1.0,43.79999923706055,46.900001525878906,46.900001525878906,403.0,True,False,0.8885500431060791,41.672996520996094,0.8885500431060791,41.67299837749488,LSTM,2,48,64,0.05
test_42,A2,test,42,3.200000047683716,31,236.42893981933594,0.9317697286605835,1.0,43.70000076293945,46.900001525878906,46.900001525878906,403.0,True,False,0.8803766965866089,41.289669036865234,0.8803766965866089,41.28966841326019,LSTM,2,48,64,0.05
test_42,A2,test,42,3.299999952316284,32,236.42893981933594,0.9296374917030334,1.0,43.599998474121094,46.900001525878906,46.900001525878906,403.0,True,False,0.8737130165100098,40.977142333984375,0.8737130165100098,40.97714180749972,LSTM,2,48,64,0.05
test_42,A2,test,42,3.4000000953674316,33,236.42893981933594,0.9275053143501282,1.0,43.5,46.900001525878906,46.900001525878906,403.0,True,False,0.8704280853271484,40.82307815551758,0.8704280853271484,40.82307853001112,LSTM,2,48,64,0.05
test_42,A2,test,42,3.5,34,236.42893981933594,0.9253731369972229,1.0,43.400001525878906,46.900001525878906,46.900001525878906,403.0,True,False,0.864105224609375,40.52653503417969,0.864105224609375,40.52653635269962,LSTM,2,48,64,0.05
test_42,A2,test,42,3.5999999046325684,35,236.42893981933594,0.9232409000396729,1.0,43.29999923706055,46.900001525878906,46.900001525878906,403.0,True,False,0.8592502474784851,40.2988395690918,0.8592502474784851,40.29883791785278,LSTM,2,48,64,0.05
test_42,A2,test,42,3.700000047683716,36,236.42893981933594,0.9211087226867676,1.0,43.20000076293945,46.900001525878906,46.900001525878906,403.0,True,False,0.8529748916625977,40.00452423095703,0.8529748916625977,40.004523720512225,LSTM,2,48,64,0.05
test_42,A2,test,42,3.799999952316284,37,236.42893981933594,0.9189764857292175,1.0,43.099998474121094,46.900001525878906,46.900001525878906,403.0,True,False,0.8529748916625977,40.00452423095703,0.8530621528625488,40.008616270923085,LSTM,2,48,64,0.05
test_42,A2,test,42,3.9000000953674316,38,236.42893981933594,0.9168443083763123,1.0,43.0,46.900001525878906,46.900001525878906,403.0,True,False,0.848534345626831,39.796260833740234,0.848534345626831,39.796262104659036,LSTM,2,48,64,0.05
test_42,A2,test,42,4.0,39,236.42893981933594,0.914712131023407,1.0,42.900001525878906,46.900001525878906,46.900001525878906,403.0,True,False,0.8413538336753845,39.459495544433594,0.8413538336753845,39.4594960831796,LSTM,2,48,64,0.05
test_42,A2,test,42,4.099999904632568,40,236.42893981933594,0.9125798940658569,1.0,42.79999923706055,46.900001525878906,46.900001525878906,403.0,True,False,0.8343490958213806,39.13097381591797,0.8343490958213806,39.13097386713844,LSTM,2,48,64,0.05
test_42,A2,test,42,4.199999809265137,41,236.42893981933594,0.9104477763175964,1.0,42.70000076293945,46.900001525878906,46.900001525878906,403.0,True,False,0.8289004564285278,38.875431060791016,0.8289004564285278,38.87543267129968,LSTM,2,48,64,0.05
test_42,A2,test,42,4.300000190734863,42,236.42893981933594,0.9083154797554016,1.0,42.599998474121094,46.900001525878906,46.900001525878906,403.0,True,False,0.8195235729217529,38.4356575012207,0.8195235729217529,38.435656820523945,LSTM,2,48,64,0.05
test_42,A2,test,42,4.400000095367432,43,236.42893981933594,0.9061833620071411,1.0,42.5,46.900001525878906,46.900001525878906,403.0,True,False,0.8146340847015381,38.20634078979492,0.8146340847015381,38.2063398155351,LSTM,2,48,64,0.05
test_42,A2,test,42,4.5,44,236.42893981933594,0.9040511846542358,1.0,42.400001525878906,46.900001525878906,46.900001525878906,403.0,True,False,0.8028464317321777,37.653499603271484,0.8028464317321777,37.65349887328557,LSTM,2,48,64,0.05
test_42,A2,test,42,4.599999904632568,45,236.42893981933594,0.9019189476966858,1.0,42.29999923706055,46.900001525878906,46.900001525878906,403.0,True,False,0.794525682926178,37.26325607299805,0.794525682926178,37.26325574158773,LSTM,2,48,64,0.05
test_42,A2,test,42,4.699999809265137,46,236.42893981933594,0.8997867703437805,1.0,42.20000076293945,46.900001525878906,46.900001525878906,403.0,True,False,0.7838884592056274,36.76436996459961,0.7838884592056274,36.76436993286279,LSTM,2,48,64,0.05
test_42,A2,test,42,4.800000190734863,47,236.42893981933594,0.8976545333862305,1.0,42.099998474121094,46.900001525878906,46.900001525878906,403.0,True,False,0.765655517578125,35.909244537353516,0.765655517578125,35.909244942711666,LSTM,2,48,64,0.05
test_42,A2,test,42,4.900000095367432,48,236.42893981933594,0.8955223560333252,1.0,42.0,46.900001525878906,46.900001525878906,403.0,True,False,0.7502226829528809,35.18544387817383,0.7502226829528809,35.18544497523908,LSTM,2,48,64,0.05
test_42,A2,test,42,5.0,49,236.42893981933594,0.8933901786804199,1.0,41.900001525878906,46.900001525878906,46.900001525878906,403.0,True,False,0.7415019273757935,34.77643966674805,0.7415019273757935,34.77644152536686,LSTM,2,48,64,0.05
test_42,A2,test,42,5.099999904632568,50,236.42893981933594,0.8912579417228699,1.0,41.79999923706055,46.900001525878906,46.900001525878906,403.0,True,False,0.7398505806922913,34.69899368286133,0.7398505806922913,34.698993363390855,LSTM,2,48,64,0.05
test_42,A2,test,42,5.199999809265137,51,236.42893981933594,0.8891257643699646,1.0,41.70000076293945,46.900001525878906,46.900001525878906,403.0,True,False,0.7398505806922913,34.69899368286133,0.743253231048584,34.858577670293016,LSTM,2,48,64,0.05
test_42,A2,test,42,5.300000190734863,52,236.42893981933594,0.8869935274124146,1.0,41.599998474121094,46.900001525878906,46.900001525878906,403.0,True,False,0.7398505806922913,34.69899368286133,0.7433289885520935,34.86213069732321,LSTM,2,48,64,0.05
test_42,A2,test,42,5.400000095367432,53,236.42893981933594,0.8848613500595093,1.0,41.5,46.900001525878906,46.900001525878906,403.0,True,False,0.7398505806922913,34.69899368286133,0.7457088232040405,34.973744946130864,LSTM,2,48,64,0.05
test_42,A2,test,42,5.5,54,236.42893981933594,0.8827292323112488,1.0,41.400001525878906,46.900001525878906,46.900001525878906,403.0,True,False,0.7398505806922913,34.69899368286133,0.7471338510513306,35.04057875434319,LSTM,2,48,64,0.05
test_42,A2,test,42,5.599999904632568,55,236.42893981933594,0.8805969953536987,1.0,41.29999923706055,46.900001525878906,46.900001525878906,403.0,True,False,0.7398505806922913,34.69899368286133,0.7424864172935486,34.82261410401179,LSTM,2,48,64,0.05
test_42,A2,test,42,5.699999809265137,56,236.42893981933594,0.8784648180007935,1.0,41.20000076293945,46.900001525878906,46.900001525878906,403.0,True,False,0.7398505806922913,34.69899368286133,0.7421665191650391,34.80761088129657,LSTM,2,48,64,0.05
test_42,A2,test,42,5.800000190734863,57,236.42893981933594,0.8763325810432434,1.0,41.099998474121094,46.900001525878906,46.900001525878906,403.0,True,False,0.7398505806922913,34.69899368286133,0.740307092666626,34.720403775683735,LSTM,2,48,64,0.05
test_42,A2,test,42,5.900000095367432,58,236.42893981933594,0.8742004036903381,1.0,41.0,46.900001525878906,46.900001525878906,403.0,True,False,0.7387682795524597,34.64823532104492,0.7387682795524597,34.648233438281295,LSTM,2,48,64,0.05
test_42,A2,test,42,6.0,59,236.42893981933594,0.8720682263374329,1.0,40.900001525878906,46.900001525878906,46.900001525878906,403.0,True,False,0.7387682795524597,34.64823532104492,0.7400291562080383,34.70736855535188,LSTM,2,48,64,0.05
test_42,A2,test,42,6.099999904632568,60,236.42893981933594,0.8699359893798828,1.0,40.79999923706055,46.900001525878906,46.900001525878906,403.0,True,False,0.7363460063934326,34.534629821777344,0.7363460063934326,34.53462882342683,LSTM,2,48,64,0.05
test_42,A2,test,42,6.199999809265137,61,236.42893981933594,0.8678038120269775,1.0,40.70000076293945,46.900001525878906,46.900001525878906,403.0,True,False,0.7363460063934326,34.534629821777344,0.7380424737930298,34.61419314705654,LSTM,2,48,64,0.05
test_42,A2,test,42,6.300000190734863,62,236.42893981933594,0.8656715750694275,1.0,40.599998474121094,46.900001525878906,46.900001525878906,403.0,True,False,0.7363460063934326,34.534629821777344,0.7365706562995911,34.54516490436845,LSTM,2,48,64,0.05
test_42,A2,test,42,6.400000095367432,63,236.42893981933594,0.8635393977165222,1.0,40.5,46.900001525878906,46.900001525878906,403.0,True,False,0.7353978157043457,34.49015808105469,0.7353978157043457,34.49015867866183,LSTM,2,48,64,0.05
test_42,A2,test,42,6.5,64,236.42893981933594,0.8614072799682617,1.0,40.400001525878906,46.900001525878906,46.900001525878906,403.0,True,False,0.7353978157043457,34.49015808105469,0.7376139760017395,34.59409659999119,LSTM,2,48,64,0.05
test_42,A2,test,42,6.599999904632568,65,236.42893981933594,0.8592749834060669,1.0,40.29999923706055,46.900001525878906,46.900001525878906,403.0,True,False,0.7353978157043457,34.49015808105469,0.7358208894729614,34.510000839055465,LSTM,2,48,64,0.05
test_42,A2,test,42,6.699999809265137,66,236.42893981933594,0.8571428656578064,1.0,40.20000076293945,46.900001525878906,46.900001525878906,403.0,True,False,0.7344604730606079,34.446197509765625,0.7344604730606079,34.446197307240254,LSTM,2,48,64,0.05
test_42,A2,test,42,6.800000190734863,67,236.42893981933594,0.8550106287002563,1.0,40.099998474121094,46.900001525878906,46.900001525878906,403.0,True,False,0.7344604730606079,34.446197509765625,0.7385877370834351,34.63976599620855,LSTM,2,48,64,0.05
test_42,A2,test,42,6.900000095367432,68,236.42893981933594,0.8528784513473511,1.0,40.0,46.900001525878906,46.900001525878906,403.0,True,False,0.7344604730606079,34.446197509765625,0.7413986921310425,34.77159979223052,LSTM,2,48,64,0.05
test_42,A2,test,42,7.0,69,236.42893981933594,0.8507462739944458,1.0,39.900001525878906,46.900001525878906,46.900001525878906,403.0,True,False,0.7344604730606079,34.446197509765625,0.7370202541351318,34.56625104354134,LSTM,2,48,64,0.05
test_42,A2,test,42,7.099999904632568,70,236.42893981933594,0.8486140370368958,1.0,39.79999923706055,46.900001525878906,46.900001525878906,403.0,True,False,0.7344604730606079,34.446197509765625,0.7375497221946716,34.59108309634166,LSTM,2,48,64,0.05
test_42,A2,test,42,7.199999809265137,71,236.42893981933594,0.8464818596839905,1.0,39.70000076293945,46.900001525878906,46.900001525878906,403.0,True,False,0.7344604730606079,34.446197509765625,0.7365660667419434,34.54494965410777,LSTM,2,48,64,0.05
test_42,A2,test,42,7.300000190734863,72,236.42893981933594,0.8443496227264404,1.0,39.599998474121094,46.900001525878906,46.900001525878906,403.0,True,False,0.7337115406990051,34.41107177734375,0.7337115406990051,34.411072378338304,LSTM,2,48,64,0.05
test_42,A2,test,42,7.400000095367432,73,236.42893981933594,0.8422174453735352,1.0,39.5,46.900001525878906,46.900001525878906,403.0,True,False,0.7337115406990051,34.41107177734375,0.734870433807373,34.46542446688909,LSTM,2,48,64,0.05
test_42,A2,test,42,7.5,74,236.42893981933594,0.8400852680206299,1.0,39.400001525878906,46.900001525878906,46.900001525878906,403.0,True,False,0.7337115406990051,34.41107177734375,0.7357630729675293,34.50728924486248,LSTM,2,48,64,0.05
test_42,A2,test,42,7.599999904632568,75,236.42893981933594,0.8379530310630798,1.0,39.29999923706055,46.900001525878906,46.900001525878906,403.0,True,False,0.7335817813873291,34.40498733520508,0.7335817813873291,34.4049866664227,LSTM,2,48,64,0.05
test_42,A2,test,42,7.699999809265137,76,236.42893981933594,0.8358209133148193,1.0,39.20000076293945,46.900001525878906,46.900001525878906,403.0,True,False,0.7335817813873291,34.40498733520508,0.7344732284545898,34.44679553523747,LSTM,2,48,64,0.05
test_42,A2,test,42,7.800000190734863,77,236.42893981933594,0.8336886167526245,1.0,39.099998474121094,46.900001525878906,46.900001525878906,403.0,True,False,0.7335817813873291,34.40498733520508,0.7336679697036743,34.409028898590805,LSTM,2,48,64,0.05
test_42,A2,test,42,7.900000095367432,78,236.42893981933594,0.831556499004364,1.0,39.0,46.900001525878906,46.900001525878906,403.0,True,False,0.7321025133132935,34.335609436035156,0.7321025133132935,34.335608991493245,LSTM,2,48,64,0.05
test_42,A2,test,42,8.0,79,236.42893981933594,0.8294243216514587,1.0,38.900001525878906,46.900001525878906,46.900001525878906,403.0,True,False,0.7319215536117554,34.32712173461914,0.7319215536117554,34.32712198121499,LSTM,2,48,64,0.05
test_42,A2,test,42,8.100000381469727,80,236.42893981933594,0.8272920846939087,1.0,38.79999923706055,46.900001525878906,46.900001525878906,403.0,True,False,0.7319215536117554,34.32712173461914,0.7339553833007812,34.42250859673368,LSTM,2,48,64,0.05
test_42,A2,test,42,8.199999809265137,81,236.42893981933594,0.8251599073410034,1.0,38.70000076293945,46.900001525878906,46.900001525878906,403.0,True,False,0.7319215536117554,34.32712173461914,0.7362667322158813,34.53091086437871,LSTM,2,48,64,0.05
test_42,A2,test,42,8.300000190734863,82,236.42893981933594,0.8230276703834534,1.0,38.599998474121094,46.900001525878906,46.900001525878906,403.0,True,False,0.7319215536117554,34.32712173461914,0.7353299260139465,34.486974652078516,LSTM,2,48,64,0.05
test_42,A2,test,42,8.399999618530273,83,236.42893981933594,0.8208954930305481,1.0,38.5,46.900001525878906,46.900001525878906,403.0,True,False,0.7319215536117554,34.32712173461914,0.7364510297775269,34.5395544203011,LSTM,2,48,64,0.05
test_42,A2,test,42,8.5,84,236.42893981933594,0.8187633156776428,1.0,38.400001525878906,46.900001525878906,46.900001525878906,403.0,True,False,0.7319215536117554,34.32712173461914,0.7346126437187195,34.45333411133788,LSTM,2,48,64,0.05
test_42,A2,test,42,8.600000381469727,85,236.42893981933594,0.8166310787200928,1.0,38.29999923706055,46.900001525878906,46.900001525878906,403.0,True,False,0.7319215536117554,34.32712173461914,0.7325646281242371,34.35728217683163,LSTM,2,48,64,0.05
test_42,A2,test,42,8.699999809265137,86,236.42893981933594,0.8144989013671875,1.0,38.20000076293945,46.900001525878906,46.900001525878906,403.0,True,False,0.7319215536117554,34.32712173461914,0.7342882752418518,34.43812122927784,LSTM,2,48,64,0.05
test_42,A2,test,42,8.800000190734863,87,236.42893981933594,0.8123666644096375,1.0,38.099998474121094,46.900001525878906,46.900001525878906,403.0,True,False,0.7316628694534302,34.31499099731445,0.7316628694534302,34.314989693794814,LSTM,2,48,64,0.05
test_42,A2,test,42,8.899999618530273,88,236.42893981933594,0.8102344870567322,1.0,38.0,46.900001525878906,46.900001525878906,403.0,True,False,0.7307397723197937,34.271697998046875,0.7307397723197937,34.27169643681873,LSTM,2,48,64,0.05
test_42,A2,test,42,9.0,89,236.42893981933594,0.8081023693084717,1.0,37.900001525878906,46.900001525878906,46.900001525878906,403.0,True,False,0.7303302884101868,34.25249099731445,0.7303302884101868,34.25249164083334,LSTM,2,48,64,0.05
test_42,A2,test,42,9.100000381469727,90,236.42893981933594,0.8059701323509216,1.0,37.79999923706055,46.900001525878906,46.900001525878906,403.0,True,False,0.7303302884101868,34.25249099731445,0.7346293926239014,34.45411963501647,LSTM,2,48,64,0.05
test_42,A2,test,42,9.199999809265137,91,236.42893981933594,0.8038379549980164,1.0,37.70000076293945,46.900001525878906,46.900001525878906,403.0,True,False,0.7303302884101868,34.25249099731445,0.7357608675956726,34.50718581291903,LSTM,2,48,64,0.05
test_42,A2,test,42,9.300000190734863,92,236.42893981933594,0.8017057180404663,1.0,37.599998474121094,46.900001525878906,46.900001525878906,403.0,True,False,0.7303302884101868,34.25249099731445,0.7309702038764954,34.28250367717965,LSTM,2,48,64,0.05
test_42,A2,test,42,9.399999618530273,93,236.42893981933594,0.799573540687561,1.0,37.5,46.900001525878906,46.900001525878906,403.0,True,False,0.7303302884101868,34.25249099731445,0.7347009181976318,34.45747418453357,LSTM,2,48,64,0.05
test_42,A2,test,42,9.5,94,236.42893981933594,0.7974413633346558,1.0,37.400001525878906,46.900001525878906,46.900001525878906,403.0,True,False,0.7303302884101868,34.25249099731445,0.7318762540817261,34.32499743318749,LSTM,2,48,64,0.05
test_42,A2,test,42,9.600000381469727,95,236.42893981933594,0.7953091263771057,1.0,37.29999923706055,46.900001525878906,46.900001525878906,403.0,True,False,0.7303302884101868,34.25249099731445,0.7328277826309204,34.36962412359662,LSTM,2,48,64,0.05
test_42,A2,test,42,9.699999809265137,96,236.42893981933594,0.7931769490242004,1.0,37.20000076293945,46.900001525878906,46.900001525878906,403.0,True,False,0.7303302884101868,34.25249099731445,0.7350354194641113,34.47316229444186,LSTM,2,48,64,0.05
test_42,A2,test,42,9.800000190734863,97,236.42893981933594,0.7910447120666504,1.0,37.099998474121094,46.900001525878906,46.900001525878906,403.0,True,False,0.7303302884101868,34.25249099731445,0.7402105927467346,34.71587792929358,LSTM,2,48,64,0.05
test_42,A2,test,42,9.899999618530273,98,236.42893981933594,0.7889125347137451,1.0,37.0,46.900001525878906,46.900001525878906,403.0,True,False,0.7303302884101868,34.25249099731445,0.7404471635818481,34.726973101821386,LSTM,2,48,64,0.05
test_42,A2,test,42,10.0,99,236.42893981933594,0.7867804169654846,1.0,36.900001525878906,46.900001525878906,46.900001525878906,403.0,True,False,0.7303302884101868,34.25249099731445,0.7352246046066284,34.48203507791459,LSTM,2,48,64,0.05
test_42,A2,test,42,10.100000381469727,100,236.42893981933594,0.7846481204032898,1.0,36.79999923706055,46.900001525878906,46.900001525878906,403.0,True,False,0.72866290807724,34.17428970336914,0.72866290807724,34.17429150067392,LSTM,2,48,64,0.05
test_42,A2,test,42,10.199999809265137,101,236.42893981933594,0.7825160026550293,1.0,36.70000076293945,46.900001525878906,46.900001525878906,403.0,True,False,0.7186346054077148,33.70396423339844,0.7186346054077148,33.70396409017121,LSTM,2,48,64,0.05
test_42,A2,test,42,10.300000190734863,102,236.42893981933594,0.7803837656974792,1.0,36.599998474121094,46.900001525878906,46.900001525878906,403.0,True,False,0.7186346054077148,33.70396423339844,0.7198894023895264,33.76281407053284,LSTM,2,48,64,0.05
test_42,A2,test,42,10.399999618530273,103,236.42893981933594,0.778251588344574,1.0,36.5,46.900001525878906,46.900001525878906,403.0,True,False,0.7152947783470154,33.547325134277344,0.7152947783470154,33.547326195928235,LSTM,2,48,64,0.05
test_42,A2,test,42,10.5,104,236.42893981933594,0.7761194109916687,1.0,36.400001525878906,46.900001525878906,46.900001525878906,403.0,True,False,0.7108994722366333,33.3411865234375,0.7108994722366333,33.34118633264461,LSTM,2,48,64,0.05
test_42,A2,test,42,10.600000381469727,105,236.42893981933594,0.7739871740341187,1.0,36.29999923706055,46.900001525878906,46.900001525878906,403.0,True,False,0.7095224857330322,33.276607513427734,0.7095224857330322,33.276605663524606,LSTM,2,48,64,0.05
test_42,A2,test,42,10.699999809265137,106,236.42893981933594,0.7718549966812134,1.0,36.20000076293945,46.900001525878906,46.900001525878906,403.0,True,False,0.7084686756134033,33.22718048095703,0.7084686756134033,33.227181967306024,LSTM,2,48,64,0.05
test_42,A2,test,42,10.800000190734863,107,236.42893981933594,0.7697227597236633,1.0,36.099998474121094,46.900001525878906,46.900001525878906,403.0,True,False,0.7022144794464111,32.933860778808594,0.7022144794464111,32.933860157530944,LSTM,2,48,64,0.05
test_42,A2,test,42,10.899999618530273,108,236.42893981933594,0.7675905823707581,1.0,36.0,46.900001525878906,46.900001525878906,403.0,True,False,0.7022144794464111,32.933860778808594,0.7034019827842712,32.98955406588857,LSTM,2,48,64,0.05
test_42,A2,test,42,11.0,109,236.42893981933594,0.7654584050178528,1.0,35.900001525878906,46.900001525878906,46.900001525878906,403.0,True,False,0.7009172439575195,32.87302017211914,0.7009172439575195,32.873019811122504,LSTM,2,48,64,0.05
test_42,A2,test,42,11.100000381469727,110,236.42893981933594,0.7633261680603027,1.0,35.79999923706055,46.900001525878906,46.900001525878906,403.0,True,False,0.6999709606170654,32.82863998413086,0.6999709606170654,32.82863912101129,LSTM,2,48,64,0.05
test_42,A2,test,42,11.199999809265137,111,236.42893981933594,0.7611940503120422,1.0,35.70000076293945,46.900001525878906,46.900001525878906,403.0,True,False,0.696605920791626,32.67081832885742,0.696605920791626,32.67081874806354,LSTM,2,48,64,0.05
test_42,A2,test,42,11.300000190734863,112,236.42893981933594,0.7590617537498474,1.0,35.599998474121094,46.900001525878906,46.900001525878906,403.0,True,False,0.6927136182785034,32.4882698059082,0.6927136182785034,32.48826975425891,LSTM,2,48,64,0.05
test_42,A2,test,42,11.399999618530273,113,236.42893981933594,0.7569296360015869,1.0,35.5,46.900001525878906,46.900001525878906,403.0,True,False,0.6927136182785034,32.4882698059082,0.6928552985191345,32.494914557760694,LSTM,2,48,64,0.05
test_42,A2,test,42,11.5,114,236.42893981933594,0.7547974586486816,1.0,35.400001525878906,46.900001525878906,46.900001525878906,403.0,True,False,0.6926934719085693,32.48732376098633,0.6926934719085693,32.48732488947826,LSTM,2,48,64,0.05
test_42,A2,test,42,11.600000381469727,115,236.42893981933594,0.7526652216911316,1.0,35.29999923706055,46.900001525878906,46.900001525878906,403.0,True,False,0.6926597356796265,32.48574447631836,0.6926597356796265,32.48574266028936,LSTM,2,48,64,0.05
test_42,A2,test,42,11.699999809265137,116,236.42893981933594,0.7505330443382263,1.0,35.20000076293945,46.900001525878906,46.900001525878906,403.0,True,False,0.6926597356796265,32.48574447631836,0.6930551528930664,32.50428772820305,LSTM,2,48,64,0.05
test_42,A2,test,42,11.800000190734863,117,236.42893981933594,0.7484008073806763,1.0,35.099998474121094,46.900001525878906,46.900001525878906,403.0,True,False,0.6889216303825378,32.3104248046875,0.6889216303825378,32.31042551615201,LSTM,2,48,64,0.05
test_42,A2,test,42,11.899999618530273,118,236.42893981933594,0.746268630027771,1.0,35.0,46.900001525878906,46.900001525878906,403.0,True,False,0.6889216303825378,32.3104248046875,0.6895954608917236,32.342028168061006,LSTM,2,48,64,0.05
test_42,A2,test,42,12.0,119,236.42893981933594,0.7441364526748657,1.0,34.900001525878906,46.900001525878906,46.900001525878906,403.0,True,False,0.6833359003067017,32.04845428466797,0.6833359003067017,32.048454767072144,LSTM,2,48,64,0.05
test_42,A2,test,42,12.100000381469727,120,236.42893981933594,0.7420042157173157,1.0,34.79999923706055,46.900001525878906,46.900001525878906,403.0,True,False,0.6833359003067017,32.04845428466797,0.684274435043335,32.092472047652336,LSTM,2,48,64,0.05
test_42,A2,test,42,12.199999809265137,121,236.42893981933594,0.7398720383644104,1.0,34.70000076293945,46.900001525878906,46.900001525878906,403.0,True,False,0.6833359003067017,32.04845428466797,0.6874589920043945,32.24182777398528,LSTM,2,48,64,0.05
test_42,A2,test,42,12.300000190734863,122,236.42893981933594,0.7377398014068604,1.0,34.599998474121094,46.900001525878906,46.900001525878906,403.0,True,False,0.6833359003067017,32.04845428466797,0.6850066781044006,32.12681424833363,LSTM,2,48,64,0.05
test_42,A2,test,42,12.399999618530273,123,236.42893981933594,0.7356076240539551,1.0,34.5,46.900001525878906,46.900001525878906,403.0,True,False,0.6833359003067017,32.04845428466797,0.6839931011199951,32.079277486218416,LSTM,2,48,64,0.05
test_42,A2,test,42,12.5,124,236.42893981933594,0.7334755063056946,1.0,34.400001525878906,46.900001525878906,46.900001525878906,403.0,True,False,0.6815755367279053,31.965892791748047,0.6815755367279053,31.965893712540492,LSTM,2,48,64,0.05
test_42,A2,test,42,12.600000381469727,125,236.42893981933594,0.7313432693481445,1.0,34.29999923706055,46.900001525878906,46.900001525878906,403.0,True,False,0.6761999726295471,31.71377944946289,0.6761999726295471,31.713779748125035,LSTM,2,48,64,0.05
test_42,A2,test,42,12.699999809265137,126,236.42893981933594,0.7292110919952393,1.0,34.20000076293945,46.900001525878906,46.900001525878906,403.0,True,False,0.6761999726295471,31.71377944946289,0.6784001588821411,31.81696848672891,LSTM,2,48,64,0.05
test_42,A2,test,42,12.800000190734863,127,236.42893981933594,0.7270788550376892,1.0,34.099998474121094,46.900001525878906,46.900001525878906,403.0,True,False,0.6756623983383179,31.688568115234375,0.6756623983383179,31.68856751304611,LSTM,2,48,64,0.05
test_42,A2,test,42,12.899999618530273,128,236.42893981933594,0.7249466776847839,1.0,34.0,46.900001525878906,46.900001525878906,403.0,True,False,0.6756623983383179,31.688568115234375,0.6761124134063721,31.70967322042452,LSTM,2,48,64,0.05
test_42,A2,test,42,13.0,129,236.42893981933594,0.7228145003318787,1.0,33.900001525878906,46.900001525878906,46.900001525878906,403.0,True,False,0.6756623983383179,31.688568115234375,0.6790621280670166,31.848014842509656,LSTM,2,48,64,0.05
test_42,A2,test,42,13.100000381469727,130,236.42893981933594,0.7206822633743286,1.0,33.79999923706055,46.900001525878906,46.900001525878906,403.0,True,False,0.6745194792747498,31.634963989257812,0.6745194792747498,31.63496460722081,LSTM,2,48,64,0.05
test_42,A2,test,42,13.199999809265137,131,236.42893981933594,0.7185500860214233,1.0,33.70000076293945,46.900001525878906,46.900001525878906,403.0,True,False,0.6717209815979004,31.50371551513672,0.6717209815979004,31.503715061906405,LSTM,2,48,64,0.05
test_42,A2,test,42,13.300000190734863,132,236.42893981933594,0.7164178490638733,1.0,33.599998474121094,46.900001525878906,46.900001525878906,403.0,True,False,0.668032705783844,31.330734252929688,0.668032705783844,31.330734920599298,LSTM,2,48,64,0.05
test_42,A2,test,42,13.399999618530273,133,236.42893981933594,0.714285671710968,1.0,33.5,46.900001525878906,46.900001525878906,403.0,True,False,0.668032705783844,31.330734252929688,0.6690464019775391,31.378277273630374,LSTM,2,48,64,0.05
test_42,A2,test,42,13.5,134,236.42893981933594,0.7121535539627075,1.0,33.400001525878906,46.900001525878906,46.900001525878906,403.0,True,False,0.668032705783844,31.330734252929688,0.6701590418815613,31.43046008682677,LSTM,2,48,64,0.05
test_42,A2,test,42,13.600000381469727,135,236.42893981933594,0.7100212574005127,1.0,33.29999923706055,46.900001525878906,46.900001525878906,403.0,True,False,0.668032705783844,31.330734252929688,0.6687062978744507,31.36232639067657,LSTM,2,48,64,0.05
test_42,A2,test,42,13.699999809265137,136,236.42893981933594,0.7078891396522522,1.0,33.20000076293945,46.900001525878906,46.900001525878906,403.0,True,False,0.6659882068634033,31.234848022460938,0.6659882068634033,31.234847918110972,LSTM,2,48,64,0.05
test_42,A2,test,42,13.800000190734863,137,236.42893981933594,0.7057569026947021,1.0,33.099998474121094,46.900001525878906,46.900001525878906,403.0,True,False,0.6618033647537231,31.038578033447266,0.6618033647537231,31.03857881678141,LSTM,2,48,64,0.05
test_42,A2,test,42,13.899999618530273,138,236.42893981933594,0.7036247253417969,1.0,33.0,46.900001525878906,46.900001525878906,403.0,True,False,0.6592826843261719,30.920358657836914,0.6592826843261719,30.920358900883002,LSTM,2,48,64,0.05
test_42,A2,test,42,14.0,139,236.42893981933594,0.7014925479888916,1.0,32.900001525878906,46.900001525878906,46.900001525878906,403.0,True,False,0.656231164932251,30.77724266052246,0.656231164932251,30.777242636651863,LSTM,2,48,64,0.05
test_42,A2,test,42,14.100000381469727,140,236.42893981933594,0.6993603110313416,1.0,32.79999923706055,46.900001525878906,46.900001525878906,403.0,True,False,0.6557287573814392,30.753679275512695,0.6557287573814392,30.753679721752178,LSTM,2,48,64,0.05
test_42,A2,test,42,14.199999809265137,141,236.42893981933594,0.6972281336784363,1.0,32.70000076293945,46.900001525878906,46.900001525878906,403.0,True,False,0.6526572108268738,30.6096248626709,0.6526572108268738,30.60962418365625,LSTM,2,48,64,0.05
test_42,A2,test,42,14.300000190734863,142,236.42893981933594,0.6950958967208862,1.0,32.599998474121094,46.900001525878906,46.900001525878906,403.0,True,False,0.6524394154548645,30.599409103393555,0.6524394154548645,30.599409580376687,LSTM,2,48,64,0.05
test_42,A2,test,42,14.399999618530273,143,236.42893981933594,0.692963719367981,1.0,32.5,46.900001525878906,46.900001525878906,403.0,True,False,0.6498100161552429,30.476091384887695,0.6498100161552429,30.47609074921229,LSTM,2,48,64,0.05
test_42,A2,test,42,14.5,144,236.42893981933594,0.6908315420150757,1.0,32.400001525878906,46.900001525878906,46.900001525878906,403.0,True,False,0.6459689140319824,30.295942306518555,0.6459689140319824,30.295943053770316,LSTM,2,48,64,0.05
test_42,A2,test,42,14.600000381469727,145,236.42893981933594,0.6886993050575256,1.0,32.29999923706055,46.900001525878906,46.900001525878906,403.0,True,False,0.6459689140319824,30.295942306518555,0.6472950577735901,30.35813919727525,LSTM,2,48,64,0.05
test_42,A2,test,42,14.699999809265137,146,236.42893981933594,0.6865671873092651,1.0,32.20000076293945,46.900001525878906,46.900001525878906,403.0,True,False,0.6447659134864807,30.23952293395996,0.6447659134864807,30.239522326350652,LSTM,2,48,64,0.05
test_42,A2,test,42,14.800000190734863,147,236.42893981933594,0.6844348907470703,1.0,32.099998474121094,46.900001525878906,46.900001525878906,403.0,True,False,0.6434482932090759,30.17772674560547,0.6434482932090759,30.17772593332984,LSTM,2,48,64,0.05
test_42,A2,test,42,14.899999618530273,148,236.42893981933594,0.6823027729988098,1.0,32.0,46.900001525878906,46.900001525878906,403.0,True,False,0.6399244070053101,30.012454986572266,0.6399244070053101,30.012455664996196,LSTM,2,48,64,0.05
test_42,A2,test,42,15.0,149,236.42893981933594,0.6801705360412598,1.0,31.899999618530273,46.900001525878906,46.900001525878906,403.0,True,False,0.639022707939148,29.970165252685547,0.639022707939148,29.97016597741731,LSTM,2,48,64,0.05
test_42,A2,test,42,15.100000381469727,150,236.42893981933594,0.6780383586883545,1.0,31.799999237060547,46.900001525878906,46.900001525878906,403.0,True,False,0.639022707939148,29.970165252685547,0.6398013830184937,30.006685839826787,LSTM,2,48,64,0.05
test_42,A2,test,42,15.199999809265137,151,236.42893981933594,0.6759061813354492,1.0,31.700000762939453,46.900001525878906,46.900001525878906,403.0,True,False,0.639022707939148,29.970165252685547,0.6399955749511719,30.01579344176571,LSTM,2,48,64,0.05
test_42,A2,test,42,15.300000190734863,152,236.42893981933594,0.6737739443778992,1.0,31.600000381469727,46.900001525878906,46.900001525878906,403.0,True,False,0.639022707939148,29.970165252685547,0.6401668787002563,30.02382758785916,LSTM,2,48,64,0.05
test_42,A2,test,42,15.399999618530273,153,236.42893981933594,0.6716417670249939,1.0,31.5,46.900001525878906,46.900001525878906,403.0,True,False,0.6389094591140747,29.964855194091797,0.6389094591140747,29.96485460734857,LSTM,2,48,64,0.05
test_42,A2,test,42,15.5,154,236.42893981933594,0.6695095896720886,1.0,31.399999618530273,46.900001525878906,46.900001525878906,403.0,True,False,0.6386048793792725,29.95056915283203,0.6386048793792725,29.950569817321593,LSTM,2,48,64,0.05
test_42,A2,test,42,15.600000381469727,155,236.42893981933594,0.6673773527145386,1.0,31.299999237060547,46.900001525878906,46.900001525878906,403.0,True,False,0.6355164051055908,29.805721282958984,0.6355164051055908,29.805720369173287,LSTM,2,48,64,0.05
test_42,A2,test,42,15.699999809265137,156,236.42893981933594,0.6652451753616333,1.0,31.200000762939453,46.900001525878906,46.900001525878906,403.0,True,False,0.6335201859474182,29.71209716796875,0.6335201859474182,29.712097687609003,LSTM,2,48,64,0.05
test_42,A2,test,42,15.800000190734863,157,236.42893981933594,0.663112998008728,1.0,31.100000381469727,46.900001525878906,46.900001525878906,403.0,True,False,0.6334477663040161,29.708702087402344,0.6334477663040161,29.70870120622294,LSTM,2,48,64,0.05
test_42,A2,test,42,15.899999618530273,158,236.42893981933594,0.660980761051178,1.0,31.0,46.900001525878906,46.900001525878906,403.0,True,False,0.6328406929969788,29.68022918701172,0.6328406929969788,29.68022946719657,LSTM,2,48,64,0.05
test_42,A2,test,42,16.0,159,236.42893981933594,0.6588485836982727,1.0,30.899999618530273,46.900001525878906,46.900001525878906,403.0,True,False,0.6311287879943848,29.59994125366211,0.6311287879943848,29.59994111996275,LSTM,2,48,64,0.05
test_42,A2,test,42,16.100000381469727,160,236.42893981933594,0.6567164063453674,1.0,30.799999237060547,46.900001525878906,46.900001525878906,403.0,True,False,0.6299065351486206,29.542617797851562,0.6299065351486206,29.5426174596314,LSTM,2,48,64,0.05
test_42,A2,test,42,16.200000762939453,161,236.42893981933594,0.6545842289924622,1.0,30.700000762939453,46.900001525878906,46.900001525878906,403.0,True,False,0.6276063919067383,29.43474006652832,0.6276063919067383,29.43474073807738,LSTM,2,48,64,0.05
test_42,A2,test,42,16.299999237060547,162,236.42893981933594,0.6524519920349121,1.0,30.600000381469727,46.900001525878906,46.900001525878906,403.0,True,False,0.6270767450332642,29.409900665283203,0.6270767450332642,29.409900298903267,LSTM,2,48,64,0.05
test_42,A2,test,42,16.399999618530273,163,236.42893981933594,0.6503198146820068,1.0,30.5,46.900001525878906,46.900001525878906,403.0,True,False,0.6244457960128784,29.286508560180664,0.6244457960128784,29.286508785832666,LSTM,2,48,64,0.05
test_42,A2,test,42,16.5,164,236.42893981933594,0.6481875777244568,1.0,30.399999618530273,46.900001525878906,46.900001525878906,403.0,True,False,0.6180897951126099,28.988412857055664,0.6180897951126099,28.988412333911583,LSTM,2,48,64,0.05
test_42,A2,test,42,16.600000381469727,165,236.42893981933594,0.6460554003715515,1.0,30.299999237060547,46.900001525878906,46.900001525878906,403.0,True,False,0.6180897951126099,28.988412857055664,0.620763897895813,29.113827758524167,LSTM,2,48,64,0.05
test_42,A2,test,42,16.700000762939453,166,236.42893981933594,0.6439232230186462,1.0,30.200000762939453,46.900001525878906,46.900001525878906,403.0,True,False,0.6180897951126099,28.988412857055664,0.6222800016403198,29.184933026454928,LSTM,2,48,64,0.05
test_42,A2,test,42,16.799999237060547,167,236.42893981933594,0.641791045665741,1.0,30.100000381469727,46.900001525878906,46.900001525878906,403.0,True,False,0.6180897951126099,28.988412857055664,0.6213775873184204,29.14260979338087,LSTM,2,48,64,0.05
test_42,A2,test,42,16.899999618530273,168,236.42893981933594,0.6396588087081909,1.0,30.0,46.900001525878906,46.900001525878906,403.0,True,False,0.6180897951126099,28.988412857055664,0.6212525963783264,29.13674771809974,LSTM,2,48,64,0.05
test_42,A2,test,42,17.0,169,236.42893981933594,0.6375266313552856,1.0,29.899999618530273,46.900001525878906,46.900001525878906,403.0,True,False,0.6180897951126099,28.988412857055664,0.6189618110656738,29.029309883440874,LSTM,2,48,64,0.05
test_42,A2,test,42,17.100000381469727,170,236.42893981933594,0.6353943943977356,1.0,29.799999237060547,46.900001525878906,46.900001525878906,403.0,True,False,0.6160076856613159,28.890762329101562,0.6160076856613159,28.89076139746885,LSTM,2,48,64,0.05
test_42,A2,test,42,17.200000762939453,171,236.42893981933594,0.6332622766494751,1.0,29.700000762939453,46.900001525878906,46.900001525878906,403.0,True,False,0.6146129369735718,28.825347900390625,0.6146129369735718,28.825347681885432,LSTM,2,48,64,0.05
test_42,A2,test,42,17.299999237060547,172,236.42893981933594,0.631130039691925,1.0,29.600000381469727,46.900001525878906,46.900001525878906,403.0,True,False,0.6120619773864746,28.705707550048828,0.6120619773864746,28.70570767335812,LSTM,2,48,64,0.05
test_42,A2,test,42,17.399999618530273,173,236.42893981933594,0.6289978623390198,1.0,29.5,46.900001525878906,46.900001525878906,403.0,True,False,0.6114360690116882,28.676353454589844,0.6114360690116882,28.67635256962558,LSTM,2,48,64,0.05
test_42,A2,test,42,17.5,174,236.42893981933594,0.6268656253814697,0.998345673084259,29.399999618530273,46.900001525878906,46.900001525878906,403.0,True,False,0.6101140379905701,28.614349365234375,0.6101140379905701,28.614349312717877,LSTM,2,48,64,0.05
test_42,A2,test,42,17.600000381469727,175,236.42893981933594,0.6247334480285645,0.998345673084259,29.299999237060547,46.900001525878906,46.900001525878906,403.0,True,False,0.6094561219215393,28.583492279052734,0.6094561219215393,28.583493048076434,LSTM,2,48,64,0.05
test_42,A2,test,42,17.700000762939453,176,236.42893981933594,0.6226012706756592,0.9931561946868896,29.200000762939453,46.900001525878906,46.900001525878906,403.0,True,False,0.6049325466156006,28.371337890625,0.6049325466156006,28.37133735932548,LSTM,2,48,64,0.05
test_42,A2,test,42,17.799999237060547,177,236.42893981933594,0.6204690933227539,0.9929988980293274,29.100000381469727,46.900001525878906,46.900001525878906,403.0,True,False,0.6034875512123108,28.30356788635254,0.6034875512123108,28.3035670727063,LSTM,2,48,64,0.05
test_42,A2,test,42,17.899999618530273,178,236.42893981933594,0.6183368563652039,0.9931561946868896,29.0,46.900001525878906,46.900001525878906,403.0,True,False,0.6015516519546509,28.2127742767334,0.6015516519546509,28.212773394568103,LSTM,2,48,64,0.05
test_42,A2,test,42,18.0,179,236.42893981933594,0.6162046790122986,0.9931561946868896,28.899999618530273,46.900001525878906,46.900001525878906,403.0,True,False,0.5997029542922974,28.126070022583008,0.5997029542922974,28.126069471382834,LSTM,2,48,64,0.05
test_42,A2,test,42,18.100000381469727,180,236.42893981933594,0.6140724420547485,0.9934707283973694,28.799999237060547,46.900001525878906,46.900001525878906,403.0,True,False,0.5981941223144531,28.05530548095703,0.5981941223144531,28.055305249319645,LSTM,2,48,64,0.05
test_42,A2,test,42,18.200000762939453,181,236.42893981933594,0.611940324306488,0.9929988980293274,28.700000762939453,46.900001525878906,46.900001525878906,403.0,True,False,0.5969774127006531,27.998241424560547,0.5969774127006531,27.99824156657587,LSTM,2,48,64,0.05
test_42,A2,test,42,18.299999237060547,182,236.42893981933594,0.609808087348938,0.9929988980293274,28.600000381469727,46.900001525878906,46.900001525878906,403.0,True,False,0.5952243804931641,27.916025161743164,0.5952243804931641,27.91602435336972,LSTM,2,48,64,0.05
test_42,A2,test,42,18.399999618530273,183,236.42893981933594,0.6076759099960327,0.9931561946868896,28.5,46.900001525878906,46.900001525878906,403.0,True,False,0.5927467346191406,27.799821853637695,0.5927467346191406,27.799822758097434,LSTM,2,48,64,0.05
test_42,A2,test,42,18.5,184,236.42893981933594,0.6055436730384827,0.9929988980293274,28.399999618530273,46.900001525878906,46.900001525878906,403.0,True,False,0.5906546115875244,27.701702117919922,0.5906546115875244,27.701702184722308,LSTM,2,48,64,0.05
test_42,A2,test,42,18.600000381469727,185,236.42893981933594,0.6034114956855774,0.9929988980293274,28.299999237060547,46.900001525878906,46.900001525878906,403.0,True,False,0.588159441947937,27.584678649902344,0.588159441947937,27.584678724818332,LSTM,2,48,64,0.05
test_42,A2,test,42,18.700000762939453,186,236.42893981933594,0.6012793183326721,0.9931561946868896,28.200000762939453,46.900001525878906,46.900001525878906,403.0,True,False,0.5849354267120361,27.4334716796875,0.5849354267120361,27.433472405335124,LSTM,2,48,64,0.05
test_42,A2,test,42,18.799999237060547,187,236.42893981933594,0.5991470813751221,0.9929988980293274,28.100000381469727,46.900001525878906,46.900001525878906,403.0,True,False,0.582914412021637,27.338685989379883,0.582914412021637,27.33868681327158,LSTM,2,48,64,0.05
test_42,A2,test,42,18.899999618530273,188,236.42893981933594,0.5970149040222168,0.9931561946868896,28.0,46.900001525878906,46.900001525878906,403.0,True,False,0.5812574028968811,27.26097297668457,0.5812574028968811,27.260973082792134,LSTM,2,48,64,0.05
test_42,A2,test,42,19.0,189,236.42893981933594,0.5948827266693115,0.9929988980293274,27.899999618530273,46.900001525878906,46.900001525878906,403.0,True,False,0.5792421102523804,27.16645622253418,0.5792421102523804,27.166455854689957,LSTM,2,48,64,0.05
test_42,A2,test,42,19.100000381469727,190,236.42893981933594,0.5927504897117615,0.9929988980293274,27.799999237060547,46.900001525878906,46.900001525878906,403.0,True,False,0.5770131349563599,27.06191635131836,0.5770131349563599,27.06191690990545,LSTM,2,48,64,0.05
test_42,A2,test,42,19.200000762939453,191,236.42893981933594,0.5906183123588562,0.9931561946868896,27.700000762939453,46.900001525878906,46.900001525878906,403.0,True,False,0.5748807191848755,26.96190643310547,0.5748807191848755,26.961906606969023,LSTM,2,48,64,0.05
test_42,A2,test,42,19.299999237060547,192,236.42893981933594,0.5884861350059509,0.9929988980293274,27.600000381469727,46.900001525878906,46.900001525878906,403.0,True,False,0.5724952220916748,26.850027084350586,0.5724952220916748,26.85002678965793,LSTM,2,48,64,0.05
test_42,A2,test,42,19.399999618530273,193,236.42893981933594,0.5863538980484009,0.9931561946868896,27.5,46.900001525878906,46.900001525878906,403.0,True,False,0.5696204900741577,26.71520233154297,0.5696204900741577,26.715201853649887,LSTM,2,48,64,0.05
test_42,A2,test,42,19.5,194,236.42893981933594,0.5842217206954956,0.9931561946868896,27.399999618530273,46.900001525878906,46.900001525878906,403.0,True,False,0.5670726299285889,26.595706939697266,0.5670726299285889,26.595707208934982,LSTM,2,48,64,0.05
test_42,A2,test,42,19.600000381469727,195,236.42893981933594,0.5820895433425903,0.9931561946868896,27.299999237060547,46.900001525878906,46.900001525878906,403.0,True,False,0.5643535852432251,26.468183517456055,0.5643535852432251,26.46818400904249,LSTM,2,48,64,0.05
test_42,A2,test,42,19.700000762939453,196,236.42893981933594,0.5799573659896851,0.9929988980293274,27.200000762939453,46.900001525878906,46.900001525878906,403.0,True,False,0.5622656345367432,26.370258331298828,0.5622656345367432,26.370259117722526,LSTM,2,48,64,0.05
test_42,A2,test,42,19.799999237060547,197,236.42893981933594,0.577825129032135,0.9929988980293274,27.100000381469727,46.900001525878906,46.900001525878906,403.0,True,False,0.5598152279853821,26.255334854125977,0.5598152279853821,26.255335046724667,LSTM,2,48,64,0.05
test_42,A2,test,42,19.899999618530273,198,236.42893981933594,0.5756929516792297,0.9931561946868896,27.0,46.900001525878906,46.900001525878906,403.0,True,False,0.5568061470985413,26.114208221435547,0.5568061470985413,26.11420914854034,LSTM,2,48,64,0.05
test_42,A2,test,42,20.0,199,236.42893981933594,0.5735607147216797,0.9931561946868896,26.899999618530273,46.900001525878906,46.900001525878906,403.0,True,False,0.5534467101097107,25.95665168762207,0.5534467101097107,25.956651548638092,LSTM,2,48,64,0.05
test_42,A2,test,42,20.100000381469727,200,236.42893981933594,0.5714285373687744,0.9931561946868896,26.799999237060547,46.900001525878906,46.900001525878906,403.0,True,False,0.5509268641471863,25.838470458984375,0.5509268641471863,25.838470769150717,LSTM,2,48,64,0.05
test_42,A2,test,42,20.200000762939453,201,236.42893981933594,0.5692963600158691,0.9931561946868896,26.700000762939453,46.900001525878906,46.900001525878906,403.0,True,False,0.5480228066444397,25.7022705078125,0.5480228066444397,25.702270467840663,LSTM,2,48,64,0.05
test_42,A2,test,42,20.299999237060547,202,236.42893981933594,0.5671641826629639,0.9931561946868896,26.600000381469727,46.900001525878906,46.900001525878906,403.0,True,False,0.5457838773727417,25.597265243530273,0.5457838773727417,25.59726468158169,LSTM,2,48,64,0.05
test_42,A2,test,42,20.399999618530273,203,236.42893981933594,0.5650319457054138,0.9931561946868896,26.5,46.900001525878906,46.900001525878906,403.0,True,False,0.543127179145813,25.472665786743164,0.543127179145813,25.472665530684935,LSTM,2,48,64,0.05
test_42,A2,test,42,20.5,204,236.42893981933594,0.5628997683525085,0.9931561946868896,26.399999618530273,46.900001525878906,46.900001525878906,403.0,True,False,0.5405334234237671,25.35101890563965,0.5405334234237671,25.351018383363225,LSTM,2,48,64,0.05
test_42,A2,test,42,20.600000381469727,205,236.42893981933594,0.5607675313949585,0.9931561946868896,26.299999237060547,46.900001525878906,46.900001525878906,403.0,True,False,0.5379817485809326,25.23134422302246,0.5379817485809326,25.231344829340742,LSTM,2,48,64,0.05
test_42,A2,test,42,20.700000762939453,206,236.42893981933594,0.558635413646698,0.9931561946868896,26.200000762939453,46.900001525878906,46.900001525878906,403.0,True,False,0.5353598594665527,25.10837745666504,0.5353598594665527,25.10837822587564,LSTM,2,48,64,0.05
test_42,A2,test,42,20.799999237060547,207,236.42893981933594,0.556503176689148,0.9931561946868896,26.100000381469727,46.900001525878906,46.900001525878906,403.0,True,False,0.5326404571533203,24.980838775634766,0.5326404571533203,24.98083825323556,LSTM,2,48,64,0.05
test_42,A2,test,42,20.899999618530273,208,236.42893981933594,0.5543709993362427,0.9931561946868896,26.0,46.900001525878906,46.900001525878906,403.0,True,False,0.5298917293548584,24.8519229888916,0.5298917293548584,24.85192291529347,LSTM,2,48,64,0.05
test_42,A2,test,42,21.0,209,236.42893981933594,0.5522387623786926,0.9931561946868896,25.899999618530273,46.900001525878906,46.900001525878906,403.0,True,False,0.5277955532073975,24.753612518310547,0.5277955532073975,24.753612250779042,LSTM,2,48,64,0.05
test_42,A2,test,42,21.100000381469727,210,236.42893981933594,0.5501065850257874,0.9931561946868896,25.799999237060547,46.900001525878906,46.900001525878906,403.0,True,False,0.5247069597244263,24.60875701904297,0.5247069597244263,24.608757211714874,LSTM,2,48,64,0.05
test_42,A2,test,42,21.200000762939453,211,236.42893981933594,0.5479744076728821,0.9933134317398071,25.700000762939453,46.900001525878906,46.900001525878906,403.0,True,False,0.5221302509307861,24.4879093170166,0.5221302509307861,24.487909565361406,LSTM,2,48,64,0.05
test_42,A2,test,42,21.299999237060547,212,236.42893981933594,0.5458422303199768,0.9931561946868896,25.600000381469727,46.900001525878906,46.900001525878906,403.0,True,False,0.5204800367355347,24.41051483154297,0.5204800367355347,24.410514517086085,LSTM,2,48,64,0.05
test_42,A2,test,42,21.399999618530273,213,236.42893981933594,0.5437099933624268,0.9931561946868896,25.5,46.900001525878906,46.900001525878906,403.0,True,False,0.5178254842758179,24.2860164642334,0.5178254842758179,24.28601600267484,LSTM,2,48,64,0.05
test_42,A2,test,42,21.5,214,236.42893981933594,0.5415778160095215,0.9929988980293274,25.399999618530273,46.900001525878906,46.900001525878906,403.0,True,False,0.5159392356872559,24.197551727294922,0.5159392356872559,24.197550940993096,LSTM,2,48,64,0.05
test_42,A2,test,42,21.600000381469727,215,236.42893981933594,0.5394455790519714,0.9933134317398071,25.299999237060547,46.900001525878906,46.900001525878906,403.0,True,False,0.5134704113006592,24.081762313842773,0.5134704113006592,24.081763073494585,LSTM,2,48,64,0.05
test_42,A2,test,42,21.700000762939453,216,236.42893981933594,0.5373134613037109,0.9931561946868896,25.200000762939453,46.900001525878906,46.900001525878906,403.0,True,False,0.5116868019104004,23.998111724853516,0.5116868019104004,23.998111790369876,LSTM,2,48,64,0.05
test_42,A2,test,42,21.799999237060547,217,236.42893981933594,0.5351812243461609,0.9931561946868896,25.100000381469727,46.900001525878906,46.900001525878906,403.0,True,False,0.5098380446434021,23.911405563354492,0.5098380446434021,23.911405071726676,LSTM,2,48,64,0.05
test_42,A2,test,42,21.899999618530273,218,236.42893981933594,0.5330490469932556,0.9953578114509583,25.0,46.900001525878906,46.900001525878906,403.0,True,False,0.506064772605896,23.734437942504883,0.506064772605896,23.734438607410084,LSTM,2,48,64,0.05
test_42,A2,test,42,22.0,219,236.42893981933594,0.5309168100357056,0.998345673084259,24.899999618530273,46.900001525878906,46.900001525878906,403.0,True,False,0.5020548105239868,23.546371459960938,0.5020548105239868,23.546371379649827,LSTM,2,48,64,0.05
test_42,A2,test,42,22.100000381469727,220,236.42893981933594,0.5287846326828003,0.998345673084259,24.799999237060547,46.900001525878906,46.900001525878906,403.0,True,False,0.5019023418426514,23.539220809936523,0.5019023418426514,23.539220598262546,LSTM,2,48,64,0.05
test_42,A2,test,42,22.200000762939453,221,236.42893981933594,0.526652455329895,0.998345673084259,24.700000762939453,46.900001525878906,46.900001525878906,403.0,True,False,0.501336395740509,23.512678146362305,0.501336395740509,23.512677725208505,LSTM,2,48,64,0.05
test_42,A2,test,42,22.299999237060547,222,236.42893981933594,0.524520218372345,0.998345673084259,24.600000381469727,46.900001525878906,46.900001525878906,403.0,True,False,0.5004227161407471,23.469825744628906,0.5004227161407471,23.469826150585504,LSTM,2,48,64,0.05
test_42,A2,test,42,22.399999618530273,223,236.42893981933594,0.5223880410194397,0.9985029101371765,24.5,46.900001525878906,46.900001525878906,403.0,True,False,0.5004227161407471,23.469825744628906,0.5006037950515747,23.478318751779625,LSTM,2,48,64,0.05
test_42,A2,test,42,22.5,224,236.42893981933594,0.5202558636665344,0.998345673084259,24.399999618530273,46.900001525878906,46.900001525878906,403.0,True,False,0.5004227161407471,23.469825744628906,0.5011475086212158,23.503818919025434,LSTM,2,48,64,0.05
test_42,A2,test,42,22.600000381469727,225,236.42893981933594,0.5181236267089844,0.998345673084259,24.299999237060547,46.900001525878906,46.900001525878906,403.0,True,False,0.5004227161407471,23.469825744628906,0.5010230541229248,23.497982002865683,LSTM,2,48,64,0.05
test_42,A2,test,42,22.700000762939453,226,236.42893981933594,0.5159914493560791,0.998345673084259,24.200000762939453,46.900001525878906,46.900001525878906,403.0,True,False,0.5004227161407471,23.469825744628906,0.5011972188949585,23.506150330939818,LSTM,2,48,64,0.05
test_42,A2,test,42,22.799999237060547,227,236.42893981933594,0.5138592720031738,0.998345673084259,24.100000381469727,46.900001525878906,46.900001525878906,403.0,True,False,0.5004227161407471,23.469825744628906,0.5011048316955566,23.5018173711469,LSTM,2,48,64,0.05
test_42,A2,test,42,22.899999618530273,228,236.42893981933594,0.5117270350456238,0.998345673084259,24.0,46.900001525878906,46.900001525878906,403.0,True,False,0.5004227161407471,23.469825744628906,0.5013382434844971,23.512764384404363,LSTM,2,48,64,0.05
test_42,A2,test,42,23.0,229,236.42893981933594,0.5095948576927185,0.998345673084259,23.899999618530273,46.900001525878906,46.900001525878906,403.0,True,False,0.5004227161407471,23.469825744628906,0.501313328742981,23.51159588298924,LSTM,2,48,64,0.05
test_42,A2,test,42,23.100000381469727,230,236.42893981933594,0.5074626803398132,0.980890154838562,23.799999237060547,46.900001525878906,46.900001525878906,403.0,True,False,0.5004227161407471,23.469825744628906,0.5014126300811768,23.516253115902146,LSTM,2,48,64,0.05
test_42,A2,test,42,23.200000762939453,231,236.42893981933594,0.505330502986908,0.980890154838562,23.700000762939453,46.900001525878906,46.900001525878906,403.0,True,False,0.5004227161407471,23.469825744628906,0.5079834461212158,23.824424398206247,LSTM,2,48,64,0.05
test_42,A2,test,42,23.299999237060547,232,236.42893981933594,0.5031982660293579,0.9678378701210022,23.600000381469727,46.900001525878906,46.900001525878906,403.0,True,False,0.5004227161407471,23.469825744628906,0.5122603178024292,24.025009686581143,LSTM,2,48,64,0.05
test_42,A2,test,42,23.399999618530273,233,236.42893981933594,0.5010660886764526,0.9571444988250732,23.5,46.900001525878906,46.900001525878906,403.0,True,False,0.5004227161407471,23.469825744628906,0.518860399723053,24.334553538729324,LSTM,2,48,64,0.05
test_42,A2,test,42,23.5,234,236.42893981933594,0.498933881521225,0.9503824710845947,23.399999618530273,46.900001525878906,46.900001525878906,403.0,True,False,0.5004227161407471,23.469825744628906,0.5245656967163086,24.602131976418605,LSTM,2,48,64,0.05
test_42,A2,test,42,23.600000381469727,235,236.42893981933594,0.4968016743659973,0.9459792971611023,23.299999237060547,46.900001525878906,46.900001525878906,403.0,True,False,0.5004227161407471,23.469825744628906,0.5290817022323608,24.813932642012333,LSTM,2,48,64,0.05
test_42,A2,test,42,23.700000762939453,236,236.42893981933594,0.49466949701309204,0.9415760636329651,23.200000762939453,46.900001525878906,46.900001525878906,403.0,True,False,0.5004227161407471,23.469825744628906,0.5318413376808167,24.94335954875578,LSTM,2,48,64,0.05
test_42,A2,test,42,23.799999237060547,237,236.42893981933594,0.49253731966018677,0.9395318031311035,23.100000381469727,46.900001525878906,46.900001525878906,403.0,True,False,0.5004227161407471,23.469825744628906,0.533635675907135,25.027514014308053,LSTM,2,48,64,0.05
test_42,A2,test,42,23.899999618530273,238,236.42893981933594,0.4904051125049591,0.9373301863670349,23.0,46.900001525878906,46.900001525878906,403.0,True,False,0.5004227161407471,23.469825744628906,0.5348650217056274,25.08517033413318,LSTM,2,48,64,0.05
test_42,A2,test,42,24.0,239,236.42893981933594,0.48827290534973145,0.9329269528388977,22.899999618530273,46.900001525878906,46.900001525878906,403.0,True,False,0.5004227161407471,23.469825744628906,0.5354496836662292,25.11259098097753,LSTM,2,48,64,0.05
test_42,A2,test,42,24.100000381469727,240,236.42893981933594,0.4861406981945038,0.9307253956794739,22.799999237060547,46.900001525878906,46.900001525878906,403.0,True,False,0.5004227161407471,23.469825744628906,0.5359411239624023,25.135639531617926,LSTM,2,48,64,0.05
test_42,A2,test,42,24.200000762939453,241,236.42893981933594,0.4840085208415985,0.9308826327323914,22.700000762939453,46.900001525878906,46.900001525878906,403.0,True,False,0.5004227161407471,23.469825744628906,0.5347402691841125,25.079319440683776,LSTM,2,48,64,0.05
test_42,A2,test,42,24.299999237060547,242,236.42893981933594,0.48187631368637085,0.9274230599403381,22.600000381469727,46.900001525878906,46.900001525878906,403.0,True,False,0.5004227161407471,23.469825744628906,0.5337796211242676,25.034265045211214,LSTM,2,48,64,0.05
test_42,A2,test,42,24.399999618530273,243,236.42893981933594,0.4797441065311432,0.9241206645965576,22.5,46.900001525878906,46.900001525878906,403.0,True,False,0.5004227161407471,23.469825744628906,0.5328483581542969,24.990588810498593,LSTM,2,48,64,0.05
test_42,A2,test,42,24.5,244,236.42893981933594,0.4776119291782379,0.9252214431762695,22.399999618530273,46.900001525878906,46.900001525878906,403.0,True,False,0.5004227161407471,23.469825744628906,0.530056357383728,24.85964397009866,LSTM,2,48,64,0.05
test_42,A2,test,42,24.600000381469727,245,236.42893981933594,0.47547972202301025,0.9223907589912415,22.299999237060547,46.900001525878906,46.900001525878906,403.0,True,False,0.5004227161407471,23.469825744628906,0.5281609296798706,24.770748407895553,LSTM,2,48,64,0.05
test_42,A2,test,42,24.700000762939453,246,236.42893981933594,0.473347544670105,0.9236488342285156,22.200000762939453,46.900001525878906,46.900001525878906,403.0,True,False,0.5004227161407471,23.469825744628906,0.5243739485740662,24.59313898825485,LSTM,2,48,64,0.05
test_42,A2,test,42,24.799999237060547,247,236.42893981933594,0.4712153375148773,0.9252214431762695,22.100000381469727,46.900001525878906,46.900001525878906,403.0,True,False,0.5004227161407471,23.469825744628906,0.5185806751251221,24.32143445465954,LSTM,2,48,64,0.05
test_42,A2,test,42,24.899999618530273,248,236.42893981933594,0.46908313035964966,0.9253787398338318,22.0,46.900001525878906,46.900001525878906,403.0,True,False,0.5004227161407471,23.469825744628906,0.514878511428833,24.147802971654528,LSTM,2,48,64,0.05
test_42,A2,test,42,25.0,249,236.42893981933594,0.466950923204422,0.9220762848854065,21.899999618530273,46.900001525878906,46.900001525878906,403.0,True,False,0.5004227161407471,23.469825744628906,0.5148868560791016,24.148194335764856,LSTM,2,48,64,0.05
test_42,A2,test,42,25.100000381469727,250,236.42893981933594,0.4648187458515167,0.9126408696174622,21.799999237060547,46.900001525878906,46.900001525878906,403.0,True,False,0.5004227161407471,23.469825744628906,0.5136820673942566,24.091689744607265,LSTM,2,48,64,0.05
test_42,A2,test,42,25.200000762939453,251,236.42893981933594,0.46268656849861145,0.9096530079841614,21.700000762939453,46.900001525878906,46.900001525878906,403.0,True,False,0.5004227161407471,23.469825744628906,0.5135449171066284,24.08525739590823,LSTM,2,48,64,0.05
test_42,A2,test,42,25.299999237060547,252,236.42893981933594,0.4605543613433838,0.9066651463508606,21.600000381469727,46.900001525878906,46.900001525878906,403.0,True,False,0.5004227161407471,23.469825744628906,0.5105879902839661,23.946577523413453,LSTM,2,48,64,0.05
test_42,A2,test,42,25.399999618530273,253,236.42893981933594,0.45842215418815613,0.9046208262443542,21.5,46.900001525878906,46.900001525878906,403.0,True,False,0.5004227161407471,23.469825744628906,0.5072150230407715,23.788385354560887,LSTM,2,48,64,0.05
test_42,A2,test,42,25.5,254,236.42893981933594,0.45628994703292847,0.9024192094802856,21.399999618530273,46.900001525878906,46.900001525878906,403.0,True,False,0.5004227161407471,23.469825744628906,0.5039060711860657,23.633195507526125,LSTM,2,48,64,0.05
test_42,A2,test,42,25.600000381469727,255,236.42893981933594,0.4541577398777008,0.9013184905052185,21.299999237060547,46.900001525878906,46.900001525878906,403.0,True,False,0.5002685785293579,23.462596893310547,0.5002685785293579,23.462597096376157,LSTM,2,48,64,0.05
test_42,A2,test,42,25.700000762939453,256,236.42893981933594,0.4520255923271179,0.9068224430084229,21.200000762939453,46.900001525878906,46.900001525878906,403.0,True,False,0.48743653297424316,22.860774993896484,0.48743653297424316,22.860774140261128,LSTM,2,48,64,0.05
test_42,A2,test,42,25.799999237060547,257,236.42893981933594,0.44989338517189026,0.9079232215881348,21.100000381469727,46.900001525878906,46.900001525878906,403.0,True,False,0.48111677169799805,22.564376831054688,0.48111677169799805,22.56437732676204,LSTM,2,48,64,0.05
test_42,A2,test,42,25.899999618530273,258,236.42893981933594,0.4477611780166626,0.9013184905052185,21.0,46.900001525878906,46.900001525878906,403.0,True,False,0.48111677169799805,22.564376831054688,0.48233067989349365,22.621309622983063,LSTM,2,48,64,0.05
test_42,A2,test,42,26.0,259,236.42893981933594,0.44562897086143494,0.898016095161438,20.899999618530273,46.900001525878906,46.900001525878906,403.0,True,False,0.48111677169799805,22.564376831054688,0.48233282566070557,22.621410259468576,LSTM,2,48,64,0.05
test_42,A2,test,42,26.100000381469727,260,236.42893981933594,0.4434967637062073,0.8903104662895203,20.799999237060547,46.900001525878906,46.900001525878906,403.0,True,False,0.48066937923431396,22.543394088745117,0.48066937923431396,22.54339461953259,LSTM,2,48,64,0.05
test_42,A2,test,42,26.200000762939453,261,236.42893981933594,0.4413646161556244,0.883705735206604,20.700000762939453,46.900001525878906,46.900001525878906,403.0,True,False,0.47918909788131714,22.473968505859375,0.47918909788131714,22.47396942181831,LSTM,2,48,64,0.05
test_42,A2,test,42,26.299999237060547,262,236.42893981933594,0.43923240900039673,0.8782017230987549,20.600000381469727,46.900001525878906,46.900001525878906,403.0,True,False,0.4774665832519531,22.3931827545166,0.4774665832519531,22.39318348307279,LSTM,2,48,64,0.05
test_42,A2,test,42,26.399999618530273,263,236.42893981933594,0.43710020184516907,0.8772581815719604,20.5,46.900001525878906,46.900001525878906,403.0,True,False,0.4742112159729004,22.240507125854492,0.4742112159729004,22.24050675271792,LSTM,2,48,64,0.05
test_42,A2,test,42,26.5,264,236.42893981933594,0.4349679946899414,0.8748993873596191,20.399999618530273,46.900001525878906,46.900001525878906,403.0,True,False,0.470336377620697,22.05877685546875,0.470336377620697,22.058776828087048,LSTM,2,48,64,0.05
test_42,A2,test,42,26.600000381469727,265,236.42893981933594,0.43283578753471375,0.8695526719093323,20.299999237060547,46.900001525878906,46.900001525878906,403.0,True,False,0.46763551235198975,21.932106018066406,0.46763551235198975,21.932106242863483,LSTM,2,48,64,0.05
test_42,A2,test,42,26.700000762939453,266,236.42893981933594,0.43070363998413086,0.8771010041236877,20.200000762939453,46.900001525878906,46.900001525878906,403.0,True,False,0.452922523021698,21.242067337036133,0.452922523021698,21.24206702082256,LSTM,2,48,64,0.05
test_42,A2,test,42,26.799999237060547,267,236.42893981933594,0.4285714328289032,0.8726977705955505,20.100000381469727,46.900001525878906,46.900001525878906,403.0,True,False,0.4518311023712158,21.190879821777344,0.4518311023712158,21.19087939064957,LSTM,2,48,64,0.05
test_42,A2,test,42,26.899999618530273,268,236.42893981933594,0.42643922567367554,0.8682945966720581,20.0,46.900001525878906,46.900001525878906,403.0,True,False,0.4518311023712158,21.190879821777344,0.452351450920105,21.21528373838646,LSTM,2,48,64,0.05
test_42,A2,test,42,27.0,269,236.42893981933594,0.4243070185184479,0.8682945966720581,19.899999618530273,46.900001525878906,46.900001525878906,403.0,True,False,0.44810712337493896,21.016223907470703,0.44810712337493896,21.016224770041845,LSTM,2,48,64,0.05
test_42,A2,test,42,27.100000381469727,270,236.42893981933594,0.4221748113632202,0.8615325093269348,19.799999237060547,46.900001525878906,46.900001525878906,403.0,True,False,0.446027934551239,20.918710708618164,0.446027934551239,20.918710811037727,LSTM,2,48,64,0.05
test_42,A2,test,42,27.200000762939453,271,236.42893981933594,0.42004263401031494,0.8580728769302368,19.700000762939453,46.900001525878906,46.900001525878906,403.0,True,False,0.44463855028152466,20.853548049926758,0.44463855028152466,20.85354868666809,LSTM,2,48,64,0.05
test_42,A2,test,42,27.299999237060547,272,236.42893981933594,0.41791045665740967,0.8549278378486633,19.600000381469727,46.900001525878906,46.900001525878906,403.0,True,False,0.44173890352249146,20.71755599975586,0.44173890352249146,20.717555249244924,LSTM,2,48,64,0.05
test_42,A2,test,42,27.399999618530273,273,236.42893981933594,0.415778249502182,0.8509963750839233,19.5,46.900001525878906,46.900001525878906,403.0,True,False,0.4388364553451538,20.581430435180664,0.4388364553451538,20.581430425299004,LSTM,2,48,64,0.05
test_42,A2,test,42,27.5,274,236.42893981933594,0.41364604234695435,0.8401457667350769,19.399999618530273,46.900001525878906,46.900001525878906,403.0,True,False,0.4335537552833557,20.33367156982422,0.4335537552833557,20.333671784339913,LSTM,2,48,64,0.05
test_42,A2,test,42,27.600000381469727,275,236.42893981933594,0.4115138351917267,0.8371577262878418,19.299999237060547,46.900001525878906,46.900001525878906,403.0,True,False,0.4335537552833557,20.33367156982422,0.4337158203125,20.34127263445407,LSTM,2,48,64,0.05
test_42,A2,test,42,27.700000762939453,276,236.42893981933594,0.4093816578388214,0.8344845175743103,19.200000762939453,46.900001525878906,46.900001525878906,403.0,True,False,0.43076038360595703,20.20266342163086,0.43076038360595703,20.202662648407568,LSTM,2,48,64,0.05
test_42,A2,test,42,27.799999237060547,277,236.42893981933594,0.40724945068359375,0.8333836793899536,19.100000381469727,46.900001525878906,46.900001525878906,403.0,True,False,0.4267287850379944,20.013580322265625,0.4267287850379944,20.01358066941839,LSTM,2,48,64,0.05
test_42,A2,test,42,27.899999618530273,278,236.42893981933594,0.4051172435283661,0.8291377425193787,19.0,46.900001525878906,46.900001525878906,403.0,True,False,0.42383241653442383,19.87774085998535,0.42383241653442383,19.87774098218142,LSTM,2,48,64,0.05
test_42,A2,test,42,28.0,279,236.42893981933594,0.4029850661754608,0.828036904335022,18.899999618530273,46.900001525878906,46.900001525878906,403.0,True,False,0.4207279682159424,19.732141494750977,0.4207279682159424,19.73214235130763,LSTM,2,48,64,0.05
test_42,A2,test,42,28.100000381469727,280,236.42893981933594,0.40085285902023315,0.8335409164428711,18.799999237060547,46.900001525878906,46.900001525878906,403.0,True,False,0.40821290016174316,19.145185470581055,0.40821290016174316,19.145185640469208,LSTM,2,48,64,0.05
test_42,A2,test,42,28.200000762939453,281,236.42893981933594,0.3987206816673279,0.8291377425193787,18.700000762939453,46.900001525878906,46.900001525878906,403.0,True,False,0.4064173102378845,19.060972213745117,0.4064173102378845,19.060972470300385,LSTM,2,48,64,0.05
test_42,A2,test,42,28.299999237060547,282,236.42893981933594,0.3965884745121002,0.8225330114364624,18.600000381469727,46.900001525878906,46.900001525878906,403.0,True,False,0.40619027614593506,19.050325393676758,0.40619027614593506,19.05032457104153,LSTM,2,48,64,0.05
test_42,A2,test,42,28.399999618530273,283,236.42893981933594,0.39445626735687256,0.8203312754631042,18.5,46.900001525878906,46.900001525878906,403.0,True,False,0.40459609031677246,18.975557327270508,0.40459609031677246,18.975557253221268,LSTM,2,48,64,0.05
test_42,A2,test,42,28.5,284,236.42893981933594,0.3923240602016449,0.8168716430664062,18.399999618530273,46.900001525878906,46.900001525878906,403.0,True,False,0.4021831750869751,18.86239242553711,0.4021831750869751,18.862391525261955,LSTM,2,48,64,0.05
test_42,A2,test,42,28.600000381469727,285,236.42893981933594,0.3901918828487396,0.8135693669319153,18.299999237060547,46.900001525878906,46.900001525878906,403.0,True,False,0.39924848079681396,18.724754333496094,0.39924848079681396,18.72475435857541,LSTM,2,48,64,0.05
test_42,A2,test,42,28.700000762939453,286,236.42893981933594,0.38805970549583435,0.8102669715881348,18.200000762939453,46.900001525878906,46.900001525878906,403.0,True,False,0.3964341878890991,18.592763900756836,0.3964341878890991,18.592764016909314,LSTM,2,48,64,0.05
test_42,A2,test,42,28.799999237060547,287,236.42893981933594,0.3859274983406067,0.8080654144287109,18.100000381469727,46.900001525878906,46.900001525878906,403.0,True,False,0.3932720720767975,18.444459915161133,0.3932720720767975,18.44446078048736,LSTM,2,48,64,0.05
test_42,A2,test,42,28.899999618530273,288,236.42893981933594,0.38379529118537903,0.8102669715881348,18.0,46.900001525878906,46.900001525878906,403.0,True,False,0.386981338262558,18.149425506591797,0.386981338262558,18.14942535500063,LSTM,2,48,64,0.05
test_42,A2,test,42,29.0,289,236.42893981933594,0.38166308403015137,0.8080654144287109,17.899999618530273,46.900001525878906,46.900001525878906,403.0,True,False,0.3839051425457001,18.005151748657227,0.3839051425457001,18.005151771186092,LSTM,2,48,64,0.05
test_42,A2,test,42,29.100000381469727,290,236.42893981933594,0.3795308768749237,0.806807279586792,17.799999237060547,46.900001525878906,46.900001525878906,403.0,True,False,0.3807300329208374,17.856239318847656,0.3807300329208374,17.8562391249352,LSTM,2,48,64,0.05
test_42,A2,test,42,29.200000762939453,291,236.42893981933594,0.3773987293243408,0.806807279586792,17.700000762939453,46.900001525878906,46.900001525878906,403.0,True,False,0.37668561935424805,17.666555404663086,0.37668561935424805,17.666556122490874,LSTM,2,48,64,0.05
test_42,A2,test,42,29.299999237060547,292,236.42893981933594,0.37526652216911316,0.8080654144287109,17.600000381469727,46.900001525878906,46.900001525878906,403.0,True,False,0.37187713384628296,17.441038131713867,0.37187713384628296,17.441038144830145,LSTM,2,48,64,0.05
test_42,A2,test,42,29.399999618530273,293,236.42893981933594,0.3731343150138855,0.8014605045318604,17.5,46.900001525878906,46.900001525878906,403.0,True,False,0.3705580234527588,17.37917137145996,0.3705580234527588,17.37917186536106,LSTM,2,48,64,0.05
test_42,A2,test,42,29.5,294,236.42893981933594,0.37100210785865784,0.8016179203987122,17.399999618530273,46.900001525878906,46.900001525878906,403.0,True,False,0.3671402633190155,17.21887969970703,0.3671402633190155,17.21887890987341,LSTM,2,48,64,0.05
test_42,A2,test,42,29.600000381469727,295,236.42893981933594,0.3688699007034302,0.7995736002922058,17.299999237060547,46.900001525878906,46.900001525878906,403.0,True,False,0.3643556237220764,17.088279724121094,0.3643556237220764,17.088279308527945,LSTM,2,48,64,0.05
test_42,A2,test,42,29.700000762939453,296,236.42893981933594,0.3667377531528473,0.7976863980293274,17.200000762939453,46.900001525878906,46.900001525878906,403.0,True,False,0.3610260784626007,16.9321231842041,0.3610260784626007,16.93212363077805,LSTM,2,48,64,0.05
test_42,A2,test,42,29.799999237060547,297,236.42893981933594,0.36460554599761963,0.7965855598449707,17.100000381469727,46.900001525878906,46.900001525878906,403.0,True,False,0.3580795228481293,16.793930053710938,0.3580795228481293,16.793930167963254,LSTM,2,48,64,0.05
test_42,A2,test,42,29.899999618530273,298,236.42893981933594,0.36247333884239197,0.7992590069770813,17.0,46.900001525878906,46.900001525878906,403.0,True,False,0.3529191315174103,16.551908493041992,0.3529191315174103,16.5519078066784,LSTM,2,48,64,0.05
test_42,A2,test,42,30.0,299,236.42893981933594,0.3603411316871643,0.7962711453437805,16.899999618530273,46.900001525878906,46.900001525878906,403.0,True,False,0.3512747287750244,16.47478485107422,0.3512747287750244,16.474785315551344,LSTM,2,48,64,0.05
test_42,A2,test,42,30.100000381469727,300,236.42893981933594,0.35820892453193665,0.7976863980293274,16.799999237060547,46.900001525878906,46.900001525878906,403.0,True,False,0.34823381900787354,16.33216667175293,0.34823381900787354,16.332166642831908,LSTM,2,48,64,0.05
test_42,A2,test,42,30.200000762939453,301,236.42893981933594,0.35607677698135376,0.7984727025032043,16.700000762939453,46.900001525878906,46.900001525878906,403.0,True,False,0.3448035717010498,16.171287536621094,0.3448035717010498,16.171288038907733,LSTM,2,48,64,0.05
test_42,A2,test,42,30.299999237060547,302,236.42893981933594,0.3539445698261261,0.7906099557876587,16.600000381469727,46.900001525878906,46.900001525878906,403.0,True,False,0.34380650520324707,16.12452507019043,0.34380650520324707,16.12452561863938,LSTM,2,48,64,0.05
test_42,A2,test,42,30.399999618530273,303,236.42893981933594,0.35181236267089844,0.7841624617576599,16.5,46.900001525878906,46.900001525878906,403.0,True,False,0.34261244535446167,16.068523406982422,0.34261244535446167,16.068524209909356,LSTM,2,48,64,0.05
test_42,A2,test,42,30.5,304,236.42893981933594,0.3496801555156708,0.7775575518608093,16.399999618530273,46.900001525878906,46.900001525878906,403.0,True,False,0.34066030383110046,15.976968765258789,0.34066030383110046,15.976968769484984,LSTM,2,48,64,0.05
test_42,A2,test,42,30.600000381469727,305,236.42893981933594,0.3475479483604431,0.7751988172531128,16.299999237060547,46.900001525878906,46.900001525878906,403.0,True,False,0.3381708860397339,15.860215187072754,0.3381708860397339,15.860215071271341,LSTM,2,48,64,0.05
test_42,A2,test,42,30.700000762939453,306,236.42893981933594,0.34541577100753784,0.7665497660636902,16.200000762939453,46.900001525878906,46.900001525878906,403.0,True,False,0.3353870213031769,15.72965145111084,0.3353870213031769,15.729651810878977,LSTM,2,48,64,0.05
test_42,A2,test,42,30.799999237060547,307,236.42893981933594,0.34328359365463257,0.7610457539558411,16.100000381469727,46.900001525878906,46.900001525878906,403.0,True,False,0.33454498648643494,15.690160751342773,0.33454498648643494,15.690160376688937,LSTM,2,48,64,0.05
test_42,A2,test,42,30.899999618530273,308,236.42893981933594,0.3411513864994049,0.7601020932197571,16.0,46.900001525878906,46.900001525878906,403.0,True,False,0.3319021463394165,15.566210746765137,0.3319021463394165,15.566211169761118,LSTM,2,48,64,0.05
test_42,A2,test,42,31.0,309,236.42893981933594,0.33901917934417725,0.7545981407165527,15.899999618530273,46.900001525878906,46.900001525878906,403.0,True,False,0.3304029703140259,15.49590015411377,0.3304029703140259,15.495899811882737,LSTM,2,48,64,0.05
test_42,A2,test,42,31.100000381469727,310,236.42893981933594,0.3368869721889496,0.7523965239524841,15.800000190734863,46.900001525878906,46.900001525878906,403.0,True,False,0.3297627866268158,15.465875625610352,0.3297627866268158,15.465875195975741,LSTM,2,48,64,0.05
test_42,A2,test,42,31.200000762939453,311,236.42893981933594,0.3347547948360443,0.7490942478179932,15.699999809265137,46.900001525878906,46.900001525878906,403.0,True,False,0.32800236344337463,15.38331127166748,0.32800236344337463,15.383311345986158,LSTM,2,48,64,0.05
test_42,A2,test,42,31.299999237060547,312,236.42893981933594,0.33262258768081665,0.7467353343963623,15.600000381469727,46.900001525878906,46.900001525878906,403.0,True,False,0.32622015476226807,15.299725532531738,0.32622015476226807,15.299725756122825,LSTM,2,48,64,0.05
test_42,A2,test,42,31.399999618530273,313,236.42893981933594,0.330490380525589,0.7434330582618713,15.5,46.900001525878906,46.900001525878906,403.0,True,False,0.3249845504760742,15.241775512695312,0.3249845504760742,15.241775913214951,LSTM,2,48,64,0.05
test_42,A2,test,42,31.5,314,236.42893981933594,0.3283582031726837,0.7424893975257874,15.399999618530273,46.900001525878906,46.900001525878906,403.0,True,False,0.3226062059402466,15.130231857299805,0.3226062059402466,15.13023155085557,LSTM,2,48,64,0.05
test_42,A2,test,42,31.600000381469727,315,236.42893981933594,0.32622599601745605,0.7402878403663635,15.300000190734863,46.900001525878906,46.900001525878906,403.0,True,False,0.32062703371047974,15.037408828735352,0.32062703371047974,15.037408370259527,LSTM,2,48,64,0.05
test_42,A2,test,42,31.700000762939453,316,236.42893981933594,0.3240937888622284,0.7402878403663635,15.199999809265137,46.900001525878906,46.900001525878906,403.0,True,False,0.31845855712890625,14.935707092285156,0.31845855712890625,14.935706815274898,LSTM,2,48,64,0.05
test_42,A2,test,42,31.799999237060547,317,236.42893981933594,0.3219616115093231,0.7380862832069397,15.100000381469727,46.900001525878906,46.900001525878906,403.0,True,False,0.31594422459602356,14.817784309387207,0.31594422459602356,14.817784615646133,LSTM,2,48,64,0.05
test_42,A2,test,42,31.899999618530273,318,236.42893981933594,0.31982940435409546,0.7402878403663635,15.0,46.900001525878906,46.900001525878906,403.0,True,False,0.3122718334197998,14.645549774169922,0.3122718334197998,14.645549463877614,LSTM,2,48,64,0.05
test_42,A2,test,42,32.0,319,236.42893981933594,0.3176971971988678,0.7434330582618713,14.899999618530273,46.900001525878906,46.900001525878906,403.0,True,False,0.3090234100818634,14.49319839477539,0.3090234100818634,14.493198404371697,LSTM,2,48,64,0.05
test_42,A2,test,42,32.099998474121094,320,236.42893981933594,0.3155650198459625,0.7354128360748291,14.800000190734863,46.900001525878906,46.900001525878906,403.0,True,False,0.30739736557006836,14.416936874389648,0.30739736557006836,14.416936914287362,LSTM,2,48,64,0.05
test_42,A2,test,42,32.20000076293945,321,236.42893981933594,0.31343281269073486,0.7313241958618164,14.699999809265137,46.900001525878906,46.900001525878906,403.0,True,False,0.3066163659095764,14.380308151245117,0.3066163659095764,14.380308029018579,LSTM,2,48,64,0.05
test_42,A2,test,42,32.29999923706055,322,236.42893981933594,0.3113006353378296,0.7228323221206665,14.600000381469727,46.900001525878906,46.900001525878906,403.0,True,False,0.302960067987442,14.20882797241211,0.302960067987442,14.208827650891408,LSTM,2,48,64,0.05
test_42,A2,test,42,32.400001525878906,323,236.42893981933594,0.30916842818260193,0.7195301055908203,14.5,46.900001525878906,46.900001525878906,403.0,True,False,0.30121883749961853,14.127163887023926,0.30121883749961853,14.12716393835558,LSTM,2,48,64,0.05
test_42,A2,test,42,32.5,324,236.42893981933594,0.30703622102737427,0.7144976854324341,14.399999618530273,46.900001525878906,46.900001525878906,403.0,True,False,0.29890552163124084,14.018669128417969,0.29890552163124084,14.018669420598826,LSTM,2,48,64,0.05
test_42,A2,test,42,32.599998474121094,325,236.42893981933594,0.304904043674469,0.7107236385345459,14.300000190734863,46.900001525878906,46.900001525878906,403.0,True,False,0.29718804359436035,13.938119888305664,0.29718804359436035,13.938119698048467,LSTM,2,48,64,0.05
test_42,A2,test,42,32.70000076293945,326,236.42893981933594,0.30277183651924133,0.7074212431907654,14.199999809265137,46.900001525878906,46.900001525878906,403.0,True,False,0.29497045278549194,13.834115028381348,0.29497045278549194,13.834114685728764,LSTM,2,48,64,0.05
test_42,A2,test,42,32.79999923706055,327,236.42893981933594,0.30063965916633606,0.7074212431907654,14.100000381469727,46.900001525878906,46.900001525878906,403.0,True,False,0.2933396100997925,13.757628440856934,0.2933396100997925,13.75762816128099,LSTM,2,48,64,0.05
test_42,A2,test,42,32.900001525878906,328,236.42893981933594,0.2985074520111084,0.6986149549484253,14.0,46.900001525878906,46.900001525878906,403.0,True,False,0.2899755835533142,13.599855422973633,0.2899755835533142,13.599855311118063,LSTM,2,48,64,0.05
test_42,A2,test,42,33.0,329,236.42893981933594,0.29637524485588074,0.690909206867218,13.899999618530273,46.900001525878906,46.900001525878906,403.0,True,False,0.2881719768047333,13.515266418457031,0.2881719768047333,13.515266151857531,LSTM,2,48,64,0.05
test_42,A2,test,42,33.099998474121094,330,236.42893981933594,0.29424306750297546,0.684619128704071,13.800000190734863,46.900001525878906,46.900001525878906,403.0,True,False,0.285457044839859,13.387935638427734,0.285457044839859,13.38793583856227,LSTM,2,48,64,0.05
test_42,A2,test,42,33.20000076293945,331,236.42893981933594,0.2921108603477478,0.6791151762008667,13.699999809265137,46.900001525878906,46.900001525878906,403.0,True,False,0.2835642695426941,13.299164772033691,0.2835642695426941,13.29916467423709,LSTM,2,48,64,0.05
test_42,A2,test,42,33.29999923706055,332,236.42893981933594,0.28997868299484253,0.6759698987007141,13.600000381469727,46.900001525878906,46.900001525878906,403.0,True,False,0.2835407555103302,13.298062324523926,0.2835407555103302,13.298061866083344,LSTM,2,48,64,0.05
test_42,A2,test,42,33.400001525878906,333,236.42893981933594,0.28784647583961487,0.6759698987007141,13.5,46.900001525878906,46.900001525878906,403.0,True,False,0.2828618586063385,13.26622200012207,0.2828618586063385,13.26622160025022,LSTM,2,48,64,0.05
test_42,A2,test,42,33.5,334,236.42893981933594,0.2857142686843872,0.6737683415412903,13.399999618530273,46.900001525878906,46.900001525878906,403.0,True,False,0.2813275158405304,13.194260597229004,0.2813275158405304,13.194260922192598,LSTM,2,48,64,0.05
test_42,A2,test,42,33.599998474121094,335,236.42893981933594,0.28358209133148193,0.6736111640930176,13.300000190734863,46.900001525878906,46.900001525878906,403.0,True,False,0.28078168630599976,13.168661117553711,0.28078168630599976,13.168661516190241,LSTM,2,48,64,0.05
test_42,A2,test,42,33.70000076293945,336,236.42893981933594,0.2814498841762543,0.6703086495399475,13.199999809265137,46.900001525878906,46.900001525878906,403.0,True,False,0.2787010669708252,13.071080207824707,0.2787010669708252,13.071080466195781,LSTM,2,48,64,0.05
test_42,A2,test,42,33.79999923706055,337,236.42893981933594,0.279317706823349,0.6648046970367432,13.100000381469727,46.900001525878906,46.900001525878906,403.0,True,False,0.27657508850097656,12.9713716506958,0.27657508850097656,12.971372072715894,LSTM,2,48,64,0.05
test_42,A2,test,42,33.900001525878906,338,236.42893981933594,0.27718549966812134,0.6618168354034424,13.0,46.900001525878906,46.900001525878906,403.0,True,False,0.27527016401290894,12.910171508789062,0.27527016401290894,12.910171112234366,LSTM,2,48,64,0.05
test_42,A2,test,42,34.0,339,236.42893981933594,0.2750532925128937,0.6585144400596619,12.899999618530273,46.900001525878906,46.900001525878906,403.0,True,False,0.27274906635284424,12.79193115234375,0.27274906635284424,12.791931628130442,LSTM,2,48,64,0.05
test_42,A2,test,42,34.099998474121094,340,236.42893981933594,0.2729211151599884,0.6530105471611023,12.800000190734863,46.900001525878906,46.900001525878906,403.0,True,False,0.26960328221321106,12.644393920898438,0.26960328221321106,12.64439434718156,LSTM,2,48,64,0.05
test_42,A2,test,42,34.20000076293945,341,236.42893981933594,0.27078890800476074,0.6464056968688965,12.699999809265137,46.900001525878906,46.900001525878906,403.0,True,False,0.2660074234008789,12.475749015808105,0.2660074234008789,12.475748563396337,LSTM,2,48,64,0.05
test_42,A2,test,42,34.29999923706055,342,236.42893981933594,0.26865673065185547,0.6413735747337341,12.600000381469727,46.900001525878906,46.900001525878906,403.0,True,False,0.26298245787620544,12.333877563476562,0.26298245787620544,12.33387767567342,LSTM,2,48,64,0.05
test_42,A2,test,42,34.400001525878906,343,236.42893981933594,0.2665245234966278,0.6410589218139648,12.5,46.900001525878906,46.900001525878906,403.0,True,False,0.2619292140007019,12.284480094909668,0.2619292140007019,12.284480536305182,LSTM,2,48,64,0.05
test_42,A2,test,42,34.5,344,236.42893981933594,0.26439231634140015,0.6402726769447327,12.399999618530273,46.900001525878906,46.900001525878906,403.0,True,False,0.25915059447288513,12.154163360595703,0.25915059447288513,12.154163276210738,LSTM,2,48,64,0.05
test_42,A2,test,42,34.599998474121094,345,236.42893981933594,0.2622601091861725,0.635397732257843,12.300000190734863,46.900001525878906,46.900001525878906,403.0,True,False,0.2565121352672577,12.03041934967041,0.2565121352672577,12.030419535440842,LSTM,2,48,64,0.05
test_42,A2,test,42,34.70000076293945,346,236.42893981933594,0.2601279318332672,0.6207728385925293,12.199999809265137,46.900001525878906,46.900001525878906,403.0,True,False,0.24584978818893433,11.530355453491211,0.24584978818893433,11.530355441198026,LSTM,2,48,64,0.05
test_42,A2,test,42,34.79999923706055,347,236.42893981933594,0.25799572467803955,0.6190431118011475,12.100000381469727,46.900001525878906,46.900001525878906,403.0,True,False,0.24584978818893433,11.530355453491211,0.24851638078689575,11.655418638111314,LSTM,2,48,64,0.05
test_42,A2,test,42,34.900001525878906,348,236.42893981933594,0.2558635175228119,0.6173133850097656,12.0,46.900001525878906,46.900001525878906,403.0,True,False,0.24584978818893433,11.530355453491211,0.2464863657951355,11.560210931900201,LSTM,2,48,64,0.05
test_42,A2,test,42,35.0,349,236.42893981933594,0.2537313401699066,0.6113375425338745,11.899999618530273,46.900001525878906,46.900001525878906,403.0,True,False,0.24302399158477783,11.397825241088867,0.24302399158477783,11.397825576151263,LSTM,2,48,64,0.05
test_42,A2,test,42,35.099998474121094,350,236.42893981933594,0.25159913301467896,0.6058335900306702,11.800000190734863,46.900001525878906,46.900001525878906,403.0,True,False,0.2411048412322998,11.307817459106445,0.2411048412322998,11.307817421691652,LSTM,2,48,64,0.05
test_42,A2,test,42,35.20000076293945,351,236.42893981933594,0.2494669407606125,0.6201438307762146,11.699999809265137,46.900001525878906,46.900001525878906,403.0,True,False,0.23113620281219482,10.840288162231445,0.23113620281219482,10.840288264577794,LSTM,2,48,64,0.05
test_42,A2,test,42,35.29999923706055,352,236.42893981933594,0.24733474850654602,0.6146399974822998,11.600000381469727,46.900001525878906,46.900001525878906,403.0,True,False,0.23113620281219482,10.840288162231445,0.23375019431114197,10.96288446986705,LSTM,2,48,64,0.05
test_42,A2,test,42,35.400001525878906,353,236.42893981933594,0.24520255625247955,0.6025310754776001,11.5,46.900001525878906,46.900001525878906,403.0,True,False,0.23039889335632324,10.805708885192871,0.23039889335632324,10.805708449972371,LSTM,2,48,64,0.05
test_42,A2,test,42,35.5,354,236.42893981933594,0.2430703490972519,0.5938820838928223,11.399999618530273,46.900001525878906,46.900001525878906,403.0,True,False,0.22817301750183105,10.701314926147461,0.22817301750183105,10.70131486900027,LSTM,2,48,64,0.05
test_42,A2,test,42,35.599998474121094,355,236.42893981933594,0.24093815684318542,0.5885353088378906,11.300000190734863,46.900001525878906,46.900001525878906,403.0,True,False,0.22535276412963867,10.569045066833496,0.22535276412963867,10.569044981541083,LSTM,2,48,64,0.05
test_42,A2,test,42,35.70000076293945,356,236.42893981933594,0.23880596458911896,0.5795718431472778,11.199999809265137,46.900001525878906,46.900001525878906,403.0,True,False,0.21797794103622437,10.223165512084961,0.21797794103622437,10.223165767206865,LSTM,2,48,64,0.05
test_42,A2,test,42,35.79999923706055,357,236.42893981933594,0.2366737723350525,0.5676203966140747,11.100000381469727,46.900001525878906,46.900001525878906,403.0,True,False,0.2084600329399109,9.776776313781738,0.2084600329399109,9.776775862966588,LSTM,2,48,64,0.05
test_42,A2,test,42,35.900001525878906,358,236.42893981933594,0.23454156517982483,0.5621163249015808,11.0,46.900001525878906,46.900001525878906,403.0,True,False,0.2084600329399109,9.776776313781738,0.2087673544883728,9.791189244058387,LSTM,2,48,64,0.05
test_42,A2,test,42,36.0,359,236.42893981933594,0.23240937292575836,0.5577130317687988,10.899999618530273,46.900001525878906,46.900001525878906,403.0,True,False,0.20792162418365479,9.751524925231934,0.20792162418365479,9.75152449147663,LSTM,2,48,64,0.05
test_42,A2,test,42,36.099998474121094,360,236.42893981933594,0.2302771806716919,0.5446608662605286,10.800000190734863,46.900001525878906,46.900001525878906,403.0,True,False,0.19406861066818237,9.101818084716797,0.19406861066818237,9.101818136462953,LSTM,2,48,64,0.05
test_42,A2,test,42,36.20000076293945,361,236.42893981933594,0.22814497351646423,0.5610154867172241,10.699999809265137,46.900001525878906,46.900001525878906,403.0,True,False,0.19406861066818237,9.101818084716797,0.19696855545043945,9.237825551175774,LSTM,2,48,64,0.05
test_42,A2,test,42,36.29999923706055,362,236.42893981933594,0.22601279616355896,0.5446608662605286,10.600000381469727,46.900001525878906,46.900001525878906,403.0,True,False,0.1888505220413208,8.85708999633789,0.1888505220413208,8.857089771900974,LSTM,2,48,64,0.05
test_42,A2,test,42,36.400001525878906,363,236.42893981933594,0.2238805890083313,0.5413584113121033,10.5,46.900001525878906,46.900001525878906,403.0,True,False,0.1888505220413208,8.85708999633789,0.20107662677764893,9.430494102690318,LSTM,2,48,64,0.05
test_42,A2,test,42,36.5,364,236.42893981933594,0.22174838185310364,0.528148889541626,10.399999618530273,46.900001525878906,46.900001525878906,403.0,True,False,0.18795019388198853,8.814864158630371,0.18795019388198853,8.814864379854498,LSTM,2,48,64,0.05
test_42,A2,test,42,36.599998474121094,365,236.42893981933594,0.21961620450019836,0.5127376914024353,10.300000190734863,46.900001525878906,46.900001525878906,403.0,True,False,0.17273607850074768,8.101322174072266,0.17273607850074768,8.101322345259405,LSTM,2,48,64,0.05
test_42,A2,test,42,36.70000076293945,366,236.42893981933594,0.2174839973449707,0.5040886998176575,10.199999809265137,46.900001525878906,46.900001525878906,403.0,True,False,0.17047137022018433,7.995107650756836,0.17047137022018433,7.995107523445313,LSTM,2,48,64,0.05
test_42,A2,test,42,36.79999923706055,367,236.42893981933594,0.21535181999206543,0.49496784806251526,10.100000381469727,46.900001525878906,46.900001525878906,403.0,True,False,0.16474264860153198,7.726430416107178,0.16474264860153198,7.726430470789182,LSTM,2,48,64,0.05
test_42,A2,test,42,36.900001525878906,368,236.42893981933594,0.21321961283683777,0.4902500808238983,10.0,46.900001525878906,46.900001525878906,403.0,True,False,0.16474264860153198,7.726430416107178,0.16903012990951538,7.927513350675781,LSTM,2,48,64,0.05
test_42,A2,test,42,37.0,369,236.42893981933594,0.2110874056816101,0.48584696650505066,9.899999618530273,46.900001525878906,46.900001525878906,403.0,True,False,0.16474264860153198,7.726430416107178,0.1716722846031189,8.051430409837394,LSTM,2,48,64,0.05
test_42,A2,test,42,37.099998474121094,370,236.42893981933594,0.20895522832870483,0.47468170523643494,9.800000190734863,46.900001525878906,46.900001525878906,403.0,True,False,0.16047459840774536,7.526258945465088,0.16047459840774536,7.526258910188062,LSTM,2,48,64,0.05
test_42,A2,test,42,37.20000076293945,371,236.42893981933594,0.20682302117347717,0.4715365469455719,9.699999809265137,46.900001525878906,46.900001525878906,403.0,True,False,0.16047459840774536,7.526258945465088,0.16926094889640808,7.938338761513251,LSTM,2,48,64,0.05
test_42,A2,test,42,37.29999923706055,372,236.42893981933594,0.2046908289194107,0.468391478061676,9.600000381469727,46.900001525878906,46.900001525878906,403.0,True,False,0.16047459840774536,7.526258945465088,0.1716197431087494,8.048966213671292,LSTM,2,48,64,0.05
test_42,A2,test,42,37.400001525878906,373,236.42893981933594,0.20255862176418304,0.46823427081108093,9.5,46.900001525878906,46.900001525878906,403.0,True,False,0.16047459840774536,7.526258945465088,0.17652291059494019,8.27892477625528,LSTM,2,48,64,0.05
test_42,A2,test,42,37.5,374,236.42893981933594,0.20042642951011658,0.48553234338760376,9.399999618530273,46.900001525878906,46.900001525878906,403.0,True,False,0.16047459840774536,7.526258945465088,0.1660676896572113,7.788574898322395,LSTM,2,48,64,0.05
test_42,A2,test,42,37.599998474121094,375,236.42893981933594,0.1982942372560501,0.4811291992664337,9.300000190734863,46.900001525878906,46.900001525878906,403.0,True,False,0.16047459840774536,7.526258945465088,0.17115962505340576,8.027386676173592,LSTM,2,48,64,0.05
test_42,A2,test,42,37.70000076293945,376,236.42893981933594,0.19616203010082245,0.4724801480770111,9.199999809265137,46.900001525878906,46.900001525878906,403.0,True,False,0.16047459840774536,7.526258945465088,0.17157906293869019,8.047058313633443,LSTM,2,48,64,0.05
test_42,A2,test,42,37.79999923706055,377,236.42893981933594,0.19402985274791718,0.4625728726387024,9.100000381469727,46.900001525878906,46.900001525878906,403.0,True,False,0.16047459840774536,7.526258945465088,0.16524237394332886,7.749867590081976,LSTM,2,48,64,0.05
test_42,A2,test,42,37.900001525878906,378,236.42893981933594,0.19189764559268951,0.45486748218536377,9.0,46.900001525878906,46.900001525878906,403.0,True,False,0.15902286767959595,7.458172798156738,0.15902286767959595,7.458172736822689,LSTM,2,48,64,0.05
test_42,A2,test,42,38.0,379,236.42893981933594,0.18976543843746185,0.44826263189315796,8.899999618530273,46.900001525878906,46.900001525878906,403.0,True,False,0.15252423286437988,7.15338659286499,0.15252423286437988,7.153386754072926,LSTM,2,48,64,0.05
test_42,A2,test,42,38.099998474121094,380,236.42893981933594,0.18763326108455658,0.4418151378631592,8.800000190734863,46.900001525878906,46.900001525878906,403.0,True,False,0.1462448537349701,6.858883857727051,0.1462448537349701,6.858883863322035,LSTM,2,48,64,0.05
test_42,A2,test,42,38.20000076293945,381,236.42893981933594,0.18550105392932892,0.43741199374198914,8.699999809265137,46.900001525878906,46.900001525878906,403.0,True,False,0.14301055669784546,6.707195281982422,0.14301055669784546,6.707195327345744,LSTM,2,48,64,0.05
test_42,A2,test,42,38.29999923706055,382,236.42893981933594,0.18336887657642365,0.44275861978530884,8.600000381469727,46.900001525878906,46.900001525878906,403.0,True,False,0.14301055669784546,6.707195281982422,0.14681261777877808,6.885511997842968,LSTM,2,48,64,0.05
test_42,A2,test,42,38.400001525878906,383,236.42893981933594,0.18123666942119598,0.4452747702598572,8.5,46.900001525878906,46.900001525878906,403.0,True,False,0.14301055669784546,6.707195281982422,0.1469355821609497,6.891279027554447,LSTM,2,48,64,0.05
test_42,A2,test,42,38.5,384,236.42893981933594,0.17910446226596832,0.43741199374198914,8.399999618530273,46.900001525878906,46.900001525878906,403.0,True,False,0.14151078462600708,6.6368560791015625,0.14151078462600708,6.636856014888053,LSTM,2,48,64,0.05
test_42,A2,test,42,38.599998474121094,385,236.42893981933594,0.17697228491306305,0.4286055862903595,8.300000190734863,46.900001525878906,46.900001525878906,403.0,True,False,0.1366017758846283,6.406623363494873,0.1366017758846283,6.4066234974268355,LSTM,2,48,64,0.05
test_42,A2,test,42,38.70000076293945,386,236.42893981933594,0.1748400777578354,0.41869840025901794,8.199999809265137,46.900001525878906,46.900001525878906,403.0,True,False,0.12920624017715454,6.059772968292236,0.12920624017715454,6.059772861461624,LSTM,2,48,64,0.05
test_42,A2,test,42,38.79999923706055,387,236.42893981933594,0.17270788550376892,0.4078478515148163,8.100000381469727,46.900001525878906,46.900001525878906,403.0,True,False,0.11886584013700485,5.574808120727539,0.11886584013700485,5.574808083800406,LSTM,2,48,64,0.05
test_42,A2,test,42,38.900001525878906,388,236.42893981933594,0.17057569324970245,0.41225096583366394,8.0,46.900001525878906,46.900001525878906,403.0,True,False,0.11886584013700485,5.574808120727539,0.1254543960094452,5.883811364271196,LSTM,2,48,64,0.05
test_42,A2,test,42,39.0,389,236.42893981933594,0.1684434860944748,0.40674692392349243,7.900000095367432,46.900001525878906,46.900001525878906,403.0,True,False,0.11886584013700485,5.574808120727539,0.12058503180742264,5.655438175766278,LSTM,2,48,64,0.05
test_42,A2,test,42,39.099998474121094,390,236.42893981933594,0.16631129384040833,0.39904138445854187,7.800000190734863,46.900001525878906,46.900001525878906,403.0,True,False,0.11728619784116745,5.500722885131836,0.11728619784116745,5.500722857715289,LSTM,2,48,64,0.05
test_42,A2,test,42,39.20000076293945,391,236.42893981933594,0.16417910158634186,0.39275115728378296,7.699999809265137,46.900001525878906,46.900001525878906,403.0,True,False,0.1148587092757225,5.386873722076416,0.1148587092757225,5.386873640291867,LSTM,2,48,64,0.05
test_42,A2,test,42,39.29999923706055,392,236.42893981933594,0.1620468944311142,0.3947954475879669,7.599999904632568,46.900001525878906,46.900001525878906,403.0,True,False,0.1148587092757225,5.386873722076416,0.1186554953455925,5.564942912762206,LSTM,2,48,64,0.05
test_42,A2,test,42,39.400001525878906,393,236.42893981933594,0.15991470217704773,0.39023494720458984,7.5,46.900001525878906,46.900001525878906,403.0,True,False,0.1148587092757225,5.386873722076416,0.11574580520391464,5.428478440677679,LSTM,2,48,64,0.05
test_42,A2,test,42,39.5,394,236.42893981933594,0.15778250992298126,0.38724714517593384,7.400000095367432,46.900001525878906,46.900001525878906,403.0,True,False,0.1148587092757225,5.386873722076416,0.11521845310926437,5.403745626633906,LSTM,2,48,64,0.05
test_42,A2,test,42,39.599998474121094,395,236.42893981933594,0.1556503176689148,0.3980977237224579,7.300000190734863,46.900001525878906,46.900001525878906,403.0,True,False,0.1148587092757225,5.386873722076416,0.11623548716306686,5.451444525309114,LSTM,2,48,64,0.05
test_42,A2,test,42,39.70000076293945,396,236.42893981933594,0.15351811051368713,0.3951099216938019,7.199999809265137,46.900001525878906,46.900001525878906,403.0,True,False,0.1148587092757225,5.386873722076416,0.11622708290815353,5.451050365740855,LSTM,2,48,64,0.05
test_42,A2,test,42,39.79999923706055,397,236.42893981933594,0.15138591825962067,0.38740435242652893,7.099999904632568,46.900001525878906,46.900001525878906,403.0,True,False,0.11473175138235092,5.380919456481934,0.11473175138235092,5.3809193148990175,LSTM,2,48,64,0.05
test_42,A2,test,42,39.900001525878906,398,236.42893981933594,0.1492537260055542,0.3792271316051483,7.0,46.900001525878906,46.900001525878906,403.0,True,False,0.109909288585186,5.154745578765869,0.109909288585186,5.154745802353489,LSTM,2,48,64,0.05
test_42,A2,test,42,40.0,399,236.42893981933594,0.14712153375148773,0.36869096755981445,6.900000095367432,46.900001525878906,46.900001525878906,403.0,True,False,0.1013171449303627,4.751774311065674,0.1013171449303627,4.751774251831705,LSTM,2,48,64,0.05
test_42,A2,test,42,40.099998474121094,400,236.42893981933594,0.14498934149742126,0.35988450050354004,6.800000190734863,46.900001525878906,46.900001525878906,403.0,True,False,0.09418479353189468,4.417266845703125,0.09418479353189468,4.41726696036045,LSTM,2,48,64,0.05
test_42,A2,test,42,40.20000076293945,401,236.42893981933594,0.1428571343421936,0.35123544931411743,6.699999809265137,46.900001525878906,46.900001525878906,403.0,True,False,0.08703800290822983,4.082082271575928,0.08703800290822983,4.082082469205432,LSTM,2,48,64,0.05
test_42,A2,test,42,40.29999923706055,402,236.42893981933594,0.14072494208812714,0.3451024293899536,6.599999904632568,46.900001525878906,46.900001525878906,403.0,True,False,0.08422330766916275,3.9500732421875,0.08422330766916275,3.9500732581983016,LSTM,2,48,64,0.05
test_42,A2,test,42,40.39999771118164,403,236.42893981933594,0.1385928273607973,,6.500003814697266,46.900001525878906,,,False,True,,,,,LSTM,2,48,64,0.05
test_42,A2,test,42,40.5,404,236.42893981933594,0.1364605824660252,,6.400001525878906,46.900001525878906,,,False,True,,,,,LSTM,2,48,64,0.05
test_42,A2,test,42,40.60000228881836,405,236.42893981933594,0.1343283375712531,,6.299999237060547,46.900001525878906,,,False,True,,,,,LSTM,2,48,64,0.05
test_42,A2,test,42,40.70000457763672,406,236.42893981933594,0.132196092676481,,6.1999969482421875,46.900001525878906,,,False,True,,,,,LSTM,2,48,64,0.05
test_42,A2,test,42,40.80000686645508,407,236.42893981933594,0.13006384778170887,,6.099994659423828,46.900001525878906,,,False,True,,,,,LSTM,2,48,64,0.05
test_42,A2,test,42,40.90000915527344,408,236.42893981933594,0.12793160288693678,,5.999992370605469,46.900001525878906,,,False,True,,,,,LSTM,2,48,64,0.05
test_42,A2,test,42,41.0000114440918,409,236.42893981933594,0.12579935799216466,,5.899990081787109,46.900001525878906,,,False,True,,,,,LSTM,2,48,64,0.05
test_42,A2,test,42,41.100013732910156,410,236.42893981933594,0.12366711309739255,,5.79998779296875,46.900001525878906,,,False,True,,,,,LSTM,2,48,64,0.05
test_42,A2,test,42,41.200016021728516,411,236.42893981933594,0.12153486820262044,,5.699985504150391,46.900001525878906,,,False,True,,,,,LSTM,2,48,64,0.05
test_42,A2,test,42,41.300018310546875,412,236.42893981933594,0.11940262330784834,,5.599983215332031,46.900001525878906,,,False,True,,,,,LSTM,2,48,64,0.05
test_42,A2,test,42,41.400020599365234,413,236.42893981933594,0.11727037841307623,,5.499980926513672,46.900001525878906,,,False,True,,,,,LSTM,2,48,64,0.05
test_42,A2,test,42,41.500022888183594,414,236.42893981933594,0.11513813351830413,,5.3999786376953125,46.900001525878906,,,False,True,,,,,LSTM,2,48,64,0.05
test_42,A2,test,42,41.60002517700195,415,236.42893981933594,0.11300588862353202,,5.299976348876953,46.900001525878906,,,False,True,,,,,LSTM,2,48,64,0.05
test_42,A2,test,42,41.70002746582031,416,236.42893981933594,0.11087364372875991,,5.199974060058594,46.900001525878906,,,False,True,,,,,LSTM,2,48,64,0.05
test_42,A2,test,42,41.80002975463867,417,236.42893981933594,0.1087413988339878,,5.099971771240234,46.900001525878906,,,False,True,,,,,LSTM,2,48,64,0.05
test_42,A2,test,42,41.90003204345703,418,236.42893981933594,0.10660915393921569,,4.999969482421875,46.900001525878906,,,False,True,,,,,LSTM,2,48,64,0.05
test_42,A2,test,42,42.00003433227539,419,236.42893981933594,0.10447690904444358,,4.899967193603516,46.900001525878906,,,False,True,,,,,LSTM,2,48,64,0.05
test_42,A2,test,42,42.10003662109375,420,236.42893981933594,0.10234466414967147,,4.799964904785156,46.900001525878906,,,False,True,,,,,LSTM,2,48,64,0.05
test_42,A2,test,42,42.20003890991211,421,236.42893981933594,0.10021241925489936,,4.699962615966797,46.900001525878906,,,False,True,,,,,LSTM,2,48,64,0.05
test_42,A2,test,42,42.30004119873047,422,236.42893981933594,0.09808017436012725,,4.5999603271484375,46.900001525878906,,,False,True,,,,,LSTM,2,48,64,0.05
test_42,A2,test,42,42.40004348754883,423,236.42893981933594,0.09594792946535514,,4.499958038330078,46.900001525878906,,,False,True,,,,,LSTM,2,48,64,0.05
test_42,A2,test,42,42.50004577636719,424,236.42893981933594,0.09381568457058304,,4.399955749511719,46.900001525878906,,,False,True,,,,,LSTM,2,48,64,0.05
test_42,A2,test,42,42.60004806518555,425,236.42893981933594,0.09168343967581093,,4.299953460693359,46.900001525878906,,,False,True,,,,,LSTM,2,48,64,0.05
test_42,A2,test,42,42.700050354003906,426,236.42893981933594,0.08955119478103882,,4.199951171875,46.900001525878906,,,False,True,,,,,LSTM,2,48,64,0.05
test_42,A2,test,42,42.800052642822266,427,236.42893981933594,0.08741894988626672,,4.099948883056641,46.900001525878906,,,False,True,,,,,LSTM,2,48,64,0.05
test_42,A2,test,42,42.900054931640625,428,236.42893981933594,0.08528670499149461,,3.9999465942382812,46.900001525878906,,,False,True,,,,,LSTM,2,48,64,0.05
test_42,A2,test,42,43.000057220458984,429,236.42893981933594,0.0831544600967225,,3.899944305419922,46.900001525878906,,,False,True,,,,,LSTM,2,48,64,0.05
test_42,A2,test,42,43.100059509277344,430,236.42893981933594,0.0810222152019504,,3.7999420166015625,46.900001525878906,,,False,True,,,,,LSTM,2,48,64,0.05
test_42,A2,test,42,43.2000617980957,431,236.42893981933594,0.07888997030717829,,3.699939727783203,46.900001525878906,,,False,True,,,,,LSTM,2,48,64,0.05
test_42,A2,test,42,43.30006408691406,432,236.42893981933594,0.07675772541240618,,3.5999374389648438,46.900001525878906,,,False,True,,,,,LSTM,2,48,64,0.05
test_42,A2,test,42,43.40006637573242,433,236.42893981933594,0.07462548051763407,,3.4999351501464844,46.900001525878906,,,False,True,,,,,LSTM,2,48,64,0.05
test_42,A2,test,42,43.50006866455078,434,236.42893981933594,0.07249323562286196,,3.399932861328125,46.900001525878906,,,False,True,,,,,LSTM,2,48,64,0.05
test_42,A2,test,42,43.60007095336914,435,236.42893981933594,0.07036099072808985,,3.2999305725097656,46.900001525878906,,,False,True,,,,,LSTM,2,48,64,0.05
test_42,A2,test,42,43.7000732421875,436,236.42893981933594,0.06822874583331774,,3.1999282836914062,46.900001525878906,,,False,True,,,,,LSTM,2,48,64,0.05
test_42,A2,test,42,43.80007553100586,437,236.42893981933594,0.06609650093854563,,3.099925994873047,46.900001525878906,,,False,True,,,,,LSTM,2,48,64,0.05
test_42,A2,test,42,43.90007781982422,438,236.42893981933594,0.06396425604377352,,2.9999237060546875,46.900001525878906,,,False,True,,,,,LSTM,2,48,64,0.05
test_42,A2,test,42,44.00008010864258,439,236.42893981933594,0.06183201114900142,,2.899921417236328,46.900001525878906,,,False,True,,,,,LSTM,2,48,64,0.05
test_42,A2,test,42,44.10008239746094,440,236.42893981933594,0.05969976625422931,,2.7999191284179688,46.900001525878906,,,False,True,,,,,LSTM,2,48,64,0.05
test_42,A2,test,42,44.2000846862793,441,236.42893981933594,0.057567521359457204,,2.6999168395996094,46.900001525878906,,,False,True,,,,,LSTM,2,48,64,0.05
test_42,A2,test,42,44.300086975097656,442,236.42893981933594,0.055435276464685095,,2.59991455078125,46.900001525878906,,,False,True,,,,,LSTM,2,48,64,0.05
test_42,A2,test,42,44.400089263916016,443,236.42893981933594,0.053303031569912986,,2.4999122619628906,46.900001525878906,,,False,True,,,,,LSTM,2,48,64,0.05
test_42,A2,test,42,44.500091552734375,444,236.42893981933594,0.05117078667514088,,2.3999099731445312,46.900001525878906,,,False,True,,,,,LSTM,2,48,64,0.05
test_42,A2,test,42,44.600093841552734,445,236.42893981933594,0.049038541780368775,,2.299907684326172,46.900001525878906,,,False,True,,,,,LSTM,2,48,64,0.05
test_42,A2,test,42,44.700096130371094,446,236.42893981933594,0.046906296885596666,,2.1999053955078125,46.900001525878906,,,False,True,,,,,LSTM,2,48,64,0.05
test_42,A2,test,42,44.80009841918945,447,236.42893981933594,0.04477405199082456,,2.099903106689453,46.900001525878906,,,False,True,,,,,LSTM,2,48,64,0.05
test_42,A2,test,42,44.90010070800781,448,236.42893981933594,0.04264180709605245,,1.9999008178710938,46.900001525878906,,,False,True,,,,,LSTM,2,48,64,0.05
test_42,A2,test,42,45.00010299682617,449,236.42893981933594,0.04050956220128034,,1.8998985290527344,46.900001525878906,,,False,True,,,,,LSTM,2,48,64,0.05
test_42,A2,test,42,45.10010528564453,450,236.42893981933594,0.03837731730650823,,1.799896240234375,46.900001525878906,,,False,True,,,,,LSTM,2,48,64,0.05
test_42,A2,test,42,45.20010757446289,451,236.42893981933594,0.03624507241173612,,1.6998939514160156,46.900001525878906,,,False,True,,,,,LSTM,2,48,64,0.05
test_42,A2,test,42,45.30010986328125,452,236.42893981933594,0.03411282751696402,,1.5998916625976562,46.900001525878906,,,False,True,,,,,LSTM,2,48,64,0.05
test_42,A2,test,42,45.40011215209961,453,236.42893981933594,0.03198058262219191,,1.4998893737792969,46.900001525878906,,,False,True,,,,,LSTM,2,48,64,0.05
test_42,A2,test,42,45.50011444091797,454,236.42893981933594,0.0298483377274198,,1.3998870849609375,46.900001525878906,,,False,True,,,,,LSTM,2,48,64,0.05
test_42,A2,test,42,45.60011672973633,455,236.42893981933594,0.02771609283264769,,1.2998847961425781,46.900001525878906,,,False,True,,,,,LSTM,2,48,64,0.05
test_42,A2,test,42,45.70011901855469,456,236.42893981933594,0.025583847937875583,,1.1998825073242188,46.900001525878906,,,False,True,,,,,LSTM,2,48,64,0.05
test_42,A2,test,42,45.80012130737305,457,236.42893981933594,0.023451603043103474,,1.0998802185058594,46.900001525878906,,,False,True,,,,,LSTM,2,48,64,0.05
test_42,A2,test,42,45.900123596191406,458,236.42893981933594,0.021319358148331368,,0.9998779296875,46.900001525878906,,,False,True,,,,,LSTM,2,48,64,0.05
test_42,A2,test,42,46.000125885009766,459,236.42893981933594,0.01918711325355926,,0.8998756408691406,46.900001525878906,,,False,True,,,,,LSTM,2,48,64,0.05
test_42,A2,test,42,46.100128173828125,460,236.42893981933594,0.01705486835878715,,0.7998733520507812,46.900001525878906,,,False,True,,,,,LSTM,2,48,64,0.05
test_42,A2,test,42,46.200130462646484,461,236.42893981933594,0.014922623464015043,,0.6998710632324219,46.900001525878906,,,False,True,,,,,LSTM,2,48,64,0.05
test_42,A2,test,42,46.300132751464844,462,236.42893981933594,0.012790378569242934,,0.5998687744140625,46.900001525878906,,,False,True,,,,,LSTM,2,48,64,0.05
test_42,A2,test,42,46.4001350402832,463,236.42893981933594,0.010658133674470827,,0.4998664855957031,46.900001525878906,,,False,True,,,,,LSTM,2,48,64,0.05
test_42,A2,test,42,46.50013732910156,464,236.42893981933594,0.00852588877969872,,0.39986419677734375,46.900001525878906,,,False,True,,,,,LSTM,2,48,64,0.05
test_42,A2,test,42,46.60013961791992,465,236.42893981933594,0.00639364388492661,,0.2998619079589844,46.900001525878906,,,False,True,,,,,LSTM,2,48,64,0.05
test_42,A2,test,42,46.70014190673828,466,236.42893981933594,0.004261398990154502,,0.199859619140625,46.900001525878906,,,False,True,,,,,LSTM,2,48,64,0.05
test_42,A2,test,42,46.80014419555664,467,236.42893981933594,0.0021291540953823945,,0.09985733032226562,46.900001525878906,,,False,True,,,,,LSTM,2,48,64,0.05
test_42,A2,test,42,46.900146484375,468,236.42893981933594,0.0,,0.0,46.900001525878906,,,False,True,,,,,LSTM,2,48,64,0.05
test_46,A2,test,46,0.10000000149011612,0,237.73880004882812,0.9963235259056091,1.0,27.100000381469727,27.200000762939453,27.200000762939453,150.0,True,False,0.9351372718811035,25.435733795166016,0.9351372718811035,25.435734508619134,LSTM,2,48,64,0.05
test_46,A2,test,46,0.20000000298023224,1,237.73880004882812,0.9926470518112183,1.0,27.0,27.200000762939453,27.200000762939453,150.0,True,False,0.9351372718811035,25.435733795166016,0.9818198680877686,26.705501161056418,LSTM,2,48,64,0.05
test_46,A2,test,46,0.30000001192092896,2,237.73880004882812,0.9889705181121826,1.0,26.899999618530273,27.200000762939453,27.200000762939453,150.0,True,False,0.9351372718811035,25.435733795166016,1.0,27.200000762939453,LSTM,2,48,64,0.05
test_46,A2,test,46,0.4000000059604645,3,237.73880004882812,0.9852940440177917,1.0,26.799999237060547,27.200000762939453,27.200000762939453,150.0,True,False,0.9351372718811035,25.435733795166016,1.0,27.200000762939453,LSTM,2,48,64,0.05
test_46,A2,test,46,0.5,4,237.73880004882812,0.9816176295280457,1.0,26.700000762939453,27.200000762939453,27.200000762939453,150.0,True,False,0.9351372718811035,25.435733795166016,0.989370584487915,26.91088065290114,LSTM,2,48,64,0.05
test_46,A2,test,46,0.6000000238418579,5,237.73880004882812,0.9779411554336548,1.0,26.600000381469727,27.200000762939453,27.200000762939453,150.0,True,False,0.9351372718811035,25.435733795166016,0.9741835594177246,26.49779355940518,LSTM,2,48,64,0.05
test_46,A2,test,46,0.699999988079071,6,237.73880004882812,0.9742646813392639,1.0,26.5,27.200000762939453,27.200000762939453,150.0,True,False,0.9351372718811035,25.435733795166016,0.9644629955291748,26.233394214220425,LSTM,2,48,64,0.05
test_46,A2,test,46,0.800000011920929,7,237.73880004882812,0.970588207244873,1.0,26.399999618530273,27.200000762939453,27.200000762939453,150.0,True,False,0.9351372718811035,25.435733795166016,0.9589099884033203,26.082352416160575,LSTM,2,48,64,0.05
test_46,A2,test,46,0.8999999761581421,8,237.73880004882812,0.9669117331504822,1.0,26.299999237060547,27.200000762939453,27.200000762939453,150.0,True,False,0.9351372718811035,25.435733795166016,0.9560433626174927,26.004380192599,LSTM,2,48,64,0.05
test_46,A2,test,46,1.0,9,237.73880004882812,0.9632353186607361,1.0,26.200000762939453,27.200000762939453,27.200000762939453,150.0,True,False,0.9351372718811035,25.435733795166016,0.955592155456543,25.992107357476925,LSTM,2,48,64,0.05
test_46,A2,test,46,1.100000023841858,10,237.73880004882812,0.9595587849617004,1.0,26.100000381469727,27.200000762939453,27.200000762939453,150.0,True,False,0.9351372718811035,25.435733795166016,0.9547147750854492,25.968242610713787,LSTM,2,48,64,0.05
test_46,A2,test,46,1.2000000476837158,11,237.73880004882812,0.9558823108673096,1.0,26.0,27.200000762939453,27.200000762939453,150.0,True,False,0.9351372718811035,25.435733795166016,0.9540377855300903,25.949828494291523,LSTM,2,48,64,0.05
test_46,A2,test,46,1.2999999523162842,12,237.73880004882812,0.9522058367729187,1.0,25.899999618530273,27.200000762939453,27.200000762939453,150.0,True,False,0.9351372718811035,25.435733795166016,0.9541031122207642,25.951605380327692,LSTM,2,48,64,0.05
test_46,A2,test,46,1.399999976158142,13,237.73880004882812,0.9485293626785278,1.0,25.799999237060547,27.200000762939453,27.200000762939453,150.0,True,False,0.9351372718811035,25.435733795166016,0.9538776874542236,25.945473826505804,LSTM,2,48,64,0.05
test_46,A2,test,46,1.5,14,237.73880004882812,0.9448529481887817,1.0,25.700000762939453,27.200000762939453,27.200000762939453,150.0,True,False,0.9351372718811035,25.435733795166016,0.9448647499084473,25.70032191838436,LSTM,2,48,64,0.05
test_46,A2,test,46,1.600000023841858,15,237.73880004882812,0.9411764740943909,1.0,25.600000381469727,27.200000762939453,27.200000762939453,150.0,True,False,0.9351372718811035,25.435733795166016,0.9442514181137085,25.68363929309953,LSTM,2,48,64,0.05
test_46,A2,test,46,1.7000000476837158,16,237.73880004882812,0.9375,1.0,25.5,27.200000762939453,27.200000762939453,150.0,True,False,0.9351372718811035,25.435733795166016,0.9355678558349609,25.447446392492566,LSTM,2,48,64,0.05
test_46,A2,test,46,1.7999999523162842,17,237.73880004882812,0.9338234663009644,1.0,25.399999618530273,27.200000762939453,27.200000762939453,150.0,True,False,0.9263938665390015,25.197914123535156,0.9263938665390015,25.19791387664327,LSTM,2,48,64,0.05
test_46,A2,test,46,1.899999976158142,18,237.73880004882812,0.9301469922065735,1.0,25.299999237060547,27.200000762939453,27.200000762939453,150.0,True,False,0.9217517375946045,25.07164764404297,0.9217517375946045,25.07164796581401,LSTM,2,48,64,0.05
test_46,A2,test,46,2.0,19,237.73880004882812,0.9264705777168274,1.0,25.200000762939453,27.200000762939453,27.200000762939453,150.0,True,False,0.9055297374725342,24.630409240722656,0.9055297374725342,24.630409550117292,LSTM,2,48,64,0.05
test_46,A2,test,46,2.0999999046325684,20,237.73880004882812,0.9227941036224365,1.0,25.100000381469727,27.200000762939453,27.200000762939453,150.0,True,False,0.8942243456840515,24.32290267944336,0.8942243456840515,24.322902884845234,LSTM,2,48,64,0.05
test_46,A2,test,46,2.200000047683716,21,237.73880004882812,0.9191176295280457,1.0,25.0,27.200000762939453,27.200000762939453,150.0,True,False,0.8864431977272034,24.111255645751953,0.8864431977272034,24.11125565448242,LSTM,2,48,64,0.05
test_46,A2,test,46,2.299999952316284,22,237.73880004882812,0.9154411554336548,1.0,24.899999618530273,27.200000762939453,27.200000762939453,150.0,True,False,0.885452151298523,24.084299087524414,0.885452151298523,24.084299190866204,LSTM,2,48,64,0.05
test_46,A2,test,46,2.4000000953674316,23,237.73880004882812,0.9117646813392639,1.0,24.799999237060547,27.200000762939453,27.200000762939453,150.0,True,False,0.8813828229904175,23.973613739013672,0.8813828229904175,23.973613457781084,LSTM,2,48,64,0.05
test_46,A2,test,46,2.5,24,237.73880004882812,0.9080882668495178,1.0,24.700000762939453,27.200000762939453,27.200000762939453,150.0,True,False,0.8618909120559692,23.44343376159668,0.8618909120559692,23.443433465492944,LSTM,2,48,64,0.05
test_46,A2,test,46,2.5999999046325684,25,237.73880004882812,0.9044117331504822,1.0,24.600000381469727,27.200000762939453,27.200000762939453,150.0,True,False,0.8487990498542786,23.08733558654785,0.8487990498542786,23.08733480361866,LSTM,2,48,64,0.05
test_46,A2,test,46,2.700000047683716,26,237.73880004882812,0.9007352590560913,0.9970875978469849,24.5,27.200000762939453,27.200000762939453,150.0,True,False,0.8416470289230347,22.892799377441406,0.8416470289230347,22.892799828832267,LSTM,2,48,64,0.05
test_46,A2,test,46,2.799999952316284,27,237.73880004882812,0.8970587849617004,0.9948859810829163,24.399999618530273,27.200000762939453,27.200000762939453,150.0,True,False,0.8368777632713318,22.76307487487793,0.8368777632713318,22.763075799467288,LSTM,2,48,64,0.05
test_46,A2,test,46,2.9000000953674316,28,237.73880004882812,0.8933823108673096,0.9895393252372742,24.299999237060547,27.200000762939453,27.200000762939453,150.0,True,False,0.8254860639572144,22.453222274780273,0.8254860639572144,22.453221569432117,LSTM,2,48,64,0.05
test_46,A2,test,46,3.0,29,237.73880004882812,0.8897058963775635,0.9862369298934937,24.200000762939453,27.200000762939453,27.200000762939453,150.0,True,False,0.8191563487052917,22.28105354309082,0.8191563487052917,22.281053309750632,LSTM,2,48,64,0.05
test_46,A2,test,46,3.0999999046325684,30,237.73880004882812,0.8860294222831726,0.9862369298934937,24.100000381469727,27.200000762939453,27.200000762939453,150.0,True,False,0.8184059858322144,22.260643005371094,0.8184059858322144,22.260643439030446,LSTM,2,48,64,0.05
test_46,A2,test,46,3.200000047683716,31,237.73880004882812,0.882352888584137,0.9807329773902893,24.0,27.200000762939453,27.200000762939453,150.0,True,False,0.807697594165802,21.969375610351562,0.807697594165802,21.969375177534175,LSTM,2,48,64,0.05
test_46,A2,test,46,3.299999952316284,32,237.73880004882812,0.8786764144897461,0.9829345941543579,23.899999618530273,27.200000762939453,27.200000762939453,150.0,True,False,0.8065893650054932,21.939231872558594,0.8065893650054932,21.939231343528263,LSTM,2,48,64,0.05
test_46,A2,test,46,3.4000000953674316,33,237.73880004882812,0.8749999403953552,0.984035313129425,23.799999237060547,27.200000762939453,27.200000762939453,150.0,True,False,0.8007561564445496,21.780567169189453,0.8007561564445496,21.780568066220212,LSTM,2,48,64,0.05
test_46,A2,test,46,3.5,34,237.73880004882812,0.8713235259056091,0.984035313129425,23.700000762939453,27.200000762939453,27.200000762939453,150.0,True,False,0.7946786284446716,21.615259170532227,0.7946786284446716,21.615259299986747,LSTM,2,48,64,0.05
test_46,A2,test,46,3.5999999046325684,35,237.73880004882812,0.8676470518112183,0.9829345941543579,23.600000381469727,27.200000762939453,27.200000762939453,150.0,True,False,0.787720799446106,21.426006317138672,0.787720799446106,21.426006345917358,LSTM,2,48,64,0.05
test_46,A2,test,46,3.700000047683716,36,237.73880004882812,0.8639705777168274,0.9807329773902893,23.5,27.200000762939453,27.200000762939453,150.0,True,False,0.7815863490104675,21.2591495513916,0.7815863490104675,21.25914928938778,LSTM,2,48,64,0.05
test_46,A2,test,46,3.799999952316284,37,237.73880004882812,0.8602941036224365,0.9799467325210571,23.399999618530273,27.200000762939453,27.200000762939453,150.0,True,False,0.7725584506988525,21.01358985900879,0.7725584506988525,21.01359044842411,LSTM,2,48,64,0.05
test_46,A2,test,46,3.9000000953674316,38,237.73880004882812,0.8566175699234009,0.9796320796012878,23.299999237060547,27.200000762939453,27.200000762939453,150.0,True,False,0.7633270621299744,20.762496948242188,0.7633270621299744,20.762496672307634,LSTM,2,48,64,0.05
test_46,A2,test,46,4.0,39,237.73880004882812,0.8529411554336548,0.9796320796012878,23.200000762939453,27.200000762939453,27.200000762939453,150.0,True,False,0.7561567425727844,20.56746482849121,0.7561567425727844,20.567463974881548,LSTM,2,48,64,0.05
test_46,A2,test,46,4.099999904632568,40,237.73880004882812,0.8492646813392639,0.9796320796012878,23.100000381469727,27.200000762939453,27.200000762939453,150.0,True,False,0.7481955289840698,20.350919723510742,0.7481955289840698,20.350918959194587,LSTM,2,48,64,0.05
test_46,A2,test,46,4.199999809265137,41,237.73880004882812,0.845588207244873,0.9797893762588501,23.0,27.200000762939453,27.200000762939453,150.0,True,False,0.7392147779464722,20.10664176940918,0.7392147779464722,20.10664252412016,LSTM,2,48,64,0.05
test_46,A2,test,46,4.300000190734863,42,237.73880004882812,0.8419117331504822,0.9747572541236877,22.899999618530273,27.200000762939453,27.200000762939453,150.0,True,False,0.735981822013855,20.018705368041992,0.735981822013855,20.018706120286424,LSTM,2,48,64,0.05
test_46,A2,test,46,4.400000095367432,43,237.73880004882812,0.8382352590560913,0.9738137125968933,22.799999237060547,27.200000762939453,27.200000762939453,150.0,True,False,0.7269368171691895,19.772682189941406,0.7269368171691895,19.77268198161073,LSTM,2,48,64,0.05
test_46,A2,test,46,4.5,44,237.73880004882812,0.8345588445663452,0.9687814116477966,22.700000762939453,27.200000762939453,27.200000762939453,150.0,True,False,0.722078800201416,19.64054298400879,0.722078800201416,19.64054391638092,LSTM,2,48,64,0.05
test_46,A2,test,46,4.599999904632568,45,237.73880004882812,0.8308823704719543,0.9632773995399475,22.600000381469727,27.200000762939453,27.200000762939453,150.0,True,False,0.7157164812088013,19.46748924255371,0.7157164812088013,19.467488834927735,LSTM,2,48,64,0.05
test_46,A2,test,46,4.699999809265137,46,237.73880004882812,0.8272058367729187,0.9654790759086609,22.5,27.200000762939453,27.200000762939453,150.0,True,False,0.7064723968505859,19.216049194335938,0.7064723968505859,19.2160497333316,LSTM,2,48,64,0.05
test_46,A2,test,46,4.800000190734863,47,237.73880004882812,0.8235293626785278,0.9676806926727295,22.399999618530273,27.200000762939453,27.200000762939453,150.0,True,False,0.6953569054603577,18.913707733154297,0.6953569054603577,18.913708359036946,LSTM,2,48,64,0.05
test_46,A2,test,46,4.900000095367432,48,237.73880004882812,0.819852888584137,0.9654790759086609,22.299999237060547,27.200000762939453,27.200000762939453,150.0,True,False,0.6915187835693359,18.809310913085938,0.6915187835693359,18.8093114406729,LSTM,2,48,64,0.05
test_46,A2,test,46,5.0,49,237.73880004882812,0.8161764740943909,0.9678378701210022,22.200000762939453,27.200000762939453,27.200000762939453,150.0,True,False,0.6801386475563049,18.499771118164062,0.6801386475563049,18.499771732436102,LSTM,2,48,64,0.05
test_46,A2,test,46,5.099999904632568,50,237.73880004882812,0.8125,0.9632773995399475,22.100000381469727,27.200000762939453,27.200000762939453,150.0,True,False,0.6794945001602173,18.482250213623047,0.6794945001602173,18.482250922771073,LSTM,2,48,64,0.05
test_46,A2,test,46,5.199999809265137,51,237.73880004882812,0.8088235259056091,0.9621766805648804,22.0,27.200000762939453,27.200000762939453,150.0,True,False,0.6724668741226196,18.291099548339844,0.6724668741226196,18.291099489186763,LSTM,2,48,64,0.05
test_46,A2,test,46,5.300000190734863,52,237.73880004882812,0.8051470518112183,0.9568299651145935,21.899999618530273,27.200000762939453,27.200000762939453,150.0,True,False,0.6709215641021729,18.249067306518555,0.6709215641021729,18.249067055451633,LSTM,2,48,64,0.05
test_46,A2,test,46,5.400000095367432,53,237.73880004882812,0.8014705181121826,0.9588742852210999,21.799999237060547,27.200000762939453,27.200000762939453,150.0,True,False,0.6576852202415466,17.8890380859375,0.6576852202415466,17.88903849234407,LSTM,2,48,64,0.05
test_46,A2,test,46,5.5,54,237.73880004882812,0.7977941036224365,0.9599750638008118,21.700000762939453,27.200000762939453,27.200000762939453,150.0,True,False,0.6460399627685547,17.57228660583496,0.6460399627685547,17.572287480194063,LSTM,2,48,64,0.05
test_46,A2,test,46,5.599999904632568,55,237.73880004882812,0.7941176295280457,0.9568299651145935,21.600000381469727,27.200000762939453,27.200000762939453,150.0,True,False,0.6436699628829956,17.507823944091797,0.6436699628829956,17.50782348149869,LSTM,2,48,64,0.05
test_46,A2,test,46,5.699999809265137,56,237.73880004882812,0.7904411554336548,0.9590315222740173,21.5,27.200000762939453,27.200000762939453,150.0,True,False,0.6303399801254272,17.145248413085938,0.6303399801254272,17.14524794032286,LSTM,2,48,64,0.05
test_46,A2,test,46,5.800000190734863,57,237.73880004882812,0.7867646813392639,0.9599750638008118,21.399999618530273,27.200000762939453,27.200000762939453,150.0,True,False,0.618070125579834,16.811508178710938,0.618070125579834,16.811507887321568,LSTM,2,48,64,0.05
test_46,A2,test,46,5.900000095367432,58,237.73880004882812,0.783088207244873,0.9621766805648804,21.299999237060547,27.200000762939453,27.200000762939453,150.0,True,False,0.6045349836349487,16.44335174560547,0.6045349836349487,16.443352016094195,LSTM,2,48,64,0.05
test_46,A2,test,46,6.0,59,237.73880004882812,0.779411792755127,0.9568299651145935,21.200000762939453,27.200000762939453,27.200000762939453,150.0,True,False,0.6045349836349487,16.44335174560547,0.6064388751983643,16.49513786807165,LSTM,2,48,64,0.05
test_46,A2,test,46,6.099999904632568,60,237.73880004882812,0.7757352590560913,0.9549428820610046,21.100000381469727,27.200000762939453,27.200000762939453,150.0,True,False,0.6009324789047241,16.34536361694336,0.6009324789047241,16.345363884683593,LSTM,2,48,64,0.05
test_46,A2,test,46,6.199999809265137,61,237.73880004882812,0.7720587849617004,0.9535276293754578,21.0,27.200000762939453,27.200000762939453,150.0,True,False,0.5936007499694824,16.14594078063965,0.5936007499694824,16.145940852051353,LSTM,2,48,64,0.05
test_46,A2,test,46,6.300000190734863,62,237.73880004882812,0.7683823108673096,0.9535276293754578,20.899999618530273,27.200000762939453,27.200000762939453,150.0,True,False,0.5830484628677368,15.858918190002441,0.5830484628677368,15.858918634833117,LSTM,2,48,64,0.05
test_46,A2,test,46,6.400000095367432,63,237.73880004882812,0.7647058367729187,0.9519550204277039,20.799999237060547,27.200000762939453,27.200000762939453,150.0,True,False,0.5762851238250732,15.674955368041992,0.5762851238250732,15.67495580771265,LSTM,2,48,64,0.05
test_46,A2,test,46,6.5,64,237.73880004882812,0.7610294222831726,0.9505396485328674,20.700000762939453,27.200000762939453,27.200000762939453,150.0,True,False,0.568941593170166,15.475212097167969,0.568941593170166,15.475211768296504,LSTM,2,48,64,0.05
test_46,A2,test,46,6.599999904632568,65,237.73880004882812,0.7573529481887817,0.9514831900596619,20.600000381469727,27.200000762939453,27.200000762939453,150.0,True,False,0.5573722124099731,15.160524368286133,0.5573722124099731,15.16052460279252,LSTM,2,48,64,0.05
test_46,A2,test,46,6.699999809265137,66,237.73880004882812,0.7536764740943909,0.9505396485328674,20.5,27.200000762939453,27.200000762939453,150.0,True,False,0.5508711338043213,14.983695030212402,0.5508711338043213,14.98369525975886,LSTM,2,48,64,0.05
test_46,A2,test,46,6.800000190734863,67,237.73880004882812,0.7499999403953552,0.9491243958473206,20.399999618530273,27.200000762939453,27.200000762939453,150.0,True,False,0.5450514554977417,14.825400352478027,0.5450514554977417,14.825400005379834,LSTM,2,48,64,0.05
test_46,A2,test,46,6.900000095367432,68,237.73880004882812,0.7463234663009644,0.9481808543205261,20.299999237060547,27.200000762939453,27.200000762939453,150.0,True,False,0.5376626253128052,14.62442398071289,0.5376626253128052,14.62442381871233,LSTM,2,48,64,0.05
test_46,A2,test,46,7.0,69,237.73880004882812,0.7426470518112183,0.9481808543205261,20.200000762939453,27.200000762939453,27.200000762939453,150.0,True,False,0.5282522439956665,14.368461608886719,0.5282522439956665,14.368461439706607,LSTM,2,48,64,0.05
test_46,A2,test,46,7.099999904632568,70,237.73880004882812,0.7389705777168274,0.9459792971611023,20.100000381469727,27.200000762939453,27.200000762939453,150.0,True,False,0.5231567621231079,14.229864120483398,0.5231567621231079,14.22986432888547,LSTM,2,48,64,0.05
test_46,A2,test,46,7.199999809265137,71,237.73880004882812,0.7352941036224365,0.9423623085021973,20.0,27.200000762939453,27.200000762939453,150.0,True,False,0.5198264122009277,14.139278411865234,0.5198264122009277,14.139278808461313,LSTM,2,48,64,0.05
test_46,A2,test,46,7.300000190734863,72,237.73880004882812,0.7316176295280457,0.942676842212677,19.899999618530273,27.200000762939453,27.200000762939453,150.0,True,False,0.5109864473342896,13.898831367492676,0.5109864473342896,13.898831757344396,LSTM,2,48,64,0.05
test_46,A2,test,46,7.400000095367432,73,237.73880004882812,0.7279411554336548,0.9393744468688965,19.799999237060547,27.200000762939453,27.200000762939453,150.0,True,False,0.5081326365470886,13.821208000183105,0.5081326365470886,13.821208101755246,LSTM,2,48,64,0.05
test_46,A2,test,46,7.5,74,237.73880004882812,0.7242647409439087,0.9305680990219116,19.700000762939453,27.200000762939453,27.200000762939453,150.0,True,False,0.5081326365470886,13.821208000183105,0.5091467499732971,13.848791987721825,LSTM,2,48,64,0.05
test_46,A2,test,46,7.599999904632568,75,237.73880004882812,0.720588207244873,0.9305680990219116,19.600000381469727,27.200000762939453,27.200000762939453,150.0,True,False,0.5047183632850647,13.728340148925781,0.5047183632850647,13.728339866423312,LSTM,2,48,64,0.05
test_46,A2,test,46,7.699999809265137,76,237.73880004882812,0.7169117331504822,0.9272657036781311,19.5,27.200000762939453,27.200000762939453,150.0,True,False,0.5028477907180786,13.677460670471191,0.5028477907180786,13.677460291174157,LSTM,2,48,64,0.05
test_46,A2,test,46,7.800000190734863,77,237.73880004882812,0.7132352590560913,0.9305680990219116,19.399999618530273,27.200000762939453,27.200000762939453,150.0,True,False,0.49332141876220703,13.418342590332031,0.49332141876220703,13.418342966706405,LSTM,2,48,64,0.05
test_46,A2,test,46,7.900000095367432,78,237.73880004882812,0.7095587849617004,0.9327697157859802,19.299999237060547,27.200000762939453,27.200000762939453,150.0,True,False,0.4877814054489136,13.267654418945312,0.4877814054489136,13.267654600358128,LSTM,2,48,64,0.05
test_46,A2,test,46,8.0,79,237.73880004882812,0.7058823704719543,0.9327697157859802,19.200000762939453,27.200000762939453,27.200000762939453,150.0,True,False,0.4845315217971802,13.1792573928833,0.4845315217971802,13.179257762551515,LSTM,2,48,64,0.05
test_46,A2,test,46,8.100000381469727,80,237.73880004882812,0.7022058963775635,0.9338704943656921,19.100000381469727,27.200000762939453,27.200000762939453,150.0,True,False,0.4822297692298889,13.116649627685547,0.4822297692298889,13.116650090965095,LSTM,2,48,64,0.05
test_46,A2,test,46,8.199999809265137,81,237.73880004882812,0.6985293626785278,0.9352858662605286,19.0,27.200000762939453,27.200000762939453,150.0,True,False,0.47848987579345703,13.014925003051758,0.47848987579345703,13.014924986640835,LSTM,2,48,64,0.05
test_46,A2,test,46,8.300000190734863,82,237.73880004882812,0.694852888584137,0.9327697157859802,18.899999618530273,27.200000762939453,27.200000762939453,150.0,True,False,0.47695302963256836,12.973122596740723,0.47695302963256836,12.973122769892143,LSTM,2,48,64,0.05
test_46,A2,test,46,8.399999618530273,83,237.73880004882812,0.6911764144897461,0.9338704943656921,18.799999237060547,27.200000762939453,27.200000762939453,150.0,True,False,0.4706002473831177,12.80032730102539,0.4706002473831177,12.800327087860296,LSTM,2,48,64,0.05
test_46,A2,test,46,8.5,84,237.73880004882812,0.6875,0.9283666014671326,18.700000762939453,27.200000762939453,27.200000762939453,150.0,True,False,0.4692012071609497,12.762272834777832,0.4692012071609497,12.762273192749944,LSTM,2,48,64,0.05
test_46,A2,test,46,8.600000381469727,85,237.73880004882812,0.6838235259056091,0.9244350790977478,18.600000381469727,27.200000762939453,27.200000762939453,150.0,True,False,0.4684733748435974,12.742476463317871,0.4684733748435974,12.74247615316267,LSTM,2,48,64,0.05
test_46,A2,test,46,8.699999809265137,86,237.73880004882812,0.6801470518112183,0.921919047832489,18.5,27.200000762939453,27.200000762939453,150.0,True,False,0.4669463634490967,12.70094108581543,0.4669463634490967,12.700941442067233,LSTM,2,48,64,0.05
test_46,A2,test,46,8.800000190734863,87,237.73880004882812,0.6764705777168274,0.9220762848854065,18.399999618530273,27.200000762939453,27.200000762939453,150.0,True,False,0.4631258249282837,12.597023010253906,0.4631258249282837,12.59702279138628,LSTM,2,48,64,0.05
test_46,A2,test,46,8.899999618530273,88,237.73880004882812,0.6727940440177917,0.9198747277259827,18.299999237060547,27.200000762939453,27.200000762939453,150.0,True,False,0.46129852533340454,12.547320365905762,0.46129852533340454,12.547320241011448,LSTM,2,48,64,0.05
test_46,A2,test,46,9.0,89,237.73880004882812,0.6691176295280457,0.9200319647789001,18.200000762939453,27.200000762939453,27.200000762939453,150.0,True,False,0.45795363187789917,12.456338882446289,0.45795363187789917,12.45633913646975,LSTM,2,48,64,0.05
test_46,A2,test,46,9.100000381469727,90,237.73880004882812,0.6654411554336548,0.918773889541626,18.100000381469727,27.200000762939453,27.200000762939453,150.0,True,False,0.4535253047943115,12.335888862609863,0.4535253047943115,12.335888636417621,LSTM,2,48,64,0.05
test_46,A2,test,46,9.199999809265137,91,237.73880004882812,0.6617646813392639,0.9153143167495728,18.0,27.200000762939453,27.200000762939453,150.0,True,False,0.4527207612991333,12.314004898071289,0.4527207612991333,12.314005052734956,LSTM,2,48,64,0.05
test_46,A2,test,46,9.300000190734863,92,237.73880004882812,0.658088207244873,0.907608687877655,17.899999618530273,27.200000762939453,27.200000762939453,150.0,True,False,0.4527207612991333,12.314004898071289,0.4532884955406189,12.32944742453651,LSTM,2,48,64,0.05
test_46,A2,test,46,9.399999618530273,93,237.73880004882812,0.6544117331504822,0.9066651463508606,17.799999237060547,27.200000762939453,27.200000762939453,150.0,True,False,0.45182305574417114,12.289587020874023,0.45182305574417114,12.28958746095509,LSTM,2,48,64,0.05
test_46,A2,test,46,9.5,94,237.73880004882812,0.6507353186607361,0.9011611342430115,17.700000762939453,27.200000762939453,27.200000762939453,150.0,True,False,0.45182305574417114,12.289587020874023,0.45489805936813354,12.373227561872909,LSTM,2,48,64,0.05
test_46,A2,test,46,9.600000381469727,95,237.73880004882812,0.6470588445663452,0.9011611342430115,17.600000381469727,27.200000762939453,27.200000762939453,150.0,True,False,0.45182305574417114,12.289587020874023,0.45461058616638184,12.365408290565938,LSTM,2,48,64,0.05
test_46,A2,test,46,9.699999809265137,96,237.73880004882812,0.6433823108673096,0.9011611342430115,17.5,27.200000762939453,27.200000762939453,150.0,True,False,0.45182305574417114,12.289587020874023,0.45183873176574707,12.290013848753915,LSTM,2,48,64,0.05
test_46,A2,test,46,9.800000190734863,97,237.73880004882812,0.6397058367729187,0.8978587985038757,17.399999618530273,27.200000762939453,27.200000762939453,150.0,True,False,0.45182305574417114,12.289587020874023,0.45451176166534424,12.362720264062318,LSTM,2,48,64,0.05
test_46,A2,test,46,9.899999618530273,98,237.73880004882812,0.6360293626785278,0.8956571817398071,17.299999237060547,27.200000762939453,27.200000762939453,150.0,True,False,0.45182305574417114,12.289587020874023,0.45295172929763794,12.320287382470497,LSTM,2,48,64,0.05
test_46,A2,test,46,10.0,99,237.73880004882812,0.6323529481887817,0.8923547863960266,17.200000762939453,27.200000762939453,27.200000762939453,150.0,True,False,0.45182305574417114,12.289587020874023,0.45337414741516113,12.331777155589407,LSTM,2,48,64,0.05
test_46,A2,test,46,10.100000381469727,100,237.73880004882812,0.6286764740943909,0.8923547863960266,17.100000381469727,27.200000762939453,27.200000762939453,150.0,True,False,0.44969403743743896,12.231678009033203,0.44969403743743896,12.231678161387663,LSTM,2,48,64,0.05
test_46,A2,test,46,10.199999809265137,101,237.73880004882812,0.625,0.8892097473144531,17.0,27.200000762939453,27.200000762939453,150.0,True,False,0.44969403743743896,12.231678009033203,0.45158541202545166,12.283123551624612,LSTM,2,48,64,0.05
test_46,A2,test,46,10.300000190734863,102,237.73880004882812,0.6213235259056091,0.8892097473144531,16.899999618530273,27.200000762939453,27.200000762939453,150.0,True,False,0.44969403743743896,12.231678009033203,0.44977355003356934,12.233840904063072,LSTM,2,48,64,0.05
test_46,A2,test,46,10.399999618530273,103,237.73880004882812,0.6176469922065735,0.8923547863960266,16.799999237060547,27.200000762939453,27.200000762939453,150.0,True,False,0.4421011805534363,12.025152206420898,0.4421011805534363,12.0251524483499,LSTM,2,48,64,0.05
test_46,A2,test,46,10.5,104,237.73880004882812,0.6139705777168274,0.8956571817398071,16.700000762939453,27.200000762939453,27.200000762939453,150.0,True,False,0.4371614456176758,11.890791893005371,0.4371614456176758,11.890791654328495,LSTM,2,48,64,0.05
test_46,A2,test,46,10.600000381469727,105,237.73880004882812,0.6102941036224365,0.8956571817398071,16.600000381469727,27.200000762939453,27.200000762939453,150.0,True,False,0.43501681089401245,11.832457542419434,0.43501681089401245,11.832457588208626,LSTM,2,48,64,0.05
test_46,A2,test,46,10.699999809265137,106,237.73880004882812,0.6066176295280457,0.8923547863960266,16.5,27.200000762939453,27.200000762939453,150.0,True,False,0.43501681089401245,11.832457542419434,0.4357706308364868,11.852961491219048,LSTM,2,48,64,0.05
test_46,A2,test,46,10.800000190734863,107,237.73880004882812,0.6029411554336548,0.8923547863960266,16.399999618530273,27.200000762939453,27.200000762939453,150.0,True,False,0.4305686354637146,11.711466789245605,0.4305686354637146,11.711467213110836,LSTM,2,48,64,0.05
test_46,A2,test,46,10.899999618530273,108,237.73880004882812,0.5992646813392639,0.8890523910522461,16.299999237060547,27.200000762939453,27.200000762939453,150.0,True,False,0.4271390438079834,11.618182182312012,0.4271390438079834,11.618182317458377,LSTM,2,48,64,0.05
test_46,A2,test,46,11.0,109,237.73880004882812,0.5955882668495178,0.8859073519706726,16.200000762939453,27.200000762939453,27.200000762939453,150.0,True,False,0.4250749349594116,11.56203842163086,0.4250749349594116,11.562038555202435,LSTM,2,48,64,0.05
test_46,A2,test,46,11.100000381469727,110,237.73880004882812,0.5919117331504822,0.8830767273902893,16.100000381469727,27.200000762939453,27.200000762939453,150.0,True,False,0.42333030700683594,11.5145845413208,0.42333030700683594,11.51458467356133,LSTM,2,48,64,0.05
test_46,A2,test,46,11.199999809265137,111,237.73880004882812,0.5882352590560913,0.8819758892059326,16.0,27.200000762939453,27.200000762939453,150.0,True,False,0.41933590173721313,11.405937194824219,0.41933590173721313,11.4059368471801,LSTM,2,48,64,0.05
test_46,A2,test,46,11.300000190734863,112,237.73880004882812,0.5845587849617004,0.8835484385490417,15.899999618530273,27.200000762939453,27.200000762939453,150.0,True,False,0.41506946086883545,11.289889335632324,0.41506946086883545,11.289889652305192,LSTM,2,48,64,0.05
test_46,A2,test,46,11.399999618530273,113,237.73880004882812,0.5808823704719543,0.8813468813896179,15.800000190734863,27.200000762939453,27.200000762939453,150.0,True,False,0.41383373737335205,11.256278038024902,0.41383373737335205,11.256277972285261,LSTM,2,48,64,0.05
test_46,A2,test,46,11.5,114,237.73880004882812,0.5772058367729187,0.873641312122345,15.699999809265137,27.200000762939453,27.200000762939453,150.0,True,False,0.41314053535461426,11.237422943115234,0.41314053535461426,11.237422876846722,LSTM,2,48,64,0.05
test_46,A2,test,46,11.600000381469727,115,237.73880004882812,0.5735294222831726,0.8708106279373169,15.600000381469727,27.200000762939453,27.200000762939453,150.0,True,False,0.4115021824836731,11.192859649658203,0.4115021824836731,11.192859677507158,LSTM,2,48,64,0.05
test_46,A2,test,46,11.699999809265137,116,237.73880004882812,0.5698529481887817,0.8682945966720581,15.5,27.200000762939453,27.200000762939453,150.0,True,False,0.40961629152297974,11.141563415527344,0.40961629152297974,11.141563441937478,LSTM,2,48,64,0.05
test_46,A2,test,46,11.800000190734863,117,237.73880004882812,0.5661764144897461,0.8627906441688538,15.399999618530273,27.200000762939453,27.200000762939453,150.0,True,False,0.408696711063385,11.11655044555664,0.408696711063385,11.116550852734917,LSTM,2,48,64,0.05
test_46,A2,test,46,11.899999618530273,118,237.73880004882812,0.5625,0.8660930395126343,15.300000190734863,27.200000762939453,27.200000762939453,150.0,True,False,0.40329480171203613,10.969618797302246,0.40329480171203613,10.969618914256898,LSTM,2,48,64,0.05
test_46,A2,test,46,12.0,119,237.73880004882812,0.5588235259056091,0.8638914823532104,15.199999809265137,27.200000762939453,27.200000762939453,150.0,True,False,0.40098679065704346,10.906841278076172,0.40098679065704346,10.906841011800225,LSTM,2,48,64,0.05
test_46,A2,test,46,12.100000381469727,120,237.73880004882812,0.5551470518112183,0.8627906441688538,15.100000381469727,27.200000762939453,27.200000762939453,150.0,True,False,0.3999307155609131,10.8781156539917,0.3999307155609131,10.878115768379757,LSTM,2,48,64,0.05
test_46,A2,test,46,12.199999809265137,121,237.73880004882812,0.5514705777168274,0.8572865724563599,15.0,27.200000762939453,27.200000762939453,150.0,True,False,0.3999307155609131,10.8781156539917,0.40059542655944824,10.896195908047048,LSTM,2,48,64,0.05
test_46,A2,test,46,12.300000190734863,122,237.73880004882812,0.5477941036224365,0.848637580871582,14.899999618530273,27.200000762939453,27.200000762939453,150.0,True,False,0.3999307155609131,10.8781156539917,0.4002472162246704,10.886724586675427,LSTM,2,48,64,0.05
test_46,A2,test,46,12.399999618530273,123,237.73880004882812,0.5441176295280457,0.8464359641075134,14.800000190734863,27.200000762939453,27.200000762939453,150.0,True,False,0.3999307155609131,10.8781156539917,0.4011194705963135,10.910449906249596,LSTM,2,48,64,0.05
test_46,A2,test,46,12.5,124,237.73880004882812,0.5404411554336548,0.848637580871582,14.699999809265137,27.200000762939453,27.200000762939453,150.0,True,False,0.3959040641784668,10.768590927124023,0.3959040641784668,10.768590847705127,LSTM,2,48,64,0.05
test_46,A2,test,46,12.600000381469727,125,237.73880004882812,0.5367646813392639,0.8453351259231567,14.600000381469727,27.200000762939453,27.200000762939453,150.0,True,False,0.3959040641784668,10.768590927124023,0.3971540927886963,10.802591626857065,LSTM,2,48,64,0.05
test_46,A2,test,46,12.699999809265137,126,237.73880004882812,0.533088207244873,0.8420326709747314,14.5,27.200000762939453,27.200000762939453,150.0,True,False,0.3959040641784668,10.768590927124023,0.3983263373374939,10.834476679478712,LSTM,2,48,64,0.05
test_46,A2,test,46,12.800000190734863,127,237.73880004882812,0.5294117331504822,0.8420326709747314,14.399999618530273,27.200000762939453,27.200000762939453,150.0,True,False,0.3959040641784668,10.768590927124023,0.39603209495544434,10.772073284936596,LSTM,2,48,64,0.05
test_46,A2,test,46,12.899999618530273,128,237.73880004882812,0.5257352590560913,0.8453351259231567,14.300000190734863,27.200000762939453,27.200000762939453,150.0,True,False,0.38971519470214844,10.60025405883789,0.38971519470214844,10.600253593227535,LSTM,2,48,64,0.05
test_46,A2,test,46,13.0,129,237.73880004882812,0.5220587849617004,0.8377867937088013,14.199999809265137,27.200000762939453,27.200000762939453,150.0,True,False,0.38955405354499817,10.595870971679688,0.38955405354499817,10.595870553630107,LSTM,2,48,64,0.05
test_46,A2,test,46,13.100000381469727,130,237.73880004882812,0.5183823704719543,0.828980565071106,14.100000381469727,27.200000762939453,27.200000762939453,150.0,True,False,0.38955405354499817,10.595870971679688,0.38959577679634094,10.597005426098463,LSTM,2,48,64,0.05
test_46,A2,test,46,13.199999809265137,131,237.73880004882812,0.5147058963775635,0.8245772123336792,14.0,27.200000762939453,27.200000762939453,150.0,True,False,0.3889407217502594,10.579188346862793,0.3889407217502594,10.579187928345277,LSTM,2,48,64,0.05
test_46,A2,test,46,13.300000190734863,132,237.73880004882812,0.5110293626785278,0.8245772123336792,13.899999618530273,27.200000762939453,27.200000762939453,150.0,True,False,0.3848807215690613,10.468755722045898,0.3848807215690613,10.468755920319154,LSTM,2,48,64,0.05
test_46,A2,test,46,13.399999618530273,133,237.73880004882812,0.5073529481887817,0.8201740980148315,13.800000190734863,27.200000762939453,27.200000762939453,150.0,True,False,0.3825344145298004,10.404936790466309,0.3825344145298004,10.404936367061168,LSTM,2,48,64,0.05
test_46,A2,test,46,13.5,134,237.73880004882812,0.5036764740943909,0.8190733790397644,13.699999809265137,27.200000762939453,27.200000762939453,150.0,True,False,0.37967488169670105,10.327157020568848,0.37967488169670105,10.327157071819215,LSTM,2,48,64,0.05
test_46,A2,test,46,13.600000381469727,135,237.73880004882812,0.5,0.8156137466430664,13.600000381469727,27.200000762939453,27.200000762939453,150.0,True,False,0.37931838631629944,10.317460060119629,0.37931838631629944,10.317460397200307,LSTM,2,48,64,0.05
test_46,A2,test,46,13.699999809265137,136,237.73880004882812,0.49632352590560913,0.8138838410377502,13.5,27.200000762939453,27.200000762939453,150.0,True,False,0.37755632400512695,10.269532203674316,0.37755632400512695,10.269532300992068,LSTM,2,48,64,0.05
test_46,A2,test,46,13.800000190734863,137,237.73880004882812,0.4926470220088959,0.8157709240913391,13.399999618530273,27.200000762939453,27.200000762939453,150.0,True,False,0.37180545926094055,10.11310863494873,0.37180545926094055,10.113108775562637,LSTM,2,48,64,0.05
test_46,A2,test,46,13.899999618530273,138,237.73880004882812,0.4889705777168274,0.8079081177711487,13.300000190734863,27.200000762939453,27.200000762939453,150.0,True,False,0.3711356520652771,10.094889640808105,0.3711356520652771,10.094890019329569,LSTM,2,48,64,0.05
test_46,A2,test,46,14.0,139,237.73880004882812,0.4852941036224365,0.8058638572692871,13.199999809265137,27.200000762939453,27.200000762939453,150.0,True,False,0.3706313371658325,10.081172943115234,0.3706313371658325,10.081172653679914,LSTM,2,48,64,0.05
test_46,A2,test,46,14.100000381469727,140,237.73880004882812,0.48161765933036804,0.8035048842430115,13.100000381469727,27.200000762939453,27.200000762939453,150.0,True,False,0.3670840859413147,9.984687805175781,0.3670840859413147,9.984687417666692,LSTM,2,48,64,0.05
test_46,A2,test,46,14.199999809265137,141,237.73880004882812,0.4779411554336548,0.7992590069770813,13.0,27.200000762939453,27.200000762939453,150.0,True,False,0.36511701345443726,9.931182861328125,0.36511701345443726,9.931183044522868,LSTM,2,48,64,0.05
test_46,A2,test,46,14.300000190734863,142,237.73880004882812,0.4742646813392639,0.7959567308425903,12.899999618530273,27.200000762939453,27.200000762939453,150.0,True,False,0.3629649579524994,9.872647285461426,0.3629649579524994,9.87264713322827,LSTM,2,48,64,0.05
test_46,A2,test,46,14.399999618530273,143,237.73880004882812,0.47058823704719543,0.7904527187347412,12.800000190734863,27.200000762939453,27.200000762939453,150.0,True,False,0.3619428277015686,9.844844818115234,0.3619428277015686,9.844845189623129,LSTM,2,48,64,0.05
test_46,A2,test,46,14.5,144,237.73880004882812,0.4669117331504822,0.7928114533424377,12.699999809265137,27.200000762939453,27.200000762939453,150.0,True,False,0.359081506729126,9.767017364501953,0.359081506729126,9.767017256989675,LSTM,2,48,64,0.05
test_46,A2,test,46,14.600000381469727,145,237.73880004882812,0.4632352888584137,0.7906099557876587,12.600000381469727,27.200000762939453,27.200000762939453,150.0,True,False,0.35577335953712463,9.677035331726074,0.35577335953712463,9.677035650843322,LSTM,2,48,64,0.05
test_46,A2,test,46,14.699999809265137,146,237.73880004882812,0.4595588147640228,0.7860493659973145,12.5,27.200000762939453,27.200000762939453,150.0,True,False,0.35511237382888794,9.659056663513184,0.35511237382888794,9.659056839074992,LSTM,2,48,64,0.05
test_46,A2,test,46,14.800000190734863,147,237.73880004882812,0.45588234066963196,0.7838478088378906,12.399999618530273,27.200000762939453,27.200000762939453,150.0,True,False,0.35400521755218506,9.628942489624023,0.35400521755218506,9.62894218750398,LSTM,2,48,64,0.05
test_46,A2,test,46,14.899999618530273,148,237.73880004882812,0.4522058665752411,0.7840050458908081,12.300000190734863,27.200000762939453,27.200000762939453,150.0,True,False,0.35191699862480164,9.572142601013184,0.35191699862480164,9.572142631085967,LSTM,2,48,64,0.05
test_46,A2,test,46,15.0,149,237.73880004882812,0.4485293924808502,0.7786584496498108,12.199999809265137,27.200000762939453,27.200000762939453,150.0,True,False,0.3510196805000305,9.547735214233398,0.3510196805000305,9.547735577407593,LSTM,2,48,64,0.05
test_46,A2,test,46,15.100000381469727,150,237.73880004882812,0.4448529427233039,,12.100000381469727,27.200000762939453,,,False,True,,,,,LSTM,2,48,64,0.05
test_46,A2,test,46,15.199999809265137,151,237.73880004882812,0.44117649327512365,,12.000000953674316,27.200000762939453,,,False,True,,,,,LSTM,2,48,64,0.05
test_46,A2,test,46,15.299999237060547,152,237.73880004882812,0.43750004382694346,,11.900001525878906,27.200000762939453,,,False,True,,,,,LSTM,2,48,64,0.05
test_46,A2,test,46,15.399998664855957,153,237.73880004882812,0.4338235943787632,,11.800002098083496,27.200000762939453,,,False,True,,,,,LSTM,2,48,64,0.05
test_46,A2,test,46,15.499998092651367,154,237.73880004882812,0.43014714493058304,,11.700002670288086,27.200000762939453,,,False,True,,,,,LSTM,2,48,64,0.05
test_46,A2,test,46,15.599997520446777,155,237.73880004882812,0.4264706954824028,,11.600003242492676,27.200000762939453,,,False,True,,,,,LSTM,2,48,64,0.05
test_46,A2,test,46,15.699996948242188,156,237.73880004882812,0.4227942460342226,,11.500003814697266,27.200000762939453,,,False,True,,,,,LSTM,2,48,64,0.05
test_46,A2,test,46,15.799996376037598,157,237.73880004882812,0.41911779658604237,,11.400004386901855,27.200000762939453,,,False,True,,,,,LSTM,2,48,64,0.05
test_46,A2,test,46,15.899995803833008,158,237.73880004882812,0.4154413471378622,,11.300004959106445,27.200000762939453,,,False,True,,,,,LSTM,2,48,64,0.05
test_46,A2,test,46,15.999995231628418,159,237.73880004882812,0.41176489768968194,,11.200005531311035,27.200000762939453,,,False,True,,,,,LSTM,2,48,64,0.05
test_46,A2,test,46,16.099994659423828,160,237.73880004882812,0.40808844824150176,,11.100006103515625,27.200000762939453,,,False,True,,,,,LSTM,2,48,64,0.05
test_46,A2,test,46,16.199993133544922,161,237.73880004882812,0.4044120338548763,,11.000007629394531,27.200000762939453,,,False,True,,,,,LSTM,2,48,64,0.05
test_46,A2,test,46,16.29999351501465,162,237.73880004882812,0.40073554934514133,,10.900007247924805,27.200000762939453,,,False,True,,,,,LSTM,2,48,64,0.05
test_46,A2,test,46,16.399993896484375,163,237.73880004882812,0.3970590648354063,,10.800006866455078,27.200000762939453,,,False,True,,,,,LSTM,2,48,64,0.05
test_46,A2,test,46,16.49999237060547,164,237.73880004882812,0.3933826504487809,,10.700008392333984,27.200000762939453,,,False,True,,,,,LSTM,2,48,64,0.05
test_46,A2,test,46,16.599990844726562,165,237.73880004882812,0.38970623606215543,,10.60000991821289,27.200000762939453,,,False,True,,,,,LSTM,2,48,64,0.05
test_46,A2,test,46,16.69999122619629,166,237.73880004882812,0.3860297515524205,,10.500009536743164,27.200000762939453,,,False,True,,,,,LSTM,2,48,64,0.05
test_46,A2,test,46,16.799991607666016,167,237.73880004882812,0.38235326704268546,,10.400009155273438,27.200000762939453,,,False,True,,,,,LSTM,2,48,64,0.05
test_46,A2,test,46,16.89999008178711,168,237.73880004882812,0.37867685265606005,,10.300010681152344,27.200000762939453,,,False,True,,,,,LSTM,2,48,64,0.05
test_46,A2,test,46,16.999988555908203,169,237.73880004882812,0.3750004382694346,,10.20001220703125,27.200000762939453,,,False,True,,,,,LSTM,2,48,64,0.05
test_46,A2,test,46,17.09998893737793,170,237.73880004882812,0.3713239537596996,,10.100011825561523,27.200000762939453,,,False,True,,,,,LSTM,2,48,64,0.05
test_46,A2,test,46,17.199989318847656,171,237.73880004882812,0.3676474692499646,,10.000011444091797,27.200000762939453,,,False,True,,,,,LSTM,2,48,64,0.05
test_46,A2,test,46,17.29998779296875,172,237.73880004882812,0.3639710548633392,,9.900012969970703,27.200000762939453,,,False,True,,,,,LSTM,2,48,64,0.05
test_46,A2,test,46,17.399986267089844,173,237.73880004882812,0.3602946404767137,,9.80001449584961,27.200000762939453,,,False,True,,,,,LSTM,2,48,64,0.05
test_46,A2,test,46,17.49998664855957,174,237.73880004882812,0.35661815596697877,,9.700014114379883,27.200000762939453,,,False,True,,,,,LSTM,2,48,64,0.05
test_46,A2,test,46,17.599987030029297,175,237.73880004882812,0.35294167145724376,,9.600013732910156,27.200000762939453,,,False,True,,,,,LSTM,2,48,64,0.05
test_46,A2,test,46,17.69998550415039,176,237.73880004882812,0.34926525707061834,,9.500015258789062,27.200000762939453,,,False,True,,,,,LSTM,2,48,64,0.05
test_46,A2,test,46,17.799983978271484,177,237.73880004882812,0.34558884268399287,,9.400016784667969,27.200000762939453,,,False,True,,,,,LSTM,2,48,64,0.05
test_46,A2,test,46,17.89998435974121,178,237.73880004882812,0.3419123581742579,,9.300016403198242,27.200000762939453,,,False,True,,,,,LSTM,2,48,64,0.05
test_46,A2,test,46,17.999984741210938,179,237.73880004882812,0.3382358736645229,,9.200016021728516,27.200000762939453,,,False,True,,,,,LSTM,2,48,64,0.05
test_46,A2,test,46,18.09998321533203,180,237.73880004882812,0.3345594592778975,,9.100017547607422,27.200000762939453,,,False,True,,,,,LSTM,2,48,64,0.05
test_46,A2,test,46,18.199981689453125,181,237.73880004882812,0.330883044891272,,9.000019073486328,27.200000762939453,,,False,True,,,,,LSTM,2,48,64,0.05
test_46,A2,test,46,18.29998207092285,182,237.73880004882812,0.32720656038153706,,8.900018692016602,27.200000762939453,,,False,True,,,,,LSTM,2,48,64,0.05
test_46,A2,test,46,18.399982452392578,183,237.73880004882812,0.32353007587180205,,8.800018310546875,27.200000762939453,,,False,True,,,,,LSTM,2,48,64,0.05
test_46,A2,test,46,18.499980926513672,184,237.73880004882812,0.31985366148517663,,8.700019836425781,27.200000762939453,,,False,True,,,,,LSTM,2,48,64,0.05
test_46,A2,test,46,18.599979400634766,185,237.73880004882812,0.31617724709855116,,8.600021362304688,27.200000762939453,,,False,True,,,,,LSTM,2,48,64,0.05
test_46,A2,test,46,18.699979782104492,186,237.73880004882812,0.31250076258881615,,8.500020980834961,27.200000762939453,,,False,True,,,,,LSTM,2,48,64,0.05
test_46,A2,test,46,18.79998016357422,187,237.73880004882812,0.3088242780790812,,8.400020599365234,27.200000762939453,,,False,True,,,,,LSTM,2,48,64,0.05
test_46,A2,test,46,18.899978637695312,188,237.73880004882812,0.3051478636924557,,8.30002212524414,27.200000762939453,,,False,True,,,,,LSTM,2,48,64,0.05
test_46,A2,test,46,18.999977111816406,189,237.73880004882812,0.3014714493058303,,8.200023651123047,27.200000762939453,,,False,True,,,,,LSTM,2,48,64,0.05
test_46,A2,test,46,19.099977493286133,190,237.73880004882812,0.2977949647960953,,8.10002326965332,27.200000762939453,,,False,True,,,,,LSTM,2,48,64,0.05
test_46,A2,test,46,19.19997787475586,191,237.73880004882812,0.29411848028636034,,8.000022888183594,27.200000762939453,,,False,True,,,,,LSTM,2,48,64,0.05
test_46,A2,test,46,19.299976348876953,192,237.73880004882812,0.29044206589973487,,7.9000244140625,27.200000762939453,,,False,True,,,,,LSTM,2,48,64,0.05
test_46,A2,test,46,19.399974822998047,193,237.73880004882812,0.28676565151310945,,7.800025939941406,27.200000762939453,,,False,True,,,,,LSTM,2,48,64,0.05
test_46,A2,test,46,19.499975204467773,194,237.73880004882812,0.28308916700337444,,7.70002555847168,27.200000762939453,,,False,True,,,,,LSTM,2,48,64,0.05
test_46,A2,test,46,19.5999755859375,195,237.73880004882812,0.2794126824936395,,7.600025177001953,27.200000762939453,,,False,True,,,,,LSTM,2,48,64,0.05
test_46,A2,test,46,19.699974060058594,196,237.73880004882812,0.275736268107014,,7.500026702880859,27.200000762939453,,,False,True,,,,,LSTM,2,48,64,0.05
test_46,A2,test,46,19.799972534179688,197,237.73880004882812,0.2720598537203886,,7.400028228759766,27.200000762939453,,,False,True,,,,,LSTM,2,48,64,0.05
test_46,A2,test,46,19.899972915649414,198,237.73880004882812,0.2683833692106536,,7.300027847290039,27.200000762939453,,,False,True,,,,,LSTM,2,48,64,0.05
test_46,A2,test,46,19.99997329711914,199,237.73880004882812,0.26470688470091863,,7.2000274658203125,27.200000762939453,,,False,True,,,,,LSTM,2,48,64,0.05
test_46,A2,test,46,20.099971771240234,200,237.73880004882812,0.26103047031429316,,7.100028991699219,27.200000762939453,,,False,True,,,,,LSTM,2,48,64,0.05
test_46,A2,test,46,20.199970245361328,201,237.73880004882812,0.25735405592766775,,7.000030517578125,27.200000762939453,,,False,True,,,,,LSTM,2,48,64,0.05
test_46,A2,test,46,20.299970626831055,202,237.73880004882812,0.25367757141793273,,6.900030136108398,27.200000762939453,,,False,True,,,,,LSTM,2,48,64,0.05
test_46,A2,test,46,20.39997100830078,203,237.73880004882812,0.2500010869081978,,6.800029754638672,27.200000762939453,,,False,True,,,,,LSTM,2,48,64,0.05
test_46,A2,test,46,20.499969482421875,204,237.73880004882812,0.24632467252157234,,6.700031280517578,27.200000762939453,,,False,True,,,,,LSTM,2,48,64,0.05
test_46,A2,test,46,20.59996795654297,205,237.73880004882812,0.24264825813494686,,6.600032806396484,27.200000762939453,,,False,True,,,,,LSTM,2,48,64,0.05
test_46,A2,test,46,20.699968338012695,206,237.73880004882812,0.23897177362521188,,6.500032424926758,27.200000762939453,,,False,True,,,,,LSTM,2,48,64,0.05
test_46,A2,test,46,20.799968719482422,207,237.73880004882812,0.23529528911547692,,6.400032043457031,27.200000762939453,,,False,True,,,,,LSTM,2,48,64,0.05
test_46,A2,test,46,20.899967193603516,208,237.73880004882812,0.23161887472885145,,6.3000335693359375,27.200000762939453,,,False,True,,,,,LSTM,2,48,64,0.05
test_46,A2,test,46,20.99996566772461,209,237.73880004882812,0.227942460342226,,6.200035095214844,27.200000762939453,,,False,True,,,,,LSTM,2,48,64,0.05
test_46,A2,test,46,21.099966049194336,210,237.73880004882812,0.22426597583249103,,6.100034713745117,27.200000762939453,,,False,True,,,,,LSTM,2,48,64,0.05
test_46,A2,test,46,21.199966430664062,211,237.73880004882812,0.22058949132275607,,6.000034332275391,27.200000762939453,,,False,True,,,,,LSTM,2,48,64,0.05
test_46,A2,test,46,21.299964904785156,212,237.73880004882812,0.2169130769361306,,5.900035858154297,27.200000762939453,,,False,True,,,,,LSTM,2,48,64,0.05
test_46,A2,test,46,21.39996337890625,213,237.73880004882812,0.21323666254950516,,5.800037384033203,27.200000762939453,,,False,True,,,,,LSTM,2,48,64,0.05
test_46,A2,test,46,21.499963760375977,214,237.73880004882812,0.20956017803977017,,5.700037002563477,27.200000762939453,,,False,True,,,,,LSTM,2,48,64,0.05
test_46,A2,test,46,21.599964141845703,215,237.73880004882812,0.2058836935300352,,5.60003662109375,27.200000762939453,,,False,True,,,,,LSTM,2,48,64,0.05
test_46,A2,test,46,21.699962615966797,216,237.73880004882812,0.20220727914340975,,5.500038146972656,27.200000762939453,,,False,True,,,,,LSTM,2,48,64,0.05
test_46,A2,test,46,21.79996109008789,217,237.73880004882812,0.1985308647567843,,5.4000396728515625,27.200000762939453,,,False,True,,,,,LSTM,2,48,64,0.05
test_46,A2,test,46,21.899961471557617,218,237.73880004882812,0.19485438024704932,,5.300039291381836,27.200000762939453,,,False,True,,,,,LSTM,2,48,64,0.05
test_46,A2,test,46,21.999961853027344,219,237.73880004882812,0.19117789573731434,,5.200038909912109,27.200000762939453,,,False,True,,,,,LSTM,2,48,64,0.05
test_46,A2,test,46,22.099960327148438,220,237.73880004882812,0.1875014813506889,,5.100040435791016,27.200000762939453,,,False,True,,,,,LSTM,2,48,64,0.05
test_46,A2,test,46,22.19995880126953,221,237.73880004882812,0.18382506696406345,,5.000041961669922,27.200000762939453,,,False,True,,,,,LSTM,2,48,64,0.05
test_46,A2,test,46,22.299959182739258,222,237.73880004882812,0.18014858245432847,,4.900041580200195,27.200000762939453,,,False,True,,,,,LSTM,2,48,64,0.05
test_46,A2,test,46,22.399959564208984,223,237.73880004882812,0.17647209794459348,,4.800041198730469,27.200000762939453,,,False,True,,,,,LSTM,2,48,64,0.05
test_46,A2,test,46,22.499958038330078,224,237.73880004882812,0.17279568355796804,,4.700042724609375,27.200000762939453,,,False,True,,,,,LSTM,2,48,64,0.05
test_46,A2,test,46,22.599956512451172,225,237.73880004882812,0.1691192691713426,,4.600044250488281,27.200000762939453,,,False,True,,,,,LSTM,2,48,64,0.05
test_46,A2,test,46,22.6999568939209,226,237.73880004882812,0.1654427846616076,,4.500043869018555,27.200000762939453,,,False,True,,,,,LSTM,2,48,64,0.05
test_46,A2,test,46,22.799957275390625,227,237.73880004882812,0.16176630015187263,,4.400043487548828,27.200000762939453,,,False,True,,,,,LSTM,2,48,64,0.05
test_46,A2,test,46,22.89995574951172,228,237.73880004882812,0.15808988576524718,,4.300045013427734,27.200000762939453,,,False,True,,,,,LSTM,2,48,64,0.05
test_46,A2,test,46,22.999954223632812,229,237.73880004882812,0.15441347137862174,,4.200046539306641,27.200000762939453,,,False,True,,,,,LSTM,2,48,64,0.05
test_46,A2,test,46,23.09995460510254,230,237.73880004882812,0.15073698686888676,,4.100046157836914,27.200000762939453,,,False,True,,,,,LSTM,2,48,64,0.05
test_46,A2,test,46,23.199954986572266,231,237.73880004882812,0.14706050235915177,,4.0000457763671875,27.200000762939453,,,False,True,,,,,LSTM,2,48,64,0.05
test_46,A2,test,46,23.29995346069336,232,237.73880004882812,0.14338408797252633,,3.9000473022460938,27.200000762939453,,,False,True,,,,,LSTM,2,48,64,0.05
test_46,A2,test,46,23.399951934814453,233,237.73880004882812,0.1397076735859009,,3.800048828125,27.200000762939453,,,False,True,,,,,LSTM,2,48,64,0.05
test_46,A2,test,46,23.49995231628418,234,237.73880004882812,0.1360311890761659,,3.7000484466552734,27.200000762939453,,,False,True,,,,,LSTM,2,48,64,0.05
test_46,A2,test,46,23.599952697753906,235,237.73880004882812,0.13235470456643092,,3.600048065185547,27.200000762939453,,,False,True,,,,,LSTM,2,48,64,0.05
test_46,A2,test,46,23.699951171875,236,237.73880004882812,0.12867829017980548,,3.500049591064453,27.200000762939453,,,False,True,,,,,LSTM,2,48,64,0.05
test_46,A2,test,46,23.799949645996094,237,237.73880004882812,0.12500187579318003,,3.4000511169433594,27.200000762939453,,,False,True,,,,,LSTM,2,48,64,0.05
test_46,A2,test,46,23.89995002746582,238,237.73880004882812,0.12132539128344504,,3.300050735473633,27.200000762939453,,,False,True,,,,,LSTM,2,48,64,0.05
test_46,A2,test,46,23.999950408935547,239,237.73880004882812,0.11764890677371007,,3.2000503540039062,27.200000762939453,,,False,True,,,,,LSTM,2,48,64,0.05
test_46,A2,test,46,24.09994888305664,240,237.73880004882812,0.11397249238708461,,3.1000518798828125,27.200000762939453,,,False,True,,,,,LSTM,2,48,64,0.05
test_46,A2,test,46,24.199947357177734,241,237.73880004882812,0.11029607800045917,,3.0000534057617188,27.200000762939453,,,False,True,,,,,LSTM,2,48,64,0.05
test_46,A2,test,46,24.29994773864746,242,237.73880004882812,0.10661959349072418,,2.900053024291992,27.200000762939453,,,False,True,,,,,LSTM,2,48,64,0.05
test_46,A2,test,46,24.399948120117188,243,237.73880004882812,0.1029431089809892,,2.8000526428222656,27.200000762939453,,,False,True,,,,,LSTM,2,48,64,0.05
test_46,A2,test,46,24.49994659423828,244,237.73880004882812,0.09926669459436376,,2.700054168701172,27.200000762939453,,,False,True,,,,,LSTM,2,48,64,0.05
test_46,A2,test,46,24.599945068359375,245,237.73880004882812,0.09559028020773831,,2.600055694580078,27.200000762939453,,,False,True,,,,,LSTM,2,48,64,0.05
test_46,A2,test,46,24.6999454498291,246,237.73880004882812,0.09191379569800333,,2.5000553131103516,27.200000762939453,,,False,True,,,,,LSTM,2,48,64,0.05
test_46,A2,test,46,24.799945831298828,247,237.73880004882812,0.08823731118826834,,2.400054931640625,27.200000762939453,,,False,True,,,,,LSTM,2,48,64,0.05
test_46,A2,test,46,24.899944305419922,248,237.73880004882812,0.0845608968016429,,2.3000564575195312,27.200000762939453,,,False,True,,,,,LSTM,2,48,64,0.05
test_46,A2,test,46,24.999942779541016,249,237.73880004882812,0.08088448241501746,,2.2000579833984375,27.200000762939453,,,False,True,,,,,LSTM,2,48,64,0.05
test_46,A2,test,46,25.099943161010742,250,237.73880004882812,0.07720799790528247,,2.100057601928711,27.200000762939453,,,False,True,,,,,LSTM,2,48,64,0.05
test_46,A2,test,46,25.19994354248047,251,237.73880004882812,0.07353151339554749,,2.0000572204589844,27.200000762939453,,,False,True,,,,,LSTM,2,48,64,0.05
test_46,A2,test,46,25.299942016601562,252,237.73880004882812,0.06985509900892205,,1.9000587463378906,27.200000762939453,,,False,True,,,,,LSTM,2,48,64,0.05
test_46,A2,test,46,25.399940490722656,253,237.73880004882812,0.06617868462229659,,1.8000602722167969,27.200000762939453,,,False,True,,,,,LSTM,2,48,64,0.05
test_46,A2,test,46,25.499940872192383,254,237.73880004882812,0.06250220011256162,,1.7000598907470703,27.200000762939453,,,False,True,,,,,LSTM,2,48,64,0.05
test_46,A2,test,46,25.59994125366211,255,237.73880004882812,0.058825715602826636,,1.6000595092773438,27.200000762939453,,,False,True,,,,,LSTM,2,48,64,0.05
test_46,A2,test,46,25.699939727783203,256,237.73880004882812,0.05514930121620119,,1.50006103515625,27.200000762939453,,,False,True,,,,,LSTM,2,48,64,0.05
test_46,A2,test,46,25.799938201904297,257,237.73880004882812,0.05147288682957574,,1.4000625610351562,27.200000762939453,,,False,True,,,,,LSTM,2,48,64,0.05
test_46,A2,test,46,25.899938583374023,258,237.73880004882812,0.04779640231984076,,1.3000621795654297,27.200000762939453,,,False,True,,,,,LSTM,2,48,64,0.05
test_46,A2,test,46,25.99993896484375,259,237.73880004882812,0.044119917810105776,,1.2000617980957031,27.200000762939453,,,False,True,,,,,LSTM,2,48,64,0.05
test_46,A2,test,46,26.099937438964844,260,237.73880004882812,0.04044350342348033,,1.1000633239746094,27.200000762939453,,,False,True,,,,,LSTM,2,48,64,0.05
test_46,A2,test,46,26.199935913085938,261,237.73880004882812,0.03676708903685488,,1.0000648498535156,27.200000762939453,,,False,True,,,,,LSTM,2,48,64,0.05
test_46,A2,test,46,26.299936294555664,262,237.73880004882812,0.0330906045271199,,0.9000644683837891,27.200000762939453,,,False,True,,,,,LSTM,2,48,64,0.05
test_46,A2,test,46,26.39993667602539,263,237.73880004882812,0.029414120017384922,,0.8000640869140625,27.200000762939453,,,False,True,,,,,LSTM,2,48,64,0.05
test_46,A2,test,46,26.499935150146484,264,237.73880004882812,0.025737705630759476,,0.7000656127929688,27.200000762939453,,,False,True,,,,,LSTM,2,48,64,0.05
test_46,A2,test,46,26.599933624267578,265,237.73880004882812,0.022061291244134026,,0.600067138671875,27.200000762939453,,,False,True,,,,,LSTM,2,48,64,0.05
test_46,A2,test,46,26.699934005737305,266,237.73880004882812,0.018384806734399045,,0.5000667572021484,27.200000762939453,,,False,True,,,,,LSTM,2,48,64,0.05
test_46,A2,test,46,26.79993438720703,267,237.73880004882812,0.014708322224664064,,0.4000663757324219,27.200000762939453,,,False,True,,,,,LSTM,2,48,64,0.05
test_46,A2,test,46,26.899932861328125,268,237.73880004882812,0.011031907838038618,,0.3000679016113281,27.200000762939453,,,False,True,,,,,LSTM,2,48,64,0.05
test_46,A2,test,46,26.99993133544922,269,237.73880004882812,0.00735549345141317,,0.20006942749023438,27.200000762939453,,,False,True,,,,,LSTM,2,48,64,0.05
test_46,A2,test,46,27.099931716918945,270,237.73880004882812,0.003679008941678189,,0.10006904602050781,27.200000762939453,,,False,True,,,,,LSTM,2,48,64,0.05
test_46,A2,test,46,27.199932098388672,271,237.73880004882812,2.524431943208135e-06,,6.866455078125e-05,27.200000762939453,,,False,True,,,,,LSTM,2,48,64,0.05
test_47,A2,test,47,0.20000000298023224,0,236.42893981933594,0.9947507381439209,1.0,37.900001525878906,38.099998474121094,38.099998474121094,258.0,True,False,0.9744409322738647,37.126197814941406,0.9744409322738647,37.12619803275538,LSTM,2,48,64,0.05
test_47,A2,test,47,0.30000001192092896,1,236.42893981933594,0.9921259880065918,1.0,37.79999923706055,38.099998474121094,38.099998474121094,258.0,True,False,0.9744409322738647,37.126197814941406,0.9824662208557129,37.43196151547818,LSTM,2,48,64,0.05
test_47,A2,test,47,0.4000000059604645,2,236.42893981933594,0.9895013570785522,1.0,37.70000076293945,38.099998474121094,38.099998474121094,258.0,True,False,0.9744409322738647,37.126197814941406,1.0,38.099998474121094,LSTM,2,48,64,0.05
test_47,A2,test,47,0.5,3,236.42893981933594,0.9868766665458679,1.0,37.599998474121094,38.099998474121094,38.099998474121094,258.0,True,False,0.9744409322738647,37.126197814941406,1.0,38.099998474121094,LSTM,2,48,64,0.05
test_47,A2,test,47,0.6000000238418579,4,236.42893981933594,0.9842520356178284,1.0,37.5,38.099998474121094,38.099998474121094,258.0,True,False,0.9744409322738647,37.126197814941406,0.9849311113357544,37.525873839006636,LSTM,2,48,64,0.05
test_47,A2,test,47,0.699999988079071,5,236.42893981933594,0.9816274046897888,1.0,37.400001525878906,38.099998474121094,38.099998474121094,258.0,True,False,0.9705349206924438,36.977378845214844,0.9705349206924438,36.97737899746335,LSTM,2,48,64,0.05
test_47,A2,test,47,0.800000011920929,6,236.42893981933594,0.9790026545524597,1.0,37.29999923706055,38.099998474121094,38.099998474121094,258.0,True,False,0.959692120552063,36.56427001953125,0.959692120552063,36.56426832865964,LSTM,2,48,64,0.05
test_47,A2,test,47,0.8999999761581421,7,236.42893981933594,0.9763780236244202,1.0,37.20000076293945,38.099998474121094,38.099998474121094,258.0,True,False,0.9535006284713745,36.328372955322266,0.9535006284713745,36.32837248983287,LSTM,2,48,64,0.05
test_47,A2,test,47,1.0,8,236.42893981933594,0.9737532734870911,1.0,37.099998474121094,38.099998474121094,38.099998474121094,258.0,True,False,0.9506955146789551,36.22149658203125,0.9506955146789551,36.221497658621956,LSTM,2,48,64,0.05
test_47,A2,test,47,1.100000023841858,9,236.42893981933594,0.9711286425590515,1.0,37.0,38.099998474121094,38.099998474121094,258.0,True,False,0.9496086835861206,36.18008804321289,0.9496086835861206,36.180089395643336,LSTM,2,48,64,0.05
test_47,A2,test,47,1.2000000476837158,10,236.42893981933594,0.968504011631012,1.0,36.900001525878906,38.099998474121094,38.099998474121094,258.0,True,False,0.9496086835861206,36.18008804321289,0.950505256652832,36.21424882811698,LSTM,2,48,64,0.05
test_47,A2,test,47,1.2999999523162842,11,236.42893981933594,0.9658792614936829,1.0,36.79999923706055,38.099998474121094,38.099998474121094,258.0,True,False,0.9496086835861206,36.18008804321289,0.9521989822387695,36.27877977035678,LSTM,2,48,64,0.05
test_47,A2,test,47,1.399999976158142,12,236.42893981933594,0.9632546305656433,1.0,36.70000076293945,38.099998474121094,38.099998474121094,258.0,True,False,0.9496086835861206,36.18008804321289,0.9532551765441895,36.31902077178165,LSTM,2,48,64,0.05
test_47,A2,test,47,1.5,13,236.42893981933594,0.960629940032959,1.0,36.599998474121094,38.099998474121094,38.099998474121094,258.0,True,False,0.9496086835861206,36.18008804321289,0.9536676406860352,36.3347356549566,LSTM,2,48,64,0.05
test_47,A2,test,47,1.600000023841858,14,236.42893981933594,0.9580053091049194,1.0,36.5,38.099998474121094,38.099998474121094,258.0,True,False,0.9496086835861206,36.18008804321289,0.9533652067184448,36.32321292125289,LSTM,2,48,64,0.05
test_47,A2,test,47,1.7000000476837158,15,236.42893981933594,0.9553806781768799,1.0,36.400001525878906,38.099998474121094,38.099998474121094,258.0,True,False,0.9496086835861206,36.18008804321289,0.9532935619354248,36.32048325512915,LSTM,2,48,64,0.05
test_47,A2,test,47,1.7999999523162842,16,236.42893981933594,0.9527559280395508,1.0,36.29999923706055,38.099998474121094,38.099998474121094,258.0,True,False,0.9496086835861206,36.18008804321289,0.9529979228973389,36.30921940822918,LSTM,2,48,64,0.05
test_47,A2,test,47,1.899999976158142,17,236.42893981933594,0.9501312971115112,1.0,36.20000076293945,38.099998474121094,38.099998474121094,258.0,True,False,0.9496086835861206,36.18008804321289,0.9528086185455322,36.302006912714205,LSTM,2,48,64,0.05
test_47,A2,test,47,2.0,18,236.42893981933594,0.9475065469741821,1.0,36.099998474121094,38.099998474121094,38.099998474121094,258.0,True,False,0.9496086835861206,36.18008804321289,0.9526810646057129,36.29714710780172,LSTM,2,48,64,0.05
test_47,A2,test,47,2.0999999046325684,19,236.42893981933594,0.9448819160461426,1.0,36.0,38.099998474121094,38.099998474121094,258.0,True,False,0.9496086835861206,36.18008804321289,0.9510140419006348,36.23363354528192,LSTM,2,48,64,0.05
test_47,A2,test,47,2.200000047683716,20,236.42893981933594,0.942257285118103,1.0,35.900001525878906,38.099998474121094,38.099998474121094,258.0,True,False,0.9493882656097412,36.17169189453125,0.9493882656097412,36.17169147107961,LSTM,2,48,64,0.05
test_47,A2,test,47,2.299999952316284,21,236.42893981933594,0.9396325349807739,1.0,35.79999923706055,38.099998474121094,38.099998474121094,258.0,True,False,0.9465762376785278,36.064552307128906,0.9465762376785278,36.064553211191196,LSTM,2,48,64,0.05
test_47,A2,test,47,2.4000000953674316,22,236.42893981933594,0.9370079040527344,1.0,35.70000076293945,38.099998474121094,38.099998474121094,258.0,True,False,0.9444812536239624,35.98473358154297,0.9444812536239624,35.984734321908945,LSTM,2,48,64,0.05
test_47,A2,test,47,2.5,23,236.42893981933594,0.93438321352005,1.0,35.599998474121094,38.099998474121094,38.099998474121094,258.0,True,False,0.9433777332305908,35.942691802978516,0.9433777332305908,35.94269019660533,LSTM,2,48,64,0.05
test_47,A2,test,47,2.5999999046325684,24,236.42893981933594,0.9317585825920105,1.0,35.5,38.099998474121094,38.099998474121094,258.0,True,False,0.9409098625183105,35.848663330078125,0.9409098625183105,35.84866432623312,LSTM,2,48,64,0.05
test_47,A2,test,47,2.700000047683716,25,236.42893981933594,0.929133951663971,1.0,35.400001525878906,38.099998474121094,38.099998474121094,258.0,True,False,0.9390203952789307,35.776676177978516,0.9390203952789307,35.776675627295845,LSTM,2,48,64,0.05
test_47,A2,test,47,2.799999952316284,26,236.42893981933594,0.9265092015266418,1.0,35.29999923706055,38.099998474121094,38.099998474121094,258.0,True,False,0.9369957447052002,35.69953536987305,0.9369957447052002,35.699536443526085,LSTM,2,48,64,0.05
test_47,A2,test,47,2.9000000953674316,27,236.42893981933594,0.9238845705986023,1.0,35.20000076293945,38.099998474121094,38.099998474121094,258.0,True,False,0.9355506896972656,35.64448165893555,0.9355506896972656,35.64447984992876,LSTM,2,48,64,0.05
test_47,A2,test,47,3.0,28,236.42893981933594,0.9212598204612732,1.0,35.099998474121094,38.099998474121094,38.099998474121094,258.0,True,False,0.9341686964035034,35.591827392578125,0.9341686964035034,35.59182590754517,LSTM,2,48,64,0.05
test_47,A2,test,47,3.0999999046325684,29,236.42893981933594,0.9186351895332336,1.0,35.0,38.099998474121094,38.099998474121094,258.0,True,False,0.9305984973907471,35.45580291748047,0.9305984973907471,35.455801330606846,LSTM,2,48,64,0.05
test_47,A2,test,47,3.200000047683716,30,236.42893981933594,0.9160105586051941,1.0,34.900001525878906,38.099998474121094,38.099998474121094,258.0,True,False,0.9287116527557373,35.3839111328125,0.9287116527557373,35.38391255289207,LSTM,2,48,64,0.05
test_47,A2,test,47,3.299999952316284,31,236.42893981933594,0.9133858680725098,1.0,34.79999923706055,38.099998474121094,38.099998474121094,258.0,True,False,0.9250442981719971,35.24418640136719,0.9250442981719971,35.24418634884751,LSTM,2,48,64,0.05
test_47,A2,test,47,3.4000000953674316,32,236.42893981933594,0.9107612371444702,1.0,34.70000076293945,38.099998474121094,38.099998474121094,258.0,True,False,0.9226833581924438,35.15423583984375,0.9226833581924438,35.15423453922904,LSTM,2,48,64,0.05
test_47,A2,test,47,3.5,33,236.42893981933594,0.9081364870071411,1.0,34.599998474121094,38.099998474121094,38.099998474121094,258.0,True,False,0.920659065246582,35.077110290527344,0.920659065246582,35.07710898108053,LSTM,2,48,64,0.05
test_47,A2,test,47,3.5999999046325684,34,236.42893981933594,0.9055118560791016,1.0,34.5,38.099998474121094,38.099998474121094,258.0,True,False,0.918013334274292,34.9763069152832,0.918013334274292,34.97630663507334,LSTM,2,48,64,0.05
test_47,A2,test,47,3.700000047683716,35,236.42893981933594,0.902887225151062,1.0,34.400001525878906,38.099998474121094,38.099998474121094,258.0,True,False,0.9143729209899902,34.837608337402344,0.9143729209899902,34.837606894496275,LSTM,2,48,64,0.05
test_47,A2,test,47,3.799999952316284,36,236.42893981933594,0.9002624750137329,1.0,34.29999923706055,38.099998474121094,38.099998474121094,258.0,True,False,0.910611629486084,34.69430160522461,0.910611629486084,34.69430169393672,LSTM,2,48,64,0.05
test_47,A2,test,47,3.9000000953674316,37,236.42893981933594,0.8976378440856934,1.0,34.20000076293945,38.099998474121094,38.099998474121094,258.0,True,False,0.9069780111312866,34.55586242675781,0.9069780111312866,34.555860840163405,LSTM,2,48,64,0.05
test_47,A2,test,47,4.0,38,236.42893981933594,0.8950130939483643,1.0,34.099998474121094,38.099998474121094,38.099998474121094,258.0,True,False,0.9027674198150635,34.39543914794922,0.9027674198150635,34.395437317440155,LSTM,2,48,64,0.05
test_47,A2,test,47,4.099999904632568,39,236.42893981933594,0.8923884630203247,1.0,34.0,38.099998474121094,38.099998474121094,258.0,True,False,0.8988745212554932,34.24711608886719,0.8988745212554932,34.24711788826062,LSTM,2,48,64,0.05
test_47,A2,test,47,4.199999809265137,40,236.42893981933594,0.8897638320922852,1.0,33.900001525878906,38.099998474121094,38.099998474121094,258.0,True,False,0.8938374519348145,34.055206298828125,0.8938374519348145,34.05520555482872,LSTM,2,48,64,0.05
test_47,A2,test,47,4.300000190734863,41,236.42893981933594,0.8871391415596008,1.0,33.79999923706055,38.099998474121094,38.099998474121094,258.0,True,False,0.8876718282699585,33.82029342651367,0.8876718282699585,33.8202953026057,LSTM,2,48,64,0.05
test_47,A2,test,47,4.400000095367432,42,236.42893981933594,0.8845145106315613,1.0,33.70000076293945,38.099998474121094,38.099998474121094,258.0,True,False,0.8823580741882324,33.61783981323242,0.8823580741882324,33.61784128020008,LSTM,2,48,64,0.05
test_47,A2,test,47,4.5,43,236.42893981933594,0.8818897604942322,1.0,33.599998474121094,38.099998474121094,38.099998474121094,258.0,True,False,0.8767966032028198,33.405948638916016,0.8767966032028198,33.40594924414199,LSTM,2,48,64,0.05
test_47,A2,test,47,4.599999904632568,44,236.42893981933594,0.8792651295661926,1.0,33.5,38.099998474121094,38.099998474121094,258.0,True,False,0.8717226982116699,33.2126350402832,0.8717226982116699,33.21263347172135,LSTM,2,48,64,0.05
test_47,A2,test,47,4.699999809265137,45,236.42893981933594,0.8766404986381531,1.0,33.400001525878906,38.099998474121094,38.099998474121094,258.0,True,False,0.8636204600334167,32.90393829345703,0.8636204600334167,32.903938209492935,LSTM,2,48,64,0.05
test_47,A2,test,47,4.800000190734863,46,236.42893981933594,0.874015748500824,1.0,33.29999923706055,38.099998474121094,38.099998474121094,258.0,True,False,0.8587474822998047,32.71827697753906,0.8587474822998047,32.71827776527789,LSTM,2,48,64,0.05
test_47,A2,test,47,4.900000095367432,47,236.42893981933594,0.8713911175727844,1.0,33.20000076293945,38.099998474121094,38.099998474121094,258.0,True,False,0.8527820110321045,32.49099349975586,0.8527820110321045,32.4909933190811,LSTM,2,48,64,0.05
test_47,A2,test,47,5.0,48,236.42893981933594,0.8687664270401001,1.0,33.099998474121094,38.099998474121094,38.099998474121094,258.0,True,False,0.836920976638794,31.886688232421875,0.836920976638794,31.886687932897985,LSTM,2,48,64,0.05
test_47,A2,test,47,5.099999904632568,49,236.42893981933594,0.8661417961120605,1.0,33.0,38.099998474121094,38.099998474121094,258.0,True,False,0.836920976638794,31.886688232421875,0.8384691476821899,31.94567324728905,LSTM,2,48,64,0.05
test_47,A2,test,47,5.199999809265137,50,236.42893981933594,0.8635171055793762,1.0,32.900001525878906,38.099998474121094,38.099998474121094,258.0,True,False,0.836920976638794,31.886688232421875,0.8389508724212646,31.964026959112743,LSTM,2,48,64,0.05
test_47,A2,test,47,5.300000190734863,51,236.42893981933594,0.8608924150466919,1.0,32.79999923706055,38.099998474121094,38.099998474121094,258.0,True,False,0.836920976638794,31.886688232421875,0.8375497460365295,31.910644045992285,LSTM,2,48,64,0.05
test_47,A2,test,47,5.400000095367432,52,236.42893981933594,0.8582677841186523,1.0,32.70000076293945,38.099998474121094,38.099998474121094,258.0,True,False,0.8359719514846802,31.85053062438965,0.8359719514846802,31.850530075974348,LSTM,2,48,64,0.05
test_47,A2,test,47,5.5,53,236.42893981933594,0.8556430339813232,1.0,32.599998474121094,38.099998474121094,38.099998474121094,258.0,True,False,0.8359719514846802,31.85053062438965,0.8362846374511719,31.86244341082056,LSTM,2,48,64,0.05
test_47,A2,test,47,5.599999904632568,54,236.42893981933594,0.8530184030532837,1.0,32.5,38.099998474121094,38.099998474121094,258.0,True,False,0.8359719514846802,31.85053062438965,0.8362845778465271,31.862441139883686,LSTM,2,48,64,0.05
test_47,A2,test,47,5.699999809265137,55,236.42893981933594,0.8503937721252441,1.0,32.400001525878906,38.099998474121094,38.099998474121094,258.0,True,False,0.8357111215591431,31.840593338012695,0.8357111215591431,31.84059245620938,LSTM,2,48,64,0.05
test_47,A2,test,47,5.800000190734863,56,236.42893981933594,0.847769021987915,1.0,32.29999923706055,38.099998474121094,38.099998474121094,258.0,True,False,0.834059476852417,31.777664184570312,0.834059476852417,31.777664795403325,LSTM,2,48,64,0.05
test_47,A2,test,47,5.900000095367432,57,236.42893981933594,0.8451443910598755,1.0,32.20000076293945,38.099998474121094,38.099998474121094,258.0,True,False,0.832313060760498,31.71112632751465,0.832313060760498,31.711126344966033,LSTM,2,48,64,0.05
test_47,A2,test,47,6.0,58,236.42893981933594,0.8425197005271912,1.0,32.099998474121094,38.099998474121094,38.099998474121094,258.0,True,False,0.8322685956954956,31.70943260192871,0.8322685956954956,31.709432226057288,LSTM,2,48,64,0.05
test_47,A2,test,47,6.099999904632568,59,236.42893981933594,0.8398950695991516,1.0,32.0,38.099998474121094,38.099998474121094,258.0,True,False,0.8309988379478455,31.661054611206055,0.8309988379478455,31.661054457809314,LSTM,2,48,64,0.05
test_47,A2,test,47,6.199999809265137,60,236.42893981933594,0.8372703790664673,1.0,31.899999618530273,38.099998474121094,38.099998474121094,258.0,True,False,0.8309713006019592,31.660005569458008,0.8309713006019592,31.660005284973067,LSTM,2,48,64,0.05
test_47,A2,test,47,6.300000190734863,61,236.42893981933594,0.834645688533783,1.0,31.799999237060547,38.099998474121094,38.099998474121094,258.0,True,False,0.8286666870117188,31.57219886779785,0.8286666870117188,31.572199510701466,LSTM,2,48,64,0.05
test_47,A2,test,47,6.400000095367432,62,236.42893981933594,0.8320210576057434,1.0,31.700000762939453,38.099998474121094,38.099998474121094,258.0,True,False,0.8278288245201111,31.5402774810791,0.8278288245201111,31.54027695104969,LSTM,2,48,64,0.05
test_47,A2,test,47,6.5,63,236.42893981933594,0.8293963670730591,1.0,31.600000381469727,38.099998474121094,38.099998474121094,258.0,True,False,0.8253989219665527,31.44769859313965,0.8253989219665527,31.447697667466855,LSTM,2,48,64,0.05
test_47,A2,test,47,6.599999904632568,64,236.42893981933594,0.8267716765403748,1.0,31.5,38.099998474121094,38.099998474121094,258.0,True,False,0.8218668699264526,31.313125610351562,0.8218668699264526,31.313126490128525,LSTM,2,48,64,0.05
test_47,A2,test,47,6.699999809265137,65,236.42893981933594,0.8241469860076904,1.0,31.399999618530273,38.099998474121094,38.099998474121094,258.0,True,False,0.8218668699264526,31.313125610351562,0.8233715891838074,31.37045629153772,LSTM,2,48,64,0.05
test_47,A2,test,47,6.800000190734863,66,236.42893981933594,0.8215222954750061,1.0,31.299999237060547,38.099998474121094,38.099998474121094,258.0,True,False,0.8218668699264526,31.313125610351562,0.8219680786132812,31.316982540942263,LSTM,2,48,64,0.05
test_47,A2,test,47,6.900000095367432,67,236.42893981933594,0.8188976645469666,1.0,31.200000762939453,38.099998474121094,38.099998474121094,258.0,True,False,0.8196399807929993,31.228282928466797,0.8196399807929993,31.228282017541915,LSTM,2,48,64,0.05
test_47,A2,test,47,7.0,68,236.42893981933594,0.816273033618927,1.0,31.100000381469727,38.099998474121094,38.099998474121094,258.0,True,False,0.8183051943778992,31.177427291870117,0.8183051943778992,31.177426657163323,LSTM,2,48,64,0.05
test_47,A2,test,47,7.099999904632568,69,236.42893981933594,0.8136483430862427,1.0,31.0,38.099998474121094,38.099998474121094,258.0,True,False,0.8134884238243103,30.993907928466797,0.8134884238243103,30.993907706421396,LSTM,2,48,64,0.05
test_47,A2,test,47,7.199999809265137,70,236.42893981933594,0.8110236525535583,1.0,30.899999618530273,38.099998474121094,38.099998474121094,258.0,True,False,0.8134884238243103,30.993907928466797,0.8139953017234802,31.013219753606336,LSTM,2,48,64,0.05
test_47,A2,test,47,7.300000190734863,71,236.42893981933594,0.808398962020874,1.0,30.799999237060547,38.099998474121094,38.099998474121094,258.0,True,False,0.8134884238243103,30.993907928466797,0.8136714696884155,31.0008817535645,LSTM,2,48,64,0.05
test_47,A2,test,47,7.400000095367432,72,236.42893981933594,0.8057743310928345,1.0,30.700000762939453,38.099998474121094,38.099998474121094,258.0,True,False,0.8107218146324158,30.888500213623047,0.8107218146324158,30.888499900431725,LSTM,2,48,64,0.05
test_47,A2,test,47,7.5,73,236.42893981933594,0.8031496405601501,1.0,30.600000381469727,38.099998474121094,38.099998474121094,258.0,True,False,0.8014339804649353,30.53463363647461,0.8014339804649353,30.53463343282283,LSTM,2,48,64,0.05
test_47,A2,test,47,7.599999904632568,74,236.42893981933594,0.8005249500274658,1.0,30.5,38.099998474121094,38.099998474121094,258.0,True,False,0.8014339804649353,30.53463363647461,0.8038334846496582,30.62605453859942,LSTM,2,48,64,0.05
test_47,A2,test,47,7.699999809265137,75,236.42893981933594,0.7979002594947815,1.0,30.399999618530273,38.099998474121094,38.099998474121094,258.0,True,False,0.8014339804649353,30.53463363647461,0.803413450717926,30.610051246441344,LSTM,2,48,64,0.05
test_47,A2,test,47,7.800000190734863,76,236.42893981933594,0.7952756285667419,1.0,30.299999237060547,38.099998474121094,38.099998474121094,258.0,True,False,0.800121545791626,30.484630584716797,0.800121545791626,30.48462967377236,LSTM,2,48,64,0.05
test_47,A2,test,47,7.900000095367432,77,236.42893981933594,0.7926509976387024,1.0,30.200000762939453,38.099998474121094,38.099998474121094,258.0,True,False,0.7983658909797668,30.417739868164062,0.7983658909797668,30.417739228119444,LSTM,2,48,64,0.05
test_47,A2,test,47,8.0,78,236.42893981933594,0.7900263071060181,1.0,30.100000381469727,38.099998474121094,38.099998474121094,258.0,True,False,0.7966031432151794,30.35057830810547,0.7966031432151794,30.350578540978404,LSTM,2,48,64,0.05
test_47,A2,test,47,8.100000381469727,79,236.42893981933594,0.7874016165733337,1.0,30.0,38.099998474121094,38.099998474121094,258.0,True,False,0.7936074733734131,30.2364444732666,0.7936074733734131,30.236443524578135,LSTM,2,48,64,0.05
test_47,A2,test,47,8.199999809265137,80,236.42893981933594,0.7847769260406494,1.0,29.899999618530273,38.099998474121094,38.099998474121094,258.0,True,False,0.7926744222640991,30.20089340209961,0.7926744222640991,30.200894278736996,LSTM,2,48,64,0.05
test_47,A2,test,47,8.300000190734863,81,236.42893981933594,0.7821522355079651,1.0,29.799999237060547,38.099998474121094,38.099998474121094,258.0,True,False,0.790717601776123,30.126338958740234,0.790717601776123,30.12633942113098,LSTM,2,48,64,0.05
test_47,A2,test,47,8.399999618530273,82,236.42893981933594,0.7795276045799255,1.0,29.700000762939453,38.099998474121094,38.099998474121094,258.0,True,False,0.7837719321250916,29.861709594726562,0.7837719321250916,29.86170941802493,LSTM,2,48,64,0.05
test_47,A2,test,47,8.5,83,236.42893981933594,0.7769029140472412,1.0,29.600000381469727,38.099998474121094,38.099998474121094,258.0,True,False,0.7791743278503418,29.686540603637695,0.7791743278503418,29.68654070217235,LSTM,2,48,64,0.05
test_47,A2,test,47,8.600000381469727,84,236.42893981933594,0.7742782235145569,1.0,29.5,38.099998474121094,38.099998474121094,258.0,True,False,0.7731669545173645,29.457660675048828,0.7731669545173645,29.45765978735244,LSTM,2,48,64,0.05
test_47,A2,test,47,8.699999809265137,85,236.42893981933594,0.7716535925865173,1.0,29.399999618530273,38.099998474121094,38.099998474121094,258.0,True,False,0.7654044032096863,29.161907196044922,0.7654044032096863,29.161906594374614,LSTM,2,48,64,0.05
test_47,A2,test,47,8.800000190734863,86,236.42893981933594,0.769028902053833,1.0,29.299999237060547,38.099998474121094,38.099998474121094,258.0,True,False,0.7486130595207214,28.52215576171875,0.7486130595207214,28.52215642544661,LSTM,2,48,64,0.05
test_47,A2,test,47,8.899999618530273,87,236.42893981933594,0.7664042711257935,1.0,29.200000762939453,38.099998474121094,38.099998474121094,258.0,True,False,0.7486130595207214,28.52215576171875,0.7526546120643616,28.67613957119238,LSTM,2,48,64,0.05
test_47,A2,test,47,9.0,88,236.42893981933594,0.7637795805931091,1.0,29.100000381469727,38.099998474121094,38.099998474121094,258.0,True,False,0.7486130595207214,28.52215576171875,0.7529078722000122,28.685788781974225,LSTM,2,48,64,0.05
test_47,A2,test,47,9.100000381469727,89,236.42893981933594,0.7611548900604248,1.0,29.0,38.099998474121094,38.099998474121094,258.0,True,False,0.7486130595207214,28.52215576171875,0.7522788047790527,28.66182131419555,LSTM,2,48,64,0.05
test_47,A2,test,47,9.199999809265137,90,236.42893981933594,0.7585301995277405,1.0,28.899999618530273,38.099998474121094,38.099998474121094,258.0,True,False,0.7435073852539062,28.3276309967041,0.7435073852539062,28.327630243671592,LSTM,2,48,64,0.05
test_47,A2,test,47,9.300000190734863,91,236.42893981933594,0.7559055089950562,1.0,28.799999237060547,38.099998474121094,38.099998474121094,258.0,True,False,0.737922191619873,28.11483383178711,0.737922191619873,28.114834374737256,LSTM,2,48,64,0.05
test_47,A2,test,47,9.399999618530273,92,236.42893981933594,0.7532808780670166,1.0,28.700000762939453,38.099998474121094,38.099998474121094,258.0,True,False,0.737922191619873,28.11483383178711,0.7394405603408813,28.172684220690826,LSTM,2,48,64,0.05
test_47,A2,test,47,9.5,93,236.42893981933594,0.7506561875343323,1.0,28.600000381469727,38.099998474121094,38.099998474121094,258.0,True,False,0.737922191619873,28.11483383178711,0.7401311993598938,28.19899756626137,LSTM,2,48,64,0.05
test_47,A2,test,47,9.600000381469727,94,236.42893981933594,0.748031497001648,1.0,28.5,38.099998474121094,38.099998474121094,258.0,True,False,0.735492467880249,28.022262573242188,0.735492467880249,28.022261903965045,LSTM,2,48,64,0.05
test_47,A2,test,47,9.699999809265137,95,236.42893981933594,0.7454068660736084,1.0,28.399999618530273,38.099998474121094,38.099998474121094,258.0,True,False,0.7325391173362732,27.909738540649414,0.7325391173362732,27.90973925274602,LSTM,2,48,64,0.05
test_47,A2,test,47,9.800000190734863,96,236.42893981933594,0.7427821755409241,1.0,28.299999237060547,38.099998474121094,38.099998474121094,258.0,True,False,0.7302971482276917,27.82431983947754,0.7302971482276917,27.824320233130038,LSTM,2,48,64,0.05
test_47,A2,test,47,9.899999618530273,97,236.42893981933594,0.7401575446128845,1.0,28.200000762939453,38.099998474121094,38.099998474121094,258.0,True,False,0.7265915870666504,27.683137893676758,0.7265915870666504,27.683138358548604,LSTM,2,48,64,0.05
test_47,A2,test,47,10.0,98,236.42893981933594,0.7375328540802002,1.0,28.100000381469727,38.099998474121094,38.099998474121094,258.0,True,False,0.7254931926727295,27.64128875732422,0.7254931926727295,27.641289533816234,LSTM,2,48,64,0.05
test_47,A2,test,47,10.100000381469727,99,236.42893981933594,0.7349081635475159,1.0,28.0,38.099998474121094,38.099998474121094,258.0,True,False,0.7201326489448547,27.437053680419922,0.7201326489448547,27.437052825963747,LSTM,2,48,64,0.05
test_47,A2,test,47,10.199999809265137,100,236.42893981933594,0.7322834730148315,1.0,27.899999618530273,38.099998474121094,38.099998474121094,258.0,True,False,0.7172170877456665,27.325969696044922,0.7172170877456665,27.32596994872347,LSTM,2,48,64,0.05
test_47,A2,test,47,10.300000190734863,101,236.42893981933594,0.7296587824821472,1.0,27.799999237060547,38.099998474121094,38.099998474121094,258.0,True,False,0.7151249647140503,27.246259689331055,0.7151249647140503,27.246260064411217,LSTM,2,48,64,0.05
test_47,A2,test,47,10.399999618530273,102,236.42893981933594,0.7270341515541077,1.0,27.700000762939453,38.099998474121094,38.099998474121094,258.0,True,False,0.7093653678894043,27.026819229125977,0.7093653678894043,27.026819434180652,LSTM,2,48,64,0.05
test_47,A2,test,47,10.5,103,236.42893981933594,0.7244094610214233,1.0,27.600000381469727,38.099998474121094,38.099998474121094,258.0,True,False,0.6924148201942444,26.381004333496094,0.6924148201942444,26.381003592859543,LSTM,2,48,64,0.05
test_47,A2,test,47,10.600000381469727,104,236.42893981933594,0.7217848300933838,1.0,27.5,38.099998474121094,38.099998474121094,258.0,True,False,0.6924148201942444,26.381004333496094,0.6943994164466858,26.456616707049307,LSTM,2,48,64,0.05
test_47,A2,test,47,10.699999809265137,105,236.42893981933594,0.7191601395606995,1.0,27.399999618530273,38.099998474121094,38.099998474121094,258.0,True,False,0.6924148201942444,26.381004333496094,0.6944412589073181,26.45821090473555,LSTM,2,48,64,0.05
test_47,A2,test,47,10.800000190734863,106,236.42893981933594,0.7165354490280151,1.0,27.299999237060547,38.099998474121094,38.099998474121094,258.0,True,False,0.6924148201942444,26.381004333496094,0.6933469772338867,26.416518774647557,LSTM,2,48,64,0.05
test_47,A2,test,47,10.899999618530273,107,236.42893981933594,0.7139108180999756,1.0,27.200000762939453,38.099998474121094,38.099998474121094,258.0,True,False,0.69040846824646,26.304561614990234,0.69040846824646,26.304561586710406,LSTM,2,48,64,0.05
test_47,A2,test,47,11.0,108,236.42893981933594,0.7112861275672913,1.0,27.100000381469727,38.099998474121094,38.099998474121094,258.0,True,False,0.6846009492874146,26.083295822143555,0.6846009492874146,26.083295123232347,LSTM,2,48,64,0.05
test_47,A2,test,47,11.100000381469727,109,236.42893981933594,0.7086614370346069,1.0,27.0,38.099998474121094,38.099998474121094,258.0,True,False,0.6811195611953735,25.950654983520508,0.6811195611953735,25.95065424223776,LSTM,2,48,64,0.05
test_47,A2,test,47,11.199999809265137,110,236.42893981933594,0.7060367465019226,1.0,26.899999618530273,38.099998474121094,38.099998474121094,258.0,True,False,0.6750023365020752,25.717588424682617,0.6750023365020752,25.717587990757238,LSTM,2,48,64,0.05
test_47,A2,test,47,11.300000190734863,111,236.42893981933594,0.7034120559692383,0.9999182820320129,26.799999237060547,38.099998474121094,38.099998474121094,258.0,True,False,0.6717285513877869,25.592857360839844,0.6717285513877869,25.592856782898252,LSTM,2,48,64,0.05
test_47,A2,test,47,11.399999618530273,112,236.42893981933594,0.7007874250411987,0.9981883764266968,26.700000762939453,38.099998474121094,38.099998474121094,258.0,True,False,0.6700074672698975,25.52728271484375,0.6700074672698975,25.527283480632832,LSTM,2,48,64,0.05
test_47,A2,test,47,11.5,113,236.42893981933594,0.6981627941131592,1.0,26.600000381469727,38.099998474121094,38.099998474121094,258.0,True,False,0.6487095355987549,24.715831756591797,0.6487095355987549,24.715832316460364,LSTM,2,48,64,0.05
test_47,A2,test,47,11.600000381469727,114,236.42893981933594,0.6955381035804749,1.0,26.5,38.099998474121094,38.099998474121094,258.0,True,False,0.6456396579742432,24.59886932373047,0.6456396579742432,24.59886998365073,LSTM,2,48,64,0.05
test_47,A2,test,47,11.699999809265137,115,236.42893981933594,0.6929134130477905,1.0,26.399999618530273,38.099998474121094,38.099998474121094,258.0,True,False,0.6440110206604004,24.536819458007812,0.6440110206604004,24.536818904478423,LSTM,2,48,64,0.05
test_47,A2,test,47,11.800000190734863,116,236.42893981933594,0.6902887225151062,1.0,26.299999237060547,38.099998474121094,38.099998474121094,258.0,True,False,0.6398999691009521,24.38018798828125,0.6398999691009521,24.380187846336412,LSTM,2,48,64,0.05
test_47,A2,test,47,11.899999618530273,117,236.42893981933594,0.6876640915870667,0.9970875978469849,26.200000762939453,38.099998474121094,38.099998474121094,258.0,True,False,0.6398999691009521,24.38018798828125,0.6452834606170654,24.58529886488577,LSTM,2,48,64,0.05
test_47,A2,test,47,12.0,118,236.42893981933594,0.6850394010543823,0.9948859810829163,26.100000381469727,38.099998474121094,38.099998474121094,258.0,True,False,0.6398999691009521,24.38018798828125,0.6437170505523682,24.525618643810958,LSTM,2,48,64,0.05
test_47,A2,test,47,12.100000381469727,119,236.42893981933594,0.682414710521698,0.9985029101371765,26.0,38.099998474121094,38.099998474121094,258.0,True,False,0.6302040815353394,24.010774612426758,0.6302040815353394,24.010774544881315,LSTM,2,48,64,0.05
test_47,A2,test,47,12.199999809265137,120,236.42893981933594,0.6797900199890137,0.9948859810829163,25.899999618530273,38.099998474121094,38.099998474121094,258.0,True,False,0.6302040815353394,24.010774612426758,0.6318216323852539,24.072403229794872,LSTM,2,48,64,0.05
test_47,A2,test,47,12.300000190734863,121,236.42893981933594,0.6771653890609741,0.9918981194496155,25.799999237060547,38.099998474121094,38.099998474121094,258.0,True,False,0.6302040815353394,24.010774612426758,0.6379929780960083,24.30753149195789,LSTM,2,48,64,0.05
test_47,A2,test,47,12.399999618530273,122,236.42893981933594,0.6745407581329346,0.9928416609764099,25.700000762939453,38.099998474121094,38.099998474121094,258.0,True,False,0.6284297108650208,23.94317054748535,0.6284297108650208,23.94317102504965,LSTM,2,48,64,0.05
test_47,A2,test,47,12.5,123,236.42893981933594,0.6719160676002502,0.9917409420013428,25.600000381469727,38.099998474121094,38.099998474121094,258.0,True,False,0.6244089603424072,23.789979934692383,0.6244089603424072,23.789980436273254,LSTM,2,48,64,0.05
test_47,A2,test,47,12.600000381469727,124,236.42893981933594,0.6692913770675659,0.9895393252372742,25.5,38.099998474121094,38.099998474121094,258.0,True,False,0.6244089603424072,23.789979934692383,0.6252812743186951,23.823215597438775,LSTM,2,48,64,0.05
test_47,A2,test,47,12.699999809265137,125,236.42893981933594,0.6666666865348816,0.9895393252372742,25.399999618530273,38.099998474121094,38.099998474121094,258.0,True,False,0.6190310716629028,23.5850830078125,0.6190310716629028,23.585082885790143,LSTM,2,48,64,0.05
test_47,A2,test,47,12.800000190734863,126,236.42893981933594,0.6640419960021973,0.9895393252372742,25.299999237060547,38.099998474121094,38.099998474121094,258.0,True,False,0.616080641746521,23.472671508789062,0.616080641746521,23.472671510477994,LSTM,2,48,64,0.05
test_47,A2,test,47,12.899999618530273,127,236.42893981933594,0.6614173650741577,0.9862369298934937,25.200000762939453,38.099998474121094,38.099998474121094,258.0,True,False,0.616080641746521,23.472671508789062,0.6202571392059326,23.631796057308748,LSTM,2,48,64,0.05
test_47,A2,test,47,13.0,128,236.42893981933594,0.6587926745414734,0.9862369298934937,25.100000381469727,38.099998474121094,38.099998474121094,258.0,True,False,0.6150158643722534,23.432104110717773,0.6150158643722534,23.43210349414312,LSTM,2,48,64,0.05
test_47,A2,test,47,13.100000381469727,129,236.42893981933594,0.6561679840087891,0.9863941669464111,25.0,38.099998474121094,38.099998474121094,258.0,True,False,0.6134485006332397,23.372386932373047,0.6134485006332397,23.372386938078307,LSTM,2,48,64,0.05
test_47,A2,test,47,13.199999809265137,130,236.42893981933594,0.6535432934761047,0.9884384274482727,24.899999618530273,38.099998474121094,38.099998474121094,258.0,True,False,0.610907256603241,23.27556610107422,0.610907256603241,23.275565544412984,LSTM,2,48,64,0.05
test_47,A2,test,47,13.300000190734863,131,236.42893981933594,0.6509186625480652,0.984035313129425,24.799999237060547,38.099998474121094,38.099998474121094,258.0,True,False,0.610907256603241,23.27556610107422,0.6170150637626648,23.508272987867258,LSTM,2,48,64,0.05
test_47,A2,test,47,13.399999618530273,132,236.42893981933594,0.6482940316200256,0.9829345941543579,24.700000762939453,38.099998474121094,38.099998474121094,258.0,True,False,0.610907256603241,23.27556610107422,0.6169309616088867,23.505068695936643,LSTM,2,48,64,0.05
test_47,A2,test,47,13.5,133,236.42893981933594,0.6456693410873413,0.9862369298934937,24.600000381469727,38.099998474121094,38.099998474121094,258.0,True,False,0.6064239740371704,23.104751586914062,0.6064239740371704,23.104752485486642,LSTM,2,48,64,0.05
test_47,A2,test,47,13.600000381469727,134,236.42893981933594,0.643044650554657,0.9862369298934937,24.5,38.099998474121094,38.099998474121094,258.0,True,False,0.6041520833969116,23.0181941986084,0.6041520833969116,23.018193455559413,LSTM,2,48,64,0.05
test_47,A2,test,47,13.699999809265137,135,236.42893981933594,0.6404199600219727,0.9862369298934937,24.399999618530273,38.099998474121094,38.099998474121094,258.0,True,False,0.5964712500572205,22.725553512573242,0.5964712500572205,22.7255537170372,LSTM,2,48,64,0.05
test_47,A2,test,47,13.800000190734863,136,236.42893981933594,0.6377952694892883,0.9849788546562195,24.299999237060547,38.099998474121094,38.099998474121094,258.0,True,False,0.5927401781082153,22.58340072631836,0.5927401781082153,22.58339988147327,LSTM,2,48,64,0.05
test_47,A2,test,47,13.899999618530273,137,236.42893981933594,0.6351706385612488,0.9841926097869873,24.200000762939453,38.099998474121094,38.099998474121094,258.0,True,False,0.5879876613616943,22.402328491210938,0.5879876613616943,22.402329000682585,LSTM,2,48,64,0.05
test_47,A2,test,47,14.0,138,236.42893981933594,0.6325459480285645,0.9807329773902893,24.100000381469727,38.099998474121094,38.099998474121094,258.0,True,False,0.5879876613616943,22.402328491210938,0.5912004709243774,22.524737040118453,LSTM,2,48,64,0.05
test_47,A2,test,47,14.100000381469727,139,236.42893981933594,0.6299212574958801,0.9801039099693298,24.0,38.099998474121094,38.099998474121094,258.0,True,False,0.5877124071121216,22.391841888427734,0.5877124071121216,22.391841814193867,LSTM,2,48,64,0.05
test_47,A2,test,47,14.199999809265137,140,236.42893981933594,0.6272966265678406,0.9791603684425354,23.899999618530273,38.099998474121094,38.099998474121094,258.0,True,False,0.5822697877883911,22.184478759765625,0.5822697877883911,22.184478026264514,LSTM,2,48,64,0.05
test_47,A2,test,47,14.300000190734863,141,236.42893981933594,0.6246719360351562,0.9774305820465088,23.799999237060547,38.099998474121094,38.099998474121094,258.0,True,False,0.5805518627166748,22.1190242767334,0.5805518627166748,22.11902508365347,LSTM,2,48,64,0.05
test_47,A2,test,47,14.399999618530273,142,236.42893981933594,0.6220473051071167,0.9752289652824402,23.700000762939453,38.099998474121094,38.099998474121094,258.0,True,False,0.5805518627166748,22.1190242767334,0.5805646181106567,22.119511064144717,LSTM,2,48,64,0.05
test_47,A2,test,47,14.5,143,236.42893981933594,0.6194226145744324,0.9720838069915771,23.600000381469727,38.099998474121094,38.099998474121094,258.0,True,False,0.5805518627166748,22.1190242767334,0.582087516784668,22.177533501300786,LSTM,2,48,64,0.05
test_47,A2,test,47,14.600000381469727,144,236.42893981933594,0.616797924041748,0.9752289652824402,23.5,38.099998474121094,38.099998474121094,258.0,True,False,0.572332501411438,21.80586814880371,0.572332501411438,21.805867430465696,LSTM,2,48,64,0.05
test_47,A2,test,47,14.699999809265137,145,236.42893981933594,0.6141732335090637,0.9720838069915771,23.399999618530273,38.099998474121094,38.099998474121094,258.0,True,False,0.572332501411438,21.80586814880371,0.5733474493026733,21.844536943573075,LSTM,2,48,64,0.05
test_47,A2,test,47,14.800000190734863,146,236.42893981933594,0.6115485429763794,0.9676806926727295,23.299999237060547,38.099998474121094,38.099998474121094,258.0,True,False,0.572332501411438,21.80586814880371,0.5765907764434814,21.96810770268894,LSTM,2,48,64,0.05
test_47,A2,test,47,14.899999618530273,147,236.42893981933594,0.6089239120483398,0.9654790759086609,23.200000762939453,38.099998474121094,38.099998474121094,258.0,True,False,0.572332501411438,21.80586814880371,0.5779735445976257,22.0207911672519,LSTM,2,48,64,0.05
test_47,A2,test,47,15.0,148,236.42893981933594,0.6062992215156555,0.9632773995399475,23.100000381469727,38.099998474121094,38.099998474121094,258.0,True,False,0.572332501411438,21.80586814880371,0.577417254447937,21.99959651339759,LSTM,2,48,64,0.05
test_47,A2,test,47,15.100000381469727,149,236.42893981933594,0.603674590587616,0.9568299651145935,23.0,38.099998474121094,38.099998474121094,258.0,True,False,0.572332501411438,21.80586814880371,0.5829329490661621,22.209744469935686,LSTM,2,48,64,0.05
test_47,A2,test,47,15.199999809265137,150,236.42893981933594,0.6010499000549316,0.9599750638008118,22.899999618530273,38.099998474121094,38.099998474121094,258.0,True,False,0.572332501411438,21.80586814880371,0.5763967037200928,21.960713532223963,LSTM,2,48,64,0.05
test_47,A2,test,47,15.300000190734863,151,236.42893981933594,0.5984252095222473,0.9621766805648804,22.799999237060547,38.099998474121094,38.099998474121094,258.0,True,False,0.572332501411438,21.80586814880371,0.5752267837524414,21.916139583241602,LSTM,2,48,64,0.05
test_47,A2,test,47,15.399999618530273,152,236.42893981933594,0.5958005785942078,0.9654790759086609,22.700000762939453,38.099998474121094,38.099998474121094,258.0,True,False,0.5626983642578125,21.438806533813477,0.5626983642578125,21.43880681961309,LSTM,2,48,64,0.05
test_47,A2,test,47,15.5,153,236.42893981933594,0.5931758880615234,0.9632773995399475,22.600000381469727,38.099998474121094,38.099998474121094,258.0,True,False,0.5626330971717834,21.43631935119629,0.5626330971717834,21.436320143734974,LSTM,2,48,64,0.05
test_47,A2,test,47,15.600000381469727,154,236.42893981933594,0.5905511975288391,0.9621766805648804,22.5,38.099998474121094,38.099998474121094,258.0,True,False,0.559890866279602,21.33184051513672,0.559890866279602,21.331841150927175,LSTM,2,48,64,0.05
test_47,A2,test,47,15.699999809265137,155,236.42893981933594,0.5879265069961548,0.9568299651145935,22.399999618530273,38.099998474121094,38.099998474121094,258.0,True,False,0.559890866279602,21.33184051513672,0.5635062456130981,21.469587098016746,LSTM,2,48,64,0.05
test_47,A2,test,47,15.800000190734863,156,236.42893981933594,0.5853018164634705,0.9546283483505249,22.299999237060547,38.099998474121094,38.099998474121094,258.0,True,False,0.559890866279602,21.33184051513672,0.5635281205177307,21.470420531849868,LSTM,2,48,64,0.05
test_47,A2,test,47,15.899999618530273,157,236.42893981933594,0.5826771855354309,0.9546283483505249,22.200000762939453,38.099998474121094,38.099998474121094,258.0,True,False,0.5592840909957886,21.30872344970703,0.5592840909957886,21.308723013539748,LSTM,2,48,64,0.05
test_47,A2,test,47,16.0,158,236.42893981933594,0.5800525546073914,0.9621766805648804,22.100000381469727,38.099998474121094,38.099998474121094,258.0,True,False,0.5416573286056519,20.637144088745117,0.5416573286056519,20.637143393371844,LSTM,2,48,64,0.05
test_47,A2,test,47,16.100000381469727,159,236.42893981933594,0.577427864074707,0.9599750638008118,22.0,38.099998474121094,38.099998474121094,258.0,True,False,0.540946364402771,20.610055923461914,0.540946364402771,20.610055658326928,LSTM,2,48,64,0.05
test_47,A2,test,47,16.200000762939453,160,236.42893981933594,0.5748031735420227,0.9579307436943054,21.899999618530273,38.099998474121094,38.099998474121094,258.0,True,False,0.540946364402771,20.610055923461914,0.5410534739494324,20.61413653189129,LSTM,2,48,64,0.05
test_47,A2,test,47,16.299999237060547,161,236.42893981933594,0.5721784830093384,0.9502252340316772,21.799999237060547,38.099998474121094,38.099998474121094,258.0,True,False,0.540946364402771,20.610055923461914,0.5499225854873657,20.95204966795336,LSTM,2,48,64,0.05
test_47,A2,test,47,16.399999618530273,162,236.42893981933594,0.5695538520812988,0.94582200050354,21.700000762939453,38.099998474121094,38.099998474121094,258.0,True,False,0.540946364402771,20.610055923461914,0.5505598783493042,20.976330525020785,LSTM,2,48,64,0.05
test_47,A2,test,47,16.5,163,236.42893981933594,0.5669291615486145,0.94582200050354,21.600000381469727,38.099998474121094,38.099998474121094,258.0,True,False,0.540946364402771,20.610055923461914,0.5449484586715698,20.762535443861452,LSTM,2,48,64,0.05
test_47,A2,test,47,16.600000381469727,164,236.42893981933594,0.5643044710159302,0.9415760636329651,21.5,38.099998474121094,38.099998474121094,258.0,True,False,0.540946364402771,20.610055923461914,0.5460831522941589,20.805767269150692,LSTM,2,48,64,0.05
test_47,A2,test,47,16.700000762939453,165,236.42893981933594,0.5616797804832458,0.9387454390525818,21.399999618530273,38.099998474121094,38.099998474121094,258.0,True,False,0.540946364402771,20.610055923461914,0.5449585318565369,20.762919232193326,LSTM,2,48,64,0.05
test_47,A2,test,47,16.799999237060547,166,236.42893981933594,0.5590551495552063,0.9371728301048279,21.299999237060547,38.099998474121094,38.099998474121094,258.0,True,False,0.540946364402771,20.610055923461914,0.5438803434371948,20.72184025506158,LSTM,2,48,64,0.05
test_47,A2,test,47,16.899999618530273,167,236.42893981933594,0.556430459022522,0.9371728301048279,21.200000762939453,38.099998474121094,38.099998474121094,258.0,True,False,0.540946364402771,20.610055923461914,0.5426867008209229,20.67636247320297,LSTM,2,48,64,0.05
test_47,A2,test,47,17.0,168,236.42893981933594,0.5538058280944824,0.9338704943656921,21.100000381469727,38.099998474121094,38.099998474121094,258.0,True,False,0.540946364402771,20.610055923461914,0.5414903163909912,20.630780228248113,LSTM,2,48,64,0.05
test_47,A2,test,47,17.100000381469727,169,236.42893981933594,0.5511811375617981,0.9307253956794739,21.0,38.099998474121094,38.099998474121094,258.0,True,False,0.540946364402771,20.610055923461914,0.541503369808197,20.631277563423737,LSTM,2,48,64,0.05
test_47,A2,test,47,17.200000762939453,170,236.42893981933594,0.5485564470291138,0.9250640869140625,20.899999618530273,38.099998474121094,38.099998474121094,258.0,True,False,0.540946364402771,20.610055923461914,0.5461850762367249,20.80965057120693,LSTM,2,48,64,0.05
test_47,A2,test,47,17.299999237060547,171,236.42893981933594,0.5459317564964294,0.9283666014671326,20.799999237060547,38.099998474121094,38.099998474121094,258.0,True,False,0.5369274616241455,20.45693588256836,0.5369274616241455,20.456935468593656,LSTM,2,48,64,0.05
test_47,A2,test,47,17.399999618530273,172,236.42893981933594,0.5433071255683899,0.9272657036781311,20.700000762939453,38.099998474121094,38.099998474121094,258.0,True,False,0.5341004133224487,20.349224090576172,0.5341004133224487,20.349224932612742,LSTM,2,48,64,0.05
test_47,A2,test,47,17.5,173,236.42893981933594,0.5406824350357056,0.9305680990219116,20.600000381469727,38.099998474121094,38.099998474121094,258.0,True,False,0.5249344110488892,20.0,0.5249344110488892,20.000000259976332,LSTM,2,48,64,0.05
test_47,A2,test,47,17.600000381469727,174,236.42893981933594,0.5380577445030212,0.9283666014671326,20.5,38.099998474121094,38.099998474121094,258.0,True,False,0.5243155360221863,19.976421356201172,0.5243155360221863,19.97642112240328,LSTM,2,48,64,0.05
test_47,A2,test,47,17.700000762939453,175,236.42893981933594,0.5354330539703369,0.9239633679389954,20.399999618530273,38.099998474121094,38.099998474121094,258.0,True,False,0.5243155360221863,19.976421356201172,0.5253244638442993,20.014861270886286,LSTM,2,48,64,0.05
test_47,A2,test,47,17.799999237060547,176,236.42893981933594,0.5328084230422974,0.9186166524887085,20.299999237060547,38.099998474121094,38.099998474121094,258.0,True,False,0.5243155360221863,19.976421356201172,0.5274950265884399,20.097559708126028,LSTM,2,48,64,0.05
test_47,A2,test,47,17.899999618530273,177,236.42893981933594,0.5301837921142578,0.9153143167495728,20.200000762939453,38.099998474121094,38.099998474121094,258.0,True,False,0.5243155360221863,19.976421356201172,0.526803195476532,20.071200943817985,LSTM,2,48,64,0.05
test_47,A2,test,47,18.0,178,236.42893981933594,0.5275591015815735,0.9098103046417236,20.100000381469727,38.099998474121094,38.099998474121094,258.0,True,False,0.5243155360221863,19.976421356201172,0.5297510623931885,20.18351466884451,LSTM,2,48,64,0.05
test_47,A2,test,47,18.100000381469727,179,236.42893981933594,0.5249344110488892,0.907608687877655,20.0,38.099998474121094,38.099998474121094,258.0,True,False,0.5243155360221863,19.976421356201172,0.5265036821365356,20.059789486021145,LSTM,2,48,64,0.05
test_47,A2,test,47,18.200000762939453,180,236.42893981933594,0.5223097205162048,0.9022620320320129,19.899999618530273,38.099998474121094,38.099998474121094,258.0,True,False,0.5243155360221863,19.976421356201172,0.5289140939712524,20.15162617324586,LSTM,2,48,64,0.05
test_47,A2,test,47,18.299999237060547,181,236.42893981933594,0.5196850299835205,0.9043062925338745,19.799999237060547,38.099998474121094,38.099998474121094,258.0,True,False,0.5238916873931885,19.96027183532715,0.5238916873931885,19.960272490285206,LSTM,2,48,64,0.05
test_47,A2,test,47,18.399999618530273,182,236.42893981933594,0.517060399055481,0.9043062925338745,19.700000762939453,38.099998474121094,38.099998474121094,258.0,True,False,0.5193623304367065,19.787704467773438,0.5193623304367065,19.787703997154495,LSTM,2,48,64,0.05
test_47,A2,test,47,18.5,183,236.42893981933594,0.5144357085227966,0.8989595174789429,19.600000381469727,38.099998474121094,38.099998474121094,258.0,True,False,0.5193623304367065,19.787704467773438,0.5214303731918335,19.86649642296925,LSTM,2,48,64,0.05
test_47,A2,test,47,18.600000381469727,184,236.42893981933594,0.5118110179901123,0.8988023400306702,19.5,38.099998474121094,38.099998474121094,258.0,True,False,0.5153648853302002,19.635400772094727,0.5153648853302002,19.63540134469622,LSTM,2,48,64,0.05
test_47,A2,test,47,18.700000762939453,185,236.42893981933594,0.5091863870620728,0.8956571817398071,19.399999618530273,38.099998474121094,38.099998474121094,258.0,True,False,0.5147308111190796,19.611242294311523,0.5147308111190796,19.611243118220045,LSTM,2,48,64,0.05
test_47,A2,test,47,18.799999237060547,186,236.42893981933594,0.5065616965293884,0.8943992257118225,19.299999237060547,38.099998474121094,38.099998474121094,258.0,True,False,0.5082576274871826,19.364614486694336,0.5082576274871826,19.364614831722065,LSTM,2,48,64,0.05
test_47,A2,test,47,18.899999618530273,187,236.42893981933594,0.5039370656013489,0.8901532292366028,19.200000762939453,38.099998474121094,38.099998474121094,258.0,True,False,0.5082576274871826,19.364614486694336,0.5085943937301636,19.377445625065775,LSTM,2,48,64,0.05
test_47,A2,test,47,19.0,188,236.42893981933594,0.5013123750686646,0.8890523910522461,19.100000381469727,38.099998474121094,38.099998474121094,258.0,True,False,0.504336416721344,19.21521759033203,0.504336416721344,19.215216707526906,LSTM,2,48,64,0.05
test_47,A2,test,47,19.100000381469727,189,236.42893981933594,0.4986876845359802,0.8934556245803833,19.0,38.099998474121094,38.099998474121094,258.0,True,False,0.4906402826309204,18.69339370727539,0.4906402826309204,18.69339401958041,LSTM,2,48,64,0.05
test_47,A2,test,47,19.200000762939453,190,236.42893981933594,0.4960629940032959,0.8956571817398071,18.899999618530273,38.099998474121094,38.099998474121094,258.0,True,False,0.4802060127258301,18.295848846435547,0.4802060127258301,18.2958483521179,LSTM,2,48,64,0.05
test_47,A2,test,47,19.299999237060547,191,236.42893981933594,0.49343833327293396,0.8956571817398071,18.799999237060547,38.099998474121094,38.099998474121094,258.0,True,False,0.4742549657821655,18.06911277770996,0.4742549657821655,18.069113472644858,LSTM,2,48,64,0.05
test_47,A2,test,47,19.399999618530273,192,236.42893981933594,0.4908137023448944,0.8945564031600952,18.700000762939453,38.099998474121094,38.099998474121094,258.0,True,False,0.4716755151748657,17.970836639404297,0.4716755151748657,17.970836408442665,LSTM,2,48,64,0.05
test_47,A2,test,47,19.5,193,236.42893981933594,0.4881890118122101,0.8907822966575623,18.600000381469727,38.099998474121094,38.099998474121094,258.0,True,False,0.4682043790817261,17.838586807250977,0.4682043790817261,17.838586128590578,LSTM,2,48,64,0.05
test_47,A2,test,47,19.600000381469727,194,236.42893981933594,0.48556432127952576,0.8899959921836853,18.5,38.099998474121094,38.099998474121094,258.0,True,False,0.4614351987838745,17.58068084716797,0.4614351987838745,17.580680369571382,LSTM,2,48,64,0.05
test_47,A2,test,47,19.700000762939453,195,236.42893981933594,0.48293963074684143,0.8901532292366028,18.399999618530273,38.099998474121094,38.099998474121094,258.0,True,False,0.4544919729232788,17.316143035888672,0.4544919729232788,17.316143474877208,LSTM,2,48,64,0.05
test_47,A2,test,47,19.799999237060547,196,236.42893981933594,0.4803149700164795,0.8838629126548767,18.299999237060547,38.099998474121094,38.099998474121094,258.0,True,False,0.4537816047668457,17.289077758789062,0.4537816047668457,17.289078449201043,LSTM,2,48,64,0.05
test_47,A2,test,47,19.899999618530273,197,236.42893981933594,0.47769033908843994,0.8802460432052612,18.200000762939453,38.099998474121094,38.099998474121094,258.0,True,False,0.45068180561065674,17.170976638793945,0.45068180561065674,17.17097610608016,LSTM,2,48,64,0.05
test_47,A2,test,47,20.0,198,236.42893981933594,0.4750656485557556,0.8780444860458374,18.100000381469727,38.099998474121094,38.099998474121094,258.0,True,False,0.44819486141204834,17.076223373413086,0.44819486141204834,17.076223535907957,LSTM,2,48,64,0.05
test_47,A2,test,47,20.100000381469727,199,236.42893981933594,0.4724409580230713,0.8769437074661255,18.0,38.099998474121094,38.099998474121094,258.0,True,False,0.4446988105773926,16.943023681640625,0.4446988105773926,16.943024004442123,LSTM,2,48,64,0.05
test_47,A2,test,47,20.200000762939453,200,236.42893981933594,0.46981626749038696,0.8802460432052612,17.899999618530273,38.099998474121094,38.099998474121094,258.0,True,False,0.43669092655181885,16.637924194335938,0.43669092655181885,16.637923635286825,LSTM,2,48,64,0.05
test_47,A2,test,47,20.299999237060547,201,236.42893981933594,0.467191606760025,0.8747420907020569,17.799999237060547,38.099998474121094,38.099998474121094,258.0,True,False,0.43577247858047485,16.602930068969727,0.43577247858047485,16.60293076898006,LSTM,2,48,64,0.05
test_47,A2,test,47,20.399999618530273,202,236.42893981933594,0.4645669758319855,0.8659356236457825,17.700000762939453,38.099998474121094,38.099998474121094,258.0,True,False,0.43577247858047485,16.602930068969727,0.43597590923309326,16.61068147653441,LSTM,2,48,64,0.05
test_47,A2,test,47,20.5,203,236.42893981933594,0.46194228529930115,0.859330952167511,17.600000381469727,38.099998474121094,38.099998474121094,258.0,True,False,0.4348766803741455,16.56879997253418,0.4348766803741455,16.56880085868579,LSTM,2,48,64,0.05
test_47,A2,test,47,20.600000381469727,204,236.42893981933594,0.4593175947666168,0.8627906441688538,17.5,38.099998474121094,38.099998474121094,258.0,True,False,0.42694538831710815,16.266618728637695,0.42694538831710815,16.26661864341486,LSTM,2,48,64,0.05
test_47,A2,test,47,20.700000762939453,205,236.42893981933594,0.4566929340362549,0.8572865724563599,17.399999618530273,38.099998474121094,38.099998474121094,258.0,True,False,0.42635083198547363,16.24396514892578,0.42635083198547363,16.243966048086804,LSTM,2,48,64,0.05
test_47,A2,test,47,20.799999237060547,206,236.42893981933594,0.45406824350357056,0.855085015296936,17.299999237060547,38.099998474121094,38.099998474121094,258.0,True,False,0.42635083198547363,16.24396514892578,0.4268813729286194,16.264179657211116,LSTM,2,48,64,0.05
test_47,A2,test,47,20.899999618530273,207,236.42893981933594,0.451443612575531,0.8522544503211975,17.200000762939453,38.099998474121094,38.099998474121094,258.0,True,False,0.425362765789032,16.20631980895996,0.425362765789032,16.206320727510047,LSTM,2,48,64,0.05
test_47,A2,test,47,21.0,208,236.42893981933594,0.4488189220428467,0.8519400358200073,17.100000381469727,38.099998474121094,38.099998474121094,258.0,True,False,0.421159029006958,16.046157836914062,0.421159029006958,16.04615836252742,LSTM,2,48,64,0.05
test_47,A2,test,47,21.100000381469727,209,236.42893981933594,0.44619423151016235,0.8506819009780884,17.0,38.099998474121094,38.099998474121094,258.0,True,False,0.4160997271537781,15.853399276733398,0.4160997271537781,15.853398969641148,LSTM,2,48,64,0.05
test_47,A2,test,47,21.200000762939453,210,236.42893981933594,0.4435695707798004,0.8484803438186646,16.899999618530273,38.099998474121094,38.099998474121094,258.0,True,False,0.41238486766815186,15.711862564086914,0.41238486766815186,15.711862828907215,LSTM,2,48,64,0.05
test_47,A2,test,47,21.299999237060547,211,236.42893981933594,0.4409448802471161,0.8484803438186646,16.799999237060547,38.099998474121094,38.099998474121094,258.0,True,False,0.4068027138710022,15.49918270111084,0.4068027138710022,15.499182777753504,LSTM,2,48,64,0.05
test_47,A2,test,47,21.399999618530273,212,236.42893981933594,0.43832024931907654,0.8484803438186646,16.700000762939453,38.099998474121094,38.099998474121094,258.0,True,False,0.40250957012176514,15.335614204406738,0.40250957012176514,15.335614007458389,LSTM,2,48,64,0.05
test_47,A2,test,47,21.5,213,236.42893981933594,0.4356955587863922,0.8484803438186646,16.600000381469727,38.099998474121094,38.099998474121094,258.0,True,False,0.3981267213821411,15.168627738952637,0.3981267213821411,15.16862747716641,LSTM,2,48,64,0.05
test_47,A2,test,47,21.600000381469727,214,236.42893981933594,0.4330708980560303,0.8464359641075134,16.5,38.099998474121094,38.099998474121094,258.0,True,False,0.3952080011367798,15.057424545288086,0.3952080011367798,15.057424240271757,LSTM,2,48,64,0.05
test_47,A2,test,47,21.700000762939453,215,236.42893981933594,0.43044620752334595,0.8519400358200073,16.399999618530273,38.099998474121094,38.099998474121094,258.0,True,False,0.38678795099258423,14.73661994934082,0.38678795099258423,14.736620342625883,LSTM,2,48,64,0.05
test_47,A2,test,47,21.799999237060547,216,236.42893981933594,0.4278215169906616,0.8572865724563599,16.299999237060547,38.099998474121094,38.099998474121094,258.0,True,False,0.3788425624370575,14.433900833129883,0.3788425624370575,14.433901050784016,LSTM,2,48,64,0.05
test_47,A2,test,47,21.899999618530273,217,236.42893981933594,0.42519688606262207,0.8632624745368958,16.200000762939453,38.099998474121094,38.099998474121094,258.0,True,False,0.37301331758499146,14.211807250976562,0.37301331758499146,14.211806830815021,LSTM,2,48,64,0.05
test_47,A2,test,47,22.0,218,236.42893981933594,0.42257219552993774,0.855085015296936,16.100000381469727,38.099998474121094,38.099998474121094,258.0,True,False,0.37021011114120483,14.10500431060791,0.37021011114120483,14.105004669584105,LSTM,2,48,64,0.05
test_47,A2,test,47,22.100000381469727,219,236.42893981933594,0.4199475347995758,0.8431335687637329,16.0,38.099998474121094,38.099998474121094,258.0,True,False,0.3694871962070465,14.077461242675781,0.3694871962070465,14.077461611695753,LSTM,2,48,64,0.05
test_47,A2,test,47,22.200000762939453,220,236.42893981933594,0.4173228442668915,0.8344845175743103,15.899999618530273,38.099998474121094,38.099998474121094,258.0,True,False,0.3683803677558899,14.03529167175293,0.3683803677558899,14.035291449395572,LSTM,2,48,64,0.05
test_47,A2,test,47,22.299999237060547,221,236.42893981933594,0.41469818353652954,0.8310248851776123,15.800000190734863,38.099998474121094,38.099998474121094,258.0,True,False,0.3667870759963989,13.974587440490723,0.3667870759963989,13.974587035790137,LSTM,2,48,64,0.05
test_47,A2,test,47,22.399999618530273,222,236.42893981933594,0.4120734930038452,0.8244200348854065,15.699999809265137,38.099998474121094,38.099998474121094,258.0,True,False,0.3645508587360382,13.889387130737305,0.3645508587360382,13.88938716158259,LSTM,2,48,64,0.05
test_47,A2,test,47,22.5,223,236.42893981933594,0.4094488322734833,0.8223756551742554,15.600000381469727,38.099998474121094,38.099998474121094,258.0,True,False,0.3623368442058563,13.805033683776855,0.3623368442058563,13.805033211360978,LSTM,2,48,64,0.05
test_47,A2,test,47,22.600000381469727,224,236.42893981933594,0.40682417154312134,0.8190733790397644,15.5,38.099998474121094,38.099998474121094,258.0,True,False,0.3600659668445587,13.718512535095215,0.3600659668445587,13.718512787360623,LSTM,2,48,64,0.05
test_47,A2,test,47,22.700000762939453,225,236.42893981933594,0.404199481010437,0.8223756551742554,15.399999618530273,38.099998474121094,38.099998474121094,258.0,True,False,0.35616278648376465,13.569801330566406,0.35616278648376465,13.56980162157015,LSTM,2,48,64,0.05
test_47,A2,test,47,22.799999237060547,226,236.42893981933594,0.4015748202800751,0.8245772123336792,15.300000190734863,38.099998474121094,38.099998474121094,258.0,True,False,0.35219907760620117,13.418784141540527,0.35219907760620117,13.418784319383121,LSTM,2,48,64,0.05
test_47,A2,test,47,22.899999618530273,227,236.42893981933594,0.39895012974739075,0.8154563307762146,15.199999809265137,38.099998474121094,38.099998474121094,258.0,True,False,0.35143160820007324,13.389543533325195,0.35143160820007324,13.389543736180713,LSTM,2,48,64,0.05
test_47,A2,test,47,23.0,228,236.42893981933594,0.3963254988193512,0.8044485449790955,15.100000381469727,38.099998474121094,38.099998474121094,258.0,True,False,0.35143160820007324,13.389543533325195,0.352445125579834,13.428158746803092,LSTM,2,48,64,0.05
test_47,A2,test,47,23.100000381469727,229,236.42893981933594,0.39370080828666687,0.7946986556053162,15.0,38.099998474121094,38.099998474121094,258.0,True,False,0.35143160820007324,13.389543533325195,0.3541674017906189,13.493777467806012,LSTM,2,48,64,0.05
test_47,A2,test,47,23.200000762939453,230,236.42893981933594,0.39107611775398254,0.7906099557876587,14.899999618530273,38.099998474121094,38.099998474121094,258.0,True,False,0.35143160820007324,13.389543533325195,0.35354137420654297,13.469925817807962,LSTM,2,48,64,0.05
test_47,A2,test,47,23.299999237060547,231,236.42893981933594,0.3884514570236206,0.7816462516784668,14.800000190734863,38.099998474121094,38.099998474121094,258.0,True,False,0.35143160820007324,13.389543533325195,0.352435439825058,13.427789719560906,LSTM,2,48,64,0.05
test_47,A2,test,47,23.399999618530273,232,236.42893981933594,0.38582679629325867,0.7807028293609619,14.699999809265137,38.099998474121094,38.099998474121094,258.0,True,False,0.35143160820007324,13.389543533325195,0.35591596364974976,13.560397671970804,LSTM,2,48,64,0.05
test_47,A2,test,47,23.5,233,236.42893981933594,0.38320213556289673,0.7750415802001953,14.600000381469727,38.099998474121094,38.099998474121094,258.0,True,False,0.35143160820007324,13.389543533325195,0.35842615365982056,13.656035907524256,LSTM,2,48,64,0.05
test_47,A2,test,47,23.600000381469727,234,236.42893981933594,0.3805774450302124,0.7728398442268372,14.5,38.099998474121094,38.099998474121094,258.0,True,False,0.35143160820007324,13.389543533325195,0.3610485792160034,13.755950317213319,LSTM,2,48,64,0.05
test_47,A2,test,47,23.700000762939453,235,236.42893981933594,0.3779527544975281,0.7695375680923462,14.399999618530273,38.099998474121094,38.099998474121094,258.0,True,False,0.35143160820007324,13.389543533325195,0.3621995449066162,13.799802108269432,LSTM,2,48,64,0.05
test_47,A2,test,47,23.799999237060547,236,236.42893981933594,0.37532809376716614,0.7685940861701965,14.300000190734863,38.099998474121094,38.099998474121094,258.0,True,False,0.35143160820007324,13.389543533325195,0.36224839091300964,13.801663141038489,LSTM,2,48,64,0.05
test_47,A2,test,47,23.899999618530273,237,236.42893981933594,0.3727034330368042,0.7685940861701965,14.199999809265137,38.099998474121094,38.099998474121094,258.0,True,False,0.35143160820007324,13.389543533325195,0.3613775968551636,13.76848588876328,LSTM,2,48,64,0.05
test_47,A2,test,47,24.0,238,236.42893981933594,0.37007877230644226,0.7684367299079895,14.100000381469727,38.099998474121094,38.099998474121094,258.0,True,False,0.35143160820007324,13.389543533325195,0.35824456810951233,13.64911749833459,LSTM,2,48,64,0.05
test_47,A2,test,47,24.100000381469727,239,236.42893981933594,0.36745408177375793,0.7663923501968384,14.0,38.099998474121094,38.099998474121094,258.0,True,False,0.35143160820007324,13.389543533325195,0.3561168313026428,13.56805072923953,LSTM,2,48,64,0.05
test_47,A2,test,47,24.200000762939453,240,236.42893981933594,0.3648293912410736,0.7632473111152649,13.899999618530273,38.099998474121094,38.099998474121094,258.0,True,False,0.35143160820007324,13.389543533325195,0.35392090678215027,13.484386008359479,LSTM,2,48,64,0.05
test_47,A2,test,47,24.299999237060547,241,236.42893981933594,0.36220473051071167,0.7618319988250732,13.800000190734863,38.099998474121094,38.099998474121094,258.0,True,False,0.3481633961200714,13.26502513885498,0.3481633961200714,13.265024860919539,LSTM,2,48,64,0.05
test_47,A2,test,47,24.399999618530273,242,236.42893981933594,0.35958006978034973,0.7629326581954956,13.699999809265137,38.099998474121094,38.099998474121094,258.0,True,False,0.34195536375045776,13.028498649597168,0.34195536375045776,13.028498837109964,LSTM,2,48,64,0.05
test_47,A2,test,47,24.5,243,236.42893981933594,0.3569554090499878,0.7608883380889893,13.600000381469727,38.099998474121094,38.099998474121094,258.0,True,False,0.33682623505592346,12.83307933807373,0.33682623505592346,12.833079041674637,LSTM,2,48,64,0.05
test_47,A2,test,47,24.600000381469727,244,236.42893981933594,0.35433071851730347,0.7597876787185669,13.5,38.099998474121094,38.099998474121094,258.0,True,False,0.33207035064697266,12.651880264282227,0.33207035064697266,12.651879852950515,LSTM,2,48,64,0.05
test_47,A2,test,47,24.700000762939453,245,236.42893981933594,0.35170602798461914,0.7575860619544983,13.399999618530273,38.099998474121094,38.099998474121094,258.0,True,False,0.3284088373184204,12.512375831604004,0.3284088373184204,12.5123762007197,LSTM,2,48,64,0.05
test_47,A2,test,47,24.799999237060547,246,236.42893981933594,0.3490813970565796,0.7542836666107178,13.300000190734863,38.099998474121094,38.099998474121094,258.0,True,False,0.32435980439186096,12.358108520507812,0.32435980439186096,12.358108052396119,LSTM,2,48,64,0.05
test_47,A2,test,47,24.899999618530273,247,236.42893981933594,0.34645670652389526,0.7542836666107178,13.199999809265137,38.099998474121094,38.099998474121094,258.0,True,False,0.31921738386154175,12.162181854248047,0.31921738386154175,12.162181838037668,LSTM,2,48,64,0.05
test_47,A2,test,47,25.0,248,236.42893981933594,0.3438320457935333,0.752082109451294,13.100000381469727,38.099998474121094,38.099998474121094,258.0,True,False,0.3145908713340759,11.98591136932373,0.3145908713340759,11.985911717800718,LSTM,2,48,64,0.05
test_47,A2,test,47,25.100000381469727,249,236.42893981933594,0.341207355260849,0.7465780973434448,13.0,38.099998474121094,38.099998474121094,258.0,True,False,0.3086574971675873,11.75985050201416,0.3086574971675873,11.759850171111111,LSTM,2,48,64,0.05
test_47,A2,test,47,25.200000762939453,250,236.42893981933594,0.33858269453048706,0.7454772591590881,12.899999618530273,38.099998474121094,38.099998474121094,258.0,True,False,0.3046897053718567,11.60867691040039,0.3046897053718567,11.608677309748145,LSTM,2,48,64,0.05
test_47,A2,test,47,25.299999237060547,251,236.42893981933594,0.3359580338001251,0.7454772591590881,12.800000190734863,38.099998474121094,38.099998474121094,258.0,True,False,0.2997681796550751,11.421167373657227,0.2997681796550751,11.421167187448418,LSTM,2,48,64,0.05
test_47,A2,test,47,25.399999618530273,252,236.42893981933594,0.3333333432674408,0.7432756423950195,12.699999809265137,38.099998474121094,38.099998474121094,258.0,True,False,0.2984009385108948,11.369075775146484,0.2984009385108948,11.369075301941393,LSTM,2,48,64,0.05
test_47,A2,test,47,25.5,253,236.42893981933594,0.33070868253707886,0.7377716302871704,12.600000381469727,38.099998474121094,38.099998474121094,258.0,True,False,0.2960289716720581,11.278703689575195,0.2960289716720581,11.27870336900105,LSTM,2,48,64,0.05
test_47,A2,test,47,25.600000381469727,254,236.42893981933594,0.32808399200439453,0.7344693541526794,12.5,38.099998474121094,38.099998474121094,258.0,True,False,0.29373645782470703,11.19135856628418,0.29373645782470703,11.191358594915073,LSTM,2,48,64,0.05
test_47,A2,test,47,25.700000762939453,255,236.42893981933594,0.3254593312740326,0.7300662398338318,12.399999618530273,38.099998474121094,38.099998474121094,258.0,True,False,0.2908371090888977,11.080893516540527,0.2908371090888977,11.080893412504793,LSTM,2,48,64,0.05
test_47,A2,test,47,25.799999237060547,256,236.42893981933594,0.32283467054367065,0.7247194647789001,12.300000190734863,38.099998474121094,38.099998474121094,258.0,True,False,0.28864434361457825,10.99734878540039,0.28864434361457825,10.997349051279116,LSTM,2,48,64,0.05
test_47,A2,test,47,25.899999618530273,257,236.42893981933594,0.32020998001098633,0.7214170694351196,12.199999809265137,38.099998474121094,38.099998474121094,258.0,True,False,0.28789088129997253,10.968642234802246,0.28789088129997253,10.96864213824233,LSTM,2,48,64,0.05
test_47,A2,test,47,26.0,258,236.42893981933594,0.31758527450702795,,12.099998474121094,38.099998474121094,,,False,True,,,,,LSTM,2,48,64,0.05
test_47,A2,test,47,26.100000381469727,259,236.42893981933594,0.31496059247357194,,11.999998092651367,38.099998474121094,,,False,True,,,,,LSTM,2,48,64,0.05
test_47,A2,test,47,26.200000762939453,260,236.42893981933594,0.31233591044011594,,11.89999771118164,38.099998474121094,,,False,True,,,,,LSTM,2,48,64,0.05
test_47,A2,test,47,26.30000114440918,261,236.42893981933594,0.30971122840666,,11.799997329711914,38.099998474121094,,,False,True,,,,,LSTM,2,48,64,0.05
test_47,A2,test,47,26.400001525878906,262,236.42893981933594,0.307086546373204,,11.699996948242188,38.099998474121094,,,False,True,,,,,LSTM,2,48,64,0.05
test_47,A2,test,47,26.500001907348633,263,236.42893981933594,0.304461864339748,,11.599996566772461,38.099998474121094,,,False,True,,,,,LSTM,2,48,64,0.05
test_47,A2,test,47,26.60000228881836,264,236.42893981933594,0.301837182306292,,11.499996185302734,38.099998474121094,,,False,True,,,,,LSTM,2,48,64,0.05
test_47,A2,test,47,26.700002670288086,265,236.42893981933594,0.29921250027283597,,11.399995803833008,38.099998474121094,,,False,True,,,,,LSTM,2,48,64,0.05
test_47,A2,test,47,26.800003051757812,266,236.42893981933594,0.29658781823937996,,11.299995422363281,38.099998474121094,,,False,True,,,,,LSTM,2,48,64,0.05
test_47,A2,test,47,26.90000343322754,267,236.42893981933594,0.29396313620592396,,11.199995040893555,38.099998474121094,,,False,True,,,,,LSTM,2,48,64,0.05
test_47,A2,test,47,27.000003814697266,268,236.42893981933594,0.29133845417246795,,11.099994659423828,38.099998474121094,,,False,True,,,,,LSTM,2,48,64,0.05
test_47,A2,test,47,27.100004196166992,269,236.42893981933594,0.288713772139012,,10.999994277954102,38.099998474121094,,,False,True,,,,,LSTM,2,48,64,0.05
test_47,A2,test,47,27.20000457763672,270,236.42893981933594,0.286089090105556,,10.899993896484375,38.099998474121094,,,False,True,,,,,LSTM,2,48,64,0.05
test_47,A2,test,47,27.300004959106445,271,236.42893981933594,0.2834644080721,,10.799993515014648,38.099998474121094,,,False,True,,,,,LSTM,2,48,64,0.05
test_47,A2,test,47,27.400005340576172,272,236.42893981933594,0.280839726038644,,10.699993133544922,38.099998474121094,,,False,True,,,,,LSTM,2,48,64,0.05
test_47,A2,test,47,27.5000057220459,273,236.42893981933594,0.278215044005188,,10.599992752075195,38.099998474121094,,,False,True,,,,,LSTM,2,48,64,0.05
test_47,A2,test,47,27.600006103515625,274,236.42893981933594,0.275590361971732,,10.499992370605469,38.099998474121094,,,False,True,,,,,LSTM,2,48,64,0.05
test_47,A2,test,47,27.70000648498535,275,236.42893981933594,0.272965679938276,,10.399991989135742,38.099998474121094,,,False,True,,,,,LSTM,2,48,64,0.05
test_47,A2,test,47,27.800006866455078,276,236.42893981933594,0.27034099790481997,,10.299991607666016,38.099998474121094,,,False,True,,,,,LSTM,2,48,64,0.05
test_47,A2,test,47,27.900007247924805,277,236.42893981933594,0.267716315871364,,10.199991226196289,38.099998474121094,,,False,True,,,,,LSTM,2,48,64,0.05
test_47,A2,test,47,28.00000762939453,278,236.42893981933594,0.265091633837908,,10.099990844726562,38.099998474121094,,,False,True,,,,,LSTM,2,48,64,0.05
test_47,A2,test,47,28.100008010864258,279,236.42893981933594,0.262466951804452,,9.999990463256836,38.099998474121094,,,False,True,,,,,LSTM,2,48,64,0.05
test_47,A2,test,47,28.200008392333984,280,236.42893981933594,0.259842269770996,,9.89999008178711,38.099998474121094,,,False,True,,,,,LSTM,2,48,64,0.05
test_47,A2,test,47,28.30000877380371,281,236.42893981933594,0.25721758773754,,9.799989700317383,38.099998474121094,,,False,True,,,,,LSTM,2,48,64,0.05
test_47,A2,test,47,28.400009155273438,282,236.42893981933594,0.254592905704084,,9.699989318847656,38.099998474121094,,,False,True,,,,,LSTM,2,48,64,0.05
test_47,A2,test,47,28.500009536743164,283,236.42893981933594,0.251968223670628,,9.59998893737793,38.099998474121094,,,False,True,,,,,LSTM,2,48,64,0.05
test_47,A2,test,47,28.60000991821289,284,236.42893981933594,0.249343541637172,,9.499988555908203,38.099998474121094,,,False,True,,,,,LSTM,2,48,64,0.05
test_47,A2,test,47,28.700010299682617,285,236.42893981933594,0.246718859603716,,9.399988174438477,38.099998474121094,,,False,True,,,,,LSTM,2,48,64,0.05
test_47,A2,test,47,28.800010681152344,286,236.42893981933594,0.24409417757026003,,9.29998779296875,38.099998474121094,,,False,True,,,,,LSTM,2,48,64,0.05
test_47,A2,test,47,28.90001106262207,287,236.42893981933594,0.24146949553680402,,9.199987411499023,38.099998474121094,,,False,True,,,,,LSTM,2,48,64,0.05
test_47,A2,test,47,29.000011444091797,288,236.42893981933594,0.23884481350334802,,9.099987030029297,38.099998474121094,,,False,True,,,,,LSTM,2,48,64,0.05
test_47,A2,test,47,29.100011825561523,289,236.42893981933594,0.23622013146989201,,8.99998664855957,38.099998474121094,,,False,True,,,,,LSTM,2,48,64,0.05
test_47,A2,test,47,29.20001220703125,290,236.42893981933594,0.23359544943643604,,8.899986267089844,38.099998474121094,,,False,True,,,,,LSTM,2,48,64,0.05
test_47,A2,test,47,29.300012588500977,291,236.42893981933594,0.23097076740298003,,8.799985885620117,38.099998474121094,,,False,True,,,,,LSTM,2,48,64,0.05
test_47,A2,test,47,29.400012969970703,292,236.42893981933594,0.22834608536952403,,8.69998550415039,38.099998474121094,,,False,True,,,,,LSTM,2,48,64,0.05
test_47,A2,test,47,29.50001335144043,293,236.42893981933594,0.22572140333606802,,8.599985122680664,38.099998474121094,,,False,True,,,,,LSTM,2,48,64,0.05
test_47,A2,test,47,29.600013732910156,294,236.42893981933594,0.22309672130261204,,8.499984741210938,38.099998474121094,,,False,True,,,,,LSTM,2,48,64,0.05
test_47,A2,test,47,29.700014114379883,295,236.42893981933594,0.22047203926915604,,8.399984359741211,38.099998474121094,,,False,True,,,,,LSTM,2,48,64,0.05
test_47,A2,test,47,29.80001449584961,296,236.42893981933594,0.21784735723570003,,8.299983978271484,38.099998474121094,,,False,True,,,,,LSTM,2,48,64,0.05
test_47,A2,test,47,29.900014877319336,297,236.42893981933594,0.21522267520224406,,8.199983596801758,38.099998474121094,,,False,True,,,,,LSTM,2,48,64,0.05
test_47,A2,test,47,30.000015258789062,298,236.42893981933594,0.21259799316878805,,8.099983215332031,38.099998474121094,,,False,True,,,,,LSTM,2,48,64,0.05
test_47,A2,test,47,30.10001564025879,299,236.42893981933594,0.20997331113533205,,7.999982833862305,38.099998474121094,,,False,True,,,,,LSTM,2,48,64,0.05
test_47,A2,test,47,30.200016021728516,300,236.42893981933594,0.20734862910187604,,7.899982452392578,38.099998474121094,,,False,True,,,,,LSTM,2,48,64,0.05
test_47,A2,test,47,30.300016403198242,301,236.42893981933594,0.20472394706842006,,7.799982070922852,38.099998474121094,,,False,True,,,,,LSTM,2,48,64,0.05
test_47,A2,test,47,30.40001678466797,302,236.42893981933594,0.20209926503496406,,7.699981689453125,38.099998474121094,,,False,True,,,,,LSTM,2,48,64,0.05
test_47,A2,test,47,30.500017166137695,303,236.42893981933594,0.19947458300150805,,7.599981307983398,38.099998474121094,,,False,True,,,,,LSTM,2,48,64,0.05
test_47,A2,test,47,30.600017547607422,304,236.42893981933594,0.19684990096805205,,7.499980926513672,38.099998474121094,,,False,True,,,,,LSTM,2,48,64,0.05
test_47,A2,test,47,30.70001792907715,305,236.42893981933594,0.19422521893459607,,7.399980545043945,38.099998474121094,,,False,True,,,,,LSTM,2,48,64,0.05
test_47,A2,test,47,30.800018310546875,306,236.42893981933594,0.19160053690114007,,7.299980163574219,38.099998474121094,,,False,True,,,,,LSTM,2,48,64,0.05
test_47,A2,test,47,30.9000186920166,307,236.42893981933594,0.18897585486768406,,7.199979782104492,38.099998474121094,,,False,True,,,,,LSTM,2,48,64,0.05
test_47,A2,test,47,31.000019073486328,308,236.42893981933594,0.18635117283422806,,7.099979400634766,38.099998474121094,,,False,True,,,,,LSTM,2,48,64,0.05
test_47,A2,test,47,31.100019454956055,309,236.42893981933594,0.18372649080077208,,6.999979019165039,38.099998474121094,,,False,True,,,,,LSTM,2,48,64,0.05
test_47,A2,test,47,31.20001983642578,310,236.42893981933594,0.18110180876731607,,6.8999786376953125,38.099998474121094,,,False,True,,,,,LSTM,2,48,64,0.05
test_47,A2,test,47,31.300020217895508,311,236.42893981933594,0.17847712673386007,,6.799978256225586,38.099998474121094,,,False,True,,,,,LSTM,2,48,64,0.05
test_47,A2,test,47,31.400020599365234,312,236.42893981933594,0.17585244470040406,,6.699977874755859,38.099998474121094,,,False,True,,,,,LSTM,2,48,64,0.05
test_47,A2,test,47,31.50002098083496,313,236.42893981933594,0.1732277626669481,,6.599977493286133,38.099998474121094,,,False,True,,,,,LSTM,2,48,64,0.05
test_47,A2,test,47,31.600021362304688,314,236.42893981933594,0.17060308063349208,,6.499977111816406,38.099998474121094,,,False,True,,,,,LSTM,2,48,64,0.05
test_47,A2,test,47,31.700021743774414,315,236.42893981933594,0.16797839860003608,,6.39997673034668,38.099998474121094,,,False,True,,,,,LSTM,2,48,64,0.05
test_47,A2,test,47,31.80002212524414,316,236.42893981933594,0.1653537165665801,,6.299976348876953,38.099998474121094,,,False,True,,,,,LSTM,2,48,64,0.05
test_47,A2,test,47,31.900022506713867,317,236.42893981933594,0.1627290345331241,,6.199975967407227,38.099998474121094,,,False,True,,,,,LSTM,2,48,64,0.05
test_47,A2,test,47,32.000022888183594,318,236.42893981933594,0.1601043524996681,,6.0999755859375,38.099998474121094,,,False,True,,,,,LSTM,2,48,64,0.05
test_47,A2,test,47,32.10002136230469,319,236.42893981933594,0.157479720527858,,5.999977111816406,38.099998474121094,,,False,True,,,,,LSTM,2,48,64,0.05
test_47,A2,test,47,32.20002365112305,320,236.42893981933594,0.1548549884327561,,5.899974822998047,38.099998474121094,,,False,True,,,,,LSTM,2,48,64,0.05
test_47,A2,test,47,32.300025939941406,321,236.42893981933594,0.1522302563376542,,5.7999725341796875,38.099998474121094,,,False,True,,,,,LSTM,2,48,64,0.05
test_47,A2,test,47,32.4000244140625,322,236.42893981933594,0.1496056243658441,,5.699974060058594,38.099998474121094,,,False,True,,,,,LSTM,2,48,64,0.05
test_47,A2,test,47,32.500022888183594,323,236.42893981933594,0.146980992394034,,5.5999755859375,38.099998474121094,,,False,True,,,,,LSTM,2,48,64,0.05
test_47,A2,test,47,32.60002517700195,324,236.42893981933594,0.14435626029893212,,5.499973297119141,38.099998474121094,,,False,True,,,,,LSTM,2,48,64,0.05
test_47,A2,test,47,32.70002746582031,325,236.42893981933594,0.1417315282038302,,5.399971008300781,38.099998474121094,,,False,True,,,,,LSTM,2,48,64,0.05
test_47,A2,test,47,32.800025939941406,326,236.42893981933594,0.1391068962320201,,5.2999725341796875,38.099998474121094,,,False,True,,,,,LSTM,2,48,64,0.05
test_47,A2,test,47,32.9000244140625,327,236.42893981933594,0.13648226426021,,5.199974060058594,38.099998474121094,,,False,True,,,,,LSTM,2,48,64,0.05
test_47,A2,test,47,33.00002670288086,328,236.42893981933594,0.13385753216510812,,5.099971771240234,38.099998474121094,,,False,True,,,,,LSTM,2,48,64,0.05
test_47,A2,test,47,33.10002899169922,329,236.42893981933594,0.1312328000700062,,4.999969482421875,38.099998474121094,,,False,True,,,,,LSTM,2,48,64,0.05
test_47,A2,test,47,33.20002746582031,330,236.42893981933594,0.1286081680981961,,4.899971008300781,38.099998474121094,,,False,True,,,,,LSTM,2,48,64,0.05
test_47,A2,test,47,33.300025939941406,331,236.42893981933594,0.12598353612638602,,4.7999725341796875,38.099998474121094,,,False,True,,,,,LSTM,2,48,64,0.05
test_47,A2,test,47,33.400028228759766,332,236.42893981933594,0.12335880403128412,,4.699970245361328,38.099998474121094,,,False,True,,,,,LSTM,2,48,64,0.05
test_47,A2,test,47,33.500030517578125,333,236.42893981933594,0.12073407193618221,,4.599967956542969,38.099998474121094,,,False,True,,,,,LSTM,2,48,64,0.05
test_47,A2,test,47,33.60002899169922,334,236.42893981933594,0.11810943996437213,,4.499969482421875,38.099998474121094,,,False,True,,,,,LSTM,2,48,64,0.05
test_47,A2,test,47,33.70002746582031,335,236.42893981933594,0.11548480799256204,,4.399971008300781,38.099998474121094,,,False,True,,,,,LSTM,2,48,64,0.05
test_47,A2,test,47,33.80002975463867,336,236.42893981933594,0.11286007589746014,,4.299968719482422,38.099998474121094,,,False,True,,,,,LSTM,2,48,64,0.05
test_47,A2,test,47,33.90003204345703,337,236.42893981933594,0.11023534380235822,,4.1999664306640625,38.099998474121094,,,False,True,,,,,LSTM,2,48,64,0.05
test_47,A2,test,47,34.000030517578125,338,236.42893981933594,0.10761071183054814,,4.099967956542969,38.099998474121094,,,False,True,,,,,LSTM,2,48,64,0.05
test_47,A2,test,47,34.10002899169922,339,236.42893981933594,0.10498607985873805,,3.999969482421875,38.099998474121094,,,False,True,,,,,LSTM,2,48,64,0.05
test_47,A2,test,47,34.20003128051758,340,236.42893981933594,0.10236134776363615,,3.8999671936035156,38.099998474121094,,,False,True,,,,,LSTM,2,48,64,0.05
test_47,A2,test,47,34.30003356933594,341,236.42893981933594,0.09973661566853423,,3.7999649047851562,38.099998474121094,,,False,True,,,,,LSTM,2,48,64,0.05
test_47,A2,test,47,34.40003204345703,342,236.42893981933594,0.09711198369672415,,3.6999664306640625,38.099998474121094,,,False,True,,,,,LSTM,2,48,64,0.05
test_47,A2,test,47,34.500030517578125,343,236.42893981933594,0.09448735172491406,,3.5999679565429688,38.099998474121094,,,False,True,,,,,LSTM,2,48,64,0.05
test_47,A2,test,47,34.600032806396484,344,236.42893981933594,0.09186261962981215,,3.4999656677246094,38.099998474121094,,,False,True,,,,,LSTM,2,48,64,0.05
test_47,A2,test,47,34.700035095214844,345,236.42893981933594,0.08923788753471024,,3.39996337890625,38.099998474121094,,,False,True,,,,,LSTM,2,48,64,0.05
test_47,A2,test,47,34.80003356933594,346,236.42893981933594,0.08661325556290016,,3.2999649047851562,38.099998474121094,,,False,True,,,,,LSTM,2,48,64,0.05
test_47,A2,test,47,34.90003204345703,347,236.42893981933594,0.08398862359109006,,3.1999664306640625,38.099998474121094,,,False,True,,,,,LSTM,2,48,64,0.05
test_47,A2,test,47,35.00003433227539,348,236.42893981933594,0.08136389149598816,,3.099964141845703,38.099998474121094,,,False,True,,,,,LSTM,2,48,64,0.05
test_47,A2,test,47,35.10003662109375,349,236.42893981933594,0.07873915940088626,,2.9999618530273438,38.099998474121094,,,False,True,,,,,LSTM,2,48,64,0.05
test_47,A2,test,47,35.200035095214844,350,236.42893981933594,0.07611452742907616,,2.89996337890625,38.099998474121094,,,False,True,,,,,LSTM,2,48,64,0.05
test_47,A2,test,47,35.30003356933594,351,236.42893981933594,0.07348989545726607,,2.7999649047851562,38.099998474121094,,,False,True,,,,,LSTM,2,48,64,0.05
test_47,A2,test,47,35.4000358581543,352,236.42893981933594,0.07086516336216417,,2.699962615966797,38.099998474121094,,,False,True,,,,,LSTM,2,48,64,0.05
test_47,A2,test,47,35.500038146972656,353,236.42893981933594,0.06824043126706227,,2.5999603271484375,38.099998474121094,,,False,True,,,,,LSTM,2,48,64,0.05
test_47,A2,test,47,35.60003662109375,354,236.42893981933594,0.06561579929525217,,2.4999618530273438,38.099998474121094,,,False,True,,,,,LSTM,2,48,64,0.05
test_47,A2,test,47,35.700035095214844,355,236.42893981933594,0.0629911673234421,,2.39996337890625,38.099998474121094,,,False,True,,,,,LSTM,2,48,64,0.05
test_47,A2,test,47,35.8000373840332,356,236.42893981933594,0.060366435228340176,,2.2999610900878906,38.099998474121094,,,False,True,,,,,LSTM,2,48,64,0.05
test_47,A2,test,47,35.90003967285156,357,236.42893981933594,0.05774170313323827,,2.1999588012695312,38.099998474121094,,,False,True,,,,,LSTM,2,48,64,0.05
test_47,A2,test,47,36.000038146972656,358,236.42893981933594,0.05511707116142818,,2.0999603271484375,38.099998474121094,,,False,True,,,,,LSTM,2,48,64,0.05
test_47,A2,test,47,36.10003662109375,359,236.42893981933594,0.052492439189618094,,1.9999618530273438,38.099998474121094,,,False,True,,,,,LSTM,2,48,64,0.05
test_47,A2,test,47,36.20003890991211,360,236.42893981933594,0.049867707094516184,,1.8999595642089844,38.099998474121094,,,False,True,,,,,LSTM,2,48,64,0.05
test_47,A2,test,47,36.30004119873047,361,236.42893981933594,0.04724297499941428,,1.799957275390625,38.099998474121094,,,False,True,,,,,LSTM,2,48,64,0.05
test_47,A2,test,47,36.40003967285156,362,236.42893981933594,0.044618343027604195,,1.6999588012695312,38.099998474121094,,,False,True,,,,,LSTM,2,48,64,0.05
test_47,A2,test,47,36.500038146972656,363,236.42893981933594,0.0419937110557941,,1.5999603271484375,38.099998474121094,,,False,True,,,,,LSTM,2,48,64,0.05
test_47,A2,test,47,36.600040435791016,364,236.42893981933594,0.0393689789606922,,1.4999580383300781,38.099998474121094,,,False,True,,,,,LSTM,2,48,64,0.05
test_47,A2,test,47,36.700042724609375,365,236.42893981933594,0.03674424686559029,,1.3999557495117188,38.099998474121094,,,False,True,,,,,LSTM,2,48,64,0.05
test_47,A2,test,47,36.80004119873047,366,236.42893981933594,0.0341196148937802,,1.299957275390625,38.099998474121094,,,False,True,,,,,LSTM,2,48,64,0.05
test_47,A2,test,47,36.90003967285156,367,236.42893981933594,0.031494982921970116,,1.1999588012695312,38.099998474121094,,,False,True,,,,,LSTM,2,48,64,0.05
test_47,A2,test,47,37.00004196166992,368,236.42893981933594,0.028870250826868206,,1.0999565124511719,38.099998474121094,,,False,True,,,,,LSTM,2,48,64,0.05
test_47,A2,test,47,37.10004425048828,369,236.42893981933594,0.026245518731766296,,0.9999542236328125,38.099998474121094,,,False,True,,,,,LSTM,2,48,64,0.05
test_47,A2,test,47,37.200042724609375,370,236.42893981933594,0.02362088675995621,,0.8999557495117188,38.099998474121094,,,False,True,,,,,LSTM,2,48,64,0.05
test_47,A2,test,47,37.30004119873047,371,236.42893981933594,0.020996254788146124,,0.799957275390625,38.099998474121094,,,False,True,,,,,LSTM,2,48,64,0.05
test_47,A2,test,47,37.40004348754883,372,236.42893981933594,0.018371522693044214,,0.6999549865722656,38.099998474121094,,,False,True,,,,,LSTM,2,48,64,0.05
test_47,A2,test,47,37.50004577636719,373,236.42893981933594,0.015746790597942307,,0.5999526977539062,38.099998474121094,,,False,True,,,,,LSTM,2,48,64,0.05
test_47,A2,test,47,37.60004425048828,374,236.42893981933594,0.013122158626132219,,0.4999542236328125,38.099998474121094,,,False,True,,,,,LSTM,2,48,64,0.05
test_47,A2,test,47,37.700042724609375,375,236.42893981933594,0.010497526654322133,,0.39995574951171875,38.099998474121094,,,False,True,,,,,LSTM,2,48,64,0.05
test_47,A2,test,47,37.800045013427734,376,236.42893981933594,0.007872794559220225,,0.2999534606933594,38.099998474121094,,,False,True,,,,,LSTM,2,48,64,0.05
test_47,A2,test,47,37.900047302246094,377,236.42893981933594,0.005248062464118315,,0.199951171875,38.099998474121094,,,False,True,,,,,LSTM,2,48,64,0.05
test_47,A2,test,47,38.00004577636719,378,236.42893981933594,0.0026234304923082284,,0.09995269775390625,38.099998474121094,,,False,True,,,,,LSTM,2,48,64,0.05
test_47,A2,test,47,38.10004425048828,379,236.42893981933594,0.0,,0.0,38.099998474121094,,,False,True,,,,,LSTM,2,48,64,0.05
