sequence_id,family,source_split,data_no,time,end_index,dust_feed,health_remaining_true,dp_proxy_health,rul_true,total_life,sequence_total_life,window_count,is_observed,is_tail_reference,health_remaining_pred,rul_pred,health_remaining_pred_raw,rul_pred_raw,model,fold,window,hidden_dim,dropout
test_21,A2,test,21,0.10000000149011612,0,316.9850769042969,0.9979035258293152,1.0,47.599998474121094,47.70000076293945,47.70000076293945,239.0,True,False,0.989223837852478,47.185977935791016,0.989223837852478,47.185977820281096,LSTM,0,48,64,0.05
test_21,A2,test,21,0.20000000298023224,1,316.9850769042969,0.9958071112632751,1.0,47.5,47.70000076293945,47.70000076293945,239.0,True,False,0.9759072065353394,46.55077362060547,0.9759072065353394,46.5507744962938,LSTM,0,48,64,0.05
test_21,A2,test,21,0.30000001192092896,2,316.9850769042969,0.9937106966972351,1.0,47.400001525878906,47.70000076293945,47.70000076293945,239.0,True,False,0.9748126268386841,46.49856185913086,0.9748126268386841,46.49856304392824,LSTM,0,48,64,0.05
test_21,A2,test,21,0.4000000059604645,3,316.9850769042969,0.9916142225265503,1.0,47.29999923706055,47.70000076293945,47.70000076293945,239.0,True,False,0.9748126268386841,46.49856185913086,0.9826507568359375,46.87244185077725,LSTM,0,48,64,0.05
test_21,A2,test,21,0.5,4,316.9850769042969,0.9895178079605103,1.0,47.20000076293945,47.70000076293945,47.70000076293945,239.0,True,False,0.9725407958030701,46.39019775390625,0.9725407958030701,46.390196701796185,LSTM,0,48,64,0.05
test_21,A2,test,21,0.6000000238418579,5,316.9850769042969,0.9874213337898254,1.0,47.099998474121094,47.70000076293945,47.70000076293945,239.0,True,False,0.9396607875823975,44.82181930541992,0.9396607875823975,44.821820284584646,LSTM,0,48,64,0.05
test_21,A2,test,21,0.699999988079071,6,316.9850769042969,0.9853249192237854,1.0,47.0,47.70000076293945,47.70000076293945,239.0,True,False,0.9285014271736145,44.289520263671875,0.9285014271736145,44.28951878457178,LSTM,0,48,64,0.05
test_21,A2,test,21,0.800000011920929,7,316.9850769042969,0.9832285046577454,1.0,46.900001525878906,47.70000076293945,47.70000076293945,239.0,True,False,0.9073597192764282,43.28105926513672,0.9073597192764282,43.281059301746154,LSTM,0,48,64,0.05
test_21,A2,test,21,0.8999999761581421,8,316.9850769042969,0.9811320304870605,1.0,46.79999923706055,47.70000076293945,47.70000076293945,239.0,True,False,0.9073597192764282,43.28105926513672,0.9125944375991821,43.53075536973529,LSTM,0,48,64,0.05
test_21,A2,test,21,1.0,9,316.9850769042969,0.9790356159210205,1.0,46.70000076293945,47.70000076293945,47.70000076293945,239.0,True,False,0.8919661045074463,42.546783447265625,0.8919661045074463,42.54678386552132,LSTM,0,48,64,0.05
test_21,A2,test,21,1.100000023841858,10,316.9850769042969,0.9769391417503357,1.0,46.599998474121094,47.70000076293945,47.70000076293945,239.0,True,False,0.8919661045074463,42.546783447265625,0.9032082557678223,43.083034489218335,LSTM,0,48,64,0.05
test_21,A2,test,21,1.2000000476837158,11,316.9850769042969,0.9748427271842957,1.0,46.5,47.70000076293945,47.70000076293945,239.0,True,False,0.8919661045074463,42.546783447265625,0.898195207118988,42.84391206484429,LSTM,0,48,64,0.05
test_21,A2,test,21,1.2999999523162842,12,316.9850769042969,0.9727463722229004,1.0,46.400001525878906,47.70000076293945,47.70000076293945,239.0,True,False,0.8919661045074463,42.546783447265625,0.9063259959220886,43.23175069695549,LSTM,0,48,64,0.05
test_21,A2,test,21,1.399999976158142,13,316.9850769042969,0.9706498384475708,1.0,46.29999923706055,47.70000076293945,47.70000076293945,239.0,True,False,0.8919661045074463,42.546783447265625,0.9231250286102295,44.03306456899645,LSTM,0,48,64,0.05
test_21,A2,test,21,1.5,14,316.9850769042969,0.9685534834861755,1.0,46.20000076293945,47.70000076293945,47.70000076293945,239.0,True,False,0.8919661045074463,42.546783447265625,0.9164252281188965,43.713484080448325,LSTM,0,48,64,0.05
test_21,A2,test,21,1.600000023841858,15,316.9850769042969,0.966456949710846,1.0,46.099998474121094,47.70000076293945,47.70000076293945,239.0,True,False,0.8919661045074463,42.546783447265625,0.9170485734939575,43.74321765531431,LSTM,0,48,64,0.05
test_21,A2,test,21,1.7000000476837158,16,316.9850769042969,0.9643605947494507,1.0,46.0,47.70000076293945,47.70000076293945,239.0,True,False,0.8919661045074463,42.546783447265625,0.9041996002197266,43.130321620330506,LSTM,0,48,64,0.05
test_21,A2,test,21,1.7999999523162842,17,316.9850769042969,0.9622641801834106,1.0,45.900001525878906,47.70000076293945,47.70000076293945,239.0,True,False,0.8919661045074463,42.546783447265625,0.9080699682235718,43.31493817706678,LSTM,0,48,64,0.05
test_21,A2,test,21,1.899999976158142,18,316.9850769042969,0.9601677060127258,1.0,45.79999923706055,47.70000076293945,47.70000076293945,239.0,True,False,0.8919661045074463,42.546783447265625,0.9142031669616699,43.60749176155332,LSTM,0,48,64,0.05
test_21,A2,test,21,2.0,19,316.9850769042969,0.9580712914466858,1.0,45.70000076293945,47.70000076293945,47.70000076293945,239.0,True,False,0.8919661045074463,42.546783447265625,0.9115675687789917,43.48177372622877,LSTM,0,48,64,0.05
test_21,A2,test,21,2.0999999046325684,20,316.9850769042969,0.955974817276001,1.0,45.599998474121094,47.70000076293945,47.70000076293945,239.0,True,False,0.8919661045074463,42.546783447265625,0.9111466407775879,43.46169546024066,LSTM,0,48,64,0.05
test_21,A2,test,21,2.200000047683716,21,316.9850769042969,0.9538784027099609,1.0,45.5,47.70000076293945,47.70000076293945,239.0,True,False,0.8919661045074463,42.546783447265625,0.9100376963615417,43.408798810749204,LSTM,0,48,64,0.05
test_21,A2,test,21,2.299999952316284,22,316.9850769042969,0.9517819881439209,1.0,45.400001525878906,47.70000076293945,47.70000076293945,239.0,True,False,0.8919661045074463,42.546783447265625,0.9045544862747192,43.14724968542441,LSTM,0,48,64,0.05
test_21,A2,test,21,2.4000000953674316,23,316.9850769042969,0.9496855139732361,1.0,45.29999923706055,47.70000076293945,47.70000076293945,239.0,True,False,0.8919661045074463,42.546783447265625,0.9031823873519897,43.08180056576339,LSTM,0,48,64,0.05
test_21,A2,test,21,2.5,24,316.9850769042969,0.947589099407196,1.0,45.20000076293945,47.70000076293945,47.70000076293945,239.0,True,False,0.8919661045074463,42.546783447265625,0.9022389054298401,43.03679647735703,LSTM,0,48,64,0.05
test_21,A2,test,21,2.5999999046325684,25,316.9850769042969,0.9454926252365112,1.0,45.099998474121094,47.70000076293945,47.70000076293945,239.0,True,False,0.8919661045074463,42.546783447265625,0.9006309509277344,42.960097046379815,LSTM,0,48,64,0.05
test_21,A2,test,21,2.700000047683716,26,316.9850769042969,0.9433962106704712,1.0,45.0,47.70000076293945,47.70000076293945,239.0,True,False,0.8919661045074463,42.546783447265625,0.9002900719642639,42.943837119562204,LSTM,0,48,64,0.05
test_21,A2,test,21,2.799999952316284,27,316.9850769042969,0.9412997961044312,1.0,44.900001525878906,47.70000076293945,47.70000076293945,239.0,True,False,0.8919661045074463,42.546783447265625,0.8945280909538269,42.668990620968316,LSTM,0,48,64,0.05
test_21,A2,test,21,2.9000000953674316,28,316.9850769042969,0.9392033219337463,1.0,44.79999923706055,47.70000076293945,47.70000076293945,239.0,True,False,0.8919661045074463,42.546783447265625,0.8988349437713623,42.87442750365062,LSTM,0,48,64,0.05
test_21,A2,test,21,3.0,29,316.9850769042969,0.9371069073677063,1.0,44.70000076293945,47.70000076293945,47.70000076293945,239.0,True,False,0.8919661045074463,42.546783447265625,0.8922210335731506,42.55894398214991,LSTM,0,48,64,0.05
test_21,A2,test,21,3.0999999046325684,30,316.9850769042969,0.9350104331970215,1.0,44.599998474121094,47.70000076293945,47.70000076293945,239.0,True,False,0.8704533576965332,41.520626068115234,0.8704533576965332,41.52062582622784,LSTM,0,48,64,0.05
test_21,A2,test,21,3.200000047683716,31,316.9850769042969,0.9329140186309814,1.0,44.5,47.70000076293945,47.70000076293945,239.0,True,False,0.8704533576965332,41.520626068115234,0.8788427114486694,41.92079800660531,LSTM,0,48,64,0.05
test_21,A2,test,21,3.299999952316284,32,316.9850769042969,0.9308176040649414,1.0,44.400001525878906,47.70000076293945,47.70000076293945,239.0,True,False,0.8704533576965332,41.520626068115234,0.8833856582641602,42.13749657317021,LSTM,0,48,64,0.05
test_21,A2,test,21,3.4000000953674316,33,316.9850769042969,0.9287211298942566,1.0,44.29999923706055,47.70000076293945,47.70000076293945,239.0,True,False,0.8704533576965332,41.520626068115234,0.8831198215484619,42.12481616162859,LSTM,0,48,64,0.05
test_21,A2,test,21,3.5,34,316.9850769042969,0.9266247153282166,1.0,44.20000076293945,47.70000076293945,47.70000076293945,239.0,True,False,0.8704533576965332,41.520626068115234,0.8836952447891235,42.15226385064716,LSTM,0,48,64,0.05
test_21,A2,test,21,3.5999999046325684,35,316.9850769042969,0.9245282411575317,1.0,44.099998474121094,47.70000076293945,47.70000076293945,239.0,True,False,0.8704533576965332,41.520626068115234,0.881831169128418,42.06334744020933,LSTM,0,48,64,0.05
test_21,A2,test,21,3.700000047683716,36,316.9850769042969,0.9224318265914917,1.0,44.0,47.70000076293945,47.70000076293945,239.0,True,False,0.8704533576965332,41.520626068115234,0.8751612901687622,41.74519420874503,LSTM,0,48,64,0.05
test_21,A2,test,21,3.799999952316284,37,316.9850769042969,0.9203354716300964,1.0,43.900001525878906,47.70000076293945,47.70000076293945,239.0,True,False,0.8704533576965332,41.520626068115234,0.8751107454299927,41.742783224667164,LSTM,0,48,64,0.05
test_21,A2,test,21,3.9000000953674316,38,316.9850769042969,0.9182389378547668,1.0,43.79999923706055,47.70000076293945,47.70000076293945,239.0,True,False,0.8704533576965332,41.520626068115234,0.878591775894165,41.908828380464,LSTM,0,48,64,0.05
test_21,A2,test,21,4.0,39,316.9850769042969,0.9161425828933716,1.0,43.70000076293945,47.70000076293945,47.70000076293945,239.0,True,False,0.8704533576965332,41.520626068115234,0.8784815669059753,41.90357141164327,LSTM,0,48,64,0.05
test_21,A2,test,21,4.099999904632568,40,316.9850769042969,0.914046049118042,1.0,43.599998474121094,47.70000076293945,47.70000076293945,239.0,True,False,0.8693352937698364,41.46729278564453,0.8693352937698364,41.46729417607139,LSTM,0,48,64,0.05
test_21,A2,test,21,4.199999809265137,41,316.9850769042969,0.9119496941566467,1.0,43.5,47.70000076293945,47.70000076293945,239.0,True,False,0.8640183210372925,41.21367645263672,0.8640183210372925,41.21367457267252,LSTM,0,48,64,0.05
test_21,A2,test,21,4.300000190734863,42,316.9850769042969,0.9098532795906067,1.0,43.400001525878906,47.70000076293945,47.70000076293945,239.0,True,False,0.8629709482192993,41.16371536254883,0.8629709482192993,41.16371488845516,LSTM,0,48,64,0.05
test_21,A2,test,21,4.400000095367432,43,316.9850769042969,0.9077568054199219,1.0,43.29999923706055,47.70000076293945,47.70000076293945,239.0,True,False,0.8592385649681091,40.985679626464844,0.8592385649681091,40.985680204525806,LSTM,0,48,64,0.05
test_21,A2,test,21,4.5,44,316.9850769042969,0.9056603908538818,1.0,43.20000076293945,47.70000076293945,47.70000076293945,239.0,True,False,0.8501008749008179,40.54981231689453,0.8501008749008179,40.54981238134451,LSTM,0,48,64,0.05
test_21,A2,test,21,4.599999904632568,45,316.9850769042969,0.903563916683197,1.0,43.099998474121094,47.70000076293945,47.70000076293945,239.0,True,False,0.8458185195922852,40.345542907714844,0.8458185195922852,40.34554402986032,LSTM,0,48,64,0.05
test_21,A2,test,21,4.699999809265137,46,316.9850769042969,0.901467502117157,1.0,43.0,47.70000076293945,47.70000076293945,239.0,True,False,0.8442113399505615,40.268882751464844,0.8442113399505615,40.26888155972392,LSTM,0,48,64,0.05
test_21,A2,test,21,4.800000190734863,47,316.9850769042969,0.8993710875511169,1.0,42.900001525878906,47.70000076293945,47.70000076293945,239.0,True,False,0.84232497215271,40.17890167236328,0.84232497215271,40.17890181432722,LSTM,0,48,64,0.05
test_21,A2,test,21,4.900000095367432,48,316.9850769042969,0.8972746133804321,1.0,42.79999923706055,47.70000076293945,47.70000076293945,239.0,True,False,0.8414278030395508,40.1361083984375,0.8414278030395508,40.13610684694504,LSTM,0,48,64,0.05
test_21,A2,test,21,5.0,49,316.9850769042969,0.8951781988143921,1.0,42.70000076293945,47.70000076293945,47.70000076293945,239.0,True,False,0.8414278030395508,40.1361083984375,0.8466914892196655,40.38718468175239,LSTM,0,48,64,0.05
test_21,A2,test,21,5.099999904632568,50,316.9850769042969,0.8930817246437073,1.0,42.599998474121094,47.70000076293945,47.70000076293945,239.0,True,False,0.8107414245605469,38.672367095947266,0.8107414245605469,38.672366570084705,LSTM,0,48,64,0.05
test_21,A2,test,21,5.199999809265137,51,316.9850769042969,0.8909853100776672,1.0,42.5,47.70000076293945,47.70000076293945,239.0,True,False,0.8095724582672119,38.616607666015625,0.8095724582672119,38.61660687700078,LSTM,0,48,64,0.05
test_21,A2,test,21,5.300000190734863,52,316.9850769042969,0.8888888955116272,1.0,42.400001525878906,47.70000076293945,47.70000076293945,239.0,True,False,0.8095724582672119,38.616607666015625,0.8106691241264343,38.668917839322376,LSTM,0,48,64,0.05
test_21,A2,test,21,5.400000095367432,53,316.9850769042969,0.8867924213409424,1.0,42.29999923706055,47.70000076293945,47.70000076293945,239.0,True,False,0.7945379018783569,37.89945983886719,0.7945379018783569,37.89945852578194,LSTM,0,48,64,0.05
test_21,A2,test,21,5.5,54,316.9850769042969,0.8846960067749023,1.0,42.20000076293945,47.70000076293945,47.70000076293945,239.0,True,False,0.7883157730102539,37.6026611328125,0.7883157730102539,37.602662974026316,LSTM,0,48,64,0.05
test_21,A2,test,21,5.599999904632568,55,316.9850769042969,0.8825995326042175,1.0,42.099998474121094,47.70000076293945,47.70000076293945,239.0,True,False,0.7600074410438538,36.25235366821289,0.7600074410438538,36.252355517631486,LSTM,0,48,64,0.05
test_21,A2,test,21,5.699999809265137,56,316.9850769042969,0.8805031180381775,1.0,42.0,47.70000076293945,47.70000076293945,239.0,True,False,0.7425817847251892,35.42115020751953,0.7425817847251892,35.421151697936466,LSTM,0,48,64,0.05
test_21,A2,test,21,5.800000190734863,57,316.9850769042969,0.8784067034721375,1.0,41.900001525878906,47.70000076293945,47.70000076293945,239.0,True,False,0.6887481808662415,32.85329055786133,0.6887481808662415,32.85328875279288,LSTM,0,48,64,0.05
test_21,A2,test,21,5.900000095367432,58,316.9850769042969,0.8763102293014526,1.0,41.79999923706055,47.70000076293945,47.70000076293945,239.0,True,False,0.6887481808662415,32.85329055786133,0.6889810562133789,32.864396907029004,LSTM,0,48,64,0.05
test_21,A2,test,21,6.0,59,316.9850769042969,0.8742138147354126,1.0,41.70000076293945,47.70000076293945,47.70000076293945,239.0,True,False,0.6726572513580322,32.085750579833984,0.6726572513580322,32.08575140297489,LSTM,0,48,64,0.05
test_21,A2,test,21,6.099999904632568,60,316.9850769042969,0.8721173405647278,1.0,41.599998474121094,47.70000076293945,47.70000076293945,239.0,True,False,0.6507472991943359,31.040647506713867,0.6507472991943359,31.040646668050613,LSTM,0,48,64,0.05
test_21,A2,test,21,6.199999809265137,61,316.9850769042969,0.8700209259986877,1.0,41.5,47.70000076293945,47.70000076293945,239.0,True,False,0.6507472991943359,31.040647506713867,0.6811895370483398,32.49274143691218,LSTM,0,48,64,0.05
test_21,A2,test,21,6.300000190734863,62,316.9850769042969,0.8679245710372925,1.0,41.400001525878906,47.70000076293945,47.70000076293945,239.0,True,False,0.6507472991943359,31.040647506713867,0.6762244701385498,32.25590774152715,LSTM,0,48,64,0.05
test_21,A2,test,21,6.400000095367432,63,316.9850769042969,0.8658280372619629,1.0,41.29999923706055,47.70000076293945,47.70000076293945,239.0,True,False,0.6507472991943359,31.040647506713867,0.6915229558944702,32.985645523756375,LSTM,0,48,64,0.05
test_21,A2,test,21,6.5,64,316.9850769042969,0.8637316823005676,1.0,41.20000076293945,47.70000076293945,47.70000076293945,239.0,True,False,0.64738929271698,30.880470275878906,0.64738929271698,30.880469756518778,LSTM,0,48,64,0.05
test_21,A2,test,21,6.599999904632568,65,316.9850769042969,0.861635148525238,1.0,41.099998474121094,47.70000076293945,47.70000076293945,239.0,True,False,0.64738929271698,30.880470275878906,0.6797235012054443,32.42281152608757,LSTM,0,48,64,0.05
test_21,A2,test,21,6.699999809265137,66,316.9850769042969,0.8595387935638428,1.0,41.0,47.70000076293945,47.70000076293945,239.0,True,False,0.64738929271698,30.880470275878906,0.7166483402252197,34.184126375502274,LSTM,0,48,64,0.05
test_21,A2,test,21,6.800000190734863,67,316.9850769042969,0.8574423789978027,1.0,40.900001525878906,47.70000076293945,47.70000076293945,239.0,True,False,0.64738929271698,30.880470275878906,0.6946313381195068,33.13391535826213,LSTM,0,48,64,0.05
test_21,A2,test,21,6.900000095367432,68,316.9850769042969,0.8553459048271179,1.0,40.79999923706055,47.70000076293945,47.70000076293945,239.0,True,False,0.64738929271698,30.880470275878906,0.6885768175125122,32.84511472068925,LSTM,0,48,64,0.05
test_21,A2,test,21,7.0,69,316.9850769042969,0.8532494902610779,1.0,40.70000076293945,47.70000076293945,47.70000076293945,239.0,True,False,0.64738929271698,30.880470275878906,0.6565101146697998,31.31553297062692,LSTM,0,48,64,0.05
test_21,A2,test,21,7.099999904632568,70,316.9850769042969,0.8511530160903931,1.0,40.599998474121094,47.70000076293945,47.70000076293945,239.0,True,False,0.6324007511138916,30.165515899658203,0.6324007511138916,30.165516310616113,LSTM,0,48,64,0.05
test_21,A2,test,21,7.199999809265137,71,316.9850769042969,0.849056601524353,1.0,40.5,47.70000076293945,47.70000076293945,239.0,True,False,0.6321947574615479,30.155691146850586,0.6321947574615479,30.155690413242155,LSTM,0,48,64,0.05
test_21,A2,test,21,7.300000190734863,72,316.9850769042969,0.846960186958313,1.0,40.400001525878906,47.70000076293945,47.70000076293945,239.0,True,False,0.6280237436294556,29.95673370361328,0.6280237436294556,29.956733050269122,LSTM,0,48,64,0.05
test_21,A2,test,21,7.400000095367432,73,316.9850769042969,0.8448637127876282,1.0,40.29999923706055,47.70000076293945,47.70000076293945,239.0,True,False,0.6280237436294556,29.95673370361328,0.6307137608528137,30.085046873875626,LSTM,0,48,64,0.05
test_21,A2,test,21,7.5,74,316.9850769042969,0.8427672982215881,1.0,40.20000076293945,47.70000076293945,47.70000076293945,239.0,True,False,0.6233648061752319,29.734500885009766,0.6233648061752319,29.734501730148168,LSTM,0,48,64,0.05
test_21,A2,test,21,7.599999904632568,75,316.9850769042969,0.8406708240509033,1.0,40.099998474121094,47.70000076293945,47.70000076293945,239.0,True,False,0.6202322840690613,29.585081100463867,0.6202322840690613,29.585080423293903,LSTM,0,48,64,0.05
test_21,A2,test,21,7.699999809265137,76,316.9850769042969,0.8385744094848633,1.0,40.0,47.70000076293945,47.70000076293945,239.0,True,False,0.6202322840690613,29.585081100463867,0.6292184591293335,30.013720980524795,LSTM,0,48,64,0.05
test_21,A2,test,21,7.800000190734863,77,316.9850769042969,0.8364779949188232,1.0,39.900001525878906,47.70000076293945,47.70000076293945,239.0,True,False,0.6202322840690613,29.585081100463867,0.660965085029602,31.52803506018836,LSTM,0,48,64,0.05
test_21,A2,test,21,7.900000095367432,78,316.9850769042969,0.8343815207481384,1.0,39.79999923706055,47.70000076293945,47.70000076293945,239.0,True,False,0.6202322840690613,29.585081100463867,0.7064844369888306,33.69930818337207,LSTM,0,48,64,0.05
test_21,A2,test,21,8.0,79,316.9850769042969,0.8322851061820984,1.0,39.70000076293945,47.70000076293945,47.70000076293945,239.0,True,False,0.6202322840690613,29.585081100463867,0.6934322118759155,33.07671703552796,LSTM,0,48,64,0.05
test_21,A2,test,21,8.100000381469727,80,316.9850769042969,0.8301886320114136,1.0,39.599998474121094,47.70000076293945,47.70000076293945,239.0,True,False,0.6202322840690613,29.585081100463867,0.6929032206535339,33.05148415381677,LSTM,0,48,64,0.05
test_21,A2,test,21,8.199999809265137,81,316.9850769042969,0.8280922174453735,1.0,39.5,47.70000076293945,47.70000076293945,239.0,True,False,0.6202322840690613,29.585081100463867,0.6926045417785645,33.037237171252855,LSTM,0,48,64,0.05
test_21,A2,test,21,8.300000190734863,82,316.9850769042969,0.8259958028793335,1.0,39.400001525878906,47.70000076293945,47.70000076293945,239.0,True,False,0.6202322840690613,29.585081100463867,0.6743800640106201,32.16792956781774,LSTM,0,48,64,0.05
test_21,A2,test,21,8.399999618530273,83,316.9850769042969,0.8238993287086487,1.0,39.29999923706055,47.70000076293945,47.70000076293945,239.0,True,False,0.6202322840690613,29.585081100463867,0.6584390997886658,31.407545562268524,LSTM,0,48,64,0.05
test_21,A2,test,21,8.5,84,316.9850769042969,0.8218029141426086,1.0,39.20000076293945,47.70000076293945,47.70000076293945,239.0,True,False,0.6202322840690613,29.585081100463867,0.6724062561988831,32.07377893369198,LSTM,0,48,64,0.05
test_21,A2,test,21,8.600000381469727,85,316.9850769042969,0.8197064399719238,1.0,39.099998474121094,47.70000076293945,47.70000076293945,239.0,True,False,0.6202322840690613,29.585081100463867,0.647194504737854,30.871178369765857,LSTM,0,48,64,0.05
test_21,A2,test,21,8.699999809265137,86,316.9850769042969,0.8176100254058838,1.0,39.0,47.70000076293945,47.70000076293945,239.0,True,False,0.6202322840690613,29.585081100463867,0.642107367515564,30.628521920381445,LSTM,0,48,64,0.05
test_21,A2,test,21,8.800000190734863,87,316.9850769042969,0.8155136704444885,1.0,38.900001525878906,47.70000076293945,47.70000076293945,239.0,True,False,0.6202322840690613,29.585081100463867,0.6420755386352539,30.62700368276637,LSTM,0,48,64,0.05
test_21,A2,test,21,8.899999618530273,88,316.9850769042969,0.8134171366691589,1.0,38.79999923706055,47.70000076293945,47.70000076293945,239.0,True,False,0.6202322840690613,29.585081100463867,0.6708694696426392,32.000474213786674,LSTM,0,48,64,0.05
test_21,A2,test,21,9.0,89,316.9850769042969,0.8113207817077637,1.0,38.70000076293945,47.70000076293945,47.70000076293945,239.0,True,False,0.6202322840690613,29.585081100463867,0.6713827848434448,32.02495934925673,LSTM,0,48,64,0.05
test_21,A2,test,21,9.100000381469727,90,316.9850769042969,0.8092242479324341,1.0,38.599998474121094,47.70000076293945,47.70000076293945,239.0,True,False,0.6202322840690613,29.585081100463867,0.6796350479125977,32.4185923039513,LSTM,0,48,64,0.05
test_21,A2,test,21,9.199999809265137,91,316.9850769042969,0.8071278929710388,1.0,38.5,47.70000076293945,47.70000076293945,239.0,True,False,0.6202322840690613,29.585081100463867,0.6746792793273926,32.182202138656066,LSTM,0,48,64,0.05
test_21,A2,test,21,9.300000190734863,92,316.9850769042969,0.8050314784049988,1.0,38.400001525878906,47.70000076293945,47.70000076293945,239.0,True,False,0.6202322840690613,29.585081100463867,0.6928460001945496,33.04875473787956,LSTM,0,48,64,0.05
test_21,A2,test,21,9.399999618530273,93,316.9850769042969,0.802935004234314,1.0,38.29999923706055,47.70000076293945,47.70000076293945,239.0,True,False,0.6202322840690613,29.585081100463867,0.6857706308364868,32.71125961410189,LSTM,0,48,64,0.05
test_21,A2,test,21,9.5,94,316.9850769042969,0.8008385896682739,1.0,38.20000076293945,47.70000076293945,47.70000076293945,239.0,True,False,0.6202322840690613,29.585081100463867,0.6653571128845215,31.737534792218867,LSTM,0,48,64,0.05
test_21,A2,test,21,9.600000381469727,95,316.9850769042969,0.7987421154975891,0.9997609257698059,38.099998474121094,47.70000076293945,47.70000076293945,239.0,True,False,0.6202322840690613,29.585081100463867,0.6586306691169739,31.416683419374976,LSTM,0,48,64,0.05
test_21,A2,test,21,9.699999809265137,96,316.9850769042969,0.7966457009315491,1.0,38.0,47.70000076293945,47.70000076293945,239.0,True,False,0.6202322840690613,29.585081100463867,0.6497361660003662,30.992415613926823,LSTM,0,48,64,0.05
test_21,A2,test,21,9.800000190734863,97,316.9850769042969,0.794549286365509,1.0,37.900001525878906,47.70000076293945,47.70000076293945,239.0,True,False,0.6202322840690613,29.585081100463867,0.6661293506622314,31.774370534804802,LSTM,0,48,64,0.05
test_21,A2,test,21,9.899999618530273,98,316.9850769042969,0.7924528121948242,1.0,37.79999923706055,47.70000076293945,47.70000076293945,239.0,True,False,0.6202322840690613,29.585081100463867,0.7340967655181885,35.016416275288975,LSTM,0,48,64,0.05
test_21,A2,test,21,10.0,99,316.9850769042969,0.7903563976287842,0.9997609257698059,37.70000076293945,47.70000076293945,47.70000076293945,239.0,True,False,0.6202322840690613,29.585081100463867,0.7066231966018677,33.7059270170198,LSTM,0,48,64,0.05
test_21,A2,test,21,10.100000381469727,100,316.9850769042969,0.7882599234580994,0.9942569732666016,37.599998474121094,47.70000076293945,47.70000076293945,239.0,True,False,0.6202322840690613,29.585081100463867,0.7434768676757812,35.4638471553626,LSTM,0,48,64,0.05
test_21,A2,test,21,10.199999809265137,101,316.9850769042969,0.7861635088920593,0.9931561946868896,37.5,47.70000076293945,47.70000076293945,239.0,True,False,0.6202322840690613,29.585081100463867,0.7659075260162354,36.533789575315495,LSTM,0,48,64,0.05
test_21,A2,test,21,10.300000190734863,102,316.9850769042969,0.7840670943260193,0.9900110363960266,37.400001525878906,47.70000076293945,47.70000076293945,239.0,True,False,0.6202322840690613,29.585081100463867,0.7311498522758484,34.87584851138104,LSTM,0,48,64,0.05
test_21,A2,test,21,10.399999618530273,103,316.9850769042969,0.7819706201553345,0.9854506254196167,37.29999923706055,47.70000076293945,47.70000076293945,239.0,True,False,0.6202322840690613,29.585081100463867,0.7040500640869141,33.58318859409337,LSTM,0,48,64,0.05
test_21,A2,test,21,10.5,104,316.9850769042969,0.7798742055892944,0.9845070242881775,37.20000076293945,47.70000076293945,47.70000076293945,239.0,True,False,0.6202322840690613,29.585081100463867,0.7249999046325684,34.58249600410454,LSTM,0,48,64,0.05
test_21,A2,test,21,10.600000381469727,105,316.9850769042969,0.7777777314186096,0.9843498468399048,37.099998474121094,47.70000076293945,47.70000076293945,239.0,True,False,0.6202322840690613,29.585081100463867,0.7249916791915894,34.58210365056357,LSTM,0,48,64,0.05
test_21,A2,test,21,10.699999809265137,106,316.9850769042969,0.7756813168525696,0.9900110363960266,37.0,47.70000076293945,47.70000076293945,239.0,True,False,0.6202322840690613,29.585081100463867,0.7037262916564941,33.56774464891532,LSTM,0,48,64,0.05
test_21,A2,test,21,10.800000190734863,107,316.9850769042969,0.7735849022865295,0.9942569732666016,36.900001525878906,47.70000076293945,47.70000076293945,239.0,True,False,0.6202322840690613,29.585081100463867,0.7017772793769836,33.47477676169569,LSTM,0,48,64,0.05
test_21,A2,test,21,10.899999618530273,108,316.9850769042969,0.7714884281158447,1.0,36.79999923706055,47.70000076293945,47.70000076293945,239.0,True,False,0.6202322840690613,29.585081100463867,0.703954815864563,33.57864525381456,LSTM,0,48,64,0.05
test_21,A2,test,21,11.0,109,316.9850769042969,0.7693920135498047,1.0,36.70000076293945,47.70000076293945,47.70000076293945,239.0,True,False,0.6202322840690613,29.585081100463867,0.6790212392807007,32.389313631741516,LSTM,0,48,64,0.05
test_21,A2,test,21,11.100000381469727,110,316.9850769042969,0.7672955393791199,1.0,36.599998474121094,47.70000076293945,47.70000076293945,239.0,True,False,0.6202322840690613,29.585081100463867,0.7033176422119141,33.54825207009708,LSTM,0,48,64,0.05
test_21,A2,test,21,11.199999809265137,111,316.9850769042969,0.7651991248130798,1.0,36.5,47.70000076293945,47.70000076293945,239.0,True,False,0.6202322840690613,29.585081100463867,0.7213663458824158,34.40917524895008,LSTM,0,48,64,0.05
test_21,A2,test,21,11.300000190734863,112,316.9850769042969,0.7631027698516846,1.0,36.400001525878906,47.70000076293945,47.70000076293945,239.0,True,False,0.6202322840690613,29.585081100463867,0.7244119644165039,34.554451255349704,LSTM,0,48,64,0.05
test_21,A2,test,21,11.399999618530273,113,316.9850769042969,0.761006236076355,1.0,36.29999923706055,47.70000076293945,47.70000076293945,239.0,True,False,0.6202322840690613,29.585081100463867,0.7301028370857239,34.82590588601329,LSTM,0,48,64,0.05
test_21,A2,test,21,11.5,114,316.9850769042969,0.7589098811149597,1.0,36.20000076293945,47.70000076293945,47.70000076293945,239.0,True,False,0.6202322840690613,29.585081100463867,0.7406585216522217,35.32941204788858,LSTM,0,48,64,0.05
test_21,A2,test,21,11.600000381469727,115,316.9850769042969,0.7568133473396301,1.0,36.099998474121094,47.70000076293945,47.70000076293945,239.0,True,False,0.6202322840690613,29.585081100463867,0.7442531585693359,35.50087623157742,LSTM,0,48,64,0.05
test_21,A2,test,21,11.699999809265137,116,316.9850769042969,0.7547169923782349,1.0,36.0,47.70000076293945,47.70000076293945,239.0,True,False,0.6202322840690613,29.585081100463867,0.7478135228157043,35.67070560884554,LSTM,0,48,64,0.05
test_21,A2,test,21,11.800000190734863,117,316.9850769042969,0.7526205778121948,1.0,35.900001525878906,47.70000076293945,47.70000076293945,239.0,True,False,0.6202322840690613,29.585081100463867,0.7577513456344604,36.14473976488216,LSTM,0,48,64,0.05
test_21,A2,test,21,11.899999618530273,118,316.9850769042969,0.75052410364151,0.9997609257698059,35.79999923706055,47.70000076293945,47.70000076293945,239.0,True,False,0.6202322840690613,29.585081100463867,0.7720891237258911,36.82865179078226,LSTM,0,48,64,0.05
test_21,A2,test,21,12.0,119,316.9850769042969,0.74842768907547,0.9997609257698059,35.70000076293945,47.70000076293945,47.70000076293945,239.0,True,False,0.6202322840690613,29.585081100463867,0.7790254950523376,37.15951670834579,LSTM,0,48,64,0.05
test_21,A2,test,21,12.100000381469727,120,316.9850769042969,0.7463312149047852,0.9985029101371765,35.599998474121094,47.70000076293945,47.70000076293945,239.0,True,False,0.6202322840690613,29.585081100463867,0.7907156348228455,37.71713638431788,LSTM,0,48,64,0.05
test_21,A2,test,21,12.199999809265137,121,316.9850769042969,0.7442348003387451,0.9942569732666016,35.5,47.70000076293945,47.70000076293945,239.0,True,False,0.6202322840690613,29.585081100463867,0.7978416085243225,38.057045335315024,LSTM,0,48,64,0.05
test_21,A2,test,21,12.300000190734863,122,316.9850769042969,0.7421383857727051,0.9903255701065063,35.400001525878906,47.70000076293945,47.70000076293945,239.0,True,False,0.6202322840690613,29.585081100463867,0.8116211891174316,38.714331340119315,LSTM,0,48,64,0.05
test_21,A2,test,21,12.399999618530273,123,316.9850769042969,0.7400419116020203,0.9942569732666016,35.29999923706055,47.70000076293945,47.70000076293945,239.0,True,False,0.6202322840690613,29.585081100463867,0.8119664788246155,38.73080165941542,LSTM,0,48,64,0.05
test_21,A2,test,21,12.5,124,316.9850769042969,0.7379454970359802,0.990954577922821,35.20000076293945,47.70000076293945,47.70000076293945,239.0,True,False,0.6202322840690613,29.585081100463867,0.8111432790756226,38.691535030760406,LSTM,0,48,64,0.05
test_21,A2,test,21,12.600000381469727,125,316.9850769042969,0.7358490228652954,0.9964585900306702,35.099998474121094,47.70000076293945,47.70000076293945,239.0,True,False,0.6202322840690613,29.585081100463867,0.7919142246246338,37.77430911877764,LSTM,0,48,64,0.05
test_21,A2,test,21,12.699999809265137,126,316.9850769042969,0.7337526082992554,0.9997609257698059,35.0,47.70000076293945,47.70000076293945,239.0,True,False,0.6202322840690613,29.585081100463867,0.7640898823738098,36.447087972185045,LSTM,0,48,64,0.05
test_21,A2,test,21,12.800000190734863,127,316.9850769042969,0.7316561937332153,0.9942569732666016,34.900001525878906,47.70000076293945,47.70000076293945,239.0,True,False,0.6202322840690613,29.585081100463867,0.781288743019104,37.26747363808727,LSTM,0,48,64,0.05
test_21,A2,test,21,12.899999618530273,128,316.9850769042969,0.7295597195625305,0.9931561946868896,34.79999923706055,47.70000076293945,47.70000076293945,239.0,True,False,0.6202322840690613,29.585081100463867,0.7991737723350525,38.120589550103205,LSTM,0,48,64,0.05
test_21,A2,test,21,13.0,129,316.9850769042969,0.7274633049964905,0.9931561946868896,34.70000076293945,47.70000076293945,47.70000076293945,239.0,True,False,0.6202322840690613,29.585081100463867,0.8135205507278442,38.804930890385094,LSTM,0,48,64,0.05
test_21,A2,test,21,13.100000381469727,130,316.9850769042969,0.7253668308258057,0.9898538589477539,34.599998474121094,47.70000076293945,47.70000076293945,239.0,True,False,0.6202322840690613,29.585081100463867,0.8232506513595581,39.26905669794132,LSTM,0,48,64,0.05
test_21,A2,test,21,13.199999809265137,131,316.9850769042969,0.7232704162597656,0.9876522421836853,34.5,47.70000076293945,47.70000076293945,239.0,True,False,0.6202322840690613,29.585081100463867,0.8303741216659546,39.60884623699121,LSTM,0,48,64,0.05
test_21,A2,test,21,13.300000190734863,132,316.9850769042969,0.7211740016937256,0.9841926097869873,34.400001525878906,47.70000076293945,47.70000076293945,239.0,True,False,0.6202322840690613,29.585081100463867,0.8300005793571472,39.59102826857611,LSTM,0,48,64,0.05
test_21,A2,test,21,13.399999618530273,133,316.9850769042969,0.7190775275230408,0.9843498468399048,34.29999923706055,47.70000076293945,47.70000076293945,239.0,True,False,0.6202322840690613,29.585081100463867,0.8373675346374512,39.94243204106715,LSTM,0,48,64,0.05
test_21,A2,test,21,13.5,134,316.9850769042969,0.7169811129570007,0.9812046885490417,34.20000076293945,47.70000076293945,47.70000076293945,239.0,True,False,0.6202322840690613,29.585081100463867,0.8346076607704163,39.81078605550397,LSTM,0,48,64,0.05
test_21,A2,test,21,13.600000381469727,135,316.9850769042969,0.7148846387863159,0.9830917716026306,34.099998474121094,47.70000076293945,47.70000076293945,239.0,True,False,0.6202322840690613,29.585081100463867,0.8411040306091309,40.12066290176699,LSTM,0,48,64,0.05
test_21,A2,test,21,13.699999809265137,136,316.9850769042969,0.7127882242202759,0.9788458347320557,34.0,47.70000076293945,47.70000076293945,239.0,True,False,0.6202322840690613,29.585081100463867,0.8340023756027222,39.781913952543164,LSTM,0,48,64,0.05
test_21,A2,test,21,13.800000190734863,137,316.9850769042969,0.7106918692588806,0.9854506254196167,33.900001525878906,47.70000076293945,47.70000076293945,239.0,True,False,0.6202322840690613,29.585081100463867,0.8366121053695679,39.90639806441277,LSTM,0,48,64,0.05
test_21,A2,test,21,13.899999618530273,138,316.9850769042969,0.708595335483551,0.9854506254196167,33.79999923706055,47.70000076293945,47.70000076293945,239.0,True,False,0.6202322840690613,29.585081100463867,0.8299524188041687,39.58873101016229,LSTM,0,48,64,0.05
test_21,A2,test,21,14.0,139,316.9850769042969,0.7064989805221558,0.9848216772079468,33.70000076293945,47.70000076293945,47.70000076293945,239.0,True,False,0.6202322840690613,29.585081100463867,0.8347715139389038,39.818601851765834,LSTM,0,48,64,0.05
test_21,A2,test,21,14.100000381469727,140,316.9850769042969,0.7044024467468262,0.985136091709137,33.599998474121094,47.70000076293945,47.70000076293945,239.0,True,False,0.6202322840690613,29.585081100463867,0.8322600722312927,39.69880608039671,LSTM,0,48,64,0.05
test_21,A2,test,21,14.199999809265137,141,316.9850769042969,0.7023060917854309,0.9876522421836853,33.5,47.70000076293945,47.70000076293945,239.0,True,False,0.6202322840690613,29.585081100463867,0.823765754699707,39.29362712765942,LSTM,0,48,64,0.05
test_21,A2,test,21,14.300000190734863,142,316.9850769042969,0.7002096772193909,0.9986602067947388,33.400001525878906,47.70000076293945,47.70000076293945,239.0,True,False,0.6202322840690613,29.585081100463867,0.76959228515625,36.70955258910544,LSTM,0,48,64,0.05
test_21,A2,test,21,14.399999618530273,143,316.9850769042969,0.698113203048706,0.9931561946868896,33.29999923706055,47.70000076293945,47.70000076293945,239.0,True,False,0.6202322840690613,29.585081100463867,0.7735303640365601,36.89739895470075,LSTM,0,48,64,0.05
test_21,A2,test,21,14.5,144,316.9850769042969,0.696016788482666,0.9942569732666016,33.20000076293945,47.70000076293945,47.70000076293945,239.0,True,False,0.6202322840690613,29.585081100463867,0.7794172763824463,37.17820467809088,LSTM,0,48,64,0.05
test_21,A2,test,21,14.600000381469727,145,316.9850769042969,0.6939203143119812,0.9942569732666016,33.099998474121094,47.70000076293945,47.70000076293945,239.0,True,False,0.6202322840690613,29.585081100463867,0.768978476524353,36.68027391689566,LSTM,0,48,64,0.05
test_21,A2,test,21,14.699999809265137,146,316.9850769042969,0.6918238997459412,0.9876522421836853,33.0,47.70000076293945,47.70000076293945,239.0,True,False,0.6202322840690613,29.585081100463867,0.7630274891853333,36.39641181628417,LSTM,0,48,64,0.05
test_21,A2,test,21,14.800000190734863,147,316.9850769042969,0.6897274851799011,0.9810474514961243,32.900001525878906,47.70000076293945,47.70000076293945,239.0,True,False,0.6202322840690613,29.585081100463867,0.7342634201049805,35.0243656992061,LSTM,0,48,64,0.05
test_21,A2,test,21,14.899999618530273,148,316.9850769042969,0.6876310110092163,0.9757006764411926,32.79999923706055,47.70000076293945,47.70000076293945,239.0,True,False,0.6202322840690613,29.585081100463867,0.684902548789978,32.66985209982113,LSTM,0,48,64,0.05
test_21,A2,test,21,15.0,149,316.9850769042969,0.6855345964431763,0.9843498468399048,32.70000076293945,47.70000076293945,47.70000076293945,239.0,True,False,0.6202322840690613,29.585081100463867,0.6501538753509521,31.01234035026846,LSTM,0,48,64,0.05
test_21,A2,test,21,15.100000381469727,150,316.9850769042969,0.6834381222724915,0.9821482300758362,32.599998474121094,47.70000076293945,47.70000076293945,239.0,True,False,0.6202322840690613,29.585081100463867,0.6454200744628906,30.78653804429632,LSTM,0,48,64,0.05
test_21,A2,test,21,15.199999809265137,151,316.9850769042969,0.6813417077064514,0.9876522421836853,32.5,47.70000076293945,47.70000076293945,239.0,True,False,0.6197217106819153,29.560726165771484,0.6197217106819153,29.560726072337502,LSTM,0,48,64,0.05
test_21,A2,test,21,15.300000190734863,152,316.9850769042969,0.6792452931404114,0.9854506254196167,32.400001525878906,47.70000076293945,47.70000076293945,239.0,True,False,0.6197217106819153,29.560726165771484,0.6594263315200806,31.454636516610208,LSTM,0,48,64,0.05
test_21,A2,test,21,15.399999618530273,153,316.9850769042969,0.6771488189697266,0.9821482300758362,32.29999923706055,47.70000076293945,47.70000076293945,239.0,True,False,0.6197217106819153,29.560726165771484,0.7096620202064514,33.850878905276886,LSTM,0,48,64,0.05
test_21,A2,test,21,15.5,154,316.9850769042969,0.6750524044036865,0.9757006764411926,32.20000076293945,47.70000076293945,47.70000076293945,239.0,True,False,0.6197217106819153,29.560726165771484,0.7221122980117798,34.44475716608986,LSTM,0,48,64,0.05
test_21,A2,test,21,15.600000381469727,155,316.9850769042969,0.6729559302330017,0.9810474514961243,32.099998474121094,47.70000076293945,47.70000076293945,239.0,True,False,0.6197217106819153,29.560726165771484,0.803370475769043,38.32077230710638,LSTM,0,48,64,0.05
test_21,A2,test,21,15.699999809265137,156,316.9850769042969,0.6708595156669617,0.9843498468399048,32.0,47.70000076293945,47.70000076293945,239.0,True,False,0.6197217106819153,29.560726165771484,0.8291501998901367,39.55046516735092,LSTM,0,48,64,0.05
test_21,A2,test,21,15.800000190734863,157,316.9850769042969,0.6687631011009216,0.990954577922821,31.899999618530273,47.70000076293945,47.70000076293945,239.0,True,False,0.6197217106819153,29.560726165771484,0.7874540090560913,37.56155683275529,LSTM,0,48,64,0.05
test_21,A2,test,21,15.899999618530273,158,316.9850769042969,0.6666666269302368,0.9854506254196167,31.799999237060547,47.70000076293945,47.70000076293945,239.0,True,False,0.6197217106819153,29.560726165771484,0.7946956157684326,37.906981478458874,LSTM,0,48,64,0.05
test_21,A2,test,21,16.0,159,316.9850769042969,0.6645702123641968,0.9821482300758362,31.700000762939453,47.70000076293945,47.70000076293945,239.0,True,False,0.6197217106819153,29.560726165771484,0.8078470230102539,38.53430361392748,LSTM,0,48,64,0.05
test_21,A2,test,21,16.100000381469727,160,316.9850769042969,0.6624737977981567,0.9843498468399048,31.600000381469727,47.70000076293945,47.70000076293945,239.0,True,False,0.6197217106819153,29.560726165771484,0.8053140640258789,38.413481468440295,LSTM,0,48,64,0.05
test_21,A2,test,21,16.200000762939453,161,316.9850769042969,0.6603773236274719,0.9843498468399048,31.5,47.70000076293945,47.70000076293945,239.0,True,False,0.6197217106819153,29.560726165771484,0.8032204508781433,38.31361611969601,LSTM,0,48,64,0.05
test_21,A2,test,21,16.299999237060547,162,316.9850769042969,0.6582809090614319,0.9768015742301941,31.399999618530273,47.70000076293945,47.70000076293945,239.0,True,False,0.6197217106819153,29.560726165771484,0.8109252452850342,38.68113481878299,LSTM,0,48,64,0.05
test_21,A2,test,21,16.399999618530273,163,316.9850769042969,0.6561844348907471,0.9821482300758362,31.299999237060547,47.70000076293945,47.70000076293945,239.0,True,False,0.6197217106819153,29.560726165771484,0.8133084774017334,38.79481499256781,LSTM,0,48,64,0.05
test_21,A2,test,21,16.5,164,316.9850769042969,0.6540880799293518,0.9783741235733032,31.200000762939453,47.70000076293945,47.70000076293945,239.0,True,False,0.6197217106819153,29.560726165771484,0.8093552589416504,38.60624646900578,LSTM,0,48,64,0.05
test_21,A2,test,21,16.600000381469727,165,316.9850769042969,0.651991605758667,0.9741281867027283,31.100000381469727,47.70000076293945,47.70000076293945,239.0,True,False,0.6197217106819153,29.560726165771484,0.8192338347434998,39.07745454229075,LSTM,0,48,64,0.05
test_21,A2,test,21,16.700000762939453,166,316.9850769042969,0.649895191192627,0.9679951667785645,31.0,47.70000076293945,47.70000076293945,239.0,True,False,0.6197217106819153,29.560726165771484,0.8135697841644287,38.807279325347736,LSTM,0,48,64,0.05
test_21,A2,test,21,16.799999237060547,167,316.9850769042969,0.6477987170219421,0.9701967835426331,30.899999618530273,47.70000076293945,47.70000076293945,239.0,True,False,0.6197217106819153,29.560726165771484,0.8209542036056519,39.159516138327945,LSTM,0,48,64,0.05
test_21,A2,test,21,16.899999618530273,168,316.9850769042969,0.6457023024559021,0.9661080837249756,30.799999237060547,47.70000076293945,47.70000076293945,239.0,True,False,0.6197217106819153,29.560726165771484,0.7844074964523315,37.41623817923164,LSTM,0,48,64,0.05
test_21,A2,test,21,17.0,169,316.9850769042969,0.6436058878898621,0.9683097004890442,30.700000762939453,47.70000076293945,47.70000076293945,239.0,True,False,0.6197217106819153,29.560726165771484,0.7477492094039917,35.66763785905778,LSTM,0,48,64,0.05
test_21,A2,test,21,17.100000381469727,170,316.9850769042969,0.6415094137191772,0.9734991788864136,30.600000381469727,47.70000076293945,47.70000076293945,239.0,True,False,0.6197217106819153,29.560726165771484,0.7356541156768799,35.09070187904672,LSTM,0,48,64,0.05
test_21,A2,test,21,17.200000762939453,171,316.9850769042969,0.6394129991531372,0.9734991788864136,30.5,47.70000076293945,47.70000076293945,239.0,True,False,0.6197217106819153,29.560726165771484,0.7685917019844055,36.661824771045076,LSTM,0,48,64,0.05
test_21,A2,test,21,17.299999237060547,172,316.9850769042969,0.6373165249824524,0.9734991788864136,30.399999618530273,47.70000076293945,47.70000076293945,239.0,True,False,0.6197217106819153,29.560726165771484,0.7522076964378357,35.88030769397369,LSTM,0,48,64,0.05
test_21,A2,test,21,17.399999618530273,173,316.9850769042969,0.6352201104164124,0.9757006764411926,30.299999237060547,47.70000076293945,47.70000076293945,239.0,True,False,0.6197217106819153,29.560726165771484,0.8142967224121094,38.84195428031671,LSTM,0,48,64,0.05
test_21,A2,test,21,17.5,174,316.9850769042969,0.6331236958503723,0.9668943285942078,30.200000762939453,47.70000076293945,47.70000076293945,239.0,True,False,0.6197217106819153,29.560726165771484,0.78798508644104,37.58688922442252,LSTM,0,48,64,0.05
test_21,A2,test,21,17.600000381469727,175,316.9850769042969,0.6310272812843323,0.9723982810974121,30.100000381469727,47.70000076293945,47.70000076293945,239.0,True,False,0.6197217106819153,29.560726165771484,0.767855703830719,36.62671765855271,LSTM,0,48,64,0.05
test_21,A2,test,21,17.700000762939453,176,316.9850769042969,0.6289308071136475,0.9757006764411926,30.0,47.70000076293945,47.70000076293945,239.0,True,False,0.6197217106819153,29.560726165771484,0.7526400685310364,35.90093184314924,LSTM,0,48,64,0.05
test_21,A2,test,21,17.799999237060547,177,316.9850769042969,0.6268343925476074,0.9723982810974121,29.899999618530273,47.70000076293945,47.70000076293945,239.0,True,False,0.6197217106819153,29.560726165771484,0.7266170978546143,34.65963612202995,LSTM,0,48,64,0.05
test_21,A2,test,21,17.899999618530273,178,316.9850769042969,0.6247379183769226,0.9701967835426331,29.799999237060547,47.70000076293945,47.70000076293945,239.0,True,False,0.6197217106819153,29.560726165771484,0.7047773599624634,33.61788060791196,LSTM,0,48,64,0.05
test_21,A2,test,21,18.0,179,316.9850769042969,0.6226415038108826,0.9788458347320557,29.700000762939453,47.70000076293945,47.70000076293945,239.0,True,False,0.6197217106819153,29.560726165771484,0.6825035810470581,32.55542133665358,LSTM,0,48,64,0.05
test_21,A2,test,21,18.100000381469727,180,316.9850769042969,0.6205450892448425,0.9734991788864136,29.600000381469727,47.70000076293945,47.70000076293945,239.0,True,False,0.6197217106819153,29.560726165771484,0.6576343774795532,31.3691603075099,LSTM,0,48,64,0.05
test_21,A2,test,21,18.200000762939453,181,316.9850769042969,0.6184486150741577,0.9766442179679871,29.5,47.70000076293945,47.70000076293945,239.0,True,False,0.6197217106819153,29.560726165771484,0.6579604148864746,31.384712292068798,LSTM,0,48,64,0.05
test_21,A2,test,21,18.299999237060547,182,316.9850769042969,0.6163522005081177,0.9701967835426331,29.399999618530273,47.70000076293945,47.70000076293945,239.0,True,False,0.6197217106819153,29.560726165771484,0.6507860422134399,31.042494710091432,LSTM,0,48,64,0.05
test_21,A2,test,21,18.399999618530273,183,316.9850769042969,0.6142557263374329,0.9701967835426331,29.299999237060547,47.70000076293945,47.70000076293945,239.0,True,False,0.6197217106819153,29.560726165771484,0.6804826259613037,32.45902177752123,LSTM,0,48,64,0.05
test_21,A2,test,21,18.5,184,316.9850769042969,0.6121593117713928,0.9734991788864136,29.200000762939453,47.70000076293945,47.70000076293945,239.0,True,False,0.6197217106819153,29.560726165771484,0.6698269248008728,31.95074482403902,LSTM,0,48,64,0.05
test_21,A2,test,21,18.600000381469727,185,316.9850769042969,0.6100628972053528,0.9668943285942078,29.100000381469727,47.70000076293945,47.70000076293945,239.0,True,False,0.6197217106819153,29.560726165771484,0.6851393580436707,32.68114790140294,LSTM,0,48,64,0.05
test_21,A2,test,21,18.700000762939453,186,316.9850769042969,0.607966423034668,0.9582452774047852,29.0,47.70000076293945,47.70000076293945,239.0,True,False,0.6197217106819153,29.560726165771484,0.6633706092834473,31.642778568932044,LSTM,0,48,64,0.05
test_21,A2,test,21,18.799999237060547,187,316.9850769042969,0.6058700084686279,0.9560436606407166,28.899999618530273,47.70000076293945,47.70000076293945,239.0,True,False,0.6197217106819153,29.560726165771484,0.6536319255828857,31.178243348985234,LSTM,0,48,64,0.05
test_21,A2,test,21,18.899999618530273,188,316.9850769042969,0.6037735342979431,0.9549428820610046,28.799999237060547,47.70000076293945,47.70000076293945,239.0,True,False,0.6197217106819153,29.560726165771484,0.6447099447250366,30.7526648552589,LSTM,0,48,64,0.05
test_21,A2,test,21,19.0,189,316.9850769042969,0.6016771793365479,0.9483381509780884,28.700000762939453,47.70000076293945,47.70000076293945,239.0,True,False,0.6197217106819153,29.560726165771484,0.6243705749511719,29.782476901527843,LSTM,0,48,64,0.05
test_21,A2,test,21,19.100000381469727,190,316.9850769042969,0.599580705165863,0.9444067478179932,28.600000381469727,47.70000076293945,47.70000076293945,239.0,True,False,0.6197217106819153,29.560726165771484,0.6235350370407104,29.74262174256137,LSTM,0,48,64,0.05
test_21,A2,test,21,19.200000762939453,191,316.9850769042969,0.597484290599823,0.9462937116622925,28.5,47.70000076293945,47.70000076293945,239.0,True,False,0.6197217106819153,29.560726165771484,0.6250795125961304,29.81629322773324,LSTM,0,48,64,0.05
test_21,A2,test,21,19.299999237060547,192,316.9850769042969,0.5953878164291382,0.9549428820610046,28.399999618530273,47.70000076293945,47.70000076293945,239.0,True,False,0.6197217106819153,29.560726165771484,0.6420900225639343,30.627694566175478,LSTM,0,48,64,0.05
test_21,A2,test,21,19.399999618530273,193,316.9850769042969,0.5932914018630981,0.9588742852210999,28.299999237060547,47.70000076293945,47.70000076293945,239.0,True,False,0.6197217106819153,29.560726165771484,0.6489611864089966,30.95544908682723,LSTM,0,48,64,0.05
test_21,A2,test,21,19.5,194,316.9850769042969,0.5911949872970581,0.9602895975112915,28.200000762939453,47.70000076293945,47.70000076293945,239.0,True,False,0.6197217106819153,29.560726165771484,0.6548629999160767,31.236965595617676,LSTM,0,48,64,0.05
test_21,A2,test,21,19.600000381469727,195,316.9850769042969,0.5890985131263733,0.9560436606407166,28.100000381469727,47.70000076293945,47.70000076293945,239.0,True,False,0.6197217106819153,29.560726165771484,0.6550743579864502,31.247047375735747,LSTM,0,48,64,0.05
test_21,A2,test,21,19.700000762939453,196,316.9850769042969,0.5870020985603333,0.952741265296936,28.0,47.70000076293945,47.70000076293945,239.0,True,False,0.6197217106819153,29.560726165771484,0.6539335250854492,31.192629645487614,LSTM,0,48,64,0.05
test_21,A2,test,21,19.799999237060547,197,316.9850769042969,0.5849056243896484,0.9462937116622925,27.899999618530273,47.70000076293945,47.70000076293945,239.0,True,False,0.6197217106819153,29.560726165771484,0.6298099160194397,30.041933474634106,LSTM,0,48,64,0.05
test_21,A2,test,21,19.899999618530273,198,316.9850769042969,0.5828092098236084,0.9409470558166504,27.799999237060547,47.70000076293945,47.70000076293945,239.0,True,False,0.6175326108932495,29.45630645751953,0.6175326108932495,29.456306010747994,LSTM,0,48,64,0.05
test_21,A2,test,21,20.0,199,316.9850769042969,0.5807127952575684,0.947394609451294,27.700000762939453,47.70000076293945,47.70000076293945,239.0,True,False,0.6175326108932495,29.45630645751953,0.6332863569259644,30.207759708527647,LSTM,0,48,64,0.05
test_21,A2,test,21,20.100000381469727,200,316.9850769042969,0.5786163806915283,0.9516405463218689,27.600000381469727,47.70000076293945,47.70000076293945,239.0,True,False,0.6175326108932495,29.45630645751953,0.6383722424507141,30.450356451938433,LSTM,0,48,64,0.05
test_21,A2,test,21,20.200000762939453,201,316.9850769042969,0.5765199065208435,0.9494389295578003,27.5,47.70000076293945,47.70000076293945,239.0,True,False,0.6175326108932495,29.45630645751953,0.6352604627609253,30.301924558361407,LSTM,0,48,64,0.05
test_21,A2,test,21,20.299999237060547,202,316.9850769042969,0.5744234919548035,0.9472373127937317,27.399999618530273,47.70000076293945,47.70000076293945,239.0,True,False,0.6175326108932495,29.45630645751953,0.6331660747528076,30.202022248776302,LSTM,0,48,64,0.05
test_21,A2,test,21,20.399999618530273,203,316.9850769042969,0.5723270177841187,0.9582452774047852,27.299999237060547,47.70000076293945,47.70000076293945,239.0,True,False,0.6175326108932495,29.45630645751953,0.6505747437477112,31.032415773114963,LSTM,0,48,64,0.05
test_21,A2,test,21,20.5,204,316.9850769042969,0.5702306032180786,0.9582452774047852,27.200000762939453,47.70000076293945,47.70000076293945,239.0,True,False,0.6175326108932495,29.45630645751953,0.660301148891449,31.496365305891914,LSTM,0,48,64,0.05
test_21,A2,test,21,20.600000381469727,205,316.9850769042969,0.5681341886520386,0.9646928310394287,27.100000381469727,47.70000076293945,47.70000076293945,239.0,True,False,0.6175326108932495,29.45630645751953,0.689018726348877,32.866193772521,LSTM,0,48,64,0.05
test_21,A2,test,21,20.700000762939453,206,316.9850769042969,0.5660377144813538,0.96705162525177,27.0,47.70000076293945,47.70000076293945,239.0,True,False,0.6175326108932495,29.45630645751953,0.7000540494918823,33.39257869486164,LSTM,0,48,64,0.05
test_21,A2,test,21,20.799999237060547,207,316.9850769042969,0.5639412999153137,0.9615476131439209,26.899999618530273,47.70000076293945,47.70000076293945,239.0,True,False,0.6175326108932495,29.45630645751953,0.6914716362953186,32.98319757883769,LSTM,0,48,64,0.05
test_21,A2,test,21,20.899999618530273,208,316.9850769042969,0.5618448257446289,0.9613904356956482,26.799999237060547,47.70000076293945,47.70000076293945,239.0,True,False,0.6175326108932495,29.45630645751953,0.6972774863243103,33.260136629650106,LSTM,0,48,64,0.05
test_21,A2,test,21,21.0,209,316.9850769042969,0.5597484111785889,0.9582452774047852,26.700000762939453,47.70000076293945,47.70000076293945,239.0,True,False,0.6175326108932495,29.45630645751953,0.6844819784164429,32.64979089268263,LSTM,0,48,64,0.05
test_21,A2,test,21,21.100000381469727,210,316.9850769042969,0.5576519966125488,0.952741265296936,26.600000381469727,47.70000076293945,47.70000076293945,239.0,True,False,0.6175326108932495,29.45630645751953,0.6638268828392029,31.664542817889696,LSTM,0,48,64,0.05
test_21,A2,test,21,21.200000762939453,211,316.9850769042969,0.555555522441864,0.9516405463218689,26.5,47.70000076293945,47.70000076293945,239.0,True,False,0.6175326108932495,29.45630645751953,0.6600271463394165,31.483295383950917,LSTM,0,48,64,0.05
test_21,A2,test,21,21.299999237060547,212,316.9850769042969,0.553459107875824,0.9516405463218689,26.399999618530273,47.70000076293945,47.70000076293945,239.0,True,False,0.6175326108932495,29.45630645751953,0.6560417413711548,31.29319156392421,LSTM,0,48,64,0.05
test_21,A2,test,21,21.399999618530273,213,316.9850769042969,0.5513626337051392,0.9387454390525818,26.299999237060547,47.70000076293945,47.70000076293945,239.0,True,False,0.6175326108932495,29.45630645751953,0.6304699182510376,30.073415581584868,LSTM,0,48,64,0.05
test_21,A2,test,21,21.5,214,316.9850769042969,0.5492662787437439,0.9433058500289917,26.200000762939453,47.70000076293945,47.70000076293945,239.0,True,False,0.6175326108932495,29.45630645751953,0.6493567228317261,30.974316174493197,LSTM,0,48,64,0.05
test_21,A2,test,21,21.600000381469727,215,316.9850769042969,0.5471698045730591,0.9447212815284729,26.100000381469727,47.70000076293945,47.70000076293945,239.0,True,False,0.6175326108932495,29.45630645751953,0.643720269203186,30.705457332111564,LSTM,0,48,64,0.05
test_21,A2,test,21,21.700000762939453,216,316.9850769042969,0.545073390007019,0.9374874830245972,26.0,47.70000076293945,47.70000076293945,239.0,True,False,0.6175326108932495,29.45630645751953,0.641270101070404,30.588584310308534,LSTM,0,48,64,0.05
test_21,A2,test,21,21.799999237060547,217,316.9850769042969,0.5429769158363342,0.9352858662605286,25.899999618530273,47.70000076293945,47.70000076293945,239.0,True,False,0.6175326108932495,29.45630645751953,0.6283852458000183,29.97397670408077,LSTM,0,48,64,0.05
test_21,A2,test,21,21.899999618530273,218,316.9850769042969,0.5408805012702942,0.9333987832069397,25.799999237060547,47.70000076293945,47.70000076293945,239.0,True,False,0.6153421998023987,29.351823806762695,0.6153421998023987,29.35182340004326,LSTM,0,48,64,0.05
test_21,A2,test,21,22.0,219,316.9850769042969,0.5387840867042542,0.9321407079696655,25.700000762939453,47.70000076293945,47.70000076293945,239.0,True,False,0.6133870482444763,29.258562088012695,0.6133870482444763,29.2585626692387,LSTM,0,48,64,0.05
test_21,A2,test,21,22.100000381469727,220,316.9850769042969,0.5366876125335693,0.9321407079696655,25.600000381469727,47.70000076293945,47.70000076293945,239.0,True,False,0.6128513813018799,29.23301124572754,0.6128513813018799,29.233011355668168,LSTM,0,48,64,0.05
test_21,A2,test,21,22.200000762939453,221,316.9850769042969,0.5345911979675293,0.9299390912055969,25.5,47.70000076293945,47.70000076293945,239.0,True,False,0.6069271564483643,28.95042610168457,0.6069271564483643,28.950425825635648,LSTM,0,48,64,0.05
test_21,A2,test,21,22.299999237060547,222,316.9850769042969,0.5324947237968445,0.9300963878631592,25.399999618530273,47.70000076293945,47.70000076293945,239.0,True,False,0.6069271564483643,28.95042610168457,0.6106842756271362,29.129640413329525,LSTM,0,48,64,0.05
test_21,A2,test,21,22.399999618530273,223,316.9850769042969,0.5303983092308044,0.9300963878631592,25.299999237060547,47.70000076293945,47.70000076293945,239.0,True,False,0.6052048206329346,28.868270874023438,0.6052048206329346,28.868270405925614,LSTM,0,48,64,0.05
test_21,A2,test,21,22.5,224,316.9850769042969,0.5283018946647644,0.9266366958618164,25.200000762939453,47.70000076293945,47.70000076293945,239.0,True,False,0.5971171259880066,28.482486724853516,0.5971171259880066,28.482487365192128,LSTM,0,48,64,0.05
test_21,A2,test,21,22.600000381469727,225,316.9850769042969,0.5262054800987244,0.9321407079696655,25.100000381469727,47.70000076293945,47.70000076293945,239.0,True,False,0.5971171259880066,28.482486724853516,0.6066415905952454,28.936804334224007,LSTM,0,48,64,0.05
test_21,A2,test,21,22.700000762939453,226,316.9850769042969,0.5241090059280396,0.9341849684715271,25.0,47.70000076293945,47.70000076293945,239.0,True,False,0.5971171259880066,28.482486724853516,0.6078802347183228,28.99588765983981,LSTM,0,48,64,0.05
test_21,A2,test,21,22.799999237060547,227,316.9850769042969,0.5220125913619995,0.928838312625885,24.899999618530273,47.70000076293945,47.70000076293945,239.0,True,False,0.5971171259880066,28.482486724853516,0.5984587669372559,28.54648363949491,LSTM,0,48,64,0.05
test_21,A2,test,21,22.899999618530273,228,316.9850769042969,0.5199161171913147,0.9299390912055969,24.799999237060547,47.70000076293945,47.70000076293945,239.0,True,False,0.5971171259880066,28.482486724853516,0.6032270789146423,28.773932124454177,LSTM,0,48,64,0.05
test_21,A2,test,21,23.0,229,316.9850769042969,0.5178197026252747,0.9200319647789001,24.700000762939453,47.70000076293945,47.70000076293945,239.0,True,False,0.5835922956466675,27.837352752685547,0.5835922956466675,27.837352947591626,LSTM,0,48,64,0.05
test_21,A2,test,21,23.100000381469727,230,316.9850769042969,0.5157232880592346,0.9212900400161743,24.600000381469727,47.70000076293945,47.70000076293945,239.0,True,False,0.5835922956466675,27.837352752685547,0.5898358821868896,28.1351720303237,LSTM,0,48,64,0.05
test_21,A2,test,21,23.200000762939453,231,316.9850769042969,0.5136268138885498,0.9179876446723938,24.5,47.70000076293945,47.70000076293945,239.0,True,False,0.5832999348640442,27.823408126831055,0.5832999348640442,27.82340733803744,LSTM,0,48,64,0.05
test_21,A2,test,21,23.299999237060547,232,316.9850769042969,0.5115303993225098,0.9120119214057922,24.399999618530273,47.70000076293945,47.70000076293945,239.0,True,False,0.5745790600776672,27.407421112060547,0.5745790600776672,27.40742160407376,LSTM,0,48,64,0.05
test_21,A2,test,21,23.399999618530273,233,316.9850769042969,0.509433925151825,0.9123263359069824,24.299999237060547,47.70000076293945,47.70000076293945,239.0,True,False,0.5745790600776672,27.407421112060547,0.5798556208610535,27.65911355746698,LSTM,0,48,64,0.05
test_21,A2,test,21,23.5,234,316.9850769042969,0.5073375105857849,0.9124836325645447,24.200000762939453,47.70000076293945,47.70000076293945,239.0,True,False,0.5745790600776672,27.407421112060547,0.5905022025108337,28.166955510284197,LSTM,0,48,64,0.05
test_21,A2,test,21,23.600000381469727,235,316.9850769042969,0.5052410960197449,0.9123263359069824,24.100000381469727,47.70000076293945,47.70000076293945,239.0,True,False,0.5745790600776672,27.407421112060547,0.6006845235824585,28.652652233169192,LSTM,0,48,64,0.05
test_21,A2,test,21,23.700000762939453,236,316.9850769042969,0.5031446218490601,0.9124836325645447,24.0,47.70000076293945,47.70000076293945,239.0,True,False,0.5745790600776672,27.407421112060547,0.6090795993804932,29.05309735514038,LSTM,0,48,64,0.05
test_21,A2,test,21,23.799999237060547,237,316.9850769042969,0.50104820728302,0.9124836325645447,23.899999618530273,47.70000076293945,47.70000076293945,239.0,True,False,0.5745790600776672,27.407421112060547,0.625844419002533,29.85277926390222,LSTM,0,48,64,0.05
test_21,A2,test,21,23.899999618530273,238,316.9850769042969,0.4989517629146576,0.9124836325645447,23.799999237060547,47.70000076293945,47.70000076293945,239.0,True,False,0.5745790600776672,27.407421112060547,0.6277008652687073,29.941331752215092,LSTM,0,48,64,0.05
test_21,A2,test,21,24.0,239,316.9850769042969,0.49685535395951574,,23.700000762939453,47.70000076293945,,,False,True,,,,,LSTM,0,48,64,0.05
test_21,A2,test,21,24.100000381469727,240,316.9850769042969,0.4947589099370783,,23.600000381469727,47.70000076293945,,,False,True,,,,,LSTM,0,48,64,0.05
test_21,A2,test,21,24.200000762939453,241,316.9850769042969,0.49266246591464086,,23.5,47.70000076293945,,,False,True,,,,,LSTM,0,48,64,0.05
test_21,A2,test,21,24.30000114440918,242,316.9850769042969,0.4905660218922034,,23.399999618530273,47.70000076293945,,,False,True,,,,,LSTM,0,48,64,0.05
test_21,A2,test,21,24.400001525878906,243,316.9850769042969,0.4884695778697659,,23.299999237060547,47.70000076293945,,,False,True,,,,,LSTM,0,48,64,0.05
test_21,A2,test,21,24.500001907348633,244,316.9850769042969,0.48637313384732844,,23.19999885559082,47.70000076293945,,,False,True,,,,,LSTM,0,48,64,0.05
test_21,A2,test,21,24.60000228881836,245,316.9850769042969,0.484276689824891,,23.099998474121094,47.70000076293945,,,False,True,,,,,LSTM,0,48,64,0.05
test_21,A2,test,21,24.700002670288086,246,316.9850769042969,0.48218024580245356,,22.999998092651367,47.70000076293945,,,False,True,,,,,LSTM,0,48,64,0.05
test_21,A2,test,21,24.800003051757812,247,316.9850769042969,0.4800838017800161,,22.89999771118164,47.70000076293945,,,False,True,,,,,LSTM,0,48,64,0.05
test_21,A2,test,21,24.90000343322754,248,316.9850769042969,0.4779873577575786,,22.799997329711914,47.70000076293945,,,False,True,,,,,LSTM,0,48,64,0.05
test_21,A2,test,21,25.000003814697266,249,316.9850769042969,0.4758909137351412,,22.699996948242188,47.70000076293945,,,False,True,,,,,LSTM,0,48,64,0.05
test_21,A2,test,21,25.100004196166992,250,316.9850769042969,0.4737944697127037,,22.59999656677246,47.70000076293945,,,False,True,,,,,LSTM,0,48,64,0.05
test_21,A2,test,21,25.20000457763672,251,316.9850769042969,0.47169802569026625,,22.499996185302734,47.70000076293945,,,False,True,,,,,LSTM,0,48,64,0.05
test_21,A2,test,21,25.300004959106445,252,316.9850769042969,0.4696015816678288,,22.399995803833008,47.70000076293945,,,False,True,,,,,LSTM,0,48,64,0.05
test_21,A2,test,21,25.400005340576172,253,316.9850769042969,0.46750513764539137,,22.29999542236328,47.70000076293945,,,False,True,,,,,LSTM,0,48,64,0.05
test_21,A2,test,21,25.5000057220459,254,316.9850769042969,0.4654086936229539,,22.199995040893555,47.70000076293945,,,False,True,,,,,LSTM,0,48,64,0.05
test_21,A2,test,21,25.600006103515625,255,316.9850769042969,0.4633122496005164,,22.099994659423828,47.70000076293945,,,False,True,,,,,LSTM,0,48,64,0.05
test_21,A2,test,21,25.70000648498535,256,316.9850769042969,0.46121580557807895,,21.9999942779541,47.70000076293945,,,False,True,,,,,LSTM,0,48,64,0.05
test_21,A2,test,21,25.800006866455078,257,316.9850769042969,0.45911936155564154,,21.899993896484375,47.70000076293945,,,False,True,,,,,LSTM,0,48,64,0.05
test_21,A2,test,21,25.900007247924805,258,316.9850769042969,0.45702291753320406,,21.79999351501465,47.70000076293945,,,False,True,,,,,LSTM,0,48,64,0.05
test_21,A2,test,21,26.00000762939453,259,316.9850769042969,0.4549264735107666,,21.699993133544922,47.70000076293945,,,False,True,,,,,LSTM,0,48,64,0.05
test_21,A2,test,21,26.100008010864258,260,316.9850769042969,0.4528300294883291,,21.599992752075195,47.70000076293945,,,False,True,,,,,LSTM,0,48,64,0.05
test_21,A2,test,21,26.200008392333984,261,316.9850769042969,0.4507335854658917,,21.49999237060547,47.70000076293945,,,False,True,,,,,LSTM,0,48,64,0.05
test_21,A2,test,21,26.30000877380371,262,316.9850769042969,0.44863714144345423,,21.399991989135742,47.70000076293945,,,False,True,,,,,LSTM,0,48,64,0.05
test_21,A2,test,21,26.400009155273438,263,316.9850769042969,0.44654069742101676,,21.299991607666016,47.70000076293945,,,False,True,,,,,LSTM,0,48,64,0.05
test_21,A2,test,21,26.500009536743164,264,316.9850769042969,0.4444442533985793,,21.19999122619629,47.70000076293945,,,False,True,,,,,LSTM,0,48,64,0.05
test_21,A2,test,21,26.60000991821289,265,316.9850769042969,0.4423478093761419,,21.099990844726562,47.70000076293945,,,False,True,,,,,LSTM,0,48,64,0.05
test_21,A2,test,21,26.700010299682617,266,316.9850769042969,0.4402513653537044,,20.999990463256836,47.70000076293945,,,False,True,,,,,LSTM,0,48,64,0.05
test_21,A2,test,21,26.800010681152344,267,316.9850769042969,0.43815492133126693,,20.89999008178711,47.70000076293945,,,False,True,,,,,LSTM,0,48,64,0.05
test_21,A2,test,21,26.90001106262207,268,316.9850769042969,0.43605847730882946,,20.799989700317383,47.70000076293945,,,False,True,,,,,LSTM,0,48,64,0.05
test_21,A2,test,21,27.000011444091797,269,316.9850769042969,0.43396203328639205,,20.699989318847656,47.70000076293945,,,False,True,,,,,LSTM,0,48,64,0.05
test_21,A2,test,21,27.100011825561523,270,316.9850769042969,0.4318655892639546,,20.59998893737793,47.70000076293945,,,False,True,,,,,LSTM,0,48,64,0.05
test_21,A2,test,21,27.20001220703125,271,316.9850769042969,0.4297691452415171,,20.499988555908203,47.70000076293945,,,False,True,,,,,LSTM,0,48,64,0.05
test_21,A2,test,21,27.300012588500977,272,316.9850769042969,0.4276727012190797,,20.399988174438477,47.70000076293945,,,False,True,,,,,LSTM,0,48,64,0.05
test_21,A2,test,21,27.400012969970703,273,316.9850769042969,0.4255762571966422,,20.29998779296875,47.70000076293945,,,False,True,,,,,LSTM,0,48,64,0.05
test_21,A2,test,21,27.50001335144043,274,316.9850769042969,0.42347981317420474,,20.199987411499023,47.70000076293945,,,False,True,,,,,LSTM,0,48,64,0.05
test_21,A2,test,21,27.600013732910156,275,316.9850769042969,0.4213833691517673,,20.099987030029297,47.70000076293945,,,False,True,,,,,LSTM,0,48,64,0.05
test_21,A2,test,21,27.700014114379883,276,316.9850769042969,0.41928692512932986,,19.99998664855957,47.70000076293945,,,False,True,,,,,LSTM,0,48,64,0.05
test_21,A2,test,21,27.80001449584961,277,316.9850769042969,0.4171904811068924,,19.899986267089844,47.70000076293945,,,False,True,,,,,LSTM,0,48,64,0.05
test_21,A2,test,21,27.900014877319336,278,316.9850769042969,0.4150940370844549,,19.799985885620117,47.70000076293945,,,False,True,,,,,LSTM,0,48,64,0.05
test_21,A2,test,21,28.000015258789062,279,316.9850769042969,0.41299759306201744,,19.69998550415039,47.70000076293945,,,False,True,,,,,LSTM,0,48,64,0.05
test_21,A2,test,21,28.10001564025879,280,316.9850769042969,0.41090114903958,,19.599985122680664,47.70000076293945,,,False,True,,,,,LSTM,0,48,64,0.05
test_21,A2,test,21,28.200016021728516,281,316.9850769042969,0.40880470501714256,,19.499984741210938,47.70000076293945,,,False,True,,,,,LSTM,0,48,64,0.05
test_21,A2,test,21,28.300016403198242,282,316.9850769042969,0.4067082609947051,,19.39998435974121,47.70000076293945,,,False,True,,,,,LSTM,0,48,64,0.05
test_21,A2,test,21,28.40001678466797,283,316.9850769042969,0.4046118169722676,,19.299983978271484,47.70000076293945,,,False,True,,,,,LSTM,0,48,64,0.05
test_21,A2,test,21,28.500017166137695,284,316.9850769042969,0.4025153729498302,,19.199983596801758,47.70000076293945,,,False,True,,,,,LSTM,0,48,64,0.05
test_21,A2,test,21,28.600017547607422,285,316.9850769042969,0.4004189289273927,,19.09998321533203,47.70000076293945,,,False,True,,,,,LSTM,0,48,64,0.05
test_21,A2,test,21,28.70001792907715,286,316.9850769042969,0.39832248490495525,,18.999982833862305,47.70000076293945,,,False,True,,,,,LSTM,0,48,64,0.05
test_21,A2,test,21,28.800018310546875,287,316.9850769042969,0.3962260408825178,,18.899982452392578,47.70000076293945,,,False,True,,,,,LSTM,0,48,64,0.05
test_21,A2,test,21,28.9000186920166,288,316.9850769042969,0.39412959686008037,,18.79998207092285,47.70000076293945,,,False,True,,,,,LSTM,0,48,64,0.05
test_21,A2,test,21,29.000019073486328,289,316.9850769042969,0.3920331528376429,,18.699981689453125,47.70000076293945,,,False,True,,,,,LSTM,0,48,64,0.05
test_21,A2,test,21,29.100019454956055,290,316.9850769042969,0.3899367088152054,,18.5999813079834,47.70000076293945,,,False,True,,,,,LSTM,0,48,64,0.05
test_21,A2,test,21,29.20001983642578,291,316.9850769042969,0.38784026479276795,,18.499980926513672,47.70000076293945,,,False,True,,,,,LSTM,0,48,64,0.05
test_21,A2,test,21,29.300020217895508,292,316.9850769042969,0.38574382077033054,,18.399980545043945,47.70000076293945,,,False,True,,,,,LSTM,0,48,64,0.05
test_21,A2,test,21,29.400020599365234,293,316.9850769042969,0.38364737674789307,,18.29998016357422,47.70000076293945,,,False,True,,,,,LSTM,0,48,64,0.05
test_21,A2,test,21,29.50002098083496,294,316.9850769042969,0.3815509327254556,,18.199979782104492,47.70000076293945,,,False,True,,,,,LSTM,0,48,64,0.05
test_21,A2,test,21,29.600021362304688,295,316.9850769042969,0.3794544887030181,,18.099979400634766,47.70000076293945,,,False,True,,,,,LSTM,0,48,64,0.05
test_21,A2,test,21,29.700021743774414,296,316.9850769042969,0.3773580446805807,,17.99997901916504,47.70000076293945,,,False,True,,,,,LSTM,0,48,64,0.05
test_21,A2,test,21,29.80002212524414,297,316.9850769042969,0.37526160065814324,,17.899978637695312,47.70000076293945,,,False,True,,,,,LSTM,0,48,64,0.05
test_21,A2,test,21,29.900022506713867,298,316.9850769042969,0.37316515663570576,,17.799978256225586,47.70000076293945,,,False,True,,,,,LSTM,0,48,64,0.05
test_21,A2,test,21,30.000022888183594,299,316.9850769042969,0.3710687126132683,,17.69997787475586,47.70000076293945,,,False,True,,,,,LSTM,0,48,64,0.05
test_21,A2,test,21,30.10002326965332,300,316.9850769042969,0.3689722685908309,,17.599977493286133,47.70000076293945,,,False,True,,,,,LSTM,0,48,64,0.05
test_21,A2,test,21,30.200023651123047,301,316.9850769042969,0.3668758245683934,,17.499977111816406,47.70000076293945,,,False,True,,,,,LSTM,0,48,64,0.05
test_21,A2,test,21,30.300024032592773,302,316.9850769042969,0.36477938054595593,,17.39997673034668,47.70000076293945,,,False,True,,,,,LSTM,0,48,64,0.05
test_21,A2,test,21,30.4000244140625,303,316.9850769042969,0.36268293652351846,,17.299976348876953,47.70000076293945,,,False,True,,,,,LSTM,0,48,64,0.05
test_21,A2,test,21,30.500024795532227,304,316.9850769042969,0.36058649250108105,,17.199975967407227,47.70000076293945,,,False,True,,,,,LSTM,0,48,64,0.05
test_21,A2,test,21,30.600025177001953,305,316.9850769042969,0.3584900484786436,,17.0999755859375,47.70000076293945,,,False,True,,,,,LSTM,0,48,64,0.05
test_21,A2,test,21,30.70002555847168,306,316.9850769042969,0.3563936044562061,,16.999975204467773,47.70000076293945,,,False,True,,,,,LSTM,0,48,64,0.05
test_21,A2,test,21,30.800025939941406,307,316.9850769042969,0.35429716043376863,,16.899974822998047,47.70000076293945,,,False,True,,,,,LSTM,0,48,64,0.05
test_21,A2,test,21,30.900026321411133,308,316.9850769042969,0.3522007164113312,,16.79997444152832,47.70000076293945,,,False,True,,,,,LSTM,0,48,64,0.05
test_21,A2,test,21,31.00002670288086,309,316.9850769042969,0.35010427238889374,,16.699974060058594,47.70000076293945,,,False,True,,,,,LSTM,0,48,64,0.05
test_21,A2,test,21,31.100027084350586,310,316.9850769042969,0.3480078283664563,,16.599973678588867,47.70000076293945,,,False,True,,,,,LSTM,0,48,64,0.05
test_21,A2,test,21,31.200027465820312,311,316.9850769042969,0.34591138434401886,,16.49997329711914,47.70000076293945,,,False,True,,,,,LSTM,0,48,64,0.05
test_21,A2,test,21,31.30002784729004,312,316.9850769042969,0.3438149403215814,,16.399972915649414,47.70000076293945,,,False,True,,,,,LSTM,0,48,64,0.05
test_21,A2,test,21,31.400028228759766,313,316.9850769042969,0.3417184962991439,,16.299972534179688,47.70000076293945,,,False,True,,,,,LSTM,0,48,64,0.05
test_21,A2,test,21,31.500028610229492,314,316.9850769042969,0.33962205227670644,,16.19997215270996,47.70000076293945,,,False,True,,,,,LSTM,0,48,64,0.05
test_21,A2,test,21,31.60002899169922,315,316.9850769042969,0.337525608254269,,16.099971771240234,47.70000076293945,,,False,True,,,,,LSTM,0,48,64,0.05
test_21,A2,test,21,31.700029373168945,316,316.9850769042969,0.33542916423183156,,15.999971389770508,47.70000076293945,,,False,True,,,,,LSTM,0,48,64,0.05
test_21,A2,test,21,31.800029754638672,317,316.9850769042969,0.3333327202093941,,15.899971008300781,47.70000076293945,,,False,True,,,,,LSTM,0,48,64,0.05
test_21,A2,test,21,31.9000301361084,318,316.9850769042969,0.3312362761869566,,15.799970626831055,47.70000076293945,,,False,True,,,,,LSTM,0,48,64,0.05
test_21,A2,test,21,32.000030517578125,319,316.9850769042969,0.3291398321645192,,15.699970245361328,47.70000076293945,,,False,True,,,,,LSTM,0,48,64,0.05
test_21,A2,test,21,32.10002899169922,320,316.9850769042969,0.3270434281284256,,15.599971771240234,47.70000076293945,,,False,True,,,,,LSTM,0,48,64,0.05
test_21,A2,test,21,32.20003128051758,321,316.9850769042969,0.32494694411964425,,15.499969482421875,47.70000076293945,,,False,True,,,,,LSTM,0,48,64,0.05
test_21,A2,test,21,32.30003356933594,322,316.9850769042969,0.32285046011086294,,15.399967193603516,47.70000076293945,,,False,True,,,,,LSTM,0,48,64,0.05
test_21,A2,test,21,32.40003204345703,323,316.9850769042969,0.32075405607476937,,15.299968719482422,47.70000076293945,,,False,True,,,,,LSTM,0,48,64,0.05
test_21,A2,test,21,32.500030517578125,324,316.9850769042969,0.31865765203867574,,15.199970245361328,47.70000076293945,,,False,True,,,,,LSTM,0,48,64,0.05
test_21,A2,test,21,32.600032806396484,325,316.9850769042969,0.3165611680298944,,15.099967956542969,47.70000076293945,,,False,True,,,,,LSTM,0,48,64,0.05
test_21,A2,test,21,32.700035095214844,326,316.9850769042969,0.3144646840211131,,14.99996566772461,47.70000076293945,,,False,True,,,,,LSTM,0,48,64,0.05
test_21,A2,test,21,32.80003356933594,327,316.9850769042969,0.31236827998501954,,14.899967193603516,47.70000076293945,,,False,True,,,,,LSTM,0,48,64,0.05
test_21,A2,test,21,32.90003204345703,328,316.9850769042969,0.3102718759489259,,14.799968719482422,47.70000076293945,,,False,True,,,,,LSTM,0,48,64,0.05
test_21,A2,test,21,33.00003433227539,329,316.9850769042969,0.3081753919401446,,14.699966430664062,47.70000076293945,,,False,True,,,,,LSTM,0,48,64,0.05
test_21,A2,test,21,33.10003662109375,330,316.9850769042969,0.3060789079313633,,14.599964141845703,47.70000076293945,,,False,True,,,,,LSTM,0,48,64,0.05
test_21,A2,test,21,33.200035095214844,331,316.9850769042969,0.3039825038952697,,14.49996566772461,47.70000076293945,,,False,True,,,,,LSTM,0,48,64,0.05
test_21,A2,test,21,33.30003356933594,332,316.9850769042969,0.3018860998591761,,14.399967193603516,47.70000076293945,,,False,True,,,,,LSTM,0,48,64,0.05
test_21,A2,test,21,33.4000358581543,333,316.9850769042969,0.29978961585039476,,14.299964904785156,47.70000076293945,,,False,True,,,,,LSTM,0,48,64,0.05
test_21,A2,test,21,33.500038146972656,334,316.9850769042969,0.29769313184161345,,14.199962615966797,47.70000076293945,,,False,True,,,,,LSTM,0,48,64,0.05
test_21,A2,test,21,33.60003662109375,335,316.9850769042969,0.2955967278055199,,14.099964141845703,47.70000076293945,,,False,True,,,,,LSTM,0,48,64,0.05
test_21,A2,test,21,33.700035095214844,336,316.9850769042969,0.29350032376942625,,13.99996566772461,47.70000076293945,,,False,True,,,,,LSTM,0,48,64,0.05
test_21,A2,test,21,33.8000373840332,337,316.9850769042969,0.29140383976064493,,13.89996337890625,47.70000076293945,,,False,True,,,,,LSTM,0,48,64,0.05
test_21,A2,test,21,33.90003967285156,338,316.9850769042969,0.2893073557518636,,13.79996109008789,47.70000076293945,,,False,True,,,,,LSTM,0,48,64,0.05
test_21,A2,test,21,34.000038146972656,339,316.9850769042969,0.28721095171577005,,13.699962615966797,47.70000076293945,,,False,True,,,,,LSTM,0,48,64,0.05
test_21,A2,test,21,34.10003662109375,340,316.9850769042969,0.2851145476796764,,13.599964141845703,47.70000076293945,,,False,True,,,,,LSTM,0,48,64,0.05
test_21,A2,test,21,34.20003890991211,341,316.9850769042969,0.2830180636708951,,13.499961853027344,47.70000076293945,,,False,True,,,,,LSTM,0,48,64,0.05
test_21,A2,test,21,34.30004119873047,342,316.9850769042969,0.2809215796621138,,13.399959564208984,47.70000076293945,,,False,True,,,,,LSTM,0,48,64,0.05
test_21,A2,test,21,34.40003967285156,343,316.9850769042969,0.2788251756260202,,13.29996109008789,47.70000076293945,,,False,True,,,,,LSTM,0,48,64,0.05
test_21,A2,test,21,34.500038146972656,344,316.9850769042969,0.2767287715899266,,13.199962615966797,47.70000076293945,,,False,True,,,,,LSTM,0,48,64,0.05
test_21,A2,test,21,34.600040435791016,345,316.9850769042969,0.2746322875811453,,13.099960327148438,47.70000076293945,,,False,True,,,,,LSTM,0,48,64,0.05
test_21,A2,test,21,34.700042724609375,346,316.9850769042969,0.27253580357236395,,12.999958038330078,47.70000076293945,,,False,True,,,,,LSTM,0,48,64,0.05
test_21,A2,test,21,34.80004119873047,347,316.9850769042969,0.2704393995362704,,12.899959564208984,47.70000076293945,,,False,True,,,,,LSTM,0,48,64,0.05
test_21,A2,test,21,34.90003967285156,348,316.9850769042969,0.26834299550017676,,12.79996109008789,47.70000076293945,,,False,True,,,,,LSTM,0,48,64,0.05
test_21,A2,test,21,35.00004196166992,349,316.9850769042969,0.26624651149139544,,12.699958801269531,47.70000076293945,,,False,True,,,,,LSTM,0,48,64,0.05
test_21,A2,test,21,35.10004425048828,350,316.9850769042969,0.2641500274826141,,12.599956512451172,47.70000076293945,,,False,True,,,,,LSTM,0,48,64,0.05
test_21,A2,test,21,35.200042724609375,351,316.9850769042969,0.26205362344652056,,12.499958038330078,47.70000076293945,,,False,True,,,,,LSTM,0,48,64,0.05
test_21,A2,test,21,35.30004119873047,352,316.9850769042969,0.25995721941042693,,12.399959564208984,47.70000076293945,,,False,True,,,,,LSTM,0,48,64,0.05
test_21,A2,test,21,35.40004348754883,353,316.9850769042969,0.2578607354016456,,12.299957275390625,47.70000076293945,,,False,True,,,,,LSTM,0,48,64,0.05
test_21,A2,test,21,35.50004577636719,354,316.9850769042969,0.2557642513928643,,12.199954986572266,47.70000076293945,,,False,True,,,,,LSTM,0,48,64,0.05
test_21,A2,test,21,35.60004425048828,355,316.9850769042969,0.2536678473567707,,12.099956512451172,47.70000076293945,,,False,True,,,,,LSTM,0,48,64,0.05
test_21,A2,test,21,35.700042724609375,356,316.9850769042969,0.2515714433206771,,11.999958038330078,47.70000076293945,,,False,True,,,,,LSTM,0,48,64,0.05
test_21,A2,test,21,35.800045013427734,357,316.9850769042969,0.2494749593118958,,11.899955749511719,47.70000076293945,,,False,True,,,,,LSTM,0,48,64,0.05
test_21,A2,test,21,35.900047302246094,358,316.9850769042969,0.2473784753031145,,11.79995346069336,47.70000076293945,,,False,True,,,,,LSTM,0,48,64,0.05
test_21,A2,test,21,36.00004577636719,359,316.9850769042969,0.2452820712670209,,11.699954986572266,47.70000076293945,,,False,True,,,,,LSTM,0,48,64,0.05
test_21,A2,test,21,36.10004425048828,360,316.9850769042969,0.2431856672309273,,11.599956512451172,47.70000076293945,,,False,True,,,,,LSTM,0,48,64,0.05
test_21,A2,test,21,36.20004653930664,361,316.9850769042969,0.24108918322214598,,11.499954223632812,47.70000076293945,,,False,True,,,,,LSTM,0,48,64,0.05
test_21,A2,test,21,36.300048828125,362,316.9850769042969,0.23899269921336466,,11.399951934814453,47.70000076293945,,,False,True,,,,,LSTM,0,48,64,0.05
test_21,A2,test,21,36.400047302246094,363,316.9850769042969,0.23689629517727107,,11.29995346069336,47.70000076293945,,,False,True,,,,,LSTM,0,48,64,0.05
test_21,A2,test,21,36.50004577636719,364,316.9850769042969,0.23479989114117747,,11.199954986572266,47.70000076293945,,,False,True,,,,,LSTM,0,48,64,0.05
test_21,A2,test,21,36.60004806518555,365,316.9850769042969,0.23270340713239615,,11.099952697753906,47.70000076293945,,,False,True,,,,,LSTM,0,48,64,0.05
test_21,A2,test,21,36.700050354003906,366,316.9850769042969,0.23060692312361483,,10.999950408935547,47.70000076293945,,,False,True,,,,,LSTM,0,48,64,0.05
test_21,A2,test,21,36.800048828125,367,316.9850769042969,0.22851051908752124,,10.899951934814453,47.70000076293945,,,False,True,,,,,LSTM,0,48,64,0.05
test_21,A2,test,21,36.900047302246094,368,316.9850769042969,0.22641411505142764,,10.79995346069336,47.70000076293945,,,False,True,,,,,LSTM,0,48,64,0.05
test_21,A2,test,21,37.00004959106445,369,316.9850769042969,0.22431763104264632,,10.699951171875,47.70000076293945,,,False,True,,,,,LSTM,0,48,64,0.05
test_21,A2,test,21,37.10005187988281,370,316.9850769042969,0.222221147033865,,10.59994888305664,47.70000076293945,,,False,True,,,,,LSTM,0,48,64,0.05
test_21,A2,test,21,37.200050354003906,371,316.9850769042969,0.2201247429977714,,10.499950408935547,47.70000076293945,,,False,True,,,,,LSTM,0,48,64,0.05
test_21,A2,test,21,37.300048828125,372,316.9850769042969,0.2180283389616778,,10.399951934814453,47.70000076293945,,,False,True,,,,,LSTM,0,48,64,0.05
test_21,A2,test,21,37.40005111694336,373,316.9850769042969,0.2159318549528965,,10.299949645996094,47.70000076293945,,,False,True,,,,,LSTM,0,48,64,0.05
test_21,A2,test,21,37.50005340576172,374,316.9850769042969,0.21383537094411517,,10.199947357177734,47.70000076293945,,,False,True,,,,,LSTM,0,48,64,0.05
test_21,A2,test,21,37.60005187988281,375,316.9850769042969,0.21173896690802158,,10.09994888305664,47.70000076293945,,,False,True,,,,,LSTM,0,48,64,0.05
test_21,A2,test,21,37.700050354003906,376,316.9850769042969,0.20964256287192798,,9.999950408935547,47.70000076293945,,,False,True,,,,,LSTM,0,48,64,0.05
test_21,A2,test,21,37.800052642822266,377,316.9850769042969,0.20754607886314666,,9.899948120117188,47.70000076293945,,,False,True,,,,,LSTM,0,48,64,0.05
test_21,A2,test,21,37.900054931640625,378,316.9850769042969,0.20544959485436534,,9.799945831298828,47.70000076293945,,,False,True,,,,,LSTM,0,48,64,0.05
test_21,A2,test,21,38.00005340576172,379,316.9850769042969,0.20335319081827175,,9.699947357177734,47.70000076293945,,,False,True,,,,,LSTM,0,48,64,0.05
test_21,A2,test,21,38.10005187988281,380,316.9850769042969,0.20125678678217815,,9.59994888305664,47.70000076293945,,,False,True,,,,,LSTM,0,48,64,0.05
test_21,A2,test,21,38.20005416870117,381,316.9850769042969,0.19916030277339683,,9.499946594238281,47.70000076293945,,,False,True,,,,,LSTM,0,48,64,0.05
test_21,A2,test,21,38.30005645751953,382,316.9850769042969,0.1970638187646155,,9.399944305419922,47.70000076293945,,,False,True,,,,,LSTM,0,48,64,0.05
test_21,A2,test,21,38.400054931640625,383,316.9850769042969,0.19496741472852192,,9.299945831298828,47.70000076293945,,,False,True,,,,,LSTM,0,48,64,0.05
test_21,A2,test,21,38.50005340576172,384,316.9850769042969,0.19287101069242832,,9.199947357177734,47.70000076293945,,,False,True,,,,,LSTM,0,48,64,0.05
test_21,A2,test,21,38.60005569458008,385,316.9850769042969,0.190774526683647,,9.099945068359375,47.70000076293945,,,False,True,,,,,LSTM,0,48,64,0.05
test_21,A2,test,21,38.70005798339844,386,316.9850769042969,0.18867804267486568,,8.999942779541016,47.70000076293945,,,False,True,,,,,LSTM,0,48,64,0.05
test_21,A2,test,21,38.80005645751953,387,316.9850769042969,0.18658163863877208,,8.899944305419922,47.70000076293945,,,False,True,,,,,LSTM,0,48,64,0.05
test_21,A2,test,21,38.900054931640625,388,316.9850769042969,0.1844852346026785,,8.799945831298828,47.70000076293945,,,False,True,,,,,LSTM,0,48,64,0.05
test_21,A2,test,21,39.000057220458984,389,316.9850769042969,0.18238875059389717,,8.699943542480469,47.70000076293945,,,False,True,,,,,LSTM,0,48,64,0.05
test_21,A2,test,21,39.100059509277344,390,316.9850769042969,0.18029226658511585,,8.59994125366211,47.70000076293945,,,False,True,,,,,LSTM,0,48,64,0.05
test_21,A2,test,21,39.20005798339844,391,316.9850769042969,0.17819586254902225,,8.499942779541016,47.70000076293945,,,False,True,,,,,LSTM,0,48,64,0.05
test_21,A2,test,21,39.30005645751953,392,316.9850769042969,0.17609945851292866,,8.399944305419922,47.70000076293945,,,False,True,,,,,LSTM,0,48,64,0.05
test_21,A2,test,21,39.40005874633789,393,316.9850769042969,0.17400297450414734,,8.299942016601562,47.70000076293945,,,False,True,,,,,LSTM,0,48,64,0.05
test_21,A2,test,21,39.50006103515625,394,316.9850769042969,0.17190649049536602,,8.199939727783203,47.70000076293945,,,False,True,,,,,LSTM,0,48,64,0.05
test_21,A2,test,21,39.600059509277344,395,316.9850769042969,0.16981008645927242,,8.09994125366211,47.70000076293945,,,False,True,,,,,LSTM,0,48,64,0.05
test_21,A2,test,21,39.70005798339844,396,316.9850769042969,0.16771368242317883,,7.999942779541016,47.70000076293945,,,False,True,,,,,LSTM,0,48,64,0.05
test_21,A2,test,21,39.8000602722168,397,316.9850769042969,0.1656171984143975,,7.899940490722656,47.70000076293945,,,False,True,,,,,LSTM,0,48,64,0.05
test_21,A2,test,21,39.900062561035156,398,316.9850769042969,0.1635207144056162,,7.799938201904297,47.70000076293945,,,False,True,,,,,LSTM,0,48,64,0.05
test_21,A2,test,21,40.00006103515625,399,316.9850769042969,0.1614243103695226,,7.699939727783203,47.70000076293945,,,False,True,,,,,LSTM,0,48,64,0.05
test_21,A2,test,21,40.100059509277344,400,316.9850769042969,0.159327906333429,,7.599941253662109,47.70000076293945,,,False,True,,,,,LSTM,0,48,64,0.05
test_21,A2,test,21,40.2000617980957,401,316.9850769042969,0.15723142232464768,,7.49993896484375,47.70000076293945,,,False,True,,,,,LSTM,0,48,64,0.05
test_21,A2,test,21,40.30006408691406,402,316.9850769042969,0.15513493831586636,,7.399936676025391,47.70000076293945,,,False,True,,,,,LSTM,0,48,64,0.05
test_21,A2,test,21,40.400062561035156,403,316.9850769042969,0.15303853427977276,,7.299938201904297,47.70000076293945,,,False,True,,,,,LSTM,0,48,64,0.05
test_21,A2,test,21,40.50006103515625,404,316.9850769042969,0.15094213024367917,,7.199939727783203,47.70000076293945,,,False,True,,,,,LSTM,0,48,64,0.05
test_21,A2,test,21,40.60006332397461,405,316.9850769042969,0.14884564623489785,,7.099937438964844,47.70000076293945,,,False,True,,,,,LSTM,0,48,64,0.05
test_21,A2,test,21,40.70006561279297,406,316.9850769042969,0.14674916222611653,,6.999935150146484,47.70000076293945,,,False,True,,,,,LSTM,0,48,64,0.05
test_21,A2,test,21,40.80006408691406,407,316.9850769042969,0.14465275819002293,,6.899936676025391,47.70000076293945,,,False,True,,,,,LSTM,0,48,64,0.05
test_21,A2,test,21,40.900062561035156,408,316.9850769042969,0.14255635415392934,,6.799938201904297,47.70000076293945,,,False,True,,,,,LSTM,0,48,64,0.05
test_21,A2,test,21,41.000064849853516,409,316.9850769042969,0.14045987014514802,,6.6999359130859375,47.70000076293945,,,False,True,,,,,LSTM,0,48,64,0.05
test_21,A2,test,21,41.100067138671875,410,316.9850769042969,0.1383633861363667,,6.599933624267578,47.70000076293945,,,False,True,,,,,LSTM,0,48,64,0.05
test_21,A2,test,21,41.20006561279297,411,316.9850769042969,0.1362669821002731,,6.499935150146484,47.70000076293945,,,False,True,,,,,LSTM,0,48,64,0.05
test_21,A2,test,21,41.30006408691406,412,316.9850769042969,0.1341705780641795,,6.399936676025391,47.70000076293945,,,False,True,,,,,LSTM,0,48,64,0.05
test_21,A2,test,21,41.40006637573242,413,316.9850769042969,0.1320740940553982,,6.299934387207031,47.70000076293945,,,False,True,,,,,LSTM,0,48,64,0.05
test_21,A2,test,21,41.50006866455078,414,316.9850769042969,0.12997761004661687,,6.199932098388672,47.70000076293945,,,False,True,,,,,LSTM,0,48,64,0.05
test_21,A2,test,21,41.600067138671875,415,316.9850769042969,0.12788120601052327,,6.099933624267578,47.70000076293945,,,False,True,,,,,LSTM,0,48,64,0.05
test_21,A2,test,21,41.70006561279297,416,316.9850769042969,0.1257848019744297,,5.999935150146484,47.70000076293945,,,False,True,,,,,LSTM,0,48,64,0.05
test_21,A2,test,21,41.80006790161133,417,316.9850769042969,0.12368831796564837,,5.899932861328125,47.70000076293945,,,False,True,,,,,LSTM,0,48,64,0.05
test_21,A2,test,21,41.90007019042969,418,316.9850769042969,0.12159183395686705,,5.799930572509766,47.70000076293945,,,False,True,,,,,LSTM,0,48,64,0.05
test_21,A2,test,21,42.00006866455078,419,316.9850769042969,0.11949542992077346,,5.699932098388672,47.70000076293945,,,False,True,,,,,LSTM,0,48,64,0.05
test_21,A2,test,21,42.100067138671875,420,316.9850769042969,0.11739902588467986,,5.599933624267578,47.70000076293945,,,False,True,,,,,LSTM,0,48,64,0.05
test_21,A2,test,21,42.200069427490234,421,316.9850769042969,0.11530254187589854,,5.499931335449219,47.70000076293945,,,False,True,,,,,LSTM,0,48,64,0.05
test_21,A2,test,21,42.300071716308594,422,316.9850769042969,0.11320605786711722,,5.399929046630859,47.70000076293945,,,False,True,,,,,LSTM,0,48,64,0.05
test_21,A2,test,21,42.40007019042969,423,316.9850769042969,0.11110965383102363,,5.299930572509766,47.70000076293945,,,False,True,,,,,LSTM,0,48,64,0.05
test_21,A2,test,21,42.50006866455078,424,316.9850769042969,0.10901324979493003,,5.199932098388672,47.70000076293945,,,False,True,,,,,LSTM,0,48,64,0.05
test_21,A2,test,21,42.60007095336914,425,316.9850769042969,0.10691676578614871,,5.0999298095703125,47.70000076293945,,,False,True,,,,,LSTM,0,48,64,0.05
test_21,A2,test,21,42.7000732421875,426,316.9850769042969,0.1048202817773674,,4.999927520751953,47.70000076293945,,,False,True,,,,,LSTM,0,48,64,0.05
test_21,A2,test,21,42.800071716308594,427,316.9850769042969,0.1027238777412738,,4.899929046630859,47.70000076293945,,,False,True,,,,,LSTM,0,48,64,0.05
test_21,A2,test,21,42.90007019042969,428,316.9850769042969,0.1006274737051802,,4.799930572509766,47.70000076293945,,,False,True,,,,,LSTM,0,48,64,0.05
test_21,A2,test,21,43.00007247924805,429,316.9850769042969,0.09853098969639888,,4.699928283691406,47.70000076293945,,,False,True,,,,,LSTM,0,48,64,0.05
test_21,A2,test,21,43.100074768066406,430,316.9850769042969,0.09643450568761756,,4.599925994873047,47.70000076293945,,,False,True,,,,,LSTM,0,48,64,0.05
test_21,A2,test,21,43.2000732421875,431,316.9850769042969,0.09433810165152397,,4.499927520751953,47.70000076293945,,,False,True,,,,,LSTM,0,48,64,0.05
test_21,A2,test,21,43.300071716308594,432,316.9850769042969,0.09224169761543038,,4.399929046630859,47.70000076293945,,,False,True,,,,,LSTM,0,48,64,0.05
test_21,A2,test,21,43.40007400512695,433,316.9850769042969,0.09014521360664905,,4.2999267578125,47.70000076293945,,,False,True,,,,,LSTM,0,48,64,0.05
test_21,A2,test,21,43.50007629394531,434,316.9850769042969,0.08804872959786773,,4.199924468994141,47.70000076293945,,,False,True,,,,,LSTM,0,48,64,0.05
test_21,A2,test,21,43.600074768066406,435,316.9850769042969,0.08595232556177414,,4.099925994873047,47.70000076293945,,,False,True,,,,,LSTM,0,48,64,0.05
test_21,A2,test,21,43.7000732421875,436,316.9850769042969,0.08385592152568055,,3.999927520751953,47.70000076293945,,,False,True,,,,,LSTM,0,48,64,0.05
test_21,A2,test,21,43.80007553100586,437,316.9850769042969,0.08175943751689922,,3.8999252319335938,47.70000076293945,,,False,True,,,,,LSTM,0,48,64,0.05
test_21,A2,test,21,43.90007781982422,438,316.9850769042969,0.0796629535081179,,3.7999229431152344,47.70000076293945,,,False,True,,,,,LSTM,0,48,64,0.05
test_21,A2,test,21,44.00007629394531,439,316.9850769042969,0.07756654947202432,,3.6999244689941406,47.70000076293945,,,False,True,,,,,LSTM,0,48,64,0.05
test_21,A2,test,21,44.100074768066406,440,316.9850769042969,0.07547014543593072,,3.599925994873047,47.70000076293945,,,False,True,,,,,LSTM,0,48,64,0.05
test_21,A2,test,21,44.200077056884766,441,316.9850769042969,0.0733736614271494,,3.4999237060546875,47.70000076293945,,,False,True,,,,,LSTM,0,48,64,0.05
test_21,A2,test,21,44.300079345703125,442,316.9850769042969,0.07127717741836807,,3.399921417236328,47.70000076293945,,,False,True,,,,,LSTM,0,48,64,0.05
test_21,A2,test,21,44.40007781982422,443,316.9850769042969,0.06918077338227449,,3.2999229431152344,47.70000076293945,,,False,True,,,,,LSTM,0,48,64,0.05
test_21,A2,test,21,44.50007629394531,444,316.9850769042969,0.0670843693461809,,3.1999244689941406,47.70000076293945,,,False,True,,,,,LSTM,0,48,64,0.05
test_21,A2,test,21,44.60007858276367,445,316.9850769042969,0.06498788533739958,,3.0999221801757812,47.70000076293945,,,False,True,,,,,LSTM,0,48,64,0.05
test_21,A2,test,21,44.70008087158203,446,316.9850769042969,0.06289140132861826,,2.999919891357422,47.70000076293945,,,False,True,,,,,LSTM,0,48,64,0.05
test_21,A2,test,21,44.800079345703125,447,316.9850769042969,0.060794997292524654,,2.899921417236328,47.70000076293945,,,False,True,,,,,LSTM,0,48,64,0.05
test_21,A2,test,21,44.90007781982422,448,316.9850769042969,0.058698593256431064,,2.7999229431152344,47.70000076293945,,,False,True,,,,,LSTM,0,48,64,0.05
test_21,A2,test,21,45.00008010864258,449,316.9850769042969,0.056602109247649746,,2.699920654296875,47.70000076293945,,,False,True,,,,,LSTM,0,48,64,0.05
test_21,A2,test,21,45.10008239746094,450,316.9850769042969,0.05450562523886842,,2.5999183654785156,47.70000076293945,,,False,True,,,,,LSTM,0,48,64,0.05
test_21,A2,test,21,45.20008087158203,451,316.9850769042969,0.05240922120277483,,2.499919891357422,47.70000076293945,,,False,True,,,,,LSTM,0,48,64,0.05
test_21,A2,test,21,45.300079345703125,452,316.9850769042969,0.050312817166681234,,2.399921417236328,47.70000076293945,,,False,True,,,,,LSTM,0,48,64,0.05
test_21,A2,test,21,45.400081634521484,453,316.9850769042969,0.048216333157899915,,2.2999191284179688,47.70000076293945,,,False,True,,,,,LSTM,0,48,64,0.05
test_21,A2,test,21,45.500083923339844,454,316.9850769042969,0.04611984914911859,,2.1999168395996094,47.70000076293945,,,False,True,,,,,LSTM,0,48,64,0.05
test_21,A2,test,21,45.60008239746094,455,316.9850769042969,0.044023445113025,,2.0999183654785156,47.70000076293945,,,False,True,,,,,LSTM,0,48,64,0.05
test_21,A2,test,21,45.70008087158203,456,316.9850769042969,0.041927041076931404,,1.9999198913574219,47.70000076293945,,,False,True,,,,,LSTM,0,48,64,0.05
test_21,A2,test,21,45.80008316040039,457,316.9850769042969,0.039830557068150085,,1.8999176025390625,47.70000076293945,,,False,True,,,,,LSTM,0,48,64,0.05
test_21,A2,test,21,45.90008544921875,458,316.9850769042969,0.03773407305936877,,1.7999153137207031,47.70000076293945,,,False,True,,,,,LSTM,0,48,64,0.05
test_21,A2,test,21,46.000083923339844,459,316.9850769042969,0.03563766902327517,,1.6999168395996094,47.70000076293945,,,False,True,,,,,LSTM,0,48,64,0.05
test_21,A2,test,21,46.10008239746094,460,316.9850769042969,0.03354126498718158,,1.5999183654785156,47.70000076293945,,,False,True,,,,,LSTM,0,48,64,0.05
test_21,A2,test,21,46.2000846862793,461,316.9850769042969,0.031444780978400255,,1.4999160766601562,47.70000076293945,,,False,True,,,,,LSTM,0,48,64,0.05
test_21,A2,test,21,46.300086975097656,462,316.9850769042969,0.029348296969618937,,1.3999137878417969,47.70000076293945,,,False,True,,,,,LSTM,0,48,64,0.05
test_21,A2,test,21,46.40008544921875,463,316.9850769042969,0.027251892933525344,,1.2999153137207031,47.70000076293945,,,False,True,,,,,LSTM,0,48,64,0.05
test_21,A2,test,21,46.500083923339844,464,316.9850769042969,0.02515548889743175,,1.1999168395996094,47.70000076293945,,,False,True,,,,,LSTM,0,48,64,0.05
test_21,A2,test,21,46.6000862121582,465,316.9850769042969,0.02305900488865043,,1.09991455078125,47.70000076293945,,,False,True,,,,,LSTM,0,48,64,0.05
test_21,A2,test,21,46.70008850097656,466,316.9850769042969,0.020962520879869107,,0.9999122619628906,47.70000076293945,,,False,True,,,,,LSTM,0,48,64,0.05
test_21,A2,test,21,46.800086975097656,467,316.9850769042969,0.018866116843775513,,0.8999137878417969,47.70000076293945,,,False,True,,,,,LSTM,0,48,64,0.05
test_21,A2,test,21,46.90008544921875,468,316.9850769042969,0.01676971280768192,,0.7999153137207031,47.70000076293945,,,False,True,,,,,LSTM,0,48,64,0.05
test_21,A2,test,21,47.00008773803711,469,316.9850769042969,0.0146732287989006,,0.6999130249023438,47.70000076293945,,,False,True,,,,,LSTM,0,48,64,0.05
test_21,A2,test,21,47.10009002685547,470,316.9850769042969,0.012576744790119278,,0.5999107360839844,47.70000076293945,,,False,True,,,,,LSTM,0,48,64,0.05
test_21,A2,test,21,47.20008850097656,471,316.9850769042969,0.010480340754025685,,0.4999122619628906,47.70000076293945,,,False,True,,,,,LSTM,0,48,64,0.05
test_21,A2,test,21,47.300086975097656,472,316.9850769042969,0.008383936717932092,,0.3999137878417969,47.70000076293945,,,False,True,,,,,LSTM,0,48,64,0.05
test_21,A2,test,21,47.400089263916016,473,316.9850769042969,0.006287452709150771,,0.2999114990234375,47.70000076293945,,,False,True,,,,,LSTM,0,48,64,0.05
test_21,A2,test,21,47.500091552734375,474,316.9850769042969,0.00419096870036945,,0.19990921020507812,47.70000076293945,,,False,True,,,,,LSTM,0,48,64,0.05
test_21,A2,test,21,47.60009002685547,475,316.9850769042969,0.0020945646642758567,,0.09991073608398438,47.70000076293945,,,False,True,,,,,LSTM,0,48,64,0.05
test_21,A2,test,21,47.70008850097656,476,316.9850769042969,0.0,,0.0,47.70000076293945,,,False,True,,,,,LSTM,0,48,64,0.05
test_38,A2,test,38,0.10000000149011612,0,177.3217010498047,0.998774528503418,1.0,81.5,81.5999984741211,81.5999984741211,620.0,True,False,0.9821914434432983,80.14682006835938,0.9821914434432983,80.14682028626794,LSTM,0,48,64,0.05
test_38,A2,test,38,0.20000000298023224,1,177.3217010498047,0.9975490570068359,1.0,81.4000015258789,81.5999984741211,81.5999984741211,620.0,True,False,0.9821914434432983,80.14682006835938,0.9940628409385681,81.11552630376764,LSTM,0,48,64,0.05
test_38,A2,test,38,0.30000001192092896,2,177.3217010498047,0.9963235855102539,1.0,81.30000305175781,81.5999984741211,81.5999984741211,620.0,True,False,0.9821914434432983,80.14682006835938,1.0,81.5999984741211,LSTM,0,48,64,0.05
test_38,A2,test,38,0.4000000059604645,3,177.3217010498047,0.9950979948043823,1.0,81.19999694824219,81.5999984741211,81.5999984741211,620.0,True,False,0.9821914434432983,80.14682006835938,1.0,81.5999984741211,LSTM,0,48,64,0.05
test_38,A2,test,38,0.5,4,177.3217010498047,0.9938725233078003,1.0,81.0999984741211,81.5999984741211,81.5999984741211,620.0,True,False,0.9821914434432983,80.14682006835938,1.0,81.5999984741211,LSTM,0,48,64,0.05
test_38,A2,test,38,0.6000000238418579,5,177.3217010498047,0.9926470518112183,1.0,81.0,81.5999984741211,81.5999984741211,620.0,True,False,0.9821914434432983,80.14682006835938,0.999944806098938,81.59549465187865,LSTM,0,48,64,0.05
test_38,A2,test,38,0.699999988079071,6,177.3217010498047,0.9914215803146362,1.0,80.9000015258789,81.5999984741211,81.5999984741211,620.0,True,False,0.9821914434432983,80.14682006835938,0.9957054257392883,81.24956122100002,LSTM,0,48,64,0.05
test_38,A2,test,38,0.800000011920929,7,177.3217010498047,0.9901961088180542,1.0,80.80000305175781,81.5999984741211,81.5999984741211,620.0,True,False,0.9821914434432983,80.14682006835938,0.9903673529624939,80.81397449055885,LSTM,0,48,64,0.05
test_38,A2,test,38,0.8999999761581421,8,177.3217010498047,0.9889705777168274,1.0,80.69999694824219,81.5999984741211,81.5999984741211,620.0,True,False,0.9821914434432983,80.14682006835938,0.9868347644805908,80.52571527582586,LSTM,0,48,64,0.05
test_38,A2,test,38,1.0,9,177.3217010498047,0.9877451062202454,1.0,80.5999984741211,81.5999984741211,81.5999984741211,620.0,True,False,0.9813434481620789,80.07762145996094,0.9813434481620789,80.07762387261437,LSTM,0,48,64,0.05
test_38,A2,test,38,1.100000023841858,10,177.3217010498047,0.9865196347236633,1.0,80.5,81.5999984741211,81.5999984741211,620.0,True,False,0.9737441539764404,79.45751953125,0.9737441539764404,79.45752147866187,LSTM,0,48,64,0.05
test_38,A2,test,38,1.2000000476837158,11,177.3217010498047,0.9852941632270813,1.0,80.4000015258789,81.5999984741211,81.5999984741211,620.0,True,False,0.9653356671333313,78.7713851928711,0.9653356671333313,78.7713889650945,LSTM,0,48,64,0.05
test_38,A2,test,38,1.2999999523162842,12,177.3217010498047,0.9840686917304993,1.0,80.30000305175781,81.5999984741211,81.5999984741211,620.0,True,False,0.9585741758346558,78.21965026855469,0.9585741758346558,78.2196512854398,LSTM,0,48,64,0.05
test_38,A2,test,38,1.399999976158142,13,177.3217010498047,0.9828431010246277,1.0,80.19999694824219,81.5999984741211,81.5999984741211,620.0,True,False,0.9538319706916809,77.83268737792969,0.9538319706916809,77.83268735300908,LSTM,0,48,64,0.05
test_38,A2,test,38,1.5,14,177.3217010498047,0.9816176295280457,1.0,80.0999984741211,81.5999984741211,81.5999984741211,620.0,True,False,0.9516235589981079,77.65248107910156,0.9516235589981079,77.65248096218329,LSTM,0,48,64,0.05
test_38,A2,test,38,1.600000023841858,15,177.3217010498047,0.9803921580314636,1.0,80.0,81.5999984741211,81.5999984741211,620.0,True,False,0.9509576559066772,77.59814453125,0.9509576559066772,77.59814327093864,LSTM,0,48,64,0.05
test_38,A2,test,38,1.7000000476837158,16,177.3217010498047,0.9791666865348816,1.0,79.9000015258789,81.5999984741211,81.5999984741211,620.0,True,False,0.9487297534942627,77.41634368896484,0.9487297534942627,77.41634643748512,LSTM,0,48,64,0.05
test_38,A2,test,38,1.7999999523162842,17,177.3217010498047,0.9779412150382996,1.0,79.80000305175781,81.5999984741211,81.5999984741211,620.0,True,False,0.9476850032806396,77.33109283447266,0.9476850032806396,77.33109482164764,LSTM,0,48,64,0.05
test_38,A2,test,38,1.899999976158142,18,177.3217010498047,0.9767156839370728,1.0,79.69999694824219,81.5999984741211,81.5999984741211,620.0,True,False,0.9470300078392029,77.27764892578125,0.9470300078392029,77.27764719462584,LSTM,0,48,64,0.05
test_38,A2,test,38,2.0,19,177.3217010498047,0.9754902124404907,1.0,79.5999984741211,81.5999984741211,81.5999984741211,620.0,True,False,0.9455530643463135,77.1571273803711,0.9455530643463135,77.1571286078597,LSTM,0,48,64,0.05
test_38,A2,test,38,2.0999999046325684,20,177.3217010498047,0.9742647409439087,1.0,79.5,81.5999984741211,81.5999984741211,620.0,True,False,0.9444998502731323,77.0711898803711,0.9444998502731323,77.0711863410952,LSTM,0,48,64,0.05
test_38,A2,test,38,2.200000047683716,21,177.3217010498047,0.9730392694473267,1.0,79.4000015258789,81.5999984741211,81.5999984741211,620.0,True,False,0.9443583488464355,77.05963897705078,0.9443583488464355,77.05963982489266,LSTM,0,48,64,0.05
test_38,A2,test,38,2.299999952316284,22,177.3217010498047,0.9718137979507446,1.0,79.30000305175781,81.5999984741211,81.5999984741211,620.0,True,False,0.9419441819190979,76.86264038085938,0.9419441819190979,76.86264380730563,LSTM,0,48,64,0.05
test_38,A2,test,38,2.4000000953674316,23,177.3217010498047,0.970588207244873,1.0,79.19999694824219,81.5999984741211,81.5999984741211,620.0,True,False,0.9408005475997925,76.76932525634766,0.9408005475997925,76.76932324859536,LSTM,0,48,64,0.05
test_38,A2,test,38,2.5,24,177.3217010498047,0.969362735748291,1.0,79.0999984741211,81.5999984741211,81.5999984741211,620.0,True,False,0.9392682909965515,76.64429473876953,0.9392682909965515,76.64429111210893,LSTM,0,48,64,0.05
test_38,A2,test,38,2.5999999046325684,25,177.3217010498047,0.968137264251709,1.0,79.0,81.5999984741211,81.5999984741211,620.0,True,False,0.9391539096832275,76.63495635986328,0.9391539096832275,76.63495759711623,LSTM,0,48,64,0.05
test_38,A2,test,38,2.700000047683716,26,177.3217010498047,0.966911792755127,1.0,78.9000015258789,81.5999984741211,81.5999984741211,620.0,True,False,0.9375579357147217,76.50472259521484,0.9375579357147217,76.50472612372141,LSTM,0,48,64,0.05
test_38,A2,test,38,2.799999952316284,27,177.3217010498047,0.9656863212585449,1.0,78.80000305175781,81.5999984741211,81.5999984741211,620.0,True,False,0.9348499178886414,76.28375244140625,0.9348499178886414,76.28375187324536,LSTM,0,48,64,0.05
test_38,A2,test,38,2.9000000953674316,28,177.3217010498047,0.9644607901573181,1.0,78.69999694824219,81.5999984741211,81.5999984741211,620.0,True,False,0.9344907402992249,76.25444030761719,0.9344907402992249,76.25444298249704,LSTM,0,48,64,0.05
test_38,A2,test,38,3.0,29,177.3217010498047,0.9632353186607361,1.0,78.5999984741211,81.5999984741211,81.5999984741211,620.0,True,False,0.9322406649589539,76.07083892822266,0.9322406649589539,76.07083683816427,LSTM,0,48,64,0.05
test_38,A2,test,38,3.0999999046325684,30,177.3217010498047,0.962009847164154,1.0,78.5,81.5999984741211,81.5999984741211,620.0,True,False,0.9319173693656921,76.0444564819336,0.9319173693656921,76.04445591824742,LSTM,0,48,64,0.05
test_38,A2,test,38,3.200000047683716,31,177.3217010498047,0.960784375667572,1.0,78.4000015258789,81.5999984741211,81.5999984741211,620.0,True,False,0.9292835593223572,75.82953643798828,0.9292835593223572,75.82953702273016,LSTM,0,48,64,0.05
test_38,A2,test,38,3.299999952316284,32,177.3217010498047,0.95955890417099,1.0,78.30000305175781,81.5999984741211,81.5999984741211,620.0,True,False,0.9287171363830566,75.78331756591797,0.9287171363830566,75.78331691174753,LSTM,0,48,64,0.05
test_38,A2,test,38,3.4000000953674316,33,177.3217010498047,0.9583333134651184,1.0,78.19999694824219,81.5999984741211,81.5999984741211,620.0,True,False,0.9276634454727173,75.69733428955078,0.9276634454727173,75.69733573507165,LSTM,0,48,64,0.05
test_38,A2,test,38,3.5,34,177.3217010498047,0.9571078419685364,1.0,78.0999984741211,81.5999984741211,81.5999984741211,620.0,True,False,0.9260194301605225,75.56318664550781,0.9260194301605225,75.56318408810512,LSTM,0,48,64,0.05
test_38,A2,test,38,3.5999999046325684,35,177.3217010498047,0.9558823704719543,1.0,78.0,81.5999984741211,81.5999984741211,620.0,True,False,0.9245885610580444,75.44642639160156,0.9245885610580444,75.44642517152624,LSTM,0,48,64,0.05
test_38,A2,test,38,3.700000047683716,36,177.3217010498047,0.9546568989753723,1.0,77.9000015258789,81.5999984741211,81.5999984741211,620.0,True,False,0.9215271472930908,75.19661712646484,0.9215271472930908,75.19661381297738,LSTM,0,48,64,0.05
test_38,A2,test,38,3.799999952316284,37,177.3217010498047,0.9534314274787903,1.0,77.80000305175781,81.5999984741211,81.5999984741211,620.0,True,False,0.9208152890205383,75.1385269165039,0.9208152890205383,75.1385261790233,LSTM,0,48,64,0.05
test_38,A2,test,38,3.9000000953674316,38,177.3217010498047,0.9522058367729187,1.0,77.69999694824219,81.5999984741211,81.5999984741211,620.0,True,False,0.918849527835846,74.97811889648438,0.918849527835846,74.97812006935192,LSTM,0,48,64,0.05
test_38,A2,test,38,4.0,39,177.3217010498047,0.9509803652763367,1.0,77.5999984741211,81.5999984741211,81.5999984741211,620.0,True,False,0.9185709953308105,74.95539093017578,0.9185709953308105,74.95539181736603,LSTM,0,48,64,0.05
test_38,A2,test,38,4.099999904632568,40,177.3217010498047,0.9497548937797546,1.0,77.5,81.5999984741211,81.5999984741211,620.0,True,False,0.918532133102417,74.95221710205078,0.918532133102417,74.95222065958842,LSTM,0,48,64,0.05
test_38,A2,test,38,4.199999809265137,41,177.3217010498047,0.9485294222831726,1.0,77.4000015258789,81.5999984741211,81.5999984741211,620.0,True,False,0.9170740842819214,74.83324432373047,0.9170740842819214,74.83324387806078,LSTM,0,48,64,0.05
test_38,A2,test,38,4.300000190734863,42,177.3217010498047,0.9473039507865906,1.0,77.30000305175781,81.5999984741211,81.5999984741211,620.0,True,False,0.9154290556907654,74.69901275634766,0.9154290556907654,74.69900954753257,LSTM,0,48,64,0.05
test_38,A2,test,38,4.400000095367432,43,177.3217010498047,0.9460784196853638,1.0,77.19999694824219,81.5999984741211,81.5999984741211,620.0,True,False,0.9147341847419739,74.6423110961914,0.9147341847419739,74.64230807917147,LSTM,0,48,64,0.05
test_38,A2,test,38,4.5,44,177.3217010498047,0.9448529481887817,1.0,77.0999984741211,81.5999984741211,81.5999984741211,620.0,True,False,0.9141290187835693,74.59292602539062,0.9141290187835693,74.59292653788907,LSTM,0,48,64,0.05
test_38,A2,test,38,4.599999904632568,45,177.3217010498047,0.9436274766921997,1.0,77.0,81.5999984741211,81.5999984741211,620.0,True,False,0.9141290187835693,74.59292602539062,0.9144435524940491,74.61859248818428,LSTM,0,48,64,0.05
test_38,A2,test,38,4.699999809265137,46,177.3217010498047,0.9424020051956177,1.0,76.9000015258789,81.5999984741211,81.5999984741211,620.0,True,False,0.9129810333251953,74.49925231933594,0.9129810333251953,74.49925092623744,LSTM,0,48,64,0.05
test_38,A2,test,38,4.800000190734863,47,177.3217010498047,0.9411765336990356,1.0,76.80000305175781,81.5999984741211,81.5999984741211,620.0,True,False,0.9120073914527893,74.4197998046875,0.9120073914527893,74.41980175093477,LSTM,0,48,64,0.05
test_38,A2,test,38,4.900000095367432,48,177.3217010498047,0.9399509429931641,1.0,76.69999694824219,81.5999984741211,81.5999984741211,620.0,True,False,0.9116522669792175,74.39082336425781,0.9116522669792175,74.39082359443319,LSTM,0,48,64,0.05
test_38,A2,test,38,5.0,49,177.3217010498047,0.938725471496582,1.0,76.5999984741211,81.5999984741211,81.5999984741211,620.0,True,False,0.9116522669792175,74.39082336425781,0.9124199151992798,74.45346368801893,LSTM,0,48,64,0.05
test_38,A2,test,38,5.099999904632568,50,177.3217010498047,0.9375,1.0,76.5,81.5999984741211,81.5999984741211,620.0,True,False,0.9116522669792175,74.39082336425781,0.912371039390564,74.4494754221023,LSTM,0,48,64,0.05
test_38,A2,test,38,5.199999809265137,51,177.3217010498047,0.936274528503418,1.0,76.4000015258789,81.5999984741211,81.5999984741211,620.0,True,False,0.9116522669792175,74.39082336425781,0.9132043719291687,74.51747535598088,LSTM,0,48,64,0.05
test_38,A2,test,38,5.300000190734863,52,177.3217010498047,0.9350490570068359,1.0,76.30000305175781,81.5999984741211,81.5999984741211,620.0,True,False,0.9116522669792175,74.39082336425781,0.912926435470581,74.49479574138422,LSTM,0,48,64,0.05
test_38,A2,test,38,5.400000095367432,53,177.3217010498047,0.9338235259056091,1.0,76.19999694824219,81.5999984741211,81.5999984741211,620.0,True,False,0.9116522669792175,74.39082336425781,0.9118678569793701,74.40841573811667,LSTM,0,48,64,0.05
test_38,A2,test,38,5.5,54,177.3217010498047,0.9325980544090271,1.0,76.0999984741211,81.5999984741211,81.5999984741211,620.0,True,False,0.9116522669792175,74.39082336425781,0.912341833114624,74.44709219003016,LSTM,0,48,64,0.05
test_38,A2,test,38,5.599999904632568,55,177.3217010498047,0.9313725829124451,1.0,76.0,81.5999984741211,81.5999984741211,620.0,True,False,0.9116522669792175,74.39082336425781,0.9117962718009949,74.40257438767048,LSTM,0,48,64,0.05
test_38,A2,test,38,5.699999809265137,56,177.3217010498047,0.930147111415863,1.0,75.9000015258789,81.5999984741211,81.5999984741211,620.0,True,False,0.9098697900772095,74.24537658691406,0.9098697900772095,74.24537348194917,LSTM,0,48,64,0.05
test_38,A2,test,38,5.800000190734863,57,177.3217010498047,0.928921639919281,1.0,75.80000305175781,81.5999984741211,81.5999984741211,620.0,True,False,0.9098697900772095,74.24537658691406,0.9107565879821777,74.31773618964144,LSTM,0,48,64,0.05
test_38,A2,test,38,5.900000095367432,58,177.3217010498047,0.9276960492134094,1.0,75.69999694824219,81.5999984741211,81.5999984741211,620.0,True,False,0.9098697900772095,74.24537658691406,0.9100872278213501,74.26311640153926,LSTM,0,48,64,0.05
test_38,A2,test,38,6.0,59,177.3217010498047,0.9264705777168274,1.0,75.5999984741211,81.5999984741211,81.5999984741211,620.0,True,False,0.9098697900772095,74.24537658691406,0.9122725129127502,74.44143566166304,LSTM,0,48,64,0.05
test_38,A2,test,38,6.099999904632568,60,177.3217010498047,0.9252451062202454,1.0,75.5,81.5999984741211,81.5999984741211,620.0,True,False,0.9098697900772095,74.24537658691406,0.9112585783004761,74.3586985988486,LSTM,0,48,64,0.05
test_38,A2,test,38,6.199999809265137,61,177.3217010498047,0.9240196347236633,1.0,75.4000015258789,81.5999984741211,81.5999984741211,620.0,True,False,0.9098697900772095,74.24537658691406,0.9100711941719055,74.26180805576905,LSTM,0,48,64,0.05
test_38,A2,test,38,6.300000190734863,62,177.3217010498047,0.9227941632270813,1.0,75.30000305175781,81.5999984741211,81.5999984741211,620.0,True,False,0.8882415294647217,72.48050689697266,0.8882415294647217,72.48050744897228,LSTM,0,48,64,0.05
test_38,A2,test,38,6.400000095367432,63,177.3217010498047,0.9215686321258545,1.0,75.19999694824219,81.5999984741211,81.5999984741211,620.0,True,False,0.8882415294647217,72.48050689697266,0.8989002108573914,73.35025583435026,LSTM,0,48,64,0.05
test_38,A2,test,38,6.5,64,177.3217010498047,0.9203431606292725,1.0,75.0999984741211,81.5999984741211,81.5999984741211,620.0,True,False,0.8882415294647217,72.48050689697266,0.9077799320220947,74.07484106784068,LSTM,0,48,64,0.05
test_38,A2,test,38,6.599999904632568,65,177.3217010498047,0.9191176891326904,1.0,75.0,81.5999984741211,81.5999984741211,620.0,True,False,0.8882415294647217,72.48050689697266,0.9097911715507507,74.2389582103101,LSTM,0,48,64,0.05
test_38,A2,test,38,6.699999809265137,66,177.3217010498047,0.9178922176361084,1.0,74.9000015258789,81.5999984741211,81.5999984741211,620.0,True,False,0.8882415294647217,72.48050689697266,0.9099728465080261,74.25378288654656,LSTM,0,48,64,0.05
test_38,A2,test,38,6.800000190734863,67,177.3217010498047,0.9166667461395264,1.0,74.80000305175781,81.5999984741211,81.5999984741211,620.0,True,False,0.8882415294647217,72.48050689697266,0.9091376066207886,74.18562731302245,LSTM,0,48,64,0.05
test_38,A2,test,38,6.900000095367432,68,177.3217010498047,0.9154411554336548,1.0,74.69999694824219,81.5999984741211,81.5999984741211,620.0,True,False,0.8882415294647217,72.48050689697266,0.910609245300293,74.30571302702447,LSTM,0,48,64,0.05
test_38,A2,test,38,7.0,69,177.3217010498047,0.9142156839370728,1.0,74.5999984741211,81.5999984741211,81.5999984741211,620.0,True,False,0.8882415294647217,72.48050689697266,0.9088782668113708,74.16446518496969,LSTM,0,48,64,0.05
test_38,A2,test,38,7.099999904632568,70,177.3217010498047,0.9129902124404907,1.0,74.5,81.5999984741211,81.5999984741211,620.0,True,False,0.8882415294647217,72.48050689697266,0.9103420376777649,74.2839088854339,LSTM,0,48,64,0.05
test_38,A2,test,38,7.199999809265137,71,177.3217010498047,0.9117647409439087,1.0,74.4000015258789,81.5999984741211,81.5999984741211,620.0,True,False,0.8882415294647217,72.48050689697266,0.9090624451637268,74.1794941382409,LSTM,0,48,64,0.05
test_38,A2,test,38,7.300000190734863,72,177.3217010498047,0.9105392694473267,1.0,74.30000305175781,81.5999984741211,81.5999984741211,620.0,True,False,0.8882415294647217,72.48050689697266,0.9096419811248779,74.22678427178653,LSTM,0,48,64,0.05
test_38,A2,test,38,7.400000095367432,73,177.3217010498047,0.9093136787414551,1.0,74.19999694824219,81.5999984741211,81.5999984741211,620.0,True,False,0.8882415294647217,72.48050689697266,0.9104119539260864,74.28961405119026,LSTM,0,48,64,0.05
test_38,A2,test,38,7.5,74,177.3217010498047,0.908088207244873,1.0,74.0999984741211,81.5999984741211,81.5999984741211,620.0,True,False,0.8882415294647217,72.48050689697266,0.9097917079925537,74.2390019839604,LSTM,0,48,64,0.05
test_38,A2,test,38,7.599999904632568,75,177.3217010498047,0.906862735748291,1.0,74.0,81.5999984741211,81.5999984741211,620.0,True,False,0.8882415294647217,72.48050689697266,0.9097620248794556,74.23657984197689,LSTM,0,48,64,0.05
test_38,A2,test,38,7.699999809265137,76,177.3217010498047,0.905637264251709,1.0,73.9000015258789,81.5999984741211,81.5999984741211,620.0,True,False,0.8882415294647217,72.48050689697266,0.9093354344367981,74.20177006250697,LSTM,0,48,64,0.05
test_38,A2,test,38,7.800000190734863,77,177.3217010498047,0.904411792755127,1.0,73.80000305175781,81.5999984741211,81.5999984741211,620.0,True,False,0.8882415294647217,72.48050689697266,0.9092221260070801,74.19252409481487,LSTM,0,48,64,0.05
test_38,A2,test,38,7.900000095367432,78,177.3217010498047,0.9031862616539001,1.0,73.69999694824219,81.5999984741211,81.5999984741211,620.0,True,False,0.8882415294647217,72.48050689697266,0.9092226028442383,74.19256300472625,LSTM,0,48,64,0.05
test_38,A2,test,38,8.0,79,177.3217010498047,0.9019607901573181,1.0,73.5999984741211,81.5999984741211,81.5999984741211,620.0,True,False,0.8882415294647217,72.48050689697266,0.9094456434249878,74.21076311577508,LSTM,0,48,64,0.05
test_38,A2,test,38,8.100000381469727,80,177.3217010498047,0.9007353186607361,1.0,73.5,81.5999984741211,81.5999984741211,620.0,True,False,0.8882415294647217,72.48050689697266,0.908879816532135,74.16459164218168,LSTM,0,48,64,0.05
test_38,A2,test,38,8.199999809265137,81,177.3217010498047,0.899509847164154,1.0,73.4000015258789,81.5999984741211,81.5999984741211,620.0,True,False,0.8882415294647217,72.48050689697266,0.9073411226272583,74.0390342218916,LSTM,0,48,64,0.05
test_38,A2,test,38,8.300000190734863,82,177.3217010498047,0.898284375667572,1.0,73.30000305175781,81.5999984741211,81.5999984741211,620.0,True,False,0.8882415294647217,72.48050689697266,0.9095219373703003,74.21698870159616,LSTM,0,48,64,0.05
test_38,A2,test,38,8.399999618530273,83,177.3217010498047,0.8970587849617004,1.0,73.19999694824219,81.5999984741211,81.5999984741211,620.0,True,False,0.8882415294647217,72.48050689697266,0.911028265953064,74.3399051116512,LSTM,0,48,64,0.05
test_38,A2,test,38,8.5,84,177.3217010498047,0.8958333134651184,1.0,73.0999984741211,81.5999984741211,81.5999984741211,620.0,True,False,0.8882415294647217,72.48050689697266,0.9097433090209961,74.23505262795516,LSTM,0,48,64,0.05
test_38,A2,test,38,8.600000381469727,85,177.3217010498047,0.8946078419685364,1.0,73.0,81.5999984741211,81.5999984741211,620.0,True,False,0.8882415294647217,72.48050689697266,0.9104100465774536,74.28945841154473,LSTM,0,48,64,0.05
test_38,A2,test,38,8.699999809265137,86,177.3217010498047,0.8933823704719543,1.0,72.9000015258789,81.5999984741211,81.5999984741211,620.0,True,False,0.8882415294647217,72.48050689697266,0.9097920656204224,74.23903116639394,LSTM,0,48,64,0.05
test_38,A2,test,38,8.800000190734863,87,177.3217010498047,0.8921568989753723,1.0,72.80000305175781,81.5999984741211,81.5999984741211,620.0,True,False,0.8882415294647217,72.48050689697266,0.9091072082519531,74.18314680617186,LSTM,0,48,64,0.05
test_38,A2,test,38,8.899999618530273,88,177.3217010498047,0.8909313678741455,1.0,72.69999694824219,81.5999984741211,81.5999984741211,620.0,True,False,0.8882415294647217,72.48050689697266,0.9109981060028076,74.33744405975631,LSTM,0,48,64,0.05
test_38,A2,test,38,9.0,89,177.3217010498047,0.8897058963775635,1.0,72.5999984741211,81.5999984741211,81.5999984741211,620.0,True,False,0.8882415294647217,72.48050689697266,0.911575436592102,74.3845542349618,LSTM,0,48,64,0.05
test_38,A2,test,38,9.100000381469727,90,177.3217010498047,0.8884804248809814,1.0,72.5,81.5999984741211,81.5999984741211,620.0,True,False,0.8882415294647217,72.48050689697266,0.9112505912780762,74.35804685783296,LSTM,0,48,64,0.05
test_38,A2,test,38,9.199999809265137,91,177.3217010498047,0.8872549533843994,1.0,72.4000015258789,81.5999984741211,81.5999984741211,620.0,True,False,0.8882415294647217,72.48050689697266,0.9110336303710938,74.34034284815425,LSTM,0,48,64,0.05
test_38,A2,test,38,9.300000190734863,92,177.3217010498047,0.8860294818878174,1.0,72.30000305175781,81.5999984741211,81.5999984741211,620.0,True,False,0.8882415294647217,72.48050689697266,0.9103507399559021,74.28461899131662,LSTM,0,48,64,0.05
test_38,A2,test,38,9.399999618530273,93,177.3217010498047,0.8848038911819458,1.0,72.19999694824219,81.5999984741211,81.5999984741211,620.0,True,False,0.8882415294647217,72.48050689697266,0.9101071357727051,74.26474089033945,LSTM,0,48,64,0.05
test_38,A2,test,38,9.5,94,177.3217010498047,0.8835784196853638,1.0,72.0999984741211,81.5999984741211,81.5999984741211,620.0,True,False,0.8882415294647217,72.48050689697266,0.9096516370773315,74.22757219749201,LSTM,0,48,64,0.05
test_38,A2,test,38,9.600000381469727,95,177.3217010498047,0.8823529481887817,1.0,72.0,81.5999984741211,81.5999984741211,620.0,True,False,0.8882415294647217,72.48050689697266,0.9101230502128601,74.26603950863182,LSTM,0,48,64,0.05
test_38,A2,test,38,9.699999809265137,96,177.3217010498047,0.8811274766921997,1.0,71.9000015258789,81.5999984741211,81.5999984741211,620.0,True,False,0.8882415294647217,72.48050689697266,0.9106335639953613,74.30769743250494,LSTM,0,48,64,0.05
test_38,A2,test,38,9.800000190734863,97,177.3217010498047,0.8799020051956177,1.0,71.80000305175781,81.5999984741211,81.5999984741211,620.0,True,False,0.8882415294647217,72.48050689697266,0.9116808176040649,74.39315332537717,LSTM,0,48,64,0.05
test_38,A2,test,38,9.899999618530273,98,177.3217010498047,0.8786764740943909,1.0,71.69999694824219,81.5999984741211,81.5999984741211,620.0,True,False,0.8882415294647217,72.48050689697266,0.9114821553230286,74.37694248354774,LSTM,0,48,64,0.05
test_38,A2,test,38,10.0,99,177.3217010498047,0.8774510025978088,1.0,71.5999984741211,81.5999984741211,81.5999984741211,620.0,True,False,0.8882415294647217,72.48050689697266,0.9108155369758606,74.32254642743601,LSTM,0,48,64,0.05
test_38,A2,test,38,10.100000381469727,100,177.3217010498047,0.8762255311012268,1.0,71.5,81.5999984741211,81.5999984741211,620.0,True,False,0.8882415294647217,72.48050689697266,0.9116919636726379,74.39406284455572,LSTM,0,48,64,0.05
test_38,A2,test,38,10.199999809265137,101,177.3217010498047,0.8750000596046448,1.0,71.4000015258789,81.5999984741211,81.5999984741211,620.0,True,False,0.8882415294647217,72.48050689697266,0.911604642868042,74.38693746703393,LSTM,0,48,64,0.05
test_38,A2,test,38,10.300000190734863,102,177.3217010498047,0.8737745881080627,1.0,71.30000305175781,81.5999984741211,81.5999984741211,620.0,True,False,0.8882415294647217,72.48050689697266,0.9123967885971069,74.45157655731691,LSTM,0,48,64,0.05
test_38,A2,test,38,10.399999618530273,103,177.3217010498047,0.8725489974021912,1.0,71.19999694824219,81.5999984741211,81.5999984741211,620.0,True,False,0.8882415294647217,72.48050689697266,0.9112285375595093,74.35624727443155,LSTM,0,48,64,0.05
test_38,A2,test,38,10.5,104,177.3217010498047,0.8713235259056091,1.0,71.0999984741211,81.5999984741211,81.5999984741211,620.0,True,False,0.8882415294647217,72.48050689697266,0.9091054201126099,74.18300089400418,LSTM,0,48,64,0.05
test_38,A2,test,38,10.600000381469727,105,177.3217010498047,0.8700980544090271,1.0,71.0,81.5999984741211,81.5999984741211,620.0,True,False,0.8882415294647217,72.48050689697266,0.9098661541938782,74.24507679387489,LSTM,0,48,64,0.05
test_38,A2,test,38,10.699999809265137,106,177.3217010498047,0.8688725829124451,1.0,70.9000015258789,81.5999984741211,81.5999984741211,620.0,True,False,0.8882415294647217,72.48050689697266,0.9111602902412415,74.35067829336504,LSTM,0,48,64,0.05
test_38,A2,test,38,10.800000190734863,107,177.3217010498047,0.867647111415863,1.0,70.80000305175781,81.5999984741211,81.5999984741211,620.0,True,False,0.8882415294647217,72.48050689697266,0.9106288552284241,74.30731319713004,LSTM,0,48,64,0.05
test_38,A2,test,38,10.899999618530273,108,177.3217010498047,0.8664215207099915,1.0,70.69999694824219,81.5999984741211,81.5999984741211,620.0,True,False,0.8882415294647217,72.48050689697266,0.9106535911560059,74.30933164878297,LSTM,0,48,64,0.05
test_38,A2,test,38,11.0,109,177.3217010498047,0.8651960492134094,1.0,70.5999984741211,81.5999984741211,81.5999984741211,620.0,True,False,0.8882415294647217,72.48050689697266,0.9116247892379761,74.38858141078981,LSTM,0,48,64,0.05
test_38,A2,test,38,11.100000381469727,110,177.3217010498047,0.8639705777168274,1.0,70.5,81.5999984741211,81.5999984741211,620.0,True,False,0.8882415294647217,72.48050689697266,0.9097155928611755,74.23279098935609,LSTM,0,48,64,0.05
test_38,A2,test,38,11.199999809265137,111,177.3217010498047,0.8627451062202454,1.0,70.4000015258789,81.5999984741211,81.5999984741211,620.0,True,False,0.8882415294647217,72.48050689697266,0.9115850925445557,74.38534216066728,LSTM,0,48,64,0.05
test_38,A2,test,38,11.300000190734863,112,177.3217010498047,0.8615196347236633,1.0,70.30000305175781,81.5999984741211,81.5999984741211,620.0,True,False,0.8882415294647217,72.48050689697266,0.9095839262008667,74.2220469900758,LSTM,0,48,64,0.05
test_38,A2,test,38,11.399999618530273,113,177.3217010498047,0.8602941036224365,1.0,70.19999694824219,81.5999984741211,81.5999984741211,620.0,True,False,0.8882415294647217,72.48050689697266,0.9118129014968872,74.40393137082992,LSTM,0,48,64,0.05
test_38,A2,test,38,11.5,114,177.3217010498047,0.8590686321258545,1.0,70.0999984741211,81.5999984741211,81.5999984741211,620.0,True,False,0.8882415294647217,72.48050689697266,0.9117339253425598,74.39748691675732,LSTM,0,48,64,0.05
test_38,A2,test,38,11.600000381469727,115,177.3217010498047,0.8578431606292725,1.0,70.0,81.5999984741211,81.5999984741211,620.0,True,False,0.8882415294647217,72.48050689697266,0.9108451008796692,74.32495884194168,LSTM,0,48,64,0.05
test_38,A2,test,38,11.699999809265137,116,177.3217010498047,0.8566176891326904,1.0,69.9000015258789,81.5999984741211,81.5999984741211,620.0,True,False,0.8882415294647217,72.48050689697266,0.9112319350242615,74.35652450755015,LSTM,0,48,64,0.05
test_38,A2,test,38,11.800000190734863,117,177.3217010498047,0.8553922176361084,1.0,69.80000305175781,81.5999984741211,81.5999984741211,620.0,True,False,0.8882415294647217,72.48050689697266,0.911418080329895,74.37171396420581,LSTM,0,48,64,0.05
test_38,A2,test,38,11.899999618530273,118,177.3217010498047,0.8541666269302368,1.0,69.69999694824219,81.5999984741211,81.5999984741211,620.0,True,False,0.8882415294647217,72.48050689697266,0.9113205075263977,74.36375202358931,LSTM,0,48,64,0.05
test_38,A2,test,38,12.0,119,177.3217010498047,0.8529411554336548,1.0,69.5999984741211,81.5999984741211,81.5999984741211,620.0,True,False,0.8882415294647217,72.48050689697266,0.9113599061965942,74.36696695501723,LSTM,0,48,64,0.05
test_38,A2,test,38,12.100000381469727,120,177.3217010498047,0.8517156839370728,1.0,69.5,81.5999984741211,81.5999984741211,620.0,True,False,0.8882415294647217,72.48050689697266,0.9119307994842529,74.41355184641907,LSTM,0,48,64,0.05
test_38,A2,test,38,12.199999809265137,121,177.3217010498047,0.8504902124404907,1.0,69.4000015258789,81.5999984741211,81.5999984741211,620.0,True,False,0.8882415294647217,72.48050689697266,0.9116685390472412,74.39215139515909,LSTM,0,48,64,0.05
test_38,A2,test,38,12.300000190734863,122,177.3217010498047,0.8492647409439087,1.0,69.30000305175781,81.5999984741211,81.5999984741211,620.0,True,False,0.8882415294647217,72.48050689697266,0.9124433398246765,74.45537513741556,LSTM,0,48,64,0.05
test_38,A2,test,38,12.399999618530273,123,177.3217010498047,0.8480392098426819,1.0,69.19999694824219,81.5999984741211,81.5999984741211,620.0,True,False,0.8882415294647217,72.48050689697266,0.9113029837608337,74.36232208434603,LSTM,0,48,64,0.05
test_38,A2,test,38,12.5,124,177.3217010498047,0.8468137383460999,1.0,69.0999984741211,81.5999984741211,81.5999984741211,620.0,True,False,0.8882415294647217,72.48050689697266,0.9104204177856445,74.29030470211728,LSTM,0,48,64,0.05
test_38,A2,test,38,12.600000381469727,125,177.3217010498047,0.8455882668495178,1.0,69.0,81.5999984741211,81.5999984741211,620.0,True,False,0.8882415294647217,72.48050689697266,0.910643994808197,74.30854858681641,LSTM,0,48,64,0.05
test_38,A2,test,38,12.699999809265137,126,177.3217010498047,0.8443627953529358,1.0,68.9000015258789,81.5999984741211,81.5999984741211,620.0,True,False,0.8882415294647217,72.48050689697266,0.9125149846076965,74.46122135160067,LSTM,0,48,64,0.05
test_38,A2,test,38,12.800000190734863,127,177.3217010498047,0.8431373238563538,1.0,68.80000305175781,81.5999984741211,81.5999984741211,620.0,True,False,0.8882415294647217,72.48050689697266,0.9110360145568848,74.34053739771116,LSTM,0,48,64,0.05
test_38,A2,test,38,12.899999618530273,128,177.3217010498047,0.8419117331504822,1.0,68.69999694824219,81.5999984741211,81.5999984741211,620.0,True,False,0.8882415294647217,72.48050689697266,0.9100409746170044,74.25934214013523,LSTM,0,48,64,0.05
test_38,A2,test,38,13.0,129,177.3217010498047,0.8406862616539001,1.0,68.5999984741211,81.5999984741211,81.5999984741211,620.0,True,False,0.8882415294647217,72.48050689697266,0.9109892249107361,74.33671936265682,LSTM,0,48,64,0.05
test_38,A2,test,38,13.100000381469727,130,177.3217010498047,0.8394607901573181,1.0,68.5,81.5999984741211,81.5999984741211,620.0,True,False,0.8882415294647217,72.48050689697266,0.9115412831306458,74.38176731255908,LSTM,0,48,64,0.05
test_38,A2,test,38,13.199999809265137,131,177.3217010498047,0.8382353186607361,1.0,68.4000015258789,81.5999984741211,81.5999984741211,620.0,True,False,0.8882415294647217,72.48050689697266,0.9111164212226868,74.34709858151791,LSTM,0,48,64,0.05
test_38,A2,test,38,13.300000190734863,132,177.3217010498047,0.837009847164154,1.0,68.30000305175781,81.5999984741211,81.5999984741211,620.0,True,False,0.8882415294647217,72.48050689697266,0.9100430607795715,74.25951237099753,LSTM,0,48,64,0.05
test_38,A2,test,38,13.399999618530273,133,177.3217010498047,0.8357843160629272,1.0,68.19999694824219,81.5999984741211,81.5999984741211,620.0,True,False,0.8882415294647217,72.48050689697266,0.9082347750663757,74.11195625955997,LSTM,0,48,64,0.05
test_38,A2,test,38,13.5,134,177.3217010498047,0.8345588445663452,1.0,68.0999984741211,81.5999984741211,81.5999984741211,620.0,True,False,0.8882415294647217,72.48050689697266,0.9093816876411438,74.205544323911,LSTM,0,48,64,0.05
test_38,A2,test,38,13.600000381469727,135,177.3217010498047,0.8333333730697632,1.0,68.0,81.5999984741211,81.5999984741211,620.0,True,False,0.8882415294647217,72.48050689697266,0.9097999334335327,74.23967317993174,LSTM,0,48,64,0.05
test_38,A2,test,38,13.699999809265137,136,177.3217010498047,0.8321079015731812,1.0,67.9000015258789,81.5999984741211,81.5999984741211,620.0,True,False,0.8882415294647217,72.48050689697266,0.9020105600357056,73.60406032255469,LSTM,0,48,64,0.05
test_38,A2,test,38,13.800000190734863,137,177.3217010498047,0.8308824300765991,1.0,67.80000305175781,81.5999984741211,81.5999984741211,620.0,True,False,0.8882415294647217,72.48050689697266,0.9021878242492676,73.61852508211086,LSTM,0,48,64,0.05
test_38,A2,test,38,13.899999618530273,138,177.3217010498047,0.8296568393707275,1.0,67.69999694824219,81.5999984741211,81.5999984741211,620.0,True,False,0.8882415294647217,72.48050689697266,0.9064987301826477,73.97029499969676,LSTM,0,48,64,0.05
test_38,A2,test,38,14.0,139,177.3217010498047,0.8284313678741455,1.0,67.5999984741211,81.5999984741211,81.5999984741211,620.0,True,False,0.8882415294647217,72.48050689697266,0.9106038808822632,74.30527529052142,LSTM,0,48,64,0.05
test_38,A2,test,38,14.100000381469727,140,177.3217010498047,0.8272058963775635,1.0,67.5,81.5999984741211,81.5999984741211,620.0,True,False,0.8882415294647217,72.48050689697266,0.9097493290901184,74.23554386558635,LSTM,0,48,64,0.05
test_38,A2,test,38,14.199999809265137,141,177.3217010498047,0.8259804248809814,1.0,67.4000015258789,81.5999984741211,81.5999984741211,620.0,True,False,0.8882415294647217,72.48050689697266,0.9104347229003906,74.29147199945874,LSTM,0,48,64,0.05
test_38,A2,test,38,14.300000190734863,142,177.3217010498047,0.8247549533843994,1.0,67.30000305175781,81.5999984741211,81.5999984741211,620.0,True,False,0.8882415294647217,72.48050689697266,0.9009848833084106,73.52036510317248,LSTM,0,48,64,0.05
test_38,A2,test,38,14.399999618530273,143,177.3217010498047,0.8235293626785278,1.0,67.19999694824219,81.5999984741211,81.5999984741211,620.0,True,False,0.8882415294647217,72.48050689697266,0.8977082967758179,73.25299564711258,LSTM,0,48,64,0.05
test_38,A2,test,38,14.5,144,177.3217010498047,0.8223038911819458,1.0,67.0999984741211,81.5999984741211,81.5999984741211,620.0,True,False,0.8882415294647217,72.48050689697266,0.8997348546981812,73.41836277048515,LSTM,0,48,64,0.05
test_38,A2,test,38,14.600000381469727,145,177.3217010498047,0.8210784196853638,1.0,67.0,81.5999984741211,81.5999984741211,620.0,True,False,0.8842865228652954,72.15777587890625,0.8842865228652954,72.15777891649395,LSTM,0,48,64,0.05
test_38,A2,test,38,14.699999809265137,146,177.3217010498047,0.8198529481887817,1.0,66.9000015258789,81.5999984741211,81.5999984741211,620.0,True,False,0.8693081736564636,70.935546875,0.8693081736564636,70.93554564390843,LSTM,0,48,64,0.05
test_38,A2,test,38,14.800000190734863,147,177.3217010498047,0.8186274766921997,1.0,66.80000305175781,81.5999984741211,81.5999984741211,620.0,True,False,0.8693081736564636,70.935546875,0.8780733346939087,71.65078277118937,LSTM,0,48,64,0.05
test_38,A2,test,38,14.899999618530273,148,177.3217010498047,0.8174019455909729,1.0,66.69999694824219,81.5999984741211,81.5999984741211,620.0,True,False,0.8693081736564636,70.935546875,0.8834909796714783,72.09286259309238,LSTM,0,48,64,0.05
test_38,A2,test,38,15.0,149,177.3217010498047,0.8161764740943909,1.0,66.5999984741211,81.5999984741211,81.5999984741211,620.0,True,False,0.8693081736564636,70.935546875,0.8861148953437805,72.30697410794846,LSTM,0,48,64,0.05
test_38,A2,test,38,15.100000381469727,150,177.3217010498047,0.8149510025978088,1.0,66.5,81.5999984741211,81.5999984741211,620.0,True,False,0.8693081736564636,70.935546875,0.8874325752258301,72.41449678431309,LSTM,0,48,64,0.05
test_38,A2,test,38,15.199999809265137,151,177.3217010498047,0.8137255311012268,1.0,66.4000015258789,81.5999984741211,81.5999984741211,620.0,True,False,0.8693081736564636,70.935546875,0.8836790323257446,72.10820768939357,LSTM,0,48,64,0.05
test_38,A2,test,38,15.300000190734863,152,177.3217010498047,0.8125000596046448,1.0,66.30000305175781,81.5999984741211,81.5999984741211,620.0,True,False,0.8693081736564636,70.935546875,0.8780136704444885,71.64591416852772,LSTM,0,48,64,0.05
test_38,A2,test,38,15.399999618530273,153,177.3217010498047,0.8112744688987732,1.0,66.19999694824219,81.5999984741211,81.5999984741211,620.0,True,False,0.8693081736564636,70.935546875,0.8736124038696289,71.28677082273498,LSTM,0,48,64,0.05
test_38,A2,test,38,15.5,154,177.3217010498047,0.8100489974021912,1.0,66.0999984741211,81.5999984741211,81.5999984741211,620.0,True,False,0.8693081736564636,70.935546875,0.8733265399932861,71.2634443308616,LSTM,0,48,64,0.05
test_38,A2,test,38,15.600000381469727,155,177.3217010498047,0.8088235259056091,1.0,66.0,81.5999984741211,81.5999984741211,620.0,True,False,0.8693081736564636,70.935546875,0.8799799680709839,71.80636405184941,LSTM,0,48,64,0.05
test_38,A2,test,38,15.699999809265137,156,177.3217010498047,0.8075980544090271,1.0,65.9000015258789,81.5999984741211,81.5999984741211,620.0,True,False,0.8693081736564636,70.935546875,0.886803150177002,72.36313570128914,LSTM,0,48,64,0.05
test_38,A2,test,38,15.800000190734863,157,177.3217010498047,0.8063725829124451,1.0,65.80000305175781,81.5999984741211,81.5999984741211,620.0,True,False,0.8693081736564636,70.935546875,0.8808874487876892,71.88041447694786,LSTM,0,48,64,0.05
test_38,A2,test,38,15.899999618530273,158,177.3217010498047,0.8051470518112183,1.0,65.69999694824219,81.5999984741211,81.5999984741211,620.0,True,False,0.8693081736564636,70.935546875,0.8735302686691284,71.28006859049947,LSTM,0,48,64,0.05
test_38,A2,test,38,16.0,159,177.3217010498047,0.8039215803146362,1.0,65.5999984741211,81.5999984741211,81.5999984741211,620.0,True,False,0.8693081736564636,70.935546875,0.8723750710487366,71.18580446643819,LSTM,0,48,64,0.05
test_38,A2,test,38,16.100000381469727,160,177.3217010498047,0.8026961088180542,1.0,65.5,81.5999984741211,81.5999984741211,620.0,True,False,0.8693081736564636,70.935546875,0.8731144070625305,71.24613428403563,LSTM,0,48,64,0.05
test_38,A2,test,38,16.200000762939453,161,177.3217010498047,0.8014706373214722,1.0,65.4000015258789,81.5999984741211,81.5999984741211,620.0,True,False,0.8693081736564636,70.935546875,0.8734133243560791,71.27052593473309,LSTM,0,48,64,0.05
test_38,A2,test,38,16.299999237060547,162,177.3217010498047,0.8002451658248901,1.0,65.30000305175781,81.5999984741211,81.5999984741211,620.0,True,False,0.8693081736564636,70.935546875,0.8765932321548462,71.53000640626033,LSTM,0,48,64,0.05
test_38,A2,test,38,16.399999618530273,163,177.3217010498047,0.7990195751190186,1.0,65.19999694824219,81.5999984741211,81.5999984741211,620.0,True,False,0.8693081736564636,70.935546875,0.8797051906585693,71.78394221541566,LSTM,0,48,64,0.05
test_38,A2,test,38,16.5,164,177.3217010498047,0.7977941036224365,1.0,65.0999984741211,81.5999984741211,81.5999984741211,620.0,True,False,0.8693081736564636,70.935546875,0.878866970539093,71.71554345494542,LSTM,0,48,64,0.05
test_38,A2,test,38,16.600000381469727,165,177.3217010498047,0.7965686321258545,1.0,65.0,81.5999984741211,81.5999984741211,620.0,True,False,0.8693081736564636,70.935546875,0.8782235383987427,71.66303939327463,LSTM,0,48,64,0.05
test_38,A2,test,38,16.700000762939453,166,177.3217010498047,0.7953431606292725,1.0,64.9000015258789,81.5999984741211,81.5999984741211,620.0,True,False,0.8693081736564636,70.935546875,0.8777335286140442,71.62305459559093,LSTM,0,48,64,0.05
test_38,A2,test,38,16.799999237060547,167,177.3217010498047,0.7941176891326904,1.0,64.80000305175781,81.5999984741211,81.5999984741211,620.0,True,False,0.8693081736564636,70.935546875,0.8773327469825745,71.59035081507454,LSTM,0,48,64,0.05
test_38,A2,test,38,16.899999618530273,168,177.3217010498047,0.7928921580314636,1.0,64.69999694824219,81.5999984741211,81.5999984741211,620.0,True,False,0.8693081736564636,70.935546875,0.8729910254478455,71.2360663444656,LSTM,0,48,64,0.05
test_38,A2,test,38,17.0,169,177.3217010498047,0.7916666865348816,1.0,64.5999984741211,81.5999984741211,81.5999984741211,620.0,True,False,0.823061466217041,67.16181182861328,0.823061466217041,67.16181438741842,LSTM,0,48,64,0.05
test_38,A2,test,38,17.100000381469727,170,177.3217010498047,0.7904412150382996,1.0,64.5,81.5999984741211,81.5999984741211,620.0,True,False,0.823061466217041,67.16181182861328,0.8399336338043213,68.5385832367956,LSTM,0,48,64,0.05
test_38,A2,test,38,17.200000762939453,171,177.3217010498047,0.7892157435417175,1.0,64.4000015258789,81.5999984741211,81.5999984741211,620.0,True,False,0.823061466217041,67.16181182861328,0.8461967706680298,69.04965519531743,LSTM,0,48,64,0.05
test_38,A2,test,38,17.299999237060547,172,177.3217010498047,0.7879902720451355,1.0,64.30000305175781,81.5999984741211,81.5999984741211,620.0,True,False,0.823061466217041,67.16181182861328,0.833541989326477,68.01702505715639,LSTM,0,48,64,0.05
test_38,A2,test,38,17.399999618530273,173,177.3217010498047,0.7867646813392639,1.0,64.19999694824219,81.5999984741211,81.5999984741211,620.0,True,False,0.823061466217041,67.16181182861328,0.8379689455032349,68.37826467442483,LSTM,0,48,64,0.05
test_38,A2,test,38,17.5,174,177.3217010498047,0.7855392098426819,1.0,64.0999984741211,81.5999984741211,81.5999984741211,620.0,True,False,0.823061466217041,67.16181182861328,0.8445276021957397,68.91345105052551,LSTM,0,48,64,0.05
test_38,A2,test,38,17.600000381469727,175,177.3217010498047,0.7843137383460999,1.0,64.0,81.5999984741211,81.5999984741211,620.0,True,False,0.823061466217041,67.16181182861328,0.8454158306121826,68.98593048795192,LSTM,0,48,64,0.05
test_38,A2,test,38,17.700000762939453,176,177.3217010498047,0.7830882668495178,1.0,63.900001525878906,81.5999984741211,81.5999984741211,620.0,True,False,0.823061466217041,67.16181182861328,0.8442939519882202,68.89438519394844,LSTM,0,48,64,0.05
test_38,A2,test,38,17.799999237060547,177,177.3217010498047,0.781862735748291,1.0,63.79999923706055,81.5999984741211,81.5999984741211,620.0,True,False,0.823061466217041,67.16181182861328,0.8367197513580322,68.27633043408241,LSTM,0,48,64,0.05
test_38,A2,test,38,17.899999618530273,178,177.3217010498047,0.780637264251709,1.0,63.70000076293945,81.5999984741211,81.5999984741211,620.0,True,False,0.823061466217041,67.16181182861328,0.8345043659210205,68.09555498580266,LSTM,0,48,64,0.05
test_38,A2,test,38,18.0,179,177.3217010498047,0.7794117331504822,1.0,63.599998474121094,81.5999984741211,81.5999984741211,620.0,True,False,0.823061466217041,67.16181182861328,0.8345314264297485,68.09776312327358,LSTM,0,48,64,0.05
test_38,A2,test,38,18.100000381469727,180,177.3217010498047,0.7781862616539001,1.0,63.5,81.5999984741211,81.5999984741211,620.0,True,False,0.823061466217041,67.16181182861328,0.8336468935012817,68.02558523766038,LSTM,0,48,64,0.05
test_38,A2,test,38,18.200000762939453,181,177.3217010498047,0.7769607901573181,1.0,63.400001525878906,81.5999984741211,81.5999984741211,620.0,True,False,0.823061466217041,67.16181182861328,0.8340023159980774,68.05458771285657,LSTM,0,48,64,0.05
test_38,A2,test,38,18.299999237060547,182,177.3217010498047,0.7757353186607361,1.0,63.29999923706055,81.5999984741211,81.5999984741211,620.0,True,False,0.823061466217041,67.16181182861328,0.8350786566734314,68.1424171103231,LSTM,0,48,64,0.05
test_38,A2,test,38,18.399999618530273,183,177.3217010498047,0.774509847164154,1.0,63.20000076293945,81.5999984741211,81.5999984741211,620.0,True,False,0.823061466217041,67.16181182861328,0.8367432355880737,68.27824674721796,LSTM,0,48,64,0.05
test_38,A2,test,38,18.5,184,177.3217010498047,0.7732843160629272,1.0,63.099998474121094,81.5999984741211,81.5999984741211,620.0,True,False,0.823061466217041,67.16181182861328,0.8359059691429138,68.20992580657048,LSTM,0,48,64,0.05
test_38,A2,test,38,18.600000381469727,185,177.3217010498047,0.7720588445663452,1.0,63.0,81.5999984741211,81.5999984741211,620.0,True,False,0.823061466217041,67.16181182861328,0.8338385820388794,68.04122702203586,LSTM,0,48,64,0.05
test_38,A2,test,38,18.700000762939453,186,177.3217010498047,0.7708333730697632,1.0,62.900001525878906,81.5999984741211,81.5999984741211,620.0,True,False,0.823061466217041,67.16181182861328,0.8357017040252686,68.19325777328231,LSTM,0,48,64,0.05
test_38,A2,test,38,18.799999237060547,187,177.3217010498047,0.7696078419685364,1.0,62.79999923706055,81.5999984741211,81.5999984741211,620.0,True,False,0.823061466217041,67.16181182861328,0.8333923816680908,68.00481707246036,LSTM,0,48,64,0.05
test_38,A2,test,38,18.899999618530273,188,177.3217010498047,0.7683823704719543,1.0,62.70000076293945,81.5999984741211,81.5999984741211,620.0,True,False,0.823061466217041,67.16181182861328,0.8338162302970886,68.03940311993983,LSTM,0,48,64,0.05
test_38,A2,test,38,19.0,189,177.3217010498047,0.7671568393707275,1.0,62.599998474121094,81.5999984741211,81.5999984741211,620.0,True,False,0.823061466217041,67.16181182861328,0.8310258388519287,67.81170718227258,LSTM,0,48,64,0.05
test_38,A2,test,38,19.100000381469727,190,177.3217010498047,0.7659313678741455,1.0,62.5,81.5999984741211,81.5999984741211,620.0,True,False,0.823061466217041,67.16181182861328,0.8284898996353149,67.60477454606644,LSTM,0,48,64,0.05
test_38,A2,test,38,19.200000762939453,191,177.3217010498047,0.7647058963775635,1.0,62.400001525878906,81.5999984741211,81.5999984741211,620.0,True,False,0.823061466217041,67.16181182861328,0.8313726186752319,67.84000441532498,LSTM,0,48,64,0.05
test_38,A2,test,38,19.299999237060547,192,177.3217010498047,0.7634804248809814,1.0,62.29999923706055,81.5999984741211,81.5999984741211,620.0,True,False,0.823061466217041,67.16181182861328,0.8353139758110046,68.16161915159,LSTM,0,48,64,0.05
test_38,A2,test,38,19.399999618530273,193,177.3217010498047,0.7622549533843994,1.0,62.20000076293945,81.5999984741211,81.5999984741211,620.0,True,False,0.823061466217041,67.16181182861328,0.8255653381347656,67.36613033208414,LSTM,0,48,64,0.05
test_38,A2,test,38,19.5,194,177.3217010498047,0.7610294222831726,1.0,62.099998474121094,81.5999984741211,81.5999984741211,620.0,True,False,0.823061466217041,67.16181182861328,0.8252240419387817,67.33828056301263,LSTM,0,48,64,0.05
test_38,A2,test,38,19.600000381469727,195,177.3217010498047,0.7598039507865906,1.0,62.0,81.5999984741211,81.5999984741211,620.0,True,False,0.823061466217041,67.16181182861328,0.8349284529685974,68.13016048823783,LSTM,0,48,64,0.05
test_38,A2,test,38,19.700000762939453,196,177.3217010498047,0.7585784792900085,1.0,61.900001525878906,81.5999984741211,81.5999984741211,620.0,True,False,0.823061466217041,67.16181182861328,0.8389147520065308,68.45544248365059,LSTM,0,48,64,0.05
test_38,A2,test,38,19.799999237060547,197,177.3217010498047,0.7573529481887817,1.0,61.79999923706055,81.5999984741211,81.5999984741211,620.0,True,False,0.823061466217041,67.16181182861328,0.8341262340545654,68.06469942607691,LSTM,0,48,64,0.05
test_38,A2,test,38,19.899999618530273,198,177.3217010498047,0.7561274766921997,1.0,61.70000076293945,81.5999984741211,81.5999984741211,620.0,True,False,0.823061466217041,67.16181182861328,0.832285463809967,67.91449257692648,LSTM,0,48,64,0.05
test_38,A2,test,38,20.0,199,177.3217010498047,0.7549019455909729,1.0,61.599998474121094,81.5999984741211,81.5999984741211,620.0,True,False,0.823061466217041,67.16181182861328,0.8248030543327332,67.30392797500144,LSTM,0,48,64,0.05
test_38,A2,test,38,20.100000381469727,200,177.3217010498047,0.7536764740943909,1.0,61.5,81.5999984741211,81.5999984741211,620.0,True,False,0.8224493265151978,67.11186218261719,0.8224493265151978,67.11186378868206,LSTM,0,48,64,0.05
test_38,A2,test,38,20.200000762939453,201,177.3217010498047,0.7524510025978088,1.0,61.400001525878906,81.5999984741211,81.5999984741211,620.0,True,False,0.8194167613983154,66.8644027709961,0.8194167613983154,66.86440647977179,LSTM,0,48,64,0.05
test_38,A2,test,38,20.299999237060547,202,177.3217010498047,0.751225471496582,1.0,61.29999923706055,81.5999984741211,81.5999984741211,620.0,True,False,0.818105936050415,66.7574462890625,0.818105936050415,66.75744313338328,LSTM,0,48,64,0.05
test_38,A2,test,38,20.399999618530273,203,177.3217010498047,0.75,1.0,61.20000076293945,81.5999984741211,81.5999984741211,620.0,True,False,0.8122835755348206,66.28234100341797,0.8122835755348206,66.28233852419498,LSTM,0,48,64,0.05
test_38,A2,test,38,20.5,204,177.3217010498047,0.748774528503418,1.0,61.099998474121094,81.5999984741211,81.5999984741211,620.0,True,False,0.8111335039138794,66.18849182128906,0.8111335039138794,66.18849268168105,LSTM,0,48,64,0.05
test_38,A2,test,38,20.600000381469727,205,177.3217010498047,0.7475490570068359,1.0,61.0,81.5999984741211,81.5999984741211,620.0,True,False,0.8109790086746216,66.17588806152344,0.8109790086746216,66.17588587039336,LSTM,0,48,64,0.05
test_38,A2,test,38,20.700000762939453,206,177.3217010498047,0.7463235855102539,1.0,60.900001525878906,81.5999984741211,81.5999984741211,620.0,True,False,0.810623049736023,66.14684295654297,0.810623049736023,66.14683962154686,LSTM,0,48,64,0.05
test_38,A2,test,38,20.799999237060547,207,177.3217010498047,0.7450980544090271,1.0,60.79999923706055,81.5999984741211,81.5999984741211,620.0,True,False,0.8064276576042175,65.80449676513672,0.8064276576042175,65.8044956299932,LSTM,0,48,64,0.05
test_38,A2,test,38,20.899999618530273,208,177.3217010498047,0.7438725829124451,1.0,60.70000076293945,81.5999984741211,81.5999984741211,620.0,True,False,0.8053805828094482,65.71905517578125,0.8053805828094482,65.71905432833773,LSTM,0,48,64,0.05
test_38,A2,test,38,21.0,209,177.3217010498047,0.7426470518112183,1.0,60.599998474121094,81.5999984741211,81.5999984741211,620.0,True,False,0.8053805828094482,65.71905517578125,0.8056463599205017,65.74074174019415,LSTM,0,48,64,0.05
test_38,A2,test,38,21.100000381469727,210,177.3217010498047,0.7414215803146362,1.0,60.5,81.5999984741211,81.5999984741211,620.0,True,False,0.8053805828094482,65.71905517578125,0.8061081171035767,65.77842112562848,LSTM,0,48,64,0.05
test_38,A2,test,38,21.200000762939453,211,177.3217010498047,0.7401961088180542,1.0,60.400001525878906,81.5999984741211,81.5999984741211,620.0,True,False,0.8053805828094482,65.71905517578125,0.806881844997406,65.84155732058434,LSTM,0,48,64,0.05
test_38,A2,test,38,21.299999237060547,212,177.3217010498047,0.7389705777168274,1.0,60.29999923706055,81.5999984741211,81.5999984741211,620.0,True,False,0.8053805828094482,65.71905517578125,0.8075893521308899,65.89928990159706,LSTM,0,48,64,0.05
test_38,A2,test,38,21.399999618530273,213,177.3217010498047,0.7377451062202454,1.0,60.20000076293945,81.5999984741211,81.5999984741211,620.0,True,False,0.8053805828094482,65.71905517578125,0.8074551224708557,65.88833676154309,LSTM,0,48,64,0.05
test_38,A2,test,38,21.5,214,177.3217010498047,0.7365195751190186,1.0,60.099998474121094,81.5999984741211,81.5999984741211,620.0,True,False,0.8053805828094482,65.71905517578125,0.8081443309783936,65.94457617470653,LSTM,0,48,64,0.05
test_38,A2,test,38,21.600000381469727,215,177.3217010498047,0.7352941036224365,1.0,60.0,81.5999984741211,81.5999984741211,620.0,True,False,0.8053805828094482,65.71905517578125,0.8085879683494568,65.98077698350835,LSTM,0,48,64,0.05
test_38,A2,test,38,21.700000762939453,216,177.3217010498047,0.7340686321258545,1.0,59.900001525878906,81.5999984741211,81.5999984741211,620.0,True,False,0.8048014640808105,65.67179870605469,0.8048014640808105,65.67179824096456,LSTM,0,48,64,0.05
test_38,A2,test,38,21.799999237060547,217,177.3217010498047,0.7328431606292725,1.0,59.79999923706055,81.5999984741211,81.5999984741211,620.0,True,False,0.8048014640808105,65.67179870605469,0.8138220906257629,66.4078813532683,LSTM,0,48,64,0.05
test_38,A2,test,38,21.899999618530273,218,177.3217010498047,0.7316176891326904,1.0,59.70000076293945,81.5999984741211,81.5999984741211,620.0,True,False,0.8048014640808105,65.67179870605469,0.8169530630111694,66.66336869513998,LSTM,0,48,64,0.05
test_38,A2,test,38,22.0,219,177.3217010498047,0.7303921580314636,1.0,59.599998474121094,81.5999984741211,81.5999984741211,620.0,True,False,0.8048014640808105,65.67179870605469,0.8130740523338318,66.34684142978813,LSTM,0,48,64,0.05
test_38,A2,test,38,22.100000381469727,220,177.3217010498047,0.7291666865348816,1.0,59.5,81.5999984741211,81.5999984741211,620.0,True,False,0.8048014640808105,65.67179870605469,0.8096749186515808,66.06947212650311,LSTM,0,48,64,0.05
test_38,A2,test,38,22.200000762939453,221,177.3217010498047,0.7279412150382996,1.0,59.400001525878906,81.5999984741211,81.5999984741211,620.0,True,False,0.8048014640808105,65.67179870605469,0.8092430233955383,66.03422947426907,LSTM,0,48,64,0.05
test_38,A2,test,38,22.299999237060547,222,177.3217010498047,0.7267156839370728,1.0,59.29999923706055,81.5999984741211,81.5999984741211,620.0,True,False,0.8048014640808105,65.67179870605469,0.8128446340560913,66.32812089867457,LSTM,0,48,64,0.05
test_38,A2,test,38,22.399999618530273,223,177.3217010498047,0.7254902124404907,1.0,59.20000076293945,81.5999984741211,81.5999984741211,620.0,True,False,0.8048014640808105,65.67179870605469,0.8150110244750977,66.50489835355984,LSTM,0,48,64,0.05
test_38,A2,test,38,22.5,224,177.3217010498047,0.7242646813392639,1.0,59.099998474121094,81.5999984741211,81.5999984741211,620.0,True,False,0.8048014640808105,65.67179870605469,0.8087499141693115,65.99399176216139,LSTM,0,48,64,0.05
test_38,A2,test,38,22.600000381469727,225,177.3217010498047,0.7230392098426819,1.0,59.0,81.5999984741211,81.5999984741211,620.0,True,False,0.7991702556610107,65.21228790283203,0.7991702556610107,65.21229164250144,LSTM,0,48,64,0.05
test_38,A2,test,38,22.700000762939453,226,177.3217010498047,0.7218137383460999,1.0,58.900001525878906,81.5999984741211,81.5999984741211,620.0,True,False,0.7944706678390503,64.82880401611328,0.7944706678390503,64.82880528340047,LSTM,0,48,64,0.05
test_38,A2,test,38,22.799999237060547,227,177.3217010498047,0.7205882668495178,1.0,58.79999923706055,81.5999984741211,81.5999984741211,620.0,True,False,0.7792737483978271,63.58873748779297,0.7792737483978271,63.58873668018532,LSTM,0,48,64,0.05
test_38,A2,test,38,22.899999618530273,228,177.3217010498047,0.7193627953529358,1.0,58.70000076293945,81.5999984741211,81.5999984741211,620.0,True,False,0.7722066044807434,63.01205825805664,0.7722066044807434,63.01205774733489,LSTM,0,48,64,0.05
test_38,A2,test,38,23.0,229,177.3217010498047,0.718137264251709,1.0,58.599998474121094,81.5999984741211,81.5999984741211,620.0,True,False,0.765343189239502,62.452003479003906,0.765343189239502,62.45200307412233,LSTM,0,48,64,0.05
test_38,A2,test,38,23.100000381469727,230,177.3217010498047,0.716911792755127,1.0,58.5,81.5999984741211,81.5999984741211,620.0,True,False,0.765343189239502,62.452003479003906,0.7688892483711243,62.741361493851855,LSTM,0,48,64,0.05
test_38,A2,test,38,23.200000762939453,231,177.3217010498047,0.7156863212585449,1.0,58.400001525878906,81.5999984741211,81.5999984741211,620.0,True,False,0.765343189239502,62.452003479003906,0.7739500403404236,63.15432211082452,LSTM,0,48,64,0.05
test_38,A2,test,38,23.299999237060547,232,177.3217010498047,0.7144607901573181,1.0,58.29999923706055,81.5999984741211,81.5999984741211,620.0,True,False,0.765343189239502,62.452003479003906,0.7740769982337952,63.16468187472992,LSTM,0,48,64,0.05
test_38,A2,test,38,23.399999618530273,233,177.3217010498047,0.7132353186607361,1.0,58.20000076293945,81.5999984741211,81.5999984741211,620.0,True,False,0.765343189239502,62.452003479003906,0.7711864113807678,62.928809991933576,LSTM,0,48,64,0.05
test_38,A2,test,38,23.5,234,177.3217010498047,0.7120097875595093,1.0,58.099998474121094,81.5999984741211,81.5999984741211,620.0,True,False,0.765343189239502,62.452003479003906,0.7696697115898132,62.80504729130598,LSTM,0,48,64,0.05
test_38,A2,test,38,23.600000381469727,235,177.3217010498047,0.7107843160629272,1.0,58.0,81.5999984741211,81.5999984741211,620.0,True,False,0.765343189239502,62.452003479003906,0.7687218189239502,62.72769925121793,LSTM,0,48,64,0.05
test_38,A2,test,38,23.700000762939453,236,177.3217010498047,0.7095588445663452,1.0,57.900001525878906,81.5999984741211,81.5999984741211,620.0,True,False,0.765343189239502,62.452003479003906,0.7677019834518433,62.64448067825015,LSTM,0,48,64,0.05
test_38,A2,test,38,23.799999237060547,237,177.3217010498047,0.7083333134651184,1.0,57.79999923706055,81.5999984741211,81.5999984741211,620.0,True,False,0.765343189239502,62.452003479003906,0.7665806412696838,62.55297915789697,LSTM,0,48,64,0.05
test_38,A2,test,38,23.899999618530273,238,177.3217010498047,0.7071078419685364,1.0,57.70000076293945,81.5999984741211,81.5999984741211,620.0,True,False,0.765343189239502,62.452003479003906,0.7662637233734131,62.527118658044856,LSTM,0,48,64,0.05
test_38,A2,test,38,24.0,239,177.3217010498047,0.7058823704719543,1.0,57.599998474121094,81.5999984741211,81.5999984741211,620.0,True,False,0.765343189239502,62.452003479003906,0.7674095630645752,62.62061917509527,LSTM,0,48,64,0.05
test_38,A2,test,38,24.100000381469727,240,177.3217010498047,0.7046568989753723,1.0,57.5,81.5999984741211,81.5999984741211,620.0,True,False,0.765343189239502,62.452003479003906,0.7659831047058105,62.50422017519668,LSTM,0,48,64,0.05
test_38,A2,test,38,24.200000762939453,241,177.3217010498047,0.7034314274787903,1.0,57.400001525878906,81.5999984741211,81.5999984741211,620.0,True,False,0.765343189239502,62.452003479003906,0.7685081362724304,62.71026274717997,LSTM,0,48,64,0.05
test_38,A2,test,38,24.299999237060547,242,177.3217010498047,0.7022058963775635,1.0,57.29999923706055,81.5999984741211,81.5999984741211,620.0,True,False,0.765343189239502,62.452003479003906,0.7662813663482666,62.52855832476598,LSTM,0,48,64,0.05
test_38,A2,test,38,24.399999618530273,243,177.3217010498047,0.7009804248809814,1.0,57.20000076293945,81.5999984741211,81.5999984741211,620.0,True,False,0.7593124508857727,61.959896087646484,0.7593124508857727,61.9598948336602,LSTM,0,48,64,0.05
test_38,A2,test,38,24.5,244,177.3217010498047,0.6997548937797546,1.0,57.099998474121094,81.5999984741211,81.5999984741211,620.0,True,False,0.7593124508857727,61.959896087646484,0.7688661813735962,62.73947922688876,LSTM,0,48,64,0.05
test_38,A2,test,38,24.600000381469727,245,177.3217010498047,0.6985294222831726,1.0,57.0,81.5999984741211,81.5999984741211,620.0,True,False,0.7593124508857727,61.959896087646484,0.7711995840072632,62.9298848782355,LSTM,0,48,64,0.05
test_38,A2,test,38,24.700000762939453,246,177.3217010498047,0.6973039507865906,1.0,56.900001525878906,81.5999984741211,81.5999984741211,620.0,True,False,0.7496124505996704,61.168373107910156,0.7496124505996704,61.16837482511528,LSTM,0,48,64,0.05
test_38,A2,test,38,24.799999237060547,247,177.3217010498047,0.6960784196853638,1.0,56.79999923706055,81.5999984741211,81.5999984741211,620.0,True,False,0.7496124505996704,61.168373107910156,0.7509860992431641,61.28046455232834,LSTM,0,48,64,0.05
test_38,A2,test,38,24.899999618530273,248,177.3217010498047,0.6948529481887817,1.0,56.70000076293945,81.5999984741211,81.5999984741211,620.0,True,False,0.7423794865608215,60.578163146972656,0.7423794865608215,60.57816497058184,LSTM,0,48,64,0.05
test_38,A2,test,38,25.0,249,177.3217010498047,0.6936274170875549,1.0,56.599998474121094,81.5999984741211,81.5999984741211,620.0,True,False,0.7422991991043091,60.57161331176758,0.7422991991043091,60.57161351425293,LSTM,0,48,64,0.05
test_38,A2,test,38,25.100000381469727,250,177.3217010498047,0.6924019455909729,1.0,56.5,81.5999984741211,81.5999984741211,620.0,True,False,0.7382404804229736,60.240421295166016,0.7382404804229736,60.24042207604907,LSTM,0,48,64,0.05
test_38,A2,test,38,25.200000762939453,251,177.3217010498047,0.6911764740943909,1.0,56.400001525878906,81.5999984741211,81.5999984741211,620.0,True,False,0.7363335490226746,60.084815979003906,0.7363335490226746,60.084816476694414,LSTM,0,48,64,0.05
test_38,A2,test,38,25.299999237060547,252,177.3217010498047,0.6899510025978088,1.0,56.29999923706055,81.5999984741211,81.5999984741211,620.0,True,False,0.7363225221633911,60.08391571044922,0.7363225221633911,60.08391668499371,LSTM,0,48,64,0.05
test_38,A2,test,38,25.399999618530273,253,177.3217010498047,0.6887255311012268,1.0,56.20000076293945,81.5999984741211,81.5999984741211,620.0,True,False,0.7355839014053345,60.023643493652344,0.7355839014053345,60.023645232263334,LSTM,0,48,64,0.05
test_38,A2,test,38,25.5,254,177.3217010498047,0.6875,1.0,56.099998474121094,81.5999984741211,81.5999984741211,620.0,True,False,0.7346909046173096,59.950775146484375,0.7346909046173096,59.95077669572311,LSTM,0,48,64,0.05
test_38,A2,test,38,25.600000381469727,255,177.3217010498047,0.686274528503418,1.0,56.0,81.5999984741211,81.5999984741211,620.0,True,False,0.7344445586204529,59.9306755065918,0.7344445586204529,59.930674862755495,LSTM,0,48,64,0.05
test_38,A2,test,38,25.700000762939453,256,177.3217010498047,0.6850490570068359,1.0,55.900001525878906,81.5999984741211,81.5999984741211,620.0,True,False,0.7344445586204529,59.9306755065918,0.7344982624053955,59.93505709152487,LSTM,0,48,64,0.05
test_38,A2,test,38,25.799999237060547,257,177.3217010498047,0.6838235259056091,1.0,55.79999923706055,81.5999984741211,81.5999984741211,620.0,True,False,0.7331030964851379,59.82121276855469,0.7331030964851379,59.821211554560705,LSTM,0,48,64,0.05
test_38,A2,test,38,25.899999618530273,258,177.3217010498047,0.6825980544090271,1.0,55.70000076293945,81.5999984741211,81.5999984741211,620.0,True,False,0.7321505546569824,59.74348449707031,0.7321505546569824,59.74348414283668,LSTM,0,48,64,0.05
test_38,A2,test,38,26.0,259,177.3217010498047,0.6813725233078003,1.0,55.599998474121094,81.5999984741211,81.5999984741211,620.0,True,False,0.7286721467971802,59.45964431762695,0.7286721467971802,59.459646066784444,LSTM,0,48,64,0.05
test_38,A2,test,38,26.100000381469727,260,177.3217010498047,0.6801470518112183,1.0,55.5,81.5999984741211,81.5999984741211,620.0,True,False,0.7286721467971802,59.45964431762695,0.731439471244812,59.6854597374886,LSTM,0,48,64,0.05
test_38,A2,test,38,26.200000762939453,261,177.3217010498047,0.6789215803146362,1.0,55.400001525878906,81.5999984741211,81.5999984741211,620.0,True,False,0.7286721467971802,59.45964431762695,0.7313181161880493,59.67555716504194,LSTM,0,48,64,0.05
test_38,A2,test,38,26.299999237060547,262,177.3217010498047,0.6776961088180542,1.0,55.29999923706055,81.5999984741211,81.5999984741211,620.0,True,False,0.7286721467971802,59.45964431762695,0.7309534549713135,59.64580081031272,LSTM,0,48,64,0.05
test_38,A2,test,38,26.399999618530273,263,177.3217010498047,0.6764706373214722,1.0,55.20000076293945,81.5999984741211,81.5999984741211,620.0,True,False,0.7286721467971802,59.45964431762695,0.7293961048126221,59.51872103973983,LSTM,0,48,64,0.05
test_38,A2,test,38,26.5,264,177.3217010498047,0.6752451062202454,1.0,55.099998474121094,81.5999984741211,81.5999984741211,620.0,True,False,0.7251666188240051,59.1735954284668,0.7251666188240051,59.17359498952237,LSTM,0,48,64,0.05
test_38,A2,test,38,26.600000381469727,265,177.3217010498047,0.6740196347236633,1.0,55.0,81.5999984741211,81.5999984741211,620.0,True,False,0.7251666188240051,59.1735954284668,0.7283443808555603,59.43290036644839,LSTM,0,48,64,0.05
test_38,A2,test,38,26.700000762939453,266,177.3217010498047,0.6727941632270813,1.0,54.900001525878906,81.5999984741211,81.5999984741211,620.0,True,False,0.7251666188240051,59.1735954284668,0.7258605360984802,59.230218638060705,LSTM,0,48,64,0.05
test_38,A2,test,38,26.799999237060547,267,177.3217010498047,0.6715686321258545,1.0,54.79999923706055,81.5999984741211,81.5999984741211,620.0,True,False,0.7249197363853455,59.15345001220703,0.7249197363853455,59.153449382904455,LSTM,0,48,64,0.05
test_38,A2,test,38,26.899999618530273,268,177.3217010498047,0.6703431606292725,1.0,54.70000076293945,81.5999984741211,81.5999984741211,620.0,True,False,0.7220959663391113,58.923030853271484,0.7220959663391113,58.92302975144048,LSTM,0,48,64,0.05
test_38,A2,test,38,27.0,269,177.3217010498047,0.6691176295280457,0.999446451663971,54.599998474121094,81.5999984741211,81.5999984741211,620.0,True,False,0.7180454730987549,58.59251022338867,0.7180454730987549,58.59250950920796,LSTM,0,48,64,0.05
test_38,A2,test,38,27.100000381469727,270,177.3217010498047,0.6678921580314636,0.999446451663971,54.5,81.5999984741211,81.5999984741211,620.0,True,False,0.7166436314582825,58.478118896484375,0.7166436314582825,58.47811923348445,LSTM,0,48,64,0.05
test_38,A2,test,38,27.200000762939453,271,177.3217010498047,0.6666666865348816,0.9974021315574646,54.400001525878906,81.5999984741211,81.5999984741211,620.0,True,False,0.7140393257141113,58.26560974121094,0.7140393257141113,58.26560788873394,LSTM,0,48,64,0.05
test_38,A2,test,38,27.299999237060547,272,177.3217010498047,0.6654411554336548,0.9996037483215332,54.29999923706055,81.5999984741211,81.5999984741211,620.0,True,False,0.7094223499298096,57.88886260986328,0.7094223499298096,57.88886267177986,LSTM,0,48,64,0.05
test_38,A2,test,38,27.399999618530273,273,177.3217010498047,0.6642156839370728,1.0,54.20000076293945,81.5999984741211,81.5999984741211,620.0,True,False,0.6892574429512024,56.243404388427734,0.6892574429512024,56.24340629309472,LSTM,0,48,64,0.05
test_38,A2,test,38,27.5,274,177.3217010498047,0.6629902124404907,1.0,54.099998474121094,81.5999984741211,81.5999984741211,620.0,True,False,0.6892574429512024,56.243404388427734,0.7115627527236938,58.06351953649482,LSTM,0,48,64,0.05
test_38,A2,test,38,27.600000381469727,275,177.3217010498047,0.6617647409439087,1.0,54.0,81.5999984741211,81.5999984741211,620.0,True,False,0.6892574429512024,56.243404388427734,0.7129907608032227,58.18004499360541,LSTM,0,48,64,0.05
test_38,A2,test,38,27.700000762939453,276,177.3217010498047,0.6605392694473267,1.0,53.900001525878906,81.5999984741211,81.5999984741211,620.0,True,False,0.6892574429512024,56.243404388427734,0.7112230062484741,58.035796224635305,LSTM,0,48,64,0.05
test_38,A2,test,38,27.799999237060547,277,177.3217010498047,0.6593137383460999,0.9981883764266968,53.79999923706055,81.5999984741211,81.5999984741211,620.0,True,False,0.6892574429512024,56.243404388427734,0.7076562643051147,57.7447500874996,LSTM,0,48,64,0.05
test_38,A2,test,38,27.899999618530273,278,177.3217010498047,0.6580882668495178,0.9974021315574646,53.70000076293945,81.5999984741211,81.5999984741211,620.0,True,False,0.6892574429512024,56.243404388427734,0.705420732498169,57.56233069546397,LSTM,0,48,64,0.05
test_38,A2,test,38,28.0,279,177.3217010498047,0.656862735748291,0.9974021315574646,53.599998474121094,81.5999984741211,81.5999984741211,620.0,True,False,0.6892574429512024,56.243404388427734,0.7030894160270691,57.37209527497953,LSTM,0,48,64,0.05
test_38,A2,test,38,28.100000381469727,280,177.3217010498047,0.655637264251709,0.9996037483215332,53.5,81.5999984741211,81.5999984741211,620.0,True,False,0.6892574429512024,56.243404388427734,0.6995660066604614,57.08458507604064,LSTM,0,48,64,0.05
test_38,A2,test,38,28.200000762939453,281,177.3217010498047,0.654411792755127,0.9963013529777527,53.400001525878906,81.5999984741211,81.5999984741211,620.0,True,False,0.6892574429512024,56.243404388427734,0.7029524445533752,57.36091840293511,LSTM,0,48,64,0.05
test_38,A2,test,38,28.299999237060547,282,177.3217010498047,0.6531862616539001,0.9950433373451233,53.29999923706055,81.5999984741211,81.5999984741211,620.0,True,False,0.6892574429512024,56.243404388427734,0.6992110013961792,57.055616647016905,LSTM,0,48,64,0.05
test_38,A2,test,38,28.399999618530273,283,177.3217010498047,0.6519607901573181,0.9942569732666016,53.20000076293945,81.5999984741211,81.5999984741211,620.0,True,False,0.6892574429512024,56.243404388427734,0.6982382535934448,56.976240427798075,LSTM,0,48,64,0.05
test_38,A2,test,38,28.5,284,177.3217010498047,0.6507352590560913,0.9940997362136841,53.099998474121094,81.5999984741211,81.5999984741211,620.0,True,False,0.6892574429512024,56.243404388427734,0.6956820487976074,56.7676541203582,LSTM,0,48,64,0.05
test_38,A2,test,38,28.600000381469727,285,177.3217010498047,0.6495097875595093,0.995200514793396,53.0,81.5999984741211,81.5999984741211,620.0,True,False,0.6892574429512024,56.243404388427734,0.6931852102279663,56.56391209688536,LSTM,0,48,64,0.05
test_38,A2,test,38,28.700000762939453,286,177.3217010498047,0.6482843160629272,0.9942569732666016,52.900001525878906,81.5999984741211,81.5999984741211,620.0,True,False,0.6892574429512024,56.243404388427734,0.6934496760368347,56.58549250648548,LSTM,0,48,64,0.05
test_38,A2,test,38,28.799999237060547,287,177.3217010498047,0.6470588445663452,0.9974021315574646,52.79999923706055,81.5999984741211,81.5999984741211,620.0,True,False,0.6851887702941895,55.91140365600586,0.6851887702941895,55.91140261049077,LSTM,0,48,64,0.05
test_38,A2,test,38,28.899999618530273,288,177.3217010498047,0.6458333730697632,0.9942569732666016,52.70000076293945,81.5999984741211,81.5999984741211,620.0,True,False,0.6851887702941895,55.91140365600586,0.6938796639442444,56.620579519074,LSTM,0,48,64,0.05
test_38,A2,test,38,29.0,289,177.3217010498047,0.6446078419685364,0.9940997362136841,52.599998474121094,81.5999984741211,81.5999984741211,620.0,True,False,0.6851887702941895,55.91140365600586,0.6916444897651672,56.43818930947191,LSTM,0,48,64,0.05
test_38,A2,test,38,29.100000381469727,290,177.3217010498047,0.6433823704719543,0.9907974004745483,52.5,81.5999984741211,81.5999984741211,620.0,True,False,0.6851887702941895,55.91140365600586,0.688778281211853,56.20430669589496,LSTM,0,48,64,0.05
test_38,A2,test,38,29.200000762939453,291,177.3217010498047,0.6421568989753723,0.9920554757118225,52.400001525878906,81.5999984741211,81.5999984741211,620.0,True,False,0.6851887702941895,55.91140365600586,0.6853904724121094,55.92786150300526,LSTM,0,48,64,0.05
test_38,A2,test,38,29.299999237060547,292,177.3217010498047,0.6409313678741455,0.990954577922821,52.29999923706055,81.5999984741211,81.5999984741211,620.0,True,False,0.684636116027832,55.86630630493164,0.684636116027832,55.866306023199286,LSTM,0,48,64,0.05
test_38,A2,test,38,29.399999618530273,293,177.3217010498047,0.6397058963775635,0.9885957837104797,52.20000076293945,81.5999984741211,81.5999984741211,620.0,True,False,0.6829076409339905,55.72526168823242,0.6829076409339905,55.72526245817926,LSTM,0,48,64,0.05
test_38,A2,test,38,29.5,294,177.3217010498047,0.6384803652763367,0.9863941669464111,52.099998474121094,81.5999984741211,81.5999984741211,620.0,True,False,0.6780992150306702,55.33289337158203,0.6780992150306702,55.3328949118054,LSTM,0,48,64,0.05
test_38,A2,test,38,29.600000381469727,295,177.3217010498047,0.6372548937797546,0.9852933883666992,52.0,81.5999984741211,81.5999984741211,620.0,True,False,0.6774999499320984,55.28399658203125,0.6774999499320984,55.283994880676346,LSTM,0,48,64,0.05
test_38,A2,test,38,29.700000762939453,296,177.3217010498047,0.6360294222831726,0.9854506254196167,51.900001525878906,81.5999984741211,81.5999984741211,620.0,True,False,0.6740885972976685,55.0056266784668,0.6740885972976685,55.005628510912175,LSTM,0,48,64,0.05
test_38,A2,test,38,29.799999237060547,297,177.3217010498047,0.6348039507865906,0.9854506254196167,51.79999923706055,81.5999984741211,81.5999984741211,620.0,True,False,0.6722738742828369,54.857547760009766,0.6722738742828369,54.85754711567097,LSTM,0,48,64,0.05
test_38,A2,test,38,29.899999618530273,298,177.3217010498047,0.6335784792900085,0.9854506254196167,51.70000076293945,81.5999984741211,81.5999984741211,620.0,True,False,0.6709796190261841,54.75193405151367,0.6709796190261841,54.751935888702974,LSTM,0,48,64,0.05
test_38,A2,test,38,30.0,299,177.3217010498047,0.6323529481887817,0.9832490682601929,51.599998474121094,81.5999984741211,81.5999984741211,620.0,True,False,0.670251190662384,54.69249725341797,0.670251190662384,54.69249613532838,LSTM,0,48,64,0.05
test_38,A2,test,38,30.100000381469727,300,177.3217010498047,0.6311274766921997,0.9832490682601929,51.5,81.5999984741211,81.5999984741211,620.0,True,False,0.6660669445991516,54.3510627746582,0.6660669445991516,54.35106166295327,LSTM,0,48,64,0.05
test_38,A2,test,38,30.200000762939453,301,177.3217010498047,0.6299020051956177,0.9832490682601929,51.400001525878906,81.5999984741211,81.5999984741211,620.0,True,False,0.664649486541748,54.23539733886719,0.664649486541748,54.23539708763201,LSTM,0,48,64,0.05
test_38,A2,test,38,30.299999237060547,302,177.3217010498047,0.6286764740943909,0.9848216772079468,51.29999923706055,81.5999984741211,81.5999984741211,620.0,True,False,0.6605231165885925,53.898685455322266,0.6605231165885925,53.89868530575086,LSTM,0,48,64,0.05
test_38,A2,test,38,30.399999618530273,303,177.3217010498047,0.6274510025978088,0.9846643805503845,51.20000076293945,81.5999984741211,81.5999984741211,620.0,True,False,0.6605231165885925,53.898685455322266,0.6607927680015564,53.920688860637256,LSTM,0,48,64,0.05
test_38,A2,test,38,30.5,304,177.3217010498047,0.626225471496582,0.9832490682601929,51.099998474121094,81.5999984741211,81.5999984741211,620.0,True,False,0.6605231165885925,53.898685455322266,0.6614911556243896,53.977677289594794,LSTM,0,48,64,0.05
test_38,A2,test,38,30.600000381469727,305,177.3217010498047,0.625,0.9824627637863159,51.0,81.5999984741211,81.5999984741211,620.0,True,False,0.6586304306983948,53.74424362182617,0.6586304306983948,53.74424213999873,LSTM,0,48,64,0.05
test_38,A2,test,38,30.700000762939453,306,177.3217010498047,0.623774528503418,0.9829345941543579,50.900001525878906,81.5999984741211,81.5999984741211,620.0,True,False,0.6561509966850281,53.54191970825195,0.6561509966850281,53.541920328291326,LSTM,0,48,64,0.05
test_38,A2,test,38,30.799999237060547,307,177.3217010498047,0.6225489974021912,0.9843498468399048,50.79999923706055,81.5999984741211,81.5999984741211,620.0,True,False,0.6515365839004517,53.165382385253906,0.6515365839004517,53.165384252110925,LSTM,0,48,64,0.05
test_38,A2,test,38,30.899999618530273,308,177.3217010498047,0.6213235259056091,0.9865514636039734,50.70000076293945,81.5999984741211,81.5999984741211,620.0,True,False,0.646247923374176,52.733829498291016,0.646247923374176,52.73382956123669,LSTM,0,48,64,0.05
test_38,A2,test,38,31.0,309,177.3217010498047,0.6200980544090271,0.9865514636039734,50.599998474121094,81.5999984741211,81.5999984741211,620.0,True,False,0.646247923374176,52.733829498291016,0.6506965160369873,53.096834715734076,LSTM,0,48,64,0.05
test_38,A2,test,38,31.100000381469727,310,177.3217010498047,0.6188725829124451,0.9885957837104797,50.5,81.5999984741211,81.5999984741211,620.0,True,False,0.646247923374176,52.733829498291016,0.6467334628105164,52.773449578501186,LSTM,0,48,64,0.05
test_38,A2,test,38,31.200000762939453,311,177.3217010498047,0.617647111415863,0.9848216772079468,50.400001525878906,81.5999984741211,81.5999984741211,620.0,True,False,0.646247923374176,52.733829498291016,0.6559215784072876,53.52319979717777,LSTM,0,48,64,0.05
test_38,A2,test,38,31.299999237060547,312,177.3217010498047,0.6164215803146362,0.9830917716026306,50.29999923706055,81.5999984741211,81.5999984741211,620.0,True,False,0.646247923374176,52.733829498291016,0.6525312662124634,53.24655032725332,LSTM,0,48,64,0.05
test_38,A2,test,38,31.399999618530273,313,177.3217010498047,0.6151961088180542,0.9832490682601929,50.20000076293945,81.5999984741211,81.5999984741211,620.0,True,False,0.646247923374176,52.733829498291016,0.6505878567695618,53.08796811967795,LSTM,0,48,64,0.05
test_38,A2,test,38,31.5,314,177.3217010498047,0.6139705777168274,0.9821482300758362,50.099998474121094,81.5999984741211,81.5999984741211,620.0,True,False,0.646247923374176,52.733829498291016,0.6514127254486084,53.15527740262951,LSTM,0,48,64,0.05
test_38,A2,test,38,31.600000381469727,315,177.3217010498047,0.6127451062202454,0.9799467325210571,50.0,81.5999984741211,81.5999984741211,620.0,True,False,0.646247923374176,52.733829498291016,0.6505658626556396,53.08617340001547,LSTM,0,48,64,0.05
test_38,A2,test,38,31.700000762939453,316,177.3217010498047,0.6115196347236633,0.9799467325210571,49.900001525878906,81.5999984741211,81.5999984741211,620.0,True,False,0.646247923374176,52.733829498291016,0.6478856801986694,52.86747051561633,LSTM,0,48,64,0.05
test_38,A2,test,38,31.799999237060547,317,177.3217010498047,0.6102941036224365,0.9777451157569885,49.79999923706055,81.5999984741211,81.5999984741211,620.0,True,False,0.646247923374176,52.733829498291016,0.6463632583618164,52.74324089605216,LSTM,0,48,64,0.05
test_38,A2,test,38,31.899999618530273,318,177.3217010498047,0.6090686321258545,0.9777451157569885,49.70000076293945,81.5999984741211,81.5999984741211,620.0,True,False,0.6447973847389221,52.6154670715332,0.6447973847389221,52.61546561081332,LSTM,0,48,64,0.05
test_38,A2,test,38,32.0,319,177.3217010498047,0.6078431010246277,0.9766442179679871,49.599998474121094,81.5999984741211,81.5999984741211,620.0,True,False,0.6440097689628601,52.55119705200195,0.6440097689628601,52.55119616468846,LSTM,0,48,64,0.05
test_38,A2,test,38,32.099998474121094,320,177.3217010498047,0.6066176295280457,0.9766442179679871,49.5,81.5999984741211,81.5999984741211,620.0,True,False,0.6418929100036621,52.37845993041992,0.6418929100036621,52.37846047684798,LSTM,0,48,64,0.05
test_38,A2,test,38,32.20000076293945,321,177.3217010498047,0.6053921580314636,0.9799467325210571,49.400001525878906,81.5999984741211,81.5999984741211,620.0,True,False,0.6315909624099731,51.53782272338867,0.6315909624099731,51.53782156892248,LSTM,0,48,64,0.05
test_38,A2,test,38,32.29999923706055,322,177.3217010498047,0.6041666865348816,0.9799467325210571,49.29999923706055,81.5999984741211,81.5999984741211,620.0,True,False,0.6315909624099731,51.53782272338867,0.6373711824417114,52.00948751469241,LSTM,0,48,64,0.05
test_38,A2,test,38,32.400001525878906,323,177.3217010498047,0.6029412150382996,0.9777451157569885,49.20000076293945,81.5999984741211,81.5999984741211,620.0,True,False,0.6315909624099731,51.53782272338867,0.6418389678001404,52.37405879312291,LSTM,0,48,64,0.05
test_38,A2,test,38,32.5,324,177.3217010498047,0.6017156839370728,0.9749144315719604,49.099998474121094,81.5999984741211,81.5999984741211,620.0,True,False,0.6315909624099731,51.53782272338867,0.6389148235321045,52.135448625313074,LSTM,0,48,64,0.05
test_38,A2,test,38,32.599998474121094,325,177.3217010498047,0.6004902124404907,0.974442720413208,49.0,81.5999984741211,81.5999984741211,620.0,True,False,0.6315909624099731,51.53782272338867,0.6367580890655518,51.95945909613329,LSTM,0,48,64,0.05
test_38,A2,test,38,32.70000076293945,326,177.3217010498047,0.5992647409439087,0.974442720413208,48.900001525878906,81.5999984741211,81.5999984741211,620.0,True,False,0.6315909624099731,51.53782272338867,0.6344996690750122,51.775172028351335,LSTM,0,48,64,0.05
test_38,A2,test,38,32.79999923706055,327,177.3217010498047,0.5980392098426819,0.9711402654647827,48.79999923706055,81.5999984741211,81.5999984741211,620.0,True,False,0.6315909624099731,51.53782272338867,0.63326495885849,51.67441967656714,LSTM,0,48,64,0.05
test_38,A2,test,38,32.900001525878906,328,177.3217010498047,0.5968137383460999,0.9700394868850708,48.70000076293945,81.5999984741211,81.5999984741211,620.0,True,False,0.6307518482208252,51.4693489074707,0.6307518482208252,51.469349852368396,LSTM,0,48,64,0.05
test_38,A2,test,38,33.0,329,177.3217010498047,0.595588207244873,0.9690959453582764,48.599998474121094,81.5999984741211,81.5999984741211,620.0,True,False,0.6272305250167847,51.182010650634766,0.6272305250167847,51.1820098842918,LSTM,0,48,64,0.05
test_38,A2,test,38,33.099998474121094,330,177.3217010498047,0.594362735748291,0.9679951667785645,48.5,81.5999984741211,81.5999984741211,620.0,True,False,0.6255530118942261,51.04512405395508,0.6255530118942261,51.0451248160507,LSTM,0,48,64,0.05
test_38,A2,test,38,33.20000076293945,331,177.3217010498047,0.593137264251709,0.9701967835426331,48.400001525878906,81.5999984741211,81.5999984741211,620.0,True,False,0.6182543039321899,50.44955062866211,0.6182543039321899,50.4495502574855,LSTM,0,48,64,0.05
test_38,A2,test,38,33.29999923706055,332,177.3217010498047,0.591911792755127,0.9679951667785645,48.29999923706055,81.5999984741211,81.5999984741211,620.0,True,False,0.6182543039321899,50.44955062866211,0.6198595762252808,50.58054047415226,LSTM,0,48,64,0.05
test_38,A2,test,38,33.400001525878906,333,177.3217010498047,0.5906863212585449,0.9657935500144958,48.20000076293945,81.5999984741211,81.5999984741211,620.0,True,False,0.6182543039321899,50.44955062866211,0.6195786595344543,50.55761767260947,LSTM,0,48,64,0.05
test_38,A2,test,38,33.5,334,177.3217010498047,0.5894607901573181,0.9678378701210022,48.099998474121094,81.5999984741211,81.5999984741211,620.0,True,False,0.6133509278297424,50.049434661865234,0.6133509278297424,50.04943477500774,LSTM,0,48,64,0.05
test_38,A2,test,38,33.599998474121094,335,177.3217010498047,0.5882353186607361,0.9679951667785645,48.0,81.5999984741211,81.5999984741211,620.0,True,False,0.6120857000350952,49.94619369506836,0.6120857000350952,49.94619218889511,LSTM,0,48,64,0.05
test_38,A2,test,38,33.70000076293945,336,177.3217010498047,0.587009847164154,0.9657935500144958,47.900001525878906,81.5999984741211,81.5999984741211,620.0,True,False,0.6120857000350952,49.94619369506836,0.6161179542541504,50.27522412701728,LSTM,0,48,64,0.05
test_38,A2,test,38,33.79999923706055,337,177.3217010498047,0.5857843160629272,0.9657935500144958,47.79999923706055,81.5999984741211,81.5999984741211,620.0,True,False,0.6120857000350952,49.94619369506836,0.6134738326072693,50.05946380466639,LSTM,0,48,64,0.05
test_38,A2,test,38,33.900001525878906,338,177.3217010498047,0.5845588445663452,0.9646928310394287,47.70000076293945,81.5999984741211,81.5999984741211,620.0,True,False,0.6120857000350952,49.94619369506836,0.6148788928985596,50.17411672229173,LSTM,0,48,64,0.05
test_38,A2,test,38,34.0,339,177.3217010498047,0.5833333134651184,0.9646928310394287,47.599998474121094,81.5999984741211,81.5999984741211,620.0,True,False,0.6120857000350952,49.94619369506836,0.6131124496459961,50.02997495557793,LSTM,0,48,64,0.05
test_38,A2,test,38,34.099998474121094,340,177.3217010498047,0.5821078419685364,0.9624912142753601,47.5,81.5999984741211,81.5999984741211,620.0,True,False,0.6108802556991577,49.84782791137695,0.6108802556991577,49.84782793292197,LSTM,0,48,64,0.05
test_38,A2,test,38,34.20000076293945,341,177.3217010498047,0.5808823704719543,0.9623339772224426,47.400001525878906,81.5999984741211,81.5999984741211,620.0,True,False,0.6081767082214355,49.627220153808594,0.6081767082214355,49.62721846286513,LSTM,0,48,64,0.05
test_38,A2,test,38,34.29999923706055,342,177.3217010498047,0.5796568393707275,0.9624912142753601,47.29999923706055,81.5999984741211,81.5999984741211,620.0,True,False,0.6054713726043701,49.406463623046875,0.6054713726043701,49.406463080640606,LSTM,0,48,64,0.05
test_38,A2,test,38,34.400001525878906,343,177.3217010498047,0.5784313678741455,0.9613904356956482,47.20000076293945,81.5999984741211,81.5999984741211,620.0,True,False,0.6052559614181519,49.388885498046875,0.6052559614181519,49.38888552817389,LSTM,0,48,64,0.05
test_38,A2,test,38,34.5,344,177.3217010498047,0.5772058963775635,0.9613904356956482,47.099998474121094,81.5999984741211,81.5999984741211,620.0,True,False,0.60126793384552,49.06346130371094,0.60126793384552,49.063462484332376,LSTM,0,48,64,0.05
test_38,A2,test,38,34.599998474121094,345,177.3217010498047,0.5759804248809814,0.9613904356956482,47.0,81.5999984741211,81.5999984741211,620.0,True,False,0.5990738868713379,48.884429931640625,0.5990738868713379,48.884428254586965,LSTM,0,48,64,0.05
test_38,A2,test,38,34.70000076293945,346,177.3217010498047,0.5747549533843994,0.9613904356956482,46.900001525878906,81.5999984741211,81.5999984741211,620.0,True,False,0.5961421728134155,48.645198822021484,0.5961421728134155,48.64520039193394,LSTM,0,48,64,0.05
test_38,A2,test,38,34.79999923706055,347,177.3217010498047,0.5735294222831726,0.9624912142753601,46.79999923706055,81.5999984741211,81.5999984741211,620.0,True,False,0.5936906933784485,48.445159912109375,0.5936906933784485,48.44515967378129,LSTM,0,48,64,0.05
test_38,A2,test,38,34.900001525878906,348,177.3217010498047,0.5723039507865906,0.9623339772224426,46.70000076293945,81.5999984741211,81.5999984741211,620.0,True,False,0.5936906933784485,48.445159912109375,0.5945966243743896,48.51908364166775,LSTM,0,48,64,0.05
test_38,A2,test,38,35.0,349,177.3217010498047,0.5710784196853638,0.9624912142753601,46.599998474121094,81.5999984741211,81.5999984741211,620.0,True,False,0.5936906933784485,48.445159912109375,0.5954512357711792,48.58881993034174,LSTM,0,48,64,0.05
test_38,A2,test,38,35.099998474121094,350,177.3217010498047,0.5698529481887817,0.9624912142753601,46.5,81.5999984741211,81.5999984741211,620.0,True,False,0.5936906933784485,48.445159912109375,0.5942677855491638,48.49225039403109,LSTM,0,48,64,0.05
test_38,A2,test,38,35.20000076293945,351,177.3217010498047,0.5686274766921997,0.9659508466720581,46.400001525878906,81.5999984741211,81.5999984741211,620.0,True,False,0.5832719802856445,47.594993591308594,0.5832719802856445,47.59499270130618,LSTM,0,48,64,0.05
test_38,A2,test,38,35.29999923706055,352,177.3217010498047,0.5674019455909729,0.9711402654647827,46.29999923706055,81.5999984741211,81.5999984741211,620.0,True,False,0.56691575050354,46.26032257080078,0.56691575050354,46.26032437604408,LSTM,0,48,64,0.05
test_38,A2,test,38,35.400001525878906,353,177.3217010498047,0.5661764740943909,0.9684668779373169,46.20000076293945,81.5999984741211,81.5999984741211,620.0,True,False,0.56691575050354,46.26032257080078,0.5904991626739502,48.18473077316412,LSTM,0,48,64,0.05
test_38,A2,test,38,35.5,354,177.3217010498047,0.5649509429931641,0.9694104790687561,46.099998474121094,81.5999984741211,81.5999984741211,620.0,True,False,0.56691575050354,46.26032257080078,0.5903918147087097,48.175971179364296,LSTM,0,48,64,0.05
test_38,A2,test,38,35.599998474121094,355,177.3217010498047,0.563725471496582,0.9709830284118652,46.0,81.5999984741211,81.5999984741211,620.0,True,False,0.56691575050354,46.26032257080078,0.5892634987831116,48.08390060155716,LSTM,0,48,64,0.05
test_38,A2,test,38,35.70000076293945,356,177.3217010498047,0.5625,0.9678378701210022,45.900001525878906,81.5999984741211,81.5999984741211,620.0,True,False,0.56691575050354,46.26032257080078,0.599663496017456,48.932540360010535,LSTM,0,48,64,0.05
test_38,A2,test,38,35.79999923706055,357,177.3217010498047,0.561274528503418,0.9613904356956482,45.79999923706055,81.5999984741211,81.5999984741211,620.0,True,False,0.56691575050354,46.26032257080078,0.5930474400520325,48.39267020332727,LSTM,0,48,64,0.05
test_38,A2,test,38,35.900001525878906,358,177.3217010498047,0.5600490570068359,0.9593459963798523,45.70000076293945,81.5999984741211,81.5999984741211,620.0,True,False,0.56691575050354,46.26032257080078,0.59413743019104,48.481613397007095,LSTM,0,48,64,0.05
test_38,A2,test,38,36.0,359,177.3217010498047,0.5588235259056091,0.9562009572982788,45.599998474121094,81.5999984741211,81.5999984741211,620.0,True,False,0.56691575050354,46.26032257080078,0.5926147699356079,48.35736432248723,LSTM,0,48,64,0.05
test_38,A2,test,38,36.099998474121094,360,177.3217010498047,0.5575980544090271,0.952741265296936,45.5,81.5999984741211,81.5999984741211,620.0,True,False,0.56691575050354,46.26032257080078,0.5900729298591614,48.14995017612773,LSTM,0,48,64,0.05
test_38,A2,test,38,36.20000076293945,361,177.3217010498047,0.5563725829124451,0.9505396485328674,45.400001525878906,81.5999984741211,81.5999984741211,620.0,True,False,0.56691575050354,46.26032257080078,0.5901951789855957,48.159925704658235,LSTM,0,48,64,0.05
test_38,A2,test,38,36.29999923706055,362,177.3217010498047,0.5551470518112183,0.9472373127937317,45.29999923706055,81.5999984741211,81.5999984741211,620.0,True,False,0.56691575050354,46.26032257080078,0.5868707895278931,47.888655529982316,LSTM,0,48,64,0.05
test_38,A2,test,38,36.400001525878906,363,177.3217010498047,0.5539215803146362,0.9439349174499512,45.20000076293945,81.5999984741211,81.5999984741211,620.0,True,False,0.56691575050354,46.26032257080078,0.5842752456665039,47.676859154853446,LSTM,0,48,64,0.05
test_38,A2,test,38,36.5,364,177.3217010498047,0.5526960492134094,0.9417333006858826,45.099998474121094,81.5999984741211,81.5999984741211,620.0,True,False,0.56691575050354,46.26032257080078,0.5824885964393616,47.53106858064484,LSTM,0,48,64,0.05
test_38,A2,test,38,36.599998474121094,365,177.3217010498047,0.5514705777168274,0.9418905973434448,45.0,81.5999984741211,81.5999984741211,620.0,True,False,0.56691575050354,46.26032257080078,0.582044243812561,47.494809406975946,LSTM,0,48,64,0.05
test_38,A2,test,38,36.70000076293945,366,177.3217010498047,0.5502451062202454,0.9418905973434448,44.900001525878906,81.5999984741211,81.5999984741211,620.0,True,False,0.56691575050354,46.26032257080078,0.5776557922363281,47.13671176505159,LSTM,0,48,64,0.05
test_38,A2,test,38,36.79999923706055,367,177.3217010498047,0.5490196347236633,0.9417333006858826,44.79999923706055,81.5999984741211,81.5999984741211,620.0,True,False,0.56691575050354,46.26032257080078,0.5758574604988098,46.98996789801413,LSTM,0,48,64,0.05
test_38,A2,test,38,36.900001525878906,368,177.3217010498047,0.5477941632270813,0.9417333006858826,44.70000076293945,81.5999984741211,81.5999984741211,620.0,True,False,0.56691575050354,46.26032257080078,0.5743758082389832,46.869065075873095,LSTM,0,48,64,0.05
test_38,A2,test,38,37.0,369,177.3217010498047,0.5465686321258545,0.9395318031311035,44.599998474121094,81.5999984741211,81.5999984741211,620.0,True,False,0.56691575050354,46.26032257080078,0.574470043182373,46.87675464710992,LSTM,0,48,64,0.05
test_38,A2,test,38,37.099998474121094,370,177.3217010498047,0.5453431606292725,0.9417333006858826,44.5,81.5999984741211,81.5999984741211,620.0,True,False,0.56691575050354,46.26032257080078,0.5670633316040039,46.27236699361674,LSTM,0,48,64,0.05
test_38,A2,test,38,37.20000076293945,371,177.3217010498047,0.5441176891326904,0.9418905973434448,44.400001525878906,81.5999984741211,81.5999984741211,620.0,True,False,0.5645089149475098,46.063926696777344,0.5645089149475098,46.06392659834455,LSTM,0,48,64,0.05
test_38,A2,test,38,37.29999923706055,372,177.3217010498047,0.5428921580314636,0.9418905973434448,44.29999923706055,81.5999984741211,81.5999984741211,620.0,True,False,0.5631510019302368,45.953121185302734,0.5631510019302368,45.95312089820709,LSTM,0,48,64,0.05
test_38,A2,test,38,37.400001525878906,373,177.3217010498047,0.5416666865348816,0.9396889805793762,44.20000076293945,81.5999984741211,81.5999984741211,620.0,True,False,0.5631510019302368,45.953121185302734,0.5649210214614868,46.097554489256254,LSTM,0,48,64,0.05
test_38,A2,test,38,37.5,374,177.3217010498047,0.5404411554336548,0.9387454390525818,44.099998474121094,81.5999984741211,81.5999984741211,620.0,True,False,0.5631510019302368,45.953121185302734,0.563157856464386,45.9536802281832,LSTM,0,48,64,0.05
test_38,A2,test,38,37.599998474121094,375,177.3217010498047,0.5392156839370728,0.9376446604728699,44.0,81.5999984741211,81.5999984741211,620.0,True,False,0.5611128807067871,45.78681182861328,0.5611128807067871,45.78681020948352,LSTM,0,48,64,0.05
test_38,A2,test,38,37.70000076293945,376,177.3217010498047,0.5379902124404907,0.938430905342102,43.900001525878906,81.5999984741211,81.5999984741211,620.0,True,False,0.555505633354187,45.32925796508789,0.555505633354187,45.32925883406733,LSTM,0,48,64,0.05
test_38,A2,test,38,37.79999923706055,377,177.3217010498047,0.5367646813392639,0.936229407787323,43.79999923706055,81.5999984741211,81.5999984741211,620.0,True,False,0.555505633354187,45.32925796508789,0.558165431022644,45.5462983197549,LSTM,0,48,64,0.05
test_38,A2,test,38,37.900001525878906,378,177.3217010498047,0.5355392098426819,0.936229407787323,43.70000076293945,81.5999984741211,81.5999984741211,620.0,True,False,0.555505633354187,45.32925796508789,0.5561448335647583,45.38141757027461,LSTM,0,48,64,0.05
test_38,A2,test,38,38.0,379,177.3217010498047,0.5343137383460999,0.9363865852355957,43.599998474121094,81.5999984741211,81.5999984741211,620.0,True,False,0.5527246594429016,45.102333068847656,0.5527246594429016,45.10233136714987,LSTM,0,48,64,0.05
test_38,A2,test,38,38.099998474121094,380,177.3217010498047,0.5330882668495178,0.9363865852355957,43.5,81.5999984741211,81.5999984741211,620.0,True,False,0.5499269962310791,44.87404251098633,0.5499269962310791,44.87404205333405,LSTM,0,48,64,0.05
test_38,A2,test,38,38.20000076293945,381,177.3217010498047,0.5318627953529358,0.9363865852355957,43.400001525878906,81.5999984741211,81.5999984741211,620.0,True,False,0.5499269962310791,44.87404251098633,0.5499813556671143,44.878477783231574,LSTM,0,48,64,0.05
test_38,A2,test,38,38.29999923706055,382,177.3217010498047,0.530637264251709,0.9367011189460754,43.29999923706055,81.5999984741211,81.5999984741211,620.0,True,False,0.5476515293121338,44.68836212158203,0.5476515293121338,44.6883639562202,LSTM,0,48,64,0.05
test_38,A2,test,38,38.400001525878906,383,177.3217010498047,0.529411792755127,0.935757577419281,43.20000076293945,81.5999984741211,81.5999984741211,620.0,True,False,0.5476515293121338,44.68836212158203,0.5494626760482788,44.836153527126044,LSTM,0,48,64,0.05
test_38,A2,test,38,38.5,384,177.3217010498047,0.5281862616539001,0.9363865852355957,43.099998474121094,81.5999984741211,81.5999984741211,620.0,True,False,0.5439770221710205,44.38852310180664,0.5439770221710205,44.38852417911221,LSTM,0,48,64,0.05
test_38,A2,test,38,38.599998474121094,385,177.3217010498047,0.5269607901573181,0.9363865852355957,43.0,81.5999984741211,81.5999984741211,620.0,True,False,0.5439770221710205,44.38852310180664,0.5443034172058105,44.41515801345304,LSTM,0,48,64,0.05
test_38,A2,test,38,38.70000076293945,386,177.3217010498047,0.5257353186607361,0.93308424949646,42.900001525878906,81.5999984741211,81.5999984741211,620.0,True,False,0.5439770221710205,44.38852310180664,0.546961784362793,44.63208076940646,LSTM,0,48,64,0.05
test_38,A2,test,38,38.79999923706055,387,177.3217010498047,0.5245097875595093,0.9352858662605286,42.79999923706055,81.5999984741211,81.5999984741211,620.0,True,False,0.541279673576355,44.168418884277344,0.541279673576355,44.16842053790333,LSTM,0,48,64,0.05
test_38,A2,test,38,38.900001525878906,388,177.3217010498047,0.5232843160629272,0.93308424949646,42.70000076293945,81.5999984741211,81.5999984741211,620.0,True,False,0.541279673576355,44.168418884277344,0.544094979763031,44.39814951844028,LSTM,0,48,64,0.05
test_38,A2,test,38,39.0,389,177.3217010498047,0.5220587849617004,0.93308424949646,42.599998474121094,81.5999984741211,81.5999984741211,620.0,True,False,0.541279673576355,44.168418884277344,0.5427812337875366,44.29094784884455,LSTM,0,48,64,0.05
test_38,A2,test,38,39.099998474121094,390,177.3217010498047,0.5208333134651184,0.9310399293899536,42.5,81.5999984741211,81.5999984741211,620.0,True,False,0.541279673576355,44.168418884277344,0.5430055856704712,44.30925496214968,LSTM,0,48,64,0.05
test_38,A2,test,38,39.20000076293945,391,177.3217010498047,0.5196078419685364,0.9365439414978027,42.400001525878906,81.5999984741211,81.5999984741211,620.0,True,False,0.5271657109260559,43.016719818115234,0.5271657109260559,43.016721207175124,LSTM,0,48,64,0.05
test_38,A2,test,38,39.29999923706055,392,177.3217010498047,0.5183823704719543,0.936229407787323,42.29999923706055,81.5999984741211,81.5999984741211,620.0,True,False,0.5271657109260559,43.016719818115234,0.533602237701416,43.54194178222315,LSTM,0,48,64,0.05
test_38,A2,test,38,39.400001525878906,393,177.3217010498047,0.5171568989753723,0.9363865852355957,42.20000076293945,81.5999984741211,81.5999984741211,620.0,True,False,0.5271657109260559,43.016719818115234,0.5360910296440125,43.74502720094142,LSTM,0,48,64,0.05
test_38,A2,test,38,39.5,394,177.3217010498047,0.5159313678741455,0.938430905342102,42.099998474121094,81.5999984741211,81.5999984741211,620.0,True,False,0.5271657109260559,43.016719818115234,0.5308205485343933,43.314955950438616,LSTM,0,48,64,0.05
test_38,A2,test,38,39.599998474121094,395,177.3217010498047,0.5147058963775635,0.936229407787323,42.0,81.5999984741211,81.5999984741211,620.0,True,False,0.5271657109260559,43.016719818115234,0.5380178093910217,43.90225242535735,LSTM,0,48,64,0.05
test_38,A2,test,38,39.70000076293945,396,177.3217010498047,0.5134804248809814,0.93308424949646,41.900001525878906,81.5999984741211,81.5999984741211,620.0,True,False,0.5271657109260559,43.016719818115234,0.5416887998580933,44.2018052418689,LSTM,0,48,64,0.05
test_38,A2,test,38,39.79999923706055,397,177.3217010498047,0.5122548937797546,0.9352858662605286,41.79999923706055,81.5999984741211,81.5999984741211,620.0,True,False,0.5271657109260559,43.016719818115234,0.5353816151618958,43.68713898028318,LSTM,0,48,64,0.05
test_38,A2,test,38,39.900001525878906,398,177.3217010498047,0.5110294222831726,0.9332415461540222,41.70000076293945,81.5999984741211,81.5999984741211,620.0,True,False,0.5271657109260559,43.016719818115234,0.5400213003158569,44.065737281766815,LSTM,0,48,64,0.05
test_38,A2,test,38,40.0,399,177.3217010498047,0.5098038911819458,0.9296245574951172,41.599998474121094,81.5999984741211,81.5999984741211,620.0,True,False,0.5271657109260559,43.016719818115234,0.5411862730979919,44.160799059011424,LSTM,0,48,64,0.05
test_38,A2,test,38,40.099998474121094,400,177.3217010498047,0.5085784196853638,0.9275802373886108,41.5,81.5999984741211,81.5999984741211,620.0,True,False,0.5271657109260559,43.016719818115234,0.5396005511283875,44.03140414871132,LSTM,0,48,64,0.05
test_38,A2,test,38,40.20000076293945,401,177.3217010498047,0.5073529481887817,0.9242779016494751,41.400001525878906,81.5999984741211,81.5999984741211,620.0,True,False,0.5271657109260559,43.016719818115234,0.5371399521827698,43.83061927850349,LSTM,0,48,64,0.05
test_38,A2,test,38,40.29999923706055,402,177.3217010498047,0.5061274766921997,0.9220762848854065,41.29999923706055,81.5999984741211,81.5999984741211,620.0,True,False,0.5271657109260559,43.016719818115234,0.5365238189697266,43.78034280925931,LSTM,0,48,64,0.05
test_38,A2,test,38,40.400001525878906,403,177.3217010498047,0.5049020051956177,0.9194028973579407,41.20000076293945,81.5999984741211,81.5999984741211,620.0,True,False,0.5271657109260559,43.016719818115234,0.5353823304176331,43.68719734515025,LSTM,0,48,64,0.05
test_38,A2,test,38,40.5,404,177.3217010498047,0.5036764740943909,0.9175158143043518,41.099998474121094,81.5999984741211,81.5999984741211,620.0,True,False,0.5271657109260559,43.016719818115234,0.5344972014427185,43.614970822147825,LSTM,0,48,64,0.05
test_38,A2,test,38,40.599998474121094,405,177.3217010498047,0.5024510025978088,0.9157860279083252,41.0,81.5999984741211,81.5999984741211,620.0,True,False,0.5271657109260559,43.016719818115234,0.533807635307312,43.55870222655085,LSTM,0,48,64,0.05
test_38,A2,test,38,40.70000076293945,406,177.3217010498047,0.5012255311012268,0.9157860279083252,40.900001525878906,81.5999984741211,81.5999984741211,620.0,True,False,0.5271657109260559,43.016719818115234,0.5308488011360168,43.31726136268799,LSTM,0,48,64,0.05
test_38,A2,test,38,40.79999923706055,407,177.3217010498047,0.5,0.9137417078018188,40.79999923706055,81.5999984741211,81.5999984741211,620.0,True,False,0.5271657109260559,43.016719818115234,0.53062903881073,43.29932875727991,LSTM,0,48,64,0.05
test_38,A2,test,38,40.900001525878906,408,177.3217010498047,0.49877452850341797,0.9127981662750244,40.70000076293945,81.5999984741211,81.5999984741211,620.0,True,False,0.5271657109260559,43.016719818115234,0.5292465090751648,43.18651433296736,LSTM,0,48,64,0.05
test_38,A2,test,38,41.0,409,177.3217010498047,0.49754899740219116,0.9121691584587097,40.599998474121094,81.5999984741211,81.5999984741211,620.0,True,False,0.525410532951355,42.873497009277344,0.525410532951355,42.87349868711772,LSTM,0,48,64,0.05
test_38,A2,test,38,41.099998474121094,410,177.3217010498047,0.49632352590560913,0.9090239405632019,40.5,81.5999984741211,81.5999984741211,620.0,True,False,0.5241047739982605,42.76694869995117,0.5241047739982605,42.76694875853764,LSTM,0,48,64,0.05
test_38,A2,test,38,41.20000076293945,411,177.3217010498047,0.4950980544090271,0.9101248383522034,40.400001525878906,81.5999984741211,81.5999984741211,620.0,True,False,0.5194539427757263,42.3874397277832,0.5194539427757263,42.38744093787545,LSTM,0,48,64,0.05
test_38,A2,test,38,41.29999923706055,412,177.3217010498047,0.4938725531101227,0.9088667631149292,40.29999923706055,81.5999984741211,81.5999984741211,620.0,True,False,0.5176876783370972,42.24331283569336,0.5176876783370972,42.24331376237842,LSTM,0,48,64,0.05
test_38,A2,test,38,41.400001525878906,413,177.3217010498047,0.49264708161354065,0.9091812968254089,40.20000076293945,81.5999984741211,81.5999984741211,620.0,True,False,0.5149276852607727,42.018096923828125,0.5149276852607727,42.01809833156176,LSTM,0,48,64,0.05
test_38,A2,test,38,41.5,414,177.3217010498047,0.49142155051231384,0.9069796800613403,40.099998474121094,81.5999984741211,81.5999984741211,620.0,True,False,0.5141785144805908,41.956966400146484,0.5141785144805908,41.95696599704206,LSTM,0,48,64,0.05
test_38,A2,test,38,41.599998474121094,415,177.3217010498047,0.4901960790157318,0.9047780632972717,40.0,81.5999984741211,81.5999984741211,620.0,True,False,0.5141785144805908,41.956966400146484,0.5144755244255066,41.98120200809399,LSTM,0,48,64,0.05
test_38,A2,test,38,41.70000076293945,416,177.3217010498047,0.4889706075191498,0.9046208262443542,39.900001525878906,81.5999984741211,81.5999984741211,620.0,True,False,0.5080937743186951,41.460453033447266,0.5080937743186951,41.460451209115945,LSTM,0,48,64,0.05
test_38,A2,test,38,41.79999923706055,417,177.3217010498047,0.48774510622024536,0.9068224430084229,39.79999923706055,81.5999984741211,81.5999984741211,620.0,True,False,0.5032447576522827,41.06476974487305,0.5032447576522827,41.06477145653571,LSTM,0,48,64,0.05
test_38,A2,test,38,41.900001525878906,418,177.3217010498047,0.48651963472366333,0.9134271740913391,39.70000076293945,81.5999984741211,81.5999984741211,620.0,True,False,0.4791189134120941,39.09610366821289,0.4791189134120941,39.096102603349436,LSTM,0,48,64,0.05
test_38,A2,test,38,42.0,419,177.3217010498047,0.4852941036224365,0.9134271740913391,39.599998474121094,81.5999984741211,81.5999984741211,620.0,True,False,0.4791189134120941,39.09610366821289,0.4920028746128082,40.14743381766834,LSTM,0,48,64,0.05
test_38,A2,test,38,42.099998474121094,420,177.3217010498047,0.4840686321258545,0.9102820158004761,39.5,81.5999984741211,81.5999984741211,620.0,True,False,0.4791189134120941,39.09610366821289,0.5036828517913818,41.10051993761772,LSTM,0,48,64,0.05
test_38,A2,test,38,42.20000076293945,421,177.3217010498047,0.48284316062927246,0.9069796800613403,39.400001525878906,81.5999984741211,81.5999984741211,620.0,True,False,0.4791189134120941,39.09610366821289,0.5053194165229797,41.23406361721891,LSTM,0,48,64,0.05
test_38,A2,test,38,42.29999923706055,422,177.3217010498047,0.48161765933036804,0.9047780632972717,39.29999923706055,81.5999984741211,81.5999984741211,620.0,True,False,0.4791189134120941,39.09610366821289,0.5028483271598816,41.03242272896068,LSTM,0,48,64,0.05
test_38,A2,test,38,42.400001525878906,423,177.3217010498047,0.480392187833786,0.900217592716217,39.20000076293945,81.5999984741211,81.5999984741211,620.0,True,False,0.4791189134120941,39.09610366821289,0.5026108622550964,41.013045593092556,LSTM,0,48,64,0.05
test_38,A2,test,38,42.5,424,177.3217010498047,0.4791666567325592,0.898016095161438,39.099998474121094,81.5999984741211,81.5999984741211,620.0,True,False,0.4791189134120941,39.09610366821289,0.501587450504303,40.92953519578941,LSTM,0,48,64,0.05
test_38,A2,test,38,42.599998474121094,425,177.3217010498047,0.4779411852359772,0.8970725536346436,39.0,81.5999984741211,81.5999984741211,620.0,True,False,0.4791189134120941,39.09610366821289,0.5017210245132446,40.940434834715234,LSTM,0,48,64,0.05
test_38,A2,test,38,42.70000076293945,426,177.3217010498047,0.47671571373939514,0.8956571817398071,38.900001525878906,81.5999984741211,81.5999984741211,620.0,True,False,0.4791189134120941,39.09610366821289,0.5009753108024597,40.879584597053054,LSTM,0,48,64,0.05
test_38,A2,test,38,42.79999923706055,427,177.3217010498047,0.47549018263816833,0.8943992257118225,38.79999923706055,81.5999984741211,81.5999984741211,620.0,True,False,0.4791189134120941,39.09610366821289,0.49905404448509216,40.72280926848748,LSTM,0,48,64,0.05
test_38,A2,test,38,42.900001525878906,428,177.3217010498047,0.4742647111415863,0.8928266167640686,38.70000076293945,81.5999984741211,81.5999984741211,620.0,True,False,0.4791189134120941,39.09610366821289,0.4971502721309662,40.56746144729573,LSTM,0,48,64,0.05
test_38,A2,test,38,43.0,429,177.3217010498047,0.4730392098426819,0.8917257785797119,38.599998474121094,81.5999984741211,81.5999984741211,620.0,True,False,0.4791189134120941,39.09610366821289,0.49484696984291077,40.379511984104965,LSTM,0,48,64,0.05
test_38,A2,test,38,43.099998474121094,430,177.3217010498047,0.47181373834609985,0.8893669247627258,38.5,81.5999984741211,81.5999984741211,620.0,True,False,0.4791189134120941,39.09610366821289,0.49102964997291565,40.06801868853813,LSTM,0,48,64,0.05
test_38,A2,test,38,43.20000076293945,431,177.3217010498047,0.4705882668495178,0.8882662057876587,38.400001525878906,81.5999984741211,81.5999984741211,620.0,True,False,0.4791189134120941,39.09610366821289,0.49115481972694397,40.07823254027585,LSTM,0,48,64,0.05
test_38,A2,test,38,43.29999923706055,432,177.3217010498047,0.469362735748291,0.8882662057876587,38.29999923706055,81.5999984741211,81.5999984741211,620.0,True,False,0.4791189134120941,39.09610366821289,0.48690688610076904,39.73160116286181,LSTM,0,48,64,0.05
test_38,A2,test,38,43.400001525878906,433,177.3217010498047,0.468137264251709,0.8915685415267944,38.20000076293945,81.5999984741211,81.5999984741211,620.0,True,False,0.47895094752311707,39.0823974609375,0.47895094752311707,39.082396587065205,LSTM,0,48,64,0.05
test_38,A2,test,38,43.5,434,177.3217010498047,0.46691176295280457,0.8893669247627258,38.099998474121094,81.5999984741211,81.5999984741211,620.0,True,False,0.47895094752311707,39.0823974609375,0.4835955798625946,39.461398578879425,LSTM,0,48,64,0.05
test_38,A2,test,38,43.599998474121094,435,177.3217010498047,0.46568629145622253,0.8884233832359314,38.0,81.5999984741211,81.5999984741211,620.0,True,False,0.47895094752311707,39.0823974609375,0.4819033145904541,39.32330973525495,LSTM,0,48,64,0.05
test_38,A2,test,38,43.70000076293945,436,177.3217010498047,0.4644608199596405,0.8884233832359314,37.900001525878906,81.5999984741211,81.5999984741211,620.0,True,False,0.47895094752311707,39.0823974609375,0.4799828827381134,39.1666024990343,LSTM,0,48,64,0.05
test_38,A2,test,38,43.79999923706055,437,177.3217010498047,0.4632352888584137,0.8860645890235901,37.79999923706055,81.5999984741211,81.5999984741211,620.0,True,False,0.47895094752311707,39.0823974609375,0.47937819361686707,39.11725986766328,LSTM,0,48,64,0.05
test_38,A2,test,38,43.900001525878906,438,177.3217010498047,0.46200981736183167,0.8838629126548767,37.70000076293945,81.5999984741211,81.5999984741211,620.0,True,False,0.4789451062679291,39.0819206237793,0.4789451062679291,39.08191994065078,LSTM,0,48,64,0.05
test_38,A2,test,38,44.0,439,177.3217010498047,0.46078431606292725,0.883705735206604,37.599998474121094,81.5999984741211,81.5999984741211,620.0,True,False,0.4780036509037018,39.005096435546875,0.4780036509037018,39.00509718436638,LSTM,0,48,64,0.05
test_38,A2,test,38,44.099998474121094,440,177.3217010498047,0.4595588445663452,0.8838629126548767,37.5,81.5999984741211,81.5999984741211,620.0,True,False,0.4747571647167206,38.74018478393555,0.4747571647167206,38.740183916462456,LSTM,0,48,64,0.05
test_38,A2,test,38,44.20000076293945,441,177.3217010498047,0.4583333730697632,0.8838629126548767,37.400001525878906,81.5999984741211,81.5999984741211,620.0,True,False,0.4747571647167206,38.74018478393555,0.4748542010784149,38.74810208342865,LSTM,0,48,64,0.05
test_38,A2,test,38,44.29999923706055,442,177.3217010498047,0.4571078419685364,0.8838629126548767,37.29999923706055,81.5999984741211,81.5999984741211,620.0,True,False,0.47338664531707764,38.62834930419922,0.47338664531707764,38.62834953554284,LSTM,0,48,64,0.05
test_38,A2,test,38,44.400001525878906,443,177.3217010498047,0.45588237047195435,0.8862218260765076,37.20000076293945,81.5999984741211,81.5999984741211,620.0,True,False,0.4678872525691986,38.17959976196289,0.4678872525691986,38.17959909570732,LSTM,0,48,64,0.05
test_38,A2,test,38,44.5,444,177.3217010498047,0.45465683937072754,0.8840202689170837,37.099998474121094,81.5999984741211,81.5999984741211,620.0,True,False,0.4678872525691986,38.17959976196289,0.4742121398448944,38.69570988775308,LSTM,0,48,64,0.05
test_38,A2,test,38,44.599998474121094,445,177.3217010498047,0.4534313678741455,0.882919430732727,37.0,81.5999984741211,81.5999984741211,620.0,True,False,0.4678872525691986,38.17959976196289,0.4747079610824585,38.73616889998175,LSTM,0,48,64,0.05
test_38,A2,test,38,44.70000076293945,446,177.3217010498047,0.4522058963775635,0.8893669247627258,36.900001525878906,81.5999984741211,81.5999984741211,620.0,True,False,0.4557749927043915,37.19123840332031,0.4557749927043915,37.1912387092209,LSTM,0,48,64,0.05
test_38,A2,test,38,44.79999923706055,447,177.3217010498047,0.45098039507865906,0.8892097473144531,36.79999923706055,81.5999984741211,81.5999984741211,620.0,True,False,0.4557749927043915,37.19123840332031,0.46355319023132324,37.82593961554994,LSTM,0,48,64,0.05
test_38,A2,test,38,44.900001525878906,448,177.3217010498047,0.449754923582077,0.8882662057876587,36.70000076293945,81.5999984741211,81.5999984741211,620.0,True,False,0.4557749927043915,37.19123840332031,0.4680273234844208,38.191028882175715,LSTM,0,48,64,0.05
test_38,A2,test,38,45.0,449,177.3217010498047,0.4485293924808502,0.8838629126548767,36.599998474121094,81.5999984741211,81.5999984741211,620.0,True,False,0.4557749927043915,37.19123840332031,0.47305828332901,38.60155519781756,LSTM,0,48,64,0.05
test_38,A2,test,38,45.099998474121094,450,177.3217010498047,0.4473039209842682,0.880560576915741,36.5,81.5999984741211,81.5999984741211,620.0,True,False,0.4557749927043915,37.19123840332031,0.46967944502830505,38.325841997635735,LSTM,0,48,64,0.05
test_38,A2,test,38,45.20000076293945,451,177.3217010498047,0.44607844948768616,0.8807178735733032,36.400001525878906,81.5999984741211,81.5999984741211,620.0,True,False,0.4557749927043915,37.19123840332031,0.4676555395126343,38.160691310645234,LSTM,0,48,64,0.05
test_38,A2,test,38,45.29999923706055,452,177.3217010498047,0.44485294818878174,0.8804033398628235,36.29999923706055,81.5999984741211,81.5999984741211,620.0,True,False,0.4557749927043915,37.19123840332031,0.46847814321517944,38.227815771517726,LSTM,0,48,64,0.05
test_38,A2,test,38,45.400001525878906,453,177.3217010498047,0.4436274766921997,0.8796170353889465,36.20000076293945,81.5999984741211,81.5999984741211,620.0,True,False,0.4557749927043915,37.19123840332031,0.4672746956348419,38.1296144507985,LSTM,0,48,64,0.05
test_38,A2,test,38,45.5,454,177.3217010498047,0.4424019455909729,0.8772581815719604,36.099998474121094,81.5999984741211,81.5999984741211,620.0,True,False,0.4557749927043915,37.19123840332031,0.4670146107673645,38.1083915260092,LSTM,0,48,64,0.05
test_38,A2,test,38,45.599998474121094,455,177.3217010498047,0.44117647409439087,0.8742703199386597,36.0,81.5999984741211,81.5999984741211,620.0,True,False,0.4557749927043915,37.19123840332031,0.46610787510871887,38.034401897647285,LSTM,0,48,64,0.05
test_38,A2,test,38,45.70000076293945,456,177.3217010498047,0.43995100259780884,0.8734840750694275,35.900001525878906,81.5999984741211,81.5999984741211,620.0,True,False,0.4557749927043915,37.19123840332031,0.466423362493515,38.060145667765255,LSTM,0,48,64,0.05
test_38,A2,test,38,45.79999923706055,457,177.3217010498047,0.4387255012989044,0.8719115257263184,35.79999923706055,81.5999984741211,81.5999984741211,620.0,True,False,0.4557749927043915,37.19123840332031,0.46704360842704773,38.110757734995104,LSTM,0,48,64,0.05
test_38,A2,test,38,45.900001525878906,458,177.3217010498047,0.4375000298023224,0.8719115257263184,35.70000076293945,81.5999984741211,81.5999984741211,620.0,True,False,0.4557749927043915,37.19123840332031,0.4646722376346588,37.91725388195459,LSTM,0,48,64,0.05
test_38,A2,test,38,46.0,459,177.3217010498047,0.4362744987010956,0.8711251616477966,35.599998474121094,81.5999984741211,81.5999984741211,620.0,True,False,0.4557749927043915,37.19123840332031,0.46379247307777405,37.84546509545521,LSTM,0,48,64,0.05
test_38,A2,test,38,46.099998474121094,460,177.3217010498047,0.43504902720451355,0.8664074540138245,35.5,81.5999984741211,81.5999984741211,620.0,True,False,0.4557749927043915,37.19123840332031,0.46403756737709045,37.865464789905445,LSTM,0,48,64,0.05
test_38,A2,test,38,46.20000076293945,461,177.3217010498047,0.4338235557079315,0.8631051778793335,35.400001525878906,81.5999984741211,81.5999984741211,620.0,True,False,0.4557749927043915,37.19123840332031,0.4627855122089386,37.76329709009474,LSTM,0,48,64,0.05
test_38,A2,test,38,46.29999923706055,462,177.3217010498047,0.4325980246067047,0.8684518337249756,35.29999923706055,81.5999984741211,81.5999984741211,620.0,True,False,0.45402291417121887,37.04826736450195,0.45402291417121887,37.04826910358747,LSTM,0,48,64,0.05
test_38,A2,test,38,46.400001525878906,463,177.3217010498047,0.4313725531101227,0.8653067946434021,35.20000076293945,81.5999984741211,81.5999984741211,620.0,True,False,0.45402291417121887,37.04826736450195,0.4597441852092743,37.51512481156283,LSTM,0,48,64,0.05
test_38,A2,test,38,46.5,464,177.3217010498047,0.43014705181121826,0.8631051778793335,35.099998474121094,81.5999984741211,81.5999984741211,620.0,True,False,0.45402291417121887,37.04826736450195,0.4594348967075348,37.48988687029282,LSTM,0,48,64,0.05
test_38,A2,test,38,46.599998474121094,465,177.3217010498047,0.42892158031463623,0.859802782535553,35.0,81.5999984741211,81.5999984741211,620.0,True,False,0.45402291417121887,37.04826736450195,0.4589018225669861,37.44638802123745,LSTM,0,48,64,0.05
test_38,A2,test,38,46.70000076293945,466,177.3217010498047,0.4276961088180542,0.8577584028244019,34.900001525878906,81.5999984741211,81.5999984741211,620.0,True,False,0.45402291417121887,37.04826736450195,0.45621058344841003,37.22678291326815,LSTM,0,48,64,0.05
test_38,A2,test,38,46.79999923706055,467,177.3217010498047,0.4264705777168274,0.8566575646400452,34.79999923706055,81.5999984741211,81.5999984741211,620.0,True,False,0.45402291417121887,37.04826736450195,0.4546118974685669,37.096330139752354,LSTM,0,48,64,0.05
test_38,A2,test,38,46.900001525878906,468,177.3217010498047,0.42524510622024536,0.8544560074806213,34.70000076293945,81.5999984741211,81.5999984741211,620.0,True,False,0.45275524258613586,36.944828033447266,0.45275524258613586,36.94482710417901,LSTM,0,48,64,0.05
test_38,A2,test,38,47.0,469,177.3217010498047,0.42401960492134094,0.8533552885055542,34.599998474121094,81.5999984741211,81.5999984741211,620.0,True,False,0.4504123330116272,36.75364685058594,0.4504123330116272,36.7536456864741,LSTM,0,48,64,0.05
test_38,A2,test,38,47.099998474121094,470,177.3217010498047,0.4227941334247589,0.8531979322433472,34.5,81.5999984741211,81.5999984741211,620.0,True,False,0.4489242732524872,36.63222122192383,0.4489242732524872,36.632220012398875,LSTM,0,48,64,0.05
test_38,A2,test,38,47.20000076293945,471,177.3217010498047,0.4215686619281769,0.8577584028244019,34.400001525878906,81.5999984741211,81.5999984741211,620.0,True,False,0.4383125603199005,35.76630401611328,0.4383125603199005,35.76630425329199,LSTM,0,48,64,0.05
test_38,A2,test,38,47.29999923706055,472,177.3217010498047,0.4203431308269501,0.8533552885055542,34.29999923706055,81.5999984741211,81.5999984741211,620.0,True,False,0.4383125603199005,35.76630401611328,0.44669219851493835,36.450082717220766,LSTM,0,48,64,0.05
test_38,A2,test,38,47.400001525878906,473,177.3217010498047,0.41911765933036804,0.8489519953727722,34.20000076293945,81.5999984741211,81.5999984741211,620.0,True,False,0.4383125603199005,35.76630401611328,0.4454907476902008,36.35204433175545,LSTM,0,48,64,0.05
test_38,A2,test,38,47.5,474,177.3217010498047,0.4178921580314636,0.8577584028244019,34.099998474121094,81.5999984741211,81.5999984741211,620.0,True,False,0.4249512255191803,34.67601776123047,0.4249512255191803,34.676019353941,LSTM,0,48,64,0.05
test_38,A2,test,38,47.599998474121094,475,177.3217010498047,0.4166666865348816,0.8576012253761292,34.0,81.5999984741211,81.5999984741211,620.0,True,False,0.4249512255191803,34.67601776123047,0.43181315064430237,35.235952433680495,LSTM,0,48,64,0.05
test_38,A2,test,38,47.70000076293945,476,177.3217010498047,0.41544121503829956,0.8547706007957458,33.900001525878906,81.5999984741211,81.5999984741211,620.0,True,False,0.4249512255191803,34.67601776123047,0.43847647309303284,35.77967953532948,LSTM,0,48,64,0.05
test_38,A2,test,38,47.79999923706055,477,177.3217010498047,0.41421568393707275,0.8509963750839233,33.79999923706055,81.5999984741211,81.5999984741211,620.0,True,False,0.4249512255191803,34.67601776123047,0.4396624267101288,35.876453348674886,LSTM,0,48,64,0.05
test_38,A2,test,38,47.900001525878906,478,177.3217010498047,0.4129902124404907,0.8443916440010071,33.70000076293945,81.5999984741211,81.5999984741211,620.0,True,False,0.4249512255191803,34.67601776123047,0.44042614102363586,35.93877243549173,LSTM,0,48,64,0.05
test_38,A2,test,38,48.0,479,177.3217010498047,0.4117646813392639,0.8335409164428711,33.599998474121094,81.5999984741211,81.5999984741211,620.0,True,False,0.4249512255191803,34.67601776123047,0.430099219083786,35.09609562095761,LSTM,0,48,64,0.05
test_38,A2,test,38,48.099998474121094,480,177.3217010498047,0.4105392098426819,0.83149653673172,33.5,81.5999984741211,81.5999984741211,620.0,True,False,0.4249512255191803,34.67601776123047,0.43178030848503113,35.233272513534075,LSTM,0,48,64,0.05
test_38,A2,test,38,48.20000076293945,481,177.3217010498047,0.40931373834609985,0.828980565071106,33.400001525878906,81.5999984741211,81.5999984741211,620.0,True,False,0.4249512255191803,34.67601776123047,0.4310872256755829,35.17671695734066,LSTM,0,48,64,0.05
test_38,A2,test,38,48.29999923706055,482,177.3217010498047,0.40808823704719543,0.8250490427017212,33.29999923706055,81.5999984741211,81.5999984741211,620.0,True,False,0.4249512255191803,34.67601776123047,0.42716333270072937,34.85652729658,LSTM,0,48,64,0.05
test_38,A2,test,38,48.400001525878906,483,177.3217010498047,0.4068627655506134,0.8250490427017212,33.20000076293945,81.5999984741211,81.5999984741211,620.0,True,False,0.4249512255191803,34.67601776123047,0.4274430572986603,34.879352823344334,LSTM,0,48,64,0.05
test_38,A2,test,38,48.5,484,177.3217010498047,0.4056372344493866,0.8192306160926819,33.099998474121094,81.5999984741211,81.5999984741211,620.0,True,False,0.424900084733963,34.671844482421875,0.424900084733963,34.671846265945305,LSTM,0,48,64,0.05
test_38,A2,test,38,48.599998474121094,485,177.3217010498047,0.40441176295280457,0.8157709240913391,33.0,81.5999984741211,81.5999984741211,620.0,True,False,0.4205361008644104,34.31574630737305,0.4205361008644104,34.31574518884872,LSTM,0,48,64,0.05
test_38,A2,test,38,48.70000076293945,486,177.3217010498047,0.40318629145622253,0.8179725408554077,32.900001525878906,81.5999984741211,81.5999984741211,620.0,True,False,0.420106440782547,34.28068542480469,0.420106440782547,34.28068492682428,LSTM,0,48,64,0.05
test_38,A2,test,38,48.79999923706055,487,177.3217010498047,0.4019607901573181,0.8159281611442566,32.79999923706055,81.5999984741211,81.5999984741211,620.0,True,False,0.41660597920417786,33.99504852294922,0.41660597920417786,33.99504726737064,LSTM,0,48,64,0.05
test_38,A2,test,38,48.900001525878906,488,177.3217010498047,0.4007353186607361,0.8126257061958313,32.70000076293945,81.5999984741211,81.5999984741211,620.0,True,False,0.41594457626342773,33.941078186035156,0.41594457626342773,33.94107678841465,LSTM,0,48,64,0.05
test_38,A2,test,38,49.0,489,177.3217010498047,0.3995097875595093,0.8105815649032593,32.599998474121094,81.5999984741211,81.5999984741211,620.0,True,False,0.4121147692203522,33.628562927246094,0.4121147692203522,33.628564539543504,LSTM,0,48,64,0.05
test_38,A2,test,38,49.099998474121094,490,177.3217010498047,0.39828431606292725,0.8094807267189026,32.5,81.5999984741211,81.5999984741211,620.0,True,False,0.40950772166252136,33.415828704833984,0.40950772166252136,33.41582946280255,LSTM,0,48,64,0.05
test_38,A2,test,38,49.20000076293945,491,177.3217010498047,0.3970588445663452,0.807121753692627,32.400001525878906,81.5999984741211,81.5999984741211,620.0,True,False,0.40816161036491394,33.30598831176758,0.40816161036491394,33.305986782971786,LSTM,0,48,64,0.05
test_38,A2,test,38,49.29999923706055,492,177.3217010498047,0.3958333432674408,0.807121753692627,32.29999923706055,81.5999984741211,81.5999984741211,620.0,True,False,0.4056141674518585,33.098114013671875,0.4056141674518585,33.09811544515355,LSTM,0,48,64,0.05
test_38,A2,test,38,49.400001525878906,493,177.3217010498047,0.39460787177085876,0.8036622405052185,32.20000076293945,81.5999984741211,81.5999984741211,620.0,True,False,0.4055803120136261,33.09535217285156,0.4055803120136261,33.09535284144545,LSTM,0,48,64,0.05
test_38,A2,test,38,49.5,494,177.3217010498047,0.39338234066963196,0.8036622405052185,32.099998474121094,81.5999984741211,81.5999984741211,620.0,True,False,0.40128275752067566,32.74467086791992,0.40128275752067566,32.74467240137824,LSTM,0,48,64,0.05
test_38,A2,test,38,49.599998474121094,495,177.3217010498047,0.3921568691730499,0.8017750978469849,32.0,81.5999984741211,81.5999984741211,620.0,True,False,0.39804837107658386,32.48074722290039,0.39804837107658386,32.48074647247563,LSTM,0,48,64,0.05
test_38,A2,test,38,49.70000076293945,496,177.3217010498047,0.3909313678741455,0.8017750978469849,31.899999618530273,81.5999984741211,81.5999984741211,620.0,True,False,0.39615222811698914,32.32602310180664,0.39615222811698914,32.326021209865985,LSTM,0,48,64,0.05
test_38,A2,test,38,49.79999923706055,497,177.3217010498047,0.3897058665752411,0.8006742596626282,31.799999237060547,81.5999984741211,81.5999984741211,620.0,True,False,0.3955821394920349,32.279502868652344,0.3955821394920349,32.27950197893961,LSTM,0,48,64,0.05
test_38,A2,test,38,49.900001525878906,498,177.3217010498047,0.38848039507865906,0.8005170226097107,31.700000762939453,81.5999984741211,81.5999984741211,620.0,True,False,0.3949630558490753,32.22898483276367,0.3949630558490753,32.22898475461875,LSTM,0,48,64,0.05
test_38,A2,test,38,50.0,499,177.3217010498047,0.387254923582077,0.8005170226097107,31.600000381469727,81.5999984741211,81.5999984741211,620.0,True,False,0.39210954308509827,31.996137619018555,0.39210954308509827,31.996138117432338,LSTM,0,48,64,0.05
test_38,A2,test,38,50.099998474121094,500,177.3217010498047,0.3860294222831726,0.7983154654502869,31.5,81.5999984741211,81.5999984741211,620.0,True,False,0.39210954308509827,31.996137619018555,0.39348104596138,32.10805275004418,LSTM,0,48,64,0.05
test_38,A2,test,38,50.20000076293945,501,177.3217010498047,0.3848039209842682,0.7975291609764099,31.399999618530273,81.5999984741211,81.5999984741211,620.0,True,False,0.39201614260673523,31.988515853881836,0.39201614260673523,31.988516638540432,LSTM,0,48,64,0.05
test_38,A2,test,38,50.29999923706055,502,177.3217010498047,0.38357841968536377,0.7975291609764099,31.299999237060547,81.5999984741211,81.5999984741211,620.0,True,False,0.39009568095207214,31.831806182861328,0.39009568095207214,31.831806970450316,LSTM,0,48,64,0.05
test_38,A2,test,38,50.400001525878906,503,177.3217010498047,0.38235294818878174,0.8006742596626282,31.200000762939453,81.5999984741211,81.5999984741211,620.0,True,False,0.3848072588443756,31.400272369384766,0.3848072588443756,31.40027173453177,LSTM,0,48,64,0.05
test_38,A2,test,38,50.5,504,177.3217010498047,0.3811274766921997,0.7984727025032043,31.100000381469727,81.5999984741211,81.5999984741211,620.0,True,False,0.3848072588443756,31.400272369384766,0.38672947883605957,31.557124882920107,LSTM,0,48,64,0.05
test_38,A2,test,38,50.599998474121094,505,177.3217010498047,0.3799019753932953,0.8057064414024353,31.0,81.5999984741211,81.5999984741211,620.0,True,False,0.3723689615726471,30.38530731201172,0.3723689615726471,30.38530669613806,LSTM,0,48,64,0.05
test_38,A2,test,38,50.70000076293945,506,177.3217010498047,0.37867647409439087,0.8086944222450256,30.899999618530273,81.5999984741211,81.5999984741211,620.0,True,False,0.3723689615726471,30.38530731201172,0.373214453458786,30.454298832756876,LSTM,0,48,64,0.05
test_38,A2,test,38,50.79999923706055,507,177.3217010498047,0.37745097279548645,0.807121753692627,30.799999237060547,81.5999984741211,81.5999984741211,620.0,True,False,0.3723689615726471,30.38530731201172,0.38341835141181946,31.286936890154493,LSTM,0,48,64,0.05
test_38,A2,test,38,50.900001525878906,508,177.3217010498047,0.3762255012989044,0.8016179203987122,30.700000762939453,81.5999984741211,81.5999984741211,620.0,True,False,0.3723689615726471,30.38530731201172,0.38973310589790344,31.802220846583396,LSTM,0,48,64,0.05
test_38,A2,test,38,51.0,509,177.3217010498047,0.375,0.7983154654502869,30.600000381469727,81.5999984741211,81.5999984741211,620.0,True,False,0.3723689615726471,30.38530731201172,0.3896338939666748,31.794125153146524,LSTM,0,48,64,0.05
test_38,A2,test,38,51.099998474121094,510,177.3217010498047,0.37377452850341797,0.8058638572692871,30.5,81.5999984741211,81.5999984741211,620.0,True,False,0.3723689615726471,30.38530731201172,0.3792658746242523,30.94809479062519,LSTM,0,48,64,0.05
test_38,A2,test,38,51.20000076293945,511,177.3217010498047,0.37254902720451355,0.7986299395561218,30.399999618530273,81.5999984741211,81.5999984741211,620.0,True,False,0.3723689615726471,30.38530731201172,0.38912710547447205,31.752771212956077,LSTM,0,48,64,0.05
test_38,A2,test,38,51.29999923706055,512,177.3217010498047,0.37132352590560913,0.7929686903953552,30.299999237060547,81.5999984741211,81.5999984741211,620.0,True,False,0.3723689615726471,30.38530731201172,0.38693633675575256,31.574004488851415,LSTM,0,48,64,0.05
test_38,A2,test,38,51.400001525878906,513,177.3217010498047,0.3700980544090271,0.7929686903953552,30.200000762939453,81.5999984741211,81.5999984741211,620.0,True,False,0.3723689615726471,30.38530731201172,0.3861393630504608,31.508971435715694,LSTM,0,48,64,0.05
test_38,A2,test,38,51.5,514,177.3217010498047,0.3688725531101227,0.7895090579986572,30.100000381469727,81.5999984741211,81.5999984741211,620.0,True,False,0.3723689615726471,30.38530731201172,0.38645100593566895,31.534401494673148,LSTM,0,48,64,0.05
test_38,A2,test,38,51.599998474121094,515,177.3217010498047,0.36764705181121826,0.7830615639686584,30.0,81.5999984741211,81.5999984741211,620.0,True,False,0.3723689615726471,30.38530731201172,0.3847797214984894,31.398024687149473,LSTM,0,48,64,0.05
test_38,A2,test,38,51.70000076293945,516,177.3217010498047,0.36642158031463623,0.7797591686248779,29.899999618530273,81.5999984741211,81.5999984741211,620.0,True,False,0.3723689615726471,30.38530731201172,0.3829745948314667,31.250726353874825,LSTM,0,48,64,0.05
test_38,A2,test,38,51.79999923706055,517,177.3217010498047,0.3651960790157318,0.7753559947013855,29.799999237060547,81.5999984741211,81.5999984741211,620.0,True,False,0.3723689615726471,30.38530731201172,0.3807286322116852,31.067455807527722,LSTM,0,48,64,0.05
test_38,A2,test,38,51.900001525878906,518,177.3217010498047,0.3639706075191498,0.7720535397529602,29.700000762939453,81.5999984741211,81.5999984741211,620.0,True,False,0.3723689615726471,30.38530731201172,0.37891146540641785,30.919174998990684,LSTM,0,48,64,0.05
test_38,A2,test,38,52.0,519,177.3217010498047,0.36274510622024536,0.7711101174354553,29.600000381469727,81.5999984741211,81.5999984741211,620.0,True,False,0.3723689615726471,30.38530731201172,0.3770157992839813,30.76448864629242,LSTM,0,48,64,0.05
test_38,A2,test,38,52.099998474121094,520,177.3217010498047,0.36151960492134094,0.7689085602760315,29.5,81.5999984741211,81.5999984741211,620.0,True,False,0.3720613121986389,30.36020278930664,0.3720613121986389,30.360202507688427,LSTM,0,48,64,0.05
test_38,A2,test,38,52.20000076293945,521,177.3217010498047,0.3602941334247589,0.7689085602760315,29.399999618530273,81.5999984741211,81.5999984741211,620.0,True,False,0.3717685043811798,30.3363094329834,0.3717685043811798,30.336309390230554,LSTM,0,48,64,0.05
test_38,A2,test,38,52.29999923706055,522,177.3217010498047,0.3590686321258545,0.7687512636184692,29.299999237060547,81.5999984741211,81.5999984741211,620.0,True,False,0.3694118559360504,30.144006729125977,0.3694118559360504,30.144006880703955,LSTM,0,48,64,0.05
test_38,A2,test,38,52.400001525878906,523,177.3217010498047,0.35784316062927246,0.7687512636184692,29.200000762939453,81.5999984741211,81.5999984741211,620.0,True,False,0.3651867210865021,29.799236297607422,0.3651867210865021,29.799235883427855,LSTM,0,48,64,0.05
test_38,A2,test,38,52.5,524,177.3217010498047,0.35661765933036804,0.7667069435119629,29.100000381469727,81.5999984741211,81.5999984741211,620.0,True,False,0.3651867210865021,29.799236297607422,0.3671762943267822,29.961585056798867,LSTM,0,48,64,0.05
test_38,A2,test,38,52.599998474121094,525,177.3217010498047,0.3553921580314636,0.7632473111152649,29.0,81.5999984741211,81.5999984741211,620.0,True,False,0.3651867210865021,29.799236297607422,0.3657536208629608,29.845494904321868,LSTM,0,48,64,0.05
test_38,A2,test,38,52.70000076293945,526,177.3217010498047,0.3541666567325592,0.7623038291931152,28.899999618530273,81.5999984741211,81.5999984741211,620.0,True,False,0.3635121285915375,29.66259002685547,0.3635121285915375,29.66258913839397,LSTM,0,48,64,0.05
test_38,A2,test,38,52.79999923706055,527,177.3217010498047,0.3529411852359772,0.7571142315864563,28.799999237060547,81.5999984741211,81.5999984741211,620.0,True,False,0.3628633916378021,29.609651565551758,0.3628633916378021,29.609652203959058,LSTM,0,48,64,0.05
test_38,A2,test,38,52.900001525878906,528,177.3217010498047,0.35171571373939514,0.7556989789009094,28.700000762939453,81.5999984741211,81.5999984741211,620.0,True,False,0.35906752943992615,29.299909591674805,0.35906752943992615,29.299909854404405,LSTM,0,48,64,0.05
test_38,A2,test,38,53.0,529,177.3217010498047,0.3504902124404907,0.7534973621368408,28.600000381469727,81.5999984741211,81.5999984741211,620.0,True,False,0.35906752943992615,29.299909591674805,0.3591979444026947,29.31055171516732,LSTM,0,48,64,0.05
test_38,A2,test,38,53.099998474121094,530,177.3217010498047,0.3492647111415863,0.751610279083252,28.5,81.5999984741211,81.5999984741211,620.0,True,False,0.35824331641197205,29.232654571533203,0.35824331641197205,29.232654072581,LSTM,0,48,64,0.05
test_38,A2,test,38,53.20000076293945,531,177.3217010498047,0.3480392098426819,0.7492514252662659,28.399999618530273,81.5999984741211,81.5999984741211,620.0,True,False,0.35646992921829224,29.08794593811035,0.35646992921829224,29.0879456802827,LSTM,0,48,64,0.05
test_38,A2,test,38,53.29999923706055,532,177.3217010498047,0.34681370854377747,0.7479933500289917,28.299999237060547,81.5999984741211,81.5999984741211,620.0,True,False,0.3541983664035797,28.902585983276367,0.3541983664035797,28.90258615806829,LSTM,0,48,64,0.05
test_38,A2,test,38,53.400001525878906,533,177.3217010498047,0.34558823704719543,0.7457918524742126,28.200000762939453,81.5999984741211,81.5999984741211,620.0,True,False,0.3532578647136688,28.825841903686523,0.3532578647136688,28.82584122160665,LSTM,0,48,64,0.05
test_38,A2,test,38,53.5,534,177.3217010498047,0.3443627655506134,0.7512958645820618,28.100000381469727,81.5999984741211,81.5999984741211,620.0,True,False,0.3470177948474884,28.316652297973633,0.3470177948474884,28.31665153004792,LSTM,0,48,64,0.05
test_38,A2,test,38,53.599998474121094,535,177.3217010498047,0.343137264251709,0.7479933500289917,28.0,81.5999984741211,81.5999984741211,620.0,True,False,0.3470177948474884,28.316652297973633,0.35020461678504944,28.576696195290197,LSTM,0,48,64,0.05
test_38,A2,test,38,53.70000076293945,536,177.3217010498047,0.34191176295280457,0.7571142315864563,27.899999618530273,81.5999984741211,81.5999984741211,620.0,True,False,0.3352064788341522,27.352848052978516,0.3352064788341522,27.352848161382326,LSTM,0,48,64,0.05
test_38,A2,test,38,53.79999923706055,537,177.3217010498047,0.34068626165390015,0.7545981407165527,27.799999237060547,81.5999984741211,81.5999984741211,620.0,True,False,0.3352064788341522,27.352848052978516,0.34343889355659485,28.024613190171976,LSTM,0,48,64,0.05
test_38,A2,test,38,53.900001525878906,538,177.3217010498047,0.3394607901573181,0.7512958645820618,27.700000762939453,81.5999984741211,81.5999984741211,620.0,True,False,0.3352064788341522,27.352848052978516,0.3475002944469452,28.35602349662736,LSTM,0,48,64,0.05
test_38,A2,test,38,54.0,539,177.3217010498047,0.3382353186607361,0.747836172580719,27.600000381469727,81.5999984741211,81.5999984741211,620.0,True,False,0.3352064788341522,27.352848052978516,0.3478771150112152,28.38677205409681,LSTM,0,48,64,0.05
test_38,A2,test,38,54.099998474121094,540,177.3217010498047,0.33700981736183167,0.7457918524742126,27.5,81.5999984741211,81.5999984741211,620.0,True,False,0.3352064788341522,27.352848052978516,0.3467572033405304,28.295387263477778,LSTM,0,48,64,0.05
test_38,A2,test,38,54.20000076293945,541,177.3217010498047,0.33578431606292725,0.7567998766899109,27.399999618530273,81.5999984741211,81.5999984741211,620.0,True,False,0.33120647072792053,27.026447296142578,0.33120647072792053,27.026447506017348,LSTM,0,48,64,0.05
test_38,A2,test,38,54.29999923706055,542,177.3217010498047,0.3345588147640228,0.7479933500289917,27.299999237060547,81.5999984741211,81.5999984741211,620.0,True,False,0.33120647072792053,27.026447296142578,0.346218079328537,28.251394744921754,LSTM,0,48,64,0.05
test_38,A2,test,38,54.400001525878906,543,177.3217010498047,0.3333333432674408,0.7424893975257874,27.200000762939453,81.5999984741211,81.5999984741211,620.0,True,False,0.33120647072792053,27.026447296142578,0.34658995270729065,28.28173961206062,LSTM,0,48,64,0.05
test_38,A2,test,38,54.5,544,177.3217010498047,0.3321078419685364,0.7369853854179382,27.100000381469727,81.5999984741211,81.5999984741211,620.0,True,False,0.33120647072792053,27.026447296142578,0.3449043929576874,28.144197939064952,LSTM,0,48,64,0.05
test_38,A2,test,38,54.599998474121094,545,177.3217010498047,0.33088237047195435,0.7358846664428711,27.0,81.5999984741211,81.5999984741211,620.0,True,False,0.33120647072792053,27.026447296142578,0.3432241976261139,28.00709400257233,LSTM,0,48,64,0.05
test_38,A2,test,38,54.70000076293945,546,177.3217010498047,0.3296568691730499,0.7303807139396667,26.899999618530273,81.5999984741211,81.5999984741211,620.0,True,False,0.33120647072792053,27.026447296142578,0.3423554599285126,27.93620500777365,LSTM,0,48,64,0.05
test_38,A2,test,38,54.79999923706055,547,177.3217010498047,0.3284313678741455,0.7272354960441589,26.799999237060547,81.5999984741211,81.5999984741211,620.0,True,False,0.33120647072792053,27.026447296142578,0.3421227037906647,27.91721210728042,LSTM,0,48,64,0.05
test_38,A2,test,38,54.900001525878906,548,177.3217010498047,0.3272058963775635,0.7255057692527771,26.700000762939453,81.5999984741211,81.5999984741211,620.0,True,False,0.33120647072792053,27.026447296142578,0.33857837319374084,27.627994735979655,LSTM,0,48,64,0.05
test_38,A2,test,38,55.0,549,177.3217010498047,0.32598039507865906,0.7237759828567505,26.600000381469727,81.5999984741211,81.5999984741211,620.0,True,False,0.33120647072792053,27.026447296142578,0.33830031752586365,27.605305393905155,LSTM,0,48,64,0.05
test_38,A2,test,38,55.099998474121094,550,177.3217010498047,0.32475489377975464,0.7217316627502441,26.5,81.5999984741211,81.5999984741211,620.0,True,False,0.33120647072792053,27.026447296142578,0.3370865285396576,27.506260214482836,LSTM,0,48,64,0.05
test_38,A2,test,38,55.20000076293945,551,177.3217010498047,0.3235294222831726,0.7240903973579407,26.399999618530273,81.5999984741211,81.5999984741211,620.0,True,False,0.33120647072792053,27.026447296142578,0.3337007761001587,27.229982820585974,LSTM,0,48,64,0.05
test_38,A2,test,38,55.29999923706055,552,177.3217010498047,0.3223039209842682,0.723933219909668,26.299999237060547,81.5999984741211,81.5999984741211,620.0,True,False,0.33120647072792053,27.026447296142578,0.3312278985977173,27.028196020160067,LSTM,0,48,64,0.05
test_38,A2,test,38,55.400001525878906,553,177.3217010498047,0.32107844948768616,0.7222033143043518,26.200000762939453,81.5999984741211,81.5999984741211,620.0,True,False,0.33120647072792053,27.026447296142578,0.3323305547237396,27.11817275836097,LSTM,0,48,64,0.05
test_38,A2,test,38,55.5,554,177.3217010498047,0.31985294818878174,0.7195301055908203,26.100000381469727,81.5999984741211,81.5999984741211,620.0,True,False,0.33120647072792053,27.026447296142578,0.3325304687023163,27.13448573870778,LSTM,0,48,64,0.05
test_38,A2,test,38,55.599998474121094,555,177.3217010498047,0.3186274468898773,0.716227650642395,26.0,81.5999984741211,81.5999984741211,620.0,True,False,0.33092042803764343,27.00310707092285,0.33092042803764343,27.003106422927203,LSTM,0,48,64,0.05
test_38,A2,test,38,55.70000076293945,556,177.3217010498047,0.3174019753932953,0.7151268124580383,25.899999618530273,81.5999984741211,81.5999984741211,620.0,True,False,0.32888898253440857,26.83734130859375,0.32888898253440857,26.83734047296298,LSTM,0,48,64,0.05
test_38,A2,test,38,55.79999923706055,557,177.3217010498047,0.31617647409439087,0.7108808755874634,25.799999237060547,81.5999984741211,81.5999984741211,620.0,True,False,0.3276367485523224,26.735158920288086,0.3276367485523224,26.735158181935503,LSTM,0,48,64,0.05
test_38,A2,test,38,55.900001525878906,558,177.3217010498047,0.31495100259780884,0.7129252552986145,25.700000762939453,81.5999984741211,81.5999984741211,620.0,True,False,0.32544806599617004,26.556562423706055,0.32544806599617004,26.556561688693137,LSTM,0,48,64,0.05
test_38,A2,test,38,56.0,559,177.3217010498047,0.3137255012989044,0.7042762041091919,25.600000381469727,81.5999984741211,81.5999984741211,620.0,True,False,0.32544806599617004,26.556562423706055,0.3268679082393646,26.672420813571307,LSTM,0,48,64,0.05
test_38,A2,test,38,56.099998474121094,560,177.3217010498047,0.3125,0.6987721920013428,25.5,81.5999984741211,81.5999984741211,620.0,True,False,0.3246507942676544,26.491504669189453,0.3246507942676544,26.4915043168628,LSTM,0,48,64,0.05
test_38,A2,test,38,56.20000076293945,561,177.3217010498047,0.3112744987010956,0.6954696774482727,25.399999618530273,81.5999984741211,81.5999984741211,620.0,True,False,0.31939831376075745,26.062902450561523,0.31939831376075745,26.062901915514658,LSTM,0,48,64,0.05
test_38,A2,test,38,56.29999923706055,562,177.3217010498047,0.31004902720451355,0.6901231408119202,25.299999237060547,81.5999984741211,81.5999984741211,620.0,True,False,0.3177226483821869,25.92616844177246,0.3177226483821869,25.926167623180163,LSTM,0,48,64,0.05
test_38,A2,test,38,56.400001525878906,563,177.3217010498047,0.3088235557079315,0.6868206858634949,25.200000762939453,81.5999984741211,81.5999984741211,620.0,True,False,0.31550875306129456,25.745513916015625,0.31550875306129456,25.745513768373485,LSTM,0,48,64,0.05
test_38,A2,test,38,56.5,564,177.3217010498047,0.3075980544090271,0.6835182905197144,25.100000381469727,81.5999984741211,81.5999984741211,620.0,True,False,0.31359437108039856,25.58930015563965,0.31359437108039856,25.589300201653487,LSTM,0,48,64,0.05
test_38,A2,test,38,56.599998474121094,565,177.3217010498047,0.3063725531101227,0.6813166737556458,25.0,81.5999984741211,81.5999984741211,620.0,True,False,0.3104264438152313,25.33079719543457,0.3104264438152313,25.330797341649713,LSTM,0,48,64,0.05
test_38,A2,test,38,56.70000076293945,566,177.3217010498047,0.30514705181121826,0.6748692393302917,24.899999618530273,81.5999984741211,81.5999984741211,620.0,True,False,0.3077256381511688,25.110410690307617,0.3077256381511688,25.110411603583316,LSTM,0,48,64,0.05
test_38,A2,test,38,56.79999923706055,567,177.3217010498047,0.30392155051231384,0.6715667247772217,24.799999237060547,81.5999984741211,81.5999984741211,620.0,True,False,0.3062689006328583,24.991540908813477,0.3062689006328583,24.99154182431198,LSTM,0,48,64,0.05
test_38,A2,test,38,56.900001525878906,568,177.3217010498047,0.3026960790157318,0.667163610458374,24.700000762939453,81.5999984741211,81.5999984741211,620.0,True,False,0.30226412415504456,24.664752960205078,0.30226412415504456,24.664752069833185,LSTM,0,48,64,0.05
test_38,A2,test,38,57.0,569,177.3217010498047,0.3014706075191498,0.667163610458374,24.600000381469727,81.5999984741211,81.5999984741211,620.0,True,False,0.2994525134563446,24.43532371520996,0.2994525134563446,24.435324641109446,LSTM,0,48,64,0.05
test_38,A2,test,38,57.099998474121094,570,177.3217010498047,0.30024510622024536,0.6660627722740173,24.5,81.5999984741211,81.5999984741211,620.0,True,False,0.2973824441432953,24.266407012939453,0.2973824441432953,24.266406988323297,LSTM,0,48,64,0.05
test_38,A2,test,38,57.20000076293945,571,177.3217010498047,0.29901960492134094,0.6638612151145935,24.399999618530273,81.5999984741211,81.5999984741211,620.0,True,False,0.29653725028038025,24.197439193725586,0.29653725028038025,24.197439170399093,LSTM,0,48,64,0.05
test_38,A2,test,38,57.29999923706055,572,177.3217010498047,0.2977941036224365,0.6660627722740173,24.299999237060547,81.5999984741211,81.5999984741211,620.0,True,False,0.2932344377040863,23.927928924560547,0.2932344377040863,23.9279296692132,LSTM,0,48,64,0.05
test_38,A2,test,38,57.400001525878906,573,177.3217010498047,0.2965686321258545,0.670465886592865,24.200000762939453,81.5999984741211,81.5999984741211,620.0,True,False,0.29018452763557434,23.67905616760254,0.29018452763557434,23.679057012276417,LSTM,0,48,64,0.05
test_38,A2,test,38,57.5,574,177.3217010498047,0.29534316062927246,0.6695224642753601,24.100000381469727,81.5999984741211,81.5999984741211,620.0,True,False,0.29018452763557434,23.67905616760254,0.2914523482322693,23.782511171032183,LSTM,0,48,64,0.05
test_38,A2,test,38,57.599998474121094,575,177.3217010498047,0.29411765933036804,0.6629177331924438,24.0,81.5999984741211,81.5999984741211,620.0,True,False,0.29018452763557434,23.67905616760254,0.29318493604660034,23.92389033403788,LSTM,0,48,64,0.05
test_38,A2,test,38,57.70000076293945,576,177.3217010498047,0.2928921580314636,0.6596153378486633,23.899999618530273,81.5999984741211,81.5999984741211,620.0,True,False,0.29018452763557434,23.67905616760254,0.2921563684940338,23.83995922331792,LSTM,0,48,64,0.05
test_38,A2,test,38,57.79999923706055,577,177.3217010498047,0.2916666567325592,0.6561556458473206,23.799999237060547,81.5999984741211,81.5999984741211,620.0,True,False,0.29018452763557434,23.67905616760254,0.29098859429359436,23.744668850343942,LSTM,0,48,64,0.05
test_38,A2,test,38,57.900001525878906,578,177.3217010498047,0.2904411852359772,0.6552121639251709,23.700000762939453,81.5999984741211,81.5999984741211,620.0,True,False,0.28858044743537903,23.54816436767578,0.28858044743537903,23.54816407038811,LSTM,0,48,64,0.05
test_38,A2,test,38,58.0,579,177.3217010498047,0.28921568393707275,0.6552121639251709,23.600000381469727,81.5999984741211,81.5999984741211,620.0,True,False,0.2868126630783081,23.403913497924805,0.2868126630783081,23.40391286954855,LSTM,0,48,64,0.05
test_38,A2,test,38,58.099998474121094,580,177.3217010498047,0.2879902124404907,0.6541113257408142,23.5,81.5999984741211,81.5999984741211,620.0,True,False,0.28640276193618774,23.370464324951172,0.28640276193618774,23.370464936976987,LSTM,0,48,64,0.05
test_38,A2,test,38,58.20000076293945,581,177.3217010498047,0.2867647111415863,0.6508088707923889,23.399999618530273,81.5999984741211,81.5999984741211,620.0,True,False,0.2863064408302307,23.362606048583984,0.2863064408302307,23.362605134877867,LSTM,0,48,64,0.05
test_38,A2,test,38,58.29999923706055,582,177.3217010498047,0.2855392098426819,0.6464056968688965,23.299999237060547,81.5999984741211,81.5999984741211,620.0,True,False,0.2843228578567505,23.20074462890625,0.2843228578567505,23.20074476726859,LSTM,0,48,64,0.05
test_38,A2,test,38,58.400001525878906,583,177.3217010498047,0.28431373834609985,0.6454622745513916,23.200000762939453,81.5999984741211,81.5999984741211,620.0,True,False,0.28264594078063965,23.063907623291016,0.28264594078063965,23.063908336416716,LSTM,0,48,64,0.05
test_38,A2,test,38,58.5,584,177.3217010498047,0.28308823704719543,0.6432605385780334,23.100000381469727,81.5999984741211,81.5999984741211,620.0,True,False,0.2789521813392639,22.762496948242188,0.2789521813392639,22.762497571636686,LSTM,0,48,64,0.05
test_38,A2,test,38,58.599998474121094,585,177.3217010498047,0.281862735748291,0.6432605385780334,23.0,81.5999984741211,81.5999984741211,620.0,True,False,0.27789634466171265,22.676342010498047,0.27789634466171265,22.67634130035958,LSTM,0,48,64,0.05
test_38,A2,test,38,58.70000076293945,586,177.3217010498047,0.280637264251709,0.6453048586845398,22.899999618530273,81.5999984741211,81.5999984741211,620.0,True,False,0.27621889114379883,22.539461135864258,0.27621889114379883,22.539461095857405,LSTM,0,48,64,0.05
test_38,A2,test,38,58.79999923706055,587,177.3217010498047,0.27941176295280457,0.6432605385780334,22.799999237060547,81.5999984741211,81.5999984741211,620.0,True,False,0.27621889114379883,22.539461135864258,0.2774568498134613,22.640478521412888,LSTM,0,48,64,0.05
test_38,A2,test,38,58.900001525878906,588,177.3217010498047,0.27818629145622253,0.6421598196029663,22.700000762939453,81.5999984741211,81.5999984741211,620.0,True,False,0.27621889114379883,22.539461135864258,0.27721714973449707,22.62091899533516,LSTM,0,48,64,0.05
test_38,A2,test,38,59.0,589,177.3217010498047,0.2769607901573181,0.6421598196029663,22.600000381469727,81.5999984741211,81.5999984741211,620.0,True,False,0.2754806578159332,22.47922134399414,0.2754806578159332,22.479221257430027,LSTM,0,48,64,0.05
test_38,A2,test,38,59.099998474121094,590,177.3217010498047,0.2757352888584137,0.6432605385780334,22.5,81.5999984741211,81.5999984741211,620.0,True,False,0.27278319001197815,22.25910758972168,0.27278319001197815,22.2591078887433,LSTM,0,48,64,0.05
test_38,A2,test,38,59.20000076293945,591,177.3217010498047,0.27450981736183167,0.64011549949646,22.399999618530273,81.5999984741211,81.5999984741211,620.0,True,False,0.27278319001197815,22.25910758972168,0.27338528633117676,22.30823894747118,LSTM,0,48,64,0.05
test_38,A2,test,38,59.29999923706055,592,177.3217010498047,0.27328431606292725,0.6366558074951172,22.299999237060547,81.5999984741211,81.5999984741211,620.0,True,False,0.27278319001197815,22.25910758972168,0.2727859914302826,22.25933648447267,LSTM,0,48,64,0.05
test_38,A2,test,38,59.400001525878906,593,177.3217010498047,0.2720588445663452,0.6366558074951172,22.200000762939453,81.5999984741211,81.5999984741211,620.0,True,False,0.27175116539001465,22.174894332885742,0.27175116539001465,22.174894681165824,LSTM,0,48,64,0.05
test_38,A2,test,38,59.5,594,177.3217010498047,0.2708333432674408,0.6344543099403381,22.100000381469727,81.5999984741211,81.5999984741211,620.0,True,False,0.27175116539001465,22.174894332885742,0.27180618047714233,22.179383912191497,LSTM,0,48,64,0.05
test_38,A2,test,38,59.599998474121094,595,177.3217010498047,0.2696078419685364,0.6289502382278442,22.0,81.5999984741211,81.5999984741211,620.0,True,False,0.27175116539001465,22.174894332885742,0.27223262190818787,22.214181532314115,LSTM,0,48,64,0.05
test_38,A2,test,38,59.70000076293945,596,177.3217010498047,0.26838234066963196,0.6366558074951172,21.899999618530273,81.5999984741211,81.5999984741211,620.0,True,False,0.2678283154964447,21.85478973388672,0.2678283154964447,21.85479013583631,LSTM,0,48,64,0.05
test_38,A2,test,38,59.79999923706055,597,177.3217010498047,0.2671568691730499,0.6377566456794739,21.799999237060547,81.5999984741211,81.5999984741211,620.0,True,False,0.26656264066696167,21.751510620117188,0.26656264066696167,21.75151107168176,LSTM,0,48,64,0.05
test_38,A2,test,38,59.900001525878906,598,177.3217010498047,0.2659313976764679,0.6298937201499939,21.700000762939453,81.5999984741211,81.5999984741211,620.0,True,False,0.26656264066696167,21.751510620117188,0.2707776725292206,22.09545766521046,LSTM,0,48,64,0.05
test_38,A2,test,38,60.0,599,177.3217010498047,0.2647058963775635,0.6192004084587097,21.600000381469727,81.5999984741211,81.5999984741211,620.0,True,False,0.26656264066696167,21.751510620117188,0.2703608274459839,22.0614431070544,LSTM,0,48,64,0.05
test_38,A2,test,38,60.099998474121094,600,177.3217010498047,0.26348039507865906,0.611494779586792,21.5,81.5999984741211,81.5999984741211,620.0,True,False,0.2645977735519409,21.591176986694336,0.2645977735519409,21.591177918094218,LSTM,0,48,64,0.05
test_38,A2,test,38,60.20000076293945,601,177.3217010498047,0.26225489377975464,0.6048901081085205,21.399999618530273,81.5999984741211,81.5999984741211,620.0,True,False,0.2619629204273224,21.37617301940918,0.2619629204273224,21.376173907145812,LSTM,0,48,64,0.05
test_38,A2,test,38,60.29999923706055,602,177.3217010498047,0.2610293924808502,0.6004868149757385,21.299999237060547,81.5999984741211,81.5999984741211,620.0,True,False,0.2595013976097107,21.17531394958496,0.2595013976097107,21.175313648984684,LSTM,0,48,64,0.05
test_38,A2,test,38,60.400001525878906,603,177.3217010498047,0.2598039209842682,0.600329577922821,21.200000762939453,81.5999984741211,81.5999984741211,620.0,True,False,0.25732147693634033,20.997432708740234,0.25732147693634033,20.997432125363957,LSTM,0,48,64,0.05
test_38,A2,test,38,60.5,604,177.3217010498047,0.25857844948768616,0.6015876531600952,21.100000381469727,81.5999984741211,81.5999984741211,620.0,True,False,0.2555309236049652,20.851322174072266,0.2555309236049652,20.851322976255915,LSTM,0,48,64,0.05
test_38,A2,test,38,60.599998474121094,605,177.3217010498047,0.25735294818878174,0.5993860960006714,21.0,81.5999984741211,81.5999984741211,620.0,True,False,0.2545931041240692,20.774797439575195,0.2545931041240692,20.7747969080458,LSTM,0,48,64,0.05
test_38,A2,test,38,60.70000076293945,606,177.3217010498047,0.2561274468898773,0.5938820838928223,20.899999618530273,81.5999984741211,81.5999984741211,620.0,True,False,0.2528168559074402,20.629854202270508,0.2528168559074402,20.62985505627921,LSTM,0,48,64,0.05
test_38,A2,test,38,60.79999923706055,607,177.3217010498047,0.2549019455909729,0.5907370448112488,20.799999237060547,81.5999984741211,81.5999984741211,620.0,True,False,0.25207388401031494,20.569229125976562,0.25207388401031494,20.569228550607477,LSTM,0,48,64,0.05
test_38,A2,test,38,60.900001525878906,608,177.3217010498047,0.25367647409439087,0.5993860960006714,20.700000762939453,81.5999984741211,81.5999984741211,620.0,True,False,0.24860616028308868,20.28626251220703,0.24860616028308868,20.28626229975714,LSTM,0,48,64,0.05
test_38,A2,test,38,61.0,609,177.3217010498047,0.25245100259780884,0.5927812457084656,20.600000381469727,81.5999984741211,81.5999984741211,620.0,True,False,0.24860616028308868,20.28626251220703,0.24881379306316376,20.303205134294444,LSTM,0,48,64,0.05
test_38,A2,test,38,61.099998474121094,610,177.3217010498047,0.2512255012989044,0.5852330327033997,20.5,81.5999984741211,81.5999984741211,620.0,True,False,0.24764159321784973,20.20755386352539,0.24764159321784973,20.207553628705455,LSTM,0,48,64,0.05
test_38,A2,test,38,61.20000076293945,611,177.3217010498047,0.25,0.584132194519043,20.399999618530273,81.5999984741211,81.5999984741211,620.0,True,False,0.24560049176216125,20.041000366210938,0.24560049176216125,20.04099975303575,LSTM,0,48,64,0.05
test_38,A2,test,38,61.29999923706055,612,177.3217010498047,0.24877449870109558,0.58035808801651,20.299999237060547,81.5999984741211,81.5999984741211,620.0,True,False,0.24306918680667877,19.83444595336914,0.24306918680667877,19.834445272530843,LSTM,0,48,64,0.05
test_38,A2,test,38,61.400001525878906,613,177.3217010498047,0.24754902720451355,0.5811443328857422,20.200000762939453,81.5999984741211,81.5999984741211,620.0,True,False,0.2424159198999405,19.781139373779297,0.2424159198999405,19.781138693937805,LSTM,0,48,64,0.05
test_38,A2,test,38,61.5,614,177.3217010498047,0.24632354080677032,0.5731241703033447,20.100000381469727,81.5999984741211,81.5999984741211,620.0,True,False,0.24119220674037933,19.681283950805664,0.24119220674037933,19.681283701984853,LSTM,0,48,64,0.05
test_38,A2,test,38,61.599998474121094,615,177.3217010498047,0.2450980395078659,0.5666767358779907,20.0,81.5999984741211,81.5999984741211,620.0,True,False,0.23850871622562408,19.462310791015625,0.23850871622562408,19.462310880075506,LSTM,0,48,64,0.05
test_38,A2,test,38,61.70000076293945,616,177.3217010498047,0.24387255311012268,0.5600720047950745,19.899999618530273,81.5999984741211,81.5999984741211,620.0,True,False,0.23697155714035034,19.336877822875977,0.23697155714035034,19.336878701062687,LSTM,0,48,64,0.05
test_38,A2,test,38,61.79999923706055,617,177.3217010498047,0.24264705181121826,0.5556688904762268,19.799999237060547,81.5999984741211,81.5999984741211,620.0,True,False,0.2343015819787979,19.119009017944336,0.2343015819787979,19.119008731954068,LSTM,0,48,64,0.05
test_38,A2,test,38,61.900001525878906,618,177.3217010498047,0.24142158031463623,0.5512655377388,19.700000762939453,81.5999984741211,81.5999984741211,620.0,True,False,0.22966864705085754,18.7409610748291,0.22966864705085754,18.74096124890343,LSTM,0,48,64,0.05
test_38,A2,test,38,62.0,619,177.3217010498047,0.240196093916893,0.5468624234199524,19.600000381469727,81.5999984741211,81.5999984741211,620.0,True,False,0.22771811485290527,18.581798553466797,0.22771811485290527,18.581797824526802,LSTM,0,48,64,0.05
test_38,A2,test,38,62.099998474121094,620,177.3217010498047,0.23897059270392385,,19.5,81.5999984741211,,,False,True,,,,,LSTM,0,48,64,0.05
test_38,A2,test,38,62.20000076293945,621,177.3217010498047,0.23774507443568424,,19.39999771118164,81.5999984741211,,,False,True,,,,,LSTM,0,48,64,0.05
test_38,A2,test,38,62.30000305175781,622,177.3217010498047,0.23651955616744463,,19.29999542236328,81.5999984741211,,,False,True,,,,,LSTM,0,48,64,0.05
test_38,A2,test,38,62.40000534057617,623,177.3217010498047,0.23529403789920503,,19.199993133544922,81.5999984741211,,,False,True,,,,,LSTM,0,48,64,0.05
test_38,A2,test,38,62.50000762939453,624,177.3217010498047,0.23406851963096542,,19.099990844726562,81.5999984741211,,,False,True,,,,,LSTM,0,48,64,0.05
test_38,A2,test,38,62.60000991821289,625,177.3217010498047,0.23284300136272582,,18.999988555908203,81.5999984741211,,,False,True,,,,,LSTM,0,48,64,0.05
test_38,A2,test,38,62.70001220703125,626,177.3217010498047,0.2316174830944862,,18.899986267089844,81.5999984741211,,,False,True,,,,,LSTM,0,48,64,0.05
test_38,A2,test,38,62.80001449584961,627,177.3217010498047,0.2303919648262466,,18.799983978271484,81.5999984741211,,,False,True,,,,,LSTM,0,48,64,0.05
test_38,A2,test,38,62.90001678466797,628,177.3217010498047,0.229166446558007,,18.699981689453125,81.5999984741211,,,False,True,,,,,LSTM,0,48,64,0.05
test_38,A2,test,38,63.00001907348633,629,177.3217010498047,0.2279409282897674,,18.599979400634766,81.5999984741211,,,False,True,,,,,LSTM,0,48,64,0.05
test_38,A2,test,38,63.10002136230469,630,177.3217010498047,0.22671541002152779,,18.499977111816406,81.5999984741211,,,False,True,,,,,LSTM,0,48,64,0.05
test_38,A2,test,38,63.20002365112305,631,177.3217010498047,0.22548989175328818,,18.399974822998047,81.5999984741211,,,False,True,,,,,LSTM,0,48,64,0.05
test_38,A2,test,38,63.300025939941406,632,177.3217010498047,0.22426437348504857,,18.299972534179688,81.5999984741211,,,False,True,,,,,LSTM,0,48,64,0.05
test_38,A2,test,38,63.400028228759766,633,177.3217010498047,0.22303885521680897,,18.199970245361328,81.5999984741211,,,False,True,,,,,LSTM,0,48,64,0.05
test_38,A2,test,38,63.500030517578125,634,177.3217010498047,0.22181333694856936,,18.09996795654297,81.5999984741211,,,False,True,,,,,LSTM,0,48,64,0.05
test_38,A2,test,38,63.600032806396484,635,177.3217010498047,0.22058781868032976,,17.99996566772461,81.5999984741211,,,False,True,,,,,LSTM,0,48,64,0.05
test_38,A2,test,38,63.700035095214844,636,177.3217010498047,0.21936230041209015,,17.89996337890625,81.5999984741211,,,False,True,,,,,LSTM,0,48,64,0.05
test_38,A2,test,38,63.8000373840332,637,177.3217010498047,0.21813678214385054,,17.79996109008789,81.5999984741211,,,False,True,,,,,LSTM,0,48,64,0.05
test_38,A2,test,38,63.90003967285156,638,177.3217010498047,0.21691126387561094,,17.69995880126953,81.5999984741211,,,False,True,,,,,LSTM,0,48,64,0.05
test_38,A2,test,38,64.00004577636719,639,177.3217010498047,0.21568569885862945,,17.599952697753906,81.5999984741211,,,False,True,,,,,LSTM,0,48,64,0.05
test_38,A2,test,38,64.10004425048828,640,177.3217010498047,0.21446022733913173,,17.499954223632812,81.5999984741211,,,False,True,,,,,LSTM,0,48,64,0.05
test_38,A2,test,38,64.20004272460938,641,177.3217010498047,0.213234755819634,,17.39995574951172,81.5999984741211,,,False,True,,,,,LSTM,0,48,64,0.05
test_38,A2,test,38,64.300048828125,642,177.3217010498047,0.21200919080265251,,17.299949645996094,81.5999984741211,,,False,True,,,,,LSTM,0,48,64,0.05
test_38,A2,test,38,64.40005493164062,643,177.3217010498047,0.21078362578567103,,17.19994354248047,81.5999984741211,,,False,True,,,,,LSTM,0,48,64,0.05
test_38,A2,test,38,64.50005340576172,644,177.3217010498047,0.2095581542661733,,17.099945068359375,81.5999984741211,,,False,True,,,,,LSTM,0,48,64,0.05
test_38,A2,test,38,64.60005187988281,645,177.3217010498047,0.20833268274667557,,16.99994659423828,81.5999984741211,,,False,True,,,,,LSTM,0,48,64,0.05
test_38,A2,test,38,64.70005798339844,646,177.3217010498047,0.2071071177296941,,16.899940490722656,81.5999984741211,,,False,True,,,,,LSTM,0,48,64,0.05
test_38,A2,test,38,64.80006408691406,647,177.3217010498047,0.2058815527127126,,16.79993438720703,81.5999984741211,,,False,True,,,,,LSTM,0,48,64,0.05
test_38,A2,test,38,64.90006256103516,648,177.3217010498047,0.20465608119321488,,16.699935913085938,81.5999984741211,,,False,True,,,,,LSTM,0,48,64,0.05
test_38,A2,test,38,65.00006103515625,649,177.3217010498047,0.20343060967371715,,16.599937438964844,81.5999984741211,,,False,True,,,,,LSTM,0,48,64,0.05
test_38,A2,test,38,65.10006713867188,650,177.3217010498047,0.20220504465673567,,16.49993133544922,81.5999984741211,,,False,True,,,,,LSTM,0,48,64,0.05
test_38,A2,test,38,65.2000732421875,651,177.3217010498047,0.20097947963975418,,16.399925231933594,81.5999984741211,,,False,True,,,,,LSTM,0,48,64,0.05
test_38,A2,test,38,65.3000717163086,652,177.3217010498047,0.19975400812025645,,16.2999267578125,81.5999984741211,,,False,True,,,,,LSTM,0,48,64,0.05
test_38,A2,test,38,65.40007019042969,653,177.3217010498047,0.19852853660075873,,16.199928283691406,81.5999984741211,,,False,True,,,,,LSTM,0,48,64,0.05
test_38,A2,test,38,65.50007629394531,654,177.3217010498047,0.19730297158377724,,16.09992218017578,81.5999984741211,,,False,True,,,,,LSTM,0,48,64,0.05
test_38,A2,test,38,65.60008239746094,655,177.3217010498047,0.19607740656679576,,15.999916076660156,81.5999984741211,,,False,True,,,,,LSTM,0,48,64,0.05
test_38,A2,test,38,65.70008087158203,656,177.3217010498047,0.19485193504729803,,15.899917602539062,81.5999984741211,,,False,True,,,,,LSTM,0,48,64,0.05
test_38,A2,test,38,65.80007934570312,657,177.3217010498047,0.1936264635278003,,15.799919128417969,81.5999984741211,,,False,True,,,,,LSTM,0,48,64,0.05
test_38,A2,test,38,65.90008544921875,658,177.3217010498047,0.19240089851081882,,15.699913024902344,81.5999984741211,,,False,True,,,,,LSTM,0,48,64,0.05
test_38,A2,test,38,66.00009155273438,659,177.3217010498047,0.19117533349383733,,15.599906921386719,81.5999984741211,,,False,True,,,,,LSTM,0,48,64,0.05
test_38,A2,test,38,66.10009002685547,660,177.3217010498047,0.1899498619743396,,15.499908447265625,81.5999984741211,,,False,True,,,,,LSTM,0,48,64,0.05
test_38,A2,test,38,66.20008850097656,661,177.3217010498047,0.18872439045484188,,15.399909973144531,81.5999984741211,,,False,True,,,,,LSTM,0,48,64,0.05
test_38,A2,test,38,66.30009460449219,662,177.3217010498047,0.1874988254378604,,15.299903869628906,81.5999984741211,,,False,True,,,,,LSTM,0,48,64,0.05
test_38,A2,test,38,66.40010070800781,663,177.3217010498047,0.1862732604208789,,15.199897766113281,81.5999984741211,,,False,True,,,,,LSTM,0,48,64,0.05
test_38,A2,test,38,66.5000991821289,664,177.3217010498047,0.18504778890138118,,15.099899291992188,81.5999984741211,,,False,True,,,,,LSTM,0,48,64,0.05
test_38,A2,test,38,66.60009765625,665,177.3217010498047,0.18382231738188345,,14.999900817871094,81.5999984741211,,,False,True,,,,,LSTM,0,48,64,0.05
test_38,A2,test,38,66.70010375976562,666,177.3217010498047,0.18259675236490197,,14.899894714355469,81.5999984741211,,,False,True,,,,,LSTM,0,48,64,0.05
test_38,A2,test,38,66.80010986328125,667,177.3217010498047,0.1813711873479205,,14.799888610839844,81.5999984741211,,,False,True,,,,,LSTM,0,48,64,0.05
test_38,A2,test,38,66.90010833740234,668,177.3217010498047,0.18014571582842276,,14.69989013671875,81.5999984741211,,,False,True,,,,,LSTM,0,48,64,0.05
test_38,A2,test,38,67.00010681152344,669,177.3217010498047,0.17892024430892503,,14.599891662597656,81.5999984741211,,,False,True,,,,,LSTM,0,48,64,0.05
test_38,A2,test,38,67.10011291503906,670,177.3217010498047,0.17769467929194355,,14.499885559082031,81.5999984741211,,,False,True,,,,,LSTM,0,48,64,0.05
test_38,A2,test,38,67.20011901855469,671,177.3217010498047,0.17646911427496206,,14.399879455566406,81.5999984741211,,,False,True,,,,,LSTM,0,48,64,0.05
test_38,A2,test,38,67.30011749267578,672,177.3217010498047,0.17524364275546434,,14.299880981445312,81.5999984741211,,,False,True,,,,,LSTM,0,48,64,0.05
test_38,A2,test,38,67.40011596679688,673,177.3217010498047,0.1740181712359666,,14.199882507324219,81.5999984741211,,,False,True,,,,,LSTM,0,48,64,0.05
test_38,A2,test,38,67.5001220703125,674,177.3217010498047,0.17279260621898512,,14.099876403808594,81.5999984741211,,,False,True,,,,,LSTM,0,48,64,0.05
test_38,A2,test,38,67.60012817382812,675,177.3217010498047,0.17156704120200364,,13.999870300292969,81.5999984741211,,,False,True,,,,,LSTM,0,48,64,0.05
test_38,A2,test,38,67.70012664794922,676,177.3217010498047,0.1703415696825059,,13.899871826171875,81.5999984741211,,,False,True,,,,,LSTM,0,48,64,0.05
test_38,A2,test,38,67.80012512207031,677,177.3217010498047,0.16911609816300818,,13.799873352050781,81.5999984741211,,,False,True,,,,,LSTM,0,48,64,0.05
test_38,A2,test,38,67.90013122558594,678,177.3217010498047,0.1678905331460267,,13.699867248535156,81.5999984741211,,,False,True,,,,,LSTM,0,48,64,0.05
test_38,A2,test,38,68.00013732910156,679,177.3217010498047,0.16666496812904522,,13.599861145019531,81.5999984741211,,,False,True,,,,,LSTM,0,48,64,0.05
test_38,A2,test,38,68.10013580322266,680,177.3217010498047,0.1654394966095475,,13.499862670898438,81.5999984741211,,,False,True,,,,,LSTM,0,48,64,0.05
test_38,A2,test,38,68.20013427734375,681,177.3217010498047,0.16421402509004976,,13.399864196777344,81.5999984741211,,,False,True,,,,,LSTM,0,48,64,0.05
test_38,A2,test,38,68.30014038085938,682,177.3217010498047,0.16298846007306828,,13.299858093261719,81.5999984741211,,,False,True,,,,,LSTM,0,48,64,0.05
test_38,A2,test,38,68.400146484375,683,177.3217010498047,0.1617628950560868,,13.199851989746094,81.5999984741211,,,False,True,,,,,LSTM,0,48,64,0.05
test_38,A2,test,38,68.5001449584961,684,177.3217010498047,0.16053742353658906,,13.099853515625,81.5999984741211,,,False,True,,,,,LSTM,0,48,64,0.05
test_38,A2,test,38,68.60014343261719,685,177.3217010498047,0.15931195201709134,,12.999855041503906,81.5999984741211,,,False,True,,,,,LSTM,0,48,64,0.05
test_38,A2,test,38,68.70014953613281,686,177.3217010498047,0.15808638700010985,,12.899848937988281,81.5999984741211,,,False,True,,,,,LSTM,0,48,64,0.05
test_38,A2,test,38,68.80015563964844,687,177.3217010498047,0.15686082198312837,,12.799842834472656,81.5999984741211,,,False,True,,,,,LSTM,0,48,64,0.05
test_38,A2,test,38,68.90015411376953,688,177.3217010498047,0.15563535046363064,,12.699844360351562,81.5999984741211,,,False,True,,,,,LSTM,0,48,64,0.05
test_38,A2,test,38,69.00015258789062,689,177.3217010498047,0.1544098789441329,,12.599845886230469,81.5999984741211,,,False,True,,,,,LSTM,0,48,64,0.05
test_38,A2,test,38,69.10015869140625,690,177.3217010498047,0.15318431392715143,,12.499839782714844,81.5999984741211,,,False,True,,,,,LSTM,0,48,64,0.05
test_38,A2,test,38,69.20016479492188,691,177.3217010498047,0.15195874891016994,,12.399833679199219,81.5999984741211,,,False,True,,,,,LSTM,0,48,64,0.05
test_38,A2,test,38,69.30016326904297,692,177.3217010498047,0.15073327739067222,,12.299835205078125,81.5999984741211,,,False,True,,,,,LSTM,0,48,64,0.05
test_38,A2,test,38,69.40016174316406,693,177.3217010498047,0.1495078058711745,,12.199836730957031,81.5999984741211,,,False,True,,,,,LSTM,0,48,64,0.05
test_38,A2,test,38,69.50016784667969,694,177.3217010498047,0.148282240854193,,12.099830627441406,81.5999984741211,,,False,True,,,,,LSTM,0,48,64,0.05
test_38,A2,test,38,69.60017395019531,695,177.3217010498047,0.14705667583721152,,11.999824523925781,81.5999984741211,,,False,True,,,,,LSTM,0,48,64,0.05
test_38,A2,test,38,69.7001724243164,696,177.3217010498047,0.1458312043177138,,11.899826049804688,81.5999984741211,,,False,True,,,,,LSTM,0,48,64,0.05
test_38,A2,test,38,69.8001708984375,697,177.3217010498047,0.14460573279821606,,11.799827575683594,81.5999984741211,,,False,True,,,,,LSTM,0,48,64,0.05
test_38,A2,test,38,69.90017700195312,698,177.3217010498047,0.14338016778123458,,11.699821472167969,81.5999984741211,,,False,True,,,,,LSTM,0,48,64,0.05
test_38,A2,test,38,70.00018310546875,699,177.3217010498047,0.1421546027642531,,11.599815368652344,81.5999984741211,,,False,True,,,,,LSTM,0,48,64,0.05
test_38,A2,test,38,70.10018157958984,700,177.3217010498047,0.14092913124475537,,11.49981689453125,81.5999984741211,,,False,True,,,,,LSTM,0,48,64,0.05
test_38,A2,test,38,70.20018005371094,701,177.3217010498047,0.13970365972525764,,11.399818420410156,81.5999984741211,,,False,True,,,,,LSTM,0,48,64,0.05
test_38,A2,test,38,70.30018615722656,702,177.3217010498047,0.13847809470827616,,11.299812316894531,81.5999984741211,,,False,True,,,,,LSTM,0,48,64,0.05
test_38,A2,test,38,70.40019226074219,703,177.3217010498047,0.13725252969129467,,11.199806213378906,81.5999984741211,,,False,True,,,,,LSTM,0,48,64,0.05
test_38,A2,test,38,70.50019073486328,704,177.3217010498047,0.13602705817179694,,11.099807739257812,81.5999984741211,,,False,True,,,,,LSTM,0,48,64,0.05
test_38,A2,test,38,70.60018920898438,705,177.3217010498047,0.13480158665229922,,10.999809265136719,81.5999984741211,,,False,True,,,,,LSTM,0,48,64,0.05
test_38,A2,test,38,70.7001953125,706,177.3217010498047,0.13357602163531773,,10.899803161621094,81.5999984741211,,,False,True,,,,,LSTM,0,48,64,0.05
test_38,A2,test,38,70.80020141601562,707,177.3217010498047,0.13235045661833625,,10.799797058105469,81.5999984741211,,,False,True,,,,,LSTM,0,48,64,0.05
test_38,A2,test,38,70.90019989013672,708,177.3217010498047,0.13112498509883852,,10.699798583984375,81.5999984741211,,,False,True,,,,,LSTM,0,48,64,0.05
test_38,A2,test,38,71.00019836425781,709,177.3217010498047,0.1298995135793408,,10.599800109863281,81.5999984741211,,,False,True,,,,,LSTM,0,48,64,0.05
test_38,A2,test,38,71.10020446777344,710,177.3217010498047,0.1286739485623593,,10.499794006347656,81.5999984741211,,,False,True,,,,,LSTM,0,48,64,0.05
test_38,A2,test,38,71.20021057128906,711,177.3217010498047,0.12744838354537782,,10.399787902832031,81.5999984741211,,,False,True,,,,,LSTM,0,48,64,0.05
test_38,A2,test,38,71.30020904541016,712,177.3217010498047,0.1262229120258801,,10.299789428710938,81.5999984741211,,,False,True,,,,,LSTM,0,48,64,0.05
test_38,A2,test,38,71.40020751953125,713,177.3217010498047,0.12499744050638237,,10.199790954589844,81.5999984741211,,,False,True,,,,,LSTM,0,48,64,0.05
test_38,A2,test,38,71.50021362304688,714,177.3217010498047,0.1237718754894009,,10.099784851074219,81.5999984741211,,,False,True,,,,,LSTM,0,48,64,0.05
test_38,A2,test,38,71.6002197265625,715,177.3217010498047,0.12254631047241941,,9.999778747558594,81.5999984741211,,,False,True,,,,,LSTM,0,48,64,0.05
test_38,A2,test,38,71.7002182006836,716,177.3217010498047,0.12132083895292169,,9.8997802734375,81.5999984741211,,,False,True,,,,,LSTM,0,48,64,0.05
test_38,A2,test,38,71.80021667480469,717,177.3217010498047,0.12009536743342394,,9.799781799316406,81.5999984741211,,,False,True,,,,,LSTM,0,48,64,0.05
test_38,A2,test,38,71.90022277832031,718,177.3217010498047,0.11886980241644247,,9.699775695800781,81.5999984741211,,,False,True,,,,,LSTM,0,48,64,0.05
test_38,A2,test,38,72.00022888183594,719,177.3217010498047,0.11764423739946099,,9.599769592285156,81.5999984741211,,,False,True,,,,,LSTM,0,48,64,0.05
test_38,A2,test,38,72.10022735595703,720,177.3217010498047,0.11641876587996326,,9.499771118164062,81.5999984741211,,,False,True,,,,,LSTM,0,48,64,0.05
test_38,A2,test,38,72.20022583007812,721,177.3217010498047,0.11519329436046552,,9.399772644042969,81.5999984741211,,,False,True,,,,,LSTM,0,48,64,0.05
test_38,A2,test,38,72.30023193359375,722,177.3217010498047,0.11396772934348404,,9.299766540527344,81.5999984741211,,,False,True,,,,,LSTM,0,48,64,0.05
test_38,A2,test,38,72.40023803710938,723,177.3217010498047,0.11274216432650257,,9.199760437011719,81.5999984741211,,,False,True,,,,,LSTM,0,48,64,0.05
test_38,A2,test,38,72.50023651123047,724,177.3217010498047,0.11151669280700482,,9.099761962890625,81.5999984741211,,,False,True,,,,,LSTM,0,48,64,0.05
test_38,A2,test,38,72.60023498535156,725,177.3217010498047,0.1102912212875071,,8.999763488769531,81.5999984741211,,,False,True,,,,,LSTM,0,48,64,0.05
test_38,A2,test,38,72.70024108886719,726,177.3217010498047,0.10906565627052561,,8.899757385253906,81.5999984741211,,,False,True,,,,,LSTM,0,48,64,0.05
test_38,A2,test,38,72.80024719238281,727,177.3217010498047,0.10784009125354414,,8.799751281738281,81.5999984741211,,,False,True,,,,,LSTM,0,48,64,0.05
test_38,A2,test,38,72.9002456665039,728,177.3217010498047,0.1066146197340464,,8.699752807617188,81.5999984741211,,,False,True,,,,,LSTM,0,48,64,0.05
test_38,A2,test,38,73.000244140625,729,177.3217010498047,0.10538914821454867,,8.599754333496094,81.5999984741211,,,False,True,,,,,LSTM,0,48,64,0.05
test_38,A2,test,38,73.10025024414062,730,177.3217010498047,0.10416358319756719,,8.499748229980469,81.5999984741211,,,False,True,,,,,LSTM,0,48,64,0.05
test_38,A2,test,38,73.20025634765625,731,177.3217010498047,0.10293801818058572,,8.399742126464844,81.5999984741211,,,False,True,,,,,LSTM,0,48,64,0.05
test_38,A2,test,38,73.30025482177734,732,177.3217010498047,0.10171254666108798,,8.29974365234375,81.5999984741211,,,False,True,,,,,LSTM,0,48,64,0.05
test_38,A2,test,38,73.40025329589844,733,177.3217010498047,0.10048707514159025,,8.199745178222656,81.5999984741211,,,False,True,,,,,LSTM,0,48,64,0.05
test_38,A2,test,38,73.50025939941406,734,177.3217010498047,0.09926151012460876,,8.099739074707031,81.5999984741211,,,False,True,,,,,LSTM,0,48,64,0.05
test_38,A2,test,38,73.60026550292969,735,177.3217010498047,0.0980359451076273,,7.999732971191406,81.5999984741211,,,False,True,,,,,LSTM,0,48,64,0.05
test_38,A2,test,38,73.70026397705078,736,177.3217010498047,0.09681047358812955,,7.8997344970703125,81.5999984741211,,,False,True,,,,,LSTM,0,48,64,0.05
test_38,A2,test,38,73.80026245117188,737,177.3217010498047,0.09558500206863182,,7.799736022949219,81.5999984741211,,,False,True,,,,,LSTM,0,48,64,0.05
test_38,A2,test,38,73.9002685546875,738,177.3217010498047,0.09435943705165034,,7.699729919433594,81.5999984741211,,,False,True,,,,,LSTM,0,48,64,0.05
test_38,A2,test,38,74.00027465820312,739,177.3217010498047,0.09313387203466887,,7.599723815917969,81.5999984741211,,,False,True,,,,,LSTM,0,48,64,0.05
test_38,A2,test,38,74.10027313232422,740,177.3217010498047,0.09190840051517113,,7.499725341796875,81.5999984741211,,,False,True,,,,,LSTM,0,48,64,0.05
test_38,A2,test,38,74.20027160644531,741,177.3217010498047,0.0906829289956734,,7.399726867675781,81.5999984741211,,,False,True,,,,,LSTM,0,48,64,0.05
test_38,A2,test,38,74.30027770996094,742,177.3217010498047,0.08945736397869192,,7.299720764160156,81.5999984741211,,,False,True,,,,,LSTM,0,48,64,0.05
test_38,A2,test,38,74.40028381347656,743,177.3217010498047,0.08823179896171045,,7.199714660644531,81.5999984741211,,,False,True,,,,,LSTM,0,48,64,0.05
test_38,A2,test,38,74.50028228759766,744,177.3217010498047,0.0870063274422127,,7.0997161865234375,81.5999984741211,,,False,True,,,,,LSTM,0,48,64,0.05
test_38,A2,test,38,74.60028076171875,745,177.3217010498047,0.08578085592271498,,6.999717712402344,81.5999984741211,,,False,True,,,,,LSTM,0,48,64,0.05
test_38,A2,test,38,74.70028686523438,746,177.3217010498047,0.0845552909057335,,6.899711608886719,81.5999984741211,,,False,True,,,,,LSTM,0,48,64,0.05
test_38,A2,test,38,74.80029296875,747,177.3217010498047,0.08332972588875202,,6.799705505371094,81.5999984741211,,,False,True,,,,,LSTM,0,48,64,0.05
test_38,A2,test,38,74.9002914428711,748,177.3217010498047,0.08210425436925428,,6.69970703125,81.5999984741211,,,False,True,,,,,LSTM,0,48,64,0.05
test_38,A2,test,38,75.00028991699219,749,177.3217010498047,0.08087878284975655,,6.599708557128906,81.5999984741211,,,False,True,,,,,LSTM,0,48,64,0.05
test_38,A2,test,38,75.10029602050781,750,177.3217010498047,0.07965321783277507,,6.499702453613281,81.5999984741211,,,False,True,,,,,LSTM,0,48,64,0.05
test_38,A2,test,38,75.20030212402344,751,177.3217010498047,0.0784276528157936,,6.399696350097656,81.5999984741211,,,False,True,,,,,LSTM,0,48,64,0.05
test_38,A2,test,38,75.30030059814453,752,177.3217010498047,0.07720218129629586,,6.2996978759765625,81.5999984741211,,,False,True,,,,,LSTM,0,48,64,0.05
test_38,A2,test,38,75.40029907226562,753,177.3217010498047,0.07597670977679813,,6.199699401855469,81.5999984741211,,,False,True,,,,,LSTM,0,48,64,0.05
test_38,A2,test,38,75.50030517578125,754,177.3217010498047,0.07475114475981665,,6.099693298339844,81.5999984741211,,,False,True,,,,,LSTM,0,48,64,0.05
test_38,A2,test,38,75.60031127929688,755,177.3217010498047,0.07352557974283518,,5.999687194824219,81.5999984741211,,,False,True,,,,,LSTM,0,48,64,0.05
test_38,A2,test,38,75.70030975341797,756,177.3217010498047,0.07230010822333743,,5.899688720703125,81.5999984741211,,,False,True,,,,,LSTM,0,48,64,0.05
test_38,A2,test,38,75.80030822753906,757,177.3217010498047,0.0710746367038397,,5.799690246582031,81.5999984741211,,,False,True,,,,,LSTM,0,48,64,0.05
test_38,A2,test,38,75.90031433105469,758,177.3217010498047,0.06984907168685822,,5.699684143066406,81.5999984741211,,,False,True,,,,,LSTM,0,48,64,0.05
test_38,A2,test,38,76.00032043457031,759,177.3217010498047,0.06862350666987675,,5.599678039550781,81.5999984741211,,,False,True,,,,,LSTM,0,48,64,0.05
test_38,A2,test,38,76.1003189086914,760,177.3217010498047,0.06739803515037901,,5.4996795654296875,81.5999984741211,,,False,True,,,,,LSTM,0,48,64,0.05
test_38,A2,test,38,76.2003173828125,761,177.3217010498047,0.06617256363088128,,5.399681091308594,81.5999984741211,,,False,True,,,,,LSTM,0,48,64,0.05
test_38,A2,test,38,76.30032348632812,762,177.3217010498047,0.0649469986138998,,5.299674987792969,81.5999984741211,,,False,True,,,,,LSTM,0,48,64,0.05
test_38,A2,test,38,76.40032958984375,763,177.3217010498047,0.06372143359691833,,5.199668884277344,81.5999984741211,,,False,True,,,,,LSTM,0,48,64,0.05
test_38,A2,test,38,76.50032806396484,764,177.3217010498047,0.06249596207742059,,5.09967041015625,81.5999984741211,,,False,True,,,,,LSTM,0,48,64,0.05
test_38,A2,test,38,76.60032653808594,765,177.3217010498047,0.06127049055792286,,4.999671936035156,81.5999984741211,,,False,True,,,,,LSTM,0,48,64,0.05
test_38,A2,test,38,76.70033264160156,766,177.3217010498047,0.06004492554094138,,4.899665832519531,81.5999984741211,,,False,True,,,,,LSTM,0,48,64,0.05
test_38,A2,test,38,76.80033874511719,767,177.3217010498047,0.0588193605239599,,4.799659729003906,81.5999984741211,,,False,True,,,,,LSTM,0,48,64,0.05
test_38,A2,test,38,76.90033721923828,768,177.3217010498047,0.05759388900446217,,4.6996612548828125,81.5999984741211,,,False,True,,,,,LSTM,0,48,64,0.05
test_38,A2,test,38,77.00033569335938,769,177.3217010498047,0.056368417484964434,,4.599662780761719,81.5999984741211,,,False,True,,,,,LSTM,0,48,64,0.05
test_38,A2,test,38,77.100341796875,770,177.3217010498047,0.05514285246798296,,4.499656677246094,81.5999984741211,,,False,True,,,,,LSTM,0,48,64,0.05
test_38,A2,test,38,77.20034790039062,771,177.3217010498047,0.053917287451001474,,4.399650573730469,81.5999984741211,,,False,True,,,,,LSTM,0,48,64,0.05
test_38,A2,test,38,77.30034637451172,772,177.3217010498047,0.052691815931503745,,4.299652099609375,81.5999984741211,,,False,True,,,,,LSTM,0,48,64,0.05
test_38,A2,test,38,77.40034484863281,773,177.3217010498047,0.05146634441200601,,4.199653625488281,81.5999984741211,,,False,True,,,,,LSTM,0,48,64,0.05
test_38,A2,test,38,77.50035095214844,774,177.3217010498047,0.05024077939502453,,4.099647521972656,81.5999984741211,,,False,True,,,,,LSTM,0,48,64,0.05
test_38,A2,test,38,77.60035705566406,775,177.3217010498047,0.04901521437804305,,3.9996414184570312,81.5999984741211,,,False,True,,,,,LSTM,0,48,64,0.05
test_38,A2,test,38,77.70035552978516,776,177.3217010498047,0.04778974285854532,,3.8996429443359375,81.5999984741211,,,False,True,,,,,LSTM,0,48,64,0.05
test_38,A2,test,38,77.80035400390625,777,177.3217010498047,0.046564271339047586,,3.7996444702148438,81.5999984741211,,,False,True,,,,,LSTM,0,48,64,0.05
test_38,A2,test,38,77.90036010742188,778,177.3217010498047,0.04533870632206611,,3.6996383666992188,81.5999984741211,,,False,True,,,,,LSTM,0,48,64,0.05
test_38,A2,test,38,78.0003662109375,779,177.3217010498047,0.044113141305084626,,3.5996322631835938,81.5999984741211,,,False,True,,,,,LSTM,0,48,64,0.05
test_38,A2,test,38,78.1003646850586,780,177.3217010498047,0.0428876697855869,,3.4996337890625,81.5999984741211,,,False,True,,,,,LSTM,0,48,64,0.05
test_38,A2,test,38,78.20036315917969,781,177.3217010498047,0.04166219826608916,,3.3996353149414062,81.5999984741211,,,False,True,,,,,LSTM,0,48,64,0.05
test_38,A2,test,38,78.30036926269531,782,177.3217010498047,0.040436633249107685,,3.2996292114257812,81.5999984741211,,,False,True,,,,,LSTM,0,48,64,0.05
test_38,A2,test,38,78.40037536621094,783,177.3217010498047,0.0392110682321262,,3.1996231079101562,81.5999984741211,,,False,True,,,,,LSTM,0,48,64,0.05
test_38,A2,test,38,78.50037384033203,784,177.3217010498047,0.037985596712628474,,3.0996246337890625,81.5999984741211,,,False,True,,,,,LSTM,0,48,64,0.05
test_38,A2,test,38,78.60037231445312,785,177.3217010498047,0.03676012519313074,,2.9996261596679688,81.5999984741211,,,False,True,,,,,LSTM,0,48,64,0.05
test_38,A2,test,38,78.70037841796875,786,177.3217010498047,0.03553456017614926,,2.8996200561523438,81.5999984741211,,,False,True,,,,,LSTM,0,48,64,0.05
test_38,A2,test,38,78.80038452148438,787,177.3217010498047,0.03430899515916778,,2.7996139526367188,81.5999984741211,,,False,True,,,,,LSTM,0,48,64,0.05
test_38,A2,test,38,78.90038299560547,788,177.3217010498047,0.03308352363967005,,2.699615478515625,81.5999984741211,,,False,True,,,,,LSTM,0,48,64,0.05
test_38,A2,test,38,79.00038146972656,789,177.3217010498047,0.031858052120172314,,2.5996170043945312,81.5999984741211,,,False,True,,,,,LSTM,0,48,64,0.05
test_38,A2,test,38,79.10038757324219,790,177.3217010498047,0.030632487103190834,,2.4996109008789062,81.5999984741211,,,False,True,,,,,LSTM,0,48,64,0.05
test_38,A2,test,38,79.20039367675781,791,177.3217010498047,0.029406922086209354,,2.3996047973632812,81.5999984741211,,,False,True,,,,,LSTM,0,48,64,0.05
test_38,A2,test,38,79.3003921508789,792,177.3217010498047,0.028181450566711622,,2.2996063232421875,81.5999984741211,,,False,True,,,,,LSTM,0,48,64,0.05
test_38,A2,test,38,79.400390625,793,177.3217010498047,0.02695597904721389,,2.1996078491210938,81.5999984741211,,,False,True,,,,,LSTM,0,48,64,0.05
test_38,A2,test,38,79.50039672851562,794,177.3217010498047,0.02573041403023241,,2.0996017456054688,81.5999984741211,,,False,True,,,,,LSTM,0,48,64,0.05
test_38,A2,test,38,79.60040283203125,795,177.3217010498047,0.02450484901325093,,1.9995956420898438,81.5999984741211,,,False,True,,,,,LSTM,0,48,64,0.05
test_38,A2,test,38,79.70040130615234,796,177.3217010498047,0.0232793774937532,,1.89959716796875,81.5999984741211,,,False,True,,,,,LSTM,0,48,64,0.05
test_38,A2,test,38,79.80039978027344,797,177.3217010498047,0.022053905974255467,,1.7995986938476562,81.5999984741211,,,False,True,,,,,LSTM,0,48,64,0.05
test_38,A2,test,38,79.90040588378906,798,177.3217010498047,0.020828340957273987,,1.6995925903320312,81.5999984741211,,,False,True,,,,,LSTM,0,48,64,0.05
test_38,A2,test,38,80.00041198730469,799,177.3217010498047,0.019602775940292506,,1.5995864868164062,81.5999984741211,,,False,True,,,,,LSTM,0,48,64,0.05
test_38,A2,test,38,80.10041046142578,800,177.3217010498047,0.018377304420794775,,1.4995880126953125,81.5999984741211,,,False,True,,,,,LSTM,0,48,64,0.05
test_38,A2,test,38,80.20040893554688,801,177.3217010498047,0.017151832901297043,,1.3995895385742188,81.5999984741211,,,False,True,,,,,LSTM,0,48,64,0.05
test_38,A2,test,38,80.3004150390625,802,177.3217010498047,0.015926267884315563,,1.2995834350585938,81.5999984741211,,,False,True,,,,,LSTM,0,48,64,0.05
test_38,A2,test,38,80.40042114257812,803,177.3217010498047,0.014700702867334083,,1.1995773315429688,81.5999984741211,,,False,True,,,,,LSTM,0,48,64,0.05
test_38,A2,test,38,80.50041961669922,804,177.3217010498047,0.01347523134783635,,1.099578857421875,81.5999984741211,,,False,True,,,,,LSTM,0,48,64,0.05
test_38,A2,test,38,80.60041809082031,805,177.3217010498047,0.01224975982833862,,0.9995803833007812,81.5999984741211,,,False,True,,,,,LSTM,0,48,64,0.05
test_38,A2,test,38,80.70042419433594,806,177.3217010498047,0.011024194811357139,,0.8995742797851562,81.5999984741211,,,False,True,,,,,LSTM,0,48,64,0.05
test_38,A2,test,38,80.80043029785156,807,177.3217010498047,0.009798629794375659,,0.7995681762695312,81.5999984741211,,,False,True,,,,,LSTM,0,48,64,0.05
test_38,A2,test,38,80.90042877197266,808,177.3217010498047,0.008573158274877927,,0.6995697021484375,81.5999984741211,,,False,True,,,,,LSTM,0,48,64,0.05
test_38,A2,test,38,81.00042724609375,809,177.3217010498047,0.007347686755380196,,0.5995712280273438,81.5999984741211,,,False,True,,,,,LSTM,0,48,64,0.05
test_38,A2,test,38,81.10043334960938,810,177.3217010498047,0.006122121738398716,,0.49956512451171875,81.5999984741211,,,False,True,,,,,LSTM,0,48,64,0.05
test_38,A2,test,38,81.200439453125,811,177.3217010498047,0.004896556721417235,,0.39955902099609375,81.5999984741211,,,False,True,,,,,LSTM,0,48,64,0.05
test_38,A2,test,38,81.3004379272461,812,177.3217010498047,0.0036710852019195034,,0.299560546875,81.5999984741211,,,False,True,,,,,LSTM,0,48,64,0.05
test_38,A2,test,38,81.40043640136719,813,177.3217010498047,0.002445613682421772,,0.19956207275390625,81.5999984741211,,,False,True,,,,,LSTM,0,48,64,0.05
test_38,A2,test,38,81.50044250488281,814,177.3217010498047,0.0012200486654402912,,0.09955596923828125,81.5999984741211,,,False,True,,,,,LSTM,0,48,64,0.05
test_38,A2,test,38,81.60044860839844,815,177.3217010498047,0.0,,0.0,81.5999984741211,,,False,True,,,,,LSTM,0,48,64,0.05
test_44,A2,test,44,0.20000000298023224,0,316.9850769042969,0.9947643876075745,1.0,38.0,38.20000076293945,38.20000076293945,240.0,True,False,0.9894697666168213,37.79774475097656,0.9894697666168213,37.797745839668096,LSTM,0,48,64,0.05
test_44,A2,test,44,0.30000001192092896,1,316.9850769042969,0.9921466112136841,1.0,37.900001525878906,38.20000076293945,38.20000076293945,240.0,True,False,0.9894697666168213,37.79774475097656,0.9951257705688477,38.01380519495069,LSTM,0,48,64,0.05
test_44,A2,test,44,0.4000000059604645,2,316.9850769042969,0.9895287752151489,1.0,37.79999923706055,38.20000076293945,38.20000076293945,240.0,True,False,0.9894697666168213,37.79774475097656,1.0,38.20000076293945,LSTM,0,48,64,0.05
test_44,A2,test,44,0.5,3,316.9850769042969,0.9869109988212585,1.0,37.70000076293945,38.20000076293945,38.20000076293945,240.0,True,False,0.9894697666168213,37.79774475097656,1.0,38.20000076293945,LSTM,0,48,64,0.05
test_44,A2,test,44,0.6000000238418579,4,316.9850769042969,0.9842931628227234,1.0,37.599998474121094,38.20000076293945,38.20000076293945,240.0,True,False,0.9894697666168213,37.79774475097656,0.9963228106498718,38.059532126959084,LSTM,0,48,64,0.05
test_44,A2,test,44,0.699999988079071,5,316.9850769042969,0.981675386428833,1.0,37.5,38.20000076293945,38.20000076293945,240.0,True,False,0.9556547403335571,36.506011962890625,0.9556547403335571,36.50601180984859,LSTM,0,48,64,0.05
test_44,A2,test,44,0.800000011920929,6,316.9850769042969,0.9790576100349426,1.0,37.400001525878906,38.20000076293945,38.20000076293945,240.0,True,False,0.9556547403335571,36.506011962890625,0.9720451831817627,37.132126739154955,LSTM,0,48,64,0.05
test_44,A2,test,44,0.8999999761581421,7,316.9850769042969,0.9764397740364075,1.0,37.29999923706055,38.20000076293945,38.20000076293945,240.0,True,False,0.9556547403335571,36.506011962890625,0.9810094237327576,37.47456073504213,LSTM,0,48,64,0.05
test_44,A2,test,44,1.0,8,316.9850769042969,0.9738219976425171,1.0,37.20000076293945,38.20000076293945,38.20000076293945,240.0,True,False,0.9556547403335571,36.506011962890625,0.9809001088142395,37.47038490507134,LSTM,0,48,64,0.05
test_44,A2,test,44,1.100000023841858,9,316.9850769042969,0.9712041020393372,1.0,37.099998474121094,38.20000076293945,38.20000076293945,240.0,True,False,0.9556547403335571,36.506011962890625,0.9738351702690125,37.20050424725355,LSTM,0,48,64,0.05
test_44,A2,test,44,1.2000000476837158,10,316.9850769042969,0.9685863852500916,1.0,37.0,38.20000076293945,38.20000076293945,240.0,True,False,0.9556547403335571,36.506011962890625,0.962427020072937,36.76471290105974,LSTM,0,48,64,0.05
test_44,A2,test,44,1.2999999523162842,11,316.9850769042969,0.9659686088562012,1.0,36.900001525878906,38.20000076293945,38.20000076293945,240.0,True,False,0.951259195804596,36.33810043334961,0.951259195804596,36.338102005488736,LSTM,0,48,64,0.05
test_44,A2,test,44,1.399999976158142,12,316.9850769042969,0.963350772857666,1.0,36.79999923706055,38.20000076293945,38.20000076293945,240.0,True,False,0.939881443977356,35.903472900390625,0.939881443977356,35.90347187700763,LSTM,0,48,64,0.05
test_44,A2,test,44,1.5,13,316.9850769042969,0.9607329964637756,1.0,36.70000076293945,38.20000076293945,38.20000076293945,240.0,True,False,0.9315103888511658,35.58369827270508,0.9315103888511658,35.58369756480056,LSTM,0,48,64,0.05
test_44,A2,test,44,1.600000023841858,14,316.9850769042969,0.9581151008605957,1.0,36.599998474121094,38.20000076293945,38.20000076293945,240.0,True,False,0.9244754910469055,35.314964294433594,0.9244754910469055,35.314964463310616,LSTM,0,48,64,0.05
test_44,A2,test,44,1.7000000476837158,15,316.9850769042969,0.9554973840713501,1.0,36.5,38.20000076293945,38.20000076293945,240.0,True,False,0.9224694967269897,35.23833465576172,0.9224694967269897,35.23833547875938,LSTM,0,48,64,0.05
test_44,A2,test,44,1.7999999523162842,16,316.9850769042969,0.9528796076774597,1.0,36.400001525878906,38.20000076293945,38.20000076293945,240.0,True,False,0.9204066395759583,35.1595344543457,0.9204066395759583,35.15953433401614,LSTM,0,48,64,0.05
test_44,A2,test,44,1.899999976158142,17,316.9850769042969,0.9502617120742798,1.0,36.29999923706055,38.20000076293945,38.20000076293945,240.0,True,False,0.9186400175094604,35.09204864501953,0.9186400175094604,35.0920493697281,LSTM,0,48,64,0.05
test_44,A2,test,44,2.0,18,316.9850769042969,0.9476439952850342,1.0,36.20000076293945,38.20000076293945,38.20000076293945,240.0,True,False,0.9166101813316345,35.01451110839844,0.9166101813316345,35.01450962618651,LSTM,0,48,64,0.05
test_44,A2,test,44,2.0999999046325684,19,316.9850769042969,0.9450260996818542,1.0,36.099998474121094,38.20000076293945,38.20000076293945,240.0,True,False,0.9166101813316345,35.01451110839844,0.9170633554458618,35.031820877695736,LSTM,0,48,64,0.05
test_44,A2,test,44,2.200000047683716,20,316.9850769042969,0.9424083828926086,1.0,36.0,38.20000076293945,38.20000076293945,240.0,True,False,0.9155023694038391,34.972190856933594,0.9155023694038391,34.97219120969953,LSTM,0,48,64,0.05
test_44,A2,test,44,2.299999952316284,21,316.9850769042969,0.9397906064987183,1.0,35.900001525878906,38.20000076293945,38.20000076293945,240.0,True,False,0.9153478145599365,34.966285705566406,0.9153478145599365,34.966287214544536,LSTM,0,48,64,0.05
test_44,A2,test,44,2.4000000953674316,22,316.9850769042969,0.9371727108955383,1.0,35.79999923706055,38.20000076293945,38.20000076293945,240.0,True,False,0.9152354598045349,34.96199417114258,0.9152354598045349,34.961995262802475,LSTM,0,48,64,0.05
test_44,A2,test,44,2.5,23,316.9850769042969,0.9345549941062927,1.0,35.70000076293945,38.20000076293945,38.20000076293945,240.0,True,False,0.914337694644928,34.92770004272461,0.914337694644928,34.92770063302055,LSTM,0,48,64,0.05
test_44,A2,test,44,2.5999999046325684,24,316.9850769042969,0.9319370985031128,1.0,35.599998474121094,38.20000076293945,38.20000076293945,240.0,True,False,0.914337694644928,34.92770004272461,0.9151099920272827,34.95720239361572,LSTM,0,48,64,0.05
test_44,A2,test,44,2.700000047683716,25,316.9850769042969,0.9293193817138672,1.0,35.5,38.20000076293945,38.20000076293945,240.0,True,False,0.914337694644928,34.92770004272461,0.9144084453582764,34.93040331032444,LSTM,0,48,64,0.05
test_44,A2,test,44,2.799999952316284,26,316.9850769042969,0.9267016053199768,1.0,35.400001525878906,38.20000076293945,38.20000076293945,240.0,True,False,0.9102158546447754,34.77024459838867,0.9102158546447754,34.770246341870006,LSTM,0,48,64,0.05
test_44,A2,test,44,2.9000000953674316,27,316.9850769042969,0.9240837097167969,1.0,35.29999923706055,38.20000076293945,38.20000076293945,240.0,True,False,0.9102158546447754,34.77024459838867,0.9110742807388306,34.80303821931784,LSTM,0,48,64,0.05
test_44,A2,test,44,3.0,28,316.9850769042969,0.9214659929275513,1.0,35.20000076293945,38.20000076293945,38.20000076293945,240.0,True,False,0.9091639518737793,34.730064392089844,0.9091639518737793,34.73006365521542,LSTM,0,48,64,0.05
test_44,A2,test,44,3.0999999046325684,29,316.9850769042969,0.9188480973243713,1.0,35.099998474121094,38.20000076293945,38.20000076293945,240.0,True,False,0.9081461429595947,34.691184997558594,0.9081461429595947,34.69118335391704,LSTM,0,48,64,0.05
test_44,A2,test,44,3.200000047683716,30,316.9850769042969,0.916230320930481,1.0,35.0,38.20000076293945,38.20000076293945,240.0,True,False,0.9033464193344116,34.507835388183594,0.9033464193344116,34.50783390777315,LSTM,0,48,64,0.05
test_44,A2,test,44,3.299999952316284,31,316.9850769042969,0.9136126041412354,1.0,34.900001525878906,38.20000076293945,38.20000076293945,240.0,True,False,0.897251546382904,34.27500915527344,0.897251546382904,34.27500975637554,LSTM,0,48,64,0.05
test_44,A2,test,44,3.4000000953674316,32,316.9850769042969,0.9109947085380554,1.0,34.79999923706055,38.20000076293945,38.20000076293945,240.0,True,False,0.8964853286743164,34.2457389831543,0.8964853286743164,34.24574023932291,LSTM,0,48,64,0.05
test_44,A2,test,44,3.5,33,316.9850769042969,0.9083769917488098,1.0,34.70000076293945,38.20000076293945,38.20000076293945,240.0,True,False,0.8915189504623413,34.056026458740234,0.8915189504623413,34.05602458783642,LSTM,0,48,64,0.05
test_44,A2,test,44,3.5999999046325684,34,316.9850769042969,0.9057590961456299,1.0,34.599998474121094,38.20000076293945,38.20000076293945,240.0,True,False,0.8873100280761719,33.89524459838867,0.8873100280761719,33.89524374947359,LSTM,0,48,64,0.05
test_44,A2,test,44,3.700000047683716,35,316.9850769042969,0.9031413197517395,1.0,34.5,38.20000076293945,38.20000076293945,240.0,True,False,0.8828645944595337,33.72542953491211,0.8828645944595337,33.72542818192642,LSTM,0,48,64,0.05
test_44,A2,test,44,3.799999952316284,36,316.9850769042969,0.9005236029624939,1.0,34.400001525878906,38.20000076293945,38.20000076293945,240.0,True,False,0.879332959651947,33.590518951416016,0.879332959651947,33.590519729582184,LSTM,0,48,64,0.05
test_44,A2,test,44,3.9000000953674316,37,316.9850769042969,0.897905707359314,1.0,34.29999923706055,38.20000076293945,38.20000076293945,240.0,True,False,0.8745977878570557,33.409637451171875,0.8745977878570557,33.409636163404684,LSTM,0,48,64,0.05
test_44,A2,test,44,4.0,38,316.9850769042969,0.8952879309654236,1.0,34.20000076293945,38.20000076293945,38.20000076293945,240.0,True,False,0.8683092594146729,33.16941452026367,0.8683092594146729,33.169414372107894,LSTM,0,48,64,0.05
test_44,A2,test,44,4.099999904632568,39,316.9850769042969,0.8926700949668884,1.0,34.099998474121094,38.20000076293945,38.20000076293945,240.0,True,False,0.8620696067810059,32.931060791015625,0.8620696067810059,32.93105963674134,LSTM,0,48,64,0.05
test_44,A2,test,44,4.199999809265137,40,316.9850769042969,0.890052318572998,1.0,34.0,38.20000076293945,38.20000076293945,240.0,True,False,0.8589524626731873,32.81198501586914,0.8589524626731873,32.811984729444475,LSTM,0,48,64,0.05
test_44,A2,test,44,4.300000190734863,41,316.9850769042969,0.8874346017837524,1.0,33.900001525878906,38.20000076293945,38.20000076293945,240.0,True,False,0.8535875678062439,32.6070442199707,0.8535875678062439,32.60704574143415,LSTM,0,48,64,0.05
test_44,A2,test,44,4.400000095367432,42,316.9850769042969,0.8848167061805725,1.0,33.79999923706055,38.20000076293945,38.20000076293945,240.0,True,False,0.8454713821411133,32.2970085144043,0.8454713821411133,32.297007442834,LSTM,0,48,64,0.05
test_44,A2,test,44,4.5,43,316.9850769042969,0.8821989297866821,1.0,33.70000076293945,38.20000076293945,38.20000076293945,240.0,True,False,0.838800847530365,32.04219436645508,0.838800847530365,32.0421930156142,LSTM,0,48,64,0.05
test_44,A2,test,44,4.599999904632568,44,316.9850769042969,0.879581093788147,1.0,33.599998474121094,38.20000076293945,38.20000076293945,240.0,True,False,0.8312205672264099,31.752626419067383,0.8312205672264099,31.752626302219824,LSTM,0,48,64,0.05
test_44,A2,test,44,4.699999809265137,45,316.9850769042969,0.8769633173942566,1.0,33.5,38.20000076293945,38.20000076293945,240.0,True,False,0.8249524831771851,31.513185501098633,0.8249524831771851,31.513185486757266,LSTM,0,48,64,0.05
test_44,A2,test,44,4.800000190734863,46,316.9850769042969,0.874345600605011,1.0,33.400001525878906,38.20000076293945,38.20000076293945,240.0,True,False,0.8194780349731445,31.304061889648438,0.8194780349731445,31.304061561186245,LSTM,0,48,64,0.05
test_44,A2,test,44,4.900000095367432,47,316.9850769042969,0.871727705001831,1.0,33.29999923706055,38.20000076293945,38.20000076293945,240.0,True,False,0.8141166567802429,31.09925651550293,0.8141166567802429,31.099256910126996,LSTM,0,48,64,0.05
test_44,A2,test,44,5.0,48,316.9850769042969,0.8691099286079407,1.0,33.20000076293945,38.20000076293945,38.20000076293945,240.0,True,False,0.8095625042915344,30.925289154052734,0.8095625042915344,30.92528828158379,LSTM,0,48,64,0.05
test_44,A2,test,44,5.099999904632568,49,316.9850769042969,0.8664920926094055,1.0,33.099998474121094,38.20000076293945,38.20000076293945,240.0,True,False,0.8067919015884399,30.81945037841797,0.8067919015884399,30.819451256211778,LSTM,0,48,64,0.05
test_44,A2,test,44,5.199999809265137,50,316.9850769042969,0.8638743162155151,1.0,33.0,38.20000076293945,38.20000076293945,240.0,True,False,0.8067919015884399,30.81945037841797,0.8077894449234009,30.85755741236835,LSTM,0,48,64,0.05
test_44,A2,test,44,5.300000190734863,51,316.9850769042969,0.8612565398216248,1.0,32.900001525878906,38.20000076293945,38.20000076293945,240.0,True,False,0.8067919015884399,30.81945037841797,0.8087952136993408,30.895977780376597,LSTM,0,48,64,0.05
test_44,A2,test,44,5.400000095367432,52,316.9850769042969,0.8586387038230896,1.0,32.79999923706055,38.20000076293945,38.20000076293945,240.0,True,False,0.8067919015884399,30.81945037841797,0.8101638555526733,30.94825990021809,LSTM,0,48,64,0.05
test_44,A2,test,44,5.5,53,316.9850769042969,0.8560209274291992,1.0,32.70000076293945,38.20000076293945,38.20000076293945,240.0,True,False,0.7992277145385742,30.530498504638672,0.7992277145385742,30.53049930513589,LSTM,0,48,64,0.05
test_44,A2,test,44,5.599999904632568,54,316.9850769042969,0.8534030914306641,1.0,32.599998474121094,38.20000076293945,38.20000076293945,240.0,True,False,0.7958909273147583,30.403034210205078,0.7958909273147583,30.403034030640356,LSTM,0,48,64,0.05
test_44,A2,test,44,5.699999809265137,55,316.9850769042969,0.8507853150367737,1.0,32.5,38.20000076293945,38.20000076293945,240.0,True,False,0.7956025004386902,30.39201545715332,0.7956025004386902,30.3920161237545,LSTM,0,48,64,0.05
test_44,A2,test,44,5.800000190734863,56,316.9850769042969,0.8481675386428833,1.0,32.400001525878906,38.20000076293945,38.20000076293945,240.0,True,False,0.7956025004386902,30.39201545715332,0.7961572408676147,30.413207208562653,LSTM,0,48,64,0.05
test_44,A2,test,44,5.900000095367432,57,316.9850769042969,0.8455497026443481,1.0,32.29999923706055,38.20000076293945,38.20000076293945,240.0,True,False,0.7956025004386902,30.39201545715332,0.7956163883209229,30.392546640866385,LSTM,0,48,64,0.05
test_44,A2,test,44,6.0,58,316.9850769042969,0.8429319262504578,1.0,32.20000076293945,38.20000076293945,38.20000076293945,240.0,True,False,0.7956025004386902,30.39201545715332,0.7970484495162964,30.44725137962223,LSTM,0,48,64,0.05
test_44,A2,test,44,6.099999904632568,59,316.9850769042969,0.8403140902519226,1.0,32.099998474121094,38.20000076293945,38.20000076293945,240.0,True,False,0.7956025004386902,30.39201545715332,0.7976287603378296,30.46941925344754,LSTM,0,48,64,0.05
test_44,A2,test,44,6.199999809265137,60,316.9850769042969,0.8376963138580322,1.0,32.0,38.20000076293945,38.20000076293945,240.0,True,False,0.7956025004386902,30.39201545715332,0.7988848090171814,30.51740031395707,LSTM,0,48,64,0.05
test_44,A2,test,44,6.300000190734863,61,316.9850769042969,0.8350784778594971,1.0,31.899999618530273,38.20000076293945,38.20000076293945,240.0,True,False,0.7956025004386902,30.39201545715332,0.7977209091186523,30.472939336945274,LSTM,0,48,64,0.05
test_44,A2,test,44,6.400000095367432,62,316.9850769042969,0.8324607014656067,1.0,31.799999237060547,38.20000076293945,38.20000076293945,240.0,True,False,0.7956025004386902,30.39201545715332,0.79823899269104,30.49273012980575,LSTM,0,48,64,0.05
test_44,A2,test,44,6.5,63,316.9850769042969,0.8298429250717163,1.0,31.700000762939453,38.20000076293945,38.20000076293945,240.0,True,False,0.7956025004386902,30.39201545715332,0.7980904579162598,30.48705610129582,LSTM,0,48,64,0.05
test_44,A2,test,44,6.599999904632568,64,316.9850769042969,0.8272251486778259,1.0,31.600000381469727,38.20000076293945,38.20000076293945,240.0,True,False,0.7956025004386902,30.39201545715332,0.795818030834198,30.400249385027337,LSTM,0,48,64,0.05
test_44,A2,test,44,6.699999809265137,65,316.9850769042969,0.8246073126792908,1.0,31.5,38.20000076293945,38.20000076293945,240.0,True,False,0.7956025004386902,30.39201545715332,0.7964084148406982,30.422802054526073,LSTM,0,48,64,0.05
test_44,A2,test,44,6.800000190734863,66,316.9850769042969,0.8219894766807556,1.0,31.399999618530273,38.20000076293945,38.20000076293945,240.0,True,False,0.7956025004386902,30.39201545715332,0.8012750744819641,30.608708456535396,LSTM,0,48,64,0.05
test_44,A2,test,44,6.900000095367432,67,316.9850769042969,0.8193717002868652,1.0,31.299999237060547,38.20000076293945,38.20000076293945,240.0,True,False,0.7956025004386902,30.39201545715332,0.80272376537323,30.664048449687016,LSTM,0,48,64,0.05
test_44,A2,test,44,7.0,68,316.9850769042969,0.8167539238929749,1.0,31.200000762939453,38.20000076293945,38.20000076293945,240.0,True,False,0.7956025004386902,30.39201545715332,0.8005958199501038,30.5827609329001,LSTM,0,48,64,0.05
test_44,A2,test,44,7.099999904632568,69,316.9850769042969,0.8141361474990845,1.0,31.100000381469727,38.20000076293945,38.20000076293945,240.0,True,False,0.7956025004386902,30.39201545715332,0.7996014356613159,30.54477545230975,LSTM,0,48,64,0.05
test_44,A2,test,44,7.199999809265137,70,316.9850769042969,0.8115183115005493,1.0,31.0,38.20000076293945,38.20000076293945,240.0,True,False,0.7956025004386902,30.39201545715332,0.7981585264205933,30.489656318213292,LSTM,0,48,64,0.05
test_44,A2,test,44,7.300000190734863,71,316.9850769042969,0.8089004755020142,1.0,30.899999618530273,38.20000076293945,38.20000076293945,240.0,True,False,0.7956025004386902,30.39201545715332,0.7959075570106506,30.40366928503613,LSTM,0,48,64,0.05
test_44,A2,test,44,7.400000095367432,72,316.9850769042969,0.8062826991081238,1.0,30.799999237060547,38.20000076293945,38.20000076293945,240.0,True,False,0.7933629751205444,30.306467056274414,0.7933629751205444,30.30646625489271,LSTM,0,48,64,0.05
test_44,A2,test,44,7.5,73,316.9850769042969,0.8036649227142334,1.0,30.700000762939453,38.20000076293945,38.20000076293945,240.0,True,False,0.7933629751205444,30.306467056274414,0.7954235076904297,30.38517860063439,LSTM,0,48,64,0.05
test_44,A2,test,44,7.599999904632568,74,316.9850769042969,0.8010470867156982,1.0,30.600000381469727,38.20000076293945,38.20000076293945,240.0,True,False,0.7933629751205444,30.306467056274414,0.7938879728317261,30.326521167860392,LSTM,0,48,64,0.05
test_44,A2,test,44,7.699999809265137,75,316.9850769042969,0.7984293103218079,1.0,30.5,38.20000076293945,38.20000076293945,240.0,True,False,0.7933629751205444,30.306467056274414,0.7954875826835632,30.387626265420977,LSTM,0,48,64,0.05
test_44,A2,test,44,7.800000190734863,76,316.9850769042969,0.7958114743232727,1.0,30.399999618530273,38.20000076293945,38.20000076293945,240.0,True,False,0.7933629751205444,30.306467056274414,0.798265814781189,30.493754733669903,LSTM,0,48,64,0.05
test_44,A2,test,44,7.900000095367432,77,316.9850769042969,0.7931936979293823,1.0,30.299999237060547,38.20000076293945,38.20000076293945,240.0,True,False,0.7933629751205444,30.306467056274414,0.7954208850860596,30.38507841714545,LSTM,0,48,64,0.05
test_44,A2,test,44,8.0,78,316.9850769042969,0.7905759215354919,1.0,30.200000762939453,38.20000076293945,38.20000076293945,240.0,True,False,0.7933629751205444,30.306467056274414,0.7963396310806274,30.42017451483889,LSTM,0,48,64,0.05
test_44,A2,test,44,8.100000381469727,79,316.9850769042969,0.7879580855369568,1.0,30.100000381469727,38.20000076293945,38.20000076293945,240.0,True,False,0.7933629751205444,30.306467056274414,0.7982445955276489,30.492944158168484,LSTM,0,48,64,0.05
test_44,A2,test,44,8.199999809265137,80,316.9850769042969,0.7853403091430664,1.0,30.0,38.20000076293945,38.20000076293945,240.0,True,False,0.7933629751205444,30.306467056274414,0.7982854247093201,30.494503832939472,LSTM,0,48,64,0.05
test_44,A2,test,44,8.300000190734863,81,316.9850769042969,0.7827224731445312,1.0,29.899999618530273,38.20000076293945,38.20000076293945,240.0,True,False,0.7933629751205444,30.306467056274414,0.7969316244125366,30.442788660569477,LSTM,0,48,64,0.05
test_44,A2,test,44,8.399999618530273,82,316.9850769042969,0.7801046967506409,1.0,29.799999237060547,38.20000076293945,38.20000076293945,240.0,True,False,0.7933629751205444,30.306467056274414,0.7965400218963623,30.42782944415285,LSTM,0,48,64,0.05
test_44,A2,test,44,8.5,83,316.9850769042969,0.7774869203567505,1.0,29.700000762939453,38.20000076293945,38.20000076293945,240.0,True,False,0.7933629751205444,30.306467056274414,0.7959145307540894,30.40393568204081,LSTM,0,48,64,0.05
test_44,A2,test,44,8.600000381469727,84,316.9850769042969,0.7748690843582153,1.0,29.600000381469727,38.20000076293945,38.20000076293945,240.0,True,False,0.7933629751205444,30.306467056274414,0.7965163588523865,30.42692551585492,LSTM,0,48,64,0.05
test_44,A2,test,44,8.699999809265137,85,316.9850769042969,0.772251307964325,1.0,29.5,38.20000076293945,38.20000076293945,240.0,True,False,0.7933629751205444,30.306467056274414,0.7958914637565613,30.40305452271764,LSTM,0,48,64,0.05
test_44,A2,test,44,8.800000190734863,86,316.9850769042969,0.7696334719657898,1.0,29.399999618530273,38.20000076293945,38.20000076293945,240.0,True,False,0.7933629751205444,30.306467056274414,0.7947662472724915,30.3600712521677,LSTM,0,48,64,0.05
test_44,A2,test,44,8.899999618530273,87,316.9850769042969,0.7670156955718994,1.0,29.299999237060547,38.20000076293945,38.20000076293945,240.0,True,False,0.7918758988380432,30.24966049194336,0.7918758988380432,30.249659939766616,LSTM,0,48,64,0.05
test_44,A2,test,44,9.0,88,316.9850769042969,0.764397919178009,1.0,29.200000762939453,38.20000076293945,38.20000076293945,240.0,True,False,0.7918758988380432,30.24966049194336,0.7920982837677002,30.25815504424918,LSTM,0,48,64,0.05
test_44,A2,test,44,9.100000381469727,89,316.9850769042969,0.7617800831794739,1.0,29.100000381469727,38.20000076293945,38.20000076293945,240.0,True,False,0.7918758988380432,30.24966049194336,0.793146014213562,30.298178348080455,LSTM,0,48,64,0.05
test_44,A2,test,44,9.199999809265137,90,316.9850769042969,0.7591623067855835,1.0,29.0,38.20000076293945,38.20000076293945,240.0,True,False,0.7908023595809937,30.208650588989258,0.7908023595809937,30.208650739328277,LSTM,0,48,64,0.05
test_44,A2,test,44,9.300000190734863,91,316.9850769042969,0.7565444707870483,1.0,28.899999618530273,38.20000076293945,38.20000076293945,240.0,True,False,0.7908023595809937,30.208650588989258,0.7920230627059937,30.2552815996346,LSTM,0,48,64,0.05
test_44,A2,test,44,9.399999618530273,92,316.9850769042969,0.753926694393158,1.0,28.799999237060547,38.20000076293945,38.20000076293945,240.0,True,False,0.7908023595809937,30.208650588989258,0.7913007140159607,30.227687879124232,LSTM,0,48,64,0.05
test_44,A2,test,44,9.5,93,316.9850769042969,0.7513089179992676,1.0,28.700000762939453,38.20000076293945,38.20000076293945,240.0,True,False,0.7908023595809937,30.208650588989258,0.7941938042640686,30.338203928809207,LSTM,0,48,64,0.05
test_44,A2,test,44,9.600000381469727,94,316.9850769042969,0.7486910820007324,1.0,28.600000381469727,38.20000076293945,38.20000076293945,240.0,True,False,0.7908023595809937,30.208650588989258,0.7925775051116943,30.276461299955372,LSTM,0,48,64,0.05
test_44,A2,test,44,9.699999809265137,95,316.9850769042969,0.746073305606842,1.0,28.5,38.20000076293945,38.20000076293945,240.0,True,False,0.7908023595809937,30.208650588989258,0.7925500273704529,30.275411650218985,LSTM,0,48,64,0.05
test_44,A2,test,44,9.800000190734863,96,316.9850769042969,0.7434554696083069,1.0,28.399999618530273,38.20000076293945,38.20000076293945,240.0,True,False,0.7908023595809937,30.208650588989258,0.7942533493041992,30.340478549387626,LSTM,0,48,64,0.05
test_44,A2,test,44,9.899999618530273,97,316.9850769042969,0.7408376336097717,1.0,28.299999237060547,38.20000076293945,38.20000076293945,240.0,True,False,0.7908023595809937,30.208650588989258,0.791437566280365,30.232915635728887,LSTM,0,48,64,0.05
test_44,A2,test,44,10.0,98,316.9850769042969,0.7382199168205261,1.0,28.200000762939453,38.20000076293945,38.20000076293945,240.0,True,False,0.7894790172576904,30.158098220825195,0.7894790172576904,30.158099061568464,LSTM,0,48,64,0.05
test_44,A2,test,44,10.100000381469727,99,316.9850769042969,0.735602080821991,1.0,28.100000381469727,38.20000076293945,38.20000076293945,240.0,True,False,0.7894790172576904,30.158098220825195,0.7905479669570923,30.19893294090116,LSTM,0,48,64,0.05
test_44,A2,test,44,10.199999809265137,100,316.9850769042969,0.7329843044281006,1.0,28.0,38.20000076293945,38.20000076293945,240.0,True,False,0.7894790172576904,30.158098220825195,0.7905046939849854,30.19727991333366,LSTM,0,48,64,0.05
test_44,A2,test,44,10.300000190734863,101,316.9850769042969,0.7303664684295654,1.0,27.899999618530273,38.20000076293945,38.20000076293945,240.0,True,False,0.7894790172576904,30.158098220825195,0.79197758436203,30.253544326860492,LSTM,0,48,64,0.05
test_44,A2,test,44,10.399999618530273,102,316.9850769042969,0.7277486324310303,1.0,27.799999237060547,38.20000076293945,38.20000076293945,240.0,True,False,0.7894790172576904,30.158098220825195,0.7932153940200806,30.300828656742397,LSTM,0,48,64,0.05
test_44,A2,test,44,10.5,103,316.9850769042969,0.7251309156417847,1.0,27.700000762939453,38.20000076293945,38.20000076293945,240.0,True,False,0.7894790172576904,30.158098220825195,0.7907543778419495,30.206817836860182,LSTM,0,48,64,0.05
test_44,A2,test,44,10.600000381469727,104,316.9850769042969,0.7225130796432495,1.0,27.600000381469727,38.20000076293945,38.20000076293945,240.0,True,False,0.7894790172576904,30.158098220825195,0.7916072607040405,30.23939796284276,LSTM,0,48,64,0.05
test_44,A2,test,44,10.699999809265137,105,316.9850769042969,0.7198953032493591,1.0,27.5,38.20000076293945,38.20000076293945,240.0,True,False,0.7894790172576904,30.158098220825195,0.7920173406600952,30.255063017476914,LSTM,0,48,64,0.05
test_44,A2,test,44,10.800000190734863,106,316.9850769042969,0.717277467250824,1.0,27.399999618530273,38.20000076293945,38.20000076293945,240.0,True,False,0.7893663644790649,30.15379524230957,0.7893663644790649,30.153795725339023,LSTM,0,48,64,0.05
test_44,A2,test,44,10.899999618530273,107,316.9850769042969,0.7146596312522888,1.0,27.299999237060547,38.20000076293945,38.20000076293945,240.0,True,False,0.7893663644790649,30.15379524230957,0.7895880937576294,30.16226578394935,LSTM,0,48,64,0.05
test_44,A2,test,44,11.0,108,316.9850769042969,0.7120419144630432,1.0,27.200000762939453,38.20000076293945,38.20000076293945,240.0,True,False,0.7893663644790649,30.15379524230957,0.7911803722381592,30.2230908231204,LSTM,0,48,64,0.05
test_44,A2,test,44,11.100000381469727,109,316.9850769042969,0.7094240784645081,1.0,27.100000381469727,38.20000076293945,38.20000076293945,240.0,True,False,0.7893663644790649,30.15379524230957,0.7941766977310181,30.337550459233626,LSTM,0,48,64,0.05
test_44,A2,test,44,11.199999809265137,110,316.9850769042969,0.7068062424659729,1.0,27.0,38.20000076293945,38.20000076293945,240.0,True,False,0.7893663644790649,30.15379524230957,0.7900897860527039,30.181430430003957,LSTM,0,48,64,0.05
test_44,A2,test,44,11.300000190734863,111,316.9850769042969,0.7041884660720825,1.0,26.899999618530273,38.20000076293945,38.20000076293945,240.0,True,False,0.7881503105163574,30.107341766357422,0.7881503105163574,30.10734246303582,LSTM,0,48,64,0.05
test_44,A2,test,44,11.399999618530273,112,316.9850769042969,0.7015706300735474,1.0,26.799999237060547,38.20000076293945,38.20000076293945,240.0,True,False,0.787429928779602,30.079824447631836,0.787429928779602,30.079823880142158,LSTM,0,48,64,0.05
test_44,A2,test,44,11.5,113,316.9850769042969,0.6989529132843018,1.0,26.700000762939453,38.20000076293945,38.20000076293945,240.0,True,False,0.787429928779602,30.079824447631836,0.7915129661560059,30.235795911035893,LSTM,0,48,64,0.05
test_44,A2,test,44,11.600000381469727,114,316.9850769042969,0.6963350772857666,1.0,26.600000381469727,38.20000076293945,38.20000076293945,240.0,True,False,0.787429928779602,30.079824447631836,0.7951520681381226,30.374809609529166,LSTM,0,48,64,0.05
test_44,A2,test,44,11.699999809265137,115,316.9850769042969,0.6937172412872314,1.0,26.5,38.20000076293945,38.20000076293945,240.0,True,False,0.787429928779602,30.079824447631836,0.7938737869262695,30.32597926626113,LSTM,0,48,64,0.05
test_44,A2,test,44,11.800000190734863,116,316.9850769042969,0.6910994648933411,1.0,26.399999618530273,38.20000076293945,38.20000076293945,240.0,True,False,0.787429928779602,30.079824447631836,0.7928694486618042,30.287613543792304,LSTM,0,48,64,0.05
test_44,A2,test,44,11.899999618530273,117,316.9850769042969,0.6884816288948059,1.0,26.299999237060547,38.20000076293945,38.20000076293945,240.0,True,False,0.787429928779602,30.079824447631836,0.7921326160430908,30.259466537195294,LSTM,0,48,64,0.05
test_44,A2,test,44,12.0,118,316.9850769042969,0.6858638525009155,1.0,26.200000762939453,38.20000076293945,38.20000076293945,240.0,True,False,0.787429928779602,30.079824447631836,0.793326199054718,30.305061409150085,LSTM,0,48,64,0.05
test_44,A2,test,44,12.100000381469727,119,316.9850769042969,0.6832460761070251,1.0,26.100000381469727,38.20000076293945,38.20000076293945,240.0,True,False,0.787429928779602,30.079824447631836,0.7955085039138794,30.388425456435016,LSTM,0,48,64,0.05
test_44,A2,test,44,12.199999809265137,120,316.9850769042969,0.68062824010849,1.0,26.0,38.20000076293945,38.20000076293945,240.0,True,False,0.787429928779602,30.079824447631836,0.789018452167511,30.140505474772226,LSTM,0,48,64,0.05
test_44,A2,test,44,12.300000190734863,121,316.9850769042969,0.6780104637145996,1.0,25.899999618530273,38.20000076293945,38.20000076293945,240.0,True,False,0.7838222980499268,29.942012786865234,0.7838222980499268,29.942012383516158,LSTM,0,48,64,0.05
test_44,A2,test,44,12.399999618530273,122,316.9850769042969,0.6753926277160645,1.0,25.799999237060547,38.20000076293945,38.20000076293945,240.0,True,False,0.7810382843017578,29.835662841796875,0.7810382843017578,29.83566305621207,LSTM,0,48,64,0.05
test_44,A2,test,44,12.5,123,316.9850769042969,0.6727748513221741,1.0,25.700000762939453,38.20000076293945,38.20000076293945,240.0,True,False,0.7793262600898743,29.770263671875,0.7793262600898743,29.770263730011948,LSTM,0,48,64,0.05
test_44,A2,test,44,12.600000381469727,124,316.9850769042969,0.6701570749282837,1.0,25.600000381469727,38.20000076293945,38.20000076293945,240.0,True,False,0.7781821489334106,29.726558685302734,0.7781821489334106,29.72655868296215,LSTM,0,48,64,0.05
test_44,A2,test,44,12.699999809265137,125,316.9850769042969,0.6675392389297485,1.0,25.5,38.20000076293945,38.20000076293945,240.0,True,False,0.7781821489334106,29.726558685302734,0.778194010257721,29.727011785559853,LSTM,0,48,64,0.05
test_44,A2,test,44,12.800000190734863,126,316.9850769042969,0.6649214625358582,1.0,25.399999618530273,38.20000076293945,38.20000076293945,240.0,True,False,0.7781821489334106,29.726558685302734,0.7792396545410156,29.766955397979473,LSTM,0,48,64,0.05
test_44,A2,test,44,12.899999618530273,127,316.9850769042969,0.662303626537323,1.0,25.299999237060547,38.20000076293945,38.20000076293945,240.0,True,False,0.7781821489334106,29.726558685302734,0.7791910171508789,29.765097449639143,LSTM,0,48,64,0.05
test_44,A2,test,44,13.0,128,316.9850769042969,0.6596858501434326,1.0,25.200000762939453,38.20000076293945,38.20000076293945,240.0,True,False,0.7781821489334106,29.726558685302734,0.7799394726753235,29.793688451243952,LSTM,0,48,64,0.05
test_44,A2,test,44,13.100000381469727,129,316.9850769042969,0.6570680737495422,1.0,25.100000381469727,38.20000076293945,38.20000076293945,240.0,True,False,0.7781821489334106,29.726558685302734,0.7824468612670898,29.889470697362412,LSTM,0,48,64,0.05
test_44,A2,test,44,13.199999809265137,130,316.9850769042969,0.6544502377510071,1.0,25.0,38.20000076293945,38.20000076293945,240.0,True,False,0.7781821489334106,29.726558685302734,0.7817590236663818,29.863195300490588,LSTM,0,48,64,0.05
test_44,A2,test,44,13.300000190734863,131,316.9850769042969,0.6518324613571167,1.0,24.899999618530273,38.20000076293945,38.20000076293945,240.0,True,False,0.7665103673934937,29.280696868896484,0.7665103673934937,29.280696619232458,LSTM,0,48,64,0.05
test_44,A2,test,44,13.399999618530273,132,316.9850769042969,0.6492146253585815,1.0,24.799999237060547,38.20000076293945,38.20000076293945,240.0,True,False,0.7534888982772827,28.783275604248047,0.7534888982772827,28.783276489058608,LSTM,0,48,64,0.05
test_44,A2,test,44,13.5,133,316.9850769042969,0.6465968489646912,1.0,24.700000762939453,38.20000076293945,38.20000076293945,240.0,True,False,0.7470271587371826,28.53643798828125,0.7470271587371826,28.536438033696868,LSTM,0,48,64,0.05
test_44,A2,test,44,13.600000381469727,134,316.9850769042969,0.6439790725708008,1.0,24.600000381469727,38.20000076293945,38.20000076293945,240.0,True,False,0.7414155602455139,28.32207489013672,0.7414155602455139,28.322074967033814,LSTM,0,48,64,0.05
test_44,A2,test,44,13.699999809265137,135,316.9850769042969,0.6413612365722656,1.0,24.5,38.20000076293945,38.20000076293945,240.0,True,False,0.7367669343948364,28.14449691772461,0.7367669343948364,28.144497455991313,LSTM,0,48,64,0.05
test_44,A2,test,44,13.800000190734863,136,316.9850769042969,0.6387434601783752,1.0,24.399999618530273,38.20000076293945,38.20000076293945,240.0,True,False,0.7312502861022949,27.933761596679688,0.7312502861022949,27.93376148700736,LSTM,0,48,64,0.05
test_44,A2,test,44,13.899999618530273,137,316.9850769042969,0.6361256241798401,1.0,24.299999237060547,38.20000076293945,38.20000076293945,240.0,True,False,0.7274279594421387,27.787748336791992,0.7274279594421387,27.787748605673187,LSTM,0,48,64,0.05
test_44,A2,test,44,14.0,138,316.9850769042969,0.6335078477859497,1.0,24.200000762939453,38.20000076293945,38.20000076293945,240.0,True,False,0.7234066128730774,27.634132385253906,0.7234066128730774,27.634133163667002,LSTM,0,48,64,0.05
test_44,A2,test,44,14.100000381469727,139,316.9850769042969,0.6308900713920593,1.0,24.100000381469727,38.20000076293945,38.20000076293945,240.0,True,False,0.7177155613899231,27.41673469543457,0.7177155613899231,27.41673499266858,LSTM,0,48,64,0.05
test_44,A2,test,44,14.199999809265137,140,316.9850769042969,0.6282722353935242,1.0,24.0,38.20000076293945,38.20000076293945,240.0,True,False,0.7166208028793335,27.374916076660156,0.7166208028793335,27.374915216728823,LSTM,0,48,64,0.05
test_44,A2,test,44,14.300000190734863,141,316.9850769042969,0.625654399394989,1.0,23.899999618530273,38.20000076293945,38.20000076293945,240.0,True,False,0.7055391669273376,26.951597213745117,0.7055391669273376,26.951596714907964,LSTM,0,48,64,0.05
test_44,A2,test,44,14.399999618530273,142,316.9850769042969,0.6230366230010986,1.0,23.799999237060547,38.20000076293945,38.20000076293945,240.0,True,False,0.7055391669273376,26.951597213745117,0.7067259550094604,26.996932020550503,LSTM,0,48,64,0.05
test_44,A2,test,44,14.5,143,316.9850769042969,0.6204188466072083,1.0,23.700000762939453,38.20000076293945,38.20000076293945,240.0,True,False,0.7055391669273376,26.951597213745117,0.7083541750907898,27.059130028899517,LSTM,0,48,64,0.05
test_44,A2,test,44,14.600000381469727,144,316.9850769042969,0.6178010702133179,1.0,23.600000381469727,38.20000076293945,38.20000076293945,240.0,True,False,0.6862683892250061,26.215452194213867,0.6862683892250061,26.215452991976463,LSTM,0,48,64,0.05
test_44,A2,test,44,14.699999809265137,145,316.9850769042969,0.6151832342147827,1.0,23.5,38.20000076293945,38.20000076293945,240.0,True,False,0.6862683892250061,26.215452194213867,0.7020381689071655,26.81785858786634,LSTM,0,48,64,0.05
test_44,A2,test,44,14.800000190734863,146,316.9850769042969,0.6125653982162476,1.0,23.399999618530273,38.20000076293945,38.20000076293945,240.0,True,False,0.6862683892250061,26.215452194213867,0.702907919883728,26.851083075834595,LSTM,0,48,64,0.05
test_44,A2,test,44,14.899999618530273,147,316.9850769042969,0.6099476218223572,1.0,23.299999237060547,38.20000076293945,38.20000076293945,240.0,True,False,0.6862683892250061,26.215452194213867,0.7073330879211426,27.020124498239966,LSTM,0,48,64,0.05
test_44,A2,test,44,15.0,148,316.9850769042969,0.6073298454284668,1.0,23.200000762939453,38.20000076293945,38.20000076293945,240.0,True,False,0.6862683892250061,26.215452194213867,0.7083801031112671,27.06012047930153,LSTM,0,48,64,0.05
test_44,A2,test,44,15.100000381469727,149,316.9850769042969,0.6047120690345764,1.0,23.100000381469727,38.20000076293945,38.20000076293945,240.0,True,False,0.6862683892250061,26.215452194213867,0.6951414346694946,26.55440333472552,LSTM,0,48,64,0.05
test_44,A2,test,44,15.199999809265137,150,316.9850769042969,0.6020942330360413,1.0,23.0,38.20000076293945,38.20000076293945,240.0,True,False,0.6862683892250061,26.215452194213867,0.6889141201972961,26.316519917136475,LSTM,0,48,64,0.05
test_44,A2,test,44,15.300000190734863,151,316.9850769042969,0.5994763970375061,1.0,22.899999618530273,38.20000076293945,38.20000076293945,240.0,True,False,0.6843789219856262,26.14327621459961,0.6843789219856262,26.143275341990602,LSTM,0,48,64,0.05
test_44,A2,test,44,15.399999618530273,152,316.9850769042969,0.5968586206436157,1.0,22.799999237060547,38.20000076293945,38.20000076293945,240.0,True,False,0.6819102168083191,26.04897117614746,0.6819102168083191,26.048970802333997,LSTM,0,48,64,0.05
test_44,A2,test,44,15.5,153,316.9850769042969,0.5942408442497253,1.0,22.700000762939453,38.20000076293945,38.20000076293945,240.0,True,False,0.6819102168083191,26.04897117614746,0.6821978688240051,26.059959109552665,LSTM,0,48,64,0.05
test_44,A2,test,44,15.600000381469727,154,316.9850769042969,0.5916230082511902,1.0,22.600000381469727,38.20000076293945,38.20000076293945,240.0,True,False,0.6756724119186401,25.810686111450195,0.6756724119186401,25.810686650789194,LSTM,0,48,64,0.05
test_44,A2,test,44,15.699999809265137,155,316.9850769042969,0.5890052318572998,1.0,22.5,38.20000076293945,38.20000076293945,240.0,True,False,0.670701265335083,25.62078857421875,0.670701265335083,25.620788847504627,LSTM,0,48,64,0.05
test_44,A2,test,44,15.800000190734863,156,316.9850769042969,0.5863873958587646,1.0,22.399999618530273,38.20000076293945,38.20000076293945,240.0,True,False,0.6663846969604492,25.455896377563477,0.6663846969604492,25.455895932300336,LSTM,0,48,64,0.05
test_44,A2,test,44,15.899999618530273,157,316.9850769042969,0.5837696194648743,1.0,22.299999237060547,38.20000076293945,38.20000076293945,240.0,True,False,0.662666916847229,25.31387710571289,0.662666916847229,25.313876729138883,LSTM,0,48,64,0.05
test_44,A2,test,44,16.0,158,316.9850769042969,0.5811518430709839,1.0,22.200000762939453,38.20000076293945,38.20000076293945,240.0,True,False,0.6583620309829712,25.149429321289062,0.6583620309829712,25.149430085839867,LSTM,0,48,64,0.05
test_44,A2,test,44,16.100000381469727,159,316.9850769042969,0.5785340070724487,1.0,22.100000381469727,38.20000076293945,38.20000076293945,240.0,True,False,0.6425243020057678,24.544429779052734,0.6425243020057678,24.54442882682747,LSTM,0,48,64,0.05
test_44,A2,test,44,16.200000762939453,160,316.9850769042969,0.5759162306785583,1.0,22.0,38.20000076293945,38.20000076293945,240.0,True,False,0.6425243020057678,24.544429779052734,0.6465084552764893,24.696623484808697,LSTM,0,48,64,0.05
test_44,A2,test,44,16.299999237060547,161,316.9850769042969,0.5732983946800232,1.0,21.899999618530273,38.20000076293945,38.20000076293945,240.0,True,False,0.6425243020057678,24.544429779052734,0.643044114112854,24.564285649714748,LSTM,0,48,64,0.05
test_44,A2,test,44,16.399999618530273,162,316.9850769042969,0.5706806182861328,1.0,21.799999237060547,38.20000076293945,38.20000076293945,240.0,True,False,0.6425243020057678,24.544429779052734,0.6430706977844238,24.565301145988997,LSTM,0,48,64,0.05
test_44,A2,test,44,16.5,163,316.9850769042969,0.5680628418922424,1.0,21.700000762939453,38.20000076293945,38.20000076293945,240.0,True,False,0.6425243020057678,24.544429779052734,0.6462714672088623,24.68757054044454,LSTM,0,48,64,0.05
test_44,A2,test,44,16.600000381469727,164,316.9850769042969,0.5654450058937073,1.0,21.600000381469727,38.20000076293945,38.20000076293945,240.0,True,False,0.6425243020057678,24.544429779052734,0.6483597159385681,24.76734164351251,LSTM,0,48,64,0.05
test_44,A2,test,44,16.700000762939453,165,316.9850769042969,0.5628272294998169,1.0,21.5,38.20000076293945,38.20000076293945,240.0,True,False,0.6425243020057678,24.544429779052734,0.6478739976882935,24.748787205981444,LSTM,0,48,64,0.05
test_44,A2,test,44,16.799999237060547,166,316.9850769042969,0.5602093935012817,1.0,21.399999618530273,38.20000076293945,38.20000076293945,240.0,True,False,0.6425243020057678,24.544429779052734,0.6444326043128967,24.617325976415714,LSTM,0,48,64,0.05
test_44,A2,test,44,16.899999618530273,167,316.9850769042969,0.5575916171073914,1.0,21.299999237060547,38.20000076293945,38.20000076293945,240.0,True,False,0.6418681144714355,24.519363403320312,0.6418681144714355,24.519362462515346,LSTM,0,48,64,0.05
test_44,A2,test,44,17.0,168,316.9850769042969,0.554973840713501,1.0,21.200000762939453,38.20000076293945,38.20000076293945,240.0,True,False,0.6396242380142212,24.43364715576172,0.6396242380142212,24.433646380137816,LSTM,0,48,64,0.05
test_44,A2,test,44,17.100000381469727,169,316.9850769042969,0.5523560047149658,1.0,21.100000381469727,38.20000076293945,38.20000076293945,240.0,True,False,0.6379550695419312,24.369884490966797,0.6379550695419312,24.369884143222862,LSTM,0,48,64,0.05
test_44,A2,test,44,17.200000762939453,170,316.9850769042969,0.5497382283210754,1.0,21.0,38.20000076293945,38.20000076293945,240.0,True,False,0.6367327570915222,24.323192596435547,0.6367327570915222,24.32319180668469,LSTM,0,48,64,0.05
test_44,A2,test,44,17.299999237060547,171,316.9850769042969,0.5471203923225403,1.0,20.899999618530273,38.20000076293945,38.20000076293945,240.0,True,False,0.6317183375358582,24.131641387939453,0.6317183375358582,24.131640975832624,LSTM,0,48,64,0.05
test_44,A2,test,44,17.399999618530273,172,316.9850769042969,0.5445026159286499,1.0,20.799999237060547,38.20000076293945,38.20000076293945,240.0,True,False,0.6227543950080872,23.78921890258789,0.6227543950080872,23.789218364432827,LSTM,0,48,64,0.05
test_44,A2,test,44,17.5,173,316.9850769042969,0.5418848395347595,0.999446451663971,20.700000762939453,38.20000076293945,38.20000076293945,240.0,True,False,0.6227543950080872,23.78921890258789,0.6252222657203674,23.88349102752477,LSTM,0,48,64,0.05
test_44,A2,test,44,17.600000381469727,174,316.9850769042969,0.5392670035362244,0.9981883764266968,20.600000381469727,38.20000076293945,38.20000076293945,240.0,True,False,0.6227543950080872,23.78921890258789,0.6229233145713806,23.795671091879512,LSTM,0,48,64,0.05
test_44,A2,test,44,17.700000762939453,175,316.9850769042969,0.536649227142334,0.9981883764266968,20.5,38.20000076293945,38.20000076293945,240.0,True,False,0.6166369915008545,23.55553436279297,0.6166369915008545,23.55553354578933,LSTM,0,48,64,0.05
test_44,A2,test,44,17.799999237060547,176,316.9850769042969,0.5340313911437988,1.0,20.399999618530273,38.20000076293945,38.20000076293945,240.0,True,False,0.604596734046936,23.095596313476562,0.604596734046936,23.095595701863658,LSTM,0,48,64,0.05
test_44,A2,test,44,17.899999618530273,177,316.9850769042969,0.5314135551452637,0.9970875978469849,20.299999237060547,38.20000076293945,38.20000076293945,240.0,True,False,0.604596734046936,23.095596313476562,0.6109682321548462,23.338986934446893,LSTM,0,48,64,0.05
test_44,A2,test,44,18.0,178,316.9850769042969,0.5287958383560181,0.9948859810829163,20.200000762939453,38.20000076293945,38.20000076293945,240.0,True,False,0.604596734046936,23.095596313476562,0.6088437438011169,23.25783147771358,LSTM,0,48,64,0.05
test_44,A2,test,44,18.100000381469727,179,316.9850769042969,0.5261780023574829,0.9948859810829163,20.100000381469727,38.20000076293945,38.20000076293945,240.0,True,False,0.6008283495903015,22.951642990112305,0.6008283495903015,22.95164341274517,LSTM,0,48,64,0.05
test_44,A2,test,44,18.200000762939453,180,316.9850769042969,0.5235602259635925,0.9917409420013428,20.0,38.20000076293945,38.20000076293945,240.0,True,False,0.6000580191612244,22.922216415405273,0.6000580191612244,22.922216789766708,LSTM,0,48,64,0.05
test_44,A2,test,44,18.299999237060547,181,316.9850769042969,0.5209423899650574,0.9895393252372742,19.899999618530273,38.20000076293945,38.20000076293945,240.0,True,False,0.5973037481307983,22.81700325012207,0.5973037481307983,22.81700363430309,LSTM,0,48,64,0.05
test_44,A2,test,44,18.399999618530273,182,316.9850769042969,0.5183245539665222,0.9884384274482727,19.799999237060547,38.20000076293945,38.20000076293945,240.0,True,False,0.5933560132980347,22.666200637817383,0.5933560132980347,22.666200160679637,LSTM,0,48,64,0.05
test_44,A2,test,44,18.5,183,316.9850769042969,0.5157068371772766,0.9884384274482727,19.700000762939453,38.20000076293945,38.20000076293945,240.0,True,False,0.5881071090698242,22.4656925201416,0.5881071090698242,22.4656920151574,LSTM,0,48,64,0.05
test_44,A2,test,44,18.600000381469727,184,316.9850769042969,0.5130890011787415,0.9895393252372742,19.600000381469727,38.20000076293945,38.20000076293945,240.0,True,False,0.5803585052490234,22.169694900512695,0.5803585052490234,22.169695343291096,LSTM,0,48,64,0.05
test_44,A2,test,44,18.700000762939453,185,316.9850769042969,0.5104711651802063,0.9895393252372742,19.5,38.20000076293945,38.20000076293945,240.0,True,False,0.5754679441452026,21.98287582397461,0.5754679441452026,21.98287590539394,LSTM,0,48,64,0.05
test_44,A2,test,44,18.799999237060547,186,316.9850769042969,0.5078533887863159,0.9950433373451233,19.399999618530273,38.20000076293945,38.20000076293945,240.0,True,False,0.5494076013565063,20.98737144470215,0.5494076013565063,20.987370790983277,LSTM,0,48,64,0.05
test_44,A2,test,44,18.899999618530273,187,316.9850769042969,0.5052355527877808,0.9948859810829163,19.299999237060547,38.20000076293945,38.20000076293945,240.0,True,False,0.5494076013565063,20.98737144470215,0.5520609617233276,21.088729159020204,LSTM,0,48,64,0.05
test_44,A2,test,44,19.0,188,316.9850769042969,0.5026178359985352,0.9970875978469849,19.200000762939453,38.20000076293945,38.20000076293945,240.0,True,False,0.5441074371337891,20.78490447998047,0.5441074371337891,20.784904513631773,LSTM,0,48,64,0.05
test_44,A2,test,44,19.100000381469727,189,316.9850769042969,0.5,0.9948859810829163,19.100000381469727,38.20000076293945,38.20000076293945,240.0,True,False,0.5441074371337891,20.78490447998047,0.5511676669120789,21.05460529654897,LSTM,0,48,64,0.05
test_44,A2,test,44,19.200000762939453,190,316.9850769042969,0.49738219380378723,0.9926844835281372,19.0,38.20000076293945,38.20000076293945,240.0,True,False,0.5441074371337891,20.78490447998047,0.5538126230239868,21.155642622041796,LSTM,0,48,64,0.05
test_44,A2,test,44,19.299999237060547,191,316.9850769042969,0.49476438760757446,0.9884384274482727,18.899999618530273,38.20000076293945,38.20000076293945,240.0,True,False,0.5441074371337891,20.78490447998047,0.5539532899856567,21.161016100084908,LSTM,0,48,64,0.05
test_44,A2,test,44,19.399999618530273,192,316.9850769042969,0.4921465814113617,0.9862369298934937,18.799999237060547,38.20000076293945,38.20000076293945,240.0,True,False,0.5441074371337891,20.78490447998047,0.5581891536712646,21.322826096106837,LSTM,0,48,64,0.05
test_44,A2,test,44,19.5,193,316.9850769042969,0.4895288050174713,0.9835636019706726,18.700000762939453,38.20000076293945,38.20000076293945,240.0,True,False,0.5441074371337891,20.78490447998047,0.5570485591888428,21.279255386008117,LSTM,0,48,64,0.05
test_44,A2,test,44,19.600000381469727,194,316.9850769042969,0.48691099882125854,0.9805756211280823,18.600000381469727,38.20000076293945,38.20000076293945,240.0,True,False,0.5441074371337891,20.78490447998047,0.5572102069854736,21.285430331962743,LSTM,0,48,64,0.05
test_44,A2,test,44,19.700000762939453,195,316.9850769042969,0.4842931926250458,0.9775877594947815,18.5,38.20000076293945,38.20000076293945,240.0,True,False,0.5441074371337891,20.78490447998047,0.5575375556945801,21.297935052900357,LSTM,0,48,64,0.05
test_44,A2,test,44,19.799999237060547,196,316.9850769042969,0.481675386428833,0.9807329773902893,18.399999618530273,38.20000076293945,38.20000076293945,240.0,True,False,0.5441074371337891,20.78490447998047,0.549850583076477,21.004292693024126,LSTM,0,48,64,0.05
test_44,A2,test,44,19.899999618530273,197,316.9850769042969,0.47905755043029785,0.9780595898628235,18.299999237060547,38.20000076293945,38.20000076293945,240.0,True,False,0.5441074371337891,20.78490447998047,0.548499584197998,20.952684534835498,LSTM,0,48,64,0.05
test_44,A2,test,44,20.0,198,316.9850769042969,0.47643980383872986,0.9774305820465088,18.200000762939453,38.20000076293945,38.20000076293945,240.0,True,False,0.5441074371337891,20.78490447998047,0.5462155938148499,20.86543610045669,LSTM,0,48,64,0.05
test_44,A2,test,44,20.100000381469727,199,316.9850769042969,0.4738219976425171,0.9774305820465088,18.100000381469727,38.20000076293945,38.20000076293945,240.0,True,False,0.5422836542129517,20.71523666381836,0.5422836542129517,20.715236004664348,LSTM,0,48,64,0.05
test_44,A2,test,44,20.200000762939453,200,316.9850769042969,0.4712041914463043,0.9742854237556458,18.0,38.20000076293945,38.20000076293945,240.0,True,False,0.5411536693572998,20.67207145690918,0.5411536693572998,20.672070582316337,LSTM,0,48,64,0.05
test_44,A2,test,44,20.299999237060547,201,316.9850769042969,0.46858635544776917,0.9742854237556458,17.899999618530273,38.20000076293945,38.20000076293945,240.0,True,False,0.5377935171127319,20.543712615966797,0.5377935171127319,20.54371276401025,LSTM,0,48,64,0.05
test_44,A2,test,44,20.399999618530273,202,316.9850769042969,0.4659685492515564,0.9720838069915771,17.799999237060547,38.20000076293945,38.20000076293945,240.0,True,False,0.5358427166938782,20.469192504882812,0.5358427166938782,20.469192186521695,LSTM,0,48,64,0.05
test_44,A2,test,44,20.5,203,316.9850769042969,0.4633508026599884,0.9752289652824402,17.700000762939453,38.20000076293945,38.20000076293945,240.0,True,False,0.5277972221374512,20.161853790283203,0.5277972221374512,20.16185428832796,LSTM,0,48,64,0.05
test_44,A2,test,44,20.600000381469727,204,316.9850769042969,0.46073299646377563,0.9742854237556458,17.600000381469727,38.20000076293945,38.20000076293945,240.0,True,False,0.5277972221374512,20.161853790283203,0.5289822220802307,20.20712128704622,LSTM,0,48,64,0.05
test_44,A2,test,44,20.700000762939453,205,316.9850769042969,0.4581151604652405,0.9709830284118652,17.5,38.20000076293945,38.20000076293945,240.0,True,False,0.5277972221374512,20.161853790283203,0.5280281901359558,20.17067726604705,LSTM,0,48,64,0.05
test_44,A2,test,44,20.799999237060547,206,316.9850769042969,0.4554973542690277,0.9753862619400024,17.399999618530273,38.20000076293945,38.20000076293945,240.0,True,False,0.5172532200813293,19.75907325744629,0.5172532200813293,19.75907340173967,LSTM,0,48,64,0.05
test_44,A2,test,44,20.899999618530273,207,316.9850769042969,0.45287954807281494,0.9709830284118652,17.299999237060547,38.20000076293945,38.20000076293945,240.0,True,False,0.5172532200813293,19.75907325744629,0.5217354893684387,19.930296091926948,LSTM,0,48,64,0.05
test_44,A2,test,44,21.0,208,316.9850769042969,0.45026180148124695,0.9687814116477966,17.200000762939453,38.20000076293945,38.20000076293945,240.0,True,False,0.5172532200813293,19.75907325744629,0.5198724269866943,19.85912710752291,LSTM,0,48,64,0.05
test_44,A2,test,44,21.100000381469727,209,316.9850769042969,0.4476439654827118,0.9654790759086609,17.100000381469727,38.20000076293945,38.20000076293945,240.0,True,False,0.5172532200813293,19.75907325744629,0.5188149809837341,19.81873266940306,LSTM,0,48,64,0.05
test_44,A2,test,44,21.200000762939453,210,316.9850769042969,0.445026159286499,0.9632773995399475,17.0,38.20000076293945,38.20000076293945,240.0,True,False,0.5172532200813293,19.75907325744629,0.517620325088501,19.773096813293705,LSTM,0,48,64,0.05
test_44,A2,test,44,21.299999237060547,211,316.9850769042969,0.44240835309028625,0.9621766805648804,16.899999618530273,38.20000076293945,38.20000076293945,240.0,True,False,0.5167710185050964,19.74065399169922,0.5167710185050964,19.740653301159682,LSTM,0,48,64,0.05
test_44,A2,test,44,21.399999618530273,212,316.9850769042969,0.4397905468940735,0.9588742852210999,16.799999237060547,38.20000076293945,38.20000076293945,240.0,True,False,0.5161021947860718,19.715105056762695,0.5161021947860718,19.715104234582668,LSTM,0,48,64,0.05
test_44,A2,test,44,21.5,213,316.9850769042969,0.4371728003025055,0.9546283483505249,16.700000762939453,38.20000076293945,38.20000076293945,240.0,True,False,0.5104615092277527,19.499629974365234,0.5104615092277527,19.499630041951377,LSTM,0,48,64,0.05
test_44,A2,test,44,21.600000381469727,214,316.9850769042969,0.43455496430397034,0.9513260126113892,16.600000381469727,38.20000076293945,38.20000076293945,240.0,True,False,0.5083966851234436,19.420753479003906,0.5083966851234436,19.420753759591435,LSTM,0,48,64,0.05
test_44,A2,test,44,21.700000762939453,215,316.9850769042969,0.43193715810775757,0.9502252340316772,16.5,38.20000076293945,38.20000076293945,240.0,True,False,0.5083966851234436,19.420753479003906,0.509046733379364,19.44558560346354,LSTM,0,48,64,0.05
test_44,A2,test,44,21.799999237060547,216,316.9850769042969,0.4293193519115448,0.9502252340316772,16.399999618530273,38.20000076293945,38.20000076293945,240.0,True,False,0.5083966851234436,19.420753479003906,0.5087935328483582,19.43591334298594,LSTM,0,48,64,0.05
test_44,A2,test,44,21.899999618530273,217,316.9850769042969,0.42670154571533203,0.9480236172676086,16.299999237060547,38.20000076293945,38.20000076293945,240.0,True,False,0.5075788497924805,19.38951301574707,0.5075788497924805,19.389512449324684,LSTM,0,48,64,0.05
test_44,A2,test,44,22.0,218,316.9850769042969,0.42408376932144165,0.9461365342140198,16.200000762939453,38.20000076293945,38.20000076293945,240.0,True,False,0.5049984455108643,19.29094123840332,0.5049984455108643,19.290941003798252,LSTM,0,48,64,0.05
test_44,A2,test,44,22.100000381469727,219,316.9850769042969,0.4214659631252289,0.9453502893447876,16.100000381469727,38.20000076293945,38.20000076293945,240.0,True,False,0.504584550857544,19.275129318237305,0.504584550857544,19.27513022772564,LSTM,0,48,64,0.05
test_44,A2,test,44,22.200000762939453,220,316.9850769042969,0.4188481569290161,0.9447212815284729,16.0,38.20000076293945,38.20000076293945,240.0,True,False,0.5005661845207214,19.121627807617188,0.5005661845207214,19.12162863059325,LSTM,0,48,64,0.05
test_44,A2,test,44,22.299999237060547,221,316.9850769042969,0.41623035073280334,0.9448784589767456,15.899999618530273,38.20000076293945,38.20000076293945,240.0,True,False,0.4982466399669647,19.033021926879883,0.4982466399669647,19.03302202687007,LSTM,0,48,64,0.05
test_44,A2,test,44,22.399999618530273,222,316.9850769042969,0.41361257433891296,0.9429913759231567,15.800000190734863,38.20000076293945,38.20000076293945,240.0,True,False,0.4952511489391327,18.918594360351562,0.4952511489391327,18.91859426732151,LSTM,0,48,64,0.05
test_44,A2,test,44,22.5,223,316.9850769042969,0.4109947383403778,0.9412615895271301,15.699999809265137,38.20000076293945,38.20000076293945,240.0,True,False,0.49263444542884827,18.818635940551758,0.49263444542884827,18.818636191232258,LSTM,0,48,64,0.05
test_44,A2,test,44,22.600000381469727,224,316.9850769042969,0.4083769619464874,0.9393744468688965,15.600000381469727,38.20000076293945,38.20000076293945,240.0,True,False,0.49088114500045776,18.751659393310547,0.49088114500045776,18.75166011353008,LSTM,0,48,64,0.05
test_44,A2,test,44,22.700000762939453,225,316.9850769042969,0.40575915575027466,0.9393744468688965,15.5,38.20000076293945,38.20000076293945,240.0,True,False,0.48830392956733704,18.653209686279297,0.48830392956733704,18.653210482018608,LSTM,0,48,64,0.05
test_44,A2,test,44,22.799999237060547,226,316.9850769042969,0.4031413495540619,0.9373301863670349,15.399999618530273,38.20000076293945,38.20000076293945,240.0,True,False,0.48626139760017395,18.575185775756836,0.48626139760017395,18.57518575931465,LSTM,0,48,64,0.05
test_44,A2,test,44,22.899999618530273,227,316.9850769042969,0.4005235433578491,0.9338704943656921,15.300000190734863,38.20000076293945,38.20000076293945,240.0,True,False,0.4829055964946747,18.44699478149414,0.4829055964946747,18.446994154524305,LSTM,0,48,64,0.05
test_44,A2,test,44,23.0,228,316.9850769042969,0.39790573716163635,0.9326125383377075,15.199999809265137,38.20000076293945,38.20000076293945,240.0,True,False,0.4808520972728729,18.36855125427246,0.4808520972728729,18.368550482684782,LSTM,0,48,64,0.05
test_44,A2,test,44,23.100000381469727,229,316.9850769042969,0.39528796076774597,0.9274230599403381,15.100000381469727,38.20000076293945,38.20000076293945,240.0,True,False,0.47740280628204346,18.236787796020508,0.47740280628204346,18.236787564203496,LSTM,0,48,64,0.05
test_44,A2,test,44,23.200000762939453,230,316.9850769042969,0.3926701545715332,0.9197174310684204,15.0,38.20000076293945,38.20000076293945,240.0,True,False,0.4694594740867615,17.933351516723633,0.4694594740867615,17.933352268283443,LSTM,0,48,64,0.05
test_44,A2,test,44,23.299999237060547,231,316.9850769042969,0.39005234837532043,0.9153143167495728,14.899999618530273,38.20000076293945,38.20000076293945,240.0,True,False,0.46792271733283997,17.874649047851562,0.46792271733283997,17.87464815911119,LSTM,0,48,64,0.05
test_44,A2,test,44,23.399999618530273,232,316.9850769042969,0.38743454217910767,0.921919047832489,14.800000190734863,38.20000076293945,38.20000076293945,240.0,True,False,0.46792271733283997,17.874649047851562,0.4721018970012665,18.034292825633543,LSTM,0,48,64,0.05
test_44,A2,test,44,23.5,233,316.9850769042969,0.3848167359828949,0.9186166524887085,14.699999809265137,38.20000076293945,38.20000076293945,240.0,True,False,0.46792271733283997,17.874649047851562,0.47107815742492676,17.995185973036314,LSTM,0,48,64,0.05
test_44,A2,test,44,23.600000381469727,234,316.9850769042969,0.3821989595890045,0.9153143167495728,14.600000381469727,38.20000076293945,38.20000076293945,240.0,True,False,0.46792271733283997,17.874649047851562,0.46844109892845154,17.894450336459045,LSTM,0,48,64,0.05
test_44,A2,test,44,23.700000762939453,235,316.9850769042969,0.37958115339279175,0.9131126999855042,14.5,38.20000076293945,38.20000076293945,240.0,True,False,0.4657782018184662,17.792728424072266,0.4657782018184662,17.792727664825975,LSTM,0,48,64,0.05
test_44,A2,test,44,23.799999237060547,236,316.9850769042969,0.376963347196579,0.9109110832214355,14.399999618530273,38.20000076293945,38.20000076293945,240.0,True,False,0.4640962481498718,17.728477478027344,0.4640962481498718,17.72847703340244,LSTM,0,48,64,0.05
test_44,A2,test,44,23.899999618530273,237,316.9850769042969,0.3743455410003662,0.9066651463508606,14.300000190734863,38.20000076293945,38.20000076293945,240.0,True,False,0.46071597933769226,17.599349975585938,0.46071597933769226,17.59935076219824,LSTM,0,48,64,0.05
test_44,A2,test,44,24.0,238,316.9850769042969,0.37172773480415344,0.904463529586792,14.199999809265137,38.20000076293945,38.20000076293945,240.0,True,False,0.4588780701160431,17.529142379760742,0.4588780701160431,17.52914262852903,LSTM,0,48,64,0.05
test_44,A2,test,44,24.100000381469727,239,316.9850769042969,0.36910995841026306,0.9022620320320129,14.100000381469727,38.20000076293945,38.20000076293945,240.0,True,False,0.45795559883117676,17.49390411376953,0.45795559883117676,17.493904224743346,LSTM,0,48,64,0.05
test_44,A2,test,44,24.200000762939453,240,316.9850769042969,0.36649213927719076,,14.0,38.20000076293945,,,False,True,,,,,LSTM,0,48,64,0.05
test_44,A2,test,44,24.30000114440918,241,316.9850769042969,0.3638743282962354,,13.899999618530273,38.20000076293945,,,False,True,,,,,LSTM,0,48,64,0.05
test_44,A2,test,44,24.400001525878906,242,316.9850769042969,0.36125651731528,,13.799999237060547,38.20000076293945,,,False,True,,,,,LSTM,0,48,64,0.05
test_44,A2,test,44,24.500001907348633,243,316.9850769042969,0.35863870633432465,,13.69999885559082,38.20000076293945,,,False,True,,,,,LSTM,0,48,64,0.05
test_44,A2,test,44,24.60000228881836,244,316.9850769042969,0.3560208953533693,,13.599998474121094,38.20000076293945,,,False,True,,,,,LSTM,0,48,64,0.05
test_44,A2,test,44,24.700002670288086,245,316.9850769042969,0.3534030843724139,,13.499998092651367,38.20000076293945,,,False,True,,,,,LSTM,0,48,64,0.05
test_44,A2,test,44,24.800003051757812,246,316.9850769042969,0.35078527339145854,,13.39999771118164,38.20000076293945,,,False,True,,,,,LSTM,0,48,64,0.05
test_44,A2,test,44,24.90000343322754,247,316.9850769042969,0.34816746241050317,,13.299997329711914,38.20000076293945,,,False,True,,,,,LSTM,0,48,64,0.05
test_44,A2,test,44,25.000003814697266,248,316.9850769042969,0.3455496514295478,,13.199996948242188,38.20000076293945,,,False,True,,,,,LSTM,0,48,64,0.05
test_44,A2,test,44,25.100004196166992,249,316.9850769042969,0.34293184044859243,,13.099996566772461,38.20000076293945,,,False,True,,,,,LSTM,0,48,64,0.05
test_44,A2,test,44,25.20000457763672,250,316.9850769042969,0.34031402946763706,,12.999996185302734,38.20000076293945,,,False,True,,,,,LSTM,0,48,64,0.05
test_44,A2,test,44,25.300004959106445,251,316.9850769042969,0.3376962184866817,,12.899995803833008,38.20000076293945,,,False,True,,,,,LSTM,0,48,64,0.05
test_44,A2,test,44,25.400005340576172,252,316.9850769042969,0.3350784075057263,,12.799995422363281,38.20000076293945,,,False,True,,,,,LSTM,0,48,64,0.05
test_44,A2,test,44,25.5000057220459,253,316.9850769042969,0.3324605965247709,,12.699995040893555,38.20000076293945,,,False,True,,,,,LSTM,0,48,64,0.05
test_44,A2,test,44,25.600006103515625,254,316.9850769042969,0.3298427855438155,,12.599994659423828,38.20000076293945,,,False,True,,,,,LSTM,0,48,64,0.05
test_44,A2,test,44,25.70000648498535,255,316.9850769042969,0.32722497456286015,,12.499994277954102,38.20000076293945,,,False,True,,,,,LSTM,0,48,64,0.05
test_44,A2,test,44,25.800006866455078,256,316.9850769042969,0.3246071635819048,,12.399993896484375,38.20000076293945,,,False,True,,,,,LSTM,0,48,64,0.05
test_44,A2,test,44,25.900007247924805,257,316.9850769042969,0.3219893526009494,,12.299993515014648,38.20000076293945,,,False,True,,,,,LSTM,0,48,64,0.05
test_44,A2,test,44,26.00000762939453,258,316.9850769042969,0.31937154161999404,,12.199993133544922,38.20000076293945,,,False,True,,,,,LSTM,0,48,64,0.05
test_44,A2,test,44,26.100008010864258,259,316.9850769042969,0.31675373063903867,,12.099992752075195,38.20000076293945,,,False,True,,,,,LSTM,0,48,64,0.05
test_44,A2,test,44,26.200008392333984,260,316.9850769042969,0.3141359196580833,,11.999992370605469,38.20000076293945,,,False,True,,,,,LSTM,0,48,64,0.05
test_44,A2,test,44,26.30000877380371,261,316.9850769042969,0.3115181086771279,,11.899991989135742,38.20000076293945,,,False,True,,,,,LSTM,0,48,64,0.05
test_44,A2,test,44,26.400009155273438,262,316.9850769042969,0.30890029769617255,,11.799991607666016,38.20000076293945,,,False,True,,,,,LSTM,0,48,64,0.05
test_44,A2,test,44,26.500009536743164,263,316.9850769042969,0.3062824867152172,,11.699991226196289,38.20000076293945,,,False,True,,,,,LSTM,0,48,64,0.05
test_44,A2,test,44,26.60000991821289,264,316.9850769042969,0.3036646757342618,,11.599990844726562,38.20000076293945,,,False,True,,,,,LSTM,0,48,64,0.05
test_44,A2,test,44,26.700010299682617,265,316.9850769042969,0.30104686475330644,,11.499990463256836,38.20000076293945,,,False,True,,,,,LSTM,0,48,64,0.05
test_44,A2,test,44,26.800010681152344,266,316.9850769042969,0.29842905377235107,,11.39999008178711,38.20000076293945,,,False,True,,,,,LSTM,0,48,64,0.05
test_44,A2,test,44,26.90001106262207,267,316.9850769042969,0.2958112427913957,,11.299989700317383,38.20000076293945,,,False,True,,,,,LSTM,0,48,64,0.05
test_44,A2,test,44,27.000011444091797,268,316.9850769042969,0.29319343181044033,,11.199989318847656,38.20000076293945,,,False,True,,,,,LSTM,0,48,64,0.05
test_44,A2,test,44,27.100011825561523,269,316.9850769042969,0.29057562082948496,,11.09998893737793,38.20000076293945,,,False,True,,,,,LSTM,0,48,64,0.05
test_44,A2,test,44,27.20001220703125,270,316.9850769042969,0.28795780984852953,,10.999988555908203,38.20000076293945,,,False,True,,,,,LSTM,0,48,64,0.05
test_44,A2,test,44,27.300012588500977,271,316.9850769042969,0.28533999886757416,,10.899988174438477,38.20000076293945,,,False,True,,,,,LSTM,0,48,64,0.05
test_44,A2,test,44,27.400012969970703,272,316.9850769042969,0.2827221878866188,,10.79998779296875,38.20000076293945,,,False,True,,,,,LSTM,0,48,64,0.05
test_44,A2,test,44,27.50001335144043,273,316.9850769042969,0.2801043769056634,,10.699987411499023,38.20000076293945,,,False,True,,,,,LSTM,0,48,64,0.05
test_44,A2,test,44,27.600013732910156,274,316.9850769042969,0.27748656592470805,,10.599987030029297,38.20000076293945,,,False,True,,,,,LSTM,0,48,64,0.05
test_44,A2,test,44,27.700014114379883,275,316.9850769042969,0.2748687549437527,,10.49998664855957,38.20000076293945,,,False,True,,,,,LSTM,0,48,64,0.05
test_44,A2,test,44,27.80001449584961,276,316.9850769042969,0.2722509439627973,,10.399986267089844,38.20000076293945,,,False,True,,,,,LSTM,0,48,64,0.05
test_44,A2,test,44,27.900014877319336,277,316.9850769042969,0.26963313298184194,,10.299985885620117,38.20000076293945,,,False,True,,,,,LSTM,0,48,64,0.05
test_44,A2,test,44,28.000015258789062,278,316.9850769042969,0.26701532200088657,,10.19998550415039,38.20000076293945,,,False,True,,,,,LSTM,0,48,64,0.05
test_44,A2,test,44,28.10001564025879,279,316.9850769042969,0.2643975110199312,,10.099985122680664,38.20000076293945,,,False,True,,,,,LSTM,0,48,64,0.05
test_44,A2,test,44,28.200016021728516,280,316.9850769042969,0.2617797000389758,,9.999984741210938,38.20000076293945,,,False,True,,,,,LSTM,0,48,64,0.05
test_44,A2,test,44,28.300016403198242,281,316.9850769042969,0.25916188905802046,,9.899984359741211,38.20000076293945,,,False,True,,,,,LSTM,0,48,64,0.05
test_44,A2,test,44,28.40001678466797,282,316.9850769042969,0.2565440780770651,,9.799983978271484,38.20000076293945,,,False,True,,,,,LSTM,0,48,64,0.05
test_44,A2,test,44,28.500017166137695,283,316.9850769042969,0.2539262670961097,,9.699983596801758,38.20000076293945,,,False,True,,,,,LSTM,0,48,64,0.05
test_44,A2,test,44,28.600017547607422,284,316.9850769042969,0.25130845611515434,,9.599983215332031,38.20000076293945,,,False,True,,,,,LSTM,0,48,64,0.05
test_44,A2,test,44,28.70001792907715,285,316.9850769042969,0.24869064513419895,,9.499982833862305,38.20000076293945,,,False,True,,,,,LSTM,0,48,64,0.05
test_44,A2,test,44,28.800018310546875,286,316.9850769042969,0.24607283415324357,,9.399982452392578,38.20000076293945,,,False,True,,,,,LSTM,0,48,64,0.05
test_44,A2,test,44,28.9000186920166,287,316.9850769042969,0.2434550231722882,,9.299982070922852,38.20000076293945,,,False,True,,,,,LSTM,0,48,64,0.05
test_44,A2,test,44,29.000019073486328,288,316.9850769042969,0.24083721219133283,,9.199981689453125,38.20000076293945,,,False,True,,,,,LSTM,0,48,64,0.05
test_44,A2,test,44,29.100019454956055,289,316.9850769042969,0.23821940121037746,,9.099981307983398,38.20000076293945,,,False,True,,,,,LSTM,0,48,64,0.05
test_44,A2,test,44,29.20001983642578,290,316.9850769042969,0.2356015902294221,,8.999980926513672,38.20000076293945,,,False,True,,,,,LSTM,0,48,64,0.05
test_44,A2,test,44,29.300020217895508,291,316.9850769042969,0.2329837792484667,,8.899980545043945,38.20000076293945,,,False,True,,,,,LSTM,0,48,64,0.05
test_44,A2,test,44,29.400020599365234,292,316.9850769042969,0.23036596826751132,,8.799980163574219,38.20000076293945,,,False,True,,,,,LSTM,0,48,64,0.05
test_44,A2,test,44,29.50002098083496,293,316.9850769042969,0.22774815728655595,,8.699979782104492,38.20000076293945,,,False,True,,,,,LSTM,0,48,64,0.05
test_44,A2,test,44,29.600021362304688,294,316.9850769042969,0.22513034630560058,,8.599979400634766,38.20000076293945,,,False,True,,,,,LSTM,0,48,64,0.05
test_44,A2,test,44,29.700021743774414,295,316.9850769042969,0.2225125353246452,,8.499979019165039,38.20000076293945,,,False,True,,,,,LSTM,0,48,64,0.05
test_44,A2,test,44,29.80002212524414,296,316.9850769042969,0.21989472434368984,,8.399978637695312,38.20000076293945,,,False,True,,,,,LSTM,0,48,64,0.05
test_44,A2,test,44,29.900022506713867,297,316.9850769042969,0.21727691336273447,,8.299978256225586,38.20000076293945,,,False,True,,,,,LSTM,0,48,64,0.05
test_44,A2,test,44,30.000022888183594,298,316.9850769042969,0.2146591023817791,,8.19997787475586,38.20000076293945,,,False,True,,,,,LSTM,0,48,64,0.05
test_44,A2,test,44,30.10002326965332,299,316.9850769042969,0.21204129140082373,,8.099977493286133,38.20000076293945,,,False,True,,,,,LSTM,0,48,64,0.05
test_44,A2,test,44,30.200023651123047,300,316.9850769042969,0.20942348041986833,,7.999977111816406,38.20000076293945,,,False,True,,,,,LSTM,0,48,64,0.05
test_44,A2,test,44,30.300024032592773,301,316.9850769042969,0.20680566943891296,,7.89997673034668,38.20000076293945,,,False,True,,,,,LSTM,0,48,64,0.05
test_44,A2,test,44,30.4000244140625,302,316.9850769042969,0.2041878584579576,,7.799976348876953,38.20000076293945,,,False,True,,,,,LSTM,0,48,64,0.05
test_44,A2,test,44,30.500024795532227,303,316.9850769042969,0.20157004747700222,,7.699975967407227,38.20000076293945,,,False,True,,,,,LSTM,0,48,64,0.05
test_44,A2,test,44,30.600025177001953,304,316.9850769042969,0.19895223649604685,,7.5999755859375,38.20000076293945,,,False,True,,,,,LSTM,0,48,64,0.05
test_44,A2,test,44,30.70002555847168,305,316.9850769042969,0.19633442551509148,,7.499975204467773,38.20000076293945,,,False,True,,,,,LSTM,0,48,64,0.05
test_44,A2,test,44,30.800025939941406,306,316.9850769042969,0.1937166145341361,,7.399974822998047,38.20000076293945,,,False,True,,,,,LSTM,0,48,64,0.05
test_44,A2,test,44,30.900026321411133,307,316.9850769042969,0.19109880355318073,,7.29997444152832,38.20000076293945,,,False,True,,,,,LSTM,0,48,64,0.05
test_44,A2,test,44,31.00002670288086,308,316.9850769042969,0.18848099257222534,,7.199974060058594,38.20000076293945,,,False,True,,,,,LSTM,0,48,64,0.05
test_44,A2,test,44,31.100027084350586,309,316.9850769042969,0.18586318159126997,,7.099973678588867,38.20000076293945,,,False,True,,,,,LSTM,0,48,64,0.05
test_44,A2,test,44,31.200027465820312,310,316.9850769042969,0.1832453706103146,,6.999973297119141,38.20000076293945,,,False,True,,,,,LSTM,0,48,64,0.05
test_44,A2,test,44,31.30002784729004,311,316.9850769042969,0.18062755962935922,,6.899972915649414,38.20000076293945,,,False,True,,,,,LSTM,0,48,64,0.05
test_44,A2,test,44,31.400028228759766,312,316.9850769042969,0.17800974864840385,,6.7999725341796875,38.20000076293945,,,False,True,,,,,LSTM,0,48,64,0.05
test_44,A2,test,44,31.500028610229492,313,316.9850769042969,0.17539193766744848,,6.699972152709961,38.20000076293945,,,False,True,,,,,LSTM,0,48,64,0.05
test_44,A2,test,44,31.60002899169922,314,316.9850769042969,0.1727741266864931,,6.599971771240234,38.20000076293945,,,False,True,,,,,LSTM,0,48,64,0.05
test_44,A2,test,44,31.700029373168945,315,316.9850769042969,0.17015631570553774,,6.499971389770508,38.20000076293945,,,False,True,,,,,LSTM,0,48,64,0.05
test_44,A2,test,44,31.800029754638672,316,316.9850769042969,0.16753850472458237,,6.399971008300781,38.20000076293945,,,False,True,,,,,LSTM,0,48,64,0.05
test_44,A2,test,44,31.9000301361084,317,316.9850769042969,0.16492069374362697,,6.299970626831055,38.20000076293945,,,False,True,,,,,LSTM,0,48,64,0.05
test_44,A2,test,44,32.000030517578125,318,316.9850769042969,0.1623028827626716,,6.199970245361328,38.20000076293945,,,False,True,,,,,LSTM,0,48,64,0.05
test_44,A2,test,44,32.10002899169922,319,316.9850769042969,0.15968512171230773,,6.099971771240234,38.20000076293945,,,False,True,,,,,LSTM,0,48,64,0.05
test_44,A2,test,44,32.20003128051758,320,316.9850769042969,0.15706726080076086,,5.999969482421875,38.20000076293945,,,False,True,,,,,LSTM,0,48,64,0.05
test_44,A2,test,44,32.30003356933594,321,316.9850769042969,0.154449399889214,,5.899967193603516,38.20000076293945,,,False,True,,,,,LSTM,0,48,64,0.05
test_44,A2,test,44,32.40003204345703,322,316.9850769042969,0.15183163883885012,,5.799968719482422,38.20000076293945,,,False,True,,,,,LSTM,0,48,64,0.05
test_44,A2,test,44,32.500030517578125,323,316.9850769042969,0.14921387778848622,,5.699970245361328,38.20000076293945,,,False,True,,,,,LSTM,0,48,64,0.05
test_44,A2,test,44,32.600032806396484,324,316.9850769042969,0.14659601687693938,,5.599967956542969,38.20000076293945,,,False,True,,,,,LSTM,0,48,64,0.05
test_44,A2,test,44,32.700035095214844,325,316.9850769042969,0.1439781559653925,,5.499965667724609,38.20000076293945,,,False,True,,,,,LSTM,0,48,64,0.05
test_44,A2,test,44,32.80003356933594,326,316.9850769042969,0.1413603949150286,,5.399967193603516,38.20000076293945,,,False,True,,,,,LSTM,0,48,64,0.05
test_44,A2,test,44,32.90003204345703,327,316.9850769042969,0.13874263386466473,,5.299968719482422,38.20000076293945,,,False,True,,,,,LSTM,0,48,64,0.05
test_44,A2,test,44,33.00003433227539,328,316.9850769042969,0.13612477295311787,,5.1999664306640625,38.20000076293945,,,False,True,,,,,LSTM,0,48,64,0.05
test_44,A2,test,44,33.10003662109375,329,316.9850769042969,0.133506912041571,,5.099964141845703,38.20000076293945,,,False,True,,,,,LSTM,0,48,64,0.05
test_44,A2,test,44,33.200035095214844,330,316.9850769042969,0.13088915099120713,,4.999965667724609,38.20000076293945,,,False,True,,,,,LSTM,0,48,64,0.05
test_44,A2,test,44,33.30003356933594,331,316.9850769042969,0.12827138994084322,,4.899967193603516,38.20000076293945,,,False,True,,,,,LSTM,0,48,64,0.05
test_44,A2,test,44,33.4000358581543,332,316.9850769042969,0.12565352902929638,,4.799964904785156,38.20000076293945,,,False,True,,,,,LSTM,0,48,64,0.05
test_44,A2,test,44,33.500038146972656,333,316.9850769042969,0.12303566811774952,,4.699962615966797,38.20000076293945,,,False,True,,,,,LSTM,0,48,64,0.05
test_44,A2,test,44,33.60003662109375,334,316.9850769042969,0.12041790706738563,,4.599964141845703,38.20000076293945,,,False,True,,,,,LSTM,0,48,64,0.05
test_44,A2,test,44,33.700035095214844,335,316.9850769042969,0.11780014601702174,,4.499965667724609,38.20000076293945,,,False,True,,,,,LSTM,0,48,64,0.05
test_44,A2,test,44,33.8000373840332,336,316.9850769042969,0.11518228510547487,,4.39996337890625,38.20000076293945,,,False,True,,,,,LSTM,0,48,64,0.05
test_44,A2,test,44,33.90003967285156,337,316.9850769042969,0.11256442419392802,,4.299961090087891,38.20000076293945,,,False,True,,,,,LSTM,0,48,64,0.05
test_44,A2,test,44,34.000038146972656,338,316.9850769042969,0.10994666314356413,,4.199962615966797,38.20000076293945,,,False,True,,,,,LSTM,0,48,64,0.05
test_44,A2,test,44,34.10003662109375,339,316.9850769042969,0.10732890209320024,,4.099964141845703,38.20000076293945,,,False,True,,,,,LSTM,0,48,64,0.05
test_44,A2,test,44,34.20003890991211,340,316.9850769042969,0.10471104118165338,,3.9999618530273438,38.20000076293945,,,False,True,,,,,LSTM,0,48,64,0.05
test_44,A2,test,44,34.30004119873047,341,316.9850769042969,0.10209318027010653,,3.8999595642089844,38.20000076293945,,,False,True,,,,,LSTM,0,48,64,0.05
test_44,A2,test,44,34.40003967285156,342,316.9850769042969,0.09947541921974264,,3.7999610900878906,38.20000076293945,,,False,True,,,,,LSTM,0,48,64,0.05
test_44,A2,test,44,34.500038146972656,343,316.9850769042969,0.09685765816937875,,3.699962615966797,38.20000076293945,,,False,True,,,,,LSTM,0,48,64,0.05
test_44,A2,test,44,34.600040435791016,344,316.9850769042969,0.09423979725783188,,3.5999603271484375,38.20000076293945,,,False,True,,,,,LSTM,0,48,64,0.05
test_44,A2,test,44,34.700042724609375,345,316.9850769042969,0.09162193634628503,,3.499958038330078,38.20000076293945,,,False,True,,,,,LSTM,0,48,64,0.05
test_44,A2,test,44,34.80004119873047,346,316.9850769042969,0.08900417529592114,,3.3999595642089844,38.20000076293945,,,False,True,,,,,LSTM,0,48,64,0.05
test_44,A2,test,44,34.90003967285156,347,316.9850769042969,0.08638641424555725,,3.2999610900878906,38.20000076293945,,,False,True,,,,,LSTM,0,48,64,0.05
test_44,A2,test,44,35.00004196166992,348,316.9850769042969,0.0837685533340104,,3.1999588012695312,38.20000076293945,,,False,True,,,,,LSTM,0,48,64,0.05
test_44,A2,test,44,35.10004425048828,349,316.9850769042969,0.08115069242246353,,3.099956512451172,38.20000076293945,,,False,True,,,,,LSTM,0,48,64,0.05
test_44,A2,test,44,35.200042724609375,350,316.9850769042969,0.07853293137209964,,2.999958038330078,38.20000076293945,,,False,True,,,,,LSTM,0,48,64,0.05
test_44,A2,test,44,35.30004119873047,351,316.9850769042969,0.07591517032173575,,2.8999595642089844,38.20000076293945,,,False,True,,,,,LSTM,0,48,64,0.05
test_44,A2,test,44,35.40004348754883,352,316.9850769042969,0.0732973094101889,,2.799957275390625,38.20000076293945,,,False,True,,,,,LSTM,0,48,64,0.05
test_44,A2,test,44,35.50004577636719,353,316.9850769042969,0.07067944849864204,,2.6999549865722656,38.20000076293945,,,False,True,,,,,LSTM,0,48,64,0.05
test_44,A2,test,44,35.60004425048828,354,316.9850769042969,0.06806168744827815,,2.599956512451172,38.20000076293945,,,False,True,,,,,LSTM,0,48,64,0.05
test_44,A2,test,44,35.700042724609375,355,316.9850769042969,0.06544392639791426,,2.499958038330078,38.20000076293945,,,False,True,,,,,LSTM,0,48,64,0.05
test_44,A2,test,44,35.800045013427734,356,316.9850769042969,0.0628260654863674,,2.3999557495117188,38.20000076293945,,,False,True,,,,,LSTM,0,48,64,0.05
test_44,A2,test,44,35.900047302246094,357,316.9850769042969,0.06020820457482054,,2.2999534606933594,38.20000076293945,,,False,True,,,,,LSTM,0,48,64,0.05
test_44,A2,test,44,36.00004577636719,358,316.9850769042969,0.05759044352445665,,2.1999549865722656,38.20000076293945,,,False,True,,,,,LSTM,0,48,64,0.05
test_44,A2,test,44,36.10004425048828,359,316.9850769042969,0.05497268247409277,,2.099956512451172,38.20000076293945,,,False,True,,,,,LSTM,0,48,64,0.05
test_44,A2,test,44,36.20004653930664,360,316.9850769042969,0.0523548215625459,,1.9999542236328125,38.20000076293945,,,False,True,,,,,LSTM,0,48,64,0.05
test_44,A2,test,44,36.300048828125,361,316.9850769042969,0.04973696065099904,,1.8999519348144531,38.20000076293945,,,False,True,,,,,LSTM,0,48,64,0.05
test_44,A2,test,44,36.400047302246094,362,316.9850769042969,0.04711919960063516,,1.7999534606933594,38.20000076293945,,,False,True,,,,,LSTM,0,48,64,0.05
test_44,A2,test,44,36.50004577636719,363,316.9850769042969,0.04450143855027127,,1.6999549865722656,38.20000076293945,,,False,True,,,,,LSTM,0,48,64,0.05
test_44,A2,test,44,36.60004806518555,364,316.9850769042969,0.04188357763872441,,1.5999526977539062,38.20000076293945,,,False,True,,,,,LSTM,0,48,64,0.05
test_44,A2,test,44,36.700050354003906,365,316.9850769042969,0.03926571672717755,,1.4999504089355469,38.20000076293945,,,False,True,,,,,LSTM,0,48,64,0.05
test_44,A2,test,44,36.800048828125,366,316.9850769042969,0.036647955676813664,,1.3999519348144531,38.20000076293945,,,False,True,,,,,LSTM,0,48,64,0.05
test_44,A2,test,44,36.900047302246094,367,316.9850769042969,0.034030194626449774,,1.2999534606933594,38.20000076293945,,,False,True,,,,,LSTM,0,48,64,0.05
test_44,A2,test,44,37.00004959106445,368,316.9850769042969,0.031412333714902915,,1.199951171875,38.20000076293945,,,False,True,,,,,LSTM,0,48,64,0.05
test_44,A2,test,44,37.10005187988281,369,316.9850769042969,0.028794472803356053,,1.0999488830566406,38.20000076293945,,,False,True,,,,,LSTM,0,48,64,0.05
test_44,A2,test,44,37.200050354003906,370,316.9850769042969,0.026176711752992167,,0.9999504089355469,38.20000076293945,,,False,True,,,,,LSTM,0,48,64,0.05
test_44,A2,test,44,37.300048828125,371,316.9850769042969,0.023558950702628277,,0.8999519348144531,38.20000076293945,,,False,True,,,,,LSTM,0,48,64,0.05
test_44,A2,test,44,37.40005111694336,372,316.9850769042969,0.02094108979108142,,0.7999496459960938,38.20000076293945,,,False,True,,,,,LSTM,0,48,64,0.05
test_44,A2,test,44,37.50005340576172,373,316.9850769042969,0.01832322887953456,,0.6999473571777344,38.20000076293945,,,False,True,,,,,LSTM,0,48,64,0.05
test_44,A2,test,44,37.60005187988281,374,316.9850769042969,0.01570546782917067,,0.5999488830566406,38.20000076293945,,,False,True,,,,,LSTM,0,48,64,0.05
test_44,A2,test,44,37.700050354003906,375,316.9850769042969,0.01308770677880678,,0.4999504089355469,38.20000076293945,,,False,True,,,,,LSTM,0,48,64,0.05
test_44,A2,test,44,37.800052642822266,376,316.9850769042969,0.010469845867259922,,0.3999481201171875,38.20000076293945,,,False,True,,,,,LSTM,0,48,64,0.05
test_44,A2,test,44,37.900054931640625,377,316.9850769042969,0.007851984955713064,,0.2999458312988281,38.20000076293945,,,False,True,,,,,LSTM,0,48,64,0.05
test_44,A2,test,44,38.00005340576172,378,316.9850769042969,0.005234223905349174,,0.19994735717773438,38.20000076293945,,,False,True,,,,,LSTM,0,48,64,0.05
test_44,A2,test,44,38.10005187988281,379,316.9850769042969,0.0026164628549852848,,0.09994888305664062,38.20000076293945,,,False,True,,,,,LSTM,0,48,64,0.05
test_44,A2,test,44,38.20005416870117,380,316.9850769042969,0.0,,0.0,38.20000076293945,,,False,True,,,,,LSTM,0,48,64,0.05
