time,event,mid,state,action,kind,duration,h,dh,eta,slack_pressure,im_count,im_damage,risk_h,risk_trend,im_longterm_penalty,opportunity_cost,p_fail,expected_fail_cost,downtime_cost,delta_t_since_last_maint,lambda_hat,ddt_hat,goal,rule,dispatched,op,job_due,overdue,local_urgency,breakdown_flag,breakdown_cost,t_e,t_l,window_violation,risk_t,mat_cost,scrap_part_cost
29.367830392761192,scheduling,,"[6.0,1.0,1.0,1.0,200.0,1.0,0.0,0.0,0.0,0.0,0.0,0.0]",,,,,,,,,,,,,,,,,,200.0,1.0,1,4,True,"{""mid"":2,""t0"":29.367830392761192,""t1"":65.55209503379405,""jid"":0,""oid"":0}",88.71065044392697,False,,False,0.0,,,,,,0.0
47.78584648524753,scheduling,,"[5.0,2.0,1.0,2.0,18.41801643371582,1.0,-9.20900821685791,-16.576213836669922,0.20564530789852142,0.1666666716337204,0.5,1.0]",,,,,,,,,,,,,,,,,,18.41801609248634,1.0,2,3,True,"{""mid"":1,""t0"":47.78584648524753,""t1"":56.823846150499605,""jid"":1,""oid"":0}",153.73120721023878,False,,False,0.0,,,,,,0.0
56.823846150499605,maintenance,1,"[0.9794185161590576,0.0,100.0,0.26760923862457275,0.0,-12.457643508911133,2.0,18.41801643371582,1.0,1.0,0.022006073966622353,0.0,109.88863372802734,0.9794185161590576,0.009999999776482582,56.82384490966797]",0,DN,0.0,0.9794184914569242,0.0,100.0,0.2676092428027399,0,0.0,0.022006074831839733,0.0,0.0,0.0,0.022006074831839733,0.0,0.0,56.823846150499605,18.41801609248634,1.0,,,,,,,0.0,False,0.0,56.823846150499605,166.71248110494236,False,0.022006074831839733,0.0,0.0
56.823846150499605,scheduling,,"[5.0,2.0,1.0,2.0,18.41801643371582,1.0,-12.457643508911133,-24.456340789794922,0.26760923862457275,0.1666666716337204,0.5,1.0]",,,,,,,,,,,,,,,,,,18.41801609248634,1.0,2,0,True,"{""mid"":0,""t0"":56.823846150499605,""t1"":89.70620602421829,""jid"":1,""oid"":1}",153.73120721023878,False,,False,0.0,,,,,,0.0
59.78975798570902,scheduling,,"[4.0,3.0,1.0,3.0,15.21096420288086,1.0,-10.282370567321777,-24.422578811645508,0.22667761147022247,0.3333333432674408,0.6666666865348816,1.0]",,,,,,,,,,,,,,,,,,15.210963796473912,1.0,2,3,True,"{""mid"":1,""t0"":59.78975798570902,""t1"":64.25298620357036,""jid"":2,""oid"":0}",106.08686011207752,False,,False,0.0,,,,,,0.0
64.25298620357036,maintenance,1,"[0.9465203285217285,-0.03289814293384552,10.533127784729004,0.24966585636138916,0.0,-11.489465713500977,3.0,15.21096420288086,1.0,1.0,0.03031867928802967,0.0,106.29486846923828,0.9465203285217285,0.009999999776482582,64.25298309326172]",0,DN,0.0,0.9465203493787538,-0.03289814207817032,10.533128240353994,0.2496658521258318,0,0.0,0.03031867892519107,0.0,0.0,0.0,0.03031867892519107,0.0,0.0,64.25298620357036,15.210963796473912,1.0,,,,,,,0.0,False,0.0,64.25298620357036,170.54785647360552,False,0.03031867892519107,0.0,0.0
64.25298620357036,scheduling,,"[4.0,3.0,1.0,3.0,15.21096420288086,1.0,-11.489465713500977,-28.885807037353516,0.24966585636138916,0.3333333432674408,0.6666666865348816,1.0]",,,,,,,,,,,,,,,,,,15.210963796473912,1.0,2,0,True,"{""mid"":1,""t0"":64.25298620357036,""t1"":89.50986251576471,""jid"":2,""oid"":1}",106.08686011207752,False,,False,0.0,,,,,,0.0
65.55209503379405,maintenance,2,"[0.9217954277992249,0.0,100.0,0.03631119057536125,0.018808025866746902,-1.4794739484786987,3.0,15.21096420288086,1.0,1.0,0.03849563002586365,0.7523210644721985,102.87444305419922,0.9217954277992249,0.009999999776482582,65.55209350585938]",0,DN,0.0,0.9217954345448955,0.0,100.0,0.036311191487856664,0,0.0,0.03849563133965476,0.0,0.0,0.0,0.03849563133965476,0.0,0.0,65.55209503379405,15.210963796473912,1.0,,,,,,,0.018808025981129007,False,0.0,66.3044160730392,168.42653523341176,False,0.03849563133965476,0.0,0.0
65.55209503379405,scheduling,,"[4.0,3.0,1.0,3.0,15.21096420288086,1.0,-1.4794739484786987,-5.401408672332764,0.03631119057536125,0.3333333432674408,0.6666666865348816,1.0]",,,,,,,,,,,,,,,,,,15.210963796473912,1.0,1,3,True,"{""mid"":4,""t0"":65.55209503379405,""t1"":72.67205334605566,""jid"":0,""oid"":1}",88.71065044392697,False,,False,0.0,,,,,,0.0
72.67205334605566,maintenance,4,"[0.9811947345733643,0.0,100.0,0.18557032942771912,0.0,-8.210687637329102,3.0,15.21096420288086,1.0,1.0,0.021627027541399002,0.0,110.05537414550781,0.9811947345733643,0.009999999776482582,72.67205047607422]",0,DN,0.0,0.981194712191607,0.0,100.0,0.18557032231553072,0,0.0,0.02162702818227222,0.0,0.0,0.0,0.02162702818227222,0.0,0.0,72.67205334605566,15.210963796473912,1.0,,,,,,,0.0,False,0.0,72.67205334605566,182.7274263471727,False,0.02162702818227222,0.0,0.0
89.50986251576471,maintenance,1,"[0.859085738658905,-0.08743461221456528,2.9631943702697754,0.5293460488319397,0.0,-30.145286560058594,3.0,15.21096420288086,1.0,1.0,0.06972914934158325,0.0,90.7923583984375,0.859085738658905,0.009999999776482582,89.5098648071289]",0,DN,0.0,0.8590857385687859,-0.08743461080996795,2.963194279344227,0.5293460589906704,0,0.0,0.06972914632425072,0.0,0.0,0.0,0.06972914632425072,0.0,0.0,89.50986251576471,15.210963796473912,1.0,,,,,,,0.0,False,0.0,89.50986251576471,180.3022240035799,False,0.06972914632425072,0.0,0.0
89.70620602421829,maintenance,0,"[0.9678220152854919,0.0,100.0,0.0,0.0,5.737730503082275,3.0,15.21096420288086,1.5,1.0,0.024645181372761726,0.0,108.73470306396484,0.9678220152854919,0.009999999776482582,89.70620727539062]",0,DN,0.0,0.967821991842659,0.0,100.0,0.0,0,0.0,0.024645181453673896,0.0,0.0,0.0,0.024645181453673896,0.0,0.0,89.70620602421829,15.210963796473912,1.5,,,,,,,0.0,False,0.0,89.70620602421829,198.44091108597604,False,0.024645181453673896,0.0,0.0
89.70620602421829,scheduling,,"[6.0,1.0,1.0,3.0,15.21096420288086,1.5,5.737730503082275,5.737730503082275,0.0,0.0,0.0,1.0]",,,,,,,,,,,,,,,,,,15.210963796473912,1.5,0,3,True,"{""mid"":0,""t0"":89.70620602421829,""t1"":125.235384012671,""jid"":1,""oid"":2}",153.73120721023878,False,,False,0.0,,,,,,0.0
125.235384012671,maintenance,0,"[0.9368916749954224,-0.030930327251553535,10.891952514648438,0.0,0.0,9.312262535095215,3.0,15.21096420288086,1.5,1.0,0.033281147480010986,0.0,105.042724609375,0.9368916749954224,0.009999999776482582,125.23538208007812]",0,DN,0.0,0.9368916638200524,-0.030930328022606646,10.89195250609117,0.0,0,0.0,0.033281146775026305,0.0,0.0,0.0,0.033281146775026305,0.0,0.0,125.235384012671,15.210963796473912,1.5,,,,,,,0.0,False,0.0,125.235384012671,230.27810728217668,False,0.033281146775026305,0.0,0.0
125.235384012671,scheduling,,"[6.0,1.0,1.0,3.0,15.21096420288086,1.5,9.312262535095215,9.312262535095215,0.0,0.0,0.0,1.0]",,,,,,,,,,,,,,,,,,15.210963796473912,1.5,0,3,True,"{""mid"":0,""t0"":125.235384012671,""t1"":144.4189448136903,""jid"":1,""oid"":3}",153.73120721023878,False,,False,0.0,,,,,,0.0
144.4189448136903,maintenance,0,"[0.9186071753501892,-0.018284494057297707,17.424991607666016,0.0,0.0,150.0,3.0,15.21096420288086,2.0,1.0,0.03969324752688408,0.0,102.38280487060547,0.9186071753501892,0.009999999776482582,144.4189453125]",0,DN,0.0,0.9186071696384382,-0.018284494181614153,17.42499226250467,0.0,0,0.0,0.039693246959730956,0.0,0.0,0.0,0.039693246959730956,0.0,0.0,144.4189448136903,15.210963796473912,2.0,,,,,,,0.0,False,0.0,144.4189448136903,246.801747393332,False,0.039693246959730956,0.0,0.0
210.95785766421068,scheduling,,"[6.0,1.0,1.0,4.0,60.53001022338867,1.0,0.0,0.0,0.0,0.0,0.0,0.0]",,,,,,,,,,,,,,,,,,60.53000909048317,1.0,0,3,True,"{""mid"":2,""t0"":210.95785766421068,""t1"":229.7611385830028,""jid"":3,""oid"":0}",293.01012060404037,False,,False,0.0,,,,,,0.0
229.56813928399112,scheduling,,"[5.0,2.0,1.0,4.0,60.59409713745117,1.0,-9.305140495300293,-16.74925422668457,0.20755210518836975,0.1666666716337204,0.5,0.0]",,,,,,,,,,,,,,,,,,60.5940975995812,1.0,1,3,True,"{""mid"":5,""t0"":229.56813928399112,""t1"":234.13333263483824,""jid"":4,""oid"":0}",319.6485132554235,False,,False,0.0,,,,,,0.0
229.7611385830028,maintenance,2,"[0.8840604424476624,-0.037734974175691605,7.527776718139648,0.0,0.0,7.386727333068848,4.0,60.59409713745117,1.5,0.0,0.055169012397527695,0.0,96.23717498779297,0.8840604424476624,0.009999999776482582,229.76113891601562]",0,DN,0.0,0.884060461383553,-0.037734973161342555,7.527776955584471,0.0,0,0.0,0.05516901357132703,0.0,0.0,0.0,0.05516901357132703,0.0,0.0,229.7611385830028,60.5940975995812,1.5,,,,,,,0.0,False,0.0,229.7611385830028,325.99831078829726,False,0.05516901357132703,0.0,0.0
229.7611385830028,scheduling,,"[5.0,2.0,1.0,4.0,60.59409713745117,1.5,7.386727333068848,1.3229459524154663,0.0,0.1666666716337204,0.5,0.0]",,,,,,,,,,,,,,,,,,60.5940975995812,1.5,0,1,True,"{""mid"":2,""t0"":229.7611385830028,""t1"":243.53782468161987,""jid"":3,""oid"":1}",293.01012060404037,False,,False,0.0,,,,,,0.0
234.13333263483824,maintenance,5,"[0.9888637065887451,0.0,100.0,0.0,0.0,10.7178316116333,4.0,60.59409713745117,1.5,0.0,0.020062491297721863,0.0,110.74627685546875,0.9888637065887451,0.009999999776482582,234.13333129882812]",0,DN,0.0,0.9888636798347811,0.0,100.0,0.0,0,0.0,0.02006249203539551,0.0,0.0,0.0,0.02006249203539551,0.0,0.0,234.13333263483824,60.5940975995812,1.5,,,,,,,0.0,False,0.0,234.13333263483824,344.87960770044185,False,0.02006249203539551,0.0,0.0
234.13333263483824,scheduling,,"[5.0,2.0,1.0,4.0,60.59409713745117,1.5,10.7178316116333,10.618973731994629,0.0,0.1666666716337204,0.0,0.0]",,,,,,,,,,,,,,,,,,60.5940975995812,1.5,1,1,True,"{""mid"":4,""t0"":234.13333263483824,""t1"":243.47304976522952,""jid"":4,""oid"":1}",319.6485132554235,False,,False,0.0,,,,,,0.0
243.47304976522952,maintenance,4,"[0.9812632203102112,6.848252814961597e-05,100.0,0.0,0.0,11.053353309631348,4.0,60.59409713745117,1.5,0.0,0.021612541750073433,0.0,110.06175231933594,0.9812632203102112,0.009999999776482582,243.47305297851562]",0,DN,0.0,0.9812631947193672,6.848252776014974e-05,100.0,0.0,0,0.0,0.02161254250499094,0.0,0.0,0.0,0.02161254250499094,0.0,0.0,243.47304976522952,60.5940975995812,1.5,,,,,,,0.0,False,0.0,243.47304976522952,353.53479985756314,False,0.02161254250499094,0.0,0.0
243.47304976522952,scheduling,,"[5.0,2.0,1.0,4.0,60.59409713745117,1.5,11.053353309631348,3.2143046855926514,0.0,0.1666666716337204,0.0,0.0]",,,,,,,,,,,,,,,,,,60.5940975995812,1.5,3,2,True,"{""mid"":5,""t0"":243.47304976522952,""t1"":251.47703427945757,""jid"":4,""oid"":2}",319.6485132554235,False,,False,0.0,,,,,,0.0
243.53782468161987,maintenance,2,"[0.8600093722343445,-0.024051085114479065,10.810712814331055,0.0,0.0,25.18195343017578,4.0,60.59409713745117,2.0,0.0,0.06913238763809204,0.0,91.00934600830078,0.8600093722343445,0.009999999776482582,243.53782653808594]",0,DN,0.0,0.8600093769236058,-0.024051084459947192,10.81071322819581,0.0,0,0.0,0.06913238575861017,0.0,0.0,0.0,0.06913238575861017,0.0,0.0,243.53782468161987,60.5940975995812,2.0,,,,,,,0.0,False,0.0,243.53782468161987,334.54717024547347,False,0.06913238575861017,0.0,0.0
243.53782468161987,scheduling,,"[5.0,2.0,1.0,4.0,60.59409713745117,2.0,25.18195343017578,21.666301727294922,0.0,0.1666666716337204,0.0,0.0]",,,,,,,,,,,,,,,,,,60.5940975995812,2.0,0,3,True,"{""mid"":4,""t0"":243.53782468161987,""t1"":255.84462943822922,""jid"":3,""oid"":2}",293.01012060404037,False,,False,0.0,,,,,,0.0
251.47703427945757,maintenance,5,"[0.9688010811805725,-0.02006261795759201,18.38249969482422,0.0,0.0,26.726335525512695,3.0,84.88919067382812,2.0,0.0,0.024410927668213844,0.0,108.83663940429688,0.9688010811805725,0.009999999776482582,251.47703552246094]",0,DN,0.0,0.968801061364223,-0.020062618470558125,18.382498869997363,0.0,0,0.0,0.02441092681964335,0.0,0.0,0.0,0.02441092681964335,0.0,0.0,251.47703427945757,84.88919064914106,2.0,,,,,,,0.0,False,0.0,251.47703427945757,360.3136735250296,False,0.02441092681964335,0.0,0.0
251.47703427945757,scheduling,,"[5.0,2.0,1.0,3.0,84.88919067382812,2.0,26.726335525512695,22.655113220214844,0.0,0.1666666716337204,0.0,0.0]",,,,,,,,,,,,,,,,,,84.88919064914106,2.0,0,1,True,"{""mid"":1,""t0"":251.47703427945757,""t1"":262.578002033992,""jid"":4,""oid"":3}",319.6485132554235,False,,False,0.0,,,,,,0.0
255.84462943822922,maintenance,4,"[0.9559955596923828,-0.02526763640344143,14.088993072509766,0.0,0.0,27.447769165039062,3.0,84.88919067382812,2.0,0.0,0.027653615921735764,0.0,107.4340591430664,0.9559955596923828,0.009999999776482582,255.84463500976562]",0,DN,0.0,0.9559955585081417,-0.02526763621122552,14.088993348336455,0.0,0,0.0,0.02765361656580897,0.0,0.0,0.0,0.02765361656580897,0.0,0.0,255.84462943822922,84.88919064914106,2.0,,,,,,,0.0,False,0.0,255.84462943822922,363.27869078156573,False,0.02765361656580897,0.0,0.0
262.578002033992,maintenance,1,"[0.8149689435958862,-0.0441167950630188,4.872723579406738,0.0,0.0,36.46344757080078,2.0,18.610280990600586,2.0,1.0,0.10436024516820908,0.0,79.04764556884766,0.8149689435958862,0.009999999776482582,262.5780029296875]",0,DN,0.0,0.8149689427035607,-0.04411679586522521,4.872723380915535,0.0,0,0.0,0.10436024855477695,0.0,0.0,0.0,0.10436024855477695,0.0,0.0,262.578002033992,18.610281619780437,2.0,,,,,,,0.0,False,0.0,262.578002033992,341.6256451860615,False,0.10436024855477695,0.0,0.0
262.578002033992,scheduling,,"[6.0,1.0,1.0,2.0,18.610280990600586,2.0,36.46344757080078,36.46344757080078,0.0,0.0,0.0,1.0]",,,,,,,,,,,,,,,,,,18.610281619780437,2.0,1,5,True,"{""mid"":0,""t0"":262.578002033992,""t1"":304.25858933553906,""jid"":4,""oid"":4}",319.6485132554235,False,,False,0.0,,,,,,0.0
293.90970066547305,scheduling,,"[5.0,2.0,1.0,3.0,41.475921630859375,1.0,2.565875291824341,0.5131750106811523,0.0,0.1666666716337204,0.0,0.0]",,,,,,,,,,,,,,,,,,41.47592150063119,1.0,1,3,True,"{""mid"":5,""t0"":293.90970066547305,""t1"":315.93461346896186,""jid"":5,""oid"":0}",379.5325871403152,False,,False,0.0,,,,,,0.0
304.25858933553906,maintenance,0,"[0.8871330618858337,-0.031474098563194275,9.12283706665039,0.22796255350112915,0.0,-10.348888397216797,3.0,41.475921630859375,1.0,0.0,0.053589120507240295,0.0,96.84727478027344,0.8871330618858337,0.009999999776482582,304.2585754394531]",0,DN,0.0,0.8871330705418955,-0.03147409909654275,9.122836833586618,0.22796254766875101,0,0.0,0.05358912207826328,0.0,0.0,0.0,0.05358912207826328,0.0,0.0,304.25858933553906,41.47592150063119,1.0,,,,,,,0.0,False,0.0,304.25858933553906,401.10586446193037,False,0.05358912207826328,0.0,0.0
309.93045771445634,scheduling,,"[5.0,2.0,1.0,4.0,32.990867614746094,1.0,-8.01037883758545,-14.418681144714355,0.18148164451122284,0.1666666716337204,0.5,1.0]",,,,,,,,,,,,,,,,,,32.99086668341522,1.0,3,0,True,"{""mid"":1,""t0"":309.93045771445634,""t1"":337.5022652312578,""jid"":6,""oid"":0}",407.2791691037423,False,,False,0.0,,,,,,0.0
315.93461346896186,maintenance,5,"[0.8952683210372925,-0.07353272289037704,4.015468120574951,0.05290672183036804,0.0,-2.1743075847625732,4.0,32.990867614746094,1.0,1.0,0.049609843641519547,0.0,98.40113830566406,0.8952683210372925,0.009999999776482582,315.9346008300781]",0,DN,0.0,0.895268334996236,-0.07353272636798691,4.015468344238949,0.052906721236552046,0,0.0,0.04960984207008886,0.0,0.0,0.0,0.04960984207008886,0.0,0.0,315.93461346896186,32.99086668341522,1.0,,,,,,,0.0,False,0.0,315.93461346896186,414.33575200718724,False,0.04960984207008886,0.0,0.0
315.93461346896186,scheduling,,"[5.0,2.0,1.0,4.0,32.990867614746094,1.0,-2.1743075847625732,-5.238186359405518,0.05290672183036804,0.1666666716337204,0.5,1.0]",,,,,,,,,,,,,,,,,,32.99086668341522,1.0,1,3,True,"{""mid"":0,""t0"":315.93461346896186,""t1"":324.5869675956038,""jid"":5,""oid"":1}",379.5325871403152,False,,False,0.0,,,,,,0.0
319.6599746916752,scheduling,,"[4.0,3.0,1.0,5.0,27.17552947998047,1.0,-3.933112621307373,-8.197577476501465,0.093648262321949,0.3333333432674408,0.6666666865348816,1.0]",,,,,,,,,,,,,,,,,,27.175529256866128,1.0,1,3,True,"{""mid"":5,""t0"":319.6599746916752,""t1"":326.9398429021583,""jid"":7,""oid"":0}",373.041983926816,False,,False,0.0,,,,,,0.0
324.5869675956038,maintenance,0,"[0.8766576051712036,-0.010475439950823784,26.41012191772461,0.13877516984939575,0.0,-5.975987434387207,5.0,27.17552947998047,1.0,1.0,0.05915728211402893,0.0,94.71407318115234,0.8766576051712036,0.009999999776482582,324.58697509765625]",0,DN,0.0,0.8766576309670125,-0.01047543957488295,26.41012140725406,0.13877517358219715,0,0.0,0.05915728082554017,0.0,0.0,0.0,0.05915728082554017,0.0,0.0,324.5869675956038,27.175529256866128,1.0,,,,,,,0.0,False,0.0,324.5869675956038,419.3010428880675,False,0.05915728082554017,0.0,0.0
324.5869675956038,scheduling,,"[4.0,3.0,1.0,5.0,27.17552947998047,1.0,-5.975987434387207,-12.710606575012207,0.13877516984939575,0.3333333432674408,0.6666666865348816,1.0]",,,,,,,,,,,,,,,,,,27.175529256866128,1.0,1,0,True,"{""mid"":3,""t0"":324.5869675956038,""t1"":350.3619726172157,""jid"":5,""oid"":2}",379.5325871403152,False,,False,0.0,,,,,,0.0
326.9398429021583,maintenance,5,"[0.8791533708572388,-0.016114963218569756,17.32261848449707,0.0,0.0,1.1670613288879395,5.0,27.17552947998047,1.0,1.0,0.05778339505195618,0.0,95.23601531982422,0.8791533708572388,0.009999999776482582,326.9398498535156]",0,DN,0.0,0.8791533718770063,-0.016114963119229775,17.32261934524046,0.0,0,0.0,0.05778339610630834,0.0,0.0,0.0,0.05778339610630834,0.0,0.0,326.9398429021583,27.175529256866128,1.0,,,,,,,0.0,False,0.0,326.9398429021583,422.17585592855426,False,0.05778339610630834,0.0,0.0
326.9398429021583,scheduling,,"[4.0,3.0,1.0,5.0,27.17552947998047,1.0,1.1670613288879395,-13.74697494506836,0.0,0.3333333432674408,0.6666666865348816,1.0]",,,,,,,,,,,,,,,,,,27.175529256866128,1.0,1,3,True,"{""mid"":5,""t0"":326.9398429021583,""t1"":335.43337893340936,""jid"":7,""oid"":1}",373.041983926816,False,,False,0.0,,,,,,0.0
335.43337893340936,maintenance,5,"[0.8705024719238281,-0.00865087378770113,31.26880645751953,0.3518754541873932,0.0,-17.346895217895508,5.0,27.17552947998047,1.0,1.0,0.06267749518156052,0.0,93.38976287841797,0.8705024719238281,0.009999999776482582,335.4333801269531]",0,DN,0.0,0.8705024979617003,-0.008650873915305946,31.2688059738221,0.3518754546299607,0,0.0,0.0626774938552539,0.0,0.0,0.0,0.0626774938552539,0.0,0.0,335.43337893340936,27.175529256866128,1.0,,,,,,,0.0,False,0.0,335.43337893340936,428.8231449207205,False,0.0626774938552539,0.0,0.0
337.5022652312578,maintenance,1,"[0.7292945981025696,-0.08567432314157486,1.509140968322754,0.12765905261039734,0.0,-5.4629974365234375,5.0,27.17552947998047,1.0,1.0,0.2153545469045639,0.0,50.70748519897461,0.7292945981025696,0.009999999776482582,337.50225830078125]",1,IM,7.743087946664367,0.7292946221351068,-0.08567432056845392,1.5091409103361395,0.12765905331979344,0,0.0,0.21535454977703758,0.0,0.0,0.0,0.21535454977703758,0.0,0.0,337.5022652312578,27.175529256866128,1.0,,,,,,,0.0,False,0.0,337.5022652312578,388.20975078079323,False,0.21535454977703758,1.0,0.0
337.5022652312578,scheduling,,"[4.0,2.0,1.0,5.0,27.17552947998047,1.0,-5.4629974365234375,-10.1004056930542,0.12765905261039734,0.1666666716337204,0.5,1.0]",,,,,,,,,,,,,,,,,,27.175529256866128,1.0,0,3,True,"{""mid"":5,""t0"":337.5022652312578,""t1"":345.41519355701143,""jid"":6,""oid"":1}",407.2791691037423,False,,False,0.0,,,,,,0.0
345.41519355701143,maintenance,5,"[0.8088101744651794,-0.06169229373335838,3.384704828262329,0.2098136991262436,0.0,-9.419461250305176,5.0,27.17552947998047,1.0,1.0,0.11025863140821457,0.0,77.20446014404297,0.8088101744651794,0.009999999776482582,345.4151916503906]",0,DN,0.0,0.8088102040617955,-0.061692293899904826,3.3847048125749404,0.20981370247002196,0,0.0,0.11025862965311908,0.0,0.0,0.0,0.11025862965311908,0.0,0.0,345.41519355701143,27.175529256866128,1.0,,,,,,,0.0,False,0.0,345.41519355701143,422.61965330894213,False,0.11025862965311908,0.0,0.0
345.41519355701143,scheduling,,"[5.0,2.0,1.0,5.0,27.17552947998047,1.0,-9.419461250305176,-17.2220401763916,0.2098136991262436,0.1666666716337204,0.5,1.0]",,,,,,,,,,,,,,,,,,27.175529256866128,1.0,3,0,True,"{""mid"":1,""t0"":345.41519355701143,""t1"":375.72848613651513,""jid"":6,""oid"":2}",407.2791691037423,False,,False,0.0,,,,,,0.0
350.3619726172157,maintenance,3,"[0.9599757194519043,0.0,100.0,0.0,0.0,0.538851261138916,5.0,27.17552947998047,1.0,1.0,0.02660328708589077,0.0,107.8863754272461,0.9599757194519043,0.009999999776482582,350.3619689941406]",0,DN,0.0,0.9599756942688266,0.0,100.0,0.0,0,0.0,0.026603286955976954,0.0,0.0,0.0,0.026603286955976954,0.0,0.0,350.3619726172157,27.175529256866128,1.0,,,,,,,0.0,False,0.0,350.3619726172157,458.24834815615185,False,0.026603286955976954,0.0,0.0
350.3619726172157,scheduling,,"[5.0,2.0,1.0,5.0,27.17552947998047,1.0,0.538851261138916,-3.5826432704925537,0.0,0.1666666716337204,0.5,1.0]",,,,,,,,,,,,,,,,,,27.175529256866128,1.0,1,5,True,"{""mid"":0,""t0"":350.3619726172157,""t1"":371.2861083203446,""jid"":5,""oid"":3}",379.5325871403152,False,,False,0.0,,,,,,0.0
359.28199322829664,scheduling,,"[4.0,3.0,1.0,6.0,29.664827346801758,1.0,-5.587446212768555,-11.4722900390625,0.13036887347698212,0.3333333432674408,0.6666666865348816,1.0]",,,,,,,,,,,,,,,,,,29.664827112817193,1.0,1,5,True,"{""mid"":2,""t0"":359.28199322829664,""t1"":381.7724324517789,""jid"":8,""oid"":0}",431.9175296176399,False,,False,0.0,,,,,,0.0
371.2861083203446,maintenance,0,"[0.8739234209060669,-0.0027342205867171288,100.18335723876953,0.0,0.0,25.322202682495117,7.0,24.80619239807129,2.0,1.0,0.06069755554199219,0.0,94.13232421875,0.8739234209060669,0.009999999776482582,371.2861022949219]",0,DN,0.0,0.8739234102749709,-0.0027342206920416556,100.18335793897859,0.0,0,0.0,0.06069755500349592,0.0,0.0,0.0,0.06069755500349592,0.0,0.0,371.2861083203446,24.80619202822921,2.0,,,,,,,0.0,False,0.0,371.2861083203446,465.4184349799757,False,0.06069755500349592,0.0,0.0
375.72848613651513,maintenance,1,"[0.7970010638237,-0.07815250009298325,2.520725965499878,0.0,0.0,29.959253311157227,7.0,24.80619239807129,2.0,1.0,0.12238776683807373,0.0,73.54817962646484,0.7970010638237,0.009999999776482582,30.48313331604004]",0,DN,0.0,0.797001045718071,-0.07815250084405712,2.520726062383599,0.0,0,0.0,0.12238776362330185,0.0,0.0,0.0,0.12238776362330185,0.0,0.0,30.483132958592932,24.80619202822921,2.0,,,,,,,0.0,False,0.0,375.72848613651513,449.2766651523623,False,0.12238776362330185,0.0,0.0
375.72848613651513,scheduling,,"[5.0,3.0,2.0,7.0,24.80619239807129,2.0,29.959253311157227,-13.705443382263184,0.0,0.1666666716337204,0.6666666865348816,1.0]",,,,,,,,,,,,,,,,,,24.80619202822921,2.0,1,2,True,"{""mid"":4,""t0"":375.72848613651513,""t1"":399.9975003732008,""jid"":6,""oid"":3}",407.2791691037423,False,,False,0.0,,,,,,0.0
381.7724324517789,maintenance,2,"[0.844427764415741,-0.01558162085711956,15.686927795410156,0.0,0.0,35.258689880371094,7.0,24.80619239807129,2.0,1.0,0.07985802739858627,0.0,87.18738555908203,0.844427764415741,0.009999999776482582,381.7724304199219]",0,DN,0.0,0.8444277562243611,-0.015581620699244736,15.686927627253104,0.0,0,0.0,0.07985802837974881,0.0,0.0,0.0,0.07985802837974881,0.0,0.0,381.7724324517789,24.80619202822921,2.0,,,,,,,0.0,False,0.0,381.7724324517789,468.9598153806122,False,0.07985802837974881,0.0,0.0
381.7724324517789,scheduling,,"[5.0,3.0,2.0,7.0,24.80619239807129,2.0,35.258689880371094,-4.720210552215576,0.0,0.1666666716337204,0.3333333432674408,1.0]",,,,,,,,,,,,,,,,,,24.80619202822921,2.0,2,5,True,"{""mid"":3,""t0"":381.7724324517789,""t1"":420.3778216682642,""jid"":8,""oid"":1}",431.9175296176399,False,,False,0.0,,,,,,0.0
381.7724324517789,scheduling,,"[4.0,3.0,1.0,7.0,24.80619239807129,2.0,35.258689880371094,-4.720210552215576,0.0,0.3333333432674408,0.3333333432674408,1.0]",,,,,,,,,,,,,,,,,,24.80619202822921,2.0,0,5,True,"{""mid"":2,""t0"":381.7724324517789,""t1"":408.99395981594097,""jid"":9,""oid"":0}",609.7929614978424,False,,False,0.0,,,,,,0.0
399.9975003732008,maintenance,4,"[0.8873533010482788,-0.06864223629236221,4.186246395111084,0.0,0.0,39.05556106567383,7.0,24.80619239807129,2.0,1.0,0.05347752571105957,0.0,96.89051818847656,0.8873533010482788,0.009999999776482582,399.99749755859375]",0,DN,0.0,0.8873533233313894,-0.06864223517675228,4.186246595721436,0.0,0,0.0,0.05347752551889367,0.0,0.0,0.0,0.05347752551889367,0.0,0.0,399.9975003732008,24.80619202822921,2.0,,,,,,,0.0,False,0.0,399.9975003732008,496.8880164407083,False,0.05347752551889367,0.0,0.0
408.99395981594097,maintenance,2,"[0.7891626358032227,-0.05526512488722801,3.422821044921875,0.0,0.0,43.66986846923828,7.0,24.80619239807129,2.0,1.0,0.13105915486812592,0.0,71.04085540771484,0.7891626358032227,0.009999999776482582,408.99395751953125]",1,IM,11.847619824608635,0.789162630766768,-0.0552651254575931,3.422820977976775,0.0,0,0.0,0.13105915005995783,0.0,0.0,0.0,0.13105915005995783,0.0,0.0,408.99395981594097,24.80619202822921,2.0,,,,,,,0.0,False,0.0,408.99395981594097,480.03481541678696,False,0.13105915005995783,1.0,0.0
408.99395981594097,scheduling,,"[4.0,2.0,1.0,7.0,24.80619239807129,2.0,43.66986846923828,-3.8114821910858154,0.0,0.1666666716337204,0.5,1.0]",,,,,,,,,,,,,,,,,,24.80619202822921,2.0,0,2,True,"{""mid"":1,""t0"":408.99395981594097,""t1"":425.44718970680276,""jid"":9,""oid"":1}",609.7929614978424,False,,False,0.0,,,,,,0.0
420.3778216682642,maintenance,3,"[0.9491215944290161,-0.01085412036627531,32.16489028930664,0.0,0.0,91.63768768310547,6.0,26.045373916625977,2.0,1.0,0.02956320531666279,0.0,106.61656951904297,0.9491215944290161,0.009999999776482582,420.3778076171875]",0,DN,0.0,0.9491215743430854,-0.010854119925741146,32.164890081518664,0.0,0,0.0,0.02956320549018076,0.0,0.0,0.0,0.02956320549018076,0.0,0.0,420.3778216682642,26.045374109918964,2.0,,,,,,,0.0,False,0.0,420.3778216682642,526.9943895645807,False,0.02956320549018076,0.0,0.0
425.44718970680276,maintenance,1,"[0.7464550137519836,-0.050546035170555115,2.897458076477051,0.0,0.0,119.25877380371094,6.0,26.045373916625977,2.0,1.0,0.18777237832546234,0.0,56.62226104736328,0.7464550137519836,0.009999999776482582,80.20183563232422]",1,IM,8.871242995500655,0.7464550122755107,-0.050546033442560256,2.897458065466996,0.0,0,0.0,0.18777238209182617,0.0,0.0,0.0,0.18777238209182617,0.0,0.0,80.20183652888056,26.045374109918964,2.0,,,,,,,0.0,False,0.0,425.44718970680276,482.0694508564202,False,0.18777238209182617,1.0,0.0
425.44718970680276,scheduling,,"[5.0,1.0,1.0,6.0,26.045373916625977,2.0,119.25877380371094,119.25877380371094,0.0,0.0,0.0,1.0]",,,,,,,,,,,,,,,,,,26.045374109918964,2.0,0,3,True,"{""mid"":4,""t0"":425.44718970680276,""t1"":438.4750762809066,""jid"":9,""oid"":2}",609.7929614978424,False,,False,0.0,,,,,,0.0
438.4750762809066,maintenance,4,"[0.8745827674865723,-0.012770578265190125,21.501197814941406,0.0,0.0,137.90223693847656,5.0,16.47132682800293,2.0,1.0,0.060322731733322144,0.0,94.27356719970703,0.8745827674865723,0.009999999776482582,438.4750671386719]",0,DN,0.0,0.8745827446279877,-0.012770578703401703,21.50119826244421,0.0,0,0.0,0.060322733341488875,0.0,0.0,0.0,0.060322733341488875,0.0,0.0,438.4750762809066,16.47132729202822,2.0,,,,,,,0.0,False,0.0,438.4750762809066,532.7486401321072,False,0.060322733341488875,0.0,0.0
438.4750762809066,scheduling,,"[6.0,1.0,1.0,5.0,16.47132682800293,2.0,137.90223693847656,137.90223693847656,0.0,0.0,0.0,1.0]",,,,,,,,,,,,,,,,,,16.47132729202822,2.0,0,3,True,"{""mid"":4,""t0"":438.4750762809066,""t1"":463.9496691565671,""jid"":9,""oid"":3}",609.7929614978424,False,,False,0.0,,,,,,0.0
463.9496691565671,maintenance,4,"[0.8361260294914246,-0.03845670074224472,6.140048980712891,0.0,0.0,150.0,5.0,16.47132682800293,2.0,1.0,0.08617488294839859,0.0,85.01197814941406,0.8361260294914246,0.009999999776482582,463.9496765136719]",1,IM,7.628164490476024,0.8361260423230993,-0.0384567023048884,6.140049150628401,0.0,0,0.0,0.08617488592485834,0.0,0.0,0.0,0.08617488592485834,0.0,0.0,463.9496691565671,16.47132729202822,2.0,,,,,,,0.0,False,0.0,463.9496691565671,548.9616501212065,False,0.08617488592485834,1.0,0.0
491.1186760164706,scheduling,,"[6.0,1.0,1.0,6.0,39.441795349121094,2.0,68.25360870361328,68.25360870361328,0.0,0.0,0.0,1.0]",,,,,,,,,,,,,,,,,,39.44179507019951,2.0,0,3,True,"{""mid"":4,""t0"":491.1186760164706,""t1"":503.506690424666,""jid"":10,""oid"":0}",627.6258863889472,False,,False,0.0,,,,,,0.0
503.506690424666,maintenance,4,"[0.9833509922027588,-0.016649017110466957,23.025442123413086,0.0,0.0,77.22441101074219,5.0,45.297054290771484,2.0,0.0,0.021175451576709747,0.0,110.25434875488281,0.9833509922027588,0.009999999776482582,31.928855895996094]",0,DN,0.0,0.9833509827898612,-0.016649017210138783,23.025442159817775,0.0,0,0.0,0.021175451933833703,0.0,0.0,0.0,0.021175451933833703,0.0,0.0,31.928856777622855,45.297054575503566,2.0,,,,,,,0.0,False,0.0,503.506690424666,613.761036644684,False,0.021175451933833703,0.0,0.0
503.506690424666,scheduling,,"[6.0,1.0,1.0,5.0,45.297054290771484,2.0,77.22441101074219,77.22441101074219,0.0,0.0,0.0,0.0]",,,,,,,,,,,,,,,,,,45.297054575503566,2.0,2,5,True,"{""mid"":3,""t0"":503.506690424666,""t1"":561.7093039860814,""jid"":10,""oid"":1}",627.6258863889472,False,,False,0.0,,,,,,0.0
555.628603063214,scheduling,,"[5.0,2.0,1.0,4.0,65.44886779785156,2.0,66.92723846435547,33.467445373535156,0.0,0.1666666716337204,0.0,0.0]",,,,,,,,,,,,,,,,,,65.44886994497244,2.0,1,5,True,"{""mid"":2,""t0"":555.628603063214,""t1"":573.4795254094316,""jid"":11,""oid"":0}",773.1325501488968,False,,False,0.0,,,,,,0.0
561.7093039860814,maintenance,3,"[0.885059654712677,-0.06406193226575851,4.449750900268555,0.0,0.0,76.20741271972656,2.0,64.50992584228516,2.0,0.0,0.05465049669146538,0.0,96.43698120117188,0.885059654712677,0.009999999776482582,561.7092895507812]",0,DN,0.0,0.8850596411763146,-0.06406193316677078,4.449750843987587,0.0,0,0.0,0.05465049612079542,0.0,0.0,0.0,0.05465049612079542,0.0,0.0,561.7093039860814,64.50992704674337,2.0,,,,,,,0.0,False,0.0,561.7093039860814,658.1462859421462,False,0.05465049612079542,0.0,0.0
561.7093039860814,scheduling,,"[5.0,2.0,1.0,2.0,64.50992584228516,2.0,76.20741271972656,55.03632736206055,0.0,0.1666666716337204,0.0,0.0]",,,,,,,,,,,,,,,,,,64.50992704674337,2.0,1,3,True,"{""mid"":5,""t0"":561.7093039860814,""t1"":569.1830316305487,""jid"":10,""oid"":2}",627.6258863889472,False,,False,0.0,,,,,,0.0
569.1830316305487,maintenance,5,"[0.8081194758415222,-0.0006907042698003352,301.3149108886719,0.0,0.0,95.19754791259766,2.0,64.50992584228516,2.0,0.0,0.11093804985284805,0.0,76.99492645263672,0.8081194758415222,0.009999999776482582,569.1830444335938]",1,IM,4.696725062894217,0.8081194997850143,-0.0006907042767811955,301.3149140394615,0.0,0,0.0,0.1109380483105844,0.0,0.0,0.0,0.1109380483105844,0.0,0.0,569.1830316305487,64.50992704674337,2.0,,,,,,,0.0,False,0.0,569.1830316305487,646.1779596294267,False,0.1109380483105844,1.0,0.0
573.4795254094316,maintenance,2,"[0.9290536046028137,-0.01794152520596981,18.3403377532959,0.0,0.0,107.0046157836914,2.0,64.50992584228516,2.0,0.0,0.035897281020879745,0.0,103.94923400878906,0.9290536046028137,0.009999999776482582,152.637939453125]",0,DN,0.0,0.9290536315347141,-0.017941525385407386,18.340337539100638,0.0,0,0.0,0.03589728010369388,0.0,0.0,0.0,0.03589728010369388,0.0,0.0,152.63794576888205,64.50992704674337,2.0,,,,,,,0.0,False,0.0,573.4795254094316,677.4287570204463,False,0.03589728010369388,0.0,0.0
573.4795254094316,scheduling,,"[5.0,1.0,1.0,2.0,64.50992584228516,2.0,107.0046157836914,107.0046157836914,0.0,0.0,0.0,0.0]",,,,,,,,,,,,,,,,,,64.50992704674337,2.0,0,1,True,"{""mid"":4,""t0"":573.4795254094316,""t1"":596.9161866873534,""jid"":11,""oid"":1}",773.1325501488968,False,,False,0.0,,,,,,0.0
592.4872230008791,scheduling,,"[5.0,2.0,1.0,3.0,50.68427276611328,2.0,89.99781036376953,88.3970947265625,0.0,0.1666666716337204,0.0,0.0]",,,,,,,,,,,,,,,,,,50.684273492204255,2.0,3,3,True,"{""mid"":0,""t0"":592.4872230008791,""t1"":601.6447516111119,""jid"":12,""oid"":0}",776.4846383502698,False,,False,0.0,,,,,,0.0
596.9161866873534,maintenance,4,"[0.9343441128730774,-0.04900685325264931,6.822395324707031,0.0,0.0,98.4646224975586,3.0,50.68427276611328,2.0,0.0,0.03411059454083443,0.0,104.69479370117188,0.9343441128730774,0.009999999776482582,125.3383560180664]",0,DN,0.0,0.9343441285883617,-0.04900685420149953,6.822395235034926,0.0,0,0.0,0.03411059547291238,0.0,0.0,0.0,0.03411059547291238,0.0,0.0,125.33835304031027,50.684273492204255,2.0,,,,,,,0.0,False,0.0,596.9161866873534,701.610977260513,False,0.03411059547291238,0.0,0.0
596.9161866873534,scheduling,,"[5.0,2.0,1.0,3.0,50.68427276611328,2.0,98.4646224975586,89.74871826171875,0.0,0.1666666716337204,0.0,0.0]",,,,,,,,,,,,,,,,,,50.684273492204255,2.0,3,3,True,"{""mid"":4,""t0"":596.9161866873534,""t1"":602.3716205455408,""jid"":11,""oid"":2}",773.1325501488968,False,,False,0.0,,,,,,0.0
601.6447516111119,maintenance,0,"[0.854422926902771,-0.019500477239489555,13.04701042175293,0.0,0.0,101.7164535522461,3.0,50.68427276611328,2.0,0.0,0.07281512022018433,0.0,89.67852020263672,0.854422926902771,0.009999999776482582,601.644775390625]",0,DN,0.0,0.8544229326800667,-0.019500477594904142,13.047010333047048,0.0,0,0.0,0.07281512215942566,0.0,0.0,0.0,0.07281512215942566,0.0,0.0,601.6447516111119,50.684273492204255,2.0,,,,,,,0.0,False,0.0,601.6447516111119,691.3232696954738,False,0.07281512215942566,0.0,0.0
601.6447516111119,scheduling,,"[5.0,2.0,1.0,3.0,50.68427276611328,2.0,101.7164535522461,99.3848648071289,0.0,0.1666666716337204,0.0,0.0]",,,,,,,,,,,,,,,,,,50.684273492204255,2.0,3,3,True,"{""mid"":3,""t0"":601.6447516111119,""t1"":615.1215658629087,""jid"":12,""oid"":1}",776.4846383502698,False,,False,0.0,,,,,,0.0
602.3716205455408,maintenance,4,"[0.9220717549324036,-0.012272358871996403,26.24367332458496,0.0,0.0,108.02487182617188,3.0,50.68427276611328,2.0,0.0,0.03839347884058952,0.0,102.9164810180664,0.9220717549324036,0.009999999776482582,130.79379272460938]",0,DN,0.0,0.9220717700060637,-0.012272358582298026,26.243673361258242,0.0,0,0.0,0.03839347965120742,0.0,0.0,0.0,0.03839347965120742,0.0,0.0,130.79378689849773,50.684273492204255,2.0,,,,,,,0.0,False,0.0,602.3716205455408,705.2881045253177,False,0.03839347965120742,0.0,0.0
602.3716205455408,scheduling,,"[5.0,2.0,1.0,3.0,50.68427276611328,2.0,108.02487182617188,100.06505584716797,0.0,0.1666666716337204,0.0,0.0]",,,,,,,,,,,,,,,,,,50.684273492204255,2.0,3,3,True,"{""mid"":5,""t0"":602.3716205455408,""t1"":609.9043533922037,""jid"":11,""oid"":3}",773.1325501488968,False,,False,0.0,,,,,,0.0
609.9043533922037,maintenance,5,"[0.9371721744537354,-0.0325712226331234,10.351842880249023,0.0,0.0,114.27105712890625,3.0,50.68427276611328,2.0,0.0,0.0331910140812397,0.0,105.08060455322266,0.9371721744537354,0.009999999776482582,36.02459716796875]",0,DN,0.0,0.937172177458056,-0.03257122228396103,10.351842940327387,0.0,0,0.0,0.033191013748083566,0.0,0.0,0.0,0.033191013748083566,0.0,0.0,36.024596698760774,50.684273492204255,2.0,,,,,,,0.0,False,0.0,609.9043533922037,714.9849547638614,False,0.033191013748083566,0.0,0.0
609.9043533922037,scheduling,,"[5.0,2.0,1.0,3.0,50.68427276611328,2.0,114.27105712890625,95.2881088256836,0.0,0.1666666716337204,0.0,0.0]",,,,,,,,,,,,,,,,,,50.684273492204255,2.0,1,4,True,"{""mid"":1,""t0"":609.9043533922037,""t1"":632.0068204662058,""jid"":11,""oid"":4}",773.1325501488968,False,,False,0.0,,,,,,0.0
615.1215658629087,maintenance,3,"[0.8678014278411865,-0.017258204519748688,15.517339706420898,0.0,0.0,122.18115234375,3.0,50.68427276611328,2.0,0.0,0.06428321450948715,0.0,92.79185485839844,0.8678014278411865,0.009999999776482582,615.12158203125]",0,DN,0.0,0.8678014359260753,-0.017258205250239356,15.517339841717385,0.0,0,0.0,0.06428321115795367,0.0,0.0,0.0,0.06428321115795367,0.0,0.0,615.1215658629087,50.684273492204255,2.0,,,,,,,0.0,False,0.0,615.1215658629087,707.9134237957426,False,0.06428321115795367,0.0,0.0
615.1215658629087,scheduling,,"[5.0,2.0,1.0,3.0,50.68427276611328,2.0,122.18115234375,113.7000503540039,0.0,0.1666666716337204,0.0,0.0]",,,,,,,,,,,,,,,,,,50.684273492204255,2.0,3,3,True,"{""mid"":4,""t0"":615.1215658629087,""t1"":639.2717804477996,""jid"":12,""oid"":2}",776.4846383502698,False,,False,0.0,,,,,,0.0
632.0068204662058,maintenance,1,"[0.8345950245857239,-0.06115097180008888,3.8363256454467773,0.0,0.0,94.69451904296875,3.0,50.68427276611328,2.0,0.0,0.08738819509744644,0.0,84.60039520263672,0.8345950245857239,0.009999999776482582,197.68838500976562]",0,DN,0.0,0.8345950433851017,-0.06115097134551106,3.836325707070273,0.0,0,0.0,0.08738819222770343,0.0,0.0,0.0,0.08738819222770343,0.0,0.0,197.68838776390237,50.684273492204255,2.0,,,,,,,0.0,False,0.0,632.0068204662058,716.6072187012592,False,0.08738819222770343,0.0,0.0
635.582942756099,scheduling,,"[5.0,2.0,1.0,4.0,48.154754638671875,2.0,94.62503814697266,91.8197250366211,0.0,0.1666666716337204,0.0,0.0]",,,,,,,,,,,,,,,,,,48.15475557987613,2.0,3,3,True,"{""mid"":0,""t0"":635.582942756099,""t1"":698.0909686724522,""jid"":13,""oid"":0}",831.8463062985433,False,,False,0.0,,,,,,0.0
639.2717804477996,maintenance,4,"[0.8793157935142517,-0.04275597631931305,6.532789707183838,0.0,0.0,102.73056030273438,4.0,48.154754638671875,2.0,0.0,0.05769502744078636,0.0,95.26968383789062,0.8793157935142517,0.009999999776482582,167.69393920898438]",0,DN,0.0,0.8793157948271256,-0.04275597517893803,6.532789713207595,0.0,0,0.0,0.05769502927334445,0.0,0.0,0.0,0.05769502927334445,0.0,0.0,167.69394680075652,48.15475557987613,2.0,,,,,,,0.0,False,0.0,639.2717804477996,734.541462243671,False,0.05769502927334445,0.0,0.0
639.2717804477996,scheduling,,"[5.0,2.0,1.0,4.0,48.154754638671875,2.0,102.73056030273438,96.10038757324219,0.0,0.1666666716337204,0.0,0.0]",,,,,,,,,,,,,,,,,,48.15475557987613,2.0,3,3,True,"{""mid"":5,""t0"":639.2717804477996,""t1"":649.2377119354679,""jid"":12,""oid"":3}",776.4846383502698,False,,False,0.0,,,,,,0.0
649.2377119354679,maintenance,5,"[0.9354543685913086,-0.0017178041161969304,195.2809295654297,0.0,0.0,84.47691345214844,4.0,48.154754638671875,2.0,0.0,0.033746689558029175,0.0,104.84729766845703,0.9354543685913086,0.009999999776482582,75.35795593261719]",0,DN,0.0,0.9354543733908185,-0.0017178040672375383,195.28092859290675,0.0,0,0.0,0.03374668847288241,0.0,0.0,0.0,0.03374668847288241,0.0,0.0,75.35795524202501,48.15475557987613,2.0,,,,,,,0.0,False,0.0,649.2377119354679,754.0850101475188,False,0.03374668847288241,0.0,0.0
685.8024430039837,scheduling,,"[5.0,2.0,1.0,5.0,48.67094039916992,2.0,56.022613525390625,49.53426742553711,0.0,0.1666666716337204,0.0,0.0]",,,,,,,,,,,,,,,,,,48.670941746878285,2.0,0,3,True,"{""mid"":4,""t0"":685.8024430039837,""t1"":708.7991607439938,""jid"":14,""oid"":0}",814.0685382776522,False,,False,0.0,,,,,,0.0
698.0909686724522,maintenance,0,"[0.8165425658226013,-0.037880394607782364,5.716480731964111,0.0,0.0,60.63606643676758,4.0,43.39128112792969,2.0,0.0,0.10289855301380157,0.0,79.51116943359375,0.8165425658226013,0.009999999776482582,698.0909423828125]",1,IM,14.407358145068411,0.816542539794327,-0.037880392885739744,5.716480830795329,0.0,0,0.0,0.10289855051232462,0.0,0.0,0.0,0.10289855051232462,0.0,0.0,698.0909686724522,43.39127998025659,2.0,,,,,,,0.0,False,0.0,698.0909686724522,777.6021407236376,False,0.10289855051232462,1.0,0.0
698.0909686724522,scheduling,,"[4.0,2.0,1.0,4.0,43.39128112792969,2.0,60.63606643676758,53.60283279418945,0.0,0.1666666716337204,0.0,0.0]",,,,,,,,,,,,,,,,,,43.39127998025659,2.0,0,3,True,"{""mid"":5,""t0"":698.0909686724522,""t1"":711.1182839075924,""jid"":13,""oid"":1}",831.8463062985433,False,,False,0.0,,,,,,0.0
708.7991607439938,maintenance,4,"[0.8345575928688049,-0.044758185744285583,5.2405524253845215,0.0,0.0,68.81779479980469,4.0,43.39128112792969,2.0,0.0,0.08741804957389832,0.0,84.59029388427734,0.8345575928688049,0.009999999776482582,237.22132873535156]",0,DN,0.0,0.8345576095738865,-0.04475818525323916,5.240552275450255,0.0,0,0.0,0.08741805086369643,0.0,0.0,0.0,0.08741805086369643,0.0,0.0,237.22132709695063,43.39127998025659,2.0,,,,,,,0.0,False,0.0,708.7991607439938,793.3894553724358,False,0.08741805086369643,0.0,0.0
708.7991607439938,scheduling,,"[4.0,2.0,1.0,4.0,43.39128112792969,2.0,68.81779479980469,60.73909378051758,0.0,0.1666666716337204,0.0,0.0]",,,,,,,,,,,,,,,,,,43.39127998025659,2.0,0,3,True,"{""mid"":1,""t0"":708.7991607439938,""t1"":735.152366719824,""jid"":14,""oid"":1}",814.0685382776522,False,,False,0.0,,,,,,0.0
711.1182839075924,maintenance,5,"[0.8889465928077698,-0.04650780186057091,6.212862491607666,0.0,0.0,72.37198638916016,4.0,43.39128112792969,2.0,0.0,0.05267677456140518,0.0,97.20135498046875,0.8889465928077698,0.009999999776482582,137.238525390625]",0,DN,0.0,0.8889465710133962,-0.04650780237742225,6.212862277785646,0.0,0,0.0,0.052676774160306014,0.0,0.0,0.0,0.052676774160306014,0.0,0.0,137.23852721414949,43.39127998025659,2.0,,,,,,,0.0,False,0.0,711.1182839075924,808.3196383673838,False,0.052676774160306014,0.0,0.0
711.1182839075924,scheduling,,"[4.0,2.0,1.0,4.0,43.39128112792969,2.0,72.37198638916016,68.99193572998047,0.0,0.1666666716337204,0.0,0.0]",,,,,,,,,,,,,,,,,,43.39127998025659,2.0,0,3,True,"{""mid"":2,""t0"":711.1182839075924,""t1"":720.4771307273978,""jid"":13,""oid"":2}",831.8463062985433,False,,False,0.0,,,,,,0.0
720.4771307273978,maintenance,2,"[0.8953588604927063,-0.0336947925388813,8.765711784362793,0.0,0.0,74.09403991699219,4.0,43.39128112792969,2.0,0.0,0.04956718906760216,0.0,98.41793060302734,0.8953588604927063,0.009999999776482582,299.63555908203125]",0,DN,0.0,0.8953588374869218,-0.0336947940477923,8.765711316353153,0.0,0,0.0,0.04956718870619155,0.0,0.0,0.0,0.04956718870619155,0.0,0.0,299.63555108684824,43.39127998025659,2.0,,,,,,,0.0,False,0.0,720.4771307273978,818.8950592561615,False,0.04956718870619155,0.0,0.0
720.4771307273978,scheduling,,"[5.0,2.0,1.0,4.0,43.39128112792969,2.0,74.09403991699219,68.60936737060547,0.0,0.1666666716337204,0.0,0.0]",,,,,,,,,,,,,,,,,,43.39127998025659,2.0,3,3,True,"{""mid"":2,""t0"":720.4771307273978,""t1"":744.0793201250276,""jid"":13,""oid"":3}",831.8463062985433,False,,False,0.0,,,,,,0.0
735.152366719824,maintenance,1,"[0.7732481956481934,-0.0613468661904335,2.82407546043396,0.0,0.0,66.27464294433594,4.0,43.39128112792969,2.0,0.0,0.15027040243148804,0.0,65.78620147705078,0.7732481956481934,0.009999999776482582,300.83392333984375]",1,IM,9.591837499268975,0.7732481788410501,-0.06134686454405158,2.8240755273913822,0.0,0,0.0,0.1502704070110654,0.0,0.0,0.0,0.1502704070110654,0.0,0.0,300.8339340175206,43.39127998025659,2.0,,,,,,,0.0,False,0.0,735.152366719824,800.9385683543446,False,0.1502704070110654,1.0,0.0
739.5177890678525,scheduling,,"[4.0,2.0,1.0,5.0,45.97229766845703,2.0,69.58866882324219,63.445106506347656,0.0,0.1666666716337204,0.0,0.0]",,,,,,,,,,,,,,,,,,45.97229650115963,2.0,0,3,True,"{""mid"":0,""t0"":739.5177890678525,""t1"":783.5893193413748,""jid"":15,""oid"":0}",894.0540447385758,False,,False,0.0,,,,,,0.0
744.0793201250276,maintenance,2,"[0.8625575304031372,-0.032801300287246704,8.004485130310059,0.0,0.0,72.70659637451172,5.0,45.97229766845703,2.0,0.0,0.0675104632973671,0.0,91.6017074584961,0.8625575304031372,0.009999999776482582,323.23773193359375]",0,DN,0.0,0.8625575366281464,-0.03280130085877542,8.004485485456096,0.0,0,0.0,0.06751046120740252,0.0,0.0,0.0,0.06751046120740252,0.0,0.0,323.237740484478,45.97229650115963,2.0,,,,,,,0.0,False,0.0,744.0793201250276,835.6810263074649,False,0.06751046120740252,0.0,0.0
783.5893193413748,maintenance,0,"[0.964738667011261,-0.015112407505512238,24.13504409790039,0.0,0.0,58.84151077270508,4.0,49.010189056396484,2.0,0.0,0.025397315621376038,0.0,108.40806579589844,0.964738667011261,0.009999999776482582,71.09099578857422]",0,DN,0.0,0.9647386398090194,-0.015112407944172901,24.135044604169565,0.0,0,0.0,0.025397315681091426,0.0,0.0,0.0,0.025397315681091426,0.0,0.0,71.0909925238542,49.01018868899113,2.0,,,,,,,0.0,False,0.0,783.5893193413748,891.9973836313779,False,0.025397315681091426,0.0,0.0
783.5893193413748,scheduling,,"[6.0,1.0,1.0,4.0,49.010189056396484,2.0,58.84151077270508,58.84151077270508,0.0,0.0,0.0,0.0]",,,,,,,,,,,,,,,,,,49.01018868899113,2.0,0,3,True,"{""mid"":2,""t0"":783.5893193413748,""t1"":813.4475655790586,""jid"":15,""oid"":1}",894.0540447385758,False,,False,0.0,,,,,,0.0
813.4475655790586,maintenance,2,"[0.810808539390564,-0.05174896866083145,4.073676586151123,0.0,0.0,59.28435516357422,3.0,51.96742248535156,2.0,0.0,0.1083134189248085,0.0,77.8075180053711,0.810808539390564,0.009999999776482582,392.6059875488281]",0,DN,0.0,0.8108085687243325,-0.05174896790381389,4.073676775856933,0.0,0,0.0,0.1083134156054094,0.0,0.0,0.0,0.1083134156054094,0.0,0.0,392.60598593850904,51.96742315587676,2.0,,,,,,,0.0,False,0.0,813.4475655790586,891.2550852483354,False,0.1083134156054094,0.0,0.0
813.4475655790586,scheduling,,"[6.0,1.0,1.0,3.0,51.96742248535156,2.0,59.28435516357422,59.28435516357422,0.0,0.0,0.0,0.0]",,,,,,,,,,,,,,,,,,51.96742315587676,2.0,0,3,True,"{""mid"":1,""t0"":813.4475655790586,""t1"":822.9925454143005,""jid"":15,""oid"":2}",894.0540447385758,False,,False,0.0,,,,,,0.0
818.709172780659,scheduling,,"[5.0,2.0,1.0,4.0,61.042076110839844,2.0,54.61637878417969,54.141475677490234,0.0,0.1666666716337204,0.0,0.0]",,,,,,,,,,,,,,,,,,61.04207667485332,2.0,0,3,True,"{""mid"":4,""t0"":818.709172780659,""t1"":829.680687308662,""jid"":16,""oid"":0}",929.1291922330729,False,,False,0.0,,,,,,0.0
822.9925454143005,maintenance,1,"[0.9049740433692932,-0.022923793643712997,13.303820610046387,0.0,0.0,50.9266357421875,4.0,61.042076110839844,2.0,0.0,0.04522868990898132,0.0,100.14077758789062,0.9049740433692932,0.009999999776482582,78.24834442138672]",0,DN,0.0,0.9049740214286072,-0.022923793180652963,13.303820141162182,0.0,0,0.0,0.045228690499058304,0.0,0.0,0.0,0.045228690499058304,0.0,0.0,78.24834119520744,61.04207667485332,2.0,,,,,,,0.0,False,0.0,822.9925454143005,923.1333238940715,False,0.045228690499058304,0.0,0.0
829.680687308662,maintenance,4,"[0.82069993019104,-0.013857689686119556,15.926169395446777,0.0,0.0,85.38070678710938,4.0,61.042076110839844,2.0,0.0,0.09912371635437012,0.0,80.7208480834961,0.82069993019104,0.009999999776482582,358.10284423828125]",0,DN,0.0,0.8206999194243696,-0.013857690149516877,15.926169299727338,0.0,0,0.0,0.09912371758517649,0.0,0.0,0.0,0.09912371758517649,0.0,0.0,358.10285366161884,61.04207667485332,2.0,,,,,,,0.0,False,0.0,829.680687308662,910.4015345821927,False,0.09912371758517649,0.0,0.0
829.680687308662,scheduling,,"[6.0,1.0,1.0,4.0,61.042076110839844,2.0,85.38070678710938,85.38070678710938,0.0,0.0,0.0,0.0]",,,,,,,,,,,,,,,,,,61.04207667485332,2.0,0,3,True,"{""mid"":3,""t0"":829.680687308662,""t1"":843.748482373004,""jid"":16,""oid"":1}",929.1291922330729,False,,False,0.0,,,,,,0.0
843.748482373004,maintenance,3,"[0.8594464659690857,-0.00835497584193945,31.052927017211914,0.0,0.0,150.0,3.0,66.45336151123047,2.0,0.0,0.06949552148580551,0.0,90.87725067138672,0.8594464659690857,0.009999999776482582,843.7484741210938]",1,IM,15.012761711565147,0.8594464601711603,-0.00835497575491495,31.052927953565483,0.0,0,0.0,0.06949551992973926,0.0,0.0,0.0,0.06949551992973926,0.0,0.0,843.748482373004,66.4533648883376,2.0,,,,,,,0.0,False,0.0,843.748482373004,934.6257294859411,False,0.06949551992973926,1.0,0.0
897.5734261247669,scheduling,,"[6.0,1.0,1.0,3.0,79.02781677246094,2.0,51.02964782714844,51.02964782714844,0.0,0.0,0.0,0.0]",,,,,,,,,,,,,,,,,,79.0278185284572,2.0,0,3,True,"{""mid"":2,""t0"":897.5734261247669,""t1"":911.5405759737702,""jid"":17,""oid"":0}",999.6327227742545,False,,False,0.0,,,,,,0.0
911.5405759737702,maintenance,2,"[0.7786262035369873,-0.03218238800764084,5.5504326820373535,0.0,0.0,64.48770904541016,3.0,79.02781677246094,2.0,0.0,0.1435316503047943,0.0,67.58358764648438,0.7786262035369873,0.009999999776482582,490.6990051269531]",1,IM,10.655677644821322,0.7786261802275879,-0.032182388496744596,5.550432661194703,0.0,0,0.0,0.1435316492279059,0.0,0.0,0.0,0.1435316492279059,0.0,0.0,490.6989963332206,79.0278185284572,2.0,,,,,,,0.0,False,0.0,911.5405759737702,979.124162173525,False,0.1435316492279059,1.0,0.0
911.5405759737702,scheduling,,"[5.0,1.0,1.0,3.0,79.02781677246094,2.0,64.48770904541016,64.48770904541016,0.0,0.0,0.0,0.0]",,,,,,,,,,,,,,,,,,79.0278185284572,2.0,0,3,True,"{""mid"":1,""t0"":911.5405759737702,""t1"":935.1450163054392,""jid"":17,""oid"":1}",999.6327227742545,False,,False,0.0,,,,,,0.0
935.1450163054392,maintenance,1,"[0.858452558517456,-0.04652143642306328,5.555559158325195,0.0,0.0,150.0,3.0,79.02781677246094,2.0,0.0,0.07014097273349762,0.0,90.6429214477539,0.858452558517456,0.009999999776482582,190.40081787109375]",0,DN,0.0,0.8584525865504201,-0.04652143487818705,5.555559221833101,0.0,0,0.0,0.07014097354856484,0.0,0.0,0.0,0.07014097354856484,0.0,0.0,190.40081208634615,79.0278185284572,2.0,,,,,,,0.0,False,0.0,935.1450163054392,1025.787937849041,False,0.07014097354856484,0.0,0.0
947.3646842982519,scheduling,,"[6.0,1.0,1.0,3.0,64.3277587890625,2.0,49.40394973754883,49.40394973754883,0.0,0.0,0.0,0.0]",,,,,,,,,,,,,,,,,,64.32775575879646,2.0,0,3,True,"{""mid"":1,""t0"":947.3646842982519,""t1"":975.7053111205244,""jid"":18,""oid"":0}",1095.5765328186296,False,,False,0.0,,,,,,0.0
949.409050118887,scheduling,,"[5.0,2.0,1.0,4.0,43.566627502441406,2.0,47.6502571105957,47.41771697998047,0.0,0.1666666716337204,0.0,0.0]",,,,,,,,,,,,,,,,,,43.56662577940934,2.0,0,3,True,"{""mid"":0,""t0"":949.409050118887,""t1"":957.9179683850863,""jid"":19,""oid"":0}",1093.2318380480058,False,,False,0.0,,,,,,0.0
952.7332433359471,scheduling,,"[4.0,3.0,1.0,5.0,33.50601577758789,2.0,36.61185836791992,25.75383949279785,0.0,0.3333333432674408,0.0,1.0]",,,,,,,,,,,,,,,,,,33.506017638822044,2.0,3,5,True,"{""mid"":5,""t0"":952.7332433359471,""t1"":973.4066755725703,""jid"":20,""oid"":0}",1016.283601212116,False,,False,0.0,,,,,,0.0
957.9179683850863,maintenance,0,"[0.9365729689598083,-0.0281656663864851,11.949761390686035,0.0,0.0,39.55179977416992,5.0,33.50601577758789,2.0,1.0,0.03338383138179779,0.0,104.99958801269531,0.9365729689598083,0.009999999776482582,245.41964721679688]",0,DN,0.0,0.9365729741691249,-0.028165665639894533,11.949761048515565,0.0,0,0.0,0.03338383307537256,0.0,0.0,0.0,0.03338383307537256,0.0,0.0,245.4196415675657,33.506017638822044,2.0,,,,,,,0.0,False,0.0,957.9179683850863,1062.9175547198195,False,0.03338383307537256,0.0,0.0
957.9179683850863,scheduling,,"[4.0,3.0,1.0,5.0,33.50601577758789,2.0,39.55179977416992,20.569114685058594,0.0,0.3333333432674408,0.0,1.0]",,,,,,,,,,,,,,,,,,33.506017638822044,2.0,1,3,True,"{""mid"":2,""t0"":957.9179683850863,""t1"":972.8977926578807,""jid"":19,""oid"":1}",1093.2318380480058,False,,False,0.0,,,,,,0.0
971.519450297399,scheduling,,"[3.0,4.0,1.0,6.0,30.562055587768555,2.0,37.5076789855957,9.252826690673828,0.0,0.5,0.0,1.0]",,,,,,,,,,,,,,,,,,30.562055503348006,2.0,3,5,True,"{""mid"":4,""t0"":971.519450297399,""t1"":976.2124828793283,""jid"":21,""oid"":0}",1188.0587496700473,False,,False,0.0,,,,,,0.0
972.8977926578807,maintenance,2,"[0.9165031909942627,-0.01784820482134819,17.733055114746094,0.0,0.0,39.7350959777832,6.0,30.562055587768555,2.0,1.0,0.040503039956092834,0.0,102.05170440673828,0.9165031909942627,0.009999999776482582,50.7015380859375]",0,DN,0.0,0.916503211322336,-0.017848204950769442,17.73305563194418,0.0,0,0.0,0.04050304003414639,0.0,0.0,0.0,0.04050304003414639,0.0,0.0,50.70153903928917,30.562055503348006,2.0,,,,,,,0.0,False,0.0,972.8977926578807,1074.9494962325093,False,0.04050304003414639,0.0,0.0
972.8977926578807,scheduling,,"[3.0,4.0,1.0,6.0,30.562055587768555,2.0,39.7350959777832,7.874484539031982,0.0,0.5,0.0,1.0]",,,,,,,,,,,,,,,,,,30.562055503348006,2.0,3,5,True,"{""mid"":2,""t0"":972.8977926578807,""t1"":998.55710631068,""jid"":19,""oid"":2}",1093.2318380480058,False,,False,0.0,,,,,,0.0
973.4066755725703,maintenance,5,"[0.8360084891319275,-0.052938055247068405,4.4582014083862305,0.0,0.0,45.107486724853516,6.0,30.562055587768555,2.0,1.0,0.08626747876405716,0.0,84.98049926757812,0.8360084891319275,0.009999999776482582,399.52691650390625]",0,DN,0.0,0.8360085172786965,-0.05293805373469973,4.4582016267817215,0.0,0,0.0,0.08626748048013036,0.0,0.0,0.0,0.08626748048013036,0.0,0.0,399.5269188791274,30.562055503348006,2.0,,,,,,,0.0,False,0.0,973.4066755725703,1058.387175781182,False,0.08626748048013036,0.0,0.0
973.4066755725703,scheduling,,"[3.0,4.0,1.0,6.0,30.562055587768555,2.0,45.107486724853516,23.56390380859375,0.0,0.5,0.0,1.0]",,,,,,,,,,,,,,,,,,30.562055503348006,2.0,2,4,True,"{""mid"":0,""t0"":973.4066755725703,""t1"":1002.75147290758,""jid"":20,""oid"":1}",1016.283601212116,False,,False,0.0,,,,,,0.0
974.343012295244,scheduling,,"[2.0,5.0,1.0,7.0,25.93897247314453,2.0,40.10816192626953,22.694881439208984,0.0,0.6666666865348816,0.0,1.0]",,,,,,,,,,,,,,,,,,25.938973252430838,2.0,2,4,True,"{""mid"":3,""t0"":974.343012295244,""t1"":997.7829957120775,""jid"":22,""oid"":0}",1045.9116486589587,False,,False,0.0,,,,,,0.0
975.7053111205244,maintenance,1,"[0.765635073184967,-0.09281749278306961,1.7845245599746704,0.0,0.0,44.905582427978516,7.0,25.93897247314453,2.0,1.0,0.16025245189666748,0.0,63.21122741699219,0.765635073184967,0.009999999776482582,230.9611053466797]",1,IM,9.755963415667706,0.76563509370315,-0.09281749284727014,1.7845245397405871,0.0,0,0.0,0.16025244860398263,0.0,0.0,0.0,0.16025244860398263,0.0,0.0,230.96110690143132,25.938973252430838,2.0,,,,,,,0.0,False,0.0,975.7053111205244,1038.9165394217139,False,0.16025244860398263,1.0,0.0
975.7053111205244,scheduling,,"[1.0,5.0,1.0,7.0,25.93897247314453,2.0,44.905582427978516,22.039447784423828,0.0,0.6666666865348816,0.0,1.0]",,,,,,,,,,,,,,,,,,25.938973252430838,2.0,0,3,True,"{""mid"":5,""t0"":975.7053111205244,""t1"":991.033042373564,""jid"":18,""oid"":1}",1095.5765328186296,False,,False,0.0,,,,,,0.0
976.2124828793283,maintenance,4,"[0.7991948127746582,-0.021505121141672134,9.262667655944824,0.0,0.0,45.33701705932617,7.0,25.93897247314453,2.0,1.0,0.12005092948675156,0.0,74.23888397216797,0.7991948127746582,0.009999999776482582,504.6346435546875]",1,IM,7.524213956340386,0.7991947984046268,-0.02150512101974278,9.262668097601312,0.0,0,0.0,0.12005092760640941,0.0,0.0,0.0,0.12005092760640941,0.0,0.0,504.63464923228514,25.938973252430838,2.0,,,,,,,0.0,False,0.0,976.2124828793283,1050.4513651212799,False,0.12005092760640941,1.0,0.0
985.461274536192,scheduling,,"[2.0,6.0,2.0,8.0,23.21022605895996,2.0,39.52242660522461,12.35922908782959,0.0,0.6666666865348816,0.0,1.0]",,,,,,,,,,,,,,,,,,23.210226162436292,2.0,0,3,True,"{""mid"":1,""t0"":985.461274536192,""t1"":1005.7786349630902,""jid"":21,""oid"":1}",1188.0587496700473,False,,False,0.0,,,,,,0.0
991.033042373564,maintenance,5,"[0.7899191379547119,-0.04608937352895737,4.120670795440674,0.0,0.0,36.78551483154297,9.0,21.138782501220703,2.0,1.0,0.13020001351833344,0.0,71.28540802001953,0.7899191379547119,0.009999999776482582,417.1532897949219]",0,DN,0.0,0.7899191439726199,-0.04608937330607665,4.120670999611531,0.0,0,0.0,0.13020001479730423,0.0,0.0,0.0,0.13020001479730423,0.0,0.0,417.15328568012103,21.138782288220696,2.0,,,,,,,0.0,False,0.0,991.033042373564,1062.3184527615567,False,0.13020001479730423,0.0,0.0
991.033042373564,scheduling,,"[2.0,7.0,3.0,9.0,21.138782501220703,2.0,36.78551483154297,6.863205432891846,0.0,0.6666666865348816,0.0,1.0]",,,,,,,,,,,,,,,,,,21.138782288220696,2.0,2,4,True,"{""mid"":5,""t0"":991.033042373564,""t1"":1020.0362103483209,""jid"":23,""oid"":0}",1164.1026582693337,False,,False,0.0,,,,,,0.0
997.7829957120775,maintenance,3,"[0.9686475992202759,-0.031352389603853226,11.758197784423828,0.0,0.0,33.55974197387695,9.0,21.138782501220703,2.0,1.0,0.024447498843073845,0.0,108.82071685791016,0.9686475992202759,0.009999999776482582,139.02175903320312]",0,DN,0.0,0.9686476099582408,-0.03135239004175916,11.758198002360535,0.0,0,0.0,0.024447498005746957,0.0,0.0,0.0,0.024447498005746957,0.0,0.0,139.02175162750837,21.138782288220696,2.0,,,,,,,0.0,False,0.0,997.7829957120775,1106.6037149821477,False,0.024447498005746957,0.0,0.0
998.55710631068,maintenance,2,"[0.879942774772644,-0.03656042367219925,7.656990051269531,0.0,0.0,35.51796340942383,9.0,21.138782501220703,2.0,1.0,0.05735509842634201,0.0,95.39930725097656,0.879942774772644,0.009999999776482582,76.36085510253906]",0,DN,0.0,0.8799427883666744,-0.03656042295566164,7.656989874164552,0.0,0,0.0,0.057355099817951484,0.0,0.0,0.0,0.057355099817951484,0.0,0.0,76.36085269208843,21.138782288220696,2.0,,,,,,,0.0,False,0.0,998.55710631068,1093.9564160995192,False,0.057355099817951484,0.0,0.0
998.55710631068,scheduling,,"[3.0,7.0,4.0,9.0,21.138782501220703,2.0,35.51796340942383,13.05289077758789,0.0,0.5,0.1428571492433548,1.0]",,,,,,,,,,,,,,,,,,21.138782288220696,2.0,2,5,True,"{""mid"":2,""t0"":998.55710631068,""t1"":1004.437513759042,""jid"":19,""oid"":3}",1093.2318380480058,False,,False,0.0,,,,,,0.0
1002.75147290758,maintenance,0,"[0.9200072288513184,-0.016565769910812378,19.31737518310547,0.0,0.0,37.429141998291016,9.0,21.138782501220703,2.0,1.0,0.0391630120575428,0.0,102.60018157958984,0.9200072288513184,0.009999999776482582,290.2531433105469]",0,DN,0.0,0.9200072040755941,-0.016565770093530774,19.317375664929855,0.0,0,0.0,0.03916301186568243,0.0,0.0,0.0,0.03916301186568243,0.0,0.0,290.25314609005943,21.138782288220696,2.0,,,,,,,0.0,False,0.0,1002.75147290758,1105.351653748719,False,0.03916301186568243,0.0,0.0
1004.437513759042,maintenance,2,"[0.8718217015266418,-0.008121074177324772,33.471153259277344,0.0,0.0,37.69011306762695,9.0,21.138782501220703,2.0,1.0,0.06190692260861397,0.0,93.67806243896484,0.8718217015266418,0.009999999776482582,82.24125671386719]",0,DN,0.0,0.8718217139398227,-0.008121074426851727,33.47115167927343,0.0,0,0.0,0.06190692409059924,0.0,0.0,0.0,0.06190692409059924,0.0,0.0,82.24126014045044,21.138782288220696,2.0,,,,,,,0.0,False,0.0,1004.437513759042,1098.1155771446156,False,0.06190692409059924,0.0,0.0
1004.437513759042,scheduling,,"[4.0,6.0,4.0,9.0,21.138782501220703,2.0,37.69011306762695,17.524465560913086,0.0,0.3333333432674408,0.0,1.0]",,,,,,,,,,,,,,,,,,21.138782288220696,2.0,0,1,True,"{""mid"":2,""t0"":1004.437513759042,""t1"":1019.375293235136,""jid"":19,""oid"":4}",1093.2318380480058,False,,False,0.0,,,,,,0.0
1005.7786349630902,maintenance,1,"[0.8720731139183044,-0.046689003705978394,5.827348709106445,0.0,0.0,40.255802154541016,9.0,21.138782501220703,2.0,1.0,0.06176108866930008,0.0,93.73272705078125,0.8720731139183044,0.009999999776482582,20.317359924316406]",0,DN,0.0,0.8720731093772278,-0.046689003066552104,5.827348872483002,0.0,0,0.0,0.06176108824833368,0.0,0.0,0.0,0.06176108824833368,0.0,0.0,20.317360426898176,21.138782288220696,2.0,,,,,,,0.0,False,0.0,1005.7786349630902,1099.5113607676963,False,0.06176108824833368,0.0,0.0
1005.7786349630902,scheduling,,"[4.0,6.0,4.0,9.0,21.138782501220703,2.0,40.255802154541016,16.183345794677734,0.0,0.3333333432674408,0.0,1.0]",,,,,,,,,,,,,,,,,,21.138782288220696,2.0,2,5,True,"{""mid"":1,""t0"":1005.7786349630902,""t1"":1016.0814759122218,""jid"":24,""oid"":0}",1087.5275591190805,False,,False,0.0,,,,,,0.0
1005.7786349630902,scheduling,,"[3.0,6.0,3.0,9.0,21.138782501220703,2.0,40.255802154541016,16.183345794677734,0.0,0.5,0.0,1.0]",,,,,,,,,,,,,,,,,,21.138782288220696,2.0,2,4,True,"{""mid"":3,""t0"":1005.7786349630902,""t1"":1068.5553809640312,""jid"":21,""oid"":2}",1188.0587496700473,False,,False,0.0,,,,,,0.0
1016.0814759122218,maintenance,1,"[0.8441943526268005,-0.027878761291503906,8.759153366088867,0.0,0.0,34.450443267822266,10.0,21.453800201416016,2.0,1.0,0.08002970367670059,0.0,87.12753295898438,0.8441943526268005,0.009999999776482582,30.620201110839844]",0,DN,0.0,0.8441943489384539,-0.02787876043877391,8.759153746262955,0.0,0,0.0,0.08002970601892097,0.0,0.0,0.0,0.08002970601892097,0.0,0.0,30.62020137602974,21.453800690887597,2.0,,,,,,,0.0,False,0.0,1016.0814759122218,1103.2090068976206,False,0.08002970601892097,0.0,0.0
1016.0814759122218,scheduling,,"[3.0,7.0,4.0,10.0,21.453800201416016,2.0,34.450443267822266,11.88090705871582,0.0,0.5,0.0,1.0]",,,,,,,,,,,,,,,,,,21.453800690887597,2.0,2,4,True,"{""mid"":4,""t0"":1016.0814759122218,""t1"":1044.9054997406804,""jid"":24,""oid"":1}",1087.5275591190805,False,,False,0.0,,,,,,0.0
1019.375293235136,maintenance,2,"[0.8212865591049194,-0.050535157322883606,4.37886381149292,0.0,0.0,28.41938018798828,9.0,14.277494430541992,2.0,1.0,0.0986010879278183,0.0,80.8897705078125,0.8212865591049194,0.009999999776482582,97.17903900146484]",0,DN,0.0,0.82128655754522,-0.05053515639460271,4.378863613625899,0.0,0,0.0,0.09860109082295745,0.0,0.0,0.0,0.09860109082295745,0.0,0.0,97.17903961654451,14.27749410923505,2.0,,,,,,,0.0,False,0.0,1019.375293235136,1100.2650645157776,False,0.09860109082295745,0.0,0.0
1019.375293235136,scheduling,,"[3.0,6.0,3.0,9.0,14.277494430541992,2.0,28.41938018798828,7.738107204437256,0.0,0.5,0.0,1.0]",,,,,,,,,,,,,,,,,,14.27749410923505,2.0,1,2,True,"{""mid"":2,""t0"":1019.375293235136,""t1"":1032.7380471827312,""jid"":25,""oid"":0}",1178.0551611729836,False,,False,0.0,,,,,,0.0
1020.0362103483209,maintenance,5,"[0.7152703404426575,-0.07464883476495743,1.5441676378250122,0.0,0.0,30.57280921936035,9.0,14.277494430541992,2.0,1.0,0.23999568819999695,0.0,45.94793701171875,0.7152703404426575,0.009999999776482582,446.1564636230469]",1,IM,6.2032485351696165,0.7152703129060791,-0.07464883106654074,1.5441676883503919,0.0,0,0.0,0.2399956918985293,0.0,0.0,0.0,0.2399956918985293,0.0,0.0,446.15645365487796,14.27749410923505,2.0,,,,,,,0.0,False,0.0,1020.0362103483209,1065.984148452031,False,0.2399956918985293,1.0,0.0
1026.2394588834904,scheduling,,"[3.0,6.0,3.0,9.0,14.277494430541992,2.0,24.36956024169922,0.8739416599273682,0.0,0.5,0.1666666716337204,1.0]",,,,,,,,,,,,,,,,,,14.27749410923505,2.0,0,1,True,"{""mid"":5,""t0"":1026.2394588834904,""t1"":1036.1341770868976,""jid"":22,""oid"":1}",1045.9116486589587,False,,False,0.0,,,,,,0.0
1032.7380471827312,maintenance,2,"[0.8028460741043091,-0.01844050921499729,11.00002384185791,0.0,0.0,19.496845245361328,9.0,14.277494430541992,2.0,1.0,0.11624699085950851,0.0,75.37712097167969,0.8028460741043091,0.009999999776482582,110.54179382324219]",0,DN,0.0,0.8028460480462734,-0.0184405094989466,11.000024053449327,0.0,0,0.0,0.1162469890778333,0.0,0.0,0.0,0.1162469890778333,0.0,0.0,110.54179356413965,14.27749410923505,2.0,,,,,,,0.0,False,0.0,1032.7380471827312,1108.1151676185925,False,0.1162469890778333,0.0,0.0
1032.7380471827312,scheduling,,"[3.0,6.0,3.0,9.0,14.277494430541992,2.0,19.496845245361328,-5.6246466636657715,0.0,0.5,0.3333333432674408,1.0]",,,,,,,,,,,,,,,,,,14.27749410923505,2.0,0,3,True,"{""mid"":2,""t0"":1032.7380471827312,""t1"":1060.665537555591,""jid"":25,""oid"":1}",1178.0551611729836,False,,False,0.0,,,,,,0.0
1036.1341770868976,maintenance,5,"[0.8223575949668884,-0.03596680611371994,6.1822991371154785,0.0,0.0,17.749834060668945,9.0,14.277494430541992,2.0,1.0,0.09765326976776123,0.0,81.19702911376953,0.8223575949668884,0.009999999776482582,9.894718170166016]",0,DN,0.0,0.8223575678167607,-0.03596680767053417,6.1822992425020615,0.0,0,0.0,0.0976532722608165,0.0,0.0,0.0,0.0976532722608165,0.0,0.0,9.894718203407137,14.27749410923505,2.0,,,,,,,0.0,False,0.0,1036.1341770868976,1117.3312057548408,False,0.0976532722608165,0.0,0.0
1036.1341770868976,scheduling,,"[3.0,6.0,3.0,9.0,14.277494430541992,2.0,17.749834060668945,-4.073417663574219,0.0,0.5,0.3333333432674408,1.0]",,,,,,,,,,,,,,,,,,14.27749410923505,2.0,0,0,True,"{""mid"":5,""t0"":1036.1341770868976,""t1"":1043.4951679187495,""jid"":18,""oid"":2}",1095.5765328186296,False,,False,0.0,,,,,,0.0
1043.4951679187495,maintenance,5,"[0.821685791015625,-0.0006717769429087639,329.99908447265625,0.0,0.0,11.61567497253418,9.0,14.277494430541992,1.5,1.0,0.09824682772159576,0.0,81.00447845458984,0.821685791015625,0.009999999776482582,17.255708694458008]",1,IM,5.95133903165564,0.8216857908496681,-0.000671776967092641,329.9990945046746,0.0,0,0.0,0.09824682477910819,0.0,0.0,0.0,0.09824682477910819,0.0,0.0,17.255709035259088,14.27749410923505,1.5,,,,,,,0.0,False,0.0,1043.4951679187495,1124.4996464510023,False,0.09824682477910819,1.0,0.0
1043.4951679187495,scheduling,,"[2.0,6.0,3.0,9.0,14.277494430541992,1.5,11.61567497253418,-11.434408187866211,0.0,0.5,0.3333333432674408,1.0]",,,,,,,,,,,,,,,,,,14.27749410923505,1.5,0,5,True,"{""mid"":0,""t0"":1043.4951679187495,""t1"":1080.3712891707967,""jid"":18,""oid"":3}",1095.5765328186296,False,,False,0.0,,,,,,0.0
1044.9054997406804,maintenance,4,"[0.9103449583053589,-0.048688825219869614,6.374048709869385,0.0,0.0,14.94059944152832,9.0,14.277494430541992,2.0,1.0,0.04296519607305527,0.0,101.05156707763672,0.9103449583053589,0.009999999776482582,61.16880416870117]",0,DN,0.0,0.9103449344323069,-0.04868882365324523,6.37404872712758,0.0,0,0.0,0.04296519689135019,0.0,0.0,0.0,0.04296519689135019,0.0,0.0,61.16880290501172,14.27749410923505,2.0,,,,,,,0.0,False,0.0,1044.9054997406804,1145.9570671764739,False,0.04296519689135019,0.0,0.0
1044.9054997406804,scheduling,,"[2.0,6.0,3.0,9.0,14.277494430541992,2.0,14.94059944152832,0.8263083100318909,0.0,0.5,0.1666666716337204,1.0]",,,,,,,,,,,,,,,,,,14.27749410923505,2.0,0,1,True,"{""mid"":4,""t0"":1044.9054997406804,""t1"":1062.2834354474683,""jid"":24,""oid"":2}",1087.5275591190805,False,,False,0.0,,,,,,0.0
1060.665537555591,maintenance,2,"[0.7699752449989319,-0.0328708253800869,5.171005725860596,0.0,0.23251944780349731,3.90983247756958,9.0,14.277494430541992,1.0,1.0,0.15449762344360352,9.300777435302734,64.68318176269531,0.7699752449989319,0.009999999776482582,138.4692840576172]",0,DN,0.0,0.7699752234508797,-0.0328708245953937,5.171005764020258,0.0,0,0.0,0.15449762745101372,0.0,0.0,0.0,0.15449762745101372,0.0,0.0,138.46928393699955,14.27749410923505,1.0,,,,,,,0.23251944149989942,False,0.0,1069.966315215587,1125.3487197779148,False,0.15449762745101372,0.0,0.0
1060.665537555591,scheduling,,"[3.0,6.0,3.0,9.0,14.277494430541992,1.0,3.90983247756958,-14.93372917175293,0.0,0.5,0.6666666865348816,1.0]",,,,,,,,,,,,,,,,,,14.27749410923505,1.0,2,4,True,"{""mid"":2,""t0"":1060.665537555591,""t1"":1096.5944333114028,""jid"":23,""oid"":1}",1164.1026582693337,False,,False,0.0,,,,,,0.0
1060.665537555591,scheduling,,"[2.0,6.0,2.0,9.0,14.277494430541992,1.0,3.90983247756958,-14.93372917175293,0.0,0.6666666865348816,0.6666666865348816,1.0]",,,,,,,,,,,,,,,,,,14.27749410923505,1.0,2,2,True,"{""mid"":1,""t0"":1060.665537555591,""t1"":1091.081293901109,""jid"":25,""oid"":2}",1178.0551611729836,False,,False,0.0,,,,,,0.0
1062.2834354474683,maintenance,4,"[0.8689253926277161,-0.041419513523578644,6.492722511291504,0.0,0.0,5.188257217407227,9.0,14.277494430541992,1.5,1.0,0.06361042708158493,0.0,93.04190826416016,0.8689253926277161,0.009999999776482582,78.54673767089844]",0,DN,0.0,0.8689254194920013,-0.0414195149403056,6.492722570015136,0.0,0,0.0,0.06361042711834923,0.0,0.0,0.0,0.06361042711834923,0.0,0.0,78.54673861179958,14.27749410923505,1.5,,,,,,,0.0,False,0.0,1062.2834354474683,1155.3253452152485,False,0.06361042711834923,0.0,0.0
1062.2834354474683,scheduling,,"[2.0,6.0,2.0,9.0,14.277494430541992,1.5,5.188257217407227,-16.55162811279297,0.0,0.6666666865348816,0.5,1.0]",,,,,,,,,,,,,,,,,,14.27749410923505,1.5,2,3,True,"{""mid"":5,""t0"":1062.2834354474683,""t1"":1071.4950218578333,""jid"":24,""oid"":3}",1087.5275591190805,False,,False,0.0,,,,,,0.0
1068.5553809640312,maintenance,3,"[0.9017812013626099,-0.06686639785766602,4.51319694519043,0.0,0.2982681393623352,5.4926557540893555,9.0,14.277494430541992,1.5,1.0,0.04662763699889183,11.93072509765625,99.58197784423828,0.9017812013626099,0.009999999776482582,209.7941436767578]",0,DN,0.0,0.9017812145518049,-0.06686639540643591,4.513196991066733,0.0,0,0.0,0.046627635888399986,0.0,0.0,0.0,0.046627635888399986,0.0,0.0,209.79413687946203,14.27749410923505,1.5,,,,,,,0.2982681365702338,False,0.0,1080.4861064268405,1168.1373584447404,False,0.046627635888399986,0.0,0.0
1068.5553809640312,scheduling,,"[2.0,6.0,2.0,9.0,14.277494430541992,1.5,5.4926557540893555,-22.823572158813477,0.0,0.6666666865348816,0.5,1.0]",,,,,,,,,,,,,,,,,,14.27749410923505,1.5,2,5,True,"{""mid"":3,""t0"":1068.5553809640312,""t1"":1079.9792255896834,""jid"":22,""oid"":2}",1045.9116486589587,True,,False,0.0,,,,,,0.0
1071.4950218578333,maintenance,5,"[0.9772090315818787,-0.008813911117613316,42.7970085144043,0.0,0.0,1.933064579963684,9.0,14.277494430541992,1.0,1.0,0.022486645728349686,0.0,109.67760467529297,0.9772090315818787,0.009999999776482582,22.04851531982422]",0,DN,0.0,0.977209038003201,-0.00881391101640061,42.79701001080042,0.0,0,0.0,0.022486644927622916,0.0,0.0,0.0,0.022486644927622916,0.0,0.0,22.04851490742817,14.27749410923505,1.0,,,,,,,0.0,False,0.0,1071.4950218578333,1181.172622943091,False,0.022486644927622916,0.0,0.0
1079.9792255896834,maintenance,3,"[0.9107755422592163,0.008994313888251781,100.0,0.0,0.0,3.615081310272217,9.0,14.277494430541992,1.0,1.0,0.042788486927747726,0.0,101.12301635742188,0.9107755422592163,0.009999999776482582,221.21798706054688]",0,DN,0.0,0.9107755282015012,0.008994313649696273,100.0,0.0,0,0.0,0.042788488255816014,0.0,0.0,0.0,0.042788488255816014,0.0,0.0,221.21798150511427,14.27749410923505,1.0,,,,,,,0.0,False,0.0,1079.9792255896834,1181.102245013269,False,0.042788488255816014,0.0,0.0
1080.3712891707967,maintenance,0,"[0.8986624479293823,-0.0213447455316782,13.992317199707031,0.0,0.0,11.52098274230957,9.0,14.277494430541992,1.5,1.0,0.04803379997611046,0.0,99.0234375,0.8986624479293823,0.009999999776482582,367.8729553222656]",0,DN,0.0,0.8986624585920697,-0.021344745483524385,13.992317632580898,0.0,0,0.0,0.0480338006526625,0.0,0.0,0.0,0.0480338006526625,0.0,0.0,367.8729623532761,14.27749410923505,1.5,,,,,,,0.0,False,0.0,1080.3712891707967,1179.394724257757,False,0.0480338006526625,0.0,0.0
1080.3712891707967,scheduling,,"[4.0,3.0,1.0,9.0,14.277494430541992,1.5,11.52098274230957,-12.069681167602539,0.0,0.3333333432674408,0.3333333432674408,1.0]",,,,,,,,,,,,,,,,,,14.27749410923505,1.5,1,3,True,"{""mid"":0,""t0"":1080.3712891707967,""t1"":1138.4212855433914,""jid"":21,""oid"":3}",1188.0587496700473,False,,False,0.0,,,,,,0.0
1091.081293901109,maintenance,1,"[0.7848452925682068,-0.059349048882722855,3.1145451068878174,0.0,0.0,10.949563980102539,9.0,14.277494430541992,1.5,1.0,0.1360546350479126,0.0,69.63540649414062,0.7848452925682068,0.009999999776482582,105.6200180053711]",0,DN,0.0,0.7848452990377628,-0.05934904990069112,3.1145452091830417,0.0,0,0.0,0.1360546359952603,0.0,0.0,0.0,0.1360546359952603,0.0,0.0,105.62001936491686,14.27749410923505,1.5,,,,,,,0.0,False,0.0,1091.081293901109,1160.7167036552628,False,0.1360546359952603,0.0,0.0
1091.081293901109,scheduling,,"[4.0,3.0,1.0,9.0,14.277494430541992,1.5,10.949563980102539,-21.590417861938477,0.0,0.3333333432674408,0.3333333432674408,1.0]",,,,,,,,,,,,,,,,,,14.27749410923505,1.5,0,3,True,"{""mid"":5,""t0"":1091.081293901109,""t1"":1125.6060593667155,""jid"":25,""oid"":3}",1178.0551611729836,False,,False,0.0,,,,,,0.0
1096.5944333114028,maintenance,2,"[0.7017557621002197,-0.06821943819522858,1.4915951490402222,0.0,0.0,17.412723541259766,9.0,14.277494430541992,2.0,1.0,0.2655033767223358,0.0,41.49106979370117,0.7017557621002197,0.009999999776482582,174.39817810058594]",1,IM,10.346765230080674,0.7017557858427698,-0.06821943760810989,1.4915952023426402,0.0,0,0.0,0.26550337300064875,0.0,0.0,0.0,0.26550337300064875,0.0,0.0,174.39817969281125,14.27749410923505,2.0,,,,,,,0.0,False,0.0,1096.5944333114028,1138.0855044491038,False,0.26550337300064875,1.0,0.0
1096.5944333114028,scheduling,,"[3.0,3.0,1.0,9.0,14.277494430541992,2.0,17.412723541259766,1.6395602226257324,0.0,0.3333333432674408,0.3333333432674408,1.0]",,,,,,,,,,,,,,,,,,14.27749410923505,2.0,0,2,True,"{""mid"":4,""t0"":1096.5944333114028,""t1"":1102.2341282409868,""jid"":23,""oid"":2}",1164.1026582693337,False,,False,0.0,,,,,,0.0
1102.2341282409868,maintenance,4,"[0.884121835231781,0.015196421183645725,100.0,0.0,0.0,17.876529693603516,8.0,9.204099655151367,2.0,1.0,0.0551370270550251,0.0,96.2494888305664,0.884121835231781,0.009999999776482582,118.49742889404297]",0,DN,0.0,0.8841218403640175,0.015196420872016225,100.0,0.0,0,0.0,0.05513702827026373,0.0,0.0,0.0,0.05513702827026373,0.0,0.0,118.49743140531814,9.204099242913637,2.0,,,,,,,0.0,False,0.0,1102.2341282409868,1198.4836139336714,False,0.05513702827026373,0.0,0.0
1106.9411985414833,scheduling,,"[4.0,3.0,1.0,8.0,9.204099655151367,1.5,13.16946029663086,4.747786045074463,0.0,0.3333333432674408,0.0,1.0]",,,,,,,,,,,,,,,,,,9.204099242913637,1.5,1,5,True,"{""mid"":2,""t0"":1106.9411985414833,""t1"":1126.8651083148864,""jid"":23,""oid"":3}",1164.1026582693337,False,,False,0.0,,,,,,0.0
1125.6060593667155,maintenance,5,"[0.8751001358032227,-0.10210888832807541,2.6941843032836914,0.28323638439178467,0.0,-13.320367813110352,8.0,9.204099655151367,1.0,1.0,0.06003011390566826,0.0,94.38397216796875,0.8751001358032227,0.009999999776482582,76.15955352783203]",0,DN,0.0,0.8751001508451007,-0.10210888715810029,2.694184203762298,0.2832363901432625,0,0.0,0.06003011365112833,0.0,0.0,0.0,0.06003011365112833,0.0,0.0,76.15955241631036,9.204099242913637,1.0,,,,,,,0.0,False,0.0,1125.6060593667155,1219.9900330257317,False,0.06003011365112833,0.0,0.0
1126.8651083148864,maintenance,2,"[0.7959816455841064,-0.04612531140446663,4.248895168304443,0.05370795726776123,0.0,-2.2081615924835205,8.0,9.204099655151367,1.0,1.0,0.12348692864179611,0.0,73.22552490234375,0.7959816455841064,0.009999999776482582,19.92391014099121]",0,DN,0.0,0.7959816300281558,-0.04612531298316791,4.248895397190554,0.053707955729937584,0,0.0,0.12348692946320172,0.0,0.0,0.0,0.12348692946320172,0.0,0.0,19.92390977340301,9.204099242913637,1.0,,,,,,,0.0,False,0.0,1126.8651083148864,1200.0906305732244,False,0.12348692946320172,0.0,0.0
1126.8651083148864,scheduling,,"[5.0,2.0,1.0,8.0,9.204099655151367,1.0,-2.2081615924835205,-12.900774955749512,0.05370795726776123,0.1666666716337204,0.5,1.0]",,,,,,,,,,,,,,,,,,9.204099242913637,1.0,1,3,True,"{""mid"":4,""t0"":1126.8651083148864,""t1"":1135.373792827309,""jid"":23,""oid"":4}",1164.1026582693337,False,,False,0.0,,,,,,0.0
1128.866500701974,scheduling,,"[4.0,3.0,1.0,9.0,22.687726974487305,2.0,19.45860481262207,-12.22901439666748,0.0,0.3333333432674408,0.3333333432674408,1.0]",,,,,,,,,,,,,,,,,,22.68772705046527,2.0,3,3,True,"{""mid"":5,""t0"":1128.866500701974,""t1"":1136.446328078114,""jid"":26,""oid"":0}",1329.2512677350755,False,,False,0.0,,,,,,0.0
1135.373792827309,maintenance,4,"[0.8469693660736084,-0.0371524877846241,6.647451400756836,0.0,0.0,18.102508544921875,9.0,22.687726974487305,2.0,1.0,0.07801027595996857,0.0,87.83417510986328,0.8469693660736084,0.009999999776482582,151.63710021972656]",0,DN,0.0,0.8469693542177451,-0.03715248614627242,6.647451619937526,0.0,0,0.0,0.07801027415721053,0.0,0.0,0.0,0.07801027415721053,0.0,0.0,151.6370959916403,22.68772705046527,2.0,,,,,,,0.0,False,0.0,1135.373792827309,1223.2079664520993,False,0.07801027415721053,0.0,0.0
1136.446328078114,maintenance,5,"[0.8619074821472168,-0.013192692771553993,19.85246467590332,0.0,0.0,24.796024322509766,9.0,22.687726974487305,2.0,1.0,0.06792085617780685,0.0,91.45145416259766,0.8619074821472168,0.009999999776482582,86.99982452392578]",0,DN,0.0,0.8619074579692064,-0.013192692875894307,19.852463817130452,0.0,0,0.0,0.0679208563074847,0.0,0.0,0.0,0.0679208563074847,0.0,0.0,86.99982112770886,22.68772705046527,2.0,,,,,,,0.0,False,0.0,1136.446328078114,1227.897786051044,False,0.0679208563074847,0.0,0.0
1136.446328078114,scheduling,,"[5.0,2.0,1.0,9.0,22.687726974487305,2.0,24.796024322509766,-15.16491413116455,0.0,0.1666666716337204,0.5,1.0]",,,,,,,,,,,,,,,,,,22.68772705046527,2.0,1,3,True,"{""mid"":1,""t0"":1136.446328078114,""t1"":1146.6969973091886,""jid"":26,""oid"":1}",1329.2512677350755,False,,False,0.0,,,,,,0.0
1138.4212855433914,maintenance,0,"[0.8811665177345276,-0.017495913431048393,16.070411682128906,0.0,0.0,51.846065521240234,9.0,22.687726974487305,2.0,1.0,0.05669704079627991,0.0,95.6507568359375,0.8811665177345276,0.009999999776482582,425.9229736328125]",0,DN,0.0,0.8811665449814982,-0.017495913610571567,16.07041228253486,0.0,0,0.0,0.05669704261906459,0.0,0.0,0.0,0.05669704261906459,0.0,0.0,425.9229587258708,22.68772705046527,2.0,,,,,,,0.0,False,0.0,1138.4212855433914,1234.072038925886,False,0.05669704261906459,0.0,0.0
1138.4212855433914,scheduling,,"[5.0,2.0,1.0,9.0,22.687726974487305,2.0,51.846065521240234,35.105125427246094,0.0,0.1666666716337204,0.0,1.0]",,,,,,,,,,,,,,,,,,22.68772705046527,2.0,2,4,True,"{""mid"":3,""t0"":1138.4212855433914,""t1"":1166.1191950686332,""jid"":21,""oid"":4}",1188.0587496700473,False,,False,0.0,,,,,,0.0
1146.6969973091886,maintenance,1,"[0.7388861179351807,-0.04595917835831642,3.0219452381134033,0.0,0.0,61.651390075683594,9.0,22.687726974487305,2.0,1.0,0.19958962500095367,0.0,54.008056640625,0.7388861179351807,0.009999999776482582,161.2357177734375]",1,IM,9.544679654020225,0.7388861207151638,-0.04595917832259899,3.021945251942655,0.0,0,0.0,0.19958962087425153,0.0,0.0,0.0,0.19958962087425153,0.0,0.0,161.2357227729966,22.68772705046527,2.0,,,,,,,0.0,False,0.0,1146.6969973091886,1200.7050553972797,False,0.19958962087425153,1.0,0.0
1146.6969973091886,scheduling,,"[4.0,2.0,1.0,9.0,22.687726974487305,2.0,61.651390075683594,30.445621490478516,0.0,0.1666666716337204,0.0,1.0]",,,,,,,,,,,,,,,,,,22.68772705046527,2.0,0,5,True,"{""mid"":4,""t0"":1146.6969973091886,""t1"":1175.755901134733,""jid"":26,""oid"":2}",1329.2512677350755,False,,False,0.0,,,,,,0.0
1166.1191950686332,maintenance,3,"[0.8924360275268555,-0.018339509144425392,15.945683479309082,0.0,0.0,81.23640441894531,6.0,31.469409942626953,2.0,1.0,0.050962407141923904,0.0,97.87020111083984,0.8924360275268555,0.009999999776482582,307.3579406738281]",0,DN,0.0,0.892436018331739,-0.018339509869762183,15.945683412941243,0.0,0,0.0,0.050962406250948576,0.0,0.0,0.0,0.050962406250948576,0.0,0.0,307.357950984064,31.469410080915008,2.0,,,,,,,0.0,False,0.0,1166.1191950686332,1263.989395735666,False,0.050962406250948576,0.0,0.0
1169.2134589560703,scheduling,,"[5.0,2.0,1.0,7.0,32.94900131225586,2.0,39.07107162475586,7.81421422958374,0.0,0.1666666716337204,0.0,1.0]",,,,,,,,,,,,,,,,,,32.94900144311189,2.0,3,1,True,"{""mid"":5,""t0"":1169.2134589560703,""t1"":1178.1583636561131,""jid"":27,""oid"":0}",1238.104287534111,False,,False,0.0,,,,,,0.0
1175.755901134733,maintenance,4,"[0.8201428651809692,-0.026826517656445503,8.206165313720703,0.0,0.0,45.99544143676758,5.0,47.008174896240234,2.0,0.0,0.09962229430675507,0.0,80.56002807617188,0.8201428651809692,0.009999999776482582,192.0192108154297]",0,DN,0.0,0.8201428361098227,-0.02682651810792236,8.206165079798804,0.0,0,0.0,0.09962229513347999,0.0,0.0,0.0,0.09962229513347999,0.0,0.0,192.0192042990643,47.008175759589335,2.0,,,,,,,0.0,False,0.0,1175.755901134733,1256.3159264175117,False,0.09962229513347999,0.0,0.0
1175.755901134733,scheduling,,"[5.0,2.0,1.0,5.0,47.008174896240234,2.0,45.99544143676758,3.9651341438293457,0.0,0.1666666716337204,0.5,0.0]",,,,,,,,,,,,,,,,,,47.008175759589335,2.0,0,5,True,"{""mid"":0,""t0"":1175.755901134733,""t1"":1229.959075201395,""jid"":26,""oid"":3}",1329.2512677350755,False,,False,0.0,,,,,,0.0
1178.1583636561131,maintenance,5,"[0.8335291743278503,-0.028378259390592575,8.229159355163574,0.0,0.0,52.616966247558594,5.0,47.008174896240234,2.0,0.0,0.08824196457862854,0.0,84.31197357177734,0.8335291743278503,0.009999999776482582,128.71185302734375]",0,DN,0.0,0.833529199399067,-0.028378258570139425,8.229158911279864,0.0,0,0.0,0.08824196539201397,0.0,0.0,0.0,0.08824196539201397,0.0,0.0,128.711856705708,47.008175759589335,2.0,,,,,,,0.0,False,0.0,1178.1583636561131,1262.470336472441,False,0.08824196539201397,0.0,0.0
1190.9576205581284,scheduling,,"[5.0,3.0,2.0,4.0,59.721412658691406,2.0,26.54513931274414,-2.9569461345672607,0.0,0.1666666716337204,0.3333333432674408,0.0]",,,,,,,,,,,,,,,,,,59.72141385316036,2.0,2,5,True,"{""mid"":5,""t0"":1190.9576205581284,""t1"":1225.5752511548208,""jid"":28,""oid"":0}",1243.4170247311215,False,,False,0.0,,,,,,0.0
1225.5752511548208,maintenance,5,"[0.7147066593170166,-0.11882252991199493,0.9653612971305847,0.0,0.0,3.466719388961792,3.0,31.045560836791992,1.0,1.0,0.24102526903152466,0.0,45.759098052978516,0.7147066593170166,0.009999999776482582,176.1287384033203]",1,IM,6.835472137462901,0.7147066707284034,-0.11882252867066356,0.9653612998451844,0.0,0,0.0,0.2410252687165742,0.0,0.0,0.0,0.2410252687165742,0.0,0.0,176.12874420441563,31.045559928077182,1.0,,,,,,,0.0,False,0.0,1225.5752511548208,1271.3343506455124,False,0.2410252687165742,1.0,0.0
1225.5752511548208,scheduling,,"[4.0,3.0,2.0,3.0,31.045560836791992,1.0,3.466719388961792,-30.651050567626953,0.0,0.1666666716337204,0.3333333432674408,1.0]",,,,,,,,,,,,,,,,,,31.045559928077182,1.0,0,4,True,"{""mid"":3,""t0"":1225.5752511548208,""t1"":1254.4035717522834,""jid"":28,""oid"":1}",1243.4170247311215,True,,False,0.0,,,,,,0.0
1229.959075201395,maintenance,0,"[0.8303518295288086,-0.050814710557460785,4.533172130584717,0.44485074281692505,0.3558136522769928,-23.54073143005371,3.0,31.045560836791992,1.0,1.0,0.09083199501037598,14.232545852661133,83.44300079345703,0.8303518295288086,0.009999999776482582,517.4607543945312]",0,DN,0.0,0.8303518335532478,-0.050814711428250336,4.533172128282208,0.4448507411766244,0,0.0,0.09083199286674212,0.0,0.0,0.0,0.09083199286674212,0.0,0.0,517.4607483838745,31.045559928077182,1.0,,,,,,,0.35581364399541066,False,0.0,1244.1916209612116,1313.402075809693,False,0.09083199286674212,0.0,0.0
1229.959075201395,scheduling,,"[4.0,2.0,1.0,3.0,31.045560836791992,1.0,-23.54073143005371,-38.86625671386719,0.44485074281692505,0.1666666716337204,1.0,1.0]",,,,,,,,,,,,,,,,,,31.045559928077182,1.0,0,3,True,"{""mid"":0,""t0"":1229.959075201395,""t1"":1280.8019248135604,""jid"":27,""oid"":1}",1238.104287534111,True,,False,0.0,,,,,,0.0
1254.4035717522834,maintenance,3,"[0.854973316192627,-0.03746272623538971,6.8060526847839355,0.8133562207221985,0.0,-67.14213562011719,3.0,31.045560836791992,1.0,1.0,0.07244443148374557,0.0,89.81159210205078,0.854973316192627,0.009999999776482582,395.642333984375]",0,DN,0.0,0.8549732912455869,-0.03746272708615217,6.806052604211932,0.8133562101410385,0,0.0,0.07244443058955859,0.0,0.0,0.0,0.07244443058955859,0.0,0.0,395.6423276677142,31.045559928077182,1.0,,,,,,,0.0,False,0.0,1254.4035717522834,1344.2151607514052,False,0.07244443058955859,0.0,0.0
1280.8019248135604,maintenance,0,"[0.8092288374900818,-0.021122973412275314,9.905275344848633,0.0,0.0,150.0,3.0,31.045560836791992,2.0,1.0,0.10984858870506287,0.0,77.33119201660156,0.8092288374900818,0.009999999776482582,568.3035888671875]",1,IM,17.080503916643167,0.8092288607352993,-0.021122972817948504,9.905275291435988,0.0,0,0.0,0.10984859014042492,0.0,0.0,0.0,0.10984859014042492,0.0,0.0,568.3035979960398,31.045559928077182,2.0,,,,,,,0.0,False,0.0,1280.8019248135604,1358.1331159830763,False,0.10984859014042492,1.0,0.0
1285.6512639669058,scheduling,,"[5.0,1.0,1.0,4.0,52.26158905029297,1.0,0.0,0.0,0.0,0.0,0.0,0.0]",,,,,,,,,,,,,,,,,,52.26158775497728,1.0,0,3,True,"{""mid"":4,""t0"":1285.6512639669058,""t1"":1291.1170907600733,""jid"":29,""oid"":0}",1392.8713954644363,False,,False,0.0,,,,,,0.0
1291.1170907600733,maintenance,4,"[0.7717546224594116,-0.04838819429278374,3.54951548576355,0.0,0.0,10.137935638427734,4.0,52.26158905029297,1.5,0.0,0.15218746662139893,0.0,65.2836685180664,0.7717546224594116,0.009999999776482582,307.3804016113281]",0,DN,0.0,0.7717546427738375,-0.04838819333598521,3.5495155105554956,0.0,0,0.0,0.1521874692707973,0.0,0.0,0.0,0.1521874692707973,0.0,0.0,307.38039392440464,52.26158775497728,1.5,,,,,,,0.0,False,0.0,1291.1170907600733,1356.4007566642092,False,0.1521874692707973,0.0,0.0
1291.1170907600733,scheduling,,"[5.0,1.0,1.0,4.0,52.26158905029297,1.5,10.137935638427734,10.137935638427734,0.0,0.0,0.0,0.0]",,,,,,,,,,,,,,,,,,52.26158775497728,1.5,0,2,True,"{""mid"":1,""t0"":1291.1170907600733,""t1"":1305.9323695985527,""jid"":29,""oid"":1}",1392.8713954644363,False,,False,0.0,,,,,,0.0
1305.9323695985527,maintenance,1,"[0.8560873866081238,-0.03057595156133175,8.37545108795166,0.0,0.0,9.655037879943848,4.0,52.26158905029297,1.5,0.0,0.0716993510723114,0.0,90.07965850830078,0.8560873866081238,0.009999999776482582,149.69068908691406]",0,DN,0.0,0.8560873933150447,-0.030575951543151847,8.375451307006047,0.0,0,0.0,0.07169935275860542,0.0,0.0,0.0,0.07169935275860542,0.0,0.0,149.6906926353438,52.26158775497728,1.5,,,,,,,0.0,False,0.0,1305.9323695985527,1396.0120243546648,False,0.07169935275860542,0.0,0.0
1305.9323695985527,scheduling,,"[6.0,1.0,1.0,4.0,52.26158905029297,1.5,9.655037879943848,9.655037879943848,0.0,0.0,0.0,0.0]",,,,,,,,,,,,,,,,,,52.26158775497728,1.5,1,2,True,"{""mid"":4,""t0"":1305.9323695985527,""t1"":1319.6563074579005,""jid"":29,""oid"":2}",1392.8713954644363,False,,False,0.0,,,,,,0.0
1319.6563074579005,maintenance,4,"[0.7483662366867065,-0.023388417437672615,6.3435773849487305,0.0,0.0,25.435136795043945,4.0,52.26158905029297,2.0,0.0,0.18487489223480225,0.0,57.28232955932617,0.7483662366867065,0.009999999776482582,335.91961669921875]",1,IM,7.60571425800407,0.7483662261619372,-0.023388416611900387,6.343577191388243,0.0,0,0.0,0.18487489346728453,0.0,0.0,0.0,0.18487489346728453,0.0,0.0,335.91961062223186,52.26158775497728,2.0,,,,,,,0.0,False,0.0,1319.6563074579005,1376.9386357230203,False,0.18487489346728453,1.0,0.0
1319.6563074579005,scheduling,,"[5.0,1.0,1.0,4.0,52.26158905029297,2.0,25.435136795043945,25.435136795043945,0.0,0.0,0.0,0.0]",,,,,,,,,,,,,,,,,,52.26158775497728,2.0,0,2,True,"{""mid"":0,""t0"":1319.6563074579005,""t1"":1349.1469830116173,""jid"":29,""oid"":3}",1392.8713954644363,False,,False,0.0,,,,,,0.0
1349.1469830116173,maintenance,0,"[0.9411802291870117,-0.029894419014453888,11.412839889526367,0.0,0.0,17.49418067932129,3.0,58.218902587890625,1.5,0.0,0.0319286473095417,0.0,105.61254119873047,0.9411802291870117,0.009999999776482582,51.26455307006836]",0,DN,0.0,0.941180213749853,-0.029894419132506234,11.412839708896184,0.0,0,0.0,0.03192864783307853,0.0,0.0,0.0,0.03192864783307853,0.0,0.0,51.264554281413666,58.21890250541776,1.5,,,,,,,0.0,False,0.0,1349.1469830116173,1454.7595269433393,False,0.03192864783307853,0.0,0.0
1349.1469830116173,scheduling,,"[6.0,1.0,1.0,3.0,58.218902587890625,1.5,17.49418067932129,17.49418067932129,0.0,0.0,0.0,0.0]",,,,,,,,,,,,,,,,,,58.21890250541776,1.5,1,0,True,"{""mid"":0,""t0"":1349.1469830116173,""t1"":1382.7147113861488,""jid"":29,""oid"":4}",1392.8713954644363,False,,False,0.0,,,,,,0.0
1382.7147113861488,maintenance,0,"[0.9194642305374146,-0.021716007962822914,14.7110013961792,0.0,0.0,150.0,2.0,94.69364166259766,2.0,0.0,0.03936785086989403,0.0,102.51615142822266,0.9194642305374146,0.009999999776482582,84.83228302001953]",0,DN,0.0,0.9194642065984642,-0.021716007151388772,14.711001169385504,0.0,0,0.0,0.03936784992422013,0.0,0.0,0.0,0.03936784992422013,0.0,0.0,84.83228265594516,94.69364340877746,2.0,,,,,,,0.0,False,0.0,1382.7147113861488,1485.2308609701915,False,0.03936784992422013,0.0,0.0
1460.5069016952762,scheduling,,"[6.0,1.0,1.0,2.0,174.8556365966797,1.0,0.0,0.0,0.0,0.0,0.0,0.0]",,,,,,,,,,,,,,,,,,174.8556377283703,1.0,1,4,True,"{""mid"":1,""t0"":1460.5069016952762,""t1"":1485.874653249995,""jid"":30,""oid"":0}",1590.9255070454315,False,,False,0.0,,,,,,0.0
1461.9987003667984,scheduling,,"[5.0,2.0,1.0,3.0,88.17372131347656,1.0,-0.7458993196487427,-1.3426188230514526,0.018474694341421127,0.1666666716337204,0.5,0.0]",,,,,,,,,,,,,,,,,,88.17371819994628,1.0,1,3,True,"{""mid"":5,""t0"":1461.9987003667984,""t1"":1466.2305314933385,""jid"":31,""oid"":0}",1503.3424894359587,False,,False,0.0,,,,,,0.0
1466.2305314933385,maintenance,5,"[0.8741365671157837,0.016488566994667053,100.0,0.0,0.0,3.8756139278411865,3.0,88.17372131347656,1.0,0.0,0.06057613715529442,0.0,94.17805480957031,0.8741365671157837,0.009999999776482582,233.81980895996094]",0,DN,0.0,0.8741365721085913,0.0164885672345072,100.0,0.0,0,0.0,0.060576138019922746,0.0,0.0,0.0,0.060576138019922746,0.0,0.0,233.8198082010549,88.17371819994628,1.0,,,,,,,0.0,False,0.0,1466.2305314933385,1560.4085863090593,False,0.060576138019922746,0.0,0.0
1466.2305314933385,scheduling,,"[5.0,2.0,1.0,3.0,88.17372131347656,1.0,3.8756139278411865,-3.803781032562256,0.0,0.1666666716337204,0.5,0.0]",,,,,,,,,,,,,,,,,,88.17371819994628,1.0,1,3,True,"{""mid"":5,""t0"":1466.2305314933385,""t1"":1470.659536946368,""jid"":31,""oid"":1}",1503.3424894359587,False,,False,0.0,,,,,,0.0
1470.659536946368,maintenance,5,"[0.84085613489151,-0.03328043967485428,7.237167835235596,0.22416536509990692,0.0,-10.15263557434082,3.0,88.17372131347656,1.0,0.0,0.08252217620611191,0.0,86.26319122314453,0.84085613489151,0.009999999776482582,238.24880981445312]",0,DN,0.0,0.8408561314059079,-0.033280440702683434,7.2371677273638815,0.22416536542105114,0,0.0,0.08252217890204445,0.0,0.0,0.0,0.08252217890204445,0.0,0.0,238.24881365408442,88.17371819994628,1.0,,,,,,,0.0,False,0.0,1470.659536946368,1556.9227317269354,False,0.08252217890204445,0.0,0.0
1485.874653249995,maintenance,1,"[0.7752689719200134,-0.08081844449043274,2.168674945831299,0.0,0.0,2.2737367544323206e-13,2.0,1.4917986392974854,1.0,1.0,0.14770829677581787,0.0,66.46387481689453,0.7752689719200134,0.009999999776482582,329.6329650878906]",0,DN,0.0,0.77526894570429,-0.08081844761075474,2.168674985548305,0.0,0,0.0,0.14770829989105377,0.0,0.0,0.0,0.14770829989105377,0.0,0.0,329.63297628678606,1.4917986715222469,1.0,,,,,,,0.0,False,0.0,1485.874653249995,1552.338526671031,False,0.14770829989105377,0.0,0.0
1485.874653249995,scheduling,,"[6.0,1.0,1.0,2.0,1.4917986392974854,1.0,2.2737367544323206e-13,2.2737367544323206e-13,0.0,0.0,0.0,1.0]",,,,,,,,,,,,,,,,,,1.4917986715222469,1.0,3,0,True,"{""mid"":3,""t0"":1485.874653249995,""t1"":1547.1442434888388,""jid"":30,""oid"":1}",1590.9255070454315,False,,False,0.0,,,,,,0.0
1517.9145192250787,scheduling,,"[5.0,2.0,1.0,3.0,28.703807830810547,1.0,-16.019933700561523,-28.835880279541016,0.3300139009952545,0.1666666716337204,0.5,1.0]",,,,,,,,,,,,,,,,,,28.703808764901282,1.0,0,3,True,"{""mid"":5,""t0"":1517.9145192250787,""t1"":1541.5238200531758,""jid"":32,""oid"":0}",1590.2075988359657,False,,False,0.0,,,,,,0.0
1541.5238200531758,maintenance,5,"[0.730284571647644,-0.11057156324386597,1.1782827377319336,0.48123130202293396,0.0,-26.25188636779785,3.0,28.703807830810547,1.0,1.0,0.2136864811182022,0.0,51.04695129394531,0.730284571647644,0.009999999776482582,309.11309814453125]",1,IM,6.645413541438751,0.7302845659490653,-0.11057156545684255,1.1782827294772906,0.4812312990821347,0,0.0,0.21368648667921905,0.0,0.0,0.0,0.21368648667921905,0.0,0.0,309.1130967608922,28.703808764901282,1.0,,,,,,,0.0,False,0.0,1541.5238200531758,1592.5707699810473,False,0.21368648667921905,1.0,0.0
1541.5238200531758,scheduling,,"[4.0,2.0,1.0,3.0,28.703807830810547,1.0,-26.25188636779785,-49.769710540771484,0.48123130202293396,0.1666666716337204,0.5,1.0]",,,,,,,,,,,,,,,,,,28.703808764901282,1.0,0,1,True,"{""mid"":1,""t0"":1541.5238200531758,""t1"":1562.381071449321,""jid"":32,""oid"":1}",1590.2075988359657,False,,False,0.0,,,,,,0.0
1547.1442434888388,maintenance,3,"[0.7559619545936584,-0.0990113690495491,1.5751920938491821,0.2735121548175812,0.1923971176147461,-12.781341552734375,3.0,28.703807830810547,1.0,1.0,0.17370128631591797,7.695884704589844,59.900604248046875,0.7559619545936584,0.009999999776482582,688.3829956054688]",0,DN,0.0,0.7559619249568627,-0.0990113662887242,1.575192129983002,0.273512169427482,0,0.0,0.17370128901594992,0.0,0.0,0.0,0.17370128901594992,0.0,0.0,688.3829994042696,28.703808764901282,1.0,,,,,,,0.19239712056111483,False,0.0,1554.8401283112835,1607.0448473795338,False,0.17370128901594992,0.0,0.0
1547.1442434888388,scheduling,,"[4.0,2.0,1.0,3.0,28.703807830810547,1.0,-12.781341552734375,-21.026391983032227,0.2735121548175812,0.1666666716337204,1.0,1.0]",,,,,,,,,,,,,,,,,,28.703808764901282,1.0,0,3,True,"{""mid"":3,""t0"":1547.1442434888388,""t1"":1604.940874169494,""jid"":30,""oid"":2}",1590.9255070454315,True,,False,0.0,,,,,,0.0
1561.3541536711098,scheduling,,"[4.0,3.0,1.0,4.0,33.61574935913086,1.0,-17.99416732788086,-33.17504119873047,0.36227887868881226,0.3333333432674408,0.6666666865348816,1.0]",,,,,,,,,,,,,,,,,,33.615750658611205,1.0,0,3,True,"{""mid"":2,""t0"":1561.3541536711098,""t1"":1568.7173658657223,""jid"":33,""oid"":0}",1672.5315079964766,False,,False,0.0,,,,,,0.0
1562.381071449321,maintenance,1,"[0.6893720626831055,-0.08589690178632736,1.0404571294784546,0.2547313868999481,0.0,-11.760421752929688,4.0,33.61574935913086,1.0,1.0,0.29034265875816345,0.0,37.56681823730469,0.6893720626831055,0.009999999776482582,406.139404296875]",1,IM,9.643948176789234,0.6893720440327559,-0.08589690167153408,1.0404571328371146,0.25473137490784503,0,0.0,0.2903426562556228,0.0,0.0,0.0,0.2903426562556228,0.0,0.0,406.1393944861122,33.615750658611205,1.0,,,,,,,0.0,False,0.0,1562.381071449321,1599.9478878338007,False,0.2903426562556228,1.0,0.0
1562.381071449321,scheduling,,"[3.0,3.0,1.0,4.0,33.61574935913086,1.0,-11.760421752929688,-30.86496925354004,0.2547313868999481,0.3333333432674408,0.6666666865348816,1.0]",,,,,,,,,,,,,,,,,,33.615750658611205,1.0,0,3,True,"{""mid"":4,""t0"":1562.381071449321,""t1"":1573.6940698202432,""jid"":32,""oid"":2}",1590.2075988359657,False,,False,0.0,,,,,,0.0
1568.7173658657223,maintenance,2,"[0.7672895789146423,-0.02869207039475441,5.830515384674072,0.27342653274536133,0.0,-12.776626586914062,4.0,33.61574935913086,1.0,1.0,0.15803849697113037,0.0,63.77349853515625,0.7672895789146423,0.009999999776482582,461.7761535644531]",1,IM,9.975714205019958,0.7672895587051827,-0.028692071322973134,5.830515225690154,0.27342652362092024,0,0.0,0.1580385036524855,0.0,0.0,0.0,0.1580385036524855,0.0,0.0,461.77616732423894,33.615750658611205,1.0,,,,,,,0.0,False,0.0,1568.7173658657223,1632.490864884184,False,0.1580385036524855,1.0,0.0
1568.7173658657223,scheduling,,"[2.0,3.0,1.0,4.0,33.61574935913086,1.0,-12.776626586914062,-36.181854248046875,0.27342653274536133,0.3333333432674408,0.6666666865348816,1.0]",,,,,,,,,,,,,,,,,,33.615750658611205,1.0,0,3,True,"{""mid"":5,""t0"":1568.7173658657223,""t1"":1603.4707998494298,""jid"":33,""oid"":1}",1672.5315079964766,False,,False,0.0,,,,,,0.0
1573.6940698202432,maintenance,4,"[0.8710651993751526,-0.026974253356456757,10.04903507232666,0.43741557002067566,0.0,-23.008563995361328,4.0,33.61574935913086,1.0,1.0,0.062347713857889175,0.0,93.5130386352539,0.8710651993751526,0.009999999776482582,246.4320526123047]",0,DN,0.0,0.8710652184035695,-0.026974252990755065,10.049035222457217,0.43741558448909845,0,0.0,0.06234771350641011,0.0,0.0,0.0,0.06234771350641011,0.0,0.0,246.4320481043385,33.615750658611205,1.0,,,,,,,0.0,False,0.0,1573.6940698202432,1667.207109534607,False,0.06234771350641011,0.0,0.0
1574.8267261066271,scheduling,,"[3.0,3.0,1.0,5.0,28.5799560546875,1.0,-16.094146728515625,-40.61610794067383,0.33125579357147217,0.3333333432674408,0.3333333432674408,1.0]",,,,,,,,,,,,,,,,,,28.57995610283774,1.0,0,1,True,"{""mid"":4,""t0"":1574.8267261066271,""t1"":1584.2748060198041,""jid"":34,""oid"":0}",1640.576697380606,False,,False,0.0,,,,,,0.0
1584.2748060198041,maintenance,4,"[0.8668204545974731,-0.004244781564921141,62.858463287353516,0.37614503502845764,0.0,-18.873493194580078,5.0,28.5799560546875,1.0,1.0,0.06487581878900528,0.0,92.57215881347656,0.8668204545974731,0.009999999776482582,257.0127868652344]",0,DN,0.0,0.8668204369365599,-0.004244781467009684,62.8584625640402,0.376145022774803,0,0.0,0.06487581895899047,0.0,0.0,0.0,0.06487581895899047,0.0,0.0,257.0127843038995,28.57995610283774,1.0,,,,,,,0.0,False,0.0,1584.2748060198041,1676.8469677273688,False,0.06487581895899047,0.0,0.0
1584.2748060198041,scheduling,,"[4.0,3.0,1.0,5.0,28.5799560546875,1.0,-18.873493194580078,-49.566650390625,0.37614503502845764,0.3333333432674408,0.6666666865348816,1.0]",,,,,,,,,,,,,,,,,,28.57995610283774,1.0,2,1,True,"{""mid"":4,""t0"":1584.2748060198041,""t1"":1618.2796601480848,""jid"":34,""oid"":1}",1640.576697380606,False,,False,0.0,,,,,,0.0
1603.4707998494298,maintenance,5,"[0.7572796940803528,-0.11906179040670395,1.320992112159729,0.5066224932670593,0.0,-28.259227752685547,5.0,28.5799560546875,1.0,1.0,0.17181804776191711,0.0,60.353538513183594,0.7572796940803528,0.009999999776482582,55.30156707763672]",0,DN,0.0,0.7572796861821072,-0.11906179295677122,1.3209920855064905,0.5066225151168292,0,0.0,0.17181804242143148,0.0,0.0,0.0,0.17181804242143148,0.0,0.0,55.30156625481527,28.57995610283774,1.0,,,,,,,0.0,False,0.0,1603.4707998494298,1663.8243380052522,False,0.17181804242143148,0.0,0.0
1603.4707998494298,scheduling,,"[4.0,3.0,1.0,5.0,28.5799560546875,1.0,-28.259227752685547,-65.25894165039062,0.5066224932670593,0.3333333432674408,0.6666666865348816,1.0]",,,,,,,,,,,,,,,,,,28.57995610283774,1.0,1,1,True,"{""mid"":2,""t0"":1603.4707998494298,""t1"":1620.7582229348582,""jid"":33,""oid"":2}",1672.5315079964766,False,,False,0.0,,,,,,0.0
1604.940874169494,maintenance,3,"[0.6927425861358643,-0.0632193312048912,1.4669972658157349,0.35543349385261536,0.0,-17.56709098815918,5.0,28.5799560546875,1.0,1.0,0.2834472358226776,0.0,38.617393493652344,0.6927425861358643,0.009999999776482582,746.1796264648438]",1,IM,17.640026758386732,0.692742591049151,-0.06321933390771162,1.4669972825803237,0.3554335075452003,0,0.0,0.28344723314299997,0.0,0.0,0.0,0.28344723314299997,0.0,0.0,746.1796300849248,28.57995610283774,1.0,,,,,,,0.0,False,0.0,1604.940874169494,1643.5582686899445,False,0.28344723314299997,1.0,0.0
1604.940874169494,scheduling,,"[3.0,3.0,1.0,5.0,28.5799560546875,1.0,-17.56709098815918,-37.539710998535156,0.35543349385261536,0.3333333432674408,0.6666666865348816,1.0]",,,,,,,,,,,,,,,,,,28.57995610283774,1.0,0,3,True,"{""mid"":5,""t0"":1604.940874169494,""t1"":1635.323159356355,""jid"":30,""oid"":3}",1590.9255070454315,True,,False,0.0,,,,,,0.0
1611.9328957216585,scheduling,,"[2.0,4.0,1.0,6.0,30.285198211669922,1.0,-18.419334411621094,-41.10276412963867,0.3690214157104492,0.5,0.75,1.0]",,,,,,,,,,,,,,,,,,30.28519880527647,1.0,0,3,True,"{""mid"":0,""t0"":1611.9328957216585,""t1"":1627.5652146725397,""jid"":35,""oid"":0}",1691.1384022401915,False,,False,0.0,,,,,,0.0
1618.2796601480848,maintenance,4,"[0.7500572204589844,-0.11676323413848877,1.285140872001648,0.34583669900894165,0.0,-16.97593116760254,6.0,30.285198211669922,1.0,1.0,0.18234021961688995,0.0,57.866050720214844,0.7500572204589844,0.009999999776482582,291.01763916015625]",1,IM,7.804228320272664,0.7500572033003506,-0.11676323363620922,1.285140866926254,0.34583669590243293,0,0.0,0.18234022261182006,0.0,0.0,0.0,0.18234022261182006,0.0,0.0,291.0176384321801,30.28519880527647,1.0,,,,,,,0.0,False,0.0,1618.2796601480848,1676.1457098885808,False,0.18234022261182006,1.0,0.0
1618.2796601480848,scheduling,,"[1.0,4.0,1.0,6.0,30.285198211669922,1.0,-16.97593116760254,-43.8758430480957,0.34583669900894165,0.5,0.75,1.0]",,,,,,,,,,,,,,,,,,30.28519880527647,1.0,0,1,True,"{""mid"":1,""t0"":1618.2796601480848,""t1"":1649.9230469596098,""jid"":34,""oid"":2}",1640.576697380606,True,,False,0.0,,,,,,0.0
1620.7582229348582,maintenance,2,"[0.8791928291320801,-0.04155466705560684,6.718687057495117,0.3149859607219696,0.0,-15.132637023925781,6.0,30.285198211669922,1.0,1.0,0.05776192992925644,0.0,95.24418640136719,0.8791928291320801,0.009999999776482582,42.06514358520508]",0,DN,0.0,0.8791928033642156,-0.041554667082003616,6.718687044544454,0.3149859524961688,0,0.0,0.057761931583120076,0.0,0.0,0.0,0.057761931583120076,0.0,0.0,42.06514286411584,30.28519880527647,1.0,,,,,,,0.0,False,0.0,1620.7582229348582,1716.0024130947254,False,0.057761931583120076,0.0,0.0
1627.5652146725397,maintenance,0,"[0.9199469685554504,0.00048279110342264175,100.0,0.2979164719581604,0.02943824790418148,-14.148115158081055,6.0,30.285198211669922,1.0,1.0,0.039185672998428345,1.1775299310684204,102.59088134765625,0.9199469685554504,0.009999999776482582,329.68280029296875]",0,DN,0.0,0.9199469977148094,0.00048279111634519367,100.0,0.29791646378841286,0,0.0,0.03918567336678144,0.0,0.0,0.0,0.03918567336678144,0.0,0.0,329.68278594233607,30.28519880527647,1.0,,,,,,,0.029438247684870095,False,0.0,1628.7427445799344,1730.1560956387398,False,0.03918567336678144,0.0,0.0
1627.5652146725397,scheduling,,"[4.0,4.0,2.0,6.0,30.285198211669922,1.0,-14.148115158081055,-47.97517013549805,0.2979164719581604,0.3333333432674408,0.75,1.0]",,,,,,,,,,,,,,,,,,30.28519880527647,1.0,0,1,True,"{""mid"":0,""t0"":1627.5652146725397,""t1"":1678.4972756088114,""jid"":33,""oid"":3}",1672.5315079964766,True,,False,0.0,,,,,,0.0
1627.5652146725397,scheduling,,"[3.0,4.0,1.0,6.0,30.285198211669922,1.0,-14.148115158081055,-47.97517013549805,0.2979164719581604,0.5,0.75,1.0]",,,,,,,,,,,,,,,,,,30.28519880527647,1.0,3,5,True,"{""mid"":3,""t0"":1627.5652146725397,""t1"":1678.8003397680418,""jid"":35,""oid"":1}",1691.1384022401915,False,,False,0.0,,,,,,0.0
1635.323159356355,maintenance,5,"[0.6178761124610901,-0.1394035518169403,0.12823300063610077,0.1015065461397171,0.0,-4.281434059143066,6.0,30.285198211669922,1.0,1.0,0.4554283022880554,0.0,20.0,0.6178761124610901,0.009999999776482582,87.15392303466797]",2,CM,14.832989683070052,0.6178761346765005,-0.13940355150560668,0.12823299323031628,0.10150654434934336,0,0.0,0.45542829318211314,0.0,0.0,0.0,0.45542829318211314,0.0,0.0,87.15392576174054,30.28519880527647,1.0,,,,,,,0.0,False,0.0,1635.323159356355,1655.323159356355,False,0.45542829318211314,2.0,0.0
1639.6809107962652,scheduling,,"[2.0,4.0,1.0,7.0,29.862335205078125,1.5,6.1444902420043945,-15.059993743896484,0.0,0.5,0.5,1.0]",,,,,,,,,,,,,,,,,,29.86233485016483,1.5,0,0,True,"{""mid"":2,""t0"":1639.6809107962652,""t1"":1675.7703781847783,""jid"":36,""oid"":0}",1740.6719470533342,False,,False,0.0,,,,,,0.0
1649.9230469596098,maintenance,1,"[0.7472565770149231,-0.07998989522457123,1.8409394025802612,0.0,0.0,2.5129544734954834,7.0,29.862335205078125,1.0,1.0,0.1865529716014862,0.0,56.89911651611328,0.7472565770149231,0.009999999776482582,77.89802551269531]",1,IM,9.952835438237894,0.7472565550015645,-0.07998989783774246,1.8409394058768624,0.0,0,0.0,0.18655297616292738,0.0,0.0,0.0,0.18655297616292738,0.0,0.0,77.89802733349939,29.86233485016483,1.0,,,,,,,0.0,False,0.0,1649.9230469596098,1706.8221648456367,False,0.18655297616292738,1.0,0.0
1675.7703781847783,maintenance,2,"[0.8089498281478882,-0.07024296373128891,2.974672794342041,0.308170348405838,0.0,-14.73661994934082,5.0,30.44159698486328,1.0,1.0,0.1101217195391655,0.0,77.24674987792969,0.8089498281478882,0.009999999776482582,97.07730102539062]",0,DN,0.0,0.8089498400161793,-0.07024296334803626,2.9746729075321796,0.3081703392101448,0,0.0,0.11012171898963252,0.0,0.0,0.0,0.11012171898963252,0.0,0.0,97.07729811403601,30.441597892796608,1.0,,,,,,,0.0,False,0.0,1675.7703781847783,1753.0171299713481,False,0.11012171898963252,0.0,0.0
1675.7703781847783,scheduling,,"[4.0,3.0,1.0,5.0,30.44159698486328,1.0,-14.73661994934082,-47.92448806762695,0.308170348405838,0.3333333432674408,0.6666666865348816,1.0]",,,,,,,,,,,,,,,,,,30.441597892796608,1.0,0,1,True,"{""mid"":2,""t0"":1675.7703781847783,""t1"":1703.1214373605872,""jid"":36,""oid"":1}",1740.6719470533342,False,,False,0.0,,,,,,0.0
1678.4972756088114,maintenance,0,"[0.8503606915473938,-0.06958629935979843,3.5978446006774902,0.15706832706928253,0.18815352022647858,-6.834774971008301,5.0,30.44159698486328,1.0,1.0,0.07560570538043976,7.5261406898498535,88.68305969238281,0.8503606915473938,0.009999999776482582,380.6148376464844]",0,DN,0.0,0.8503606951621709,-0.06958630255263842,3.5978444891907584,0.15706832646799274,0,0.0,0.07560570583080835,0.0,0.0,0.0,0.07560570583080835,0.0,0.0,380.61484687860775,30.441597892796608,1.0,,,,,,,0.18815352045471437,False,0.0,1686.023416427,1767.180338199839,False,0.07560570583080835,0.0,0.0
1678.4972756088114,scheduling,,"[4.0,3.0,1.0,5.0,30.44159698486328,1.0,-6.834774971008301,-32.83434295654297,0.15706832706928253,0.3333333432674408,0.6666666865348816,1.0]",,,,,,,,,,,,,,,,,,30.441597892796608,1.0,0,1,True,"{""mid"":5,""t0"":1678.4972756088114,""t1"":1683.133834027684,""jid"":33,""oid"":4}",1672.5315079964766,True,,False,0.0,,,,,,0.0
1678.8003397680418,maintenance,3,"[0.7692623734474182,-0.062028732150793076,2.728773832321167,0.0,0.0,2.272942543029785,5.0,30.44159698486328,1.0,1.0,0.1554310917854309,0.0,64.4421157836914,0.7692623734474182,0.009999999776482582,56.21944046020508]",0,DN,0.0,0.769262378040694,-0.062028731218287225,2.728773823295491,0.0,0,0.0,0.15543109903383787,0.0,0.0,0.0,0.15543109903383787,0.0,0.0,56.21943884016105,30.441597892796608,1.0,,,,,,,0.0,False,0.0,1678.8003397680418,1743.2424526831767,False,0.15543109903383787,0.0,0.0
1678.8003397680418,scheduling,,"[4.0,3.0,1.0,5.0,30.44159698486328,1.0,2.272942543029785,-19.79899787902832,0.0,0.3333333432674408,0.6666666865348816,1.0]",,,,,,,,,,,,,,,,,,30.441597892796608,1.0,2,5,True,"{""mid"":1,""t0"":1678.8003397680418,""t1"":1684.733917224916,""jid"":35,""oid"":2}",1691.1384022401915,False,,False,0.0,,,,,,0.0
1683.133834027684,maintenance,5,"[0.9863758683204651,-0.013624102808535099,28.359731674194336,0.0,0.0,10.51666259765625,5.0,30.44159698486328,1.5,1.0,0.020557474344968796,0.0,110.5272216796875,0.9863758683204651,0.009999999776482582,32.977684020996094]",0,DN,0.0,0.9863758975130095,-0.01362410248699053,28.359732164519063,0.0,0,0.0,0.020557474212223512,0.0,0.0,0.0,0.020557474212223512,0.0,0.0,32.97768498825894,30.441597892796608,1.5,,,,,,,0.0,False,0.0,1683.133834027684,1793.6610562900835,False,0.020557474212223512,0.0,0.0
1684.733917224916,maintenance,1,"[0.8692001104354858,-0.027507776394486427,9.78632640838623,0.0,0.0,31.235780715942383,5.0,30.44159698486328,2.0,1.0,0.0634470209479332,0.0,93.10274505615234,0.8692001104354858,0.009999999776482582,24.858034133911133]",0,DN,0.0,0.8692000894809527,-0.02750777652092462,9.786326760222789,0.0,0,0.0,0.06344701826940194,0.0,0.0,0.0,0.06344701826940194,0.0,0.0,24.858034827068423,30.441597892796608,2.0,,,,,,,0.0,False,0.0,1684.733917224916,1777.8366623581205,False,0.06344701826940194,0.0,0.0
1703.1214373605872,maintenance,2,"[0.7458979487419128,-0.06305190175771713,2.313934087753296,0.0,0.0,150.0,5.0,30.44159698486328,2.0,1.0,0.18862347304821014,0.0,56.42982864379883,0.7458979487419128,0.009999999776482582,124.42835998535156]",1,IM,10.450115669102473,0.7458979417355764,-0.06305189828060287,2.3139341671567113,0.0,0,0.0,0.1886234703000988,0.0,0.0,0.0,0.1886234703000988,0.0,0.0,124.42835728984483,30.441597892796608,2.0,,,,,,,0.0,False,0.0,1703.1214373605872,1759.5512640982151,False,0.1886234703000988,1.0,0.0
1825.8940270803782,scheduling,,"[6.0,1.0,1.0,2.0,186.21311950683594,2.0,44.26618194580078,44.26618194580078,0.0,0.0,0.0,0.0]",,,,,,,,,,,,,,,,,,186.21311628411308,2.0,0,1,True,"{""mid"":0,""t0"":1825.8940270803782,""t1"":1857.2007845910562,""jid"":37,""oid"":0}",1914.4263939271987,False,,False,0.0,,,,,,0.0
1853.2561703480735,scheduling,,"[5.0,2.0,1.0,2.0,27.36214256286621,2.0,35.21723937988281,20.566680908203125,0.0,0.1666666716337204,0.0,1.0]",,,,,,,,,,,,,,,,,,27.362143267695274,2.0,0,0,True,"{""mid"":2,""t0"":1853.2561703480735,""t1"":1859.2780745664352,""jid"":38,""oid"":0}",1960.3170532141799,False,,False,0.0,,,,,,0.0
1857.2007845910562,maintenance,0,"[0.8449507355690002,-0.00540995504707098,45.27777862548828,0.0,0.0,47.3276481628418,2.0,27.36214256286621,2.0,1.0,0.07947457581758499,0.0,87.32121276855469,0.8449507355690002,0.009999999776482582,559.318359375]",0,DN,0.0,0.8449507403223253,-0.005409954839845632,45.27777912639928,0.0,0,0.0,0.07947457929715243,0.0,0.0,0.0,0.07947457929715243,0.0,0.0,559.3183558608525,27.362143267695274,2.0,,,,,,,0.0,False,0.0,1857.2007845910562,1944.5219978158534,False,0.07947457929715243,0.0,0.0
1857.2007845910562,scheduling,,"[5.0,2.0,1.0,2.0,27.36214256286621,2.0,47.3276481628418,45.5211067199707,0.0,0.1666666716337204,0.0,1.0]",,,,,,,,,,,,,,,,,,27.362143267695274,2.0,1,3,True,"{""mid"":1,""t0"":1857.2007845910562,""t1"":1866.5216503460372,""jid"":37,""oid"":1}",1914.4263939271987,False,,False,0.0,,,,,,0.0
1859.2780745664352,maintenance,2,"[0.899409830570221,0.004332276992499828,100.0,0.0,0.0,48.26131057739258,2.0,27.36214256286621,2.0,1.0,0.04769321531057358,0.0,99.15843200683594,0.899409830570221,0.009999999776482582,145.70652770996094]",0,DN,0.0,0.8994098073051405,0.004332277222448777,100.0,0.0,0,0.0,0.047693215835185536,0.0,0.0,0.0,0.047693215835185536,0.0,0.0,145.70652153674564,27.362143267695274,2.0,,,,,,,0.0,False,0.0,1859.2780745664352,1958.4365051015768,False,0.047693215835185536,0.0,0.0
1859.2780745664352,scheduling,,"[5.0,2.0,1.0,2.0,27.36214256286621,2.0,48.26131057739258,44.04600524902344,0.0,0.1666666716337204,0.0,1.0]",,,,,,,,,,,,,,,,,,27.362143267695274,2.0,1,3,True,"{""mid"":3,""t0"":1859.2780745664352,""t1"":1871.7359314785992,""jid"":38,""oid"":1}",1960.3170532141799,False,,False,0.0,,,,,,0.0
1866.5216503460372,maintenance,1,"[0.8566364645957947,-0.012563604861497879,20.426979064941406,0.0,0.0,46.286865234375,2.0,27.36214256286621,2.0,1.0,0.07133474200963974,0.0,90.21112823486328,0.8566364645957947,0.009999999776482582,206.64576721191406]",0,DN,0.0,0.8566364845660522,-0.012563604914900495,20.426978268130686,0.0,0,0.0,0.07133474394217612,0.0,0.0,0.0,0.07133474394217612,0.0,0.0,206.6457679481896,27.362143267695274,2.0,,,,,,,0.0,False,0.0,1866.5216503460372,1956.7327762951777,False,0.07133474394217612,0.0,0.0
1871.7359314785992,maintenance,3,"[0.7677671909332275,-0.0014951673801988363,112.20630645751953,0.0,0.0,53.53044128417969,2.0,27.36214256286621,2.0,1.0,0.15740396082401276,0.0,63.935569763183594,0.7677671909332275,0.009999999776482582,249.155029296875]",0,DN,0.0,0.7677672106861896,-0.0014951673545043898,112.20630933438231,0.0,0,0.0,0.15740396642386745,0.0,0.0,0.0,0.15740396642386745,0.0,0.0,249.1550305507185,27.362143267695274,2.0,,,,,,,0.0,False,0.0,1871.7359314785992,1935.6715027290882,False,0.15740396642386745,0.0,0.0
1871.7359314785992,scheduling,,"[6.0,1.0,1.0,2.0,27.36214256286621,2.0,53.53044128417969,53.53044128417969,0.0,0.0,0.0,1.0]",,,,,,,,,,,,,,,,,,27.362143267695274,2.0,3,3,True,"{""mid"":2,""t0"":1871.7359314785992,""t1"":1885.3528972328054,""jid"":38,""oid"":2}",1960.3170532141799,False,,False,0.0,,,,,,0.0
1885.3528972328054,maintenance,2,"[0.859402060508728,-0.04000777378678322,6.483790397644043,0.0,0.0,150.0,2.0,27.36214256286621,2.0,1.0,0.06952425837516785,0.0,90.8667984008789,0.859402060508728,0.009999999776482582,171.78134155273438]",0,DN,0.0,0.8594020316700633,-0.04000777563507718,6.483790402049503,0.0,0,0.0,0.06952425551224696,0.0,0.0,0.0,0.06952425551224696,0.0,0.0,171.78134420311585,27.362143267695274,2.0,,,,,,,0.0,False,0.0,1885.3528972328054,1976.2196993035127,False,0.06952425551224696,0.0,0.0
1996.7544244953558,scheduling,,"[6.0,1.0,1.0,3.0,85.4301986694336,2.0,86.72824096679688,86.72824096679688,0.0,0.0,0.0,0.0]",,,,,,,,,,,,,,,,,,85.43019870748878,2.0,0,3,True,"{""mid"":3,""t0"":1996.7544244953558,""t1"":2020.091627870302,""jid"":39,""oid"":0}",2170.210912224765,False,,False,0.0,,,,,,0.0
2020.091627870302,maintenance,3,"[0.7538138628005981,-0.013953317888081074,11.023463249206543,0.0,0.0,97.43992614746094,3.0,85.4301986694336,2.0,0.0,0.1768059879541397,0.0,59.161312103271484,0.7538138628005981,0.009999999776482582,397.5107421875]",1,IM,17.013027586129798,0.7538138925470496,-0.013953318139140025,11.02346345243795,0.0,0,0.0,0.17680598313326276,0.0,0.0,0.0,0.17680598313326276,0.0,0.0,397.51072694242134,85.43019870748878,2.0,,,,,,,0.0,False,0.0,2020.091627870302,2079.2529396044065,False,0.17680598313326276,1.0,0.0
2020.091627870302,scheduling,,"[5.0,1.0,1.0,3.0,85.4301986694336,2.0,97.43992614746094,97.43992614746094,0.0,0.0,0.0,0.0]",,,,,,,,,,,,,,,,,,85.43019870748878,2.0,0,5,True,"{""mid"":4,""t0"":2020.091627870302,""t1"":2026.2569435136918,""jid"":39,""oid"":1}",2170.210912224765,False,,False,0.0,,,,,,0.0
2026.2569435136918,maintenance,4,"[0.9020125865936279,0.0019439359894022346,100.0,0.0,0.0,97.43992614746094,2.0,143.49826049804688,2.0,0.0,0.04652489349246025,0.0,99.62290954589844,0.9020125865936279,0.009999999776482582,400.1730651855469]",0,DN,0.0,0.9020125799907616,0.0019439360303408204,100.0,0.0,0,0.0,0.04652489367121107,0.0,0.0,0.0,0.04652489367121107,0.0,0.0,400.1730550453344,143.4982541472823,2.0,,,,,,,0.0,False,0.0,2026.2569435136918,2125.879854497656,False,0.04652489367121107,0.0,0.0
2026.2569435136918,scheduling,,"[5.0,1.0,1.0,2.0,143.49826049804688,2.0,97.43992614746094,97.43992614746094,0.0,0.0,0.0,0.0]",,,,,,,,,,,,,,,,,,143.4982541472823,2.0,0,3,True,"{""mid"":5,""t0"":2026.2569435136918,""t1"":2042.675848155538,""jid"":39,""oid"":2}",2170.210912224765,False,,False,0.0,,,,,,0.0
2042.675848155538,maintenance,5,"[0.9757043719291687,-0.01067153736948967,35.206207275390625,0.0,0.0,103.91040802001953,2.0,143.49826049804688,2.0,0.0,0.022819776087999344,0.0,109.53154754638672,0.9757043719291687,0.009999999776482582,392.51971435546875]",0,DN,0.0,0.9757043602575348,-0.01067153725547465,35.20620799639651,0.0,0,0.0,0.022819775347878338,0.0,0.0,0.0,0.022819775347878338,0.0,0.0,392.51969911611286,143.4982541472823,2.0,,,,,,,0.0,False,0.0,2042.675848155538,2152.2073987887347,False,0.022819775347878338,0.0,0.0
2042.675848155538,scheduling,,"[6.0,1.0,1.0,2.0,143.49826049804688,2.0,103.91040802001953,103.91040802001953,0.0,0.0,0.0,0.0]",,,,,,,,,,,,,,,,,,143.4982541472823,2.0,2,4,True,"{""mid"":1,""t0"":2042.675848155538,""t1"":2050.9658596162512,""jid"":39,""oid"":3}",2170.210912224765,False,,False,0.0,,,,,,0.0
2050.9658596162512,maintenance,1,"[0.8373847007751465,-0.019251814112067223,12.330510139465332,0.0,0.0,150.0,2.0,143.49826049804688,2.0,0.0,0.08518888056278229,0.0,85.34793090820312,0.8373847007751465,0.009999999776482582,391.0899658203125]",0,DN,0.0,0.8373846713005163,-0.019251813265535933,12.330509756474516,0.0,0,0.0,0.08518887967632525,0.0,0.0,0.0,0.08518887967632525,0.0,0.0,391.08997721840365,143.4982541472823,2.0,,,,,,,0.0,False,0.0,2050.9658596162512,2136.313792023573,False,0.08518887967632525,0.0,0.0
2068.0799181521843,scheduling,,"[6.0,1.0,1.0,2.0,71.32549285888672,2.0,39.26016616821289,39.26016616821289,0.0,0.0,0.0,0.0]",,,,,,,,,,,,,,,,,,71.32549365682848,2.0,0,3,True,"{""mid"":2,""t0"":2068.0799181521843,""t1"":2076.4518118872015,""jid"":40,""oid"":0}",2146.6002494402765,False,,False,0.0,,,,,,0.0
2072.470857186942,scheduling,,"[5.0,2.0,1.0,3.0,37.85821533203125,2.0,57.796634674072266,39.454708099365234,0.0,0.1666666716337204,0.0,1.0]",,,,,,,,,,,,,,,,,,37.85821634579304,2.0,0,3,True,"{""mid"":4,""t0"":2072.470857186942,""t1"":2076.7196352841343,""jid"":41,""oid"":0}",2233.918950266032,False,,False,0.0,,,,,,0.0
2076.4518118872015,maintenance,2,"[0.8506777882575989,-0.008724218234419823,28.73355484008789,0.0,0.0,67.84343719482422,3.0,37.85821533203125,2.0,1.0,0.07538437098264694,0.0,88.76161193847656,0.8506777882575989,0.009999999776482582,362.8802490234375]",0,DN,0.0,0.85067781328412,-0.008724218385943394,28.73355551117522,0.0,0,0.0,0.0753843716785322,0.0,0.0,0.0,0.0753843716785322,0.0,0.0,362.880258857512,37.85821634579304,2.0,,,,,,,0.0,False,0.0,2076.4518118872015,2165.213423606227,False,0.0753843716785322,0.0,0.0
2076.4518118872015,scheduling,,"[5.0,2.0,1.0,3.0,37.85821533203125,2.0,67.84343719482422,60.723716735839844,0.0,0.1666666716337204,0.0,1.0]",,,,,,,,,,,,,,,,,,37.85821634579304,2.0,2,5,True,"{""mid"":3,""t0"":2076.4518118872015,""t1"":2087.656461349345,""jid"":40,""oid"":1}",2146.6002494402765,False,,False,0.0,,,,,,0.0
2076.7196352841343,maintenance,4,"[0.8830869793891907,-0.01892559789121151,14.95788860321045,0.0,0.0,70.79972076416016,3.0,37.85821533203125,2.0,1.0,0.05567864701151848,0.0,96.04119110107422,0.8830869793891907,0.009999999776482582,450.6357421875]",0,DN,0.0,0.8830869824093299,-0.01892559758143164,14.957888710847017,0.0,0,0.0,0.05567864617321907,0.0,0.0,0.0,0.05567864617321907,0.0,0.0,450.6357468157769,37.85821634579304,2.0,,,,,,,0.0,False,0.0,2076.7196352841343,2172.7608249136388,False,0.05567864617321907,0.0,0.0
2076.7196352841343,scheduling,,"[5.0,2.0,1.0,3.0,37.85821533203125,2.0,70.79972076416016,61.10071563720703,0.0,0.1666666716337204,0.0,1.0]",,,,,,,,,,,,,,,,,,37.85821634579304,2.0,2,4,True,"{""mid"":0,""t0"":2076.7196352841343,""t1"":2085.163012209513,""jid"":41,""oid"":1}",2233.918950266032,False,,False,0.0,,,,,,0.0
2085.163012209513,maintenance,0,"[0.8320525288581848,-0.012898202054202557,17.991077423095703,0.0,0.0,66.57803344726562,3.0,37.85821533203125,2.0,1.0,0.08943726122379303,0.0,83.90982055664062,0.8320525288581848,0.009999999776482582,787.2805786132812]",1,IM,16.23304847025601,0.8320525385992122,-0.012898201723113067,17.991076863326093,0.0,0,0.0,0.08943726359309447,0.0,0.0,0.0,0.08943726359309447,0.0,0.0,787.2805834793094,37.85821634579304,2.0,,,,,,,0.0,False,0.0,2085.163012209513,2169.0728353716977,False,0.08943726359309447,1.0,0.0
2085.163012209513,scheduling,,"[4.0,2.0,1.0,3.0,37.85821533203125,2.0,66.57803344726562,53.50167465209961,0.0,0.1666666716337204,0.0,1.0]",,,,,,,,,,,,,,,,,,37.85821634579304,2.0,0,3,True,"{""mid"":2,""t0"":2085.163012209513,""t1"":2123.008884692711,""jid"":41,""oid"":2}",2233.918950266032,False,,False,0.0,,,,,,0.0
2087.656461349345,maintenance,3,"[0.8850520849227905,-0.019524581730365753,14.599652290344238,0.0,0.0,80.43002319335938,3.0,37.85821533203125,2.0,1.0,0.05465439707040787,0.0,96.43547821044922,0.8850520849227905,0.009999999776482582,50.55180740356445]",0,DN,0.0,0.8850520899533905,-0.019524581103068983,14.599652020630772,0.0,0,0.0,0.054654397502168064,0.0,0.0,0.0,0.054654397502168064,0.0,0.0,50.55180589291331,37.85821634579304,2.0,,,,,,,0.0,False,0.0,2087.656461349345,2184.091938367372,False,0.054654397502168064,0.0,0.0
2105.7168766417076,scheduling,,"[5.0,2.0,1.0,4.0,36.32081604003906,2.0,83.0113296508789,66.49795532226562,0.0,0.1666666716337204,0.0,1.0]",,,,,,,,,,,,,,,,,,36.32081738211726,2.0,1,3,True,"{""mid"":1,""t0"":2105.7168766417076,""t1"":2115.1852685433296,""jid"":42,""oid"":0}",2313.0229713962353,False,,False,0.0,,,,,,0.0
2109.8205419983356,scheduling,,"[4.0,3.0,1.0,5.0,28.266529083251953,2.0,64.35006713867188,39.841094970703125,0.0,0.3333333432674408,0.0,1.0]",,,,,,,,,,,,,,,,,,28.266529375744938,2.0,2,4,True,"{""mid"":0,""t0"":2109.8205419983356,""t1"":2122.5436621622734,""jid"":43,""oid"":0}",2180.2903037710007,False,,False,0.0,,,,,,0.0
2115.1852685433296,maintenance,1,"[0.8069858551025391,-0.030398817732930183,6.809010028839111,0.0,0.0,65.0582504272461,5.0,28.266529083251953,2.0,1.0,0.11206111311912537,0.0,76.64981842041016,0.8069858551025391,0.009999999776482582,455.30938720703125]",0,DN,0.0,0.8069858532041652,-0.030398818096351143,6.809009894664631,0.0,0,0.0,0.1120611143302909,0.0,0.0,0.0,0.1120611143302909,0.0,0.0,455.309386145482,28.266529375744938,2.0,,,,,,,0.0,False,0.0,2115.1852685433296,2191.835090726501,False,0.1120611143302909,0.0,0.0
2115.1852685433296,scheduling,,"[4.0,3.0,1.0,5.0,28.266529083251953,2.0,65.0582504272461,34.47636795043945,0.0,0.3333333432674408,0.0,1.0]",,,,,,,,,,,,,,,,,,28.266529375744938,2.0,2,4,True,"{""mid"":1,""t0"":2115.1852685433296,""t1"":2137.34541775075,""jid"":42,""oid"":1}",2313.0229713962353,False,,False,0.0,,,,,,0.0
2122.5436621622734,maintenance,0,"[0.9886829257011414,-0.009780105203390121,39.74220657348633,0.0,0.0,64.65553283691406,5.0,28.266529083251953,2.0,1.0,0.02009805664420128,0.0,110.73052215576172,0.9886829257011414,0.009999999776482582,21.147602081298828]",0,DN,0.0,0.9886829412693301,-0.009780105049724597,39.742205149450335,0.0,0,0.0,0.02009805605617993,0.0,0.0,0.0,0.02009805605617993,0.0,0.0,21.147601482504342,28.266529375744938,2.0,,,,,,,0.0,False,0.0,2122.5436621622734,2233.2741840170856,False,0.02009805605617993,0.0,0.0
2122.5436621622734,scheduling,,"[4.0,3.0,1.0,5.0,28.266529083251953,2.0,64.65553283691406,43.81161117553711,0.0,0.3333333432674408,0.0,1.0]",,,,,,,,,,,,,,,,,,28.266529375744938,2.0,2,4,True,"{""mid"":0,""t0"":2122.5436621622734,""t1"":2136.911494072457,""jid"":43,""oid"":1}",2180.2903037710007,False,,False,0.0,,,,,,0.0
2123.008884692711,maintenance,2,"[0.8040617108345032,-0.0466160923242569,4.377494812011719,0.0,0.0,79.47383880615234,5.0,28.266529083251953,2.0,1.0,0.11500389873981476,0.0,75.75285339355469,0.8040617108345032,0.009999999776482582,409.43731689453125]",1,IM,10.108879339063305,0.8040617195243883,-0.046616093759731636,4.377495046585454,0.0,0,0.0,0.11500390021810834,0.0,0.0,0.0,0.11500390021810834,0.0,0.0,409.4373316630215,28.266529375744938,2.0,,,,,,,0.0,False,0.0,2123.008884692711,2198.7617403336862,False,0.11500390021810834,1.0,0.0
2123.008884692711,scheduling,,"[3.0,3.0,1.0,5.0,28.266529083251953,2.0,79.47383880615234,52.51650619506836,0.0,0.3333333432674408,0.0,1.0]",,,,,,,,,,,,,,,,,,28.266529375744938,2.0,0,3,True,"{""mid"":4,""t0"":2123.008884692711,""t1"":2141.0997038936957,""jid"":41,""oid"":3}",2233.918950266032,False,,False,0.0,,,,,,0.0
2136.911494072457,maintenance,0,"[0.9841095209121704,-0.004573405720293522,83.98763275146484,0.0,0.0,83.85135650634766,5.0,28.266529083251953,2.0,1.0,0.021018795669078827,0.0,110.32345581054688,0.9841095209121704,0.009999999776482582,35.51543426513672]",0,DN,0.0,0.984109535485857,-0.0045734057834730946,83.9876349642782,0.0,0,0.0,0.02101879606746363,0.0,0.0,0.0,0.02101879606746363,0.0,0.0,35.51543339268801,28.266529375744938,2.0,,,,,,,0.0,False,0.0,2136.911494072457,2247.2349499035786,False,0.02101879606746363,0.0,0.0
2137.34541775075,maintenance,1,"[0.7686918377876282,-0.03829400986433029,4.405175685882568,0.0,0.0,94.49750518798828,5.0,28.266529083251953,2.0,1.0,0.15618152916431427,0.0,64.24897003173828,0.7686918377876282,0.009999999776482582,477.46954345703125]",1,IM,9.065728266222532,0.7686918427345655,-0.03829401046959968,4.405175657130094,0.0,0,0.0,0.15618152691652742,0.0,0.0,0.0,0.15618152691652742,0.0,0.0,477.46953535290254,28.266529375744938,2.0,,,,,,,0.0,False,0.0,2137.34541775075,2201.5943840626996,False,0.15618152691652742,1.0,0.0
2141.0997038936957,maintenance,4,"[0.8584522008895874,-0.024634763598442078,10.491361618041992,0.0,0.0,108.64908599853516,5.0,28.266529083251953,2.0,1.0,0.07014121115207672,0.0,90.64283752441406,0.8584522008895874,0.009999999776482582,515.0158081054688]",0,DN,0.0,0.8584522183452383,-0.024634764064091597,10.491361625093312,0.0,0,0.0,0.07014121369684694,0.0,0.0,0.0,0.07014121369684694,0.0,0.0,515.0158154253384,28.266529375744938,2.0,,,,,,,0.0,False,0.0,2141.0997038936957,2231.7425383663717,False,0.07014121369684694,0.0,0.0
2141.8212104163963,scheduling,,"[5.0,2.0,2.0,6.0,29.013357162475586,2.0,70.93879699707031,41.34777069091797,0.0,0.0,0.0,1.0]",,,,,,,,,,,,,,,,,,29.013357184208097,2.0,0,1,True,"{""mid"":4,""t0"":2141.8212104163963,""t1"":2152.7291131395427,""jid"":44,""oid"":0}",2209.721237225616,False,,False,0.0,,,,,,0.0
2146.4111460169725,scheduling,,"[5.0,2.0,1.0,6.0,29.013357162475586,2.0,66.34886169433594,36.757835388183594,0.0,0.1666666716337204,0.0,1.0]",,,,,,,,,,,,,,,,,,29.013357184208097,2.0,2,5,True,"{""mid"":1,""t0"":2146.4111460169725,""t1"":2150.8821969238725,""jid"":42,""oid"":2}",2313.0229713962353,False,,False,0.0,,,,,,0.0
2150.8821969238725,maintenance,1,"[0.9047573804855347,-0.017672818154096603,17.244413375854492,0.0,0.0,64.11333465576172,6.0,29.013357162475586,2.0,1.0,0.04532232880592346,0.0,100.10327911376953,0.9047573804855347,0.009999999776482582,4.47105073928833]",0,DN,0.0,0.9047573934120552,-0.01767281786942332,17.244414312633875,0.0,0,0.0,0.04532232930966182,0.0,0.0,0.0,0.04532232930966182,0.0,0.0,4.471050906900018,29.013357184208097,2.0,,,,,,,0.0,False,0.0,2150.8821969238725,2250.985474173664,False,0.04532232930966182,0.0,0.0
2150.8821969238725,scheduling,,"[5.0,2.0,1.0,6.0,29.013357162475586,2.0,64.11333465576172,32.73388671875,0.0,0.1666666716337204,0.0,1.0]",,,,,,,,,,,,,,,,,,29.013357184208097,2.0,2,5,True,"{""mid"":2,""t0"":2150.8821969238725,""t1"":2183.7509801916945,""jid"":42,""oid"":3}",2313.0229713962353,False,,False,0.0,,,,,,0.0
2152.7291131395427,maintenance,4,"[0.8440096378326416,-0.014442559331655502,16.89518165588379,0.0,0.0,67.72036743164062,6.0,29.013357162475586,2.0,1.0,0.0801657885313034,0.0,87.08011627197266,0.8440096378326416,0.009999999776482582,526.6452026367188]",0,DN,0.0,0.8440096590679843,-0.014442559277254019,16.895181413745817,0.0,0,0.0,0.08016578936107757,0.0,0.0,0.0,0.08016578936107757,0.0,0.0,526.6452246711854,29.013357184208097,2.0,,,,,,,0.0,False,0.0,2152.7291131395427,2239.8092306080507,False,0.08016578936107757,0.0,0.0
2152.7291131395427,scheduling,,"[5.0,2.0,1.0,6.0,29.013357162475586,2.0,67.72036743164062,40.70408630371094,0.0,0.1666666716337204,0.0,1.0]",,,,,,,,,,,,,,,,,,29.013357184208097,2.0,2,5,True,"{""mid"":0,""t0"":2152.7291131395427,""t1"":2186.0146926605494,""jid"":44,""oid"":1}",2209.721237225616,False,,False,0.0,,,,,,0.0
2173.875862021769,scheduling,,"[4.0,3.0,1.0,7.0,29.520238876342773,2.0,31.04907989501953,2.5606529712677,0.0,0.3333333432674408,0.0,1.0]",,,,,,,,,,,,,,,,,,29.520239587735546,2.0,2,5,True,"{""mid"":1,""t0"":2173.875862021769,""t1"":2203.5802434391894,""jid"":45,""oid"":0}",2310.5346873871827,False,,False,0.0,,,,,,0.0
2183.7509801916945,maintenance,2,"[0.9224839210510254,-0.042390126734972,7.607524871826172,0.0,0.0,32.248783111572266,7.0,29.520238876342773,2.0,1.0,0.03824159875512123,0.0,102.9790267944336,0.9224839210510254,0.009999999776482582,50.633216857910156]",0,DN,0.0,0.9224839369548815,-0.04239012647438445,7.607524765224573,0.0,0,0.0,0.03824159918393899,0.0,0.0,0.0,0.03824159918393899,0.0,0.0,50.633216159920266,29.520239587735546,2.0,,,,,,,0.0,False,0.0,2183.7509801916945,2286.730007182377,False,0.03824159918393899,0.0,0.0
2183.7509801916945,scheduling,,"[4.0,3.0,1.0,7.0,29.520238876342773,2.0,32.248783111572266,-7.314465045928955,0.0,0.3333333432674408,0.3333333432674408,1.0]",,,,,,,,,,,,,,,,,,29.520239587735546,2.0,1,3,True,"{""mid"":2,""t0"":2183.7509801916945,""t1"":2210.638253306995,""jid"":42,""oid"":4}",2313.0229713962353,False,,False,0.0,,,,,,0.0
2186.0146926605494,maintenance,0,"[0.957825243473053,-0.02628428116440773,13.613659858703613,0.0,0.0,44.645389556884766,7.0,29.520238876342773,2.0,1.0,0.027165859937667847,0.0,107.64387512207031,0.957825243473053,0.009999999776482582,84.6186294555664]",0,DN,0.0,0.9578252550749577,-0.026284280410899252,13.613659932138718,0.0,0,0.0,0.027165860436920798,0.0,0.0,0.0,0.027165860436920798,0.0,0.0,84.61863198078026,29.520239587735546,2.0,,,,,,,0.0,False,0.0,2186.0146926605494,2293.6585650981124,False,0.027165860436920798,0.0,0.0
2203.5802434391894,maintenance,1,"[0.8356496691703796,-0.06910769641399384,3.40989089012146,0.0,0.0,37.89590072631836,6.0,21.159189224243164,2.0,1.0,0.0865507423877716,0.0,84.88426971435547,0.8356496691703796,0.009999999776482582,57.169097900390625]",0,DN,0.0,0.8356496984599284,-0.06910769495212676,3.4098908757291206,0.0,0,0.0,0.08655074106815101,0.0,0.0,0.0,0.08655074106815101,0.0,0.0,57.169097422216964,21.15918877391696,2.0,,,,,,,0.0,False,0.0,2203.5802434391894,2288.464511669712,False,0.08655074106815101,0.0,0.0
2203.5802434391894,scheduling,,"[5.0,2.0,1.0,6.0,21.159189224243164,2.0,37.89590072631836,1.1213791370391846,0.0,0.1666666716337204,0.5,1.0]",,,,,,,,,,,,,,,,,,21.15918877391696,2.0,0,3,True,"{""mid"":5,""t0"":2203.5802434391894,""t1"":2210.2303094724725,""jid"":45,""oid"":1}",2310.5346873871827,False,,False,0.0,,,,,,0.0
2208.7502921493374,scheduling,,"[4.0,3.0,1.0,7.0,23.4450626373291,2.0,21.817235946655273,-10.593840599060059,0.0,0.3333333432674408,0.3333333432674408,1.0]",,,,,,,,,,,,,,,,,,23.44506233285885,2.0,3,5,True,"{""mid"":0,""t0"":2208.7502921493374,""t1"":2228.6176683290396,""jid"":46,""oid"":0}",2322.3765278364617,False,,False,0.0,,,,,,0.0
2210.2303094724725,maintenance,5,"[0.9247764945030212,-0.05092785134911537,6.377188682556152,0.0,0.0,30.494102478027344,7.0,23.4450626373291,2.0,1.0,0.0374072790145874,0.0,103.32327270507812,0.9247764945030212,0.009999999776482582,560.0741577148438]",0,DN,0.0,0.9247765098880233,-0.05092785036951153,6.377188660655782,0.0,0,0.0,0.03740727845975826,0.0,0.0,0.0,0.03740727845975826,0.0,0.0,560.0741604330474,23.44506233285885,2.0,,,,,,,0.0,False,0.0,2210.2303094724725,2313.5535807093693,False,0.03740727845975826,0.0,0.0
2210.2303094724725,scheduling,,"[4.0,3.0,1.0,7.0,23.4450626373291,2.0,30.494102478027344,1.9656529426574707,0.0,0.3333333432674408,0.3333333432674408,1.0]",,,,,,,,,,,,,,,,,,23.44506233285885,2.0,2,5,True,"{""mid"":3,""t0"":2210.2303094724725,""t1"":2259.1763718830903,""jid"":45,""oid"":2}",2310.5346873871827,False,,False,0.0,,,,,,0.0
2210.638253306995,maintenance,2,"[0.8587846159934998,-0.06369930505752563,4.062597751617432,0.0,0.0,6.726214408874512,7.0,23.4450626373291,1.5,1.0,0.0699247196316719,0.0,90.72136688232422,0.8587846159934998,0.009999999776482582,77.52049255371094]",0,DN,0.0,0.8587846343520961,-0.06369930260278545,4.062597607478044,0.0,0,0.0,0.06992471680008576,0.0,0.0,0.0,0.06992471680008576,0.0,0.0,77.52048927522083,23.44506233285885,1.5,,,,,,,0.0,False,0.0,2210.638253306995,2301.359617347087,False,0.06992471680008576,0.0,0.0
2210.9562362639003,scheduling,,"[4.0,3.0,1.0,8.0,20.41090202331543,1.5,4.272154331207275,-1.7647552490234375,0.0,0.3333333432674408,0.3333333432674408,1.0]",,,,,,,,,,,,,,,,,,20.410902587388005,1.5,0,3,True,"{""mid"":4,""t0"":2210.9562362639003,""t1"":2239.8932967481696,""jid"":47,""oid"":0}",2290.5249524000315,False,,False,0.0,,,,,,0.0
2228.6176683290396,maintenance,0,"[0.9467070698738098,-0.011118178255856037,31.18380355834961,0.12332072854042053,0.0,-5.264562606811523,9.0,19.74321174621582,1.0,1.0,0.030263829976320267,0.0,106.31819152832031,0.9467070698738098,0.009999999776482582,127.22161102294922]",0,DN,0.0,0.9467070768554228,-0.01111817821953498,31.183802778610602,0.12332073126573051,0,0.0,0.03026383018127107,0.0,0.0,0.0,0.03026383018127107,0.0,0.0,127.22160764927048,19.743210880245783,1.0,,,,,,,0.0,False,0.0,2228.6176683290396,2334.9358617179464,False,0.03026383018127107,0.0,0.0
2228.6176683290396,scheduling,,"[4.0,4.0,2.0,9.0,19.74321174621582,1.0,-5.264562606811523,-13.154709815979004,0.12332072854042053,0.3333333432674408,0.75,1.0]",,,,,,,,,,,,,,,,,,19.743210880245783,1.0,1,1,True,"{""mid"":5,""t0"":2228.6176683290396,""t1"":2255.907122071418,""jid"":46,""oid"":1}",2322.3765278364617,False,,False,0.0,,,,,,0.0
2239.8932967481696,maintenance,4,"[0.7591145038604736,-0.08489517867565155,1.87424635887146,0.20333696901798248,0.11556409299373627,-9.092939376831055,10.0,17.964305877685547,1.0,1.0,0.169222891330719,4.62256383895874,60.983306884765625,0.7591145038604736,0.009999999776482582,613.8093872070312]",0,DN,0.0,0.7591144815198064,-0.08489517754817788,1.8742464073357905,0.20333697576434573,0,0.0,0.16922289041570593,0.0,0.0,0.0,0.16922289041570593,0.0,0.0,613.8094082798123,17.964306237753235,1.0,,,,,,,0.11556409628349229,False,0.0,2244.5158605995093,2300.8766043661853,False,0.16922289041570593,0.0,0.0
2239.8932967481696,scheduling,,"[4.0,5.0,3.0,10.0,17.964305877685547,1.0,-9.092939376831055,-13.895868301391602,0.20333696901798248,0.3333333432674408,0.800000011920929,1.0]",,,,,,,,,,,,,,,,,,17.964306237753235,1.0,0,1,True,"{""mid"":4,""t0"":2239.8932967481696,""t1"":2249.471401008902,""jid"":49,""oid"":0}",2259.8684816183923,False,,False,0.0,,,,,,0.0
2239.8932967481696,scheduling,,"[3.0,5.0,2.0,10.0,17.964305877685547,1.0,-9.092939376831055,-13.895868301391602,0.20333696901798248,0.5,0.800000011920929,1.0]",,,,,,,,,,,,,,,,,,17.964306237753235,1.0,1,1,True,"{""mid"":1,""t0"":2239.8932967481696,""t1"":2245.951866346171,""jid"":47,""oid"":1}",2290.5249524000315,False,,False,0.0,,,,,,0.0
2245.951866346171,maintenance,1,"[0.8339387774467468,-0.0017109152395278215,136.73312377929688,0.29425048828125,0.0,-13.93979549407959,10.0,17.964305877685547,1.0,1.0,0.08791299164295197,0.0,84.42298889160156,0.8339387774467468,0.009999999776482582,99.54071807861328]",0,DN,0.0,0.8339387832104977,-0.0017109152494306779,136.7331218120494,0.2942504763357555,0,0.0,0.08791298869923407,0.0,0.0,0.0,0.08791298869923407,0.0,0.0,99.5407203291984,17.964306237753235,1.0,,,,,,,0.0,False,0.0,2245.951866346171,2330.374858888198,False,0.08791298869923407,0.0,0.0
2249.471401008902,maintenance,4,"[0.7257568836212158,-0.03335762768983841,3.769958257675171,0.32198965549468994,0.19538162648677826,-15.543709754943848,10.0,17.964305877685547,1.0,1.0,0.22139273583889008,7.81526517868042,49.497432708740234,0.7257568836212158,0.009999999776482582,623.3875122070312]",0,DN,0.0,0.7257568556161029,-0.0333576259037035,3.7699582092303787,0.3219896543239342,0,0.0,0.22139273568905718,0.0,0.0,0.0,0.22139273568905718,0.0,0.0,623.3875125405445,17.964306237753235,1.0,,,,,,,0.1953816317895947,False,0.0,2257.286666280486,2298.9688335328224,False,0.22139273568905718,0.0,0.0
2249.471401008902,scheduling,,"[4.0,5.0,3.0,10.0,17.964305877685547,1.0,-15.543709754943848,-23.47397232055664,0.32198965549468994,0.3333333432674408,1.0,1.0]",,,,,,,,,,,,,,,,,,17.964306237753235,1.0,0,1,True,"{""mid"":4,""t0"":2249.471401008902,""t1"":2257.6888766429497,""jid"":49,""oid"":1}",2259.8684816183923,False,,False,0.0,,,,,,0.0
2253.43264977967,scheduling,,"[3.0,7.0,4.0,12.0,16.850248336791992,1.0,-14.091583251953125,-27.42582893371582,0.29692351818084717,0.5,0.8571428656578064,1.0]",,,,,,,,,,,,,,,,,,16.850248329771436,1.0,1,5,True,"{""mid"":0,""t0"":2253.43264977967,""t1"":2286.2227255415005,""jid"":51,""oid"":0}",2349.006874948079,False,,False,0.0,,,,,,0.0
2255.907122071418,maintenance,5,"[0.8385401368141174,-0.0862363949418068,2.7661187648773193,0.2902964651584625,0.0,-13.716318130493164,12.0,16.850248336791992,1.0,1.0,0.08429272472858429,0.0,85.6544189453125,0.8385401368141174,0.009999999776482582,605.7509765625]",0,DN,0.0,0.8385401142029352,-0.08623639568508812,2.766118786712966,0.29029646607769166,0,0.0,0.08429272812169601,0.0,0.0,0.0,0.08429272812169601,0.0,0.0,605.750973031993,16.850248329771436,1.0,,,,,,,0.0,False,0.0,2255.907122071418,2341.5615421986963,False,0.08429272812169601,0.0,0.0
2255.907122071418,scheduling,,"[3.0,7.0,4.0,12.0,16.850248336791992,1.0,-13.716318130493164,-29.900300979614258,0.2902964651584625,0.5,1.0,1.0]",,,,,,,,,,,,,,,,,,16.850248329771436,1.0,1,1,True,"{""mid"":1,""t0"":2255.907122071418,""t1"":2269.645960712578,""jid"":46,""oid"":2}",2322.3765278364617,False,,False,0.0,,,,,,0.0
2257.6888766429497,maintenance,4,"[0.7034651041030884,-0.022291768342256546,4.641403675079346,0.3130955398082733,0.2638605833053589,-15.022401809692383,12.0,16.850248336791992,1.0,1.0,0.26218342781066895,10.554424285888672,42.045738220214844,0.7034651041030884,0.009999999776482582,631.60498046875]",0,DN,0.0,0.7034650878018799,-0.02229176781422304,4.64140343933894,0.3130955270320225,0,0.0,0.2621834285014692,0.0,0.0,0.0,0.2621834285014692,0.0,0.0,631.6049881745923,16.850248329771436,1.0,,,,,,,0.26386059540665957,False,0.0,2268.2433004592162,2299.734614770061,False,0.2621834285014692,0.0,0.0
2257.6888766429497,scheduling,,"[3.0,6.0,3.0,12.0,16.850248336791992,1.0,-15.022401809692383,-31.686752319335938,0.3130955398082733,0.5,1.0,1.0]",,,,,,,,,,,,,,,,,,16.850248329771436,1.0,1,1,True,"{""mid"":4,""t0"":2257.6888766429497,""t1"":2265.565805091607,""jid"":48,""oid"":0}",2282.15782621328,False,,False,0.0,,,,,,0.0
2259.1763718830903,maintenance,3,"[0.8196438550949097,-0.06540822982788086,3.358046054840088,0.22568152844905853,0.09442398697137833,-10.230880737304688,12.0,16.850248336791992,1.0,1.0,0.1000707596540451,3.7769594192504883,80.41564178466797,0.8196438550949097,0.009999999776482582,222.07171630859375]",0,DN,0.0,0.8196438568679112,-0.06540823308547927,3.3580460212228616,0.22568152479611847,0,0.0,0.10007076302363614,0.0,0.0,0.0,0.10007076302363614,0.0,0.0,222.07171642665844,16.850248329771436,1.0,,,,,,,0.09442398364471956,False,0.0,2262.953331228879,2339.5920123701994,False,0.10007076302363614,0.0,0.0
2259.1763718830903,scheduling,,"[3.0,6.0,3.0,12.0,16.850248336791992,1.0,-10.230880737304688,-22.240821838378906,0.22568152844905853,0.5,0.8333333134651184,1.0]",,,,,,,,,,,,,,,,,,16.850248329771436,1.0,1,5,True,"{""mid"":3,""t0"":2259.1763718830903,""t1"":2277.3118356087707,""jid"":47,""oid"":2}",2290.5249524000315,False,,False,0.0,,,,,,0.0
2259.1763718830903,scheduling,,"[2.0,6.0,2.0,12.0,16.850248336791992,1.0,-10.230880737304688,-22.240821838378906,0.22568152844905853,0.6666666865348816,0.8333333134651184,1.0]",,,,,,,,,,,,,,,,,,16.850248329771436,1.0,1,5,True,"{""mid"":2,""t0"":2259.1763718830903,""t1"":2275.773958954647,""jid"":45,""oid"":3}",2310.5346873871827,False,,False,0.0,,,,,,0.0
2265.565805091607,maintenance,4,"[0.6880043745040894,-0.015460717491805553,5.692127227783203,0.31797388195991516,0.11041207611560822,-15.307493209838867,12.0,16.850248336791992,1.0,1.0,0.29316872358322144,4.416482925415039,37.1445426940918,0.6880043745040894,0.009999999776482582,639.48193359375]",0,DN,0.0,0.6880043702094927,-0.015460717592387208,5.692127139869994,0.31797387700472857,0,0.0,0.29316872284050804,0.0,0.0,0.0,0.29316872284050804,0.0,0.0,639.4819166232498,16.850248329771436,1.0,,,,,,,0.11041207778882077,False,0.0,2269.98228820316,2302.710347424056,False,0.29316872284050804,0.0,0.0
2265.565805091607,scheduling,,"[2.0,6.0,2.0,12.0,16.850248336791992,1.0,-15.307493209838867,-24.691791534423828,0.31797388195991516,0.6666666865348816,1.0,1.0]",,,,,,,,,,,,,,,,,,16.850248329771436,1.0,1,5,True,"{""mid"":4,""t0"":2265.565805091607,""t1"":2272.3059427694725,""jid"":50,""oid"":0}",2349.88766583039,False,,False,0.0,,,,,,0.0
2269.645960712578,maintenance,1,"[0.7577254176139832,-0.07621333748102188,2.0695254802703857,0.3350319266319275,0.29786190390586853,-16.320650100708008,11.0,18.096179962158203,1.0,1.0,0.17118467390537262,11.914475440979004,60.50663757324219,0.7577254176139832,0.009999999776482582,123.23481750488281]",0,DN,0.0,0.7577254458280079,-0.07621333738248981,2.069525508854645,0.3350319366587863,0,0.0,0.1711846692012016,0.0,0.0,0.0,0.1711846692012016,0.0,0.0,123.23481469560556,18.096179259272823,1.0,,,,,,,0.29786189224807913,False,0.0,2281.560436402501,2330.1525979835255,False,0.1711846692012016,0.0,0.0
2269.645960712578,scheduling,,"[2.0,6.0,2.0,11.0,18.096179962158203,1.0,-16.320650100708008,-28.771947860717773,0.3350319266319275,0.6666666865348816,1.0,1.0]",,,,,,,,,,,,,,,,,,18.096179259272823,1.0,1,2,True,"{""mid"":1,""t0"":2269.645960712578,""t1"":2278.446350408994,""jid"":48,""oid"":1}",2282.15782621328,False,,False,0.0,,,,,,0.0
2272.3059427694725,scheduling,,"[2.0,6.0,2.0,11.0,18.096179962158203,1.0,-14.796667098999023,-31.431928634643555,0.30920809507369995,0.6666666865348816,0.8333333134651184,1.0]",,,,,,,,,,,,,,,,,,18.096179259272823,1.0,1,2,True,"{""mid"":4,""t0"":2272.3059427694725,""t1"":2299.430394713752,""jid"":46,""oid"":3}",2322.3765278364617,False,,False,0.0,,,,,,0.0
2275.773958954647,maintenance,2,"[0.8238425254821777,-0.03494210168719292,6.406098365783691,0.3181231915950775,0.0,-15.31624984741211,10.0,16.41286277770996,1.0,1.0,0.09635255485773087,0.0,81.6205825805664,0.8238425254821777,0.009999999776482582,142.65618896484375]",0,DN,0.0,0.8238425341845504,-0.03494210016754562,6.406098463207327,0.3181231785367823,0,0.0,0.09635255809945263,0.0,0.0,0.0,0.09635255809945263,0.0,0.0,142.6561949228726,16.412863681995834,1.0,,,,,,,0.0,False,0.0,2275.773958954647,2357.3945450215356,False,0.09635255809945263,0.0,0.0
2275.773958954647,scheduling,,"[2.0,6.0,2.0,10.0,16.41286277770996,1.0,-15.31624984741211,-34.89994430541992,0.3181231915950775,0.6666666865348816,0.6666666865348816,1.0]",,,,,,,,,,,,,,,,,,16.412863681995834,1.0,1,2,True,"{""mid"":5,""t0"":2275.773958954647,""t1"":2307.0496731524886,""jid"":45,""oid"":4}",2310.5346873871827,False,,False,0.0,,,,,,0.0
2275.773958954647,scheduling,,"[1.0,6.0,1.0,10.0,16.41286277770996,1.0,-15.31624984741211,-34.89994430541992,0.3181231915950775,0.8333333134651184,0.6666666865348816,1.0]",,,,,,,,,,,,,,,,,,16.412863681995834,1.0,0,3,True,"{""mid"":2,""t0"":2275.773958954647,""t1"":2304.875605710263,""jid"":50,""oid"":1}",2349.88766583039,False,,False,0.0,,,,,,0.0
2277.3118356087707,maintenance,3,"[0.8141353130340576,-0.005508558824658394,38.873199462890625,0.2923380136489868,0.0,-13.831549644470215,10.0,16.41286277770996,1.0,1.0,0.1051420196890831,0.0,78.80084228515625,0.8141353130340576,0.009999999776482582,240.20718383789062]",0,DN,0.0,0.8141352980184823,-0.005508558849428913,38.87319784932175,0.2923380246930085,0,0.0,0.10514202341058398,0.0,0.0,0.0,0.10514202341058398,0.0,0.0,240.20718015233888,16.412863681995834,1.0,,,,,,,0.0,False,0.0,2277.3118356087707,2356.1126750125804,False,0.10514202341058398,0.0,0.0
2278.446350408994,maintenance,1,"[0.723176896572113,-0.03454853966832161,3.565328598022461,0.2864361107349396,0.29786190390586853,-13.499332427978516,10.0,16.41286277770996,1.0,1.0,0.2258719503879547,11.914475440979004,48.618492126464844,0.723176896572113,0.009999999776482582,132.0352020263672]",0,DN,0.0,0.7231769043846613,-0.034548541443346625,3.5653286430817706,0.28643611951397174,0,0.0,0.22587195167134455,0.0,0.0,0.0,0.22587195167134455,0.0,0.0,132.03520439202157,16.412863681995834,1.0,,,,,,,0.29786189224807913,False,0.0,2290.360826098917,2327.0648416180916,False,0.22587195167134455,0.0,0.0
2278.446350408994,scheduling,,"[2.0,6.0,2.0,10.0,16.41286277770996,1.0,-13.499332427978516,-30.378562927246094,0.2864361107349396,0.6666666865348816,0.8333333134651184,1.0]",,,,,,,,,,,,,,,,,,16.412863681995834,1.0,1,2,True,"{""mid"":1,""t0"":2278.446350408994,""t1"":2282.8734908666997,""jid"":48,""oid"":2}",2282.15782621328,True,,False,0.0,,,,,,0.0
2282.8734908666997,maintenance,1,"[0.7428832650184631,0.019706379622220993,100.0,0.31988757848739624,0.0,-15.419886589050293,10.0,16.41286277770996,1.0,1.0,0.19328060746192932,0.0,55.38835144042969,0.7428832650184631,0.009999999776482582,136.46234130859375]",1,IM,8.394948129495639,0.7428832838991193,0.019706379514457972,100.0,0.31988757099578913,0,0.0,0.19328060658141566,0.0,0.0,0.0,0.19328060658141566,0.0,0.0,136.4623448497273,16.412863681995834,1.0,,,,,,,0.0,False,0.0,2282.8734908666997,2338.2618427291663,False,0.19328060658141566,1.0,0.0
2286.2227255415005,maintenance,0,"[0.9257444143295288,-0.02096266858279705,15.539262771606445,0.25845929980278015,0.0,-11.961008071899414,11.0,17.950504302978516,1.0,1.0,0.03706031292676926,0.0,103.46676635742188,0.9257444143295288,0.009999999776482582,184.82666015625]",0,DN,0.0,0.9257444082807,-0.02096266857472273,15.539262433099294,0.25845928578792166,0,0.0,0.03706031407498341,0.0,0.0,0.0,0.03706031407498341,0.0,0.0,184.8266648617314,17.95050345481036,1.0,,,,,,,0.0,False,0.0,2286.2227255415005,2389.6894943133825,False,0.03706031407498341,0.0,0.0
2286.2227255415005,scheduling,,"[2.0,7.0,4.0,11.0,17.950504302978516,1.0,-11.961008071899414,-23.537174224853516,0.25845929980278015,0.5,1.0,1.0]",,,,,,,,,,,,,,,,,,17.95050345481036,1.0,1,5,True,"{""mid"":3,""t0"":2286.2227255415005,""t1"":2343.4710446848794,""jid"":51,""oid"":1}",2349.006874948079,False,,False,0.0,,,,,,0.0
2291.2684389961955,scheduling,,"[2.0,7.0,3.0,11.0,17.950504302978516,1.0,-17.00672149658203,-28.582887649536133,0.3463400602340698,0.6666666865348816,1.0,1.0]",,,,,,,,,,,,,,,,,,17.95050345481036,1.0,1,2,True,"{""mid"":1,""t0"":2291.2684389961955,""t1"":2320.769320466667,""jid"":52,""oid"":0}",2400.0381616087484,False,,False,0.0,,,,,,0.0
2299.430394713752,maintenance,4,"[0.6467627882957458,-0.041241586208343506,1.133874535560608,0.30920809507369995,0.029198797419667244,-14.796667098999023,11.0,18.096179962158203,1.0,1.0,0.3851778507232666,1.1679518222808838,25.70743751525879,0.6467627882957458,0.009999999776482582,646.2220458984375]",2,CM,14.753984146882042,0.6060233844806727,0.0,0.0,0.42720197683179395,0,0.0,0.38517785234594254,0.0,0.0,0.0,0.38517785234594254,0.0,0.0,673.3465062453945,17.95050345481036,1.0,,,,,,,0.3473995908347812,False,0.0,2273.473894636873,2298.0133799218347,True,0.38517785234594254,2.0,0.0
2299.430394713752,scheduling,,"[1.0,7.0,3.0,11.0,17.950504302978516,1.0,-22.28888511657715,-36.744842529296875,0.4272019863128662,0.6666666865348816,1.0,1.0]",,,,,,,,,,,,,,,,,,17.95050345481036,1.0,0,3,True,"{""mid"":0,""t0"":2299.430394713752,""t1"":2358.3956556235744,""jid"":46,""oid"":4}",2322.3765278364617,True,,False,0.0,,,,,,0.0
2304.875605710263,maintenance,2,"[0.7502721548080444,-0.0735703781247139,2.0425631999969482,0.44534996151924133,0.3241220712661743,-23.576717376708984,11.0,17.950504302978516,1.0,1.0,0.18201996386051178,12.964882850646973,57.940223693847656,0.7502721548080444,0.009999999776482582,171.75784301757812]",0,DN,0.0,0.750272152968702,-0.07357038121584847,2.0425631957488144,0.44534996779211633,0,0.0,0.1820199680767515,0.0,0.0,0.0,0.1820199680767515,0.0,0.0,171.7578416784886,17.95050345481036,1.0,,,,,,,0.32412206782382025,False,0.0,2317.8404884232154,2362.815830409773,False,0.1820199680767515,0.0,0.0
2304.875605710263,scheduling,,"[1.0,7.0,3.0,11.0,17.950504302978516,1.0,-23.576717376708984,-42.1900520324707,0.44534996151924133,0.6666666865348816,0.8571428656578064,1.0]",,,,,,,,,,,,,,,,,,17.95050345481036,1.0,0,5,True,"{""mid"":2,""t0"":2304.875605710263,""t1"":2320.827834544248,""jid"":47,""oid"":3}",2290.5249524000315,True,,False,0.0,,,,,,0.0
2307.0496731524886,maintenance,5,"[0.7229366898536682,-0.11560341715812683,1.0634348392486572,0.4747888147830963,0.0,-25.758193969726562,10.0,19.48904037475586,1.0,1.0,0.22629223763942719,0.0,48.536827087402344,0.7229366898536682,0.009999999776482582,656.8934936523438]",1,IM,7.618257318516222,0.7229366989065372,-0.11560341529639795,1.0634348353060101,0.474788808529213,0,0.0,0.22629223665238318,0.0,0.0,0.0,0.22629223665238318,0.0,0.0,656.8935241130634,19.48904102127507,1.0,,,,,,,0.0,False,0.0,2307.0496731524886,2355.586498540033,False,0.22629223665238318,1.0,0.0
2314.184378860634,scheduling,,"[1.0,6.0,2.0,9.0,17.925086975097656,1.0,-32.89289855957031,-52.32267761230469,0.5605900287628174,0.6666666865348816,1.0,1.0]",,,,,,,,,,,,,,,,,,17.92508759667686,1.0,0,3,True,"{""mid"":4,""t0"":2314.184378860634,""t1"":2338.5997612603355,""jid"":48,""oid"":3}",2282.15782621328,True,,False,0.0,,,,,,0.0
2320.769320466667,maintenance,1,"[0.7771849632263184,-0.11427497863769531,1.5505141019821167,0.5757590532302856,0.0,-34.29814910888672,9.0,17.925086975097656,1.0,1.0,0.14531245827674866,0.0,67.1038818359375,0.7771849632263184,0.009999999776482582,29.50088119506836]",0,DN,0.0,0.7771849651644404,-0.11427497551450272,1.5505141380840086,0.5757590741181682,0,0.0,0.14531245747804925,0.0,0.0,0.0,0.14531245747804925,0.0,0.0,29.50088147047154,17.92508759667686,1.0,,,,,,,0.0,False,0.0,2320.769320466667,2387.8732035816893,False,0.14531245747804925,0.0,0.0
2320.769320466667,scheduling,,"[2.0,6.0,2.0,9.0,17.925086975097656,1.0,-34.29814910888672,-58.90761947631836,0.5757590532302856,0.6666666865348816,1.0,1.0]",,,,,,,,,,,,,,,,,,17.92508759667686,1.0,1,4,True,"{""mid"":5,""t0"":2320.769320466667,""t1"":2333.4393762746336,""jid"":52,""oid"":1}",2400.0381616087484,False,,False,0.0,,,,,,0.0
2320.827834544248,maintenance,2,"[0.7106000781059265,-0.03967205435037613,2.7878592014312744,0.5472652912139893,0.11921697109937668,-31.697959899902344,9.0,17.925086975097656,1.0,1.0,0.24861717224121094,4.768678665161133,44.3903923034668,0.7106000781059265,0.009999999776482582,187.71006774902344]",0,DN,0.0,0.7106000996380055,-0.039672053330696455,2.7878592195889227,0.5472653087067486,0,0.0,0.24861717791209476,0.0,0.0,0.0,0.24861717791209476,0.0,0.0,187.71007051247398,17.92508759667686,1.0,,,,,,,0.11921696848119154,False,0.0,2325.596513283496,2365.218225723424,False,0.24861717791209476,0.0,0.0
2320.827834544248,scheduling,,"[2.0,6.0,2.0,9.0,17.925086975097656,1.0,-31.697959899902344,-50.990020751953125,0.5472652912139893,0.6666666865348816,1.0,1.0]",,,,,,,,,,,,,,,,,,17.92508759667686,1.0,3,2,True,"{""mid"":2,""t0"":2320.827834544248,""t1"":2335.4543443134326,""jid"":50,""oid"":2}",2349.88766583039,False,,False,0.0,,,,,,0.0
2333.4393762746336,maintenance,5,"[0.8041415810585022,-0.06338243186473846,3.220791816711426,0.6101007461547852,0.034183647483587265,-37.67467498779297,10.0,20.0794620513916,1.0,1.0,0.11492261290550232,1.367345929145813,75.7774887084961,0.8041415810585022,0.009999999776482582,18.771446228027344]",0,DN,0.0,0.8041416081812996,-0.06338243050654502,3.22079173281655,0.6101007347508509,0,0.0,0.11492261614307926,0.0,0.0,0.0,0.11492261614307926,0.0,0.0,18.77144580362892,20.079462678405637,1.0,,,,,,,0.034183647051118746,False,0.0,2334.8067221566785,2409.216865923303,False,0.11492261614307926,0.0,0.0
2333.4393762746336,scheduling,,"[2.0,7.0,3.0,10.0,20.0794620513916,1.0,-37.67467498779297,-61.18248748779297,0.6101007461547852,0.6666666865348816,1.0,1.0]",,,,,,,,,,,,,,,,,,20.079462678405637,1.0,0,2,True,"{""mid"":5,""t0"":2333.4393762746336,""t1"":2343.9355381044447,""jid"":52,""oid"":2}",2400.0381616087484,False,,False,0.0,,,,,,0.0
2335.4543443134326,maintenance,2,"[0.6513026356697083,-0.05929747596383095,0.8651738166809082,0.5976724028587341,0.10764975100755692,-36.41954040527344,10.0,20.0794620513916,1.0,1.0,0.3744843602180481,4.305989742279053,26.830902099609375,0.6513026356697083,0.009999999776482582,202.33657836914062]",0,DN,0.0,0.6513026240583304,-0.05929747557967513,0.8651738300291988,0.5976723759949012,0,0.0,0.37448437247885286,0.0,0.0,0.0,0.37448437247885286,0.0,0.0,202.33658028165837,20.079462678405637,1.0,,,,,,,0.1076497482615461,False,0.0,2339.7603342438942,2362.28524550612,False,0.37448437247885286,0.0,0.0
2335.4543443134326,scheduling,,"[2.0,7.0,3.0,10.0,20.0794620513916,1.0,-36.41954040527344,-63.19745635986328,0.5976724028587341,0.6666666865348816,1.0,1.0]",,,,,,,,,,,,,,,,,,20.079462678405637,1.0,1,4,True,"{""mid"":2,""t0"":2335.4543443134326,""t1"":2372.831619630605,""jid"":53,""oid"":0}",2440.0358436893284,False,,False,0.0,,,,,,0.0
2335.4543443134326,scheduling,,"[1.0,7.0,2.0,10.0,20.0794620513916,1.0,-36.41954040527344,-63.19745635986328,0.5976724028587341,0.8333333134651184,1.0,1.0]",,,,,,,,,,,,,,,,,,20.079462678405637,1.0,1,3,True,"{""mid"":1,""t0"":2335.4543443134326,""t1"":2369.0320744146516,""jid"":50,""oid"":3}",2349.88766583039,True,,False,0.0,,,,,,0.0
2338.5997612603355,maintenance,4,"[0.9066654443740845,-0.09333458542823792,3.2856569290161133,0.5582770705223083,0.4722214639186859,-32.682899475097656,10.0,20.0794620513916,1.0,1.0,0.04450388625264168,18.888858795166016,100.43152618408203,0.9066654443740845,0.009999999776482582,24.415382385253906]",0,DN,0.0,0.9066654161123734,-0.09333458388762661,3.2856568630722545,0.558277077209381,0,0.0,0.0445038870361001,0.0,0.0,0.0,0.0445038870361001,0.0,0.0,24.415382399701684,20.079462678405637,1.0,,,,,,,0.47222145712454827,False,0.0,2357.4886195453173,2439.0312905429287,False,0.0445038870361001,0.0,0.0
2338.5997612603355,scheduling,,"[1.0,6.0,1.0,10.0,20.0794620513916,1.0,-32.682899475097656,-55.97260284423828,0.5582770705223083,0.8333333134651184,1.0,1.0]",,,,,,,,,,,,,,,,,,20.079462678405637,1.0,1,3,True,"{""mid"":4,""t0"":2338.5997612603355,""t1"":2347.1915272549772,""jid"":47,""oid"":4}",2290.5249524000315,True,,False,0.0,,,,,,0.0
2343.4710446848794,maintenance,3,"[0.7293895483016968,-0.08474575728178024,1.5267966985702515,0.5378214716911316,0.16714836657047272,-30.872163772583008,9.0,18.582563400268555,1.0,1.0,0.2151941955089569,6.685934543609619,50.740020751953125,0.7293895483016968,0.009999999776482582,306.36639404296875]",0,DN,0.0,0.7293895408539175,-0.08474575716456478,1.526796682017491,0.537821496774298,0,0.0,0.21519420233924302,0.0,0.0,0.0,0.21519420233924302,0.0,0.0,306.3663892284476,18.582564062534743,1.0,,,,,,,0.16714836374815528,False,0.0,2350.1569792348055,2394.2110639282278,False,0.21519420233924302,0.0,0.0
2343.4710446848794,scheduling,,"[1.0,6.0,1.0,9.0,18.582563400268555,1.0,-30.872163772583008,-58.024131774902344,0.5378214716911316,0.8333333134651184,1.0,1.0]",,,,,,,,,,,,,,,,,,18.582564062534743,1.0,1,3,True,"{""mid"":3,""t0"":2343.4710446848794,""t1"":2390.588675055032,""jid"":51,""oid"":2}",2349.006874948079,True,,False,0.0,,,,,,0.0
2343.9355381044447,maintenance,5,"[0.7672446966171265,-0.03689693287014961,4.532752990722656,0.5029069781303406,0.0,-27.959125518798828,9.0,18.582563400268555,1.0,1.0,0.1580982357263565,0.0,63.758262634277344,0.7672446966171265,0.009999999776482582,29.267606735229492]",0,DN,0.0,0.7672446757445899,-0.03689693243670977,4.532752852326379,0.5029069936105168,0,0.0,0.15809823513460558,0.0,0.0,0.0,0.15809823513460558,0.0,0.0,29.267607633440093,18.582564062534743,1.0,,,,,,,0.0,False,0.0,2343.9355381044447,2407.6938018005703,False,0.15809823513460558,0.0,0.0
2347.1915272549772,maintenance,4,"[0.8943542242050171,-0.012311176396906376,23.909513473510742,0.4567370116710663,0.0,-24.406469345092773,9.0,18.582563400268555,1.0,1.0,0.05004260316491127,0.0,98.23094940185547,0.8943542242050171,0.009999999776482582,33.00714874267578]",0,DN,0.0,0.8943542396731844,-0.012311176439188998,23.909513532451257,0.45673700105802817,0,0.0,0.05004260485223226,0.0,0.0,0.0,0.05004260485223226,0.0,0.0,33.0071483943434,18.582564062534743,1.0,,,,,,,0.0,False,0.0,2347.1915272549772,2445.4224757376255,False,0.05004260485223226,0.0,0.0
2358.3956556235744,maintenance,0,"[0.8503316044807434,-0.0754127949476242,3.3194847106933594,0.4928063154220581,0.0,-27.15449333190918,9.0,18.582563400268555,1.0,1.0,0.07562603056430817,0.0,88.67584991455078,0.8503316044807434,0.009999999776482582,256.9996032714844]",0,DN,0.0,0.8503316133338288,-0.07541279494687125,3.3194846247269956,0.49280631104503625,0,0.0,0.07562603347903396,0.0,0.0,0.0,0.07562603347903396,0.0,0.0,256.9995949438053,18.582564062534743,1.0,,,,,,,0.0,False,0.0,2358.3956556235744,2447.0715076353545,False,0.07562603347903396,0.0,0.0
2369.0320744146516,maintenance,1,"[0.6066248416900635,-0.17056012153625488,0.03884165734052658,0.6052623987197876,0.16191287338733673,-37.181358337402344,9.0,18.582563400268555,1.0,1.0,0.483443945646286,6.476515293121338,20.0,0.6066248416900635,0.009999999776482582,77.76363372802734]",0,DN,0.0,0.606624837978902,-0.17056012718553837,0.03884165712244921,0.6052623809243611,0,0.0,0.48344395977163324,0.0,0.0,0.0,0.48344395977163324,0.0,0.0,77.76363541845603,18.582564062534743,1.0,,,,,,,0.16191287969986662,False,0.0,2375.508589602646,2389.0320744146516,False,0.48344395977163324,0.0,0.0
2369.0320744146516,scheduling,,"[4.0,3.0,1.0,9.0,18.582563400268555,1.0,-37.181358337402344,-46.32032775878906,0.6052623987197876,0.3333333432674408,1.0,1.0]",,,,,,,,,,,,,,,,,,18.582564062534743,1.0,1,3,True,"{""mid"":1,""t0"":2369.0320744146516,""t1"":2384.0841321747816,""jid"":52,""oid"":3}",2400.0381616087484,False,,False,0.0,,,,,,0.0
2372.831619630605,maintenance,2,"[0.5617433190345764,-0.08955929428339005,0.0,0.5103627443313599,0.1086948961019516,-28.56361961364746,9.0,18.582563400268555,1.0,1.0,0.5944920182228088,4.347795486450195,20.0,0.5617433190345764,0.009999999776482582,239.71385192871094]",0,DN,0.0,0.561743329689996,-0.08955929436833443,0.0,0.5103627514041261,0,0.0,0.5944920110499493,0.0,0.0,0.0,0.5944920110499493,0.0,0.0,239.71385559883083,18.582564062534743,1.0,,,,,,,0.10869489290081447,False,0.0,2377.1794153466376,2392.831619630605,False,0.5944920110499493,0.0,0.0
2372.831619630605,scheduling,,"[4.0,3.0,1.0,9.0,18.582563400268555,1.0,-28.56361961364746,-44.18052291870117,0.5103627443313599,0.3333333432674408,1.0,1.0]",,,,,,,,,,,,,,,,,,18.582564062534743,1.0,1,1,True,"{""mid"":5,""t0"":2372.831619630605,""t1"":2404.8723430184364,""jid"":53,""oid"":1}",2440.0358436893284,False,,False,0.0,,,,,,0.0
2377.5715044128965,scheduling,,"[3.0,4.0,1.0,9.0,21.102651596069336,1.0,-13.728668212890625,-46.301475524902344,0.29051557183265686,0.5,0.75,1.0]",,,,,,,,,,,,,,,,,,21.10265153294489,1.0,0,2,True,"{""mid"":0,""t0"":2377.5715044128965,""t1"":2386.21377503256,""jid"":54,""oid"":0}",2512.55901317073,False,,False,0.0,,,,,,0.0
2379.362454123843,scheduling,,"[2.0,5.0,1.0,10.0,18.956907272338867,1.0,-5.344851970672607,-45.4734992980957,0.12507866322994232,0.6666666865348816,0.6000000238418579,1.0]",,,,,,,,,,,,,,,,,,18.956906886056156,1.0,2,3,True,"{""mid"":4,""t0"":2379.362454123843,""t1"":2386.3546784038585,""jid"":55,""oid"":0}",2485.4250939560357,False,,False,0.0,,,,,,0.0
2384.0841321747816,maintenance,1,"[0.5759347677230835,-0.03069007210433483,0.0,0.16171987354755402,0.16191287338733673,-7.056118488311768,10.0,18.956907272338867,1.0,1.0,0.559874415397644,6.476515293121338,20.0,0.5759347677230835,0.009999999776482582,92.8156967163086]",0,DN,0.0,0.5759347666698177,-0.0306900713090843,0.0,0.16171988093353218,0,0.0,0.5598744002873397,0.0,0.0,0.0,0.5598744002873397,0.0,0.0,92.81569317858612,18.956906886056156,1.0,,,,,,,0.16191287969986662,False,0.0,2390.5606473627763,2404.0841321747816,False,0.5598744002873397,0.0,0.0
2384.0841321747816,scheduling,,"[2.0,5.0,1.0,10.0,18.956907272338867,1.0,-7.056118488311768,-46.12089538574219,0.16171987354755402,0.6666666865348816,0.6000000238418579,1.0]",,,,,,,,,,,,,,,,,,18.956906886056156,1.0,0,5,True,"{""mid"":1,""t0"":2384.0841321747816,""t1"":2404.3447749537845,""jid"":52,""oid"":4}",2400.0381616087484,True,,False,0.0,,,,,,0.0
2386.21377503256,maintenance,0,"[0.8485037684440613,-0.001827828586101532,135.9557342529297,0.13235518336296082,0.0,-5.678913593292236,10.0,18.956907272338867,1.0,1.0,0.0769137591123581,0.0,88.22026824951172,0.8485037684440613,0.009999999776482582,284.8177185058594]",0,DN,0.0,0.8485037847401798,-0.0018278285936489391,135.95573764610262,0.13235517812209296,0,0.0,0.0769137616332542,0.0,0.0,0.0,0.0769137616332542,0.0,0.0,284.817714352791,18.956906886056156,1.0,,,,,,,0.0,False,0.0,2386.21377503256,2474.43403983166,False,0.0769137616332542,0.0,0.0
2386.21377503256,scheduling,,"[2.0,5.0,1.0,10.0,18.956907272338867,1.0,-5.678913593292236,-48.25053787231445,0.13235518336296082,0.6666666865348816,0.6000000238418579,1.0]",,,,,,,,,,,,,,,,,,18.956906886056156,1.0,2,3,True,"{""mid"":2,""t0"":2386.21377503256,""t1"":2396.628162172024,""jid"":54,""oid"":1}",2512.55901317073,False,,False,0.0,,,,,,0.0
2386.3546784038585,maintenance,4,"[0.8737145066261292,-0.020639752969145775,13.261518478393555,0.07722857594490051,0.0,-3.2149486541748047,10.0,18.956907272338867,1.0,1.0,0.06081677973270416,0.0,94.08744812011719,0.8737145066261292,0.009999999776482582,72.17030334472656]",0,DN,0.0,0.8737144858651997,-0.020639753807984662,13.261518931456973,0.07722857524341487,0,0.0,0.06081677921498038,0.0,0.0,0.0,0.06081677921498038,0.0,0.0,72.1702995432247,18.956906886056156,1.0,,,,,,,0.0,False,0.0,2386.3546784038585,2480.4421243563893,False,0.06081677921498038,0.0,0.0
2390.588675055032,maintenance,3,"[0.6862179040908813,-0.04317161440849304,1.9970976114273071,0.0,0.0,7.4826765060424805,10.0,18.956907272338867,1.5,1.0,0.2968842387199402,0.0,36.596580505371094,0.6862179040908813,0.009999999776482582,353.4840087890625]",1,IM,17.326073817396697,0.6862179274600713,-0.04317161339384623,1.9970976454718499,0.0,0,0.0,0.29688423391663804,0.0,0.0,0.0,0.29688423391663804,0.0,0.0,353.4840195986003,18.956906886056156,1.5,,,,,,,0.0,False,0.0,2390.588675055032,2427.1852555563014,False,0.29688423391663804,1.0,0.0
2396.628162172024,maintenance,2,"[0.545691967010498,-0.016051335260272026,0.0,0.0,0.0,9.141681671142578,10.0,18.956907272338867,1.5,1.0,0.6325286030769348,0.0,20.0,0.545691967010498,0.009999999776482582,263.5104064941406]",2,CM,20.867276967688024,0.5456919947372784,-0.0160513349527176,0.0,0.0,0,0.0,0.6325286251383839,0.0,0.0,0.0,0.6325286251383839,0.0,0.0,263.5103981402499,18.956906886056156,1.5,,,,,,,0.0,False,0.0,2396.628162172024,2416.628162172024,False,0.6325286251383839,2.0,0.0
2396.628162172024,scheduling,,"[2.0,4.0,2.0,10.0,18.956907272338867,1.5,9.141681671142578,-35.38002395629883,0.0,0.3333333432674408,0.5,1.0]",,,,,,,,,,,,,,,,,,18.956906886056156,1.5,0,3,True,"{""mid"":4,""t0"":2396.628162172024,""t1"":2404.9662206659773,""jid"":54,""oid"":2}",2512.55901317073,False,,False,0.0,,,,,,0.0
2404.3447749537845,maintenance,1,"[0.5307236313819885,-0.04521110653877258,0.0,0.0,0.0,15.130154609680176,10.0,18.956907272338867,1.5,1.0,0.666581392288208,0.0,20.0,0.5307236313819885,0.009999999776482582,113.07633972167969]",2,CM,17.682231318272944,0.5307236598348146,-0.04521110683500307,0.0,0.0,0,0.0,0.6665813770105201,0.0,0.0,0.0,0.6665813770105201,0.0,0.0,113.07633595758898,18.956906886056156,1.5,,,,,,,0.0,False,0.0,2404.3447749537845,2424.3447749537845,False,0.6665813770105201,2.0,0.0
2404.8723430184364,maintenance,5,"[0.6943374276161194,-0.07290726900100708,1.2939369678497314,0.0,0.0,25.383018493652344,10.0,18.956907272338867,2.0,1.0,0.28021928668022156,0.0,39.11924362182617,0.6943374276161194,0.009999999776482582,90.20441436767578]",1,IM,7.762157274796704,0.6943374068722958,-0.07290726887229404,1.2939369192053993,0.0,0,0.0,0.28021930053574123,0.0,0.0,0.0,0.28021930053574123,0.0,0.0,90.20441254743173,18.956906886056156,2.0,,,,,,,0.0,False,0.0,2404.8723430184364,2443.9915878326083,False,0.28021930053574123,1.0,0.0
2404.9662206659773,maintenance,4,"[0.8627240061759949,-0.010990455746650696,23.904743194580078,0.0,0.0,32.831748962402344,10.0,18.956907272338867,2.0,1.0,0.06740572303533554,0.0,91.64009094238281,0.8627240061759949,0.009999999776482582,90.78184509277344]",0,DN,0.0,0.8627240302167182,-0.010990455648481556,23.904744136155646,0.0,0,0.0,0.0674057242753556,0.0,0.0,0.0,0.0674057242753556,0.0,0.0,90.78184180534345,18.956906886056156,2.0,,,,,,,0.0,False,0.0,2404.9662206659773,2496.6063112150778,False,0.0674057242753556,0.0,0.0
2404.9662206659773,scheduling,,"[2.0,3.0,3.0,10.0,18.956907272338867,2.0,32.831748962402344,-5.714396953582764,0.0,0.0,0.3333333432674408,1.0]",,,,,,,,,,,,,,,,,,18.956906886056156,2.0,0,5,True,"{""mid"":4,""t0"":2404.9662206659773,""t1"":2424.001864675724,""jid"":54,""oid"":3}",2512.55901317073,False,,False,0.0,,,,,,0.0
2407.914748872429,scheduling,,"[2.0,3.0,2.0,10.0,18.956907272338867,2.0,29.88321876525879,-8.662924766540527,0.0,0.1666666716337204,0.3333333432674408,1.0]",,,,,,,,,,,,,,,,,,18.956906886056156,2.0,0,5,True,"{""mid"":3,""t0"":2407.914748872429,""t1"":2432.838746401071,""jid"":55,""oid"":1}",2485.4250939560357,False,,False,0.0,,,,,,0.0
2422.0270062720574,scheduling,,"[4.0,3.0,1.0,8.0,21.905263900756836,1.5,15.77096176147461,-22.775182723999023,0.0,0.3333333432674408,0.3333333432674408,1.0]",,,,,,,,,,,,,,,,,,21.905264132813176,1.5,1,3,True,"{""mid"":1,""t0"":2422.0270062720574,""t1"":2433.2693559032077,""jid"":53,""oid"":2}",2440.0358436893284,False,,False,0.0,,,,,,0.0
2424.001864675724,maintenance,4,"[0.8370267748832703,-0.02569727413356304,9.223809242248535,0.29648417234420776,0.0,-14.066596984863281,8.0,21.905263900756836,1.0,1.0,0.08546822518110275,0.0,85.25261688232422,0.8370267748832703,0.009999999776482582,109.81748962402344]",0,DN,0.0,0.8370267564031516,-0.025697273813566568,9.223809425185648,0.29648418013724664,0,0.0,0.08546822339897774,0.0,0.0,0.0,0.08546822339897774,0.0,0.0,109.8174858150901,21.905264132813176,1.0,,,,,,,0.0,False,0.0,2424.001864675724,2509.2544847061536,False,0.08546822339897774,0.0,0.0
2432.838746401071,maintenance,3,"[0.772698163986206,-0.0507633313536644,3.4020261764526367,0.2401171624660492,0.0,-10.983640670776367,6.0,25.40921974182129,1.0,1.0,0.15097405016422272,0.0,65.60130310058594,0.772698163986206,0.009999999776482582,24.92399787902832]",0,DN,0.0,0.7726981815533757,-0.05076333139870981,3.4020261632743227,0.24011715617849771,0,0.0,0.15097404589050267,0.0,0.0,0.0,0.15097404589050267,0.0,0.0,24.923997528642303,25.40921967337881,1.0,,,,,,,0.0,False,0.0,2432.838746401071,2498.440049444524,False,0.15097404589050267,0.0,0.0
2432.838746401071,scheduling,,"[5.0,2.0,1.0,6.0,25.40921974182129,1.0,-10.983640670776367,-34.764102935791016,0.2401171624660492,0.1666666716337204,0.5,1.0]",,,,,,,,,,,,,,,,,,25.40921967337881,1.0,0,0,True,"{""mid"":3,""t0"":2432.838746401071,""t1"":2483.8578510141488,""jid"":55,""oid"":2}",2485.4250939560357,False,,False,0.0,,,,,,0.0
2433.2693559032077,maintenance,1,"[0.9728020429611206,-0.0271979421377182,13.706995010375977,0.13482794165611267,0.0,-5.793075084686279,6.0,25.40921974182129,1.0,1.0,0.023476002737879753,0.0,109.24441528320312,0.9728020429611206,0.009999999776482582,11.242349624633789]",0,DN,0.0,0.972802057042754,-0.02719794295724598,13.706994592524264,0.1348279392031143,0,0.0,0.023476003082571972,0.0,0.0,0.0,0.023476003082571972,0.0,0.0,11.242349631150319,25.40921967337881,1.0,,,,,,,0.0,False,0.0,2433.2693559032077,2542.5137729858716,False,0.023476003082571972,0.0,0.0
2433.2693559032077,scheduling,,"[5.0,2.0,1.0,6.0,25.40921974182129,1.0,-5.793075084686279,-25.076597213745117,0.13482794165611267,0.1666666716337204,0.5,1.0]",,,,,,,,,,,,,,,,,,25.40921967337881,1.0,0,1,True,"{""mid"":2,""t0"":2433.2693559032077,""t1"":2464.9767954171803,""jid"":53,""oid"":3}",2440.0358436893284,True,,False,0.0,,,,,,0.0
2464.9767954171803,maintenance,2,"[0.9097135663032532,-0.09028643369674683,3.430344343185425,0.2845923602581024,0.0,-13.396111488342285,4.0,31.38018035888672,1.0,1.0,0.04322556033730507,0.0,100.94638061523438,0.9097135663032532,0.009999999776482582,47.48135757446289]",0,DN,0.0,0.9097135663221496,-0.09028643367785039,3.4303444460685397,0.28459236551251477,0,0.0,0.04322556077007777,0.0,0.0,0.0,0.04322556077007777,0.0,0.0,47.48135627746797,31.380180978010532,1.0,,,,,,,0.0,False,0.0,2464.9767954171803,2565.923176923518,False,0.04322556077007777,0.0,0.0
2483.8578510141488,maintenance,3,"[0.7221411466598511,-0.05055706575512886,2.4159059524536133,0.0,0.0,150.0,4.0,31.38018035888672,2.0,1.0,0.22768820822238922,0.0,48.26655578613281,0.7221411466598511,0.009999999776482582,75.94309997558594]",1,IM,17.47695579176336,0.7221411172767861,-0.05055706427658957,2.415906046454195,0.0,0,0.0,0.2276882057280136,0.0,0.0,0.0,0.2276882057280136,0.0,0.0,75.94310214171992,31.380180978010532,2.0,,,,,,,0.0,False,0.0,2483.8578510141488,2532.124408047381,False,0.2276882057280136,1.0,0.0
2511.3849839733343,scheduling,,"[6.0,1.0,1.0,4.0,62.94953536987305,2.0,49.582271575927734,49.582271575927734,0.0,0.0,0.0,0.0]",,,,,,,,,,,,,,,,,,62.94953648376244,2.0,0,3,True,"{""mid"":4,""t0"":2511.3849839733343,""t1"":2529.8560004792507,""jid"":56,""oid"":0}",2660.131794723278,False,,False,0.0,,,,,,0.0
2529.8560004792507,maintenance,4,"[0.7913522720336914,-0.045674510300159454,4.1894755363464355,0.0,0.0,52.144527435302734,3.0,66.90673828125,2.0,0.0,0.12858563661575317,0.0,71.74722290039062,0.7913522720336914,0.009999999776482582,215.67161560058594]",0,DN,0.0,0.7913522458618136,-0.045674510541337976,4.189475565121365,0.0,0,0.0,0.12858563917802243,0.0,0.0,0.0,0.12858563917802243,0.0,0.0,215.67162161861688,66.90673978021891,2.0,,,,,,,0.0,False,0.0,2529.8560004792507,2601.6032260630113,False,0.12858563917802243,0.0,0.0
2529.8560004792507,scheduling,,"[6.0,1.0,1.0,3.0,66.90673828125,2.0,52.144527435302734,52.144527435302734,0.0,0.0,0.0,0.0]",,,,,,,,,,,,,,,,,,66.90673978021891,2.0,0,3,True,"{""mid"":5,""t0"":2529.8560004792507,""t1"":2541.9190372211674,""jid"":56,""oid"":1}",2660.131794723278,False,,False,0.0,,,,,,0.0
2541.9190372211674,maintenance,5,"[0.8135574460029602,-0.01964746229350567,10.869465827941895,0.0,0.0,70.01178741455078,3.0,66.90673828125,2.0,0.0,0.1056869700551033,0.0,78.62925720214844,0.8135574460029602,0.009999999776482582,129.28453063964844]",0,DN,0.0,0.8135574260960801,-0.01964746215067492,10.869466216976225,0.0,0,0.0,0.1056869687219295,0.0,0.0,0.0,0.1056869687219295,0.0,0.0,129.28453692793437,66.90673978021891,2.0,,,,,,,0.0,False,0.0,2541.9190372211674,2620.5482951061513,False,0.1056869687219295,0.0,0.0
2541.9190372211674,scheduling,,"[6.0,1.0,1.0,3.0,66.90673828125,2.0,70.01178741455078,70.01178741455078,0.0,0.0,0.0,0.0]",,,,,,,,,,,,,,,,,,66.90673978021891,2.0,0,3,True,"{""mid"":5,""t0"":2541.9190372211674,""t1"":2546.3713239201034,""jid"":56,""oid"":2}",2660.131794723278,False,,False,0.0,,,,,,0.0
2546.3713239201034,maintenance,5,"[0.7995455861091614,-0.014011867344379425,14.241182327270508,0.0,0.0,83.9485855102539,3.0,66.90673828125,2.0,0.0,0.11968088150024414,0.0,74.3488540649414,0.7995455861091614,0.009999999776482582,133.73681640625]",0,DN,0.0,0.7995455589372985,-0.014011867158781555,14.241182611572135,0.0,0,0.0,0.11968088227423551,0.0,0.0,0.0,0.11968088227423551,0.0,0.0,133.73682362687032,66.90673978021891,2.0,,,,,,,0.0,False,0.0,2546.3713239201034,2620.720174535902,False,0.11968088227423551,0.0,0.0
2546.3713239201034,scheduling,,"[6.0,1.0,1.0,3.0,66.90673828125,2.0,83.9485855102539,83.9485855102539,0.0,0.0,0.0,0.0]",,,,,,,,,,,,,,,,,,66.90673978021891,2.0,0,3,True,"{""mid"":2,""t0"":2546.3713239201034,""t1"":2570.7331647496626,""jid"":56,""oid"":3}",2660.131794723278,False,,False,0.0,,,,,,0.0
2567.141488294857,scheduling,,"[5.0,2.0,1.0,4.0,63.18999481201172,2.0,66.23043823242188,63.78882598876953,0.0,0.1666666716337204,0.0,0.0]",,,,,,,,,,,,,,,,,,63.189994627320175,2.0,0,3,True,"{""mid"":4,""t0"":2567.141488294857,""t1"":2570.882814112809,""jid"":57,""oid"":0}",2774.9888403302907,False,,False,0.0,,,,,,0.0
2570.7331647496626,maintenance,2,"[0.8709976077079773,-0.03871595486998558,6.999636650085449,0.0,0.0,65.6907730102539,4.0,63.18999481201172,2.0,0.0,0.06238724663853645,0.0,93.49825286865234,0.8709976077079773,0.009999999776482582,153.23773193359375]",0,DN,0.0,0.870997611765127,-0.03871595455702259,6.999636580469419,0.0,0,0.0,0.062387248365284274,0.0,0.0,0.0,0.062387248365284274,0.0,0.0,153.2377256099503,63.189994627320175,2.0,,,,,,,0.0,False,0.0,2570.7331647496626,2664.231417533944,False,0.062387248365284274,0.0,0.0
2570.882814112809,maintenance,4,"[0.7797433137893677,-0.011608929373323917,15.483194351196289,0.0,0.0,89.07720947265625,4.0,63.18999481201172,2.0,0.0,0.14216381311416626,0.0,67.95437622070312,0.7797433137893677,0.009999999776482582,256.69842529296875]",0,DN,0.0,0.7797433163350537,-0.011608929526759959,15.48319471840397,0.0,0,0.0,0.1421638115718206,0.0,0.0,0.0,0.1421638115718206,0.0,0.0,256.69843525217493,63.189994627320175,2.0,,,,,,,0.0,False,0.0,2570.882814112809,2638.837187236768,False,0.1421638115718206,0.0,0.0
2570.882814112809,scheduling,,"[6.0,1.0,1.0,4.0,63.18999481201172,2.0,89.07720947265625,89.07720947265625,0.0,0.0,0.0,0.0]",,,,,,,,,,,,,,,,,,63.189994627320175,2.0,0,3,True,"{""mid"":4,""t0"":2570.882814112809,""t1"":2588.2610838202704,""jid"":57,""oid"":1}",2774.9888403302907,False,,False,0.0,,,,,,0.0
2588.2610838202704,maintenance,4,"[0.7460302710533142,-0.033713020384311676,4.331569194793701,0.0,0.0,100.27287292480469,2.0,55.75650405883789,2.0,0.0,0.18842099606990814,0.0,56.475547790527344,0.7460302710533142,0.009999999776482582,274.0766906738281]",1,IM,7.242014195810933,0.746030294187672,-0.0337130221473817,4.331569372489892,0.0,0,0.0,0.18842099541647264,0.0,0.0,0.0,0.18842099541647264,0.0,0.0,274.0767049596366,55.7565043215227,2.0,,,,,,,0.0,False,0.0,2588.2610838202704,2644.7366315605154,False,0.18842099541647264,1.0,0.0
2588.2610838202704,scheduling,,"[5.0,1.0,1.0,2.0,55.75650405883789,2.0,100.27287292480469,100.27287292480469,0.0,0.0,0.0,0.0]",,,,,,,,,,,,,,,,,,55.7565043215227,2.0,0,3,True,"{""mid"":3,""t0"":2588.2610838202704,""t1"":2626.798994931746,""jid"":57,""oid"":2}",2774.9888403302907,False,,False,0.0,,,,,,0.0
2596.7432558423266,scheduling,,"[5.0,2.0,1.0,3.0,42.679134368896484,2.0,74.93130493164062,61.44378662109375,0.0,0.1666666716337204,0.0,0.0]",,,,,,,,,,,,,,,,,,42.67913593449612,2.0,2,4,True,"{""mid"":0,""t0"":2596.7432558423266,""t1"":2631.6313308187496,""jid"":58,""oid"":0}",2770.9589726264467,False,,False,0.0,,,,,,0.0
2610.3068775868396,scheduling,,"[4.0,3.0,1.0,4.0,32.97396469116211,2.0,51.153289794921875,33.48125457763672,0.0,0.3333333432674408,0.0,1.0]",,,,,,,,,,,,,,,,,,32.973964537835094,2.0,0,3,True,"{""mid"":5,""t0"":2610.3068775868396,""t1"":2625.994981379628,""jid"":59,""oid"":0}",2702.480373137861,False,,False,0.0,,,,,,0.0
2625.994981379628,maintenance,5,"[0.744970977306366,-0.05457456409931183,2.656383752822876,0.0,0.0,41.793556213378906,4.0,32.97396469116211,2.0,1.0,0.19004620611667633,0.0,56.10960006713867,0.744970977306366,0.009999999776482582,213.3604736328125]",1,IM,7.562580657919764,0.744970993394506,-0.0545745655427925,2.656383829218626,0.0,0,0.0,0.19004621147700906,0.0,0.0,0.0,0.19004621147700906,0.0,0.0,213.36048108639488,32.973964537835094,2.0,,,,,,,0.0,False,0.0,2625.994981379628,2682.1045800324687,False,0.19004621147700906,1.0,0.0
2625.994981379628,scheduling,,"[3.0,3.0,1.0,4.0,32.97396469116211,2.0,41.793556213378906,29.860445022583008,0.0,0.3333333432674408,0.0,1.0]",,,,,,,,,,,,,,,,,,32.973964537835094,2.0,0,3,True,"{""mid"":2,""t0"":2625.994981379628,""t1"":2638.3778311144715,""jid"":59,""oid"":1}",2702.480373137861,False,,False,0.0,,,,,,0.0
2626.798994931746,maintenance,3,"[0.8320043087005615,-0.0345650389790535,6.712109088897705,0.0,0.0,53.835514068603516,4.0,32.97396469116211,2.0,1.0,0.0894765555858612,0.0,83.89663696289062,0.8320043087005615,0.009999999776482582,125.46418762207031]",0,DN,0.0,0.8320043022361172,-0.0345650384960261,6.712108891844298,0.0,0,0.0,0.08947655421835987,0.0,0.0,0.0,0.08947655421835987,0.0,0.0,125.46418812583397,32.973964537835094,2.0,,,,,,,0.0,False,0.0,2626.798994931746,2710.6956316524934,False,0.08947655421835987,0.0,0.0
2631.6313308187496,maintenance,0,"[0.8279228210449219,-0.020580938085913658,11.074462890625,0.0,0.0,58.663753509521484,4.0,32.97396469116211,2.0,1.0,0.09285792708396912,0.0,82.76953125,0.8279228210449219,0.009999999776482582,530.2352905273438]",0,DN,0.0,0.8279228458293328,-0.020580938910847002,11.074462968703928,0.0,0,0.0,0.09285792377498082,0.0,0.0,0.0,0.09285792377498082,0.0,0.0,530.2352701389805,32.973964537835094,2.0,,,,,,,0.0,False,0.0,2631.6313308187496,2714.4008648899203,False,0.09285792377498082,0.0,0.0
2631.6313308187496,scheduling,,"[4.0,3.0,2.0,4.0,32.97396469116211,2.0,58.663753509521484,33.141239166259766,0.0,0.1666666716337204,0.0,1.0]",,,,,,,,,,,,,,,,,,32.973964537835094,2.0,0,0,True,"{""mid"":1,""t0"":2631.6313308187496,""t1"":2640.514031057176,""jid"":58,""oid"":1}",2770.9589726264467,False,,False,0.0,,,,,,0.0
2631.6313308187496,scheduling,,"[3.0,3.0,1.0,4.0,32.97396469116211,2.0,58.663753509521484,33.141239166259766,0.0,0.3333333432674408,0.0,1.0]",,,,,,,,,,,,,,,,,,32.973964537835094,2.0,0,3,True,"{""mid"":0,""t0"":2631.6313308187496,""t1"":2666.1897367880038,""jid"":57,""oid"":3}",2774.9888403302907,False,,False,0.0,,,,,,0.0
2636.9242932476304,scheduling,,"[3.0,4.0,1.0,5.0,31.38482666015625,2.0,57.396522521972656,30.226316452026367,0.0,0.5,0.0,1.0]",,,,,,,,,,,,,,,,,,31.384827318574025,2.0,1,3,True,"{""mid"":5,""t0"":2636.9242932476304,""t1"":2660.32840727082,""jid"":60,""oid"":0}",2845.3454612234623,False,,False,0.0,,,,,,0.0
2638.3778311144715,maintenance,2,"[0.8435078263282776,-0.027489814907312393,8.858109474182129,0.0,0.0,61.33464431762695,5.0,31.38482666015625,2.0,1.0,0.08053664118051529,0.0,86.95104217529297,0.8435078263282776,0.009999999776482582,220.88238525390625]",0,DN,0.0,0.8435077965553679,-0.027489815209759128,8.858109619773671,0.0,0,0.0,0.08053663954097126,0.0,0.0,0.0,0.08053663954097126,0.0,0.0,220.88239197475923,31.384827318574025,2.0,,,,,,,0.0,False,0.0,2638.3778311144715,2725.328869635637,False,0.08053663954097126,0.0,0.0
2638.3778311144715,scheduling,,"[3.0,4.0,1.0,5.0,31.38482666015625,2.0,61.33464431762695,43.869422912597656,0.0,0.5,0.0,1.0]",,,,,,,,,,,,,,,,,,31.384827318574025,2.0,2,4,True,"{""mid"":2,""t0"":2638.3778311144715,""t1"":2674.137449414331,""jid"":59,""oid"":2}",2702.480373137861,False,,False,0.0,,,,,,0.0
2640.514031057176,maintenance,1,"[0.938572108745575,-0.034229930490255356,9.89111328125,0.0,0.0,65.36146545410156,5.0,31.38482666015625,2.0,1.0,0.03274470195174217,0.0,105.26836395263672,0.938572108745575,0.009999999776482582,218.48703002929688]",0,DN,0.0,0.9385721248657914,-0.034229932176962574,9.89111293342431,0.0,0,0.0,0.03274470340275822,0.0,0.0,0.0,0.03274470340275822,0.0,0.0,218.4870247851186,31.384827318574025,2.0,,,,,,,0.0,False,0.0,2640.514031057176,2745.782394216964,False,0.03274470340275822,0.0,0.0
2655.8656477182126,scheduling,,"[3.0,6.0,3.0,7.0,24.080110549926758,2.0,49.32014083862305,29.891263961791992,0.0,0.5,0.0,1.0]",,,,,,,,,,,,,,,,,,24.080110624146375,2.0,0,1,True,"{""mid"":4,""t0"":2655.8656477182126,""t1"":2688.9998950130525,""jid"":62,""oid"":0}",2758.06080569489,False,,False,0.0,,,,,,0.0
2660.32840727082,maintenance,5,"[0.8381284475326538,-0.055836744606494904,4.264726638793945,0.0,0.0,41.99861145019531,8.0,20.892484664916992,2.0,1.0,0.08461102843284607,0.0,85.5454330444336,0.8381284475326538,0.009999999776482582,26.770845413208008]",0,DN,0.0,0.8381284479770849,-0.05583674409632233,4.264726603082308,0.0,0,0.0,0.0846110271059683,0.0,0.0,0.0,0.0846110271059683,0.0,0.0,26.770845233272667,20.892485417490338,2.0,,,,,,,0.0,False,0.0,2660.32840727082,2745.8738419330466,False,0.0846110271059683,0.0,0.0
2660.32840727082,scheduling,,"[3.0,7.0,4.0,8.0,20.892484664916992,2.0,41.99861145019531,11.674420356750488,0.0,0.5,0.1428571492433548,1.0]",,,,,,,,,,,,,,,,,,20.892485417490338,2.0,2,3,True,"{""mid"":1,""t0"":2660.32840727082,""t1"":2671.195709396939,""jid"":60,""oid"":1}",2845.3454612234623,False,,False,0.0,,,,,,0.0
2660.32840727082,scheduling,,"[2.0,7.0,3.0,8.0,20.892484664916992,2.0,41.99861145019531,11.674420356750488,0.0,0.6666666865348816,0.1428571492433548,1.0]",,,,,,,,,,,,,,,,,,20.892485417490338,2.0,2,4,True,"{""mid"":5,""t0"":2660.32840727082,""t1"":2671.6129452556297,""jid"":61,""oid"":0}",2851.064173227797,False,,False,0.0,,,,,,0.0
2666.1897367880038,maintenance,0,"[0.8192395567893982,-0.008683288469910622,25.24844741821289,0.0,0.0,41.074195861816406,8.0,20.892484664916992,2.0,1.0,0.10043545067310333,0.0,80.29841613769531,0.8192395567893982,0.009999999776482582,564.793701171875]",0,DN,0.0,0.8192395569952088,-0.008683288834124059,25.248446894180155,0.0,0,0.0,0.10043545093668627,0.0,0.0,0.0,0.10043545093668627,0.0,0.0,564.7936761082346,20.892485417490338,2.0,,,,,,,0.0,False,0.0,2666.1897367880038,2746.4881563455883,False,0.10043545093668627,0.0,0.0
2666.1897367880038,scheduling,,"[2.0,7.0,3.0,8.0,20.892484664916992,2.0,41.074195861816406,5.8130903244018555,0.0,0.6666666865348816,0.1428571492433548,1.0]",,,,,,,,,,,,,,,,,,20.892485417490338,2.0,2,3,True,"{""mid"":0,""t0"":2666.1897367880038,""t1"":2682.965293089474,""jid"":58,""oid"":2}",2770.9589726264467,False,,False,0.0,,,,,,0.0
2666.6419164145673,scheduling,,"[1.0,8.0,3.0,9.0,19.407115936279297,2.0,35.54426574707031,-2.7028603553771973,0.0,0.8333333134651184,0.125,1.0]",,,,,,,,,,,,,,,,,,19.40711655515412,2.0,2,3,True,"{""mid"":3,""t0"":2666.6419164145673,""t1"":2728.02688757784,""jid"":64,""oid"":0}",2734.79826565862,False,,False,0.0,,,,,,0.0
2671.195709396939,maintenance,1,"[0.9056512713432312,-0.032920852303504944,9.284427642822266,0.0,0.0,34.021934509277344,9.0,19.407115936279297,2.0,1.0,0.0449371300637722,0.0,100.25763702392578,0.9056512713432312,0.009999999776482582,249.168701171875]",0,DN,0.0,0.9056512737540001,-0.03292085111179133,9.284428057952743,0.0,0,0.0,0.04493713134955361,0.0,0.0,0.0,0.04493713134955361,0.0,0.0,249.16870312488163,19.40711655515412,2.0,,,,,,,0.0,False,0.0,2671.195709396939,2771.4533438451363,False,0.04493713134955361,0.0,0.0
2671.195709396939,scheduling,,"[1.0,8.0,3.0,9.0,19.407115936279297,2.0,34.021934509277344,-7.256653308868408,0.0,0.8333333134651184,0.25,1.0]",,,,,,,,,,,,,,,,,,19.40711655515412,2.0,2,3,True,"{""mid"":1,""t0"":2671.195709396939,""t1"":2686.2162445819604,""jid"":60,""oid"":2}",2845.3454612234623,False,,False,0.0,,,,,,0.0
2671.6129452556297,maintenance,5,"[0.7977871298789978,-0.040341343730688095,4.902838706970215,0.0,0.0,35.50675964355469,9.0,19.407115936279297,2.0,1.0,0.12154597043991089,0.0,73.79624938964844,0.7977871298789978,0.009999999776482582,38.055381774902344]",0,DN,0.0,0.7977871050140692,-0.040341342963015614,4.902838886533791,0.0,0,0.0,0.12154596820125661,0.0,0.0,0.0,0.12154596820125661,0.0,0.0,38.05538321808217,19.40711655515412,2.0,,,,,,,0.0,False,0.0,2671.6129452556297,2745.409191762835,False,0.12154596820125661,0.0,0.0
2674.137449414331,maintenance,2,"[0.7847954630851746,-0.058712322264909744,3.1474733352661133,0.0,0.0,36.63033676147461,9.0,19.407115936279297,2.0,1.0,0.1361132115125656,0.0,69.61909484863281,0.7847954630851746,0.009999999776482582,256.6419982910156]",0,DN,0.0,0.7847954744876023,-0.058712322067765554,3.1474734430416853,0.0,0,0.0,0.13611321227157755,0.0,0.0,0.0,0.13611321227157755,0.0,0.0,256.64201027461877,19.40711655515412,2.0,,,,,,,0.0,False,0.0,2674.137449414331,2743.756545147776,False,0.13611321227157755,0.0,0.0
2674.137449414331,scheduling,,"[2.0,7.0,3.0,9.0,19.407115936279297,2.0,36.63033676147461,-11.099347114562988,0.0,0.6666666865348816,0.2857142984867096,1.0]",,,,,,,,,,,,,,,,,,19.40711655515412,2.0,2,5,True,"{""mid"":2,""t0"":2674.137449414331,""t1"":2687.7136392902376,""jid"":61,""oid"":1}",2851.064173227797,False,,False,0.0,,,,,,0.0
2682.965293089474,maintenance,0,"[0.7872563600540161,-0.031983207911252975,5.854833126068115,0.0,0.0,30.19900131225586,9.0,19.407115936279297,2.0,1.0,0.13324537873268127,0.0,70.42231750488281,0.7872563600540161,0.009999999776482582,581.5692138671875]",1,IM,15.300832065549129,0.7872563478278611,-0.03198320916734765,5.854832979644683,0.0,0,0.0,0.13324538528417032,0.0,0.0,0.0,0.13324538528417032,0.0,0.0,581.5692324097049,19.40711655515412,2.0,,,,,,,0.0,False,0.0,2682.965293089474,2753.387609094776,False,0.13324538528417032,1.0,0.0
2686.2162445819604,maintenance,1,"[0.8905081152915955,-0.015143129974603653,19.184154510498047,0.0,0.0,31.830562591552734,9.0,19.407115936279297,2.0,1.0,0.05190293863415718,0.0,97.50269317626953,0.8905081152915955,0.009999999776482582,264.1892395019531]",0,DN,0.0,0.8905081438186793,-0.015143129935320854,19.184154468692668,0.0,0,0.0,0.05190294033596526,0.0,0.0,0.0,0.05190294033596526,0.0,0.0,264.189238309903,19.40711655515412,2.0,,,,,,,0.0,False,0.0,2686.2162445819604,2783.718935953958,False,0.05190294033596526,0.0,0.0
2686.2162445819604,scheduling,,"[2.0,7.0,4.0,9.0,19.407115936279297,2.0,31.830562591552734,-23.178142547607422,0.0,0.5,0.2857142984867096,1.0]",,,,,,,,,,,,,,,,,,19.40711655515412,2.0,0,2,True,"{""mid"":1,""t0"":2686.2162445819604,""t1"":2715.507528535241,""jid"":58,""oid"":3}",2770.9589726264467,False,,False,0.0,,,,,,0.0
2687.7136392902376,maintenance,2,"[0.7680392861366272,-0.016756178811192513,10.028497695922852,0.0,0.0,32.27262496948242,9.0,19.407115936279297,2.0,1.0,0.1570434421300888,0.0,64.02783966064453,0.7680392861366272,0.009999999776482582,270.21820068359375]",0,DN,0.0,0.7680392958297272,-0.016756178657875154,10.028497502964452,0.0,0,0.0,0.1570434417411231,0.0,0.0,0.0,0.1570434417411231,0.0,0.0,270.21820015052526,19.40711655515412,2.0,,,,,,,0.0,False,0.0,2687.7136392902376,2751.741478460626,False,0.1570434417411231,0.0,0.0
2687.7136392902376,scheduling,,"[2.0,7.0,4.0,9.0,19.407115936279297,2.0,32.27262496948242,-24.675537109375,0.0,0.5,0.2857142984867096,1.0]",,,,,,,,,,,,,,,,,,19.40711655515412,2.0,0,5,True,"{""mid"":2,""t0"":2687.7136392902376,""t1"":2725.1156190293627,""jid"":61,""oid"":2}",2851.064173227797,False,,False,0.0,,,,,,0.0
2688.9998950130525,scheduling,,"[2.0,7.0,4.0,9.0,19.407115936279297,2.0,35.71982955932617,-25.9617919921875,0.0,0.5,0.2857142984867096,1.0]",,,,,,,,,,,,,,,,,,19.40711655515412,2.0,0,5,True,"{""mid"":4,""t0"":2688.9998950130525,""t1"":2706.4257040503257,""jid"":63,""oid"":0}",2748.0034174899065,False,,False,0.0,,,,,,0.0
2698.266125155023,scheduling,,"[2.0,8.0,4.0,10.0,19.88429832458496,2.0,22.15659523010254,-34.32706832885742,0.0,0.6666666865348816,0.375,1.0]",,,,,,,,,,,,,,,,,,19.88429901780445,2.0,2,2,True,"{""mid"":0,""t0"":2698.266125155023,""t1"":2724.9999452066586,""jid"":60,""oid"":3}",2845.3454612234623,False,,False,0.0,,,,,,0.0
2706.4257040503257,maintenance,4,"[0.8269109129905701,-0.06832543015480042,3.3210315704345703,0.0,0.2613959312438965,35.71982955932617,9.0,19.407115936279297,2.0,1.0,0.09371384233236313,10.45583724975586,82.48664093017578,0.8269109129905701,0.009999999776482582,93.49679565429688]",2,CM,14.986167916014178,0.8010148580468375,0.0,0.0,0.0,0,0.0,0.09371384048308214,0.0,0.0,0.0,0.09371384048308214,0.0,0.0,110.92260603424438,19.88429901780445,2.0,,,,,,,0.0,False,0.0,2699.4557327188145,2771.486538313889,False,0.09371384048308214,2.0,0.0
2706.4257040503257,scheduling,,"[1.0,8.0,4.0,10.0,19.88429832458496,2.0,16.175241470336914,-33.89239501953125,0.0,0.6666666865348816,0.375,1.0]",,,,,,,,,,,,,,,,,,19.88429901780445,2.0,0,3,True,"{""mid"":5,""t0"":2706.4257040503257,""t1"":2725.712843918646,""jid"":63,""oid"":1}",2748.0034174899065,False,,False,0.0,,,,,,0.0
2715.507528535241,maintenance,1,"[0.8109132647514343,-0.07959490269422531,2.6498334407806396,0.0,0.0,5.215536117553711,10.0,15.89555549621582,1.5,1.0,0.10821236670017242,0.0,77.83897399902344,0.8109132647514343,0.009999999776482582,293.48052978515625]",0,DN,0.0,0.8109132388452182,-0.07959490497346111,2.649833414783796,0.0,0,0.0,0.10821236494527156,0.0,0.0,0.0,0.10821236494527156,0.0,0.0,293.4805222631835,15.895555100588858,1.5,,,,,,,0.0,False,0.0,2715.507528535241,2793.3465045663665,False,0.10821236494527156,0.0,0.0
2715.507528535241,scheduling,,"[1.0,8.0,4.0,10.0,15.89555549621582,1.5,5.215536117553711,-42.974220275878906,0.0,0.6666666865348816,0.5,1.0]",,,,,,,,,,,,,,,,,,15.895555100588858,1.5,0,1,True,"{""mid"":1,""t0"":2715.507528535241,""t1"":2730.3172792719984,""jid"":62,""oid"":1}",2758.06080569489,False,,False,0.0,,,,,,0.0
2721.4118719663397,scheduling,,"[1.0,8.0,3.0,10.0,15.89555549621582,1.0,-0.6888071894645691,-48.878562927246094,0.017072759568691254,0.8333333134651184,0.5,1.0]",,,,,,,,,,,,,,,,,,15.895555100588858,1.0,2,3,True,"{""mid"":4,""t0"":2721.4118719663397,""t1"":2733.939966758298,""jid"":57,""oid"":4}",2774.9888403302907,False,,False,0.0,,,,,,0.0
2724.9999452066586,maintenance,0,"[0.9318012595176697,-0.012906374409794807,25.708322525024414,0.023107655346393585,0.0,-0.9351529479026794,10.0,15.89555549621582,1.0,1.0,0.03495839983224869,0.0,104.34034729003906,0.9318012595176697,0.009999999776482582,26.73381996154785]",0,DN,0.0,0.9318012428645324,-0.012906374528900977,25.708322823077598,0.02310765562849071,0,0.0,0.03495839991306729,0.0,0.0,0.0,0.03495839991306729,0.0,0.0,26.733820051635576,15.895555100588858,1.0,,,,,,,0.0,False,0.0,2724.9999452066586,2829.3402942804196,False,0.03495839991306729,0.0,0.0
2724.9999452066586,scheduling,,"[1.0,8.0,3.0,10.0,15.89555549621582,1.0,-0.9351529479026794,-52.466636657714844,0.023107655346393585,0.8333333134651184,0.625,1.0]",,,,,,,,,,,,,,,,,,15.895555100588858,1.0,2,3,True,"{""mid"":0,""t0"":2724.9999452066586,""t1"":2755.5659664145387,""jid"":60,""oid"":4}",2845.3454612234623,False,,False,0.0,,,,,,0.0
2725.1156190293627,maintenance,2,"[0.6914033889770508,-0.0766359195113182,1.1926963329315186,0.0,0.12428445369005203,4.89709997177124,10.0,15.89555549621582,1.0,1.0,0.28617510199546814,4.971378326416016,38.19831085205078,0.6914033889770508,0.009999999776482582,307.62017822265625]",0,DN,0.0,0.691403377209023,-0.07663591862070418,1.1926963081294524,0.0,0,0.0,0.28617511242778265,0.0,0.0,0.0,0.28617511242778265,0.0,0.0,307.62017988965044,15.895555100588858,1.0,,,,,,,0.12428445691004981,False,0.0,2730.0869973057647,2763.3139297656253,False,0.28617511242778265,0.0,0.0
2725.1156190293627,scheduling,,"[1.0,8.0,3.0,10.0,15.89555549621582,1.0,4.89709997177124,-52.58230972290039,0.0,0.8333333134651184,0.625,1.0]",,,,,,,,,,,,,,,,,,15.895555100588858,1.0,0,3,True,"{""mid"":2,""t0"":2725.1156190293627,""t1"":2734.2739535844316,""jid"":66,""oid"":0}",2799.2330974613483,False,,False,0.0,,,,,,0.0
2725.712843918646,maintenance,5,"[0.7372654676437378,-0.060521628707647324,2.2680399417877197,0.0,0.0,7.915175914764404,10.0,15.89555549621582,1.5,1.0,0.20219126343727112,0.0,53.44893264770508,0.7372654676437378,0.009999999776482582,92.15528106689453]",1,IM,7.672841015981315,0.7372654756027219,-0.06052162941134731,2.2680399873203974,0.0,0,0.0,0.20219126925736583,0.0,0.0,0.0,0.20219126925736583,0.0,0.0,92.15528188109829,15.895555100588858,1.5,,,,,,,0.0,False,0.0,2725.712843918646,2779.1617764409534,False,0.20219126925736583,1.0,0.0
2728.02688757784,maintenance,3,"[0.7748510241508484,-0.05715328827500343,3.0593342781066895,0.0,0.31402677297592163,10.879204750061035,10.0,15.89555549621582,1.5,1.0,0.14823521673679352,12.561070442199707,66.32393646240234,0.7748510241508484,0.009999999776482582,226.69207763671875]",0,DN,0.0,0.7748510145826324,-0.05715328765348482,3.0593343228606233,0.0,0,0.0,0.14823521073551052,0.0,0.0,0.0,0.14823521073551052,0.0,0.0,226.69208077192798,15.895555100588858,1.5,,,,,,,0.3140267703688854,False,0.0,2740.5879583925957,2794.3508263741396,False,0.14823521073551052,0.0,0.0
2728.02688757784,scheduling,,"[1.0,8.0,4.0,10.0,15.89555549621582,1.5,10.879204750061035,-28.137367248535156,0.0,0.6666666865348816,0.625,1.0]",,,,,,,,,,,,,,,,,,15.895555100588858,1.5,0,0,True,"{""mid"":3,""t0"":2728.02688757784,""t1"":2746.723750579918,""jid"":63,""oid"":2}",2748.0034174899065,False,,False,0.0,,,,,,0.0
2730.3172792719984,scheduling,,"[1.0,9.0,5.0,11.0,16.30286407470703,1.5,9.455063819885254,-29.06406593322754,0.0,0.6666666865348816,0.5555555820465088,1.0]",,,,,,,,,,,,,,,,,,16.302863200074988,1.5,0,0,True,"{""mid"":1,""t0"":2730.3172792719984,""t1"":2745.845645665605,""jid"":67,""oid"":0}",2773.013786142666,False,,False,0.0,,,,,,0.0
2733.939966758298,maintenance,4,"[0.9907967448234558,-0.009203260764479637,42.46285629272461,0.0,0.20894557237625122,3.1001346111297607,11.0,16.30286407470703,1.0,1.0,0.019685957580804825,8.35782241821289,110.91320037841797,0.9907967448234558,0.009999999776482582,12.528095245361328]",0,DN,0.0,0.9907967393410928,-0.009203260658907197,42.46285678792198,0.0,0,0.0,0.01968595777289189,0.0,0.0,0.0,0.01968595777289189,0.0,0.0,12.52809479195821,16.302863200074988,1.0,,,,,,,0.20894556588633578,False,0.0,2742.2977893937514,2844.8531665661435,False,0.01968595777289189,0.0,0.0
2733.939966758298,scheduling,,"[2.0,8.0,4.0,11.0,16.30286407470703,1.0,3.1001346111297607,-34.050445556640625,0.0,0.6666666865348816,0.625,1.0]",,,,,,,,,,,,,,,,,,16.302863200074988,1.0,1,3,True,"{""mid"":4,""t0"":2733.939966758298,""t1"":2757.8558166669586,""jid"":64,""oid"":1}",2734.79826565862,True,,False,0.0,,,,,,0.0
2734.2739535844316,maintenance,2,"[0.6686888337135315,-0.022714538499712944,3.024003028869629,0.0,0.12428445369005203,3.9109394550323486,11.0,16.30286407470703,1.0,1.0,0.33472561836242676,4.971378326416016,31.455984115600586,0.6686888337135315,0.009999999776482582,316.77850341796875]",0,DN,0.0,0.6686888378691581,-0.022714539339864892,3.0240031215868233,0.0,0,0.0,0.33472562599531464,0.0,0.0,0.0,0.33472562599531464,0.0,0.0,316.77851444471935,16.302863200074988,1.0,,,,,,,0.12428445691004981,False,0.0,2739.2453318608336,2765.7299376939977,False,0.33472562599531464,0.0,0.0
2734.2739535844316,scheduling,,"[2.0,8.0,4.0,11.0,16.30286407470703,1.0,3.9109394550323486,-34.38443374633789,0.0,0.6666666865348816,0.625,1.0]",,,,,,,,,,,,,,,,,,16.302863200074988,1.0,2,2,True,"{""mid"":2,""t0"":2734.2739535844316,""t1"":2740.21307827725,""jid"":66,""oid"":1}",2799.2330974613483,False,,False,0.0,,,,,,0.0
2740.21307827725,scheduling,,"[2.0,10.0,6.0,13.0,14.42225456237793,1.0,-0.22438091039657593,-37.59617233276367,0.005593818612396717,0.6666666865348816,0.800000011920929,1.0]",,,,,,,,,,,,,,,,,,14.422254464939064,1.0,1,4,True,"{""mid"":2,""t0"":2740.21307827725,""t1"":2762.824029938422,""jid"":62,""oid"":2}",2758.06080569489,True,,False,0.0,,,,,,0.0
2745.845645665605,maintenance,1,"[0.7505291700363159,-0.06038407236337662,2.4928622245788574,0.0,0.0012263248208910227,9.455063819885254,11.0,16.30286407470703,1.5,1.0,0.18163761496543884,0.04905299097299576,58.028907775878906,0.7505291700363159,0.009999999776482582,308.290283203125]",1,IM,8.625242671475176,0.7157869316638057,0.0,0.0,0.10479733975123662,0,0.0,0.1816376142230907,0.0,0.0,0.0,0.1816376142230907,0.0,0.0,323.8186393935475,14.422254464939064,1.0,,,,,,,0.060698406066255,False,0.0,2730.3663322641287,2788.3461864431747,False,0.1816376142230907,1.0,0.0
2746.723750579918,maintenance,3,"[0.7496117949485779,-0.025239247828722,5.9277424812316895,0.07620378583669662,0.46983397006988525,-3.170551061630249,13.0,14.42225456237793,1.0,1.0,0.18300527334213257,18.793357849121094,57.712318420410156,0.7496117949485779,0.009999999776482582,245.38894653320312]",0,DN,0.0,0.7496117662568516,-0.02523924832578084,5.927742551034272,0.07620378559307972,0,0.0,0.18300527472484865,0.0,0.0,0.0,0.18300527472484865,0.0,0.0,245.38894377400584,14.422254464939064,1.0,,,,,,,0.46983396205286376,False,0.0,2765.5171090620324,2804.4360691349625,False,0.18300527472484865,0.0,0.0
2746.723750579918,scheduling,,"[2.0,10.0,7.0,13.0,14.42225456237793,1.0,-3.170551061630249,-39.70953369140625,0.07620378583669662,0.5,0.800000011920929,1.0]",,,,,,,,,,,,,,,,,,14.422254464939064,1.0,0,4,True,"{""mid"":3,""t0"":2746.723750579918,""t1"":2764.5586837114556,""jid"":68,""oid"":0}",2840.152199304347,False,,False,0.0,,,,,,0.0
2746.723750579918,scheduling,,"[1.0,10.0,6.0,13.0,14.42225456237793,1.0,-3.170551061630249,-39.70953369140625,0.07620378583669662,0.6666666865348816,0.800000011920929,1.0]",,,,,,,,,,,,,,,,,,14.422254464939064,1.0,0,4,True,"{""mid"":5,""t0"":2746.723750579918,""t1"":2773.599253711606,""jid"":63,""oid"":3}",2748.0034174899065,True,,False,0.0,,,,,,0.0
2754.47088833708,scheduling,,"[1.0,11.0,6.0,14.0,14.353231430053711,1.0,-9.992207527160645,-45.60438919067383,0.22104747593402863,0.8333333134651184,0.8181818127632141,1.0]",,,,,,,,,,,,,,,,,,14.353231605177475,1.0,2,0,True,"{""mid"":1,""t0"":2754.47088833708,""t1"":2763.4502547252646,""jid"":66,""oid"":2}",2799.2330974613483,False,,False,0.0,,,,,,0.0
2755.5659664145387,maintenance,0,"[0.8920422196388245,-0.03975899890065193,7.345311641693115,0.37107500433921814,0.09257019311189651,-18.54973030090332,14.0,14.353231430053711,1.0,1.0,0.05115319415926933,3.702807664871216,97.79553985595703,0.8920422196388245,0.009999999776482582,57.299842834472656]",0,DN,0.0,0.8920422434657904,-0.039758999398741945,7.3453117000482475,0.37107500199113685,0,0.0,0.05115319351053008,0.0,0.0,0.0,0.05115319351053008,0.0,0.0,57.29984125951569,14.353231605177475,1.0,,,,,,,0.09257019438712935,False,0.0,2759.268774190024,2853.361506024432,False,0.05115319351053008,0.0,0.0
2755.5659664145387,scheduling,,"[1.0,10.0,5.0,14.0,14.353231430053711,1.0,-18.54973030090332,-48.55175018310547,0.37107500433921814,0.8333333134651184,0.8999999761581421,1.0]",,,,,,,,,,,,,,,,,,14.353231605177475,1.0,2,0,True,"{""mid"":0,""t0"":2755.5659664145387,""t1"":2807.6770390215893,""jid"":67,""oid"":1}",2773.013786142666,True,,False,0.0,,,,,,0.0
2757.8558166669586,maintenance,4,"[0.8949735164642334,-0.09582319855690002,3.078310489654541,0.3577616810798645,0.0,-17.71183204650879,14.0,14.353231430053711,1.0,1.0,0.049749016761779785,0.0,98.34637451171875,0.8949735164642334,0.009999999776482582,36.44394302368164]",0,DN,0.0,0.8949735424624758,-0.09582319687861696,3.0783103890400416,0.35776166923457753,0,0.0,0.04974901761897119,0.0,0.0,0.0,0.04974901761897119,0.0,0.0,36.443944700618886,14.353231605177475,1.0,,,,,,,0.0,False,0.0,2757.8558166669586,2856.2021903205973,False,0.04974901761897119,0.0,0.0
2762.824029938422,maintenance,2,"[0.6684160828590393,-0.0002727544051595032,250.8340301513672,0.005593818612396717,0.005132539197802544,-0.22438091039657593,13.0,14.42225456237793,1.0,1.0,0.33533328771591187,0.20530156791210175,31.379619598388672,0.6684160828590393,0.009999999776482582,322.7176513671875]",1,CM,20.98571501869112,0.5931841991081405,0.0,0.0,0.3975641625056031,0,0.0,0.3353332809946107,0.0,0.0,0.0,0.3353332809946107,0.0,0.0,345.3285907987097,13.866958321147811,1.0,,,,,,,0.012876042895796521,False,0.0,2740.4183798467775,2771.592697687188,False,0.3353332809946107,1.0,0.0
2763.4502547252646,maintenance,1,"[0.8256081342697144,-0.03333621099591255,6.7676591873168945,0.3919432461261749,0.19368094205856323,-19.89948272705078,15.0,13.866958618164062,1.0,1.0,0.09482621401548386,7.747237682342529,82.12043762207031,0.8256081342697144,0.009999999776482582,8.979366302490234]",0,DN,0.0,0.825608108369425,-0.03333620962714179,6.767659277788398,0.39194324135154224,0,0.0,0.09482621230699008,0.0,0.0,0.0,0.09482621230699008,0.0,0.0,8.979366388184644,13.866958321147811,1.0,,,,,,,0.19368094042615666,False,0.0,2771.197492342311,2845.5706900776618,False,0.09482621230699008,0.0,0.0
2763.4502547252646,scheduling,,"[2.0,9.0,6.0,15.0,13.866958618164062,1.0,-19.89948272705078,-45.1109619140625,0.3919432461261749,0.5,0.8888888955116272,1.0]",,,,,,,,,,,,,,,,,,13.866958321147811,1.0,3,5,True,"{""mid"":1,""t0"":2763.4502547252646,""t1"":2772.18659840106,""jid"":69,""oid"":0}",2814.1484264025894,False,,False,0.0,,,,,,0.0
2764.5586837114556,maintenance,3,"[0.7630758881568909,0.01346413791179657,100.0,0.36131614446640015,0.6184583902359009,-17.933828353881836,15.0,13.866958618164062,1.0,1.0,0.16372640430927277,24.73833656311035,62.338932037353516,0.7630758881568909,0.009999999776482582,263.223876953125]",0,DN,0.0,0.7630759040247866,0.013464137767935092,100.0,0.3613161458764217,0,0.0,0.16372640685020778,0.0,0.0,0.0,0.16372640685020778,0.0,0.0,263.2238769055434,13.866958321147811,1.0,,,,,,,0.6184584048156769,False,0.0,2789.297019904083,2826.897614031193,False,0.16372640685020778,0.0,0.0
2764.5586837114556,scheduling,,"[2.0,9.0,6.0,15.0,13.866958618164062,1.0,-17.933828353881836,-46.219390869140625,0.36131614446640015,0.5,0.8888888955116272,1.0]",,,,,,,,,,,,,,,,,,13.866958321147811,1.0,3,5,True,"{""mid"":3,""t0"":2764.5586837114556,""t1"":2822.9929422386654,""jid"":65,""oid"":0}",2766.5646904169425,True,,False,0.0,,,,,,0.0
2764.5586837114556,scheduling,,"[1.0,9.0,5.0,15.0,13.866958618164062,1.0,-17.933828353881836,-46.219390869140625,0.36131614446640015,0.6666666865348816,0.8888888955116272,1.0]",,,,,,,,,,,,,,,,,,13.866958321147811,1.0,0,0,True,"{""mid"":4,""t0"":2764.5586837114556,""t1"":2780.6220568535573,""jid"":68,""oid"":1}",2840.152199304347,False,,False,0.0,,,,,,0.0
2772.18659840106,maintenance,1,"[0.789067268371582,-0.03654083237051964,5.174137115478516,0.4592379629611969,0.20537829399108887,-24.59103775024414,14.0,12.656588554382324,1.0,1.0,0.13116778433322906,8.215131759643555,71.00999450683594,0.789067268371582,0.009999999776482582,17.715709686279297]",0,DN,0.0,0.7890672769384908,-0.03654083143093423,5.174137246872627,0.4592379572466332,0,0.0,0.13116777973336094,0.0,0.0,0.0,0.13116777973336094,0.0,0.0,17.71571006398017,12.656588380661525,1.0,,,,,,,0.20537829229350943,False,0.0,2780.4017300928003,2843.1965921276537,False,0.13116777973336094,0.0,0.0
2772.18659840106,scheduling,,"[1.0,9.0,5.0,14.0,12.656588554382324,1.0,-24.59103775024414,-53.84730911254883,0.4592379629611969,0.6666666865348816,0.8888888955116272,1.0]",,,,,,,,,,,,,,,,,,12.656588380661525,1.0,0,1,True,"{""mid"":1,""t0"":2772.18659840106,""t1"":2797.754722295058,""jid"":66,""oid"":3}",2799.2330974613483,False,,False,0.0,,,,,,0.0
2773.599253711606,maintenance,5,"[0.7853794693946838,-0.0993390902876854,1.8661282062530518,0.4404028058052063,0.1655479520559311,-23.22152328491211,14.0,12.656588554382324,1.0,1.0,0.13542796671390533,6.621918201446533,69.8101806640625,0.7853794693946838,0.009999999776482582,40.21356964111328]",0,DN,0.0,0.7853794787838544,-0.09933909193941193,1.866128179397085,0.44040281094009315,0,0.0,0.13542796079581668,0.0,0.0,0.0,0.13542796079581668,0.0,0.0,40.21356877697872,12.656588380661525,1.0,,,,,,,0.1655479545786799,False,0.0,2780.221171894753,2843.4094375646137,False,0.13542796079581668,0.0,0.0
2773.599253711606,scheduling,,"[1.0,8.0,4.0,14.0,12.656588554382324,1.0,-23.22152328491211,-45.37586975097656,0.4404028058052063,0.6666666865348816,0.875,1.0]",,,,,,,,,,,,,,,,,,12.656588380661525,1.0,0,4,True,"{""mid"":5,""t0"":2773.599253711606,""t1"":2790.620625575058,""jid"":70,""oid"":0}",2827.6231450310133,False,,False,0.0,,,,,,0.0
2780.6220568535573,maintenance,4,"[0.8519051671028137,-0.04306836798787117,5.8489603996276855,0.42096200585365295,0.0,-21.855487823486328,15.0,13.033041000366211,1.0,1.0,0.07453332841396332,0.0,89.06428527832031,0.8519051671028137,0.009999999776482582,59.21018600463867]",0,DN,0.0,0.851905174459365,-0.04306836800311087,5.848960295899061,0.4209620053650295,0,0.0,0.0745333276489046,0.0,0.0,0.0,0.0745333276489046,0.0,0.0,59.210184887217565,13.033040597560719,1.0,,,,,,,0.0,False,0.0,2780.6220568535573,2869.6863436187255,False,0.0745333276489046,0.0,0.0
2780.6220568535573,scheduling,,"[1.0,9.0,5.0,15.0,13.033041000366211,1.0,-21.855487823486328,-46.98728561401367,0.42096200585365295,0.6666666865348816,0.6666666865348816,1.0]",,,,,,,,,,,,,,,,,,13.033040597560719,1.0,3,0,True,"{""mid"":4,""t0"":2780.6220568535573,""t1"":2788.6135278420124,""jid"":68,""oid"":2}",2840.152199304347,False,,False,0.0,,,,,,0.0
2783.8097449571133,scheduling,,"[1.0,9.0,4.0,15.0,13.033041000366211,1.0,-25.043174743652344,-50.17497634887695,0.4653160274028778,0.8333333134651184,0.7777777910232544,1.0]",,,,,,,,,,,,,,,,,,13.033040597560719,1.0,3,0,True,"{""mid"":2,""t0"":2783.8097449571133,""t1"":2811.8787740243597,""jid"":69,""oid"":1}",2814.1484264025894,False,,False,0.0,,,,,,0.0
2788.6135278420124,maintenance,4,"[0.8070636987686157,-0.04484148696064949,4.61768102645874,0.49490493535995483,0.0,-27.320344924926758,15.0,13.033041000366211,1.0,1.0,0.11198368668556213,0.0,76.6735610961914,0.8070636987686157,0.009999999776482582,67.20165252685547]",0,DN,0.0,0.807063687164059,-0.044841487295306015,4.6176810728964,0.49490494627694426,0,0.0,0.11198369025947545,0.0,0.0,0.0,0.11198369025947545,0.0,0.0,67.20165587567271,13.033040597560719,1.0,,,,,,,0.0,False,0.0,2788.6135278420124,2865.287091866417,False,0.11198369025947545,0.0,0.0
2790.620625575058,scheduling,,"[2.0,9.0,5.0,15.0,13.033041000366211,1.0,-25.489484786987305,-56.98585510253906,0.47124871611595154,0.6666666865348816,0.6666666865348816,1.0]",,,,,,,,,,,,,,,,,,13.033040597560719,1.0,3,0,True,"{""mid"":4,""t0"":2790.620625575058,""t1"":2794.6564890620807,""jid"":70,""oid"":1}",2827.6231450310133,False,,False,0.0,,,,,,0.0
2790.620625575058,scheduling,,"[1.0,9.0,4.0,15.0,13.033041000366211,1.0,-25.489484786987305,-56.98585510253906,0.47124871611595154,0.8333333134651184,0.6666666865348816,1.0]",,,,,,,,,,,,,,,,,,13.033040597560719,1.0,1,4,True,"{""mid"":5,""t0"":2790.620625575058,""t1"":2797.9873487761965,""jid"":72,""oid"":0}",2856.6198898409416,False,,False,0.0,,,,,,0.0
2794.6564890620807,maintenance,4,"[0.7919233441352844,-0.015140333212912083,12.67629623413086,0.49077722430229187,0.0,-26.994787216186523,15.0,13.033041000366211,1.0,1.0,0.12794706225395203,0.0,71.93072509765625,0.7919233441352844,0.009999999776482582,73.24461364746094]",0,DN,0.0,0.7919233536723636,-0.015140333491695412,12.676296316566276,0.4907772232430455,0,0.0,0.12794706130941264,0.0,0.0,0.0,0.12794706130941264,0.0,0.0,73.24461709574098,13.033040597560719,1.0,,,,,,,0.0,False,0.0,2794.6564890620807,2866.5872136644634,False,0.12794706130941264,0.0,0.0
2797.754722295058,maintenance,1,"[0.6897107362747192,-0.09935654699802399,0.9029170870780945,0.5104426145553589,0.30396515130996704,-28.57014274597168,14.0,12.992226600646973,1.0,1.0,0.28964531421661377,12.158605575561523,37.671749114990234,0.6897107362747192,0.009999999776482582,43.28383255004883]",0,DN,0.0,0.6897107283202906,-0.0993565486182002,0.9029171158614231,0.5104426090262697,0,0.0,0.2896453141184665,0.0,0.0,0.0,0.2896453141184665,0.0,0.0,43.283833957978004,12.992226663179771,1.0,,,,,,,0.30396514586776296,False,0.0,2809.9133281297686,2835.426472657364,False,0.2896453141184665,0.0,0.0
2797.754722295058,scheduling,,"[2.0,9.0,5.0,14.0,12.992226600646973,1.0,-28.57014274597168,-64.11994934082031,0.5104426145553589,0.6666666865348816,0.6666666865348816,1.0]",,,,,,,,,,,,,,,,,,12.992226663179771,1.0,1,4,True,"{""mid"":1,""t0"":2797.754722295058,""t1"":2828.94622995937,""jid"":71,""oid"":0}",2870.9803729214505,False,,False,0.0,,,,,,0.0
2797.9873487761965,maintenance,5,"[0.7176094651222229,-0.06776998937129974,1.7354212999343872,0.47124871611595154,0.019545825198292732,-25.489484786987305,15.0,13.033041000366211,1.0,1.0,0.2357550710439682,0.7818329930305481,46.73397445678711,0.7176094651222229,0.009999999776482582,57.23493957519531]",1,IM,7.735061874319304,0.683818685231024,0.0,0.0,0.5032190635758949,0,0.0,0.23575507716513028,0.0,0.0,0.0,0.23575507716513028,0.0,0.0,64.60166384156946,12.992226663179771,1.0,,,,,,,0.30616874390154863,False,0.0,2791.4024585732527,2837.354601411514,False,0.23575507716513028,1.0,0.0
2805.722410650516,scheduling,,"[2.0,9.0,5.0,14.0,12.992226600646973,1.0,-35.71930694580078,-72.08763885498047,0.5905672907829285,0.6666666865348816,0.6666666865348816,1.0]",,,,,,,,,,,,,,,,,,12.992226663179771,1.0,1,4,True,"{""mid"":5,""t0"":2805.722410650516,""t1"":2837.3739925355385,""jid"":72,""oid"":1}",2856.6198898409416,False,,False,0.0,,,,,,0.0
2807.6770390215893,maintenance,0,"[0.8441599607467651,-0.04788228124380112,5.099171161651611,0.5776911973953247,0.3869161605834961,-34.48073959350586,14.0,12.992226600646973,1.0,1.0,0.08005502820014954,15.476646423339844,87.11870574951172,0.8441599607467651,0.009999999776482582,109.4109115600586]",0,DN,0.0,0.8441599606209383,-0.047882282844852075,5.099171261572139,0.5776912090512298,0,0.0,0.08005502805802259,0.0,0.0,0.0,0.08005502805802259,0.0,0.0,109.41091386656626,12.992226663179771,1.0,,,,,,,0.3869161626131548,False,0.0,2823.1536855261156,2894.7957454669204,False,0.08005502805802259,0.0,0.0
2807.6770390215893,scheduling,,"[2.0,8.0,4.0,14.0,12.992226600646973,1.0,-34.48073959350586,-76.31251525878906,0.5776911973953247,0.6666666865348816,0.75,1.0]",,,,,,,,,,,,,,,,,,12.992226663179771,1.0,1,1,True,"{""mid"":0,""t0"":2807.6770390215893,""t1"":2865.9872398117495,""jid"":66,""oid"":4}",2799.2330974613483,True,,False,0.0,,,,,,0.0
2811.8787740243597,maintenance,2,"[0.9263513684272766,-0.0736486166715622,4.43119478225708,0.5606259107589722,0.13869495689868927,-32.89616394042969,13.0,11.856794357299805,1.0,1.0,0.03684431314468384,5.5477986335754395,103.55620574951172,0.9263513684272766,0.009999999776482582,28.069028854370117]",0,DN,0.0,0.9263513798188143,-0.07364862018118568,4.431194759873916,0.5606259086375217,0,0.0,0.03684431267775204,0.0,0.0,0.0,0.03684431267775204,0.0,0.0,28.069029067246447,11.856794246712184,1.0,,,,,,,0.13869496114684807,False,0.0,2817.4265724702336,2915.4349772931178,False,0.03684431267775204,0.0,0.0
2811.8787740243597,scheduling,,"[2.0,8.0,4.0,13.0,11.856794357299805,1.0,-32.89616394042969,-71.90270233154297,0.5606259107589722,0.6666666865348816,0.875,1.0]",,,,,,,,,,,,,,,,,,11.856794246712184,1.0,1,4,True,"{""mid"":2,""t0"":2811.8787740243597,""t1"":2843.444037978932,""jid"":68,""oid"":3}",2840.152199304347,True,,False,0.0,,,,,,0.0
2811.8787740243597,scheduling,,"[1.0,8.0,3.0,13.0,11.856794357299805,1.0,-32.89616394042969,-71.90270233154297,0.5606259107589722,0.8333333134651184,0.875,1.0]",,,,,,,,,,,,,,,,,,11.856794246712184,1.0,1,2,True,"{""mid"":4,""t0"":2811.8787740243597,""t1"":2823.276237617395,""jid"":69,""oid"":2}",2814.1484264025894,True,,False,0.0,,,,,,0.0
2822.9929422386654,maintenance,3,"[0.6393919587135315,-0.12368397414684296,0.31848856806755066,0.5101460218429565,0.0,-28.545917510986328,14.0,14.247563362121582,1.0,1.0,0.4027741551399231,0.0,23.960224151611328,0.6393919587135315,0.009999999776482582,321.65814208984375]",2,CM,35.69907376937635,0.6393919325689408,-0.12368397145584586,0.31848858106083205,0.5101460178215214,0,0.0,0.4027741599478147,0.0,0.0,0.0,0.4027741599478147,0.0,0.0,321.65813543275317,14.247563164748954,1.0,,,,,,,0.0,False,0.0,2822.9929422386654,2846.953165780363,False,0.4027741599478147,2.0,0.0
2823.276237617395,maintenance,4,"[0.7879850268363953,-0.003938339184969664,47.732051849365234,0.5147998929023743,0.6208192110061646,-28.927757263183594,14.0,14.247563362121582,1.0,1.0,0.132406085729599,24.832767486572266,70.65913391113281,0.7879850268363953,0.009999999776482582,101.86436462402344]",0,DN,0.0,0.7879850145451341,-0.003938339127229407,47.73205365820802,0.5147999103726107,0,0.0,0.1324060870924116,0.0,0.0,0.0,0.1324060870924116,0.0,0.0,101.86436565105532,14.247563164748954,1.0,,,,,,,0.6208191996384281,False,0.0,2848.109005602932,2893.9353722130304,False,0.1324060870924116,0.0,0.0
2823.276237617395,scheduling,,"[1.0,8.0,4.0,14.0,14.247563362121582,1.0,-28.927757263183594,-65.76988983154297,0.5147998929023743,0.6666666865348816,0.875,1.0]",,,,,,,,,,,,,,,,,,14.247563164748954,1.0,0,1,True,"{""mid"":4,""t0"":2823.276237617395,""t1"":2841.062994373554,""jid"":65,""oid"":1}",2766.5646904169425,True,,False,0.0,,,,,,0.0
2828.94622995937,maintenance,1,"[0.5748424530029297,-0.11486826092004776,0.0,0.5347669720649719,0.2907342314720154,-30.60867691040039,14.0,14.247563362121582,1.0,1.0,0.5625641942024231,11.629368782043457,20.0,0.5748424530029297,0.009999999776482582,74.475341796875]",0,DN,0.0,0.5748424693407136,-0.11486825897957698,0.0,0.5347669913456419,0,0.0,0.5625641994749536,0.0,0.0,0.0,0.5625641994749536,0.0,0.0,74.47534162229022,14.247563164748954,1.0,,,,,,,0.29073421994654985,False,0.0,2840.575598757232,2848.94622995937,False,0.5625641994749536,0.0,0.0
2828.94622995937,scheduling,,"[1.0,8.0,4.0,14.0,14.247563362121582,1.0,-30.60867691040039,-71.43988037109375,0.5347669720649719,0.6666666865348816,0.875,1.0]",,,,,,,,,,,,,,,,,,14.247563164748954,1.0,0,1,True,"{""mid"":1,""t0"":2828.94622995937,""t1"":2856.1098639197944,""jid"":61,""oid"":3}",2851.064173227797,True,,False,0.0,,,,,,0.0
2837.3739925355385,maintenance,5,"[0.7187173366546631,-0.10186509042978287,1.165436863899231,0.3424983322620392,0.0,-16.772319793701172,15.0,13.238259315490723,1.0,1.0,0.2337648570537567,0.0,47.10750198364258,0.7187173366546631,0.009999999776482582,31.651582717895508]",1,IM,7.92321836427726,0.7187173344518049,-0.10186508782542392,1.1654369223660053,0.34249833536839047,0,0.0,0.23376486198019275,0.0,0.0,0.0,0.23376486198019275,0.0,0.0,31.65158188502255,13.238259353677222,1.0,,,,,,,0.0,False,0.0,2837.3739925355385,2884.4814958729526,False,0.23376486198019275,1.0,0.0
2841.062994373554,maintenance,4,"[0.7396862506866455,-0.048298757523298264,2.892129421234131,0.26803505420684814,0.0,-12.480905532836914,15.0,13.238259315490723,1.0,1.0,0.19831444323062897,0.0,54.28424072265625,0.7396862506866455,0.009999999776482582,119.651123046875]",1,IM,7.381240930560024,0.73968625860144,-0.04829875594369415,2.8921295356817023,0.268035044737968,0,0.0,0.19831444370619167,0.0,0.0,0.0,0.19831444370619167,0.0,0.0,119.65112240721419,13.238259353677222,1.0,,,,,,,0.0,False,0.0,2841.062994373554,2895.347235597972,False,0.19831444370619167,1.0,0.0
2843.444037978932,scheduling,,"[1.0,8.0,6.0,15.0,13.238259315490723,1.0,-12.07297420501709,-59.83586883544922,0.26053208112716675,0.3333333432674408,0.625,1.0]",,,,,,,,,,,,,,,,,,13.238259353677222,1.0,0,1,True,"{""mid"":2,""t0"":2843.444037978932,""t1"":2860.0170074836406,""jid"":70,""oid"":2}",2827.6231450310133,True,,False,0.0,,,,,,0.0
2845.2972108998156,scheduling,,"[1.0,8.0,5.0,15.0,13.238259315490723,1.0,-13.9261474609375,-61.68904113769531,0.29400962591171265,0.5,0.625,1.0]",,,,,,,,,,,,,,,,,,13.238259353677222,1.0,0,4,True,"{""mid"":5,""t0"":2845.2972108998156,""t1"":2853.958136138502,""jid"":73,""oid"":0}",2934.899018495063,False,,False,0.0,,,,,,0.0
2848.444235304114,scheduling,,"[1.0,8.0,4.0,15.0,13.238259315490723,1.0,-17.073171615600586,-64.83606719970703,0.34742507338523865,0.6666666865348816,0.625,1.0]",,,,,,,,,,,,,,,,,,13.238259353677222,1.0,0,4,True,"{""mid"":4,""t0"":2848.444235304114,""t1"":2867.3332738937706,""jid"":75,""oid"":0}",3049.786796201197,False,,False,0.0,,,,,,0.0
2853.958136138502,maintenance,5,"[0.8479283452033997,-0.014532455243170261,17.060319900512695,0.2706731855869293,0.0,-12.625332832336426,15.0,14.10491943359375,1.0,1.0,0.0773233100771904,0.0,88.07585906982422,0.8479283452033997,0.009999999776482582,8.660924911499023]",0,DN,0.0,0.8479283458624189,-0.014532455479746909,17.060320343519592,0.27067317825335446,0,0.0,0.07732330788083512,0.0,0.0,0.0,0.07732330788083512,0.0,0.0,8.66092523868656,14.104919109613482,1.0,,,,,,,0.0,False,0.0,2853.958136138502,2942.0339981355114,False,0.07732330788083512,0.0,0.0
2856.1098639197944,maintenance,1,"[0.474666953086853,-0.10017552226781845,0.0,0.23450343310832977,0.21050988137722015,-10.689221382141113,14.0,15.054010391235352,1.0,1.0,0.7778758406639099,8.420394897460938,20.0,0.474666953086853,0.009999999776482582,101.63897705078125]",0,DN,0.0,0.4746669486091057,-0.1001755207316079,0.0,0.23450342732778107,0,0.0,0.7778758565818872,0.0,0.0,0.0,0.7778758565818872,0.0,0.0,101.63897558271447,15.054010258233435,1.0,,,,,,,0.2105098792413325,False,0.0,2864.5302590894476,2876.1098639197944,False,0.7778758565818872,0.0,0.0
2856.1098639197944,scheduling,,"[2.0,9.0,6.0,14.0,15.054010391235352,1.0,-10.689221382141113,-69.3072509765625,0.23450343310832977,0.5,0.5555555820465088,1.0]",,,,,,,,,,,,,,,,,,15.054010258233435,1.0,0,5,True,"{""mid"":1,""t0"":2856.1098639197944,""t1"":2880.9915404418766,""jid"":61,""oid"":4}",2851.064173227797,True,,False,0.0,,,,,,0.0
2858.6920160080417,scheduling,,"[2.0,9.0,5.0,13.0,15.557716369628906,1.0,-13.271373748779297,-71.889404296875,0.28235793113708496,0.6666666865348816,0.5555555820465088,1.0]",,,,,,,,,,,,,,,,,,15.557716569852838,1.0,3,0,True,"{""mid"":3,""t0"":2858.6920160080417,""t1"":2899.4993887893265,""jid"":71,""oid"":1}",2870.9803729214505,True,,False,0.0,,,,,,0.0
2860.0170074836406,maintenance,2,"[0.8523948788642883,-0.07395650446414948,3.412747621536255,0.26053208112716675,0.2699488401412964,-12.07297420501709,15.0,13.238259315490723,1.0,1.0,0.0741962417960167,10.797954559326172,89.18445587158203,0.8523948788642883,0.009999999776482582,59.63429260253906]",2,CM,21.273761050657512,0.814194306283449,0.0,0.0,0.22701947259007715,0,0.0,0.07419624398508519,0.0,0.0,0.0,0.07419624398508519,0.0,0.0,76.2072625265273,15.557716569852838,1.0,,,,,,,0.0,False,0.0,2854.241992129808,2932.628494204612,False,0.07419624398508519,2.0,0.0
2865.9872398117495,maintenance,0,"[0.7730412483215332,-0.07111873477697372,2.433131217956543,0.08679370582103729,0.25737908482551575,-3.6317391395568848,13.0,15.557716369628906,1.0,1.0,0.15053485333919525,10.295164108276367,65.7166519165039,0.7730412483215332,0.009999999776482582,167.7211151123047]",0,DN,0.0,0.7730412246910884,-0.07111873592984996,2.4331313321115924,0.08679370945117271,0,0.0,0.15053485644271208,0.0,0.0,0.0,0.15053485644271208,0.0,0.0,167.7211146567265,15.557716569852838,1.0,,,,,,,0.2573790961536891,False,0.0,2876.2824036578972,2931.703889744042,False,0.15053485644271208,0.0,0.0
2865.9872398117495,scheduling,,"[2.0,7.0,4.0,13.0,15.557716369628906,1.0,-3.6317391395568848,-50.201438903808594,0.08679370582103729,0.5,0.4285714328289032,1.0]",,,,,,,,,,,,,,,,,,15.557716569852838,1.0,0,0,True,"{""mid"":0,""t0"":2865.9872398117495,""t1"":2876.2337850687863,""jid"":72,""oid"":2}",2856.6198898409416,True,,False,0.0,,,,,,0.0
2867.3332738937706,maintenance,4,"[0.8610833883285522,-0.026540130376815796,9.837306022644043,0.05539032071828842,0.0,-2.279339075088501,12.0,14.817349433898926,1.0,1.0,0.06844442337751389,0.0,91.2601318359375,0.8610833883285522,0.009999999776482582,18.8890380859375]",0,DN,0.0,0.8610833805292474,-0.02654012979248055,9.837306093477302,0.05539032186869719,0,0.0,0.06844442134649235,0.0,0.0,0.0,0.06844442134649235,0.0,0.0,18.889038589656593,14.817349101747906,1.0,,,,,,,0.0,False,0.0,2867.3332738937706,2958.5934091317745,False,0.06844442134649235,0.0,0.0
2867.3332738937706,scheduling,,"[2.0,7.0,4.0,12.0,14.817349433898926,1.0,-2.279339075088501,-51.54747009277344,0.05539032071828842,0.5,0.4285714328289032,1.0]",,,,,,,,,,,,,,,,,,14.817349101747906,1.0,0,5,True,"{""mid"":4,""t0"":2867.3332738937706,""t1"":2879.5800006943887,""jid"":74,""oid"":0}",2994.8423474615374,False,,False,0.0,,,,,,0.0
2876.2337850687863,maintenance,0,"[0.7899250984191895,0.016883844509720802,100.0,0.21565119922161102,0.25737908482551575,-9.716057777404785,12.0,14.817349433898926,1.0,1.0,0.1301933079957962,10.295164108276367,71.28732299804688,0.7899250984191895,0.009999999776482582,177.96766662597656]",0,DN,0.0,0.7899250690382923,0.016883844347203913,100.0,0.21565119302139346,0,0.0,0.13019330492767428,0.0,0.0,0.0,0.13019330492767428,0.0,0.0,177.96765991376333,14.817349101747906,1.0,,,,,,,0.2573790961536891,False,0.0,2886.528948914934,2947.5211087456955,False,0.13019330492767428,0.0,0.0
2876.2337850687863,scheduling,,"[2.0,7.0,4.0,12.0,14.817349433898926,1.0,-9.716057777404785,-60.44798278808594,0.21565119922161102,0.5,0.5714285969734192,1.0]",,,,,,,,,,,,,,,,,,14.817349101747906,1.0,0,3,True,"{""mid"":0,""t0"":2876.2337850687863,""t1"":2884.2080425446966,""jid"":72,""oid"":3}",2856.6198898409416,True,,False,0.0,,,,,,0.0
2879.5800006943887,maintenance,4,"[0.8240916728973389,-0.03699169680476189,6.057891368865967,0.22314320504665375,0.0,-10.099969863891602,12.0,14.817349433898926,1.0,1.0,0.09613584727048874,0.0,81.69136810302734,0.8240916728973389,0.009999999776482582,31.135765075683594]",0,DN,0.0,0.8240916842143267,-0.03699169631492072,6.057891541565738,0.22314320592717773,0,0.0,0.09613584435967427,0.0,0.0,0.0,0.09613584435967427,0.0,0.0,31.135765390274628,14.817349101747906,1.0,,,,,,,0.0,False,0.0,2879.5800006943887,2961.2713706463237,False,0.09613584435967427,0.0,0.0
2879.5800006943887,scheduling,,"[2.0,7.0,4.0,12.0,14.817349433898926,1.0,-10.099969863891602,-63.79419708251953,0.22314320504665375,0.5,0.5714285969734192,1.0]",,,,,,,,,,,,,,,,,,14.817349101747906,1.0,0,3,True,"{""mid"":4,""t0"":2879.5800006943887,""t1"":2892.748696823013,""jid"":74,""oid"":1}",2994.8423474615374,False,,False,0.0,,,,,,0.0
2880.9915404418766,maintenance,1,"[0.3826831579208374,-0.09198380261659622,0.0,0.11911110579967499,0.07055698335170746,-5.072951316833496,12.0,14.817349433898926,1.0,1.0,0.8978140354156494,2.822279453277588,20.0,0.3826831579208374,0.009999999776482582,126.5206527709961]",0,DN,0.0,0.3826831472571345,-0.0919838013519712,0.0,0.1191111090377922,0,0.0,0.8978140265703254,0.0,0.0,0.0,0.8978140265703254,0.0,0.0,126.52065210479668,14.817349101747906,1.0,,,,,,,0.0705569833981258,False,0.0,2883.8138197778017,2900.9915404418766,False,0.8978140265703254,0.0,0.0
2880.9915404418766,scheduling,,"[2.0,6.0,3.0,12.0,14.817349433898926,1.0,-5.072951316833496,-61.721649169921875,0.11911110579967499,0.5,0.5,1.0]",,,,,,,,,,,,,,,,,,14.817349101747906,1.0,0,3,True,"{""mid"":1,""t0"":2880.9915404418766,""t1"":2900.3205026977166,""jid"":73,""oid"":1}",2934.899018495063,False,,False,0.0,,,,,,0.0
2881.290768534298,scheduling,,"[2.0,7.0,3.0,13.0,15.8948392868042,1.0,4.666881561279297,-56.805198669433594,0.0,0.6666666865348816,0.4285714328289032,1.0]",,,,,,,,,,,,,,,,,,15.894838837070324,1.0,0,3,True,"{""mid"":2,""t0"":2881.290768534298,""t1"":2904.359527156269,""jid"":75,""oid"":1}",3049.786796201197,False,,False,0.0,,,,,,0.0
2884.2080425446966,maintenance,0,"[0.7992562055587769,0.00933114718645811,100.0,0.0,0.0,8.517833709716797,13.0,15.8948392868042,1.5,1.0,0.11998606473207474,0.0,74.25814819335938,0.7992562055587769,0.009999999776482582,185.94190979003906]",0,DN,0.0,0.7992562161040581,0.009331147065765766,100.0,0.0,0,0.0,0.11998606188453721,0.0,0.0,0.0,0.11998606188453721,0.0,0.0,185.94191738967356,15.894838837070324,1.5,,,,,,,0.0,False,0.0,2884.2080425446966,2958.466189520532,False,0.11998606188453721,0.0,0.0
2892.748696823013,maintenance,4,"[0.791948676109314,-0.0321430005133152,5.971710205078125,0.0,0.0,3.8419177532196045,12.0,15.534568786621094,1.0,1.0,0.1279187947511673,0.0,71.93885803222656,0.791948676109314,0.009999999776482582,44.30446243286133]",0,DN,0.0,0.7919486831769486,-0.032143001037378105,5.971710076284954,0.0,0,0.0,0.12791880216993012,0.0,0.0,0.0,0.12791880216993012,0.0,0.0,44.304461518898734,15.534568816205592,1.0,,,,,,,0.0,False,0.0,2892.748696823013,2964.68755268647,False,0.12791880216993012,0.0,0.0
2892.748696823013,scheduling,,"[3.0,6.0,3.0,12.0,15.534568786621094,1.0,3.8419177532196045,-59.890602111816406,0.0,0.5,0.3333333432674408,1.0]",,,,,,,,,,,,,,,,,,15.534568816205592,1.0,3,1,True,"{""mid"":4,""t0"":2892.748696823013,""t1"":2906.75384055297,""jid"":74,""oid"":2}",2994.8423474615374,False,,False,0.0,,,,,,0.0
2899.4993887893265,scheduling,,"[3.0,6.0,3.0,12.0,15.534568786621094,1.0,3.8924546241760254,-46.237606048583984,0.0,0.5,0.3333333432674408,1.0]",,,,,,,,,,,,,,,,,,15.534568816205592,1.0,0,3,True,"{""mid"":0,""t0"":2899.4993887893265,""t1"":2936.0628524902745,""jid"":71,""oid"":2}",2870.9803729214505,True,,False,0.0,,,,,,0.0
2899.4993887893265,scheduling,,"[2.0,6.0,2.0,12.0,15.534568786621094,1.0,3.8924546241760254,-46.237606048583984,0.0,0.6666666865348816,0.3333333432674408,1.0]",,,,,,,,,,,,,,,,,,15.534568816205592,1.0,2,3,True,"{""mid"":3,""t0"":2899.4993887893265,""t1"":2950.8602361821627,""jid"":76,""oid"":0}",3018.0212670900414,False,,False,0.0,,,,,,0.0
2900.3205026977166,maintenance,1,"[0.34571629762649536,-0.03696686401963234,0.0,0.0,0.0,8.91181468963623,12.0,15.534568786621094,1.5,1.0,0.9270908236503601,0.0,20.0,0.34571629762649536,0.009999999776482582,145.849609375]",2,CM,17.76265303601125,0.3457162842591061,-0.03696686299802837,0.0,0.0,0,0.0,0.9270908322818621,0.0,0.0,0.0,0.9270908322818621,0.0,0.0,145.84961436063668,15.534568816205592,1.5,,,,,,,0.0,False,0.0,2900.3205026977166,2920.3205026977166,False,0.9270908322818621,2.0,0.0
2900.3205026977166,scheduling,,"[1.0,6.0,2.0,12.0,15.534568786621094,1.5,8.91181468963623,-29.53729820251465,0.0,0.6666666865348816,0.1666666716337204,1.0]",,,,,,,,,,,,,,,,,,15.534568816205592,1.5,0,5,True,"{""mid"":5,""t0"":2900.3205026977166,""t1"":2926.0336099243577,""jid"":73,""oid"":2}",2934.899018495063,False,,False,0.0,,,,,,0.0
2904.359527156269,maintenance,2,"[0.9745152592658997,-0.025484733283519745,14.695671081542969,0.0,0.0,8.717583656311035,12.0,15.534568786621094,1.5,1.0,0.023086441680788994,0.0,109.41477966308594,0.9745152592658997,0.009999999776482582,23.068758010864258]",0,DN,0.0,0.9745152665354578,-0.025484733464542164,14.695671314614083,0.0,0,0.0,0.0230864417066128,0.0,0.0,0.0,0.0230864417066128,0.0,0.0,23.06875862197103,15.534568816205592,1.5,,,,,,,0.0,False,0.0,2904.359527156269,3013.7743065593595,False,0.0230864417066128,0.0,0.0
2906.75384055297,maintenance,4,"[0.7853346467018127,-0.0066140154376626015,28.021503448486328,0.0,0.0,8.657461166381836,12.0,15.534568786621094,1.5,1.0,0.13548043370246887,0.0,69.7955322265625,0.7853346467018127,0.009999999776482582,58.30960464477539]",0,DN,0.0,0.7853346675285383,-0.006614015648410243,28.021504238969516,0.0,0,0.0,0.13548043762482664,0.0,0.0,0.0,0.13548043762482664,0.0,0.0,58.30960524885586,15.534568816205592,1.5,,,,,,,0.0,False,0.0,2906.75384055297,2976.5493722755014,False,0.13548043762482664,0.0,0.0
2906.75384055297,scheduling,,"[2.0,6.0,3.0,12.0,15.534568786621094,1.5,8.657461166381836,-35.970638275146484,0.0,0.5,0.1666666716337204,1.0]",,,,,,,,,,,,,,,,,,15.534568816205592,1.5,0,1,True,"{""mid"":4,""t0"":2906.75384055297,""t1"":2920.2504998668633,""jid"":77,""oid"":0}",3076.4125645599433,False,,False,0.0,,,,,,0.0
2918.083155733728,scheduling,,"[2.0,6.0,2.0,11.0,15.091161727905273,1.0,-2.6718544960021973,-47.29995346069336,0.06461434066295624,0.6666666865348816,0.5,1.0]",,,,,,,,,,,,,,,,,,15.091162088281134,1.0,2,3,True,"{""mid"":1,""t0"":2918.083155733728,""t1"":2944.3287085912707,""jid"":74,""oid"":3}",2994.8423474615374,False,,False,0.0,,,,,,0.0
2920.2504998668633,maintenance,4,"[0.7136592864990234,-0.0716753751039505,1.585750937461853,0.01536040473729372,0.0,-0.6191839575767517,11.0,15.091161727905273,1.0,1.0,0.24294644594192505,0.0,45.4088020324707,0.7136592864990234,0.009999999776482582,71.80626678466797]",1,IM,7.363003251079559,0.7136592937297807,-0.07167537379875766,1.585750972836234,0.015360405066923044,0,0.0,0.2429464508671738,0.0,0.0,0.0,0.2429464508671738,0.0,0.0,71.80626456274922,15.091162088281134,1.0,,,,,,,0.0,False,0.0,2920.2504998668633,2965.6593007954752,False,0.2429464508671738,1.0,0.0
2926.0336099243577,maintenance,5,"[0.7666436433792114,-0.08128470182418823,2.0501229763031006,0.09492594748735428,0.0,-3.9895403385162354,11.0,15.091161727905273,1.0,1.0,0.15889987349510193,0.0,63.55414581298828,0.7666436433792114,0.009999999776482582,80.73639678955078]",0,DN,0.0,0.7666436403812379,-0.08128470548118105,2.0501229523408813,0.09492594409568045,0,0.0,0.1588998772569361,0.0,0.0,0.0,0.1588998772569361,0.0,0.0,80.73639902454215,15.091162088281134,1.0,,,,,,,0.0,False,0.0,2926.0336099243577,2989.5877558149396,False,0.1588998772569361,0.0,0.0
2927.613503117943,scheduling,,"[3.0,5.0,2.0,11.0,15.091161727905273,1.0,-5.569433689117432,-63.92214584350586,0.12997718155384064,0.5,0.4000000059604645,1.0]",,,,,,,,,,,,,,,,,,15.091162088281134,1.0,0,5,True,"{""mid"":4,""t0"":2927.613503117943,""t1"":2931.849091732296,""jid"":77,""oid"":1}",3076.4125645599433,False,,False,0.0,,,,,,0.0
2930.099132735357,scheduling,,"[2.0,6.0,2.0,12.0,18.175365447998047,1.0,-2.7483580112457275,-58.98465347290039,0.06640163064002991,0.6666666865348816,0.3333333432674408,1.0]",,,,,,,,,,,,,,,,,,18.175364767250027,1.0,2,3,True,"{""mid"":5,""t0"":2930.099132735357,""t1"":2942.958646326089,""jid"":78,""oid"":0}",3001.454637486033,False,,False,0.0,,,,,,0.0
2931.849091732296,maintenance,4,"[0.8518033027648926,-0.004587836563587189,54.88498306274414,0.02121073007583618,0.0,-0.8575564026832581,11.0,19.51018714904785,1.0,1.0,0.0746036171913147,0.0,89.03924560546875,0.8518033027648926,0.009999999776482582,4.235588550567627]",0,DN,0.0,0.8518033161362306,-0.004587836339506102,54.88498226668178,0.021210730843019054,0,0.0,0.07460361805171299,0.0,0.0,0.0,0.07460361805171299,0.0,0.0,4.235588614353219,19.510186363383127,1.0,,,,,,,0.0,False,0.0,2931.849091732296,3020.8883405591123,False,0.07460361805171299,0.0,0.0
2931.849091732296,scheduling,,"[2.0,6.0,2.0,11.0,19.51018714904785,1.0,-0.8575564026832581,-60.73461151123047,0.02121073007583618,0.6666666865348816,0.3333333432674408,1.0]",,,,,,,,,,,,,,,,,,19.510186363383127,1.0,2,3,True,"{""mid"":2,""t0"":2931.849091732296,""t1"":2966.501309454441,""jid"":77,""oid"":2}",3076.4125645599433,False,,False,0.0,,,,,,0.0
2936.0628524902745,maintenance,0,"[0.7543176412582397,-0.044938571751117706,3.4339687824249268,0.010906348936259747,0.0,-0.43865033984184265,10.0,21.098955154418945,1.0,1.0,0.17607398331165314,0.0,59.33478927612305,0.7543176412582397,0.009999999776482582,237.79672241210938]",0,DN,0.0,0.7543176451910855,-0.0449385709129726,3.4339686833819183,0.010906348644006636,0,0.0,0.1760739864971718,0.0,0.0,0.0,0.1760739864971718,0.0,0.0,237.7967273352515,21.098954540136827,1.0,,,,,,,0.0,False,0.0,2936.0628524902745,2995.39764159485,False,0.1760739864971718,0.0,0.0
2942.958646326089,maintenance,5,"[0.7117623686790466,-0.054881297051906586,2.036437749862671,0.08400637656450272,0.6763648986816406,-3.5098350048065186,9.0,22.045703887939453,1.0,1.0,0.24645237624645233,27.054595947265625,44.77644729614258,0.7117623686790466,0.009999999776482582,97.66143798828125]",0,DN,0.0,0.7117623448576351,-0.05488129552360277,2.036437802558243,0.08400637857279802,0,0.0,0.24645237548059906,0.0,0.0,0.0,0.24645237548059906,0.0,0.0,97.66143542627333,22.045704196649126,1.0,,,,,,,0.6763648760510023,False,0.0,2970.013241368129,2987.7350922646096,False,0.24645237548059906,0.0,0.0
2942.958646326089,scheduling,,"[3.0,6.0,3.0,9.0,22.045703887939453,1.0,-3.5098350048065186,-57.9461669921875,0.08400637656450272,0.5,0.3333333432674408,1.0]",,,,,,,,,,,,,,,,,,22.045704196649126,1.0,3,1,True,"{""mid"":5,""t0"":2942.958646326089,""t1"":2952.1441580475707,""jid"":71,""oid"":3}",2870.9803729214505,True,,False,0.0,,,,,,0.0
2942.958646326089,scheduling,,"[2.0,6.0,2.0,9.0,22.045703887939453,1.0,-3.5098350048065186,-57.9461669921875,0.08400637656450272,0.6666666865348816,0.3333333432674408,1.0]",,,,,,,,,,,,,,,,,,22.045704196649126,1.0,0,0,True,"{""mid"":0,""t0"":2942.958646326089,""t1"":2962.9472258536553,""jid"":78,""oid"":1}",3001.454637486033,False,,False,0.0,,,,,,0.0
2944.3287085912707,maintenance,1,"[0.9421661496162415,-0.057833846658468246,5.916365146636963,0.016164112836122513,0.0,-0.6518470644950867,9.0,22.045703887939453,1.0,1.0,0.031625304371118546,0.0,105.74076843261719,0.9421661496162415,0.009999999776482582,26.24555206298828]",0,DN,0.0,0.9421661527917529,-0.057833847208247136,5.916365057985626,0.01616411203753121,0,0.0,0.031625304228365944,0.0,0.0,0.0,0.031625304228365944,0.0,0.0,26.24555285754286,22.045704196649126,1.0,,,,,,,0.0,False,0.0,2944.3287085912707,3050.0694778590487,False,0.031625304228365944,0.0,0.0
2944.3287085912707,scheduling,,"[2.0,6.0,2.0,9.0,22.045703887939453,1.0,-0.6518470644950867,-59.316226959228516,0.016164112836122513,0.6666666865348816,0.3333333432674408,1.0]",,,,,,,,,,,,,,,,,,22.045704196649126,1.0,2,3,True,"{""mid"":1,""t0"":2944.3287085912707,""t1"":2977.0361510301527,""jid"":74,""oid"":4}",2994.8423474615374,False,,False,0.0,,,,,,0.0
2950.8602361821627,maintenance,3,"[0.9693426489830017,-0.030657339841127396,12.047446250915527,0.0,0.5458377599716187,3.8924546241760254,12.0,15.534568786621094,1.0,1.0,0.02428227663040161,21.83350944519043,108.89266204833984,0.9693426489830017,0.009999999776482582,40.807373046875]",2,CM,36.41528317059594,0.921096426835188,0.0,0.0,0.0,0,0.0,0.024282276498541363,0.0,0.0,0.0,0.024282276498541363,0.0,0.0,92.16822017412096,22.045704196649126,1.0,,,,,,,0.011853698169246248,False,0.0,2921.3328983183364,3008.3920499224764,False,0.024282276498541363,2.0,0.0
2950.8602361821627,scheduling,,"[1.0,6.0,2.0,9.0,22.045703887939453,1.0,1.376766562461853,-45.2439079284668,0.0,0.6666666865348816,0.3333333432674408,1.0]",,,,,,,,,,,,,,,,,,22.045704196649126,1.0,0,5,True,"{""mid"":4,""t0"":2950.8602361821627,""t1"":2960.888872270514,""jid"":76,""oid"":1}",3018.0212670900414,False,,False,0.0,,,,,,0.0
2952.1441580475707,maintenance,5,"[0.7025465965270996,-0.009215748868882656,11.127320289611816,0.0,0.0,18.181272506713867,9.0,22.045703887939453,2.0,1.0,0.26396405696868896,0.0,41.74732971191406,0.7025465965270996,0.009999999776482582,106.8469467163086]",1,IM,7.849104650057291,0.7025465955896334,-0.009215749268001727,11.127320482306137,0.0,0,0.0,0.26396406692570673,0.0,0.0,0.0,0.26396406692570673,0.0,0.0,106.84694714775515,22.045704196649126,2.0,,,,,,,0.0,False,0.0,2952.1441580475707,2993.8914871259226,False,0.26396406692570673,1.0,0.0
2960.888872270514,maintenance,4,"[0.8235740065574646,-0.028229298070073128,7.919928073883057,0.0,0.0,12.829983711242676,8.0,24.117176055908203,1.5,1.0,0.09658660739660263,0.0,81.5442123413086,0.8235740065574646,0.009999999776482582,33.275367736816406]",0,DN,0.0,0.8235740175139276,-0.028229298622303056,7.919928174810868,0.0,0,0.0,0.0965866057227503,0.0,0.0,0.0,0.0965866057227503,0.0,0.0,33.27536915257133,24.117175420632975,1.5,,,,,,,0.0,False,0.0,2960.888872270514,3042.4330816778083,False,0.0965866057227503,0.0,0.0
2960.888872270514,scheduling,,"[2.0,5.0,2.0,8.0,24.117176055908203,1.5,12.829983711242676,-2.2622790336608887,0.0,0.5,0.20000000298023224,1.0]",,,,,,,,,,,,,,,,,,24.117175420632975,1.5,0,0,True,"{""mid"":4,""t0"":2960.888872270514,""t1"":2978.678249099337,""jid"":76,""oid"":2}",3018.0212670900414,False,,False,0.0,,,,,,0.0
2962.9472258536553,maintenance,0,"[0.743376612663269,-0.010941051878035069,13.104461669921875,0.0,0.0,9.993355751037598,7.0,25.148883819580078,1.5,1.0,0.19251258671283722,0.0,55.55876922607422,0.743376612663269,0.009999999776482582,264.68109130859375]",1,IM,15.27109677797735,0.7433765936376446,-0.010941051553440828,13.104461937440963,0.0,0,0.0,0.19251258581539582,0.0,0.0,0.0,0.19251258581539582,0.0,0.0,264.68110069863224,25.148884754530098,1.5,,,,,,,0.0,False,0.0,2962.9472258536553,3018.5059969708486,False,0.19251258581539582,1.0,0.0
2966.501309454441,maintenance,2,"[0.8942207098007202,-0.08029455691576004,3.664267063140869,0.0,0.0,14.062299728393555,7.0,25.148883819580078,1.5,1.0,0.050106123089790344,0.0,98.20599365234375,0.8942207098007202,0.009999999776482582,85.21054077148438]",0,DN,0.0,0.8942207083416579,-0.08029455819379994,3.6642671055181997,0.0,0,0.0,0.050106121587610096,0.0,0.0,0.0,0.050106121587610096,0.0,0.0,85.2105409201431,25.148884754530098,1.5,,,,,,,0.0,False,0.0,2966.501309454441,3064.7073038705826,False,0.050106121587610096,0.0,0.0
2966.501309454441,scheduling,,"[2.0,4.0,2.0,7.0,25.148883819580078,1.5,14.062299728393555,-10.171916961669922,0.0,0.3333333432674408,0.25,1.0]",,,,,,,,,,,,,,,,,,25.148884754530098,1.5,0,0,True,"{""mid"":5,""t0"":2966.501309454441,""t1"":2983.78832036111,""jid"":77,""oid"":3}",3076.4125645599433,False,,False,0.0,,,,,,0.0
2977.0361510301527,maintenance,1,"[0.8461666107177734,-0.0959995687007904,2.564246892929077,0.0,0.0,6.245396137237549,7.0,25.148883819580078,1.5,1.0,0.07858962565660477,0.0,87.630859375,0.8461666107177734,0.009999999776482582,58.95299530029297]",0,DN,0.0,0.8461665854249881,-0.09599956736676474,2.564246820868607,0.0,0,0.0,0.07858962246266371,0.0,0.0,0.0,0.07858962246266371,0.0,0.0,58.95299529642489,25.148884754530098,1.5,,,,,,,0.0,False,0.0,2977.0361510301527,3064.667014002692,False,0.07858962246266371,0.0,0.0
2978.678249099337,maintenance,4,"[0.7932551503181458,-0.03031887859106064,6.374085903167725,0.0,0.0,12.59581470489502,7.0,25.148883819580078,1.5,1.0,0.1264684498310089,0.0,72.35741424560547,0.7932551503181458,0.009999999776482582,51.06474685668945]",0,DN,0.0,0.7932551382540446,-0.03031887925988297,6.37408581621795,0.0,0,0.0,0.12646844950251396,0.0,0.0,0.0,0.12646844950251396,0.0,0.0,51.064745981394026,25.148884754530098,1.5,,,,,,,0.0,False,0.0,2978.678249099337,3051.0356647534486,False,0.12646844950251396,0.0,0.0
2978.678249099337,scheduling,,"[4.0,3.0,2.0,7.0,25.148883819580078,1.5,12.59581470489502,-19.020891189575195,0.0,0.1666666716337204,0.3333333432674408,1.0]",,,,,,,,,,,,,,,,,,25.148884754530098,1.5,0,5,True,"{""mid"":4,""t0"":2978.678249099337,""t1"":2985.2737265332307,""jid"":76,""oid"":3}",3018.0212670900414,False,,False,0.0,,,,,,0.0
2983.78832036111,maintenance,5,"[0.7904922962188721,-0.052563607692718506,3.6240341663360596,0.0,0.0,16.393110275268555,6.0,21.5913028717041,1.5,1.0,0.12955228984355927,0.0,71.47034454345703,0.7904922962188721,0.009999999776482582,23.79505729675293]",0,DN,0.0,0.7904923069148992,-0.05256360779266078,3.6240340972465903,0.0,0,0.0,0.1295522940488958,0.0,0.0,0.0,0.1295522940488958,0.0,0.0,23.795057663482112,21.591303669198076,1.5,,,,,,,0.0,False,0.0,2983.78832036111,3055.25866237122,False,0.1295522940488958,0.0,0.0
2983.78832036111,scheduling,,"[4.0,3.0,2.0,6.0,21.5913028717041,1.5,16.393110275268555,-24.130962371826172,0.0,0.1666666716337204,0.3333333432674408,1.0]",,,,,,,,,,,,,,,,,,21.591303669198076,1.5,0,3,True,"{""mid"":5,""t0"":2983.78832036111,""t1"":2988.572044723173,""jid"":77,""oid"":4}",3076.4125645599433,False,,False,0.0,,,,,,0.0
2985.2737265332307,maintenance,4,"[0.7935806512832642,0.00032549118623137474,100.0,0.0,0.0,14.730607986450195,6.0,21.5913028717041,1.5,1.0,0.1261093020439148,0.0,72.46144104003906,0.7935806512832642,0.009999999776482582,57.66022491455078]",0,DN,0.0,0.7935806294259472,0.00032549117190261434,100.0,0.0,0,0.0,0.12610930276890178,0.0,0.0,0.0,0.12610930276890178,0.0,0.0,57.660223415287874,21.591303669198076,1.5,,,,,,,0.0,False,0.0,2985.2737265332307,3057.7351646060156,False,0.12610930276890178,0.0,0.0
2987.2755193527587,scheduling,,"[5.0,2.0,1.0,6.0,21.5913028717041,1.5,12.728816032409668,-27.72441864013672,0.0,0.1666666716337204,0.5,1.0]",,,,,,,,,,,,,,,,,,21.591303669198076,1.5,1,5,True,"{""mid"":3,""t0"":2987.2755193527587,""t1"":3048.703190860806,""jid"":75,""oid"":2}",3049.786796201197,False,,False,0.0,,,,,,0.0
2988.572044723173,maintenance,5,"[0.7999807000160217,0.00948839820921421,100.0,0.624071478843689,0.0,-39.13425064086914,6.0,21.5913028717041,1.0,1.0,0.11922318488359451,0.0,74.48509216308594,0.7999807000160217,0.009999999776482582,28.578781127929688]",0,DN,0.0,0.7999807047364971,0.009488397821597827,100.0,0.6240714980390288,0,0.0,0.11922318229965953,0.0,0.0,0.0,0.11922318229965953,0.0,0.0,28.578782025545024,21.591303669198076,1.0,,,,,,,0.0,False,0.0,2988.572044723173,3063.057137885483,False,0.11922318229965953,0.0,0.0
2989.998770424512,scheduling,,"[5.0,2.0,1.0,7.0,27.97602653503418,1.0,-1.5177735090255737,-32.75233840942383,0.03723347187042236,0.1666666716337204,0.5,1.0]",,,,,,,,,,,,,,,,,,27.976026005857495,1.0,0,5,True,"{""mid"":1,""t0"":2989.998770424512,""t1"":3007.787192167202,""jid"":79,""oid"":0}",3102.575063132024,False,,False,0.0,,,,,,0.0
3007.787192167202,maintenance,1,"[0.7704650163650513,-0.07570157945156097,2.251802444458008,0.10705424100160599,0.0,-4.529177665710449,7.0,27.97602653503418,1.0,1.0,0.15385891497135162,0.0,64.84864807128906,0.7704650163650513,0.009999999776482582,89.70403289794922]",0,DN,0.0,0.7704650029422372,-0.07570158248275094,2.2518023712526576,0.10705423845051942,0,0.0,0.15385891985317082,0.0,0.0,0.0,0.15385891985317082,0.0,0.0,89.70403643347436,27.976026005857495,1.0,,,,,,,0.0,False,0.0,3007.787192167202,3072.6358402278524,False,0.15385891985317082,0.0,0.0
3007.787192167202,scheduling,,"[5.0,2.0,1.0,7.0,27.97602653503418,1.0,-4.529177665710449,-47.58535385131836,0.10705424100160599,0.1666666716337204,0.5,1.0]",,,,,,,,,,,,,,,,,,27.976026005857495,1.0,0,0,True,"{""mid"":0,""t0"":3007.787192167202,""t1"":3019.495323755472,""jid"":79,""oid"":1}",3102.575063132024,False,,False,0.0,,,,,,0.0
3019.495323755472,maintenance,0,"[0.8869309425354004,-0.005120988003909588,56.0303840637207,0.12646310031414032,0.0,-5.408195972442627,7.0,27.97602653503418,1.0,1.0,0.05369173735380173,0.0,96.80753326416016,0.8869309425354004,0.009999999776482582,41.277000427246094]",0,DN,0.0,0.8869309244663602,-0.005120987898813323,56.03038517877581,0.12646309693426339,0,0.0,0.05369173773221485,0.0,0.0,0.0,0.05369173773221485,0.0,0.0,41.277001123839455,27.976026005857495,1.0,,,,,,,0.0,False,0.0,3019.495323755472,3116.302854853258,False,0.05369173773221485,0.0,0.0
3019.495323755472,scheduling,,"[5.0,2.0,1.0,7.0,27.97602653503418,1.0,-5.408195972442627,-57.127662658691406,0.12646310031414032,0.1666666716337204,0.5,1.0]",,,,,,,,,,,,,,,,,,27.976026005857495,1.0,0,1,True,"{""mid"":5,""t0"":3019.495323755472,""t1"":3042.855943783368,""jid"":79,""oid"":2}",3102.575063132024,False,,False,0.0,,,,,,0.0
3042.855943783368,maintenance,5,"[0.701095461845398,-0.09888526052236557,1.0223510265350342,0.9032334089279175,0.0,-93.41815185546875,4.0,45.554752349853516,1.0,1.0,0.2667931020259857,0.0,41.27757263183594,0.701095461845398,0.009999999776482582,82.86267852783203]",1,IM,7.83247192402013,0.7010954468678442,-0.09888525786865288,1.022351046524317,0.9032334386074943,0,0.0,0.2667931012532469,0.0,0.0,0.0,0.2667931012532469,0.0,0.0,82.86268108573995,45.554751723903486,1.0,,,,,,,0.0,False,0.0,3042.855943783368,3084.1335172757604,False,0.2667931012532469,1.0,0.0
3048.703190860806,maintenance,3,"[0.9221569895744324,-0.07784301787614822,4.138546943664551,0.6116868257522583,0.0,-37.83772659301758,4.0,45.554752349853516,1.0,0.0,0.03836202993988991,0.0,102.92942810058594,0.9221569895744324,0.009999999776482582,61.42767333984375]",0,DN,0.0,0.9221569839041562,-0.07784301609584376,4.138547040719778,0.611686848649668,0,0.0,0.038362031546062346,0.0,0.0,0.0,0.038362031546062346,0.0,0.0,61.4276715080473,45.554751723903486,1.0,,,,,,,0.0,False,0.0,3048.703190860806,3151.632621768516,False,0.038362031546062346,0.0,0.0
3048.703190860806,scheduling,,"[5.0,1.0,1.0,4.0,45.554752349853516,1.0,-37.83772659301758,-37.83772659301758,0.6116868257522583,0.0,1.0,0.0]",,,,,,,,,,,,,,,,,,45.554751723903486,1.0,0,1,True,"{""mid"":1,""t0"":3048.703190860806,""t1"":3055.4168873921344,""jid"":75,""oid"":3}",3049.786796201197,True,,False,0.0,,,,,,0.0
3055.4168873921344,maintenance,1,"[0.7585912942886353,-0.011873720213770866,13.356494903564453,0.5730735063552856,0.0,-34.04573440551758,3.0,54.45851516723633,1.0,0.0,0.16995970904827118,0.0,60.803836822509766,0.7585912942886353,0.009999999776482582,137.33372497558594]",0,DN,0.0,0.758591282638255,-0.01187372030398215,13.356494727694361,0.573073483976033,0,0.0,0.16995971090813342,0.0,0.0,0.0,0.16995971090813342,0.0,0.0,137.33373165840658,54.45851462304677,1.0,,,,,,,0.0,False,0.0,3055.4168873921344,3116.2207246120024,False,0.16995971090813342,0.0,0.0
3055.4168873921344,scheduling,,"[6.0,1.0,1.0,3.0,54.45851516723633,1.0,-34.04573440551758,-34.04573440551758,0.5730735063552856,0.0,1.0,0.0]",,,,,,,,,,,,,,,,,,54.45851462304677,1.0,2,1,True,"{""mid"":2,""t0"":3055.4168873921344,""t1"":3083.832531168557,""jid"":75,""oid"":4}",3049.786796201197,True,,False,0.0,,,,,,0.0
3083.832531168557,maintenance,2,"[0.8119139671325684,-0.08230675756931305,2.5746848583221436,0.0,0.0,150.0,2.0,59.89963912963867,2.0,0.0,0.10725042968988419,0.0,78.13905334472656,0.8119139671325684,0.009999999776482582,202.54176330566406]",1,IM,10.864588045416166,0.8119139521423492,-0.08230675619930872,2.574684775927654,0.0,0,0.0,0.10725043155772558,0.0,0.0,0.0,0.10725043155772558,0.0,0.0,202.54176263425916,59.89963768915459,2.0,,,,,,,0.0,False,0.0,3083.832531168557,3161.9715877841104,False,0.10725043155772558,1.0,0.0
