sequence_id,family,source_split,data_no,time,end_index,dust_feed,health_remaining_true,dp_proxy_health,rul_true,total_life,is_observed,is_tail_reference,health_remaining_pred,rul_pred,model,fold
test_02,A3,test,2,0.10000000149011612,0,236.42893981933594,0.9986540079116821,1.0,74.19999694824219,74.30000305175781,True,False,0.8691982626914978,64.58143357056088,GRU,1
test_02,A3,test,2,0.20000000298023224,1,236.42893981933594,0.9973081350326538,1.0,74.0999984741211,74.30000305175781,True,False,0.880984902381897,65.4571809355275,GRU,1
test_02,A3,test,2,0.30000001192092896,2,236.42893981933594,0.9959622621536255,1.0,74.0,74.30000305175781,True,False,0.8842102289199829,65.6968227071502,GRU,1
test_02,A3,test,2,0.4000000059604645,3,236.42893981933594,0.9946163892745972,1.0,73.9000015258789,74.30000305175781,True,False,0.8824591636657715,65.56671855341847,GRU,1
test_02,A3,test,2,0.5,4,236.42893981933594,0.9932705163955688,1.0,73.80000305175781,74.30000305175781,True,False,0.8814590573310852,65.4924106496992,GRU,1
test_02,A3,test,2,0.6000000238418579,5,236.42893981933594,0.991924524307251,1.0,73.69999694824219,74.30000305175781,True,False,0.879233717918396,65.32706792454519,GRU,1
test_02,A3,test,2,0.699999988079071,6,236.42893981933594,0.9905786514282227,1.0,73.5999984741211,74.30000305175781,True,False,0.8788363933563232,65.29754670837065,GRU,1
test_02,A3,test,2,0.800000011920929,7,236.42893981933594,0.9892327785491943,1.0,73.5,74.30000305175781,True,False,0.8773564100265503,65.18758394245197,GRU,1
test_02,A3,test,2,0.8999999761581421,8,236.42893981933594,0.987886905670166,1.0,73.4000015258789,74.30000305175781,True,False,0.8778225183486938,65.22221579220968,GRU,1
test_02,A3,test,2,1.0,9,236.42893981933594,0.9865410327911377,1.0,73.30000305175781,74.30000305175781,True,False,0.8767749071121216,65.1443782741353,GRU,1
test_02,A3,test,2,1.100000023841858,10,236.42893981933594,0.9851951003074646,1.0,73.19999694824219,74.30000305175781,True,False,0.8716505169868469,64.763636072189,GRU,1
test_02,A3,test,2,1.2000000476837158,11,236.42893981933594,0.9838492274284363,1.0,73.0999984741211,74.30000305175781,True,False,0.8672991394996643,64.44032871161198,GRU,1
test_02,A3,test,2,1.2999999523162842,12,236.42893981933594,0.9825032949447632,1.0,73.0,74.30000305175781,True,False,0.8670721650123596,64.42346450651257,GRU,1
test_02,A3,test,2,1.399999976158142,13,236.42893981933594,0.9811574220657349,1.0,72.9000015258789,74.30000305175781,True,False,0.8626026511192322,64.09137961061333,GRU,1
test_02,A3,test,2,1.5,14,236.42893981933594,0.9798115491867065,1.0,72.80000305175781,74.30000305175781,True,False,0.8552852272987366,63.5476949984195,GRU,1
test_02,A3,test,2,1.600000023841858,15,236.42893981933594,0.9784656167030334,1.0,72.69999694824219,74.30000305175781,True,False,0.850659191608429,63.203980532512105,GRU,1
test_02,A3,test,2,1.7000000476837158,16,236.42893981933594,0.9771197438240051,1.0,72.5999984741211,74.30000305175781,True,False,0.8498080372810364,63.14073976338932,GRU,1
test_02,A3,test,2,1.7999999523162842,17,236.42893981933594,0.9757738709449768,1.0,72.5,74.30000305175781,True,False,0.8511278033256531,63.23879838453195,GRU,1
test_02,A3,test,2,1.899999976158142,18,236.42893981933594,0.9744279980659485,1.0,72.4000015258789,74.30000305175781,True,False,0.8511931300163269,63.24365215784837,GRU,1
test_02,A3,test,2,2.0,19,236.42893981933594,0.9730821251869202,1.0,72.30000305175781,74.30000305175781,True,False,0.850399911403656,63.184716012506215,GRU,1
test_02,A3,test,2,2.0999999046325684,20,236.42893981933594,0.9717361330986023,1.0,72.19999694824219,74.30000305175781,True,False,0.8382657170295715,62.283145333481116,GRU,1
test_02,A3,test,2,2.200000047683716,21,236.42893981933594,0.970390260219574,1.0,72.0999984741211,74.30000305175781,True,False,0.8361473679542542,62.125751990720346,GRU,1
test_02,A3,test,2,2.299999952316284,22,236.42893981933594,0.9690443873405457,1.0,72.0,74.30000305175781,True,False,0.8392102122306824,62.35332132980602,GRU,1
test_02,A3,test,2,2.4000000953674316,23,236.42893981933594,0.9676985144615173,1.0,71.9000015258789,74.30000305175781,True,False,0.8402495980262756,62.430547697590555,GRU,1
test_02,A3,test,2,2.5,24,236.42893981933594,0.966352641582489,1.0,71.80000305175781,74.30000305175781,True,False,0.8427073359489441,62.61315763274524,GRU,1
test_02,A3,test,2,2.5999999046325684,25,236.42893981933594,0.9650066494941711,1.0,71.69999694824219,74.30000305175781,True,False,0.8490012884140015,63.080798320106624,GRU,1
test_02,A3,test,2,2.700000047683716,26,236.42893981933594,0.9636607766151428,1.0,71.5999984741211,74.30000305175781,True,False,0.8542366623878479,63.46978662234051,GRU,1
test_02,A3,test,2,2.799999952316284,27,236.42893981933594,0.9623149037361145,1.0,71.5,74.30000305175781,True,False,0.8455073237419128,62.821196734307705,GRU,1
test_02,A3,test,2,2.9000000953674316,28,236.42893981933594,0.9609690308570862,1.0,71.4000015258789,74.30000305175781,True,False,0.8468038439750671,62.917528191587735,GRU,1
test_02,A3,test,2,3.0,29,236.42893981933594,0.9596231579780579,1.0,71.30000305175781,74.30000305175781,True,False,0.8572239279747009,63.6917404645601,GRU,1
test_02,A3,test,2,3.0999999046325684,30,236.42893981933594,0.95827716588974,1.0,71.19999694824219,74.30000305175781,True,False,0.8633895516395569,64.14984632167489,GRU,1
test_02,A3,test,2,3.200000047683716,31,236.42893981933594,0.9569312930107117,1.0,71.0999984741211,74.30000305175781,True,False,0.8583080172538757,63.772288301311164,GRU,1
test_02,A3,test,2,3.299999952316284,32,236.42893981933594,0.9555854201316833,1.0,71.0,74.30000305175781,True,False,0.8531180620193481,63.38667461154728,GRU,1
test_02,A3,test,2,3.4000000953674316,33,236.42893981933594,0.954239547252655,1.0,70.9000015258789,74.30000305175781,True,False,0.8497003316879272,63.13273723749262,GRU,1
test_02,A3,test,2,3.5,34,236.42893981933594,0.9528936743736267,1.0,70.80000305175781,74.30000305175781,True,False,0.8477174639701843,62.98541016001309,GRU,1
test_02,A3,test,2,3.5999999046325684,35,236.42893981933594,0.9515476822853088,1.0,70.69999694824219,74.30000305175781,True,False,0.8478395342826843,62.99447998460437,GRU,1
test_02,A3,test,2,3.700000047683716,36,236.42893981933594,0.9502018094062805,1.0,70.5999984741211,74.30000305175781,True,False,0.8446849584579468,62.76009499119937,GRU,1
test_02,A3,test,2,3.799999952316284,37,236.42893981933594,0.9488559365272522,1.0,70.5,74.30000305175781,True,False,0.8414415121078491,62.5191069174889,GRU,1
test_02,A3,test,2,3.9000000953674316,38,236.42893981933594,0.9475100636482239,1.0,70.4000015258789,74.30000305175781,True,False,0.8472785353660583,62.952797763387025,GRU,1
test_02,A3,test,2,4.0,39,236.42893981933594,0.9461641907691956,1.0,70.30000305175781,74.30000305175781,True,False,0.8494884967803955,63.11699790321654,GRU,1
test_02,A3,test,2,4.099999904632568,40,236.42893981933594,0.9448181986808777,1.0,70.19999694824219,74.30000305175781,True,False,0.8488990664482117,63.073203227736485,GRU,1
test_02,A3,test,2,4.199999809265137,41,236.42893981933594,0.9434723258018494,1.0,70.0999984741211,74.30000305175781,True,False,0.8548690676689148,63.516774336653725,GRU,1
test_02,A3,test,2,4.300000190734863,42,236.42893981933594,0.942126452922821,1.0,70.0,74.30000305175781,True,False,0.8599086403846741,63.891214604814195,GRU,1
test_02,A3,test,2,4.400000095367432,43,236.42893981933594,0.9407805800437927,1.0,69.9000015258789,74.30000305175781,True,False,0.8667609095573425,64.40033822525493,GRU,1
test_02,A3,test,2,4.5,44,236.42893981933594,0.9394347071647644,1.0,69.80000305175781,74.30000305175781,True,False,0.8604338765144348,63.93023965085831,GRU,1
test_02,A3,test,2,4.599999904632568,45,236.42893981933594,0.9380887746810913,1.0,69.69999694824219,74.30000305175781,True,False,0.8536473512649536,63.42600080411103,GRU,1
test_02,A3,test,2,4.699999809265137,46,236.42893981933594,0.936742901802063,1.0,69.5999984741211,74.30000305175781,True,False,0.8506751656532288,63.20516740408948,GRU,1
test_02,A3,test,2,4.800000190734863,47,236.42893981933594,0.9353970289230347,1.0,69.5,74.30000305175781,True,False,0.8518266081809998,63.29071958741679,GRU,1
test_02,A3,test,2,4.900000095367432,48,236.42893981933594,0.9340510964393616,1.0,69.4000015258789,74.30000305175781,True,False,0.8532573580741882,63.397024308846994,GRU,1
test_02,A3,test,2,5.0,49,236.42893981933594,0.9327052235603333,1.0,69.30000305175781,74.30000305175781,True,False,0.8517972826957703,63.28854070377474,GRU,1
test_02,A3,test,2,5.099999904632568,50,236.42893981933594,0.9313592910766602,1.0,69.19999694824219,74.30000305175781,True,False,0.8533770442008972,63.405916988426725,GRU,1
test_02,A3,test,2,5.199999809265137,51,236.42893981933594,0.9300134181976318,1.0,69.0999984741211,74.30000305175781,True,False,0.85032719373703,63.17931308965399,GRU,1
test_02,A3,test,2,5.300000190734863,52,236.42893981933594,0.9286675453186035,1.0,69.0,74.30000305175781,True,False,0.8480005860328674,63.006446130134464,GRU,1
test_02,A3,test,2,5.400000095367432,53,236.42893981933594,0.9273216724395752,1.0,68.9000015258789,74.30000305175781,True,False,0.852262556552887,63.32311055277842,GRU,1
test_02,A3,test,2,5.5,54,236.42893981933594,0.9259757995605469,1.0,68.80000305175781,74.30000305175781,True,False,0.8496332764625549,63.12775503404282,GRU,1
test_02,A3,test,2,5.599999904632568,55,236.42893981933594,0.924629807472229,1.0,68.69999694824219,74.30000305175781,True,False,0.859499454498291,63.8608120922072,GRU,1
test_02,A3,test,2,5.699999809265137,56,236.42893981933594,0.9232839345932007,1.0,68.5999984741211,74.30000305175781,True,False,0.8604084849357605,63.92835305648532,GRU,1
test_02,A3,test,2,5.800000190734863,57,236.42893981933594,0.9219380617141724,1.0,68.5,74.30000305175781,True,False,0.8535823225975037,63.421169173921044,GRU,1
test_02,A3,test,2,5.900000095367432,58,236.42893981933594,0.920592188835144,1.0,68.4000015258789,74.30000305175781,True,False,0.8425209522247314,62.599309321467445,GRU,1
test_02,A3,test,2,6.0,59,236.42893981933594,0.9192463159561157,1.0,68.30000305175781,74.30000305175781,True,False,0.8469294309616089,62.92685930507105,GRU,1
test_02,A3,test,2,6.099999904632568,60,236.42893981933594,0.9179003238677979,1.0,68.19999694824219,74.30000305175781,True,False,0.8479135632514954,62.999980337212946,GRU,1
test_02,A3,test,2,6.199999809265137,61,236.42893981933594,0.9165544509887695,1.0,68.0999984741211,74.30000305175781,True,False,0.8500894904136658,63.16165173200261,GRU,1
test_02,A3,test,2,6.300000190734863,62,236.42893981933594,0.9152085781097412,1.0,68.0,74.30000305175781,True,False,0.848702073097229,63.0585666211573,GRU,1
test_02,A3,test,2,6.400000095367432,63,236.42893981933594,0.9138627052307129,1.0,67.9000015258789,74.30000305175781,True,False,0.8357421159744263,62.0956417673824,GRU,1
test_02,A3,test,2,6.5,64,236.42893981933594,0.9125168323516846,1.0,67.80000305175781,74.30000305175781,True,False,0.836288332939148,62.136225689528146,GRU,1
test_02,A3,test,2,6.599999904632568,65,236.42893981933594,0.9111708402633667,1.0,67.69999694824219,74.30000305175781,True,False,0.84006667137146,62.4169562465795,GRU,1
test_02,A3,test,2,6.699999809265137,66,236.42893981933594,0.9098249673843384,1.0,67.5999984741211,74.30000305175781,True,False,0.8434233069419861,62.66635427971323,GRU,1
test_02,A3,test,2,6.800000190734863,67,236.42893981933594,0.9084790945053101,1.0,67.5,74.30000305175781,True,False,0.8339918255805969,61.96559518577942,GRU,1
test_02,A3,test,2,6.900000095367432,68,236.42893981933594,0.9071332216262817,1.0,67.4000015258789,74.30000305175781,True,False,0.8385975956916809,62.307803919088656,GRU,1
test_02,A3,test,2,7.0,69,236.42893981933594,0.9057873487472534,1.0,67.30000305175781,74.30000305175781,True,False,0.844776451587677,62.76689293101754,GRU,1
test_02,A3,test,2,7.099999904632568,70,236.42893981933594,0.9044413566589355,1.0,67.19999694824219,74.30000305175781,True,False,0.8505733609199524,63.19760331209636,GRU,1
test_02,A3,test,2,7.199999809265137,71,236.42893981933594,0.9030954837799072,1.0,67.0999984741211,74.30000305175781,True,False,0.851954996585846,63.30025884628867,GRU,1
test_02,A3,test,2,7.300000190734863,72,236.42893981933594,0.9017496109008789,1.0,67.0,74.30000305175781,True,False,0.8498879075050354,63.14667412127619,GRU,1
test_02,A3,test,2,7.400000095367432,73,236.42893981933594,0.9004037380218506,1.0,66.9000015258789,74.30000305175781,True,False,0.84281325340271,62.62102729988328,GRU,1
test_02,A3,test,2,7.5,74,236.42893981933594,0.8990578651428223,1.0,66.80000305175781,74.30000305175781,True,False,0.842228889465332,62.57760905755276,GRU,1
test_02,A3,test,2,7.599999904632568,75,236.42893981933594,0.8977118730545044,1.0,66.69999694824219,74.30000305175781,True,False,0.8444308638572693,62.741215761593594,GRU,1
test_02,A3,test,2,7.699999809265137,76,236.42893981933594,0.8963660001754761,1.0,66.5999984741211,74.30000305175781,True,False,0.848919689655304,63.07473553208638,GRU,1
test_02,A3,test,2,7.800000190734863,77,236.42893981933594,0.8950201272964478,1.0,66.5,74.30000305175781,True,False,0.8505648374557495,63.19697001868008,GRU,1
test_02,A3,test,2,7.900000095367432,78,236.42893981933594,0.8936742544174194,1.0,66.4000015258789,74.30000305175781,True,False,0.8510208129882812,63.23084900213871,GRU,1
test_02,A3,test,2,8.0,79,236.42893981933594,0.8923283815383911,1.0,66.30000305175781,74.30000305175781,True,False,0.8515297770500183,63.26866503347901,GRU,1
test_02,A3,test,2,8.100000381469727,80,236.42893981933594,0.890982449054718,1.0,66.19999694824219,74.30000305175781,True,False,0.8412641882896423,62.505931757254984,GRU,1
test_02,A3,test,2,8.199999809265137,81,236.42893981933594,0.8896365761756897,1.0,66.0999984741211,74.30000305175781,True,False,0.8382396101951599,62.28120559560466,GRU,1
test_02,A3,test,2,8.300000190734863,82,236.42893981933594,0.8882907032966614,1.0,66.0,74.30000305175781,True,False,0.840086042881012,62.41839554979833,GRU,1
test_02,A3,test,2,8.399999618530273,83,236.42893981933594,0.8869448304176331,1.0,65.9000015258789,74.30000305175781,True,False,0.8404511213302612,62.445520879691685,GRU,1
test_02,A3,test,2,8.5,84,236.42893981933594,0.8855989575386047,1.0,65.80000305175781,74.30000305175781,True,False,0.8388057947158813,62.32327310722212,GRU,1
test_02,A3,test,2,8.600000381469727,85,236.42893981933594,0.8842529654502869,1.0,65.69999694824219,74.30000305175781,True,False,0.8351984024047852,62.05524384749879,GRU,1
test_02,A3,test,2,8.699999809265137,86,236.42893981933594,0.8829070925712585,1.0,65.5999984741211,74.30000305175781,True,False,0.826619565486908,61.41783623831998,GRU,1
test_02,A3,test,2,8.800000190734863,87,236.42893981933594,0.8815612196922302,1.0,65.5,74.30000305175781,True,False,0.8327118158340454,61.87049045770436,GRU,1
test_02,A3,test,2,8.899999618530273,88,236.42893981933594,0.8802153468132019,1.0,65.4000015258789,74.30000305175781,True,False,0.8399171233177185,62.40584482573013,GRU,1
test_02,A3,test,2,9.0,89,236.42893981933594,0.8788694739341736,1.0,65.30000305175781,74.30000305175781,True,False,0.8397335410118103,62.3922046598409,GRU,1
test_02,A3,test,2,9.100000381469727,90,236.42893981933594,0.8775234818458557,1.0,65.19999694824219,74.30000305175781,True,False,0.8319504261016846,61.813919198266376,GRU,1
test_02,A3,test,2,9.199999809265137,91,236.42893981933594,0.8761776089668274,1.0,65.0999984741211,74.30000305175781,True,False,0.8327257633209229,61.87152675602192,GRU,1
test_02,A3,test,2,9.300000190734863,92,236.42893981933594,0.8748317360877991,1.0,65.0,74.30000305175781,True,False,0.8329300284385681,61.88670365488633,GRU,1
test_02,A3,test,2,9.399999618530273,93,236.42893981933594,0.8734858632087708,1.0,64.9000015258789,74.30000305175781,True,False,0.8436547517776489,62.683550631709295,GRU,1
test_02,A3,test,2,9.5,94,236.42893981933594,0.8721399903297424,1.0,64.80000305175781,74.30000305175781,True,False,0.8449389934539795,62.77896979217985,GRU,1
test_02,A3,test,2,9.600000381469727,95,236.42893981933594,0.8707939982414246,1.0,64.69999694824219,74.30000305175781,True,False,0.8408055901527405,62.471857914283646,GRU,1
test_02,A3,test,2,9.699999809265137,96,236.42893981933594,0.8694481253623962,1.0,64.5999984741211,74.30000305175781,True,False,0.8361151814460754,62.12336053306444,GRU,1
test_02,A3,test,2,9.800000190734863,97,236.42893981933594,0.8681022524833679,1.0,64.5,74.30000305175781,True,False,0.8345811367034912,62.0093810040089,GRU,1
test_02,A3,test,2,9.899999618530273,98,236.42893981933594,0.8667563796043396,1.0,64.4000015258789,74.30000305175781,True,False,0.8309769630432129,61.74159089005116,GRU,1
test_02,A3,test,2,10.0,99,236.42893981933594,0.8654105067253113,1.0,64.30000305175781,74.30000305175781,True,False,0.8259105682373047,61.36515774051077,GRU,1
test_02,A3,test,2,10.100000381469727,100,236.42893981933594,0.8640645146369934,1.0,64.19999694824219,74.30000305175781,True,False,0.8234931230545044,61.18554155605125,GRU,1
test_02,A3,test,2,10.199999809265137,101,236.42893981933594,0.8627186417579651,1.0,64.0999984741211,74.30000305175781,True,False,0.8229261040687561,61.143412043679746,GRU,1
test_02,A3,test,2,10.300000190734863,102,236.42893981933594,0.8613727688789368,1.0,64.0,74.30000305175781,True,False,0.8189657926559448,60.849160893621956,GRU,1
test_02,A3,test,2,10.399999618530273,103,236.42893981933594,0.8600268959999084,1.0,63.900001525878906,74.30000305175781,True,False,0.8214285969734192,61.032147261926184,GRU,1
test_02,A3,test,2,10.5,104,236.42893981933594,0.8586809635162354,1.0,63.79999923706055,74.30000305175781,True,False,0.8167737126350403,60.68628934137905,GRU,1
test_02,A3,test,2,10.600000381469727,105,236.42893981933594,0.857335090637207,1.0,63.70000076293945,74.30000305175781,True,False,0.8197541832923889,60.90773832031573,GRU,1
test_02,A3,test,2,10.699999809265137,106,236.42893981933594,0.8559891581535339,1.0,63.599998474121094,74.30000305175781,True,False,0.8296588063240051,61.643651841791325,GRU,1
test_02,A3,test,2,10.800000190734863,107,236.42893981933594,0.8546432852745056,1.0,63.5,74.30000305175781,True,False,0.8338719010353088,61.956684791698535,GRU,1
test_02,A3,test,2,10.899999618530273,108,236.42893981933594,0.8532974123954773,1.0,63.400001525878906,74.30000305175781,True,False,0.8336006999015808,61.9365345466349,GRU,1
test_02,A3,test,2,11.0,109,236.42893981933594,0.8519514799118042,1.0,63.29999923706055,74.30000305175781,True,False,0.8319786787033081,61.816018366653225,GRU,1
test_02,A3,test,2,11.100000381469727,110,236.42893981933594,0.8506056070327759,1.0,63.20000076293945,74.30000305175781,True,False,0.8256198763847351,61.343559334977726,GRU,1
test_02,A3,test,2,11.199999809265137,111,236.42893981933594,0.8492596745491028,1.0,63.099998474121094,74.30000305175781,True,False,0.8310208916664124,61.744854786888936,GRU,1
test_02,A3,test,2,11.300000190734863,112,236.42893981933594,0.8479138016700745,1.0,63.0,74.30000305175781,True,False,0.8272154927253723,61.462113633956506,GRU,1
test_02,A3,test,2,11.399999618530273,113,236.42893981933594,0.8465679287910461,1.0,62.900001525878906,74.30000305175781,True,False,0.8259562849998474,61.36855449610721,GRU,1
test_02,A3,test,2,11.5,114,236.42893981933594,0.8452220559120178,1.0,62.79999923706055,74.30000305175781,True,False,0.8282391428947449,61.53817084466482,GRU,1
test_02,A3,test,2,11.600000381469727,115,236.42893981933594,0.8438761830329895,1.0,62.70000076293945,74.30000305175781,True,False,0.8172767758369446,60.72366693881577,GRU,1
test_02,A3,test,2,11.699999809265137,116,236.42893981933594,0.8425302505493164,1.0,62.599998474121094,74.30000305175781,True,False,0.8193103671073914,60.87476277641599,GRU,1
test_02,A3,test,2,11.800000190734863,117,236.42893981933594,0.8411843776702881,1.0,62.5,74.30000305175781,True,False,0.8234076499938965,61.17919090738724,GRU,1
test_02,A3,test,2,11.899999618530273,118,236.42893981933594,0.8398385047912598,1.0,62.400001525878906,74.30000305175781,True,False,0.8290099501609802,61.59544182689842,GRU,1
test_02,A3,test,2,12.0,119,236.42893981933594,0.8384925723075867,1.0,62.29999923706055,74.30000305175781,True,False,0.8258318305015564,61.35930752650438,GRU,1
test_02,A3,test,2,12.100000381469727,120,236.42893981933594,0.8371466994285583,1.0,62.20000076293945,74.30000305175781,True,False,0.8120337128639221,60.33410734391964,GRU,1
test_02,A3,test,2,12.199999809265137,121,236.42893981933594,0.8358007669448853,1.0,62.099998474121094,74.30000305175781,True,False,0.8173286318778992,60.727519842816946,GRU,1
test_02,A3,test,2,12.300000190734863,122,236.42893981933594,0.8344548940658569,1.0,62.0,74.30000305175781,True,False,0.8066295385360718,59.93257717486813,GRU,1
test_02,A3,test,2,12.399999618530273,123,236.42893981933594,0.8331090211868286,1.0,61.900001525878906,74.30000305175781,True,False,0.8029784560203552,59.66130173280817,GRU,1
test_02,A3,test,2,12.5,124,236.42893981933594,0.8317630887031555,1.0,61.79999923706055,74.30000305175781,True,False,0.7996616959571838,59.41486644999259,GRU,1
test_02,A3,test,2,12.600000381469727,125,236.42893981933594,0.8304172158241272,1.0,61.70000076293945,74.30000305175781,True,False,0.8053980469703674,59.84107734777808,GRU,1
test_02,A3,test,2,12.699999809265137,126,236.42893981933594,0.8290712833404541,1.0,61.599998474121094,74.30000305175781,True,False,0.808379590511322,60.06260604196996,GRU,1
test_02,A3,test,2,12.800000190734863,127,236.42893981933594,0.8277254104614258,1.0,61.5,74.30000305175781,True,False,0.8033786416053772,59.69103552299657,GRU,1
test_02,A3,test,2,12.899999618530273,128,236.42893981933594,0.8263795375823975,1.0,61.400001525878906,74.30000305175781,True,False,0.7926725745201111,58.895574705888976,GRU,1
test_02,A3,test,2,13.0,129,236.42893981933594,0.8250336050987244,1.0,61.29999923706055,74.30000305175781,True,False,0.7910771369934082,58.77703369278606,GRU,1
test_02,A3,test,2,13.100000381469727,130,236.42893981933594,0.823687732219696,1.0,61.20000076293945,74.30000305175781,True,False,0.7923754453659058,58.873498008824754,GRU,1
test_02,A3,test,2,13.199999809265137,131,236.42893981933594,0.822341799736023,1.0,61.099998474121094,74.30000305175781,True,False,0.7987420558929443,59.34653719041307,GRU,1
test_02,A3,test,2,13.300000190734863,132,236.42893981933594,0.8209959268569946,1.0,61.0,74.30000305175781,True,False,0.806322455406189,59.90976089738069,GRU,1
test_02,A3,test,2,13.399999618530273,133,236.42893981933594,0.8196500539779663,1.0,60.900001525878906,74.30000305175781,True,False,0.8093132376670837,60.13197602849232,GRU,1
test_02,A3,test,2,13.5,134,236.42893981933594,0.8183041214942932,1.0,60.79999923706055,74.30000305175781,True,False,0.8021445274353027,59.59934083639382,GRU,1
test_02,A3,test,2,13.600000381469727,135,236.42893981933594,0.8169582486152649,1.0,60.70000076293945,74.30000305175781,True,False,0.7956901788711548,59.11978271838052,GRU,1
test_02,A3,test,2,13.699999809265137,136,236.42893981933594,0.8156123161315918,1.0,60.599998474121094,74.30000305175781,True,False,0.794542133808136,59.03448296669467,GRU,1
test_02,A3,test,2,13.800000190734863,137,236.42893981933594,0.8142664432525635,1.0,60.5,74.30000305175781,True,False,0.7988484501838684,59.35444228655342,GRU,1
test_02,A3,test,2,13.899999618530273,138,236.42893981933594,0.8129205703735352,1.0,60.400001525878906,74.30000305175781,True,False,0.8083499073982239,60.06040058657618,GRU,1
test_02,A3,test,2,14.0,139,236.42893981933594,0.8115746378898621,1.0,60.29999923706055,74.30000305175781,True,False,0.8162054419517517,60.644066827876486,GRU,1
test_02,A3,test,2,14.100000381469727,140,236.42893981933594,0.8102287650108337,1.0,60.20000076293945,74.30000305175781,True,False,0.8176966309547424,60.754862175349444,GRU,1
test_02,A3,test,2,14.199999809265137,141,236.42893981933594,0.8088828325271606,1.0,60.099998474121094,74.30000305175781,True,False,0.785129964351654,58.3351587473544,GRU,1
test_02,A3,test,2,14.300000190734863,142,236.42893981933594,0.8075369596481323,1.0,60.0,74.30000305175781,True,False,0.7844793796539307,58.286820302328124,GRU,1
test_02,A3,test,2,14.399999618530273,143,236.42893981933594,0.806191086769104,1.0,59.900001525878906,74.30000305175781,True,False,0.7884371876716614,58.58088545012379,GRU,1
test_02,A3,test,2,14.5,144,236.42893981933594,0.8048451542854309,1.0,59.79999923706055,74.30000305175781,True,False,0.7911198139190674,58.78020458849278,GRU,1
test_02,A3,test,2,14.600000381469727,145,236.42893981933594,0.8034992814064026,1.0,59.70000076293945,74.30000305175781,True,False,0.7912160754203796,58.78735681833405,GRU,1
test_02,A3,test,2,14.699999809265137,146,236.42893981933594,0.8021533489227295,1.0,59.599998474121094,74.30000305175781,True,False,0.7937586307525635,58.97626868727457,GRU,1
test_02,A3,test,2,14.800000190734863,147,236.42893981933594,0.8008074760437012,1.0,59.5,74.30000305175781,True,False,0.7901484966278076,58.708035710787954,GRU,1
test_02,A3,test,2,14.899999618530273,148,236.42893981933594,0.7994616031646729,1.0,59.400001525878906,74.30000305175781,True,False,0.7878448367118835,58.53687377200458,GRU,1
test_02,A3,test,2,15.0,149,236.42893981933594,0.7981157302856445,1.0,59.29999923706055,74.30000305175781,True,False,0.7914072275161743,58.80155941963494,GRU,1
test_02,A3,test,2,15.100000381469727,150,236.42893981933594,0.7967698574066162,1.0,59.20000076293945,74.30000305175781,True,False,0.786956787109375,58.470891683828086,GRU,1
test_02,A3,test,2,15.199999809265137,151,236.42893981933594,0.7954239249229431,1.0,59.099998474121094,74.30000305175781,True,False,0.7850448489189148,58.32883467044212,GRU,1
test_02,A3,test,2,15.300000190734863,152,236.42893981933594,0.7940780520439148,1.0,59.0,74.30000305175781,True,False,0.7795973420143127,57.924084890805716,GRU,1
test_02,A3,test,2,15.399999618530273,153,236.42893981933594,0.7927321791648865,1.0,58.900001525878906,74.30000305175781,True,False,0.782767653465271,58.15963904128694,GRU,1
test_02,A3,test,2,15.5,154,236.42893981933594,0.7913862466812134,1.0,58.79999923706055,74.30000305175781,True,False,0.7846800684928894,58.30173148367521,GRU,1
test_02,A3,test,2,15.600000381469727,155,236.42893981933594,0.7900403738021851,1.0,58.70000076293945,74.30000305175781,True,False,0.7709707617759705,57.28312995277065,GRU,1
test_02,A3,test,2,15.699999809265137,156,236.42893981933594,0.788694441318512,1.0,58.599998474121094,74.30000305175781,True,False,0.7631357312202454,56.70098715856966,GRU,1
test_02,A3,test,2,15.800000190734863,157,236.42893981933594,0.7873485684394836,1.0,58.5,74.30000305175781,True,False,0.7640406489372253,56.76822254770286,GRU,1
test_02,A3,test,2,15.899999618530273,158,236.42893981933594,0.7860026955604553,1.0,58.400001525878906,74.30000305175781,True,False,0.7681407928466797,57.07286325268797,GRU,1
test_02,A3,test,2,16.0,159,236.42893981933594,0.7846567630767822,1.0,58.29999923706055,74.30000305175781,True,False,0.7701029181480408,57.218649168567026,GRU,1
test_02,A3,test,2,16.100000381469727,160,236.42893981933594,0.7833108901977539,1.0,58.20000076293945,74.30000305175781,True,False,0.7643161416053772,56.78869165378728,GRU,1
test_02,A3,test,2,16.200000762939453,161,236.42893981933594,0.7819649577140808,1.0,58.099998474121094,74.30000305175781,True,False,0.7640677690505981,56.770237572209226,GRU,1
test_02,A3,test,2,16.299999237060547,162,236.42893981933594,0.7806190848350525,1.0,58.0,74.30000305175781,True,False,0.763322651386261,56.714875327475056,GRU,1
test_02,A3,test,2,16.399999618530273,163,236.42893981933594,0.7792732119560242,0.9981883764266968,57.900001525878906,74.30000305175781,True,False,0.7525479197502136,55.914312734034866,GRU,1
test_02,A3,test,2,16.5,164,236.42893981933594,0.7779272794723511,1.0,57.79999923706055,74.30000305175781,True,False,0.7524954676628113,55.9104155437808,GRU,1
test_02,A3,test,2,16.600000381469727,165,236.42893981933594,0.7765814065933228,1.0,57.70000076293945,74.30000305175781,True,False,0.7560262084007263,56.17274959138285,GRU,1
test_02,A3,test,2,16.700000762939453,166,236.42893981933594,0.7752354741096497,1.0,57.599998474121094,74.30000305175781,True,False,0.759414792060852,56.42452136767133,GRU,1
test_02,A3,test,2,16.799999237060547,167,236.42893981933594,0.7738896012306213,1.0,57.5,74.30000305175781,True,False,0.7623105645179749,56.63967727007275,GRU,1
test_02,A3,test,2,16.899999618530273,168,236.42893981933594,0.772543728351593,1.0,57.400001525878906,74.30000305175781,True,False,0.7615185379981995,56.58082969723637,GRU,1
test_02,A3,test,2,17.0,169,236.42893981933594,0.7711977958679199,1.0,57.29999923706055,74.30000305175781,True,False,0.7615206241607666,56.58098469912147,GRU,1
test_02,A3,test,2,17.100000381469727,170,236.42893981933594,0.7698519229888916,1.0,57.20000076293945,74.30000305175781,True,False,0.7628352046012878,56.67865802986398,GRU,1
test_02,A3,test,2,17.200000762939453,171,236.42893981933594,0.7685059905052185,0.9893820285797119,57.099998474121094,74.30000305175781,True,False,0.7254000902175903,53.897228916912354,GRU,1
test_02,A3,test,2,17.299999237060547,172,236.42893981933594,0.7671601176261902,0.995672345161438,57.0,74.30000305175781,True,False,0.7275158762931824,54.05443182878571,GRU,1
test_02,A3,test,2,17.399999618530273,173,236.42893981933594,0.7658142447471619,1.0,56.900001525878906,74.30000305175781,True,False,0.7440934181213379,55.28614323720831,GRU,1
test_02,A3,test,2,17.5,174,236.42893981933594,0.7644683122634888,1.0,56.79999923706055,74.30000305175781,True,False,0.7593629360198975,56.420668463670154,GRU,1
test_02,A3,test,2,17.600000381469727,175,236.42893981933594,0.7631224393844604,1.0,56.70000076293945,74.30000305175781,True,False,0.7633482813835144,56.7167796363492,GRU,1
test_02,A3,test,2,17.700000762939453,176,236.42893981933594,0.7617765069007874,1.0,56.599998474121094,74.30000305175781,True,False,0.7617639303207397,56.59906234754999,GRU,1
test_02,A3,test,2,17.799999237060547,177,236.42893981933594,0.760430634021759,1.0,56.5,74.30000305175781,True,False,0.7595645785331726,56.43565050302186,GRU,1
test_02,A3,test,2,17.899999618530273,178,236.42893981933594,0.7590847611427307,0.9970875978469849,56.400001525878906,74.30000305175781,True,False,0.747021496295929,55.50369945451621,GRU,1
test_02,A3,test,2,18.0,179,236.42893981933594,0.7577388286590576,0.9970875978469849,56.29999923706055,74.30000305175781,True,False,0.7431990504264832,55.21969171475121,GRU,1
test_02,A3,test,2,18.100000381469727,180,236.42893981933594,0.7563929557800293,0.9970875978469849,56.20000076293945,74.30000305175781,True,False,0.7442833781242371,55.30025726600343,GRU,1
test_02,A3,test,2,18.200000762939453,181,236.42893981933594,0.755047082901001,0.9970875978469849,56.099998474121094,74.30000305175781,True,False,0.7453790903091431,55.38166868468579,GRU,1
test_02,A3,test,2,18.299999237060547,182,236.42893981933594,0.7537012100219727,0.9970875978469849,56.0,74.30000305175781,True,False,0.7449168562889099,55.34732469557184,GRU,1
test_02,A3,test,2,18.399999618530273,183,236.42893981933594,0.7523552775382996,0.9948859810829163,55.900001525878906,74.30000305175781,True,False,0.7428534030914307,55.194010116701975,GRU,1
test_02,A3,test,2,18.5,184,236.42893981933594,0.7510094046592712,0.9939424395561218,55.79999923706055,74.30000305175781,True,False,0.7386599779129028,54.88243861314004,GRU,1
test_02,A3,test,2,18.600000381469727,185,236.42893981933594,0.7496635317802429,0.9827772378921509,55.70000076293945,74.30000305175781,True,False,0.7102339863777161,52.77038735532642,GRU,1
test_02,A3,test,2,18.700000762939453,186,236.42893981933594,0.7483175992965698,0.9860796332359314,55.599998474121094,74.30000305175781,True,False,0.7099407315254211,52.748598518905965,GRU,1
test_02,A3,test,2,18.799999237060547,187,236.42893981933594,0.7469717264175415,0.9827772378921509,55.5,74.30000305175781,True,False,0.7086560130119324,52.6531439294331,GRU,1
test_02,A3,test,2,18.899999618530273,188,236.42893981933594,0.7456258535385132,0.9893820285797119,55.400001525878906,74.30000305175781,True,False,0.7147674560546875,53.10722416616045,GRU,1
test_02,A3,test,2,19.0,189,236.42893981933594,0.7442799210548401,0.9860796332359314,55.29999923706055,74.30000305175781,True,False,0.7159258723258972,53.19329449864654,GRU,1
test_02,A3,test,2,19.100000381469727,190,236.42893981933594,0.7429340481758118,0.9860796332359314,55.20000076293945,74.30000305175781,True,False,0.7165643572807312,53.240733932739204,GRU,1
test_02,A3,test,2,19.200000762939453,191,236.42893981933594,0.7415881156921387,0.98828125,55.099998474121094,74.30000305175781,True,False,0.720518946647644,53.53455993476928,GRU,1
test_02,A3,test,2,19.299999237060547,192,236.42893981933594,0.7402422428131104,0.98828125,55.0,74.30000305175781,True,False,0.7234461903572083,53.75205415132314,GRU,1
test_02,A3,test,2,19.399999618530273,193,236.42893981933594,0.738896369934082,0.9906400442123413,54.900001525878906,74.30000305175781,True,False,0.7276229858398438,54.06239006842952,GRU,1
test_02,A3,test,2,19.5,194,236.42893981933594,0.7375504374504089,0.990954577922821,54.79999923706055,74.30000305175781,True,False,0.731456458568573,54.347217103872936,GRU,1
test_02,A3,test,2,19.600000381469727,195,236.42893981933594,0.7362045645713806,0.9849788546562195,54.70000076293945,74.30000305175781,True,False,0.7186797261238098,53.39790584423554,GRU,1
test_02,A3,test,2,19.700000762939453,196,236.42893981933594,0.7348586320877075,0.9827772378921509,54.599998474121094,74.30000305175781,True,False,0.7106391787528992,52.800493150039074,GRU,1
test_02,A3,test,2,19.799999237060547,197,236.42893981933594,0.7335127592086792,0.9812046885490417,54.5,74.30000305175781,True,False,0.7064597010612488,52.489957944794696,GRU,1
test_02,A3,test,2,19.899999618530273,198,236.42893981933594,0.7321668863296509,0.9848216772079468,54.400001525878906,74.30000305175781,True,False,0.7101826071739197,52.76656988032755,GRU,1
test_02,A3,test,2,20.0,199,236.42893981933594,0.7308209538459778,0.9937852621078491,54.29999923706055,74.30000305175781,True,False,0.7246584892272949,53.84212796107022,GRU,1
test_02,A3,test,2,20.100000381469727,200,236.42893981933594,0.7294750809669495,0.9937852621078491,54.20000076293945,74.30000305175781,True,False,0.7379565834999084,54.83017640610797,GRU,1
test_02,A3,test,2,20.200000762939453,201,236.42893981933594,0.7281291484832764,0.9915836453437805,54.099998474121094,74.30000305175781,True,False,0.7353516221046448,54.636627766490165,GRU,1
test_02,A3,test,2,20.299999237060547,202,236.42893981933594,0.726783275604248,0.9860796332359314,54.0,74.30000305175781,True,False,0.7212194204330444,53.5866051391622,GRU,1
test_02,A3,test,2,20.399999618530273,203,236.42893981933594,0.7254374027252197,0.9796320796012878,53.900001525878906,74.30000305175781,True,False,0.704507052898407,52.34487618033654,GRU,1
test_02,A3,test,2,20.5,204,236.42893981933594,0.7240914702415466,0.9796320796012878,53.79999923706055,74.30000305175781,True,False,0.7005823254585266,52.05326891957611,GRU,1
test_02,A3,test,2,20.600000381469727,205,236.42893981933594,0.7227455973625183,0.9653218388557434,53.70000076293945,74.30000305175781,True,False,0.665246307849884,49.427802703417,GRU,1
test_02,A3,test,2,20.700000762939453,206,236.42893981933594,0.7213996648788452,0.9719265699386597,53.599998474121094,74.30000305175781,True,False,0.6662384271621704,49.50151717134759,GRU,1
test_02,A3,test,2,20.799999237060547,207,236.42893981933594,0.7200537919998169,0.9763297438621521,53.5,74.30000305175781,True,False,0.6788937449455261,50.44180732127188,GRU,1
test_02,A3,test,2,20.899999618530273,208,236.42893981933594,0.7187079191207886,0.9760152101516724,53.400001525878906,74.30000305175781,True,False,0.6872264742851257,51.060929136633604,GRU,1
test_02,A3,test,2,21.0,209,236.42893981933594,0.7173619866371155,0.9761725068092346,53.29999923706055,74.30000305175781,True,False,0.6909863352775574,51.34028681984546,GRU,1
test_02,A3,test,2,21.100000381469727,210,236.42893981933594,0.7160161137580872,0.9761725068092346,53.20000076293945,74.30000305175781,True,False,0.6924096345901489,51.44603796311458,GRU,1
test_02,A3,test,2,21.200000762939453,211,236.42893981933594,0.7146701812744141,0.9741281867027283,53.099998474121094,74.30000305175781,True,False,0.6898323893547058,51.254548634256025,GRU,1
test_02,A3,test,2,21.299999237060547,212,236.42893981933594,0.7133243083953857,0.9741281867027283,53.0,74.30000305175781,True,False,0.6879783868789673,51.116796244650686,GRU,1
test_02,A3,test,2,21.399999618530273,213,236.42893981933594,0.7119784355163574,0.9761725068092346,52.900001525878906,74.30000305175781,True,False,0.6909854412078857,51.34022039046613,GRU,1
test_02,A3,test,2,21.5,214,236.42893981933594,0.7106325030326843,0.9741281867027283,52.79999923706055,74.30000305175781,True,False,0.6901256442070007,51.27633747067648,GRU,1
test_02,A3,test,2,21.600000381469727,215,236.42893981933594,0.709286630153656,0.9741281867027283,52.70000076293945,74.30000305175781,True,False,0.6897063255310059,51.2451820917704,GRU,1
test_02,A3,test,2,21.700000762939453,216,236.42893981933594,0.7079407572746277,0.9727128148078918,52.599998474121094,74.30000305175781,True,False,0.6872005462646484,51.059002684633015,GRU,1
test_02,A3,test,2,21.799999237060547,217,236.42893981933594,0.7065948843955994,0.9708258509635925,52.5,74.30000305175781,True,False,0.6845266222953796,50.860330125556175,GRU,1
test_02,A3,test,2,21.899999618530273,218,236.42893981933594,0.705249011516571,0.9686242341995239,52.400001525878906,74.30000305175781,True,False,0.6784343719482422,50.40767590617179,GRU,1
test_02,A3,test,2,22.0,219,236.42893981933594,0.703903079032898,0.964378297328949,52.29999923706055,74.30000305175781,True,False,0.6681313514709473,49.64216145326645,GRU,1
test_02,A3,test,2,22.100000381469727,220,236.42893981933594,0.7025572061538696,0.9621766805648804,52.20000076293945,74.30000305175781,True,False,0.6625620722770691,49.228363992165214,GRU,1
test_02,A3,test,2,22.200000762939453,221,236.42893981933594,0.7012112736701965,0.9620194435119629,52.099998474121094,74.30000305175781,True,False,0.6599670648574829,49.035554932970626,GRU,1
test_02,A3,test,2,22.299999237060547,222,236.42893981933594,0.6998654007911682,0.9588742852210999,52.0,74.30000305175781,True,False,0.6557769179344177,48.72422700379957,GRU,1
test_02,A3,test,2,22.399999618530273,223,236.42893981933594,0.6985195279121399,0.9588742852210999,51.900001525878906,74.30000305175781,True,False,0.6524826884269714,48.47946574134312,GRU,1
test_02,A3,test,2,22.5,224,236.42893981933594,0.6971735954284668,0.9566726684570312,51.79999923706055,74.30000305175781,True,False,0.6502696871757507,48.31503974162388,GRU,1
test_02,A3,test,2,22.600000381469727,225,236.42893981933594,0.6958277225494385,0.9544710516929626,51.70000076293945,74.30000305175781,True,False,0.6446297764778137,47.895994359555516,GRU,1
test_02,A3,test,2,22.700000762939453,226,236.42893981933594,0.6944817900657654,0.9544710516929626,51.599998474121094,74.30000305175781,True,False,0.6438736319541931,47.839812819142935,GRU,1
test_02,A3,test,2,22.799999237060547,227,236.42893981933594,0.6931359171867371,0.9566726684570312,51.5,74.30000305175781,True,False,0.6469804644584656,48.07065048369168,GRU,1
test_02,A3,test,2,22.899999618530273,228,236.42893981933594,0.6917900443077087,0.9588742852210999,51.400001525878906,74.30000305175781,True,False,0.6519635915756226,48.44089684370374,GRU,1
test_02,A3,test,2,23.0,229,236.42893981933594,0.6904441118240356,0.9632773995399475,51.29999923706055,74.30000305175781,True,False,0.6600129008293152,49.038960545817645,GRU,1
test_02,A3,test,2,23.100000381469727,230,236.42893981933594,0.6890982389450073,0.9653218388557434,51.20000076293945,74.30000305175781,True,False,0.6682312488555908,49.64958382925033,GRU,1
test_02,A3,test,2,23.200000762939453,231,236.42893981933594,0.6877523064613342,0.9632773995399475,51.099998474121094,74.30000305175781,True,False,0.6670089960098267,49.558770439080035,GRU,1
test_02,A3,test,2,23.299999237060547,232,236.42893981933594,0.6864064335823059,0.9620194435119629,51.0,74.30000305175781,True,False,0.6632483601570129,49.279355183739426,GRU,1
test_02,A3,test,2,23.399999618530273,233,236.42893981933594,0.6850605607032776,0.9675233364105225,50.900001525878906,74.30000305175781,True,False,0.6685507893562317,49.67332568942311,GRU,1
test_02,A3,test,2,23.5,234,236.42893981933594,0.6837146282196045,0.9620194435119629,50.79999923706055,74.30000305175781,True,False,0.6634283661842346,49.29272963211133,GRU,1
test_02,A3,test,2,23.600000381469727,235,236.42893981933594,0.6823687553405762,0.9587171077728271,50.70000076293945,74.30000305175781,True,False,0.6565291285514832,48.780116254943096,GRU,1
test_02,A3,test,2,23.700000762939453,236,236.42893981933594,0.6810228228569031,0.9598178267478943,50.599998474121094,74.30000305175781,True,False,0.6552668213844299,48.686326828578785,GRU,1
test_02,A3,test,2,23.799999237060547,237,236.42893981933594,0.6796769499778748,0.9565154910087585,50.5,74.30000305175781,True,False,0.6499136686325073,48.28858756277441,GRU,1
test_02,A3,test,2,23.899999618530273,238,236.42893981933594,0.6783310770988464,0.9533703327178955,50.400001525878906,74.30000305175781,True,False,0.6446290612220764,47.89594121605205,GRU,1
test_02,A3,test,2,24.0,239,236.42893981933594,0.6769851446151733,0.9533703327178955,50.29999923706055,74.30000305175781,True,False,0.6409913897514343,47.62566221468205,GRU,1
test_02,A3,test,2,24.100000381469727,240,236.42893981933594,0.675639271736145,0.9516405463218689,50.20000076293945,74.30000305175781,True,False,0.6404443383216858,47.58501629178227,GRU,1
test_02,A3,test,2,24.200000762939453,241,236.42893981933594,0.6742933392524719,0.9497534036636353,50.099998474121094,74.30000305175781,True,False,0.6347661018371582,47.163123303653265,GRU,1
test_02,A3,test,2,24.299999237060547,242,236.42893981933594,0.6729474663734436,0.9478663206100464,50.0,74.30000305175781,True,False,0.6305400133132935,46.849124913433116,GRU,1
test_02,A3,test,2,24.399999618530273,243,236.42893981933594,0.6716015934944153,0.9467655420303345,49.900001525878906,74.30000305175781,True,False,0.6271041035652161,46.5938368086654,GRU,1
test_02,A3,test,2,24.5,244,236.42893981933594,0.6702556610107422,0.9467655420303345,49.79999923706055,74.30000305175781,True,False,0.6274866461753845,46.622259725768345,GRU,1
test_02,A3,test,2,24.600000381469727,245,236.42893981933594,0.6689097881317139,0.9481808543205261,49.70000076293945,74.30000305175781,True,False,0.6298295259475708,46.79633569999169,GRU,1
test_02,A3,test,2,24.700000762939453,246,236.42893981933594,0.6675638556480408,0.950067937374115,49.599998474121094,74.30000305175781,True,False,0.6335150599479675,47.07017088746852,GRU,1
test_02,A3,test,2,24.799999237060547,247,236.42893981933594,0.6662179827690125,0.9478663206100464,49.5,74.30000305175781,True,False,0.6326761841773987,47.00784241515521,GRU,1
test_02,A3,test,2,24.899999618530273,248,236.42893981933594,0.6648721098899841,0.9447212815284729,49.400001525878906,74.30000305175781,True,False,0.6260128617286682,46.51275753687969,GRU,1
test_02,A3,test,2,25.0,249,236.42893981933594,0.6635262370109558,0.950067937374115,49.29999923706055,74.30000305175781,True,False,0.6285958886146545,46.704676442391246,GRU,1
test_02,A3,test,2,25.100000381469727,250,236.42893981933594,0.6621803045272827,0.9533703327178955,49.20000076293945,74.30000305175781,True,False,0.6357765793800354,47.23820178817277,GRU,1
test_02,A3,test,2,25.200000762939453,251,236.42893981933594,0.6608344316482544,0.9414188861846924,49.099998474121094,74.30000305175781,True,False,0.6150230765342712,45.69621646339783,GRU,1
test_02,A3,test,2,25.299999237060547,252,236.42893981933594,0.6594885587692261,0.9412615895271301,49.0,74.30000305175781,True,False,0.6104846596717834,45.35901207666484,GRU,1
test_02,A3,test,2,25.399999618530273,253,236.42893981933594,0.6581426858901978,0.9412615895271301,48.900001525878906,74.30000305175781,True,False,0.6111688613891602,45.40984826635395,GRU,1
test_02,A3,test,2,25.5,254,236.42893981933594,0.6567967534065247,0.9414188861846924,48.79999923706055,74.30000305175781,True,False,0.6129864454269409,45.544894765907884,GRU,1
test_02,A3,test,2,25.600000381469727,255,236.42893981933594,0.6554508805274963,0.9338704943656921,48.70000076293945,74.30000305175781,True,False,0.6017773747444153,44.71206077998886,GRU,1
test_02,A3,test,2,25.700000762939453,256,236.42893981933594,0.6541049480438232,0.9305680990219116,48.599998474121094,74.30000305175781,True,False,0.5930343866348267,44.06245673676494,GRU,1
test_02,A3,test,2,25.799999237060547,257,236.42893981933594,0.6527590751647949,0.9294673204421997,48.5,74.30000305175781,True,False,0.590465247631073,43.871569700945656,GRU,1
test_02,A3,test,2,25.899999618530273,258,236.42893981933594,0.6514132022857666,0.9294673204421997,48.400001525878906,74.30000305175781,True,False,0.5881858468055725,43.70221021265479,GRU,1
test_02,A3,test,2,26.0,259,236.42893981933594,0.6500672698020935,0.9305680990219116,48.29999923706055,74.30000305175781,True,False,0.5902273654937744,43.85389505741841,GRU,1
test_02,A3,test,2,26.100000381469727,260,236.42893981933594,0.6487213969230652,0.9294673204421997,48.20000076293945,74.30000305175781,True,False,0.5895057916641235,43.800282119673284,GRU,1
test_02,A3,test,2,26.200000762939453,261,236.42893981933594,0.6473754644393921,0.9329269528388977,48.099998474121094,74.30000305175781,True,False,0.5917278528213501,43.96538127043641,GRU,1
test_02,A3,test,2,26.299999237060547,262,236.42893981933594,0.6460295915603638,0.9294673204421997,48.0,74.30000305175781,True,False,0.5919883847236633,43.98473879157336,GRU,1
test_02,A3,test,2,26.399999618530273,263,236.42893981933594,0.6446837186813354,0.9381164312362671,47.900001525878906,74.30000305175781,True,False,0.5960775017738342,44.288560200880056,GRU,1
test_02,A3,test,2,26.5,264,236.42893981933594,0.6433377861976624,0.9305680990219116,47.79999923706055,74.30000305175781,True,False,0.5918974280357361,43.97798070938279,GRU,1
test_02,A3,test,2,26.600000381469727,265,236.42893981933594,0.641991913318634,0.9305680990219116,47.70000076293945,74.30000305175781,True,False,0.5894362330436707,43.79511391396136,GRU,1
test_02,A3,test,2,26.700000762939453,266,236.42893981933594,0.6406459808349609,0.9291528463363647,47.599998474121094,74.30000305175781,True,False,0.5878981947898865,43.680837667011474,GRU,1
test_02,A3,test,2,26.799999237060547,267,236.42893981933594,0.6393001079559326,0.9217617511749268,47.5,74.30000305175781,True,False,0.5773540139198303,42.897404996188016,GRU,1
test_02,A3,test,2,26.899999618530273,268,236.42893981933594,0.6379542350769043,0.9184593558311462,47.400001525878906,74.30000305175781,True,False,0.5684604048728943,42.23660981685953,GRU,1
test_02,A3,test,2,27.0,269,236.42893981933594,0.6366083025932312,0.9157860279083252,47.29999923706055,74.30000305175781,True,False,0.563148558139801,41.84193958838023,GRU,1
test_02,A3,test,2,27.100000381469727,270,236.42893981933594,0.6352624297142029,0.9156288504600525,47.20000076293945,74.30000305175781,True,False,0.5606825947761536,41.6587185029357,GRU,1
test_02,A3,test,2,27.200000762939453,271,236.42893981933594,0.6339164972305298,0.9162578582763672,47.099998474121094,74.30000305175781,True,False,0.5607700943946838,41.665219724859526,GRU,1
test_02,A3,test,2,27.299999237060547,272,236.42893981933594,0.6325706243515015,0.9162578582763672,47.0,74.30000305175781,True,False,0.5612801909446716,41.70311990008031,GRU,1
test_02,A3,test,2,27.399999618530273,273,236.42893981933594,0.6312247514724731,0.8954999446868896,46.900001525878906,74.30000305175781,True,False,0.5221624970436096,38.796675123853674,GRU,1
test_02,A3,test,2,27.5,274,236.42893981933594,0.6298788189888,0.9043062925338745,46.79999923706055,74.30000305175781,True,False,0.5159785151481628,38.337205250149964,GRU,1
test_02,A3,test,2,27.600000381469727,275,236.42893981933594,0.6285329461097717,0.9065079689025879,46.70000076293945,74.30000305175781,True,False,0.5272855162620544,39.17731546741834,GRU,1
test_02,A3,test,2,27.700000762939453,276,236.42893981933594,0.6271870136260986,0.9065079689025879,46.599998474121094,74.30000305175781,True,False,0.5341648459434509,39.688449683740146,GRU,1
test_02,A3,test,2,27.799999237060547,277,236.42893981933594,0.6258411407470703,0.9043062925338745,46.5,74.30000305175781,True,False,0.5352097749710083,39.76608791367653,GRU,1
test_02,A3,test,2,27.899999618530273,278,236.42893981933594,0.624495267868042,0.9010039567947388,46.400001525878906,74.30000305175781,True,False,0.5314988493919373,39.490366131826704,GRU,1
test_02,A3,test,2,28.0,279,236.42893981933594,0.6231493353843689,0.9010039567947388,46.29999923706055,74.30000305175781,True,False,0.5292027592658997,39.319766628455,GRU,1
test_02,A3,test,2,28.100000381469727,280,236.42893981933594,0.6218034625053406,0.9032054543495178,46.20000076293945,74.30000305175781,True,False,0.5305852293968201,39.42248416340135,GRU,1
test_02,A3,test,2,28.200000762939453,281,236.42893981933594,0.6204575300216675,0.8977015614509583,46.099998474121094,74.30000305175781,True,False,0.5276620388031006,39.20529109336712,GRU,1
test_02,A3,test,2,28.30000114440918,282,236.42893981933594,0.6191117095285281,,46.00000190734863,74.30000305175781,False,True,,,GRU,1
test_02,A3,test,2,28.400001525878906,283,236.42893981933594,0.6177658094294384,,45.900001525878906,74.30000305175781,False,True,,,GRU,1
test_02,A3,test,2,28.500001907348633,284,236.42893981933594,0.6164199093303486,,45.80000114440918,74.30000305175781,False,True,,,GRU,1
test_02,A3,test,2,28.60000228881836,285,236.42893981933594,0.615074009231259,,45.70000076293945,74.30000305175781,False,True,,,GRU,1
test_02,A3,test,2,28.700002670288086,286,236.42893981933594,0.6137281091321692,,45.60000038146973,74.30000305175781,False,True,,,GRU,1
test_02,A3,test,2,28.800003051757812,287,236.42893981933594,0.6123822090330795,,45.5,74.30000305175781,False,True,,,GRU,1
test_02,A3,test,2,28.90000343322754,288,236.42893981933594,0.6110363089339899,,45.39999961853027,74.30000305175781,False,True,,,GRU,1
test_02,A3,test,2,29.000003814697266,289,236.42893981933594,0.6096904088349001,,45.29999923706055,74.30000305175781,False,True,,,GRU,1
test_02,A3,test,2,29.100004196166992,290,236.42893981933594,0.6083445087358104,,45.19999885559082,74.30000305175781,False,True,,,GRU,1
test_02,A3,test,2,29.20000457763672,291,236.42893981933594,0.6069986086367207,,45.099998474121094,74.30000305175781,False,True,,,GRU,1
test_02,A3,test,2,29.300004959106445,292,236.42893981933594,0.605652708537631,,44.99999809265137,74.30000305175781,False,True,,,GRU,1
test_02,A3,test,2,29.400005340576172,293,236.42893981933594,0.6043068084385412,,44.89999771118164,74.30000305175781,False,True,,,GRU,1
test_02,A3,test,2,29.5000057220459,294,236.42893981933594,0.6029609083394516,,44.799997329711914,74.30000305175781,False,True,,,GRU,1
test_02,A3,test,2,29.600006103515625,295,236.42893981933594,0.6016150082403618,,44.69999694824219,74.30000305175781,False,True,,,GRU,1
test_02,A3,test,2,29.70000648498535,296,236.42893981933594,0.6002691081412721,,44.59999656677246,74.30000305175781,False,True,,,GRU,1
test_02,A3,test,2,29.800006866455078,297,236.42893981933594,0.5989232080421825,,44.499996185302734,74.30000305175781,False,True,,,GRU,1
test_02,A3,test,2,29.900007247924805,298,236.42893981933594,0.5975773079430927,,44.39999580383301,74.30000305175781,False,True,,,GRU,1
test_02,A3,test,2,30.00000762939453,299,236.42893981933594,0.596231407844003,,44.29999542236328,74.30000305175781,False,True,,,GRU,1
test_02,A3,test,2,30.100008010864258,300,236.42893981933594,0.5948855077449133,,44.199995040893555,74.30000305175781,False,True,,,GRU,1
test_02,A3,test,2,30.200008392333984,301,236.42893981933594,0.5935396076458236,,44.09999465942383,74.30000305175781,False,True,,,GRU,1
test_02,A3,test,2,30.30000877380371,302,236.42893981933594,0.5921937075467338,,43.9999942779541,74.30000305175781,False,True,,,GRU,1
test_02,A3,test,2,30.400009155273438,303,236.42893981933594,0.5908478074476442,,43.899993896484375,74.30000305175781,False,True,,,GRU,1
test_02,A3,test,2,30.500009536743164,304,236.42893981933594,0.5895019073485545,,43.79999351501465,74.30000305175781,False,True,,,GRU,1
test_02,A3,test,2,30.60000991821289,305,236.42893981933594,0.5881560072494647,,43.69999313354492,74.30000305175781,False,True,,,GRU,1
test_02,A3,test,2,30.700010299682617,306,236.42893981933594,0.5868101071503751,,43.599992752075195,74.30000305175781,False,True,,,GRU,1
test_02,A3,test,2,30.800010681152344,307,236.42893981933594,0.5854642070512853,,43.49999237060547,74.30000305175781,False,True,,,GRU,1
test_02,A3,test,2,30.90001106262207,308,236.42893981933594,0.5841183069521957,,43.39999198913574,74.30000305175781,False,True,,,GRU,1
test_02,A3,test,2,31.000011444091797,309,236.42893981933594,0.5827724068531059,,43.299991607666016,74.30000305175781,False,True,,,GRU,1
test_02,A3,test,2,31.100011825561523,310,236.42893981933594,0.5814265067540162,,43.19999122619629,74.30000305175781,False,True,,,GRU,1
test_02,A3,test,2,31.20001220703125,311,236.42893981933594,0.5800806066549266,,43.09999084472656,74.30000305175781,False,True,,,GRU,1
test_02,A3,test,2,31.300012588500977,312,236.42893981933594,0.5787347065558368,,42.999990463256836,74.30000305175781,False,True,,,GRU,1
test_02,A3,test,2,31.400012969970703,313,236.42893981933594,0.5773888064567471,,42.89999008178711,74.30000305175781,False,True,,,GRU,1
test_02,A3,test,2,31.50001335144043,314,236.42893981933594,0.5760429063576574,,42.79998970031738,74.30000305175781,False,True,,,GRU,1
test_02,A3,test,2,31.600013732910156,315,236.42893981933594,0.5746970062585677,,42.699989318847656,74.30000305175781,False,True,,,GRU,1
test_02,A3,test,2,31.700014114379883,316,236.42893981933594,0.5733511061594779,,42.59998893737793,74.30000305175781,False,True,,,GRU,1
test_02,A3,test,2,31.80001449584961,317,236.42893981933594,0.5720052060603883,,42.4999885559082,74.30000305175781,False,True,,,GRU,1
test_02,A3,test,2,31.900014877319336,318,236.42893981933594,0.5706593059612985,,42.39998817443848,74.30000305175781,False,True,,,GRU,1
test_02,A3,test,2,32.00001525878906,319,236.42893981933594,0.5693134058622088,,42.29998779296875,74.30000305175781,False,True,,,GRU,1
test_02,A3,test,2,32.100013732910156,320,236.42893981933594,0.5679675314340283,,42.199989318847656,74.30000305175781,False,True,,,GRU,1
test_02,A3,test,2,32.200016021728516,321,236.42893981933594,0.5666216056640294,,42.0999870300293,74.30000305175781,False,True,,,GRU,1
test_02,A3,test,2,32.300018310546875,322,236.42893981933594,0.5652756798940305,,41.99998474121094,74.30000305175781,False,True,,,GRU,1
test_02,A3,test,2,32.40001678466797,323,236.42893981933594,0.56392980546585,,41.899986267089844,74.30000305175781,False,True,,,GRU,1
test_02,A3,test,2,32.50001525878906,324,236.42893981933594,0.5625839310376695,,41.79998779296875,74.30000305175781,False,True,,,GRU,1
test_02,A3,test,2,32.60001754760742,325,236.42893981933594,0.5612380052676705,,41.69998550415039,74.30000305175781,False,True,,,GRU,1
test_02,A3,test,2,32.70001983642578,326,236.42893981933594,0.5598920794976716,,41.59998321533203,74.30000305175781,False,True,,,GRU,1
test_02,A3,test,2,32.800018310546875,327,236.42893981933594,0.5585462050694912,,41.49998474121094,74.30000305175781,False,True,,,GRU,1
test_02,A3,test,2,32.90001678466797,328,236.42893981933594,0.5572003306413107,,41.399986267089844,74.30000305175781,False,True,,,GRU,1
test_02,A3,test,2,33.00001907348633,329,236.42893981933594,0.5558544048713118,,41.299983978271484,74.30000305175781,False,True,,,GRU,1
test_02,A3,test,2,33.10002136230469,330,236.42893981933594,0.5545084791013128,,41.199981689453125,74.30000305175781,False,True,,,GRU,1
test_02,A3,test,2,33.20001983642578,331,236.42893981933594,0.5531626046731323,,41.09998321533203,74.30000305175781,False,True,,,GRU,1
test_02,A3,test,2,33.300018310546875,332,236.42893981933594,0.5518167302449518,,40.99998474121094,74.30000305175781,False,True,,,GRU,1
test_02,A3,test,2,33.400020599365234,333,236.42893981933594,0.5504708044749529,,40.89998245239258,74.30000305175781,False,True,,,GRU,1
test_02,A3,test,2,33.500022888183594,334,236.42893981933594,0.549124878704954,,40.79998016357422,74.30000305175781,False,True,,,GRU,1
test_02,A3,test,2,33.60002136230469,335,236.42893981933594,0.5477790042767735,,40.699981689453125,74.30000305175781,False,True,,,GRU,1
test_02,A3,test,2,33.70001983642578,336,236.42893981933594,0.5464331298485929,,40.59998321533203,74.30000305175781,False,True,,,GRU,1
test_02,A3,test,2,33.80002212524414,337,236.42893981933594,0.545087204078594,,40.49998092651367,74.30000305175781,False,True,,,GRU,1
test_02,A3,test,2,33.9000244140625,338,236.42893981933594,0.5437412783085951,,40.39997863769531,74.30000305175781,False,True,,,GRU,1
test_02,A3,test,2,34.000022888183594,339,236.42893981933594,0.5423954038804146,,40.29998016357422,74.30000305175781,False,True,,,GRU,1
test_02,A3,test,2,34.10002136230469,340,236.42893981933594,0.5410495294522342,,40.199981689453125,74.30000305175781,False,True,,,GRU,1
test_02,A3,test,2,34.20002365112305,341,236.42893981933594,0.5397036036822352,,40.099979400634766,74.30000305175781,False,True,,,GRU,1
test_02,A3,test,2,34.300025939941406,342,236.42893981933594,0.5383576779122363,,39.999977111816406,74.30000305175781,False,True,,,GRU,1
test_02,A3,test,2,34.4000244140625,343,236.42893981933594,0.5370118034840557,,39.89997863769531,74.30000305175781,False,True,,,GRU,1
test_02,A3,test,2,34.500022888183594,344,236.42893981933594,0.5356659290558753,,39.79998016357422,74.30000305175781,False,True,,,GRU,1
test_02,A3,test,2,34.60002517700195,345,236.42893981933594,0.5343200032858764,,39.69997787475586,74.30000305175781,False,True,,,GRU,1
test_02,A3,test,2,34.70002746582031,346,236.42893981933594,0.5329740775158774,,39.5999755859375,74.30000305175781,False,True,,,GRU,1
test_02,A3,test,2,34.800025939941406,347,236.42893981933594,0.531628203087697,,39.499977111816406,74.30000305175781,False,True,,,GRU,1
test_02,A3,test,2,34.9000244140625,348,236.42893981933594,0.5302823286595164,,39.39997863769531,74.30000305175781,False,True,,,GRU,1
test_02,A3,test,2,35.00002670288086,349,236.42893981933594,0.5289364028895175,,39.29997634887695,74.30000305175781,False,True,,,GRU,1
test_02,A3,test,2,35.10002899169922,350,236.42893981933594,0.5275904771195186,,39.199974060058594,74.30000305175781,False,True,,,GRU,1
test_02,A3,test,2,35.20002746582031,351,236.42893981933594,0.5262446026913381,,39.0999755859375,74.30000305175781,False,True,,,GRU,1
test_02,A3,test,2,35.300025939941406,352,236.42893981933594,0.5248987282631576,,38.999977111816406,74.30000305175781,False,True,,,GRU,1
test_02,A3,test,2,35.400028228759766,353,236.42893981933594,0.5235528024931587,,38.89997482299805,74.30000305175781,False,True,,,GRU,1
test_02,A3,test,2,35.500030517578125,354,236.42893981933594,0.5222068767231598,,38.79997253417969,74.30000305175781,False,True,,,GRU,1
test_02,A3,test,2,35.60002899169922,355,236.42893981933594,0.5208610022949793,,38.699974060058594,74.30000305175781,False,True,,,GRU,1
test_02,A3,test,2,35.70002746582031,356,236.42893981933594,0.5195151278667988,,38.5999755859375,74.30000305175781,False,True,,,GRU,1
test_02,A3,test,2,35.80002975463867,357,236.42893981933594,0.5181692020967998,,38.49997329711914,74.30000305175781,False,True,,,GRU,1
test_02,A3,test,2,35.90003204345703,358,236.42893981933594,0.5168232763268009,,38.39997100830078,74.30000305175781,False,True,,,GRU,1
test_02,A3,test,2,36.000030517578125,359,236.42893981933594,0.5154774018986205,,38.29997253417969,74.30000305175781,False,True,,,GRU,1
test_02,A3,test,2,36.10002899169922,360,236.42893981933594,0.51413152747044,,38.199974060058594,74.30000305175781,False,True,,,GRU,1
test_02,A3,test,2,36.20003128051758,361,236.42893981933594,0.5127856017004411,,38.099971771240234,74.30000305175781,False,True,,,GRU,1
test_02,A3,test,2,36.30003356933594,362,236.42893981933594,0.5114396759304422,,37.999969482421875,74.30000305175781,False,True,,,GRU,1
test_02,A3,test,2,36.40003204345703,363,236.42893981933594,0.5100938015022616,,37.89997100830078,74.30000305175781,False,True,,,GRU,1
test_02,A3,test,2,36.500030517578125,364,236.42893981933594,0.5087479270740811,,37.79997253417969,74.30000305175781,False,True,,,GRU,1
test_02,A3,test,2,36.600032806396484,365,236.42893981933594,0.5074020013040822,,37.69997024536133,74.30000305175781,False,True,,,GRU,1
test_02,A3,test,2,36.700035095214844,366,236.42893981933594,0.5060560755340833,,37.59996795654297,74.30000305175781,False,True,,,GRU,1
test_02,A3,test,2,36.80003356933594,367,236.42893981933594,0.5047102011059028,,37.499969482421875,74.30000305175781,False,True,,,GRU,1
test_02,A3,test,2,36.90003204345703,368,236.42893981933594,0.5033643266777222,,37.39997100830078,74.30000305175781,False,True,,,GRU,1
test_02,A3,test,2,37.00003433227539,369,236.42893981933594,0.5020184009077233,,37.29996871948242,74.30000305175781,False,True,,,GRU,1
test_02,A3,test,2,37.10003662109375,370,236.42893981933594,0.5006724751377244,,37.19996643066406,74.30000305175781,False,True,,,GRU,1
test_02,A3,test,2,37.200035095214844,371,236.42893981933594,0.49932660070954393,,37.09996795654297,74.30000305175781,False,True,,,GRU,1
test_02,A3,test,2,37.30003356933594,372,236.42893981933594,0.4979807262813634,,36.999969482421875,74.30000305175781,False,True,,,GRU,1
test_02,A3,test,2,37.4000358581543,373,236.42893981933594,0.4966348005113645,,36.899967193603516,74.30000305175781,False,True,,,GRU,1
test_02,A3,test,2,37.500038146972656,374,236.42893981933594,0.49528887474136557,,36.799964904785156,74.30000305175781,False,True,,,GRU,1
test_02,A3,test,2,37.60003662109375,375,236.42893981933594,0.4939430003131851,,36.69996643066406,74.30000305175781,False,True,,,GRU,1
test_02,A3,test,2,37.700035095214844,376,236.42893981933594,0.4925971258850046,,36.59996795654297,74.30000305175781,False,True,,,GRU,1
test_02,A3,test,2,37.8000373840332,377,236.42893981933594,0.49125120011500567,,36.49996566772461,74.30000305175781,False,True,,,GRU,1
test_02,A3,test,2,37.90003967285156,378,236.42893981933594,0.48990527434500675,,36.39996337890625,74.30000305175781,False,True,,,GRU,1
test_02,A3,test,2,38.000038146972656,379,236.42893981933594,0.48855939991682623,,36.299964904785156,74.30000305175781,False,True,,,GRU,1
test_02,A3,test,2,38.10003662109375,380,236.42893981933594,0.48721352548864577,,36.19996643066406,74.30000305175781,False,True,,,GRU,1
test_02,A3,test,2,38.20003890991211,381,236.42893981933594,0.48586759971864685,,36.0999641418457,74.30000305175781,False,True,,,GRU,1
test_02,A3,test,2,38.30004119873047,382,236.42893981933594,0.4845216739486479,,35.999961853027344,74.30000305175781,False,True,,,GRU,1
test_02,A3,test,2,38.40003967285156,383,236.42893981933594,0.4831757995204674,,35.89996337890625,74.30000305175781,False,True,,,GRU,1
test_02,A3,test,2,38.500038146972656,384,236.42893981933594,0.4818299250922869,,35.799964904785156,74.30000305175781,False,True,,,GRU,1
test_02,A3,test,2,38.600040435791016,385,236.42893981933594,0.48048399932228797,,35.6999626159668,74.30000305175781,False,True,,,GRU,1
test_02,A3,test,2,38.700042724609375,386,236.42893981933594,0.4791380735522891,,35.59996032714844,74.30000305175781,False,True,,,GRU,1
test_02,A3,test,2,38.80004119873047,387,236.42893981933594,0.4777921991241086,,35.499961853027344,74.30000305175781,False,True,,,GRU,1
test_02,A3,test,2,38.90003967285156,388,236.42893981933594,0.47644632469592807,,35.39996337890625,74.30000305175781,False,True,,,GRU,1
test_02,A3,test,2,39.00004196166992,389,236.42893981933594,0.47510039892592915,,35.29996109008789,74.30000305175781,False,True,,,GRU,1
test_02,A3,test,2,39.10004425048828,390,236.42893981933594,0.4737544731559302,,35.19995880126953,74.30000305175781,False,True,,,GRU,1
test_02,A3,test,2,39.200042724609375,391,236.42893981933594,0.47240859872774976,,35.09996032714844,74.30000305175781,False,True,,,GRU,1
test_02,A3,test,2,39.30004119873047,392,236.42893981933594,0.47106272429956925,,34.999961853027344,74.30000305175781,False,True,,,GRU,1
test_02,A3,test,2,39.40004348754883,393,236.42893981933594,0.4697167985295703,,34.899959564208984,74.30000305175781,False,True,,,GRU,1
test_02,A3,test,2,39.50004577636719,394,236.42893981933594,0.4683708727595714,,34.799957275390625,74.30000305175781,False,True,,,GRU,1
test_02,A3,test,2,39.60004425048828,395,236.42893981933594,0.4670249983313909,,34.69995880126953,74.30000305175781,False,True,,,GRU,1
test_02,A3,test,2,39.700042724609375,396,236.42893981933594,0.4656791239032104,,34.59996032714844,74.30000305175781,False,True,,,GRU,1
test_02,A3,test,2,39.800045013427734,397,236.42893981933594,0.4643331981332115,,34.49995803833008,74.30000305175781,False,True,,,GRU,1
test_02,A3,test,2,39.900047302246094,398,236.42893981933594,0.4629872723632126,,34.39995574951172,74.30000305175781,False,True,,,GRU,1
test_02,A3,test,2,40.00004577636719,399,236.42893981933594,0.46164139793503206,,34.299957275390625,74.30000305175781,False,True,,,GRU,1
test_02,A3,test,2,40.10004425048828,400,236.42893981933594,0.46029552350685154,,34.19995880126953,74.30000305175781,False,True,,,GRU,1
test_02,A3,test,2,40.20004653930664,401,236.42893981933594,0.4589495977368526,,34.09995651245117,74.30000305175781,False,True,,,GRU,1
test_02,A3,test,2,40.300048828125,402,236.42893981933594,0.4576036719668537,,33.99995422363281,74.30000305175781,False,True,,,GRU,1
test_02,A3,test,2,40.400047302246094,403,236.42893981933594,0.45625779753867324,,33.89995574951172,74.30000305175781,False,True,,,GRU,1
test_02,A3,test,2,40.50004577636719,404,236.42893981933594,0.4549119231104927,,33.799957275390625,74.30000305175781,False,True,,,GRU,1
test_02,A3,test,2,40.60004806518555,405,236.42893981933594,0.4535659973404938,,33.699954986572266,74.30000305175781,False,True,,,GRU,1
test_02,A3,test,2,40.700050354003906,406,236.42893981933594,0.4522200715704949,,33.599952697753906,74.30000305175781,False,True,,,GRU,1
test_02,A3,test,2,40.800048828125,407,236.42893981933594,0.45087419714231436,,33.49995422363281,74.30000305175781,False,True,,,GRU,1
test_02,A3,test,2,40.900047302246094,408,236.42893981933594,0.4495283227141339,,33.39995574951172,74.30000305175781,False,True,,,GRU,1
test_02,A3,test,2,41.00004959106445,409,236.42893981933594,0.448182396944135,,33.29995346069336,74.30000305175781,False,True,,,GRU,1
test_02,A3,test,2,41.10005187988281,410,236.42893981933594,0.44683647117413605,,33.199951171875,74.30000305175781,False,True,,,GRU,1
test_02,A3,test,2,41.200050354003906,411,236.42893981933594,0.44549059674595554,,33.099952697753906,74.30000305175781,False,True,,,GRU,1
test_02,A3,test,2,41.300048828125,412,236.42893981933594,0.4441447223177751,,32.99995422363281,74.30000305175781,False,True,,,GRU,1
test_02,A3,test,2,41.40005111694336,413,236.42893981933594,0.44279879654777615,,32.89995193481445,74.30000305175781,False,True,,,GRU,1
test_02,A3,test,2,41.50005340576172,414,236.42893981933594,0.44145287077777723,,32.799949645996094,74.30000305175781,False,True,,,GRU,1
test_02,A3,test,2,41.60005187988281,415,236.42893981933594,0.4401069963495967,,32.699951171875,74.30000305175781,False,True,,,GRU,1
test_02,A3,test,2,41.700050354003906,416,236.42893981933594,0.4387611219214162,,32.599952697753906,74.30000305175781,False,True,,,GRU,1
test_02,A3,test,2,41.800052642822266,417,236.42893981933594,0.4374151961514173,,32.49995040893555,74.30000305175781,False,True,,,GRU,1
test_02,A3,test,2,41.900054931640625,418,236.42893981933594,0.43606927038141835,,32.39994812011719,74.30000305175781,False,True,,,GRU,1
test_02,A3,test,2,42.00005340576172,419,236.42893981933594,0.4347233959532379,,32.299949645996094,74.30000305175781,False,True,,,GRU,1
test_02,A3,test,2,42.10005187988281,420,236.42893981933594,0.4333775215250574,,32.199951171875,74.30000305175781,False,True,,,GRU,1
test_02,A3,test,2,42.20005416870117,421,236.42893981933594,0.43203159575505845,,32.09994888305664,74.30000305175781,False,True,,,GRU,1
test_02,A3,test,2,42.30005645751953,422,236.42893981933594,0.4306856699850595,,31.99994659423828,74.30000305175781,False,True,,,GRU,1
test_02,A3,test,2,42.400054931640625,423,236.42893981933594,0.429339795556879,,31.899948120117188,74.30000305175781,False,True,,,GRU,1
test_02,A3,test,2,42.50005340576172,424,236.42893981933594,0.42799392112869855,,31.799949645996094,74.30000305175781,False,True,,,GRU,1
test_02,A3,test,2,42.60005569458008,425,236.42893981933594,0.4266479953586996,,31.699947357177734,74.30000305175781,False,True,,,GRU,1
test_02,A3,test,2,42.70005798339844,426,236.42893981933594,0.4253020695887007,,31.599945068359375,74.30000305175781,False,True,,,GRU,1
test_02,A3,test,2,42.80005645751953,427,236.42893981933594,0.4239561951605202,,31.49994659423828,74.30000305175781,False,True,,,GRU,1
test_02,A3,test,2,42.900054931640625,428,236.42893981933594,0.4226103207323397,,31.399948120117188,74.30000305175781,False,True,,,GRU,1
test_02,A3,test,2,43.000057220458984,429,236.42893981933594,0.42126439496234075,,31.299945831298828,74.30000305175781,False,True,,,GRU,1
test_02,A3,test,2,43.100059509277344,430,236.42893981933594,0.4199184691923419,,31.19994354248047,74.30000305175781,False,True,,,GRU,1
test_02,A3,test,2,43.20005798339844,431,236.42893981933594,0.41857259476416137,,31.099945068359375,74.30000305175781,False,True,,,GRU,1
test_02,A3,test,2,43.30005645751953,432,236.42893981933594,0.41722672033598085,,30.99994659423828,74.30000305175781,False,True,,,GRU,1
test_02,A3,test,2,43.40005874633789,433,236.42893981933594,0.4158807945659819,,30.899944305419922,74.30000305175781,False,True,,,GRU,1
test_02,A3,test,2,43.50006103515625,434,236.42893981933594,0.414534868795983,,30.799942016601562,74.30000305175781,False,True,,,GRU,1
test_02,A3,test,2,43.600059509277344,435,236.42893981933594,0.41318899436780254,,30.69994354248047,74.30000305175781,False,True,,,GRU,1
test_02,A3,test,2,43.70005798339844,436,236.42893981933594,0.411843119939622,,30.599945068359375,74.30000305175781,False,True,,,GRU,1
test_02,A3,test,2,43.8000602722168,437,236.42893981933594,0.4104971941696231,,30.499942779541016,74.30000305175781,False,True,,,GRU,1
test_02,A3,test,2,43.900062561035156,438,236.42893981933594,0.4091512683996242,,30.399940490722656,74.30000305175781,False,True,,,GRU,1
test_02,A3,test,2,44.00006103515625,439,236.42893981933594,0.40780539397144366,,30.299942016601562,74.30000305175781,False,True,,,GRU,1
test_02,A3,test,2,44.100059509277344,440,236.42893981933594,0.4064595195432632,,30.19994354248047,74.30000305175781,False,True,,,GRU,1
test_02,A3,test,2,44.2000617980957,441,236.42893981933594,0.4051135937732643,,30.09994125366211,74.30000305175781,False,True,,,GRU,1
test_02,A3,test,2,44.30006408691406,442,236.42893981933594,0.40376766800326536,,29.99993896484375,74.30000305175781,False,True,,,GRU,1
test_02,A3,test,2,44.400062561035156,443,236.42893981933594,0.40242179357508484,,29.899940490722656,74.30000305175781,False,True,,,GRU,1
test_02,A3,test,2,44.50006103515625,444,236.42893981933594,0.4010759191469043,,29.799942016601562,74.30000305175781,False,True,,,GRU,1
test_02,A3,test,2,44.60006332397461,445,236.42893981933594,0.3997299933769054,,29.699939727783203,74.30000305175781,False,True,,,GRU,1
test_02,A3,test,2,44.70006561279297,446,236.42893981933594,0.3983840676069065,,29.599937438964844,74.30000305175781,False,True,,,GRU,1
test_02,A3,test,2,44.80006408691406,447,236.42893981933594,0.397038193178726,,29.49993896484375,74.30000305175781,False,True,,,GRU,1
test_02,A3,test,2,44.900062561035156,448,236.42893981933594,0.3956923187505455,,29.399940490722656,74.30000305175781,False,True,,,GRU,1
test_02,A3,test,2,45.000064849853516,449,236.42893981933594,0.3943463929805466,,29.299938201904297,74.30000305175781,False,True,,,GRU,1
test_02,A3,test,2,45.100067138671875,450,236.42893981933594,0.39300046721054765,,29.199935913085938,74.30000305175781,False,True,,,GRU,1
test_02,A3,test,2,45.20006561279297,451,236.42893981933594,0.39165459278236714,,29.099937438964844,74.30000305175781,False,True,,,GRU,1
test_02,A3,test,2,45.30006408691406,452,236.42893981933594,0.3903087183541867,,28.99993896484375,74.30000305175781,False,True,,,GRU,1
test_02,A3,test,2,45.40006637573242,453,236.42893981933594,0.38896279258418776,,28.89993667602539,74.30000305175781,False,True,,,GRU,1
test_02,A3,test,2,45.50006866455078,454,236.42893981933594,0.38761686681418883,,28.79993438720703,74.30000305175781,False,True,,,GRU,1
test_02,A3,test,2,45.600067138671875,455,236.42893981933594,0.3862709923860083,,28.699935913085938,74.30000305175781,False,True,,,GRU,1
test_02,A3,test,2,45.70006561279297,456,236.42893981933594,0.38492511795782786,,28.599937438964844,74.30000305175781,False,True,,,GRU,1
test_02,A3,test,2,45.80006790161133,457,236.42893981933594,0.38357919218782893,,28.499935150146484,74.30000305175781,False,True,,,GRU,1
test_02,A3,test,2,45.90007019042969,458,236.42893981933594,0.38223326641783,,28.399932861328125,74.30000305175781,False,True,,,GRU,1
test_02,A3,test,2,46.00006866455078,459,236.42893981933594,0.3808873919896495,,28.29993438720703,74.30000305175781,False,True,,,GRU,1
test_02,A3,test,2,46.100067138671875,460,236.42893981933594,0.379541517561469,,28.199935913085938,74.30000305175781,False,True,,,GRU,1
test_02,A3,test,2,46.200069427490234,461,236.42893981933594,0.37819559179147005,,28.099933624267578,74.30000305175781,False,True,,,GRU,1
test_02,A3,test,2,46.300071716308594,462,236.42893981933594,0.37684966602147113,,27.99993133544922,74.30000305175781,False,True,,,GRU,1
test_02,A3,test,2,46.40007019042969,463,236.42893981933594,0.37550379159329067,,27.899932861328125,74.30000305175781,False,True,,,GRU,1
test_02,A3,test,2,46.50006866455078,464,236.42893981933594,0.37415791716511015,,27.79993438720703,74.30000305175781,False,True,,,GRU,1
test_02,A3,test,2,46.60007095336914,465,236.42893981933594,0.37281199139511123,,27.699932098388672,74.30000305175781,False,True,,,GRU,1
test_02,A3,test,2,46.7000732421875,466,236.42893981933594,0.3714660656251123,,27.599929809570312,74.30000305175781,False,True,,,GRU,1
test_02,A3,test,2,46.800071716308594,467,236.42893981933594,0.3701201911969318,,27.49993133544922,74.30000305175781,False,True,,,GRU,1
test_02,A3,test,2,46.90007019042969,468,236.42893981933594,0.36877431676875133,,27.399932861328125,74.30000305175781,False,True,,,GRU,1
test_02,A3,test,2,47.00007247924805,469,236.42893981933594,0.3674283909987524,,27.299930572509766,74.30000305175781,False,True,,,GRU,1
test_02,A3,test,2,47.100074768066406,470,236.42893981933594,0.3660824652287535,,27.199928283691406,74.30000305175781,False,True,,,GRU,1
test_02,A3,test,2,47.2000732421875,471,236.42893981933594,0.36473659080057297,,27.099929809570312,74.30000305175781,False,True,,,GRU,1
test_02,A3,test,2,47.300071716308594,472,236.42893981933594,0.36339071637239245,,26.99993133544922,74.30000305175781,False,True,,,GRU,1
test_02,A3,test,2,47.40007400512695,473,236.42893981933594,0.36204479060239353,,26.89992904663086,74.30000305175781,False,True,,,GRU,1
test_02,A3,test,2,47.50007629394531,474,236.42893981933594,0.36069886483239466,,26.7999267578125,74.30000305175781,False,True,,,GRU,1
test_02,A3,test,2,47.600074768066406,475,236.42893981933594,0.35935299040421415,,26.699928283691406,74.30000305175781,False,True,,,GRU,1
test_02,A3,test,2,47.7000732421875,476,236.42893981933594,0.35800711597603363,,26.599929809570312,74.30000305175781,False,True,,,GRU,1
test_02,A3,test,2,47.80007553100586,477,236.42893981933594,0.3566611902060347,,26.499927520751953,74.30000305175781,False,True,,,GRU,1
test_02,A3,test,2,47.90007781982422,478,236.42893981933594,0.3553152644360358,,26.399925231933594,74.30000305175781,False,True,,,GRU,1
test_02,A3,test,2,48.00007629394531,479,236.42893981933594,0.3539693900078553,,26.2999267578125,74.30000305175781,False,True,,,GRU,1
test_02,A3,test,2,48.100074768066406,480,236.42893981933594,0.3526235155796748,,26.199928283691406,74.30000305175781,False,True,,,GRU,1
test_02,A3,test,2,48.200077056884766,481,236.42893981933594,0.3512775898096759,,26.099925994873047,74.30000305175781,False,True,,,GRU,1
test_02,A3,test,2,48.300079345703125,482,236.42893981933594,0.34993166403967696,,25.999923706054688,74.30000305175781,False,True,,,GRU,1
test_02,A3,test,2,48.40007781982422,483,236.42893981933594,0.34858578961149644,,25.899925231933594,74.30000305175781,False,True,,,GRU,1
test_02,A3,test,2,48.50007629394531,484,236.42893981933594,0.347239915183316,,25.7999267578125,74.30000305175781,False,True,,,GRU,1
test_02,A3,test,2,48.60007858276367,485,236.42893981933594,0.34589398941331706,,25.69992446899414,74.30000305175781,False,True,,,GRU,1
test_02,A3,test,2,48.70008087158203,486,236.42893981933594,0.34454806364331814,,25.59992218017578,74.30000305175781,False,True,,,GRU,1
test_02,A3,test,2,48.800079345703125,487,236.42893981933594,0.3432021892151376,,25.499923706054688,74.30000305175781,False,True,,,GRU,1
test_02,A3,test,2,48.90007781982422,488,236.42893981933594,0.3418563147869571,,25.399925231933594,74.30000305175781,False,True,,,GRU,1
test_02,A3,test,2,49.00008010864258,489,236.42893981933594,0.3405103890169582,,25.299922943115234,74.30000305175781,False,True,,,GRU,1
test_02,A3,test,2,49.10008239746094,490,236.42893981933594,0.33916446324695926,,25.199920654296875,74.30000305175781,False,True,,,GRU,1
test_02,A3,test,2,49.20008087158203,491,236.42893981933594,0.3378185888187788,,25.09992218017578,74.30000305175781,False,True,,,GRU,1
test_02,A3,test,2,49.300079345703125,492,236.42893981933594,0.3364727143905983,,24.999923706054688,74.30000305175781,False,True,,,GRU,1
test_02,A3,test,2,49.400081634521484,493,236.42893981933594,0.33512678862059936,,24.899921417236328,74.30000305175781,False,True,,,GRU,1
test_02,A3,test,2,49.500083923339844,494,236.42893981933594,0.33378086285060043,,24.79991912841797,74.30000305175781,False,True,,,GRU,1
test_02,A3,test,2,49.60008239746094,495,236.42893981933594,0.3324349884224199,,24.699920654296875,74.30000305175781,False,True,,,GRU,1
test_02,A3,test,2,49.70008087158203,496,236.42893981933594,0.33108911399423946,,24.59992218017578,74.30000305175781,False,True,,,GRU,1
test_02,A3,test,2,49.80008316040039,497,236.42893981933594,0.32974318822424054,,24.499919891357422,74.30000305175781,False,True,,,GRU,1
test_02,A3,test,2,49.90008544921875,498,236.42893981933594,0.3283972624542416,,24.399917602539062,74.30000305175781,False,True,,,GRU,1
test_02,A3,test,2,50.000083923339844,499,236.42893981933594,0.3270513880260611,,24.29991912841797,74.30000305175781,False,True,,,GRU,1
test_02,A3,test,2,50.10008239746094,500,236.42893981933594,0.32570551359788064,,24.199920654296875,74.30000305175781,False,True,,,GRU,1
test_02,A3,test,2,50.2000846862793,501,236.42893981933594,0.3243595878278817,,24.099918365478516,74.30000305175781,False,True,,,GRU,1
test_02,A3,test,2,50.300086975097656,502,236.42893981933594,0.3230136620578828,,23.999916076660156,74.30000305175781,False,True,,,GRU,1
test_02,A3,test,2,50.40008544921875,503,236.42893981933594,0.3216677876297023,,23.899917602539062,74.30000305175781,False,True,,,GRU,1
test_02,A3,test,2,50.500083923339844,504,236.42893981933594,0.32032191320152176,,23.79991912841797,74.30000305175781,False,True,,,GRU,1
test_02,A3,test,2,50.6000862121582,505,236.42893981933594,0.31897598743152283,,23.69991683959961,74.30000305175781,False,True,,,GRU,1
test_02,A3,test,2,50.70008850097656,506,236.42893981933594,0.3176300616615239,,23.59991455078125,74.30000305175781,False,True,,,GRU,1
test_02,A3,test,2,50.800086975097656,507,236.42893981933594,0.31628418723334345,,23.499916076660156,74.30000305175781,False,True,,,GRU,1
test_02,A3,test,2,50.90008544921875,508,236.42893981933594,0.31493831280516293,,23.399917602539062,74.30000305175781,False,True,,,GRU,1
test_02,A3,test,2,51.00008773803711,509,236.42893981933594,0.313592387035164,,23.299915313720703,74.30000305175781,False,True,,,GRU,1
test_02,A3,test,2,51.10009002685547,510,236.42893981933594,0.3122464612651651,,23.199913024902344,74.30000305175781,False,True,,,GRU,1
test_02,A3,test,2,51.20008850097656,511,236.42893981933594,0.31090058683698457,,23.09991455078125,74.30000305175781,False,True,,,GRU,1
test_02,A3,test,2,51.300086975097656,512,236.42893981933594,0.3095547124088041,,22.999916076660156,74.30000305175781,False,True,,,GRU,1
test_02,A3,test,2,51.400089263916016,513,236.42893981933594,0.3082087866388052,,22.899913787841797,74.30000305175781,False,True,,,GRU,1
test_02,A3,test,2,51.500091552734375,514,236.42893981933594,0.30686286086880626,,22.799911499023438,74.30000305175781,False,True,,,GRU,1
test_02,A3,test,2,51.60009002685547,515,236.42893981933594,0.30551698644062575,,22.699913024902344,74.30000305175781,False,True,,,GRU,1
test_02,A3,test,2,51.70008850097656,516,236.42893981933594,0.30417111201244523,,22.59991455078125,74.30000305175781,False,True,,,GRU,1
test_02,A3,test,2,51.80009078979492,517,236.42893981933594,0.3028251862424463,,22.49991226196289,74.30000305175781,False,True,,,GRU,1
test_02,A3,test,2,51.90009307861328,518,236.42893981933594,0.3014792604724474,,22.39990997314453,74.30000305175781,False,True,,,GRU,1
test_02,A3,test,2,52.000091552734375,519,236.42893981933594,0.3001333860442669,,22.299911499023438,74.30000305175781,False,True,,,GRU,1
test_02,A3,test,2,52.10009002685547,520,236.42893981933594,0.2987875116160864,,22.199913024902344,74.30000305175781,False,True,,,GRU,1
test_02,A3,test,2,52.20009231567383,521,236.42893981933594,0.2974415858460875,,22.099910736083984,74.30000305175781,False,True,,,GRU,1
test_02,A3,test,2,52.30009460449219,522,236.42893981933594,0.29609566007608856,,21.999908447265625,74.30000305175781,False,True,,,GRU,1
test_02,A3,test,2,52.40009307861328,523,236.42893981933594,0.2947497856479081,,21.89990997314453,74.30000305175781,False,True,,,GRU,1
test_02,A3,test,2,52.500091552734375,524,236.42893981933594,0.2934039112197276,,21.799911499023438,74.30000305175781,False,True,,,GRU,1
test_02,A3,test,2,52.600093841552734,525,236.42893981933594,0.29205798544972866,,21.699909210205078,74.30000305175781,False,True,,,GRU,1
test_02,A3,test,2,52.700096130371094,526,236.42893981933594,0.29071205967972974,,21.59990692138672,74.30000305175781,False,True,,,GRU,1
test_02,A3,test,2,52.80009460449219,527,236.42893981933594,0.2893661852515492,,21.499908447265625,74.30000305175781,False,True,,,GRU,1
test_02,A3,test,2,52.90009307861328,528,236.42893981933594,0.28802031082336876,,21.39990997314453,74.30000305175781,False,True,,,GRU,1
test_02,A3,test,2,53.00009536743164,529,236.42893981933594,0.28667438505336984,,21.299907684326172,74.30000305175781,False,True,,,GRU,1
test_02,A3,test,2,53.10009765625,530,236.42893981933594,0.2853284592833709,,21.199905395507812,74.30000305175781,False,True,,,GRU,1
test_02,A3,test,2,53.200096130371094,531,236.42893981933594,0.2839825848551904,,21.09990692138672,74.30000305175781,False,True,,,GRU,1
test_02,A3,test,2,53.30009460449219,532,236.42893981933594,0.2826367104270099,,20.999908447265625,74.30000305175781,False,True,,,GRU,1
test_02,A3,test,2,53.40009689331055,533,236.42893981933594,0.28129078465701096,,20.899906158447266,74.30000305175781,False,True,,,GRU,1
test_02,A3,test,2,53.500099182128906,534,236.42893981933594,0.27994485888701204,,20.799903869628906,74.30000305175781,False,True,,,GRU,1
test_02,A3,test,2,53.60009765625,535,236.42893981933594,0.2785989844588316,,20.699905395507812,74.30000305175781,False,True,,,GRU,1
test_02,A3,test,2,53.700096130371094,536,236.42893981933594,0.27725311003065106,,20.59990692138672,74.30000305175781,False,True,,,GRU,1
test_02,A3,test,2,53.80009841918945,537,236.42893981933594,0.27590718426065214,,20.49990463256836,74.30000305175781,False,True,,,GRU,1
test_02,A3,test,2,53.90010070800781,538,236.42893981933594,0.2745612584906532,,20.39990234375,74.30000305175781,False,True,,,GRU,1
test_02,A3,test,2,54.000099182128906,539,236.42893981933594,0.2732153840624727,,20.299903869628906,74.30000305175781,False,True,,,GRU,1
test_02,A3,test,2,54.10009765625,540,236.42893981933594,0.27186950963429224,,20.199905395507812,74.30000305175781,False,True,,,GRU,1
test_02,A3,test,2,54.20009994506836,541,236.42893981933594,0.2705235838642933,,20.099903106689453,74.30000305175781,False,True,,,GRU,1
test_02,A3,test,2,54.30010223388672,542,236.42893981933594,0.2691776580942944,,19.999900817871094,74.30000305175781,False,True,,,GRU,1
test_02,A3,test,2,54.40010070800781,543,236.42893981933594,0.2678317836661139,,19.89990234375,74.30000305175781,False,True,,,GRU,1
test_02,A3,test,2,54.500099182128906,544,236.42893981933594,0.2664859092379334,,19.799903869628906,74.30000305175781,False,True,,,GRU,1
test_02,A3,test,2,54.600101470947266,545,236.42893981933594,0.2651399834679345,,19.699901580810547,74.30000305175781,False,True,,,GRU,1
test_02,A3,test,2,54.700103759765625,546,236.42893981933594,0.26379405769793557,,19.599899291992188,74.30000305175781,False,True,,,GRU,1
test_02,A3,test,2,54.80010223388672,547,236.42893981933594,0.26244818326975505,,19.499900817871094,74.30000305175781,False,True,,,GRU,1
test_02,A3,test,2,54.90010070800781,548,236.42893981933594,0.26110230884157454,,19.39990234375,74.30000305175781,False,True,,,GRU,1
test_02,A3,test,2,55.00010299682617,549,236.42893981933594,0.2597563830715756,,19.29990005493164,74.30000305175781,False,True,,,GRU,1
test_02,A3,test,2,55.10010528564453,550,236.42893981933594,0.2584104573015767,,19.19989776611328,74.30000305175781,False,True,,,GRU,1
test_02,A3,test,2,55.200103759765625,551,236.42893981933594,0.25706458287339623,,19.099899291992188,74.30000305175781,False,True,,,GRU,1
test_02,A3,test,2,55.30010223388672,552,236.42893981933594,0.2557187084452157,,18.999900817871094,74.30000305175781,False,True,,,GRU,1
test_02,A3,test,2,55.40010452270508,553,236.42893981933594,0.2543727826752168,,18.899898529052734,74.30000305175781,False,True,,,GRU,1
test_02,A3,test,2,55.50010681152344,554,236.42893981933594,0.25302685690521787,,18.799896240234375,74.30000305175781,False,True,,,GRU,1
test_02,A3,test,2,55.60010528564453,555,236.42893981933594,0.25168098247703735,,18.69989776611328,74.30000305175781,False,True,,,GRU,1
test_02,A3,test,2,55.700103759765625,556,236.42893981933594,0.2503351080488569,,18.599899291992188,74.30000305175781,False,True,,,GRU,1
test_02,A3,test,2,55.800106048583984,557,236.42893981933594,0.24898918227885794,,18.499897003173828,74.30000305175781,False,True,,,GRU,1
test_02,A3,test,2,55.900108337402344,558,236.42893981933594,0.24764325650885904,,18.39989471435547,74.30000305175781,False,True,,,GRU,1
test_02,A3,test,2,56.00010681152344,559,236.42893981933594,0.24629738208067853,,18.299896240234375,74.30000305175781,False,True,,,GRU,1
test_02,A3,test,2,56.10010528564453,560,236.42893981933594,0.24495150765249804,,18.19989776611328,74.30000305175781,False,True,,,GRU,1
test_02,A3,test,2,56.20010757446289,561,236.42893981933594,0.24360558188249912,,18.099895477294922,74.30000305175781,False,True,,,GRU,1
test_02,A3,test,2,56.30010986328125,562,236.42893981933594,0.2422596561125002,,17.999893188476562,74.30000305175781,False,True,,,GRU,1
test_02,A3,test,2,56.400108337402344,563,236.42893981933594,0.2409137816843197,,17.89989471435547,74.30000305175781,False,True,,,GRU,1
test_02,A3,test,2,56.50010681152344,564,236.42893981933594,0.2395679072561392,,17.799896240234375,74.30000305175781,False,True,,,GRU,1
test_02,A3,test,2,56.6001091003418,565,236.42893981933594,0.23822198148614027,,17.699893951416016,74.30000305175781,False,True,,,GRU,1
test_02,A3,test,2,56.700111389160156,566,236.42893981933594,0.23687605571614134,,17.599891662597656,74.30000305175781,False,True,,,GRU,1
test_02,A3,test,2,56.80010986328125,567,236.42893981933594,0.23553018128796085,,17.499893188476562,74.30000305175781,False,True,,,GRU,1
test_02,A3,test,2,56.900108337402344,568,236.42893981933594,0.23418430685978037,,17.39989471435547,74.30000305175781,False,True,,,GRU,1
test_02,A3,test,2,57.0001106262207,569,236.42893981933594,0.23283838108978144,,17.29989242553711,74.30000305175781,False,True,,,GRU,1
test_02,A3,test,2,57.10011291503906,570,236.42893981933594,0.23149245531978252,,17.19989013671875,74.30000305175781,False,True,,,GRU,1
test_02,A3,test,2,57.200111389160156,571,236.42893981933594,0.23014658089160203,,17.099891662597656,74.30000305175781,False,True,,,GRU,1
test_02,A3,test,2,57.30010986328125,572,236.42893981933594,0.22880070646342152,,16.999893188476562,74.30000305175781,False,True,,,GRU,1
test_02,A3,test,2,57.40011215209961,573,236.42893981933594,0.2274547806934226,,16.899890899658203,74.30000305175781,False,True,,,GRU,1
test_02,A3,test,2,57.50011444091797,574,236.42893981933594,0.22610885492342367,,16.799888610839844,74.30000305175781,False,True,,,GRU,1
test_02,A3,test,2,57.60011291503906,575,236.42893981933594,0.22476298049524318,,16.69989013671875,74.30000305175781,False,True,,,GRU,1
test_02,A3,test,2,57.700111389160156,576,236.42893981933594,0.2234171060670627,,16.599891662597656,74.30000305175781,False,True,,,GRU,1
test_02,A3,test,2,57.800113677978516,577,236.42893981933594,0.22207118029706377,,16.499889373779297,74.30000305175781,False,True,,,GRU,1
test_02,A3,test,2,57.900115966796875,578,236.42893981933594,0.22072525452706485,,16.399887084960938,74.30000305175781,False,True,,,GRU,1
test_02,A3,test,2,58.00011444091797,579,236.42893981933594,0.21937938009888433,,16.299888610839844,74.30000305175781,False,True,,,GRU,1
test_02,A3,test,2,58.10011291503906,580,236.42893981933594,0.21803350567070384,,16.19989013671875,74.30000305175781,False,True,,,GRU,1
test_02,A3,test,2,58.20011520385742,581,236.42893981933594,0.21668757990070492,,16.09988784790039,74.30000305175781,False,True,,,GRU,1
test_02,A3,test,2,58.30011749267578,582,236.42893981933594,0.215341654130706,,15.999885559082031,74.30000305175781,False,True,,,GRU,1
test_02,A3,test,2,58.400115966796875,583,236.42893981933594,0.2139957797025255,,15.899887084960938,74.30000305175781,False,True,,,GRU,1
test_02,A3,test,2,58.50011444091797,584,236.42893981933594,0.21264990527434502,,15.799888610839844,74.30000305175781,False,True,,,GRU,1
test_02,A3,test,2,58.60011672973633,585,236.42893981933594,0.2113039795043461,,15.699886322021484,74.30000305175781,False,True,,,GRU,1
test_02,A3,test,2,58.70011901855469,586,236.42893981933594,0.20995805373434717,,15.599884033203125,74.30000305175781,False,True,,,GRU,1
test_02,A3,test,2,58.80011749267578,587,236.42893981933594,0.20861217930616666,,15.499885559082031,74.30000305175781,False,True,,,GRU,1
test_02,A3,test,2,58.900115966796875,588,236.42893981933594,0.20726630487798617,,15.399887084960938,74.30000305175781,False,True,,,GRU,1
test_02,A3,test,2,59.000118255615234,589,236.42893981933594,0.20592037910798724,,15.299884796142578,74.30000305175781,False,True,,,GRU,1
test_02,A3,test,2,59.100120544433594,590,236.42893981933594,0.20457445333798832,,15.199882507324219,74.30000305175781,False,True,,,GRU,1
test_02,A3,test,2,59.20011901855469,591,236.42893981933594,0.20322857890980783,,15.099884033203125,74.30000305175781,False,True,,,GRU,1
test_02,A3,test,2,59.30011749267578,592,236.42893981933594,0.20188270448162732,,14.999885559082031,74.30000305175781,False,True,,,GRU,1
test_02,A3,test,2,59.40011978149414,593,236.42893981933594,0.20053677871162842,,14.899883270263672,74.30000305175781,False,True,,,GRU,1
test_02,A3,test,2,59.5001220703125,594,236.42893981933594,0.1991908529416295,,14.799880981445312,74.30000305175781,False,True,,,GRU,1
test_02,A3,test,2,59.600120544433594,595,236.42893981933594,0.19784497851344898,,14.699882507324219,74.30000305175781,False,True,,,GRU,1
test_02,A3,test,2,59.70011901855469,596,236.42893981933594,0.1964991040852685,,14.599884033203125,74.30000305175781,False,True,,,GRU,1
test_02,A3,test,2,59.80012130737305,597,236.42893981933594,0.19515317831526957,,14.499881744384766,74.30000305175781,False,True,,,GRU,1
test_02,A3,test,2,59.900123596191406,598,236.42893981933594,0.19380725254527065,,14.399879455566406,74.30000305175781,False,True,,,GRU,1
test_02,A3,test,2,60.0001220703125,599,236.42893981933594,0.19246137811709016,,14.299880981445312,74.30000305175781,False,True,,,GRU,1
test_02,A3,test,2,60.100120544433594,600,236.42893981933594,0.19111550368890964,,14.199882507324219,74.30000305175781,False,True,,,GRU,1
test_02,A3,test,2,60.20012283325195,601,236.42893981933594,0.18976957791891072,,14.09988021850586,74.30000305175781,False,True,,,GRU,1
test_02,A3,test,2,60.30012512207031,602,236.42893981933594,0.1884236521489118,,13.9998779296875,74.30000305175781,False,True,,,GRU,1
test_02,A3,test,2,60.400123596191406,603,236.42893981933594,0.1870777777207313,,13.899879455566406,74.30000305175781,False,True,,,GRU,1
test_02,A3,test,2,60.5001220703125,604,236.42893981933594,0.18573190329255082,,13.799880981445312,74.30000305175781,False,True,,,GRU,1
test_02,A3,test,2,60.600128173828125,605,236.42893981933594,0.18438592618073346,,13.699874877929688,74.30000305175781,False,True,,,GRU,1
test_02,A3,test,2,60.70012664794922,606,236.42893981933594,0.18304005175255297,,13.599876403808594,74.30000305175781,False,True,,,GRU,1
test_02,A3,test,2,60.80012512207031,607,236.42893981933594,0.18169417732437249,,13.4998779296875,74.30000305175781,False,True,,,GRU,1
test_02,A3,test,2,60.900123596191406,608,236.42893981933594,0.18034830289619197,,13.399879455566406,74.30000305175781,False,True,,,GRU,1
test_02,A3,test,2,61.00012969970703,609,236.42893981933594,0.17900232578437464,,13.299873352050781,74.30000305175781,False,True,,,GRU,1
test_02,A3,test,2,61.100128173828125,610,236.42893981933594,0.17765645135619412,,13.199874877929688,74.30000305175781,False,True,,,GRU,1
test_02,A3,test,2,61.20012664794922,611,236.42893981933594,0.17631057692801363,,13.099876403808594,74.30000305175781,False,True,,,GRU,1
test_02,A3,test,2,61.30012512207031,612,236.42893981933594,0.17496470249983315,,12.9998779296875,74.30000305175781,False,True,,,GRU,1
test_02,A3,test,2,61.40013122558594,613,236.42893981933594,0.1736187253880158,,12.899871826171875,74.30000305175781,False,True,,,GRU,1
test_02,A3,test,2,61.50012969970703,614,236.42893981933594,0.1722728509598353,,12.799873352050781,74.30000305175781,False,True,,,GRU,1
test_02,A3,test,2,61.600128173828125,615,236.42893981933594,0.1709269765316548,,12.699874877929688,74.30000305175781,False,True,,,GRU,1
test_02,A3,test,2,61.70012664794922,616,236.42893981933594,0.1695811021034743,,12.599876403808594,74.30000305175781,False,True,,,GRU,1
test_02,A3,test,2,61.800132751464844,617,236.42893981933594,0.16823512499165696,,12.499870300292969,74.30000305175781,False,True,,,GRU,1
test_02,A3,test,2,61.90013122558594,618,236.42893981933594,0.16688925056347645,,12.399871826171875,74.30000305175781,False,True,,,GRU,1
test_02,A3,test,2,62.00012969970703,619,236.42893981933594,0.16554337613529596,,12.299873352050781,74.30000305175781,False,True,,,GRU,1
test_02,A3,test,2,62.100128173828125,620,236.42893981933594,0.16419750170711547,,12.199874877929688,74.30000305175781,False,True,,,GRU,1
test_02,A3,test,2,62.20013427734375,621,236.42893981933594,0.1628515245952981,,12.099868774414062,74.30000305175781,False,True,,,GRU,1
test_02,A3,test,2,62.300132751464844,622,236.42893981933594,0.16150565016711763,,11.999870300292969,74.30000305175781,False,True,,,GRU,1
test_02,A3,test,2,62.40013122558594,623,236.42893981933594,0.1601597757389371,,11.899871826171875,74.30000305175781,False,True,,,GRU,1
test_02,A3,test,2,62.50012969970703,624,236.42893981933594,0.15881390131075662,,11.799873352050781,74.30000305175781,False,True,,,GRU,1
test_02,A3,test,2,62.600135803222656,625,236.42893981933594,0.1574679241989393,,11.699867248535156,74.30000305175781,False,True,,,GRU,1
test_02,A3,test,2,62.70013427734375,626,236.42893981933594,0.15612204977075878,,11.599868774414062,74.30000305175781,False,True,,,GRU,1
test_02,A3,test,2,62.800132751464844,627,236.42893981933594,0.1547761753425783,,11.499870300292969,74.30000305175781,False,True,,,GRU,1
test_02,A3,test,2,62.90013122558594,628,236.42893981933594,0.1534303009143978,,11.399871826171875,74.30000305175781,False,True,,,GRU,1
test_02,A3,test,2,63.00013732910156,629,236.42893981933594,0.15208432380258044,,11.29986572265625,74.30000305175781,False,True,,,GRU,1
test_02,A3,test,2,63.100135803222656,630,236.42893981933594,0.15073844937439995,,11.199867248535156,74.30000305175781,False,True,,,GRU,1
test_02,A3,test,2,63.20013427734375,631,236.42893981933594,0.14939257494621944,,11.099868774414062,74.30000305175781,False,True,,,GRU,1
test_02,A3,test,2,63.300132751464844,632,236.42893981933594,0.14804670051803895,,10.999870300292969,74.30000305175781,False,True,,,GRU,1
test_02,A3,test,2,63.40013885498047,633,236.42893981933594,0.1467007234062216,,10.899864196777344,74.30000305175781,False,True,,,GRU,1
test_02,A3,test,2,63.50013732910156,634,236.42893981933594,0.1453548489780411,,10.79986572265625,74.30000305175781,False,True,,,GRU,1
test_02,A3,test,2,63.600135803222656,635,236.42893981933594,0.1440089745498606,,10.699867248535156,74.30000305175781,False,True,,,GRU,1
test_02,A3,test,2,63.70013427734375,636,236.42893981933594,0.1426631001216801,,10.599868774414062,74.30000305175781,False,True,,,GRU,1
test_02,A3,test,2,63.800140380859375,637,236.42893981933594,0.14131712300986277,,10.499862670898438,74.30000305175781,False,True,,,GRU,1
test_02,A3,test,2,63.90013885498047,638,236.42893981933594,0.13997124858168228,,10.399864196777344,74.30000305175781,False,True,,,GRU,1
test_02,A3,test,2,64.00013732910156,639,236.42893981933594,0.13862537415350176,,10.29986572265625,74.30000305175781,False,True,,,GRU,1
test_02,A3,test,2,64.10013580322266,640,236.42893981933594,0.13727949972532127,,10.199867248535156,74.30000305175781,False,True,,,GRU,1
test_02,A3,test,2,64.20014190673828,641,236.42893981933594,0.13593352261350392,,10.099861145019531,74.30000305175781,False,True,,,GRU,1
test_02,A3,test,2,64.30014038085938,642,236.42893981933594,0.13458764818532343,,9.999862670898438,74.30000305175781,False,True,,,GRU,1
test_02,A3,test,2,64.40013885498047,643,236.42893981933594,0.13324177375714294,,9.899864196777344,74.30000305175781,False,True,,,GRU,1
test_02,A3,test,2,64.50013732910156,644,236.42893981933594,0.13189589932896242,,9.79986572265625,74.30000305175781,False,True,,,GRU,1
test_02,A3,test,2,64.60014343261719,645,236.42893981933594,0.1305499222171451,,9.699859619140625,74.30000305175781,False,True,,,GRU,1
test_02,A3,test,2,64.70014190673828,646,236.42893981933594,0.12920404778896458,,9.599861145019531,74.30000305175781,False,True,,,GRU,1
test_02,A3,test,2,64.80014038085938,647,236.42893981933594,0.1278581733607841,,9.499862670898438,74.30000305175781,False,True,,,GRU,1
test_02,A3,test,2,64.90013885498047,648,236.42893981933594,0.1265122989326036,,9.399864196777344,74.30000305175781,False,True,,,GRU,1
test_02,A3,test,2,65.0001449584961,649,236.42893981933594,0.12516632182078624,,9.299858093261719,74.30000305175781,False,True,,,GRU,1
test_02,A3,test,2,65.10014343261719,650,236.42893981933594,0.12382044739260575,,9.199859619140625,74.30000305175781,False,True,,,GRU,1
test_02,A3,test,2,65.20014190673828,651,236.42893981933594,0.12247457296442525,,9.099861145019531,74.30000305175781,False,True,,,GRU,1
test_02,A3,test,2,65.30014038085938,652,236.42893981933594,0.12112869853624475,,8.999862670898438,74.30000305175781,False,True,,,GRU,1
test_02,A3,test,2,65.400146484375,653,236.42893981933594,0.1197827214244274,,8.899856567382812,74.30000305175781,False,True,,,GRU,1
test_02,A3,test,2,65.5001449584961,654,236.42893981933594,0.11843684699624692,,8.799858093261719,74.30000305175781,False,True,,,GRU,1
test_02,A3,test,2,65.60014343261719,655,236.42893981933594,0.11709097256806641,,8.699859619140625,74.30000305175781,False,True,,,GRU,1
test_02,A3,test,2,65.70014190673828,656,236.42893981933594,0.11574509813988591,,8.599861145019531,74.30000305175781,False,True,,,GRU,1
test_02,A3,test,2,65.8001480102539,657,236.42893981933594,0.11439912102806857,,8.499855041503906,74.30000305175781,False,True,,,GRU,1
test_02,A3,test,2,65.900146484375,658,236.42893981933594,0.11305324659988808,,8.399856567382812,74.30000305175781,False,True,,,GRU,1
test_02,A3,test,2,66.0001449584961,659,236.42893981933594,0.11170737217170758,,8.299858093261719,74.30000305175781,False,True,,,GRU,1
test_02,A3,test,2,66.10014343261719,660,236.42893981933594,0.11036149774352708,,8.199859619140625,74.30000305175781,False,True,,,GRU,1
test_02,A3,test,2,66.20014953613281,661,236.42893981933594,0.10901552063170973,,8.099853515625,74.30000305175781,False,True,,,GRU,1
test_02,A3,test,2,66.3001480102539,662,236.42893981933594,0.10766964620352924,,7.999855041503906,74.30000305175781,False,True,,,GRU,1
test_02,A3,test,2,66.400146484375,663,236.42893981933594,0.10632377177534874,,7.8998565673828125,74.30000305175781,False,True,,,GRU,1
test_02,A3,test,2,66.5001449584961,664,236.42893981933594,0.10497789734716824,,7.799858093261719,74.30000305175781,False,True,,,GRU,1
test_02,A3,test,2,66.60015106201172,665,236.42893981933594,0.1036319202353509,,7.699851989746094,74.30000305175781,False,True,,,GRU,1
test_02,A3,test,2,66.70014953613281,666,236.42893981933594,0.10228604580717039,,7.599853515625,74.30000305175781,False,True,,,GRU,1
test_02,A3,test,2,66.8001480102539,667,236.42893981933594,0.1009401713789899,,7.499855041503906,74.30000305175781,False,True,,,GRU,1
test_02,A3,test,2,66.900146484375,668,236.42893981933594,0.0995942969508094,,7.3998565673828125,74.30000305175781,False,True,,,GRU,1
test_02,A3,test,2,67.00015258789062,669,236.42893981933594,0.09824831983899206,,7.2998504638671875,74.30000305175781,False,True,,,GRU,1
test_02,A3,test,2,67.10015106201172,670,236.42893981933594,0.09690244541081156,,7.199851989746094,74.30000305175781,False,True,,,GRU,1
test_02,A3,test,2,67.20014953613281,671,236.42893981933594,0.09555657098263107,,7.099853515625,74.30000305175781,False,True,,,GRU,1
test_02,A3,test,2,67.3001480102539,672,236.42893981933594,0.09421069655445057,,6.999855041503906,74.30000305175781,False,True,,,GRU,1
test_02,A3,test,2,67.40015411376953,673,236.42893981933594,0.09286471944263322,,6.899848937988281,74.30000305175781,False,True,,,GRU,1
test_02,A3,test,2,67.50015258789062,674,236.42893981933594,0.09151884501445272,,6.7998504638671875,74.30000305175781,False,True,,,GRU,1
test_02,A3,test,2,67.60015106201172,675,236.42893981933594,0.09017297058627223,,6.699851989746094,74.30000305175781,False,True,,,GRU,1
test_02,A3,test,2,67.70014953613281,676,236.42893981933594,0.08882709615809173,,6.599853515625,74.30000305175781,False,True,,,GRU,1
test_02,A3,test,2,67.80015563964844,677,236.42893981933594,0.08748111904627438,,6.499847412109375,74.30000305175781,False,True,,,GRU,1
test_02,A3,test,2,67.90015411376953,678,236.42893981933594,0.08613524461809388,,6.399848937988281,74.30000305175781,False,True,,,GRU,1
test_02,A3,test,2,68.00015258789062,679,236.42893981933594,0.08478937018991338,,6.2998504638671875,74.30000305175781,False,True,,,GRU,1
test_02,A3,test,2,68.10015106201172,680,236.42893981933594,0.08344349576173289,,6.199851989746094,74.30000305175781,False,True,,,GRU,1
test_02,A3,test,2,68.20015716552734,681,236.42893981933594,0.08209751864991555,,6.099845886230469,74.30000305175781,False,True,,,GRU,1
test_02,A3,test,2,68.30015563964844,682,236.42893981933594,0.08075164422173504,,5.999847412109375,74.30000305175781,False,True,,,GRU,1
test_02,A3,test,2,68.40015411376953,683,236.42893981933594,0.07940576979355454,,5.899848937988281,74.30000305175781,False,True,,,GRU,1
test_02,A3,test,2,68.50015258789062,684,236.42893981933594,0.07805989536537405,,5.7998504638671875,74.30000305175781,False,True,,,GRU,1
test_02,A3,test,2,68.60015869140625,685,236.42893981933594,0.07671391825355671,,5.6998443603515625,74.30000305175781,False,True,,,GRU,1
test_02,A3,test,2,68.70015716552734,686,236.42893981933594,0.07536804382537621,,5.599845886230469,74.30000305175781,False,True,,,GRU,1
test_02,A3,test,2,68.80015563964844,687,236.42893981933594,0.0740221693971957,,5.499847412109375,74.30000305175781,False,True,,,GRU,1
test_02,A3,test,2,68.90015411376953,688,236.42893981933594,0.07267629496901522,,5.399848937988281,74.30000305175781,False,True,,,GRU,1
test_02,A3,test,2,69.00016021728516,689,236.42893981933594,0.07133031785719787,,5.299842834472656,74.30000305175781,False,True,,,GRU,1
test_02,A3,test,2,69.10015869140625,690,236.42893981933594,0.06998444342901737,,5.1998443603515625,74.30000305175781,False,True,,,GRU,1
test_02,A3,test,2,69.20015716552734,691,236.42893981933594,0.06863856900083687,,5.099845886230469,74.30000305175781,False,True,,,GRU,1
test_02,A3,test,2,69.30015563964844,692,236.42893981933594,0.06729269457265638,,4.999847412109375,74.30000305175781,False,True,,,GRU,1
test_02,A3,test,2,69.40016174316406,693,236.42893981933594,0.06594671746083902,,4.89984130859375,74.30000305175781,False,True,,,GRU,1
test_02,A3,test,2,69.50016021728516,694,236.42893981933594,0.06460084303265853,,4.799842834472656,74.30000305175781,False,True,,,GRU,1
test_02,A3,test,2,69.60015869140625,695,236.42893981933594,0.06325496860447803,,4.6998443603515625,74.30000305175781,False,True,,,GRU,1
test_02,A3,test,2,69.70015716552734,696,236.42893981933594,0.06190909417629754,,4.599845886230469,74.30000305175781,False,True,,,GRU,1
test_02,A3,test,2,69.80016326904297,697,236.42893981933594,0.06056311706448019,,4.499839782714844,74.30000305175781,False,True,,,GRU,1
test_02,A3,test,2,69.90016174316406,698,236.42893981933594,0.05921724263629969,,4.39984130859375,74.30000305175781,False,True,,,GRU,1
test_02,A3,test,2,70.00016021728516,699,236.42893981933594,0.057871368208119195,,4.299842834472656,74.30000305175781,False,True,,,GRU,1
test_02,A3,test,2,70.10015869140625,700,236.42893981933594,0.0565254937799387,,4.1998443603515625,74.30000305175781,False,True,,,GRU,1
test_02,A3,test,2,70.20016479492188,701,236.42893981933594,0.055179516668121355,,4.0998382568359375,74.30000305175781,False,True,,,GRU,1
test_02,A3,test,2,70.30016326904297,702,236.42893981933594,0.05383364223994085,,3.9998397827148438,74.30000305175781,False,True,,,GRU,1
test_02,A3,test,2,70.40016174316406,703,236.42893981933594,0.05248776781176036,,3.89984130859375,74.30000305175781,False,True,,,GRU,1
test_02,A3,test,2,70.50016021728516,704,236.42893981933594,0.05114189338357986,,3.7998428344726562,74.30000305175781,False,True,,,GRU,1
test_02,A3,test,2,70.60016632080078,705,236.42893981933594,0.04979591627176251,,3.6998367309570312,74.30000305175781,False,True,,,GRU,1
test_02,A3,test,2,70.70016479492188,706,236.42893981933594,0.048450041843582016,,3.5998382568359375,74.30000305175781,False,True,,,GRU,1
test_02,A3,test,2,70.80016326904297,707,236.42893981933594,0.04710416741540152,,3.4998397827148438,74.30000305175781,False,True,,,GRU,1
test_02,A3,test,2,70.90016174316406,708,236.42893981933594,0.04575829298722102,,3.39984130859375,74.30000305175781,False,True,,,GRU,1
test_02,A3,test,2,71.00016784667969,709,236.42893981933594,0.044412315875403674,,3.299835205078125,74.30000305175781,False,True,,,GRU,1
test_02,A3,test,2,71.10016632080078,710,236.42893981933594,0.04306644144722318,,3.1998367309570312,74.30000305175781,False,True,,,GRU,1
test_02,A3,test,2,71.20016479492188,711,236.42893981933594,0.04172056701904268,,3.0998382568359375,74.30000305175781,False,True,,,GRU,1
test_02,A3,test,2,71.30016326904297,712,236.42893981933594,0.04037469259086218,,2.9998397827148438,74.30000305175781,False,True,,,GRU,1
test_02,A3,test,2,71.4001693725586,713,236.42893981933594,0.03902871547904484,,2.8998336791992188,74.30000305175781,False,True,,,GRU,1
test_02,A3,test,2,71.50016784667969,714,236.42893981933594,0.03768284105086434,,2.799835205078125,74.30000305175781,False,True,,,GRU,1
test_02,A3,test,2,71.60016632080078,715,236.42893981933594,0.03633696662268384,,2.6998367309570312,74.30000305175781,False,True,,,GRU,1
test_02,A3,test,2,71.70016479492188,716,236.42893981933594,0.034991092194503345,,2.5998382568359375,74.30000305175781,False,True,,,GRU,1
test_02,A3,test,2,71.8001708984375,717,236.42893981933594,0.033645115082686,,2.4998321533203125,74.30000305175781,False,True,,,GRU,1
test_02,A3,test,2,71.9001693725586,718,236.42893981933594,0.0322992406545055,,2.3998336791992188,74.30000305175781,False,True,,,GRU,1
test_02,A3,test,2,72.00016784667969,719,236.42893981933594,0.030953366226325003,,2.299835205078125,74.30000305175781,False,True,,,GRU,1
test_02,A3,test,2,72.10016632080078,720,236.42893981933594,0.029607491798144505,,2.1998367309570312,74.30000305175781,False,True,,,GRU,1
test_02,A3,test,2,72.2001724243164,721,236.42893981933594,0.02826151468632716,,2.0998306274414062,74.30000305175781,False,True,,,GRU,1
test_02,A3,test,2,72.3001708984375,722,236.42893981933594,0.02691564025814666,,1.9998321533203125,74.30000305175781,False,True,,,GRU,1
test_02,A3,test,2,72.4001693725586,723,236.42893981933594,0.025569765829966166,,1.8998336791992188,74.30000305175781,False,True,,,GRU,1
test_02,A3,test,2,72.50016784667969,724,236.42893981933594,0.024223891401785668,,1.799835205078125,74.30000305175781,False,True,,,GRU,1
test_02,A3,test,2,72.60017395019531,725,236.42893981933594,0.022877914289968323,,1.6998291015625,74.30000305175781,False,True,,,GRU,1
test_02,A3,test,2,72.7001724243164,726,236.42893981933594,0.021532039861787824,,1.5998306274414062,74.30000305175781,False,True,,,GRU,1
test_02,A3,test,2,72.8001708984375,727,236.42893981933594,0.020186165433607326,,1.4998321533203125,74.30000305175781,False,True,,,GRU,1
test_02,A3,test,2,72.9001693725586,728,236.42893981933594,0.01884029100542683,,1.3998336791992188,74.30000305175781,False,True,,,GRU,1
test_02,A3,test,2,73.00017547607422,729,236.42893981933594,0.017494313893609482,,1.2998275756835938,74.30000305175781,False,True,,,GRU,1
test_02,A3,test,2,73.10017395019531,730,236.42893981933594,0.016148439465428988,,1.1998291015625,74.30000305175781,False,True,,,GRU,1
test_02,A3,test,2,73.2001724243164,731,236.42893981933594,0.01480256503724849,,1.0998306274414062,74.30000305175781,False,True,,,GRU,1
test_02,A3,test,2,73.3001708984375,732,236.42893981933594,0.013456690609067993,,0.9998321533203125,74.30000305175781,False,True,,,GRU,1
test_02,A3,test,2,73.40017700195312,733,236.42893981933594,0.012110713497250646,,0.8998260498046875,74.30000305175781,False,True,,,GRU,1
test_02,A3,test,2,73.50017547607422,734,236.42893981933594,0.010764839069070149,,0.7998275756835938,74.30000305175781,False,True,,,GRU,1
test_02,A3,test,2,73.60017395019531,735,236.42893981933594,0.00941896464088965,,0.6998291015625,74.30000305175781,False,True,,,GRU,1
test_02,A3,test,2,73.7001724243164,736,236.42893981933594,0.008073090212709154,,0.5998306274414062,74.30000305175781,False,True,,,GRU,1
test_02,A3,test,2,73.80017852783203,737,236.42893981933594,0.006727113100891808,,0.49982452392578125,74.30000305175781,False,True,,,GRU,1
test_02,A3,test,2,73.90017700195312,738,236.42893981933594,0.00538123867271131,,0.3998260498046875,74.30000305175781,False,True,,,GRU,1
test_02,A3,test,2,74.00017547607422,739,236.42893981933594,0.004035364244530813,,0.29982757568359375,74.30000305175781,False,True,,,GRU,1
test_02,A3,test,2,74.10017395019531,740,236.42893981933594,0.0026894898163503157,,0.1998291015625,74.30000305175781,False,True,,,GRU,1
test_02,A3,test,2,74.20018005371094,741,236.42893981933594,0.0013435127045329691,,0.099822998046875,74.30000305175781,False,True,,,GRU,1
test_02,A3,test,2,74.30017852783203,742,236.42893981933594,0.0,,0.0,74.30000305175781,False,True,,,GRU,1
test_06,A3,test,6,0.10000000149011612,0,158.49253845214844,0.9990601539611816,1.0,106.30000305175781,106.4000015258789,True,False,0.8231527805328369,87.58345710472531,GRU,1
test_06,A3,test,6,0.20000000298023224,1,158.49253845214844,0.9981202483177185,1.0,106.19999694824219,106.4000015258789,True,False,0.9546753764152527,101.5774615073019,GRU,1
test_06,A3,test,6,0.30000001192092896,2,158.49253845214844,0.9971804022789001,1.0,106.0999984741211,106.4000015258789,True,False,1.0,106.4000015258789,GRU,1
test_06,A3,test,6,0.4000000059604645,3,158.49253845214844,0.9962406158447266,1.0,106.0,106.4000015258789,True,False,1.0,106.4000015258789,GRU,1
test_06,A3,test,6,0.5,4,158.49253845214844,0.9953007698059082,1.0,105.9000015258789,106.4000015258789,True,False,1.0,106.4000015258789,GRU,1
test_06,A3,test,6,0.6000000238418579,5,158.49253845214844,0.9943609237670898,1.0,105.80000305175781,106.4000015258789,True,False,0.9869784712791443,105.01451085011058,GRU,1
test_06,A3,test,6,0.699999988079071,6,158.49253845214844,0.9934210181236267,1.0,105.69999694824219,106.4000015258789,True,False,0.9023116230964661,96.00595807428226,GRU,1
test_06,A3,test,6,0.800000011920929,7,158.49253845214844,0.9924811720848083,1.0,105.5999984741211,106.4000015258789,True,False,0.9038557410240173,96.17025222412985,GRU,1
test_06,A3,test,6,0.8999999761581421,8,158.49253845214844,0.99154132604599,1.0,105.5,106.4000015258789,True,False,0.9213039875030518,98.02674567612303,GRU,1
test_06,A3,test,6,1.0,9,158.49253845214844,0.9906014800071716,1.0,105.4000015258789,106.4000015258789,True,False,0.9221109747886658,98.11260912454372,GRU,1
test_06,A3,test,6,1.100000023841858,10,158.49253845214844,0.989661693572998,1.0,105.30000305175781,106.4000015258789,True,False,0.9178022146224976,97.65415703628878,GRU,1
test_06,A3,test,6,1.2000000476837158,11,158.49253845214844,0.9887217879295349,1.0,105.19999694824219,106.4000015258789,True,False,0.9102653861045837,96.85223847048246,GRU,1
test_06,A3,test,6,1.2999999523162842,12,158.49253845214844,0.9877819418907166,1.0,105.0999984741211,106.4000015258789,True,False,0.9014409184455872,95.91331509810016,GRU,1
test_06,A3,test,6,1.399999976158142,13,158.49253845214844,0.9868420958518982,1.0,105.0,106.4000015258789,True,False,0.897383987903595,95.4816576822418,GRU,1
test_06,A3,test,6,1.5,14,158.49253845214844,0.9859022498130798,1.0,104.9000015258789,106.4000015258789,True,False,0.8912063241004944,94.82435424416553,GRU,1
test_06,A3,test,6,1.600000023841858,15,158.49253845214844,0.9849624037742615,1.0,104.80000305175781,106.4000015258789,True,False,0.8906763195991516,94.76796176441394,GRU,1
test_06,A3,test,6,1.7000000476837158,16,158.49253845214844,0.9840224981307983,1.0,104.69999694824219,106.4000015258789,True,False,0.8904067277908325,94.73927719559742,GRU,1
test_06,A3,test,6,1.7999999523162842,17,158.49253845214844,0.98308265209198,1.0,104.5999984741211,106.4000015258789,True,False,0.886505663394928,94.32420393792063,GRU,1
test_06,A3,test,6,1.899999976158142,18,158.49253845214844,0.9821428656578064,1.0,104.5,106.4000015258789,True,False,0.8838992118835449,94.04687749313234,GRU,1
test_06,A3,test,6,2.0,19,158.49253845214844,0.981203019618988,1.0,104.4000015258789,106.4000015258789,True,False,0.8805927038192749,93.69506503004868,GRU,1
test_06,A3,test,6,2.0999999046325684,20,158.49253845214844,0.9802631735801697,1.0,104.30000305175781,106.4000015258789,True,False,0.8764290809631348,93.25205555180219,GRU,1
test_06,A3,test,6,2.200000047683716,21,158.49253845214844,0.9793232679367065,1.0,104.19999694824219,106.4000015258789,True,False,0.8729729056358337,92.88431849170365,GRU,1
test_06,A3,test,6,2.299999952316284,22,158.49253845214844,0.9783834218978882,1.0,104.0999984741211,106.4000015258789,True,False,0.8746928572654724,93.06732134772164,GRU,1
test_06,A3,test,6,2.4000000953674316,23,158.49253845214844,0.9774435758590698,1.0,104.0,106.4000015258789,True,False,0.8711348176002502,92.68874592191287,GRU,1
test_06,A3,test,6,2.5,24,158.49253845214844,0.9765037894248962,1.0,103.9000015258789,106.4000015258789,True,False,0.8706414103507996,92.63624738981844,GRU,1
test_06,A3,test,6,2.5999999046325684,25,158.49253845214844,0.9755639433860779,1.0,103.80000305175781,106.4000015258789,True,False,0.8701748847961426,92.58660907009107,GRU,1
test_06,A3,test,6,2.700000047683716,26,158.49253845214844,0.9746240377426147,1.0,103.69999694824219,106.4000015258789,True,False,0.8709177374839783,92.66564859721029,GRU,1
test_06,A3,test,6,2.799999952316284,27,158.49253845214844,0.9736841917037964,1.0,103.5999984741211,106.4000015258789,True,False,0.8703990578651428,92.61046108497476,GRU,1
test_06,A3,test,6,2.9000000953674316,28,158.49253845214844,0.972744345664978,1.0,103.5,106.4000015258789,True,False,0.867800772190094,92.3340034851849,GRU,1
test_06,A3,test,6,3.0,29,158.49253845214844,0.9718044996261597,1.0,103.4000015258789,106.4000015258789,True,False,0.8699890971183777,92.5668412608934,GRU,1
test_06,A3,test,6,3.0999999046325684,30,158.49253845214844,0.9708646535873413,1.0,103.30000305175781,106.4000015258789,True,False,0.8680090308189392,92.3561622036118,GRU,1
test_06,A3,test,6,3.200000047683716,31,158.49253845214844,0.9699247479438782,1.0,103.19999694824219,106.4000015258789,True,False,0.8666840195655823,92.21518100423282,GRU,1
test_06,A3,test,6,3.299999952316284,32,158.49253845214844,0.9689849615097046,1.0,103.0999984741211,106.4000015258789,True,False,0.869917094707489,92.55918020426498,GRU,1
test_06,A3,test,6,3.4000000953674316,33,158.49253845214844,0.9680451154708862,1.0,103.0,106.4000015258789,True,False,0.8695073127746582,92.5155794059865,GRU,1
test_06,A3,test,6,3.5,34,158.49253845214844,0.9671052694320679,1.0,102.9000015258789,106.4000015258789,True,False,0.8678938746452332,92.34390958655376,GRU,1
test_06,A3,test,6,3.5999999046325684,35,158.49253845214844,0.9661654233932495,1.0,102.80000305175781,106.4000015258789,True,False,0.8681633472442627,92.37258147150169,GRU,1
test_06,A3,test,6,3.700000047683716,36,158.49253845214844,0.9652255177497864,1.0,102.69999694824219,106.4000015258789,True,False,0.8673162460327148,92.28244990130042,GRU,1
test_06,A3,test,6,3.799999952316284,37,158.49253845214844,0.964285671710968,1.0,102.5999984741211,106.4000015258789,True,False,0.8633837103843689,91.86402810231584,GRU,1
test_06,A3,test,6,3.9000000953674316,38,158.49253845214844,0.9633458256721497,1.0,102.5,106.4000015258789,True,False,0.8525699973106384,90.7134490147705,GRU,1
test_06,A3,test,6,4.0,39,158.49253845214844,0.9624060392379761,1.0,102.4000015258789,106.4000015258789,True,False,0.857510507106781,91.2391192646187,GRU,1
test_06,A3,test,6,4.099999904632568,40,158.49253845214844,0.9614661931991577,1.0,102.30000305175781,106.4000015258789,True,False,0.8596715331077576,91.46905243442006,GRU,1
test_06,A3,test,6,4.199999809265137,41,158.49253845214844,0.9605262875556946,1.0,102.19999694824219,106.4000015258789,True,False,0.8568063974380493,91.16420199479126,GRU,1
test_06,A3,test,6,4.300000190734863,42,158.49253845214844,0.9595864415168762,1.0,102.0999984741211,106.4000015258789,True,False,0.8493629693984985,90.37222124002528,GRU,1
test_06,A3,test,6,4.400000095367432,43,158.49253845214844,0.9586465954780579,1.0,102.0,106.4000015258789,True,False,0.8433591723442078,89.73341722428768,GRU,1
test_06,A3,test,6,4.5,44,158.49253845214844,0.9577067494392395,1.0,101.9000015258789,106.4000015258789,True,False,0.8438522815704346,89.78588404671063,GRU,1
test_06,A3,test,6,4.599999904632568,45,158.49253845214844,0.9567669034004211,1.0,101.80000305175781,106.4000015258789,True,False,0.8444074392318726,89.84495282273474,GRU,1
test_06,A3,test,6,4.699999809265137,46,158.49253845214844,0.955826997756958,1.0,101.69999694824219,106.4000015258789,True,False,0.8461443781852722,90.02976313002682,GRU,1
test_06,A3,test,6,4.800000190734863,47,158.49253845214844,0.9548872113227844,1.0,101.5999984741211,106.4000015258789,True,False,0.8484423756599426,90.27427006483822,GRU,1
test_06,A3,test,6,4.900000095367432,48,158.49253845214844,0.9539473652839661,1.0,101.5,106.4000015258789,True,False,0.8495700359344482,90.39425311976629,GRU,1
test_06,A3,test,6,5.0,49,158.49253845214844,0.9530075192451477,1.0,101.4000015258789,106.4000015258789,True,False,0.8470775485038757,90.12905245335014,GRU,1
test_06,A3,test,6,5.099999904632568,50,158.49253845214844,0.9520676732063293,1.0,101.30000305175781,106.4000015258789,True,False,0.8482961654663086,90.25871330001246,GRU,1
test_06,A3,test,6,5.199999809265137,51,158.49253845214844,0.9511277675628662,1.0,101.19999694824219,106.4000015258789,True,False,0.8466506600379944,90.08363151992899,GRU,1
test_06,A3,test,6,5.300000190734863,52,158.49253845214844,0.9501879215240479,1.0,101.0999984741211,106.4000015258789,True,False,0.8430096507072449,89.6962281215815,GRU,1
test_06,A3,test,6,5.400000095367432,53,158.49253845214844,0.9492481350898743,1.0,101.0,106.4000015258789,True,False,0.8419597148895264,89.58451494897417,GRU,1
test_06,A3,test,6,5.5,54,158.49253845214844,0.9483082890510559,1.0,100.9000015258789,106.4000015258789,True,False,0.8424978852272034,89.64177627372419,GRU,1
test_06,A3,test,6,5.599999904632568,55,158.49253845214844,0.9473684430122375,1.0,100.80000305175781,106.4000015258789,True,False,0.8471646904945374,90.1383243612895,GRU,1
test_06,A3,test,6,5.699999809265137,56,158.49253845214844,0.9464285373687744,1.0,100.69999694824219,106.4000015258789,True,False,0.8512076139450073,90.56849142258852,GRU,1
test_06,A3,test,6,5.800000190734863,57,158.49253845214844,0.945488691329956,1.0,100.5999984741211,106.4000015258789,True,False,0.8554838299751282,91.02348081471837,GRU,1
test_06,A3,test,6,5.900000095367432,58,158.49253845214844,0.9445488452911377,1.0,100.5,106.4000015258789,True,False,0.8520933985710144,90.66273890814728,GRU,1
test_06,A3,test,6,6.0,59,158.49253845214844,0.9436089992523193,1.0,100.4000015258789,106.4000015258789,True,False,0.8521972298622131,90.67378655768925,GRU,1
test_06,A3,test,6,6.099999904632568,60,158.49253845214844,0.9426692128181458,1.0,100.30000305175781,106.4000015258789,True,False,0.855678141117096,91.04415552052023,GRU,1
test_06,A3,test,6,6.199999809265137,61,158.49253845214844,0.9417293071746826,1.0,100.19999694824219,106.4000015258789,True,False,0.8582378029823303,91.3165035468869,GRU,1
test_06,A3,test,6,6.300000190734863,62,158.49253845214844,0.9407894611358643,1.0,100.0999984741211,106.4000015258789,True,False,0.8594827055931091,91.44896118657334,GRU,1
test_06,A3,test,6,6.400000095367432,63,158.49253845214844,0.9398496150970459,1.0,100.0,106.4000015258789,True,False,0.8541859984397888,90.88539153737793,GRU,1
test_06,A3,test,6,6.5,64,158.49253845214844,0.9389097690582275,1.0,99.9000015258789,106.4000015258789,True,False,0.8509128093719482,90.5371242155652,GRU,1
test_06,A3,test,6,6.599999904632568,65,158.49253845214844,0.9379699230194092,1.0,99.80000305175781,106.4000015258789,True,False,0.8547592759132385,90.94638826142773,GRU,1
test_06,A3,test,6,6.699999809265137,66,158.49253845214844,0.937030017375946,1.0,99.69999694824219,106.4000015258789,True,False,0.8598788976669312,91.49111602383255,GRU,1
test_06,A3,test,6,6.800000190734863,67,158.49253845214844,0.9360901713371277,1.0,99.5999984741211,106.4000015258789,True,False,0.8584274649620056,91.33668358181376,GRU,1
test_06,A3,test,6,6.900000095367432,68,158.49253845214844,0.9351503849029541,1.0,99.5,106.4000015258789,True,False,0.8549208045005798,90.96357490336732,GRU,1
test_06,A3,test,6,7.0,69,158.49253845214844,0.9342105388641357,1.0,99.4000015258789,106.4000015258789,True,False,0.8566452860832214,91.14705974639173,GRU,1
test_06,A3,test,6,7.099999904632568,70,158.49253845214844,0.9332706928253174,1.0,99.30000305175781,106.4000015258789,True,False,0.856453001499176,91.1266006663559,GRU,1
test_06,A3,test,6,7.199999809265137,71,158.49253845214844,0.9323307871818542,1.0,99.19999694824219,106.4000015258789,True,False,0.8519404530525208,90.64646550474617,GRU,1
test_06,A3,test,6,7.300000190734863,72,158.49253845214844,0.9313909411430359,1.0,99.0999984741211,106.4000015258789,True,False,0.8545219302177429,90.92113467906483,GRU,1
test_06,A3,test,6,7.400000095367432,73,158.49253845214844,0.9304510951042175,1.0,99.0,106.4000015258789,True,False,0.8544957041740417,90.91834422797501,GRU,1
test_06,A3,test,6,7.5,74,158.49253845214844,0.929511308670044,1.0,98.9000015258789,106.4000015258789,True,False,0.8569784164428711,91.18250481716677,GRU,1
test_06,A3,test,6,7.599999904632568,75,158.49253845214844,0.9285714626312256,1.0,98.80000305175781,106.4000015258789,True,False,0.8543700575828552,90.90497543048104,GRU,1
test_06,A3,test,6,7.699999809265137,76,158.49253845214844,0.9276315569877625,1.0,98.69999694824219,106.4000015258789,True,False,0.8531435132026672,90.77447110655748,GRU,1
test_06,A3,test,6,7.800000190734863,77,158.49253845214844,0.9266917109489441,1.0,98.5999984741211,106.4000015258789,True,False,0.8521324396133423,90.66689287511053,GRU,1
test_06,A3,test,6,7.900000095367432,78,158.49253845214844,0.9257518649101257,1.0,98.5,106.4000015258789,True,False,0.8528772592544556,90.74614168606149,GRU,1
test_06,A3,test,6,8.0,79,158.49253845214844,0.9248120188713074,1.0,98.4000015258789,106.4000015258789,True,False,0.8622356057167053,91.74186976392457,GRU,1
test_06,A3,test,6,8.100000381469727,80,158.49253845214844,0.923872172832489,1.0,98.30000305175781,106.4000015258789,True,False,0.8529214859008789,90.75084740130842,GRU,1
test_06,A3,test,6,8.199999809265137,81,158.49253845214844,0.9229322671890259,1.0,98.19999694824219,106.4000015258789,True,False,0.8486841320991516,90.29999295033895,GRU,1
test_06,A3,test,6,8.300000190734863,82,158.49253845214844,0.9219924807548523,1.0,98.0999984741211,106.4000015258789,True,False,0.7985396981239319,84.96462509886123,GRU,1
test_06,A3,test,6,8.399999618530273,83,158.49253845214844,0.9210526347160339,1.0,98.0,106.4000015258789,True,False,0.802340030670166,85.36898048757939,GRU,1
test_06,A3,test,6,8.5,84,158.49253845214844,0.9201127886772156,1.0,97.9000015258789,106.4000015258789,True,False,0.8224831819534302,87.51221181485471,GRU,1
test_06,A3,test,6,8.600000381469727,85,158.49253845214844,0.9191729426383972,1.0,97.80000305175781,106.4000015258789,True,False,0.8347465395927429,88.81703308638998,GRU,1
test_06,A3,test,6,8.699999809265137,86,158.49253845214844,0.9182330369949341,1.0,97.69999694824219,106.4000015258789,True,False,0.840086042881012,89.38515624440925,GRU,1
test_06,A3,test,6,8.800000190734863,87,158.49253845214844,0.9172931909561157,1.0,97.5999984741211,106.4000015258789,True,False,0.8365373611450195,89.00757650228479,GRU,1
test_06,A3,test,6,8.899999618530273,88,158.49253845214844,0.9163533449172974,1.0,97.5,106.4000015258789,True,False,0.8352188467979431,88.86728657374397,GRU,1
test_06,A3,test,6,9.0,89,158.49253845214844,0.9154135584831238,1.0,97.4000015258789,106.4000015258789,True,False,0.8378640413284302,89.14873527582404,GRU,1
test_06,A3,test,6,9.100000381469727,90,158.49253845214844,0.9144737124443054,1.0,97.30000305175781,106.4000015258789,True,False,0.8414084315299988,89.52585839867925,GRU,1
test_06,A3,test,6,9.199999809265137,91,158.49253845214844,0.9135338068008423,1.0,97.19999694824219,106.4000015258789,True,False,0.8477396965026855,90.19950500143386,GRU,1
test_06,A3,test,6,9.300000190734863,92,158.49253845214844,0.9125939607620239,1.0,97.0999984741211,106.4000015258789,True,False,0.8555819392204285,91.03391963856802,GRU,1
test_06,A3,test,6,9.399999618530273,93,158.49253845214844,0.9116541147232056,1.0,97.0,106.4000015258789,True,False,0.8560320734977722,91.08181392636425,GRU,1
test_06,A3,test,6,9.5,94,158.49253845214844,0.9107142686843872,1.0,96.9000015258789,106.4000015258789,True,False,0.8485320806503296,90.28381467595227,GRU,1
test_06,A3,test,6,9.600000381469727,95,158.49253845214844,0.9097744226455688,1.0,96.80000305175781,106.4000015258789,True,False,0.847912609577179,90.2179029528238,GRU,1
test_06,A3,test,6,9.699999809265137,96,158.49253845214844,0.9088345170021057,1.0,96.69999694824219,106.4000015258789,True,False,0.8127018809318542,86.47148137123395,GRU,1
test_06,A3,test,6,9.800000190734863,97,158.49253845214844,0.9078947305679321,1.0,96.5999984741211,106.4000015258789,True,False,0.8154754042625427,86.76658425785126,GRU,1
test_06,A3,test,6,9.899999618530273,98,158.49253845214844,0.9069548845291138,1.0,96.5,106.4000015258789,True,False,0.8227132558822632,87.5366916812336,GRU,1
test_06,A3,test,6,10.0,99,158.49253845214844,0.9060150384902954,1.0,96.4000015258789,106.4000015258789,True,False,0.832648515701294,88.59380334113848,GRU,1
test_06,A3,test,6,10.100000381469727,100,158.49253845214844,0.905075192451477,1.0,96.30000305175781,106.4000015258789,True,False,0.8377200961112976,89.13341950450149,GRU,1
test_06,A3,test,6,10.199999809265137,101,158.49253845214844,0.9041352868080139,1.0,96.19999694824219,106.4000015258789,True,False,0.8384973406791687,89.21611832770895,GRU,1
test_06,A3,test,6,10.300000190734863,102,158.49253845214844,0.9031954407691956,1.0,96.0999984741211,106.4000015258789,True,False,0.8392127156257629,89.29223422311816,GRU,1
test_06,A3,test,6,10.399999618530273,103,158.49253845214844,0.902255654335022,1.0,96.0,106.4000015258789,True,False,0.8417155742645264,89.55853838610165,GRU,1
test_06,A3,test,6,10.5,104,158.49253845214844,0.9013158082962036,1.0,95.9000015258789,106.4000015258789,True,False,0.8457377552986145,89.98649845426598,GRU,1
test_06,A3,test,6,10.600000381469727,105,158.49253845214844,0.9003759622573853,1.0,95.80000305175781,106.4000015258789,True,False,0.8458117842674255,89.99437513666044,GRU,1
test_06,A3,test,6,10.699999809265137,106,158.49253845214844,0.8994360566139221,1.0,95.69999694824219,106.4000015258789,True,False,0.8531038165092468,90.77024737831698,GRU,1
test_06,A3,test,6,10.800000190734863,107,158.49253845214844,0.8984962105751038,1.0,95.5999984741211,106.4000015258789,True,False,0.856853187084198,91.16918041321287,GRU,1
test_06,A3,test,6,10.899999618530273,108,158.49253845214844,0.8975563645362854,1.0,95.5,106.4000015258789,True,False,0.8582244515419006,91.31508295360481,GRU,1
test_06,A3,test,6,11.0,109,158.49253845214844,0.896616518497467,1.0,95.4000015258789,106.4000015258789,True,False,0.8515208959579468,90.60182462924331,GRU,1
test_06,A3,test,6,11.100000381469727,110,158.49253845214844,0.8956767320632935,1.0,95.30000305175781,106.4000015258789,True,False,0.8498418927192688,90.42317868208602,GRU,1
test_06,A3,test,6,11.199999809265137,111,158.49253845214844,0.8947368264198303,1.0,95.19999694824219,106.4000015258789,True,False,0.8432765007019043,89.72462096142044,GRU,1
test_06,A3,test,6,11.300000190734863,112,158.49253845214844,0.893796980381012,1.0,95.0999984741211,106.4000015258789,True,False,0.8422313928604126,89.61342148549102,GRU,1
test_06,A3,test,6,11.399999618530273,113,158.49253845214844,0.8928571343421936,1.0,95.0,106.4000015258789,True,False,0.8423447012901306,89.62547750258591,GRU,1
test_06,A3,test,6,11.5,114,158.49253845214844,0.8919172883033752,1.0,94.9000015258789,106.4000015258789,True,False,0.8410196900367737,89.48449630320692,GRU,1
test_06,A3,test,6,11.600000381469727,115,158.49253845214844,0.8909774422645569,1.0,94.80000305175781,106.4000015258789,True,False,0.841802179813385,89.56775321663235,GRU,1
test_06,A3,test,6,11.699999809265137,116,158.49253845214844,0.8900375366210938,1.0,94.69999694824219,106.4000015258789,True,False,0.8402544856071472,89.40307855072706,GRU,1
test_06,A3,test,6,11.800000190734863,117,158.49253845214844,0.8890976905822754,1.0,94.5999984741211,106.4000015258789,True,False,0.8411267399787903,89.49588641720084,GRU,1
test_06,A3,test,6,11.899999618530273,118,158.49253845214844,0.8881579041481018,1.0,94.5,106.4000015258789,True,False,0.8406320214271545,89.44324836255191,GRU,1
test_06,A3,test,6,12.0,119,158.49253845214844,0.8872180581092834,1.0,94.4000015258789,106.4000015258789,True,False,0.8460320830345154,90.01781492581495,GRU,1
test_06,A3,test,6,12.100000381469727,120,158.49253845214844,0.8862782120704651,1.0,94.30000305175781,106.4000015258789,True,False,0.8553044199943542,91.00439159249026,GRU,1
test_06,A3,test,6,12.199999809265137,121,158.49253845214844,0.885338306427002,1.0,94.19999694824219,106.4000015258789,True,False,0.8598036766052246,91.48311250275219,GRU,1
test_06,A3,test,6,12.300000190734863,122,158.49253845214844,0.8843984603881836,1.0,94.0999984741211,106.4000015258789,True,False,0.8535782694816589,90.82072917530559,GRU,1
test_06,A3,test,6,12.399999618530273,123,158.49253845214844,0.8834586143493652,1.0,94.0,106.4000015258789,True,False,0.8528946042060852,90.74798718894135,GRU,1
test_06,A3,test,6,12.5,124,158.49253845214844,0.8825188279151917,1.0,93.9000015258789,106.4000015258789,True,False,0.8555998802185059,91.03582856079083,GRU,1
test_06,A3,test,6,12.600000381469727,125,158.49253845214844,0.8815789818763733,1.0,93.80000305175781,106.4000015258789,True,False,0.8563913106918335,91.12003676436052,GRU,1
test_06,A3,test,6,12.699999809265137,126,158.49253845214844,0.8806390762329102,1.0,93.69999694824219,106.4000015258789,True,False,0.857645571231842,91.25349008773128,GRU,1
test_06,A3,test,6,12.800000190734863,127,158.49253845214844,0.8796992301940918,1.0,93.5999984741211,106.4000015258789,True,False,0.8589209914207458,91.38919479777678,GRU,1
test_06,A3,test,6,12.899999618530273,128,158.49253845214844,0.8787593841552734,1.0,93.5,106.4000015258789,True,False,0.8550528883934021,90.97762862976515,GRU,1
test_06,A3,test,6,13.0,129,158.49253845214844,0.8778195381164551,1.0,93.4000015258789,106.4000015258789,True,False,0.8573852181434631,91.2257885187305,GRU,1
test_06,A3,test,6,13.100000381469727,130,158.49253845214844,0.8768796920776367,1.0,93.30000305175781,106.4000015258789,True,False,0.8548500537872314,90.95604702735909,GRU,1
test_06,A3,test,6,13.199999809265137,131,158.49253845214844,0.8759397864341736,1.0,93.19999694824219,106.4000015258789,True,False,0.8500568270683289,90.44604769715397,GRU,1
test_06,A3,test,6,13.300000190734863,132,158.49253845214844,0.875,1.0,93.0999984741211,106.4000015258789,True,False,0.8435822129249573,89.75714874241976,GRU,1
test_06,A3,test,6,13.399999618530273,133,158.49253845214844,0.8740601539611816,1.0,93.0,106.4000015258789,True,False,0.8416911959648132,89.55594453497497,GRU,1
test_06,A3,test,6,13.5,134,158.49253845214844,0.8731203079223633,1.0,92.9000015258789,106.4000015258789,True,False,0.8415758013725281,89.54366655017975,GRU,1
test_06,A3,test,6,13.600000381469727,135,158.49253845214844,0.8721804618835449,1.0,92.80000305175781,106.4000015258789,True,False,0.8410197496414185,89.48450264514122,GRU,1
test_06,A3,test,6,13.699999809265137,136,158.49253845214844,0.8712405562400818,1.0,92.69999694824219,106.4000015258789,True,False,0.841238796710968,89.50780925367553,GRU,1
test_06,A3,test,6,13.800000190734863,137,158.49253845214844,0.8703007102012634,1.0,92.5999984741211,106.4000015258789,True,False,0.8211418390274048,87.36949292547888,GRU,1
test_06,A3,test,6,13.899999618530273,138,158.49253845214844,0.8693608641624451,1.0,92.5,106.4000015258789,True,False,0.8140180706977844,86.61152396433727,GRU,1
test_06,A3,test,6,14.0,139,158.49253845214844,0.8684210777282715,1.0,92.4000015258789,106.4000015258789,True,False,0.8153443336486816,86.75263834433645,GRU,1
test_06,A3,test,6,14.100000381469727,140,158.49253845214844,0.8674812316894531,1.0,92.30000305175781,106.4000015258789,True,False,0.8223447799682617,87.4974858434216,GRU,1
test_06,A3,test,6,14.199999809265137,141,158.49253845214844,0.86654132604599,1.0,92.19999694824219,106.4000015258789,True,False,0.8259572982788086,87.88185779717605,GRU,1
test_06,A3,test,6,14.300000190734863,142,158.49253845214844,0.8656014800071716,1.0,92.0999984741211,106.4000015258789,True,False,0.8307821750640869,88.39522469449184,GRU,1
test_06,A3,test,6,14.399999618530273,143,158.49253845214844,0.8646616339683533,1.0,92.0,106.4000015258789,True,False,0.8352925181388855,88.87512520453265,GRU,1
test_06,A3,test,6,14.5,144,158.49253845214844,0.8637217879295349,1.0,91.9000015258789,106.4000015258789,True,False,0.8435460329055786,89.75329918830266,GRU,1
test_06,A3,test,6,14.600000381469727,145,158.49253845214844,0.8627819418907166,1.0,91.80000305175781,106.4000015258789,True,False,0.8493750691413879,90.37350865268718,GRU,1
test_06,A3,test,6,14.699999809265137,146,158.49253845214844,0.8618420362472534,1.0,91.69999694824219,106.4000015258789,True,False,0.8231804966926575,87.58640610417251,GRU,1
test_06,A3,test,6,14.800000190734863,147,158.49253845214844,0.8609022498130798,1.0,91.5999984741211,106.4000015258789,True,False,0.8168547749519348,86.91334930130733,GRU,1
test_06,A3,test,6,14.899999618530273,148,158.49253845214844,0.8599624037742615,1.0,91.5,106.4000015258789,True,False,0.8229854702949524,87.5656552951591,GRU,1
test_06,A3,test,6,15.0,149,158.49253845214844,0.8590225577354431,1.0,91.4000015258789,106.4000015258789,True,False,0.8290331959724426,88.20913331647216,GRU,1
test_06,A3,test,6,15.100000381469727,150,158.49253845214844,0.8580827116966248,1.0,91.30000305175781,106.4000015258789,True,False,0.8307154774665833,88.38812807001568,GRU,1
test_06,A3,test,6,15.199999809265137,151,158.49253845214844,0.8571428060531616,1.0,91.19999694824219,106.4000015258789,True,False,0.831274151802063,88.4475710201632,GRU,1
test_06,A3,test,6,15.300000190734863,152,158.49253845214844,0.8562029600143433,1.0,91.0999984741211,106.4000015258789,True,False,0.8374528288841248,89.10498227112248,GRU,1
test_06,A3,test,6,15.399999618530273,153,158.49253845214844,0.8552631735801697,1.0,91.0,106.4000015258789,True,False,0.8372544050216675,89.08386997185426,GRU,1
test_06,A3,test,6,15.5,154,158.49253845214844,0.8543233275413513,1.0,90.9000015258789,106.4000015258789,True,False,0.8375215530395508,89.11229452136467,GRU,1
test_06,A3,test,6,15.600000381469727,155,158.49253845214844,0.853383481502533,1.0,90.80000305175781,106.4000015258789,True,False,0.8371016979217529,89.06762193619033,GRU,1
test_06,A3,test,6,15.699999809265137,156,158.49253845214844,0.8524435758590698,1.0,90.69999694824219,106.4000015258789,True,False,0.8381026387214661,89.17412203880713,GRU,1
test_06,A3,test,6,15.800000190734863,157,158.49253845214844,0.8515037298202515,1.0,90.5999984741211,106.4000015258789,True,False,0.838651180267334,89.23248686012448,GRU,1
test_06,A3,test,6,15.899999618530273,158,158.49253845214844,0.8505638837814331,1.0,90.5,106.4000015258789,True,False,0.8374736309051514,89.10719560619145,GRU,1
test_06,A3,test,6,16.0,159,158.49253845214844,0.8496240377426147,1.0,90.4000015258789,106.4000015258789,True,False,0.8386295437812805,89.23018473797538,GRU,1
test_06,A3,test,6,16.100000381469727,160,158.49253845214844,0.8486842513084412,1.0,90.30000305175781,106.4000015258789,True,False,0.8398367166519165,89.35862793325305,GRU,1
test_06,A3,test,6,16.200000762939453,161,158.49253845214844,0.847744345664978,1.0,90.19999694824219,106.4000015258789,True,False,0.84327232837677,89.72417702601979,GRU,1
test_06,A3,test,6,16.299999237060547,162,158.49253845214844,0.8468044996261597,1.0,90.0999984741211,106.4000015258789,True,False,0.843134343624115,89.70949544812675,GRU,1
test_06,A3,test,6,16.399999618530273,163,158.49253845214844,0.8458646535873413,1.0,90.0,106.4000015258789,True,False,0.8470458388328552,90.12567854430517,GRU,1
test_06,A3,test,6,16.5,164,158.49253845214844,0.844924807548523,1.0,89.9000015258789,106.4000015258789,True,False,0.8522197604179382,90.67618380885278,GRU,1
test_06,A3,test,6,16.600000381469727,165,158.49253845214844,0.8439849615097046,1.0,89.80000305175781,106.4000015258789,True,False,0.8453388810157776,89.9440582299635,GRU,1
test_06,A3,test,6,16.700000762939453,166,158.49253845214844,0.8430450558662415,1.0,89.69999694824219,106.4000015258789,True,False,0.842277467250824,89.61832380070109,GRU,1
test_06,A3,test,6,16.799999237060547,167,158.49253845214844,0.8421052098274231,1.0,89.5999984741211,106.4000015258789,True,False,0.8404566049575806,89.42458404992158,GRU,1
test_06,A3,test,6,16.899999618530273,168,158.49253845214844,0.8411654233932495,1.0,89.5,106.4000015258789,True,False,0.8398120403289795,89.3560023724549,GRU,1
test_06,A3,test,6,17.0,169,158.49253845214844,0.8402255773544312,1.0,89.4000015258789,106.4000015258789,True,False,0.8407622575759888,89.4571054889866,GRU,1
test_06,A3,test,6,17.100000381469727,170,158.49253845214844,0.8392857313156128,1.0,89.30000305175781,106.4000015258789,True,False,0.8464397192001343,90.0611874144588,GRU,1
test_06,A3,test,6,17.200000762939453,171,158.49253845214844,0.8383458256721497,1.0,89.19999694824219,106.4000015258789,True,False,0.8486956357955933,90.30121694365789,GRU,1
test_06,A3,test,6,17.299999237060547,172,158.49253845214844,0.8374059796333313,1.0,89.0999984741211,106.4000015258789,True,False,0.8506479859352112,90.50894700149229,GRU,1
test_06,A3,test,6,17.399999618530273,173,158.49253845214844,0.8364661335945129,1.0,89.0,106.4000015258789,True,False,0.849299967288971,90.36551781547541,GRU,1
test_06,A3,test,6,17.5,174,158.49253845214844,0.8355263471603394,1.0,88.9000015258789,106.4000015258789,True,False,0.8518484830856323,90.63667990012891,GRU,1
test_06,A3,test,6,17.600000381469727,175,158.49253845214844,0.834586501121521,1.0,88.80000305175781,106.4000015258789,True,False,0.8177544474601746,87.00907445755684,GRU,1
test_06,A3,test,6,17.700000762939453,176,158.49253845214844,0.8336465954780579,1.0,88.69999694824219,106.4000015258789,True,False,0.8146315813064575,86.67680149403623,GRU,1
test_06,A3,test,6,17.799999237060547,177,158.49253845214844,0.8327067494392395,1.0,88.5999984741211,106.4000015258789,True,False,0.8239592909812927,87.66926981767165,GRU,1
test_06,A3,test,6,17.899999618530273,178,158.49253845214844,0.8317669034004211,1.0,88.5,106.4000015258789,True,False,0.8256785869598389,87.8522029124124,GRU,1
test_06,A3,test,6,18.0,179,158.49253845214844,0.8308270573616028,1.0,88.4000015258789,106.4000015258789,True,False,0.8310852646827698,88.42747343038218,GRU,1
test_06,A3,test,6,18.100000381469727,180,158.49253845214844,0.8298872113227844,1.0,88.30000305175781,106.4000015258789,True,False,0.836678683757782,89.02261322849836,GRU,1
test_06,A3,test,6,18.200000762939453,181,158.49253845214844,0.8289473056793213,1.0,88.19999694824219,106.4000015258789,True,False,0.8382982611656189,89.19493626716348,GRU,1
test_06,A3,test,6,18.299999237060547,182,158.49253845214844,0.8280075192451477,1.0,88.0999984741211,106.4000015258789,True,False,0.8397514820098877,89.34955896721112,GRU,1
test_06,A3,test,6,18.399999618530273,183,158.49253845214844,0.8270676732063293,1.0,88.0,106.4000015258789,True,False,0.8369444012641907,89.0508855715857,GRU,1
test_06,A3,test,6,18.5,184,158.49253845214844,0.826127827167511,1.0,87.9000015258789,106.4000015258789,True,False,0.8357408046722412,88.92282289236573,GRU,1
test_06,A3,test,6,18.600000381469727,185,158.49253845214844,0.8251879811286926,1.0,87.80000305175781,106.4000015258789,True,False,0.8312881588935852,88.44906137472253,GRU,1
test_06,A3,test,6,18.700000762939453,186,158.49253845214844,0.8242480754852295,1.0,87.69999694824219,106.4000015258789,True,False,0.8294841647148132,88.25711639134852,GRU,1
test_06,A3,test,6,18.799999237060547,187,158.49253845214844,0.8233082294464111,1.0,87.5999984741211,106.4000015258789,True,False,0.8327182531356812,88.60122340426369,GRU,1
test_06,A3,test,6,18.899999618530273,188,158.49253845214844,0.8223683834075928,1.0,87.5,106.4000015258789,True,False,0.8324031233787537,88.56769359764576,GRU,1
test_06,A3,test,6,19.0,189,158.49253845214844,0.8214285969734192,1.0,87.4000015258789,106.4000015258789,True,False,0.8332545161247253,88.65828178711627,GRU,1
test_06,A3,test,6,19.100000381469727,190,158.49253845214844,0.8204887509346008,1.0,87.30000305175781,106.4000015258789,True,False,0.8324463963508606,88.57229784194396,GRU,1
test_06,A3,test,6,19.200000762939453,191,158.49253845214844,0.8195488452911377,1.0,87.19999694824219,106.4000015258789,True,False,0.8327775597572327,88.60753362888727,GRU,1
test_06,A3,test,6,19.299999237060547,192,158.49253845214844,0.8186089992523193,1.0,87.0999984741211,106.4000015258789,True,False,0.8349128365516663,88.83472708307318,GRU,1
test_06,A3,test,6,19.399999618530273,193,158.49253845214844,0.817669153213501,1.0,87.0,106.4000015258789,True,False,0.8330523371696472,88.63676994598745,GRU,1
test_06,A3,test,6,19.5,194,158.49253845214844,0.8167293071746826,1.0,86.9000015258789,106.4000015258789,True,False,0.832659900188446,88.59501465058884,GRU,1
test_06,A3,test,6,19.600000381469727,195,158.49253845214844,0.8157894611358643,1.0,86.80000305175781,106.4000015258789,True,False,0.8380969166755676,89.1735132131148,GRU,1
test_06,A3,test,6,19.700000762939453,196,158.49253845214844,0.8148495554924011,1.0,86.69999694824219,106.4000015258789,True,False,0.8418238759040833,89.57006168071575,GRU,1
test_06,A3,test,6,19.799999237060547,197,158.49253845214844,0.8139097690582275,1.0,86.5999984741211,106.4000015258789,True,False,0.8347018957138062,88.81228297760299,GRU,1
test_06,A3,test,6,19.899999618530273,198,158.49253845214844,0.8129699230194092,1.0,86.5,106.4000015258789,True,False,0.8331107497215271,88.6429850415966,GRU,1
test_06,A3,test,6,20.0,199,158.49253845214844,0.8120300769805908,1.0,86.4000015258789,106.4000015258789,True,False,0.8335215449333191,88.6866936527581,GRU,1
test_06,A3,test,6,20.100000381469727,200,158.49253845214844,0.8110902309417725,1.0,86.30000305175781,106.4000015258789,True,False,0.8318593502044678,88.509836131072,GRU,1
test_06,A3,test,6,20.200000762939453,201,158.49253845214844,0.8101503252983093,1.0,86.19999694824219,106.4000015258789,True,False,0.8317533731460571,88.4985601718954,GRU,1
test_06,A3,test,6,20.299999237060547,202,158.49253845214844,0.809210479259491,1.0,86.0999984741211,106.4000015258789,True,False,0.8361172080039978,88.96287220743898,GRU,1
test_06,A3,test,6,20.399999618530273,203,158.49253845214844,0.8082706928253174,1.0,86.0,106.4000015258789,True,False,0.8402165770530701,89.3990450805154,GRU,1
test_06,A3,test,6,20.5,204,158.49253845214844,0.807330846786499,1.0,85.9000015258789,106.4000015258789,True,False,0.82682865858078,87.9745705346354,GRU,1
test_06,A3,test,6,20.600000381469727,205,158.49253845214844,0.8063910007476807,1.0,85.80000305175781,106.4000015258789,True,False,0.8245900273323059,87.73638016638188,GRU,1
test_06,A3,test,6,20.700000762939453,206,158.49253845214844,0.8054510951042175,1.0,85.69999694824219,106.4000015258789,True,False,0.8293512463569641,88.24297387787055,GRU,1
test_06,A3,test,6,20.799999237060547,207,158.49253845214844,0.8045112490653992,1.0,85.5999984741211,106.4000015258789,True,False,0.8300947546958923,88.32208316626702,GRU,1
test_06,A3,test,6,20.899999618530273,208,158.49253845214844,0.8035714030265808,1.0,85.5,106.4000015258789,True,False,0.8319999575614929,88.52479675407403,GRU,1
test_06,A3,test,6,21.0,209,158.49253845214844,0.8026315569877625,1.0,85.4000015258789,106.4000015258789,True,False,0.8299185633659363,88.30333640849085,GRU,1
test_06,A3,test,6,21.100000381469727,210,158.49253845214844,0.8016917705535889,1.0,85.30000305175781,106.4000015258789,True,False,0.8285732865333557,88.16019895145155,GRU,1
test_06,A3,test,6,21.200000762939453,211,158.49253845214844,0.8007518649101257,1.0,85.19999694824219,106.4000015258789,True,False,0.831670880317688,88.48978293483106,GRU,1
test_06,A3,test,6,21.299999237060547,212,158.49253845214844,0.7998120188713074,1.0,85.0999984741211,106.4000015258789,True,False,0.8337909579277039,88.71535919577173,GRU,1
test_06,A3,test,6,21.399999618530273,213,158.49253845214844,0.798872172832489,1.0,85.0,106.4000015258789,True,False,0.8329773545265198,88.62879179264428,GRU,1
test_06,A3,test,6,21.5,214,158.49253845214844,0.7979323267936707,1.0,84.9000015258789,106.4000015258789,True,False,0.8316182494163513,88.48418300684853,GRU,1
test_06,A3,test,6,21.600000381469727,215,158.49253845214844,0.7969924807548523,1.0,84.80000305175781,106.4000015258789,True,False,0.8321231603622437,88.5379055322619,GRU,1
test_06,A3,test,6,21.700000762939453,216,158.49253845214844,0.7960525751113892,1.0,84.69999694824219,106.4000015258789,True,False,0.8334736824035645,88.68160107951917,GRU,1
test_06,A3,test,6,21.799999237060547,217,158.49253845214844,0.7951127290725708,1.0,84.5999984741211,106.4000015258789,True,False,0.817350447177887,86.96608882690498,GRU,1
test_06,A3,test,6,21.899999618530273,218,158.49253845214844,0.7941729426383972,1.0,84.5,106.4000015258789,True,False,0.8113503456115723,86.32767801109367,GRU,1
test_06,A3,test,6,22.0,219,158.49253845214844,0.7932330965995789,1.0,84.4000015258789,106.4000015258789,True,False,0.8143052458763123,86.64207940377082,GRU,1
test_06,A3,test,6,22.100000381469727,220,158.49253845214844,0.7922932505607605,1.0,84.30000305175781,106.4000015258789,True,False,0.816989004611969,86.92763133733979,GRU,1
test_06,A3,test,6,22.200000762939453,221,158.49253845214844,0.7913533449172974,1.0,84.19999694824219,106.4000015258789,True,False,0.823054313659668,87.57298022926989,GRU,1
test_06,A3,test,6,22.299999237060547,222,158.49253845214844,0.790413498878479,1.0,84.0999984741211,106.4000015258789,True,False,0.7813515067100525,83.13580150619737,GRU,1
test_06,A3,test,6,22.399999618530273,223,158.49253845214844,0.7894736528396606,1.0,84.0,106.4000015258789,True,False,0.781534731388092,83.15529661222035,GRU,1
test_06,A3,test,6,22.5,224,158.49253845214844,0.7885338664054871,1.0,83.9000015258789,106.4000015258789,True,False,0.7937699556350708,84.45712449076836,GRU,1
test_06,A3,test,6,22.600000381469727,225,158.49253845214844,0.7875940203666687,1.0,83.80000305175781,106.4000015258789,True,False,0.8022914528846741,85.36381181112893,GRU,1
test_06,A3,test,6,22.700000762939453,226,158.49253845214844,0.7866541147232056,1.0,83.69999694824219,106.4000015258789,True,False,0.817415714263916,86.97303324495806,GRU,1
test_06,A3,test,6,22.799999237060547,227,158.49253845214844,0.7857142686843872,1.0,83.5999984741211,106.4000015258789,True,False,0.8255449533462524,87.83798429572289,GRU,1
test_06,A3,test,6,22.899999618530273,228,158.49253845214844,0.7847744226455688,1.0,83.5,106.4000015258789,True,False,0.8291926383972168,88.22609799071142,GRU,1
test_06,A3,test,6,23.0,229,158.49253845214844,0.7838345766067505,1.0,83.4000015258789,106.4000015258789,True,False,0.837469220161438,89.10672630305362,GRU,1
test_06,A3,test,6,23.100000381469727,230,158.49253845214844,0.7828947305679321,1.0,83.30000305175781,106.4000015258789,True,False,0.8343901634216309,88.77911466123987,GRU,1
test_06,A3,test,6,23.200000762939453,231,158.49253845214844,0.781954824924469,1.0,83.19999694824219,106.4000015258789,True,False,0.828851580619812,88.18980944267514,GRU,1
test_06,A3,test,6,23.299999237060547,232,158.49253845214844,0.7810150384902954,1.0,83.0999984741211,106.4000015258789,True,False,0.8255733847618103,87.84100939838163,GRU,1
test_06,A3,test,6,23.399999618530273,233,158.49253845214844,0.780075192451477,1.0,83.0,106.4000015258789,True,False,0.8269505500793457,87.98753979026878,GRU,1
test_06,A3,test,6,23.5,234,158.49253845214844,0.7791353464126587,1.0,82.9000015258789,106.4000015258789,True,False,0.8292479515075684,88.23198330573723,GRU,1
test_06,A3,test,6,23.600000381469727,235,158.49253845214844,0.7781955003738403,1.0,82.80000305175781,106.4000015258789,True,False,0.832516610622406,88.57976864054353,GRU,1
test_06,A3,test,6,23.700000762939453,236,158.49253845214844,0.7772555947303772,1.0,82.69999694824219,106.4000015258789,True,False,0.8324107527732849,88.56850536523552,GRU,1
test_06,A3,test,6,23.799999237060547,237,158.49253845214844,0.7763157486915588,1.0,82.5999984741211,106.4000015258789,True,False,0.8280786275863647,88.10756723873692,GRU,1
test_06,A3,test,6,23.899999618530273,238,158.49253845214844,0.7753759026527405,1.0,82.5,106.4000015258789,True,False,0.8278527855873108,88.08353764969297,GRU,1
test_06,A3,test,6,24.0,239,158.49253845214844,0.7744361162185669,1.0,82.4000015258789,106.4000015258789,True,False,0.8258325457572937,87.86858412869651,GRU,1
test_06,A3,test,6,24.100000381469727,240,158.49253845214844,0.7734962701797485,1.0,82.30000305175781,106.4000015258789,True,False,0.827415406703949,88.03700053583589,GRU,1
test_06,A3,test,6,24.200000762939453,241,158.49253845214844,0.7725563645362854,1.0,82.19999694824219,106.4000015258789,True,False,0.8244967460632324,87.72645503921012,GRU,1
test_06,A3,test,6,24.299999237060547,242,158.49253845214844,0.771616518497467,1.0,82.0999984741211,106.4000015258789,True,False,0.8260735869407654,87.8942309109857,GRU,1
test_06,A3,test,6,24.399999618530273,243,158.49253845214844,0.7706766724586487,1.0,82.0,106.4000015258789,True,False,0.826294481754303,87.91773411948316,GRU,1
test_06,A3,test,6,24.5,244,158.49253845214844,0.7697368264198303,1.0,81.9000015258789,106.4000015258789,True,False,0.8288450837135315,88.18911817183698,GRU,1
test_06,A3,test,6,24.600000381469727,245,158.49253845214844,0.768796980381012,1.0,81.80000305175781,106.4000015258789,True,False,0.8301820755004883,88.33137410000927,GRU,1
test_06,A3,test,6,24.700000762939453,246,158.49253845214844,0.7678570747375488,1.0,81.69999694824219,106.4000015258789,True,False,0.8246275782585144,87.74037558498776,GRU,1
test_06,A3,test,6,24.799999237060547,247,158.49253845214844,0.7669172883033752,1.0,81.5999984741211,106.4000015258789,True,False,0.8269751071929932,87.99015266719834,GRU,1
test_06,A3,test,6,24.899999618530273,248,158.49253845214844,0.7659774422645569,1.0,81.5,106.4000015258789,True,False,0.8352627754211426,88.87196057931942,GRU,1
test_06,A3,test,6,25.0,249,158.49253845214844,0.7650375962257385,1.0,81.4000015258789,106.4000015258789,True,False,0.8409218192100525,89.47408284709445,GRU,1
test_06,A3,test,6,25.100000381469727,250,158.49253845214844,0.7640977501869202,1.0,81.30000305175781,106.4000015258789,True,False,0.8353545069694519,88.8817208161995,GRU,1
test_06,A3,test,6,25.200000762939453,251,158.49253845214844,0.763157844543457,1.0,81.19999694824219,106.4000015258789,True,False,0.8302690982818604,88.34063332408004,GRU,1
test_06,A3,test,6,25.299999237060547,252,158.49253845214844,0.7622179985046387,1.0,81.0999984741211,106.4000015258789,True,False,0.830660343170166,88.38226178079276,GRU,1
test_06,A3,test,6,25.399999618530273,253,158.49253845214844,0.7612782120704651,1.0,81.0,106.4000015258789,True,False,0.8310913443565369,88.42812030768027,GRU,1
test_06,A3,test,6,25.5,254,158.49253845214844,0.7603383660316467,1.0,80.9000015258789,106.4000015258789,True,False,0.8305156826972961,88.36686990625867,GRU,1
test_06,A3,test,6,25.600000381469727,255,158.49253845214844,0.7593985199928284,1.0,80.80000305175781,106.4000015258789,True,False,0.8301752805709839,88.33065111949963,GRU,1
test_06,A3,test,6,25.700000762939453,256,158.49253845214844,0.7584586143493652,1.0,80.69999694824219,106.4000015258789,True,False,0.821959912776947,87.45653597367846,GRU,1
test_06,A3,test,6,25.799999237060547,257,158.49253845214844,0.7575187683105469,1.0,80.5999984741211,106.4000015258789,True,False,0.8143313527107239,86.64485717099205,GRU,1
test_06,A3,test,6,25.899999618530273,258,158.49253845214844,0.7565789222717285,1.0,80.5,106.4000015258789,True,False,0.8133658766746521,86.54213051928082,GRU,1
test_06,A3,test,6,26.0,259,158.49253845214844,0.7556390762329102,1.0,80.4000015258789,106.4000015258789,True,False,0.8012219667434692,85.25001848407283,GRU,1
test_06,A3,test,6,26.100000381469727,260,158.49253845214844,0.7546992897987366,1.0,80.30000305175781,106.4000015258789,True,False,0.7975807785987854,84.86259605992245,GRU,1
test_06,A3,test,6,26.200000762939453,261,158.49253845214844,0.7537593841552734,1.0,80.19999694824219,106.4000015258789,True,False,0.7968586683273315,84.78576352593791,GRU,1
test_06,A3,test,6,26.299999237060547,262,158.49253845214844,0.7528195381164551,1.0,80.0999984741211,106.4000015258789,True,False,0.7895933985710144,84.01273881277984,GRU,1
test_06,A3,test,6,26.399999618530273,263,158.49253845214844,0.7518796920776367,1.0,80.0,106.4000015258789,True,False,0.7871790528297424,83.7558524222245,GRU,1
test_06,A3,test,6,26.5,264,158.49253845214844,0.7509398460388184,1.0,79.9000015258789,106.4000015258789,True,False,0.7882592678070068,83.87078729745372,GRU,1
test_06,A3,test,6,26.600000381469727,265,158.49253845214844,0.75,1.0,79.80000305175781,106.4000015258789,True,False,0.785426139831543,83.56934247654135,GRU,1
test_06,A3,test,6,26.700000762939453,266,158.49253845214844,0.7490600943565369,1.0,79.69999694824219,106.4000015258789,True,False,0.7855234742164612,83.57969885524517,GRU,1
test_06,A3,test,6,26.799999237060547,267,158.49253845214844,0.7481202483177185,1.0,79.5999984741211,106.4000015258789,True,False,0.7879024147987366,83.83281813682925,GRU,1
test_06,A3,test,6,26.899999618530273,268,158.49253845214844,0.7471804618835449,1.0,79.5,106.4000015258789,True,False,0.7889626622200012,83.94562846406961,GRU,1
test_06,A3,test,6,27.0,269,158.49253845214844,0.7462406158447266,1.0,79.4000015258789,106.4000015258789,True,False,0.7898359894752502,84.0385504853607,GRU,1
test_06,A3,test,6,27.100000381469727,270,158.49253845214844,0.7453007698059082,1.0,79.30000305175781,106.4000015258789,True,False,0.7892024517059326,83.9711420657386,GRU,1
test_06,A3,test,6,27.200000762939453,271,158.49253845214844,0.7443608641624451,1.0,79.19999694824219,106.4000015258789,True,False,0.7887583374977112,83.92388831330618,GRU,1
test_06,A3,test,6,27.299999237060547,272,158.49253845214844,0.7434210181236267,1.0,79.0999984741211,106.4000015258789,True,False,0.7886660695075989,83.91407099901744,GRU,1
test_06,A3,test,6,27.399999618530273,273,158.49253845214844,0.7424811720848083,1.0,79.0,106.4000015258789,True,False,0.7892946600914001,83.98095303809305,GRU,1
test_06,A3,test,6,27.5,274,158.49253845214844,0.7415413856506348,1.0,78.9000015258789,106.4000015258789,True,False,0.7892294526100159,83.97401496197426,GRU,1
test_06,A3,test,6,27.600000381469727,275,158.49253845214844,0.7406015396118164,1.0,78.80000305175781,106.4000015258789,True,False,0.7904382944107056,84.10263573141219,GRU,1
test_06,A3,test,6,27.700000762939453,276,158.49253845214844,0.7396616339683533,1.0,78.69999694824219,106.4000015258789,True,False,0.7882987856864929,83.87499199989134,GRU,1
test_06,A3,test,6,27.799999237060547,277,158.49253845214844,0.7387217879295349,1.0,78.5999984741211,106.4000015258789,True,False,0.7882028222084045,83.8647814856763,GRU,1
test_06,A3,test,6,27.899999618530273,278,158.49253845214844,0.7377819418907166,1.0,78.5,106.4000015258789,True,False,0.7906357049942017,84.1236402177974,GRU,1
test_06,A3,test,6,28.0,279,158.49253845214844,0.7368420958518982,1.0,78.4000015258789,106.4000015258789,True,False,0.7870342135429382,83.74044152188753,GRU,1
test_06,A3,test,6,28.100000381469727,280,158.49253845214844,0.7359022498130798,1.0,78.30000305175781,106.4000015258789,True,False,0.7905665040016174,84.11627723208085,GRU,1
test_06,A3,test,6,28.200000762939453,281,158.49253845214844,0.7349623441696167,1.0,78.19999694824219,106.4000015258789,True,False,0.7892705798149109,83.97839089663785,GRU,1
test_06,A3,test,6,28.299999237060547,282,158.49253845214844,0.7340225577354431,1.0,78.0999984741211,106.4000015258789,True,False,0.7855657339096069,83.58419528666036,GRU,1
test_06,A3,test,6,28.399999618530273,283,158.49253845214844,0.7330827116966248,1.0,78.0,106.4000015258789,True,False,0.7883787751197815,83.8835028757153,GRU,1
test_06,A3,test,6,28.5,284,158.49253845214844,0.7321428656578064,1.0,77.9000015258789,106.4000015258789,True,False,0.7905314564704895,84.11254817471536,GRU,1
test_06,A3,test,6,28.600000381469727,285,158.49253845214844,0.731203019618988,1.0,77.80000305175781,106.4000015258789,True,False,0.7925074696540833,84.32279598046489,GRU,1
test_06,A3,test,6,28.700000762939453,286,158.49253845214844,0.7302631139755249,1.0,77.69999694824219,106.4000015258789,True,False,0.7914291024208069,84.20805770519883,GRU,1
test_06,A3,test,6,28.799999237060547,287,158.49253845214844,0.7293232679367065,1.0,77.5999984741211,106.4000015258789,True,False,0.7912927269935608,84.19354735953175,GRU,1
test_06,A3,test,6,28.899999618530273,288,158.49253845214844,0.7283834218978882,1.0,77.5,106.4000015258789,True,False,0.7908293604850769,84.14424516232202,GRU,1
test_06,A3,test,6,29.0,289,158.49253845214844,0.7274436354637146,1.0,77.4000015258789,106.4000015258789,True,False,0.7887179255485535,83.91958848185413,GRU,1
test_06,A3,test,6,29.100000381469727,290,158.49253845214844,0.7265037894248962,1.0,77.30000305175781,106.4000015258789,True,False,0.7903994917869568,84.09850713218611,GRU,1
test_06,A3,test,6,29.200000762939453,291,158.49253845214844,0.7255638837814331,1.0,77.19999694824219,106.4000015258789,True,False,0.7917666435241699,84.2439720791117,GRU,1
test_06,A3,test,6,29.299999237060547,292,158.49253845214844,0.7246240377426147,1.0,77.0999984741211,106.4000015258789,True,False,0.789570152759552,84.01026545840477,GRU,1
test_06,A3,test,6,29.399999618530273,293,158.49253845214844,0.7236841917037964,1.0,77.0,106.4000015258789,True,False,0.7903540134429932,84.09366823631899,GRU,1
test_06,A3,test,6,29.5,294,158.49253845214844,0.722744345664978,1.0,76.9000015258789,106.4000015258789,True,False,0.7911444306373596,84.17776862700566,GRU,1
test_06,A3,test,6,29.600000381469727,295,158.49253845214844,0.7218045592308044,1.0,76.80000305175781,106.4000015258789,True,False,0.7926474213600159,84.33768684218967,GRU,1
test_06,A3,test,6,29.700000762939453,296,158.49253845214844,0.7208645939826965,1.0,76.69999694824219,106.4000015258789,True,False,0.7907655239105225,84.13745295069202,GRU,1
test_06,A3,test,6,29.799999237060547,297,158.49253845214844,0.719924807548523,1.0,76.5999984741211,106.4000015258789,True,False,0.7887677550315857,83.9248903389248,GRU,1
test_06,A3,test,6,29.899999618530273,298,158.49253845214844,0.7189849615097046,1.0,76.5,106.4000015258789,True,False,0.7898397445678711,84.03895002722129,GRU,1
test_06,A3,test,6,30.0,299,158.49253845214844,0.7180451154708862,1.0,76.4000015258789,106.4000015258789,True,False,0.7877612113952637,83.81779409448427,GRU,1
test_06,A3,test,6,30.100000381469727,300,158.49253845214844,0.7171052694320679,1.0,76.30000305175781,106.4000015258789,True,False,0.7891074419021606,83.9610330224723,GRU,1
test_06,A3,test,6,30.200000762939453,301,158.49253845214844,0.7161653637886047,1.0,76.19999694824219,106.4000015258789,True,False,0.7911984324455261,84.18351441947698,GRU,1
test_06,A3,test,6,30.299999237060547,302,158.49253845214844,0.7152255177497864,1.0,76.0999984741211,106.4000015258789,True,False,0.7905964255332947,84.11946088309696,GRU,1
test_06,A3,test,6,30.399999618530273,303,158.49253845214844,0.7142857313156128,1.0,76.0,106.4000015258789,True,False,0.7910925149917603,84.17224480223467,GRU,1
test_06,A3,test,6,30.5,304,158.49253845214844,0.7133458852767944,1.0,75.9000015258789,106.4000015258789,True,False,0.791849672794342,84.2528063935847,GRU,1
test_06,A3,test,6,30.600000381469727,305,158.49253845214844,0.7124060392379761,1.0,75.80000305175781,106.4000015258789,True,False,0.7965515851974487,84.7530898804498,GRU,1
test_06,A3,test,6,30.700000762939453,306,158.49253845214844,0.7114661335945129,1.0,75.69999694824219,106.4000015258789,True,False,0.8028637170791626,85.42470072229571,GRU,1
test_06,A3,test,6,30.799999237060547,307,158.49253845214844,0.7105262875556946,1.0,75.5999984741211,106.4000015258789,True,False,0.8061651587486267,85.77597412096429,GRU,1
test_06,A3,test,6,30.899999618530273,308,158.49253845214844,0.7095864415168762,1.0,75.5,106.4000015258789,True,False,0.8035711050033569,85.49996679850938,GRU,1
test_06,A3,test,6,31.0,309,158.49253845214844,0.7086465954780579,1.0,75.4000015258789,106.4000015258789,True,False,0.8063976168632507,85.80070766471499,GRU,1
test_06,A3,test,6,31.100000381469727,310,158.49253845214844,0.7077068090438843,1.0,75.30000305175781,106.4000015258789,True,False,0.8064807057380676,85.80954832112229,GRU,1
test_06,A3,test,6,31.200000762939453,311,158.49253845214844,0.7067669034004211,1.0,75.19999694824219,106.4000015258789,True,False,0.8073506355285645,85.90210885215856,GRU,1
test_06,A3,test,6,31.299999237060547,312,158.49253845214844,0.7058270573616028,1.0,75.0999984741211,106.4000015258789,True,False,0.805820643901825,85.7393177407389,GRU,1
test_06,A3,test,6,31.399999618530273,313,158.49253845214844,0.7048872113227844,1.0,75.0,106.4000015258789,True,False,0.8064371943473816,85.8049187090869,GRU,1
test_06,A3,test,6,31.5,314,158.49253845214844,0.7039473652839661,1.0,74.9000015258789,106.4000015258789,True,False,0.8052797913551331,85.6817710289456,GRU,1
test_06,A3,test,6,31.600000381469727,315,158.49253845214844,0.7030075192451477,1.0,74.80000305175781,106.4000015258789,True,False,0.8030223846435547,85.44158295138914,GRU,1
test_06,A3,test,6,31.700000762939453,316,158.49253845214844,0.7020676136016846,1.0,74.69999694824219,106.4000015258789,True,False,0.8026522397994995,85.40219953941687,GRU,1
test_06,A3,test,6,31.799999237060547,317,158.49253845214844,0.7011277675628662,1.0,74.5999984741211,106.4000015258789,True,False,0.8049922585487366,85.65117753790628,GRU,1
test_06,A3,test,6,31.899999618530273,318,158.49253845214844,0.7001879811286926,1.0,74.5,106.4000015258789,True,False,0.7998737692832947,85.10657027225307,GRU,1
test_06,A3,test,6,32.0,319,158.49253845214844,0.6992481350898743,1.0,74.4000015258789,106.4000015258789,True,False,0.7907446622848511,84.13523327368875,GRU,1
test_06,A3,test,6,32.099998474121094,320,158.49253845214844,0.6983082890510559,1.0,74.30000305175781,106.4000015258789,True,False,0.7827969193458557,83.28959341285235,GRU,1
test_06,A3,test,6,32.20000076293945,321,158.49253845214844,0.6973683834075928,1.0,74.19999694824219,106.4000015258789,True,False,0.780441403388977,83.03896651144623,GRU,1
test_06,A3,test,6,32.29999923706055,322,158.49253845214844,0.6964285373687744,1.0,74.0999984741211,106.4000015258789,True,False,0.7831242680549622,83.32442331600078,GRU,1
test_06,A3,test,6,32.400001525878906,323,158.49253845214844,0.695488691329956,1.0,74.0,106.4000015258789,True,False,0.7876476049423218,83.8057063677179,GRU,1
test_06,A3,test,6,32.5,324,158.49253845214844,0.6945489048957825,1.0,73.9000015258789,106.4000015258789,True,False,0.7566350698471069,80.50597258626567,GRU,1
test_06,A3,test,6,32.599998474121094,325,158.49253845214844,0.6936090588569641,1.0,73.80000305175781,106.4000015258789,True,False,0.7497429251670837,79.77264838179462,GRU,1
test_06,A3,test,6,32.70000076293945,326,158.49253845214844,0.692669153213501,1.0,73.69999694824219,106.4000015258789,True,False,0.7540162205696106,80.22732701914401,GRU,1
test_06,A3,test,6,32.79999923706055,327,158.49253845214844,0.6917293071746826,1.0,73.5999984741211,106.4000015258789,True,False,0.7564561367034912,80.48693409951193,GRU,1
test_06,A3,test,6,32.900001525878906,328,158.49253845214844,0.6907894611358643,1.0,73.5,106.4000015258789,True,False,0.7609145045280457,80.96130444284745,GRU,1
test_06,A3,test,6,33.0,329,158.49253845214844,0.6898496150970459,1.0,73.4000015258789,106.4000015258789,True,False,0.7682703733444214,81.74396889613399,GRU,1
test_06,A3,test,6,33.099998474121094,330,158.49253845214844,0.6889097690582275,1.0,73.30000305175781,106.4000015258789,True,False,0.7740187644958496,82.3555977234173,GRU,1
test_06,A3,test,6,33.20000076293945,331,158.49253845214844,0.6879698634147644,1.0,73.19999694824219,106.4000015258789,True,False,0.7712023258209229,82.05592864410755,GRU,1
test_06,A3,test,6,33.29999923706055,332,158.49253845214844,0.6870300769805908,1.0,73.0999984741211,106.4000015258789,True,False,0.7665784955024719,81.56395309116897,GRU,1
test_06,A3,test,6,33.400001525878906,333,158.49253845214844,0.6860902309417725,1.0,73.0,106.4000015258789,True,False,0.7645905017852783,81.35243055662613,GRU,1
test_06,A3,test,6,33.5,334,158.49253845214844,0.6851503849029541,1.0,72.9000015258789,106.4000015258789,True,False,0.765777587890625,81.47873652004637,GRU,1
test_06,A3,test,6,33.599998474121094,335,158.49253845214844,0.6842105388641357,1.0,72.80000305175781,106.4000015258789,True,False,0.7688162922859192,81.80205467234236,GRU,1
test_06,A3,test,6,33.70000076293945,336,158.49253845214844,0.6832706332206726,1.0,72.69999694824219,106.4000015258789,True,False,0.7772892713546753,82.70357965818675,GRU,1
test_06,A3,test,6,33.79999923706055,337,158.49253845214844,0.6823307871818542,1.0,72.5999984741211,106.4000015258789,True,False,0.7822695374488831,83.23347997820974,GRU,1
test_06,A3,test,6,33.900001525878906,338,158.49253845214844,0.6813909411430359,1.0,72.5,106.4000015258789,True,False,0.7863156795501709,83.66398950396069,GRU,1
test_06,A3,test,6,34.0,339,158.49253845214844,0.6804511547088623,1.0,72.4000015258789,106.4000015258789,True,False,0.7841328382492065,83.43173518620733,GRU,1
test_06,A3,test,6,34.099998474121094,340,158.49253845214844,0.679511308670044,1.0,72.30000305175781,106.4000015258789,True,False,0.7745310664176941,82.41010664868327,GRU,1
test_06,A3,test,6,34.20000076293945,341,158.49253845214844,0.6785714030265808,1.0,72.19999694824219,106.4000015258789,True,False,0.7765514850616455,82.62507919548261,GRU,1
test_06,A3,test,6,34.29999923706055,342,158.49253845214844,0.6776315569877625,1.0,72.0999984741211,106.4000015258789,True,False,0.7804400324821472,83.03882064695745,GRU,1
test_06,A3,test,6,34.400001525878906,343,158.49253845214844,0.6766917109489441,1.0,72.0,106.4000015258789,True,False,0.7816703915596008,83.16973085467589,GRU,1
test_06,A3,test,6,34.5,344,158.49253845214844,0.6757518649101257,1.0,71.9000015258789,106.4000015258789,True,False,0.7834263443946838,83.3565642390081,GRU,1
test_06,A3,test,6,34.599998474121094,345,158.49253845214844,0.6748120784759521,1.0,71.80000305175781,106.4000015258789,True,False,0.7825470566749573,83.2630080242875,GRU,1
test_06,A3,test,6,34.70000076293945,346,158.49253845214844,0.6738721132278442,1.0,71.69999694824219,106.4000015258789,True,False,0.7809569239616394,83.09381790116413,GRU,1
test_06,A3,test,6,34.79999923706055,347,158.49253845214844,0.6729323267936707,1.0,71.5999984741211,106.4000015258789,True,False,0.7777650952339172,82.75420731966415,GRU,1
test_06,A3,test,6,34.900001525878906,348,158.49253845214844,0.6719924807548523,1.0,71.5,106.4000015258789,True,False,0.7757711410522461,82.5420505916918,GRU,1
test_06,A3,test,6,35.0,349,158.49253845214844,0.6710526347160339,1.0,71.4000015258789,106.4000015258789,True,False,0.7743359208106995,82.38934315580127,GRU,1
test_06,A3,test,6,35.099998474121094,350,158.49253845214844,0.6701127886772156,1.0,71.30000305175781,106.4000015258789,True,False,0.766764223575592,81.58371455843235,GRU,1
test_06,A3,test,6,35.20000076293945,351,158.49253845214844,0.6691728830337524,1.0,71.19999694824219,106.4000015258789,True,False,0.7628334164619446,81.16547667554232,GRU,1
test_06,A3,test,6,35.29999923706055,352,158.49253845214844,0.6682330369949341,1.0,71.0999984741211,106.4000015258789,True,False,0.7604453563690186,80.9113870780111,GRU,1
test_06,A3,test,6,35.400001525878906,353,158.49253845214844,0.6672932505607605,1.0,71.0,106.4000015258789,True,False,0.7561958432197571,80.45923887244544,GRU,1
test_06,A3,test,6,35.5,354,158.49253845214844,0.6663534045219421,1.0,70.9000015258789,106.4000015258789,True,False,0.754280149936676,80.2554091042025,GRU,1
test_06,A3,test,6,35.599998474121094,355,158.49253845214844,0.6654135584831238,1.0,70.80000305175781,106.4000015258789,True,False,0.7630003094673157,81.18323409156847,GRU,1
test_06,A3,test,6,35.70000076293945,356,158.49253845214844,0.6644736528396606,1.0,70.69999694824219,106.4000015258789,True,False,0.7686493992805481,81.78429725631622,GRU,1
test_06,A3,test,6,35.79999923706055,357,158.49253845214844,0.6635338068008423,1.0,70.5999984741211,106.4000015258789,True,False,0.7671412825584412,81.62383363478284,GRU,1
test_06,A3,test,6,35.900001525878906,358,158.49253845214844,0.6625939607620239,1.0,70.5,106.4000015258789,True,False,0.760126531124115,80.87746407146687,GRU,1
test_06,A3,test,6,36.0,359,158.49253845214844,0.6616541147232056,1.0,70.4000015258789,106.4000015258789,True,False,0.7568486928939819,80.52870207877913,GRU,1
test_06,A3,test,6,36.099998474121094,360,158.49253845214844,0.660714328289032,1.0,70.30000305175781,106.4000015258789,True,False,0.7572647929191589,80.57297512209288,GRU,1
test_06,A3,test,6,36.20000076293945,361,158.49253845214844,0.6597744226455688,1.0,70.19999694824219,106.4000015258789,True,False,0.7537873983383179,80.20298033338531,GRU,1
test_06,A3,test,6,36.29999923706055,362,158.49253845214844,0.6588345766067505,1.0,70.0999984741211,106.4000015258789,True,False,0.7559809684753418,80.43637619931178,GRU,1
test_06,A3,test,6,36.400001525878906,363,158.49253845214844,0.6578947305679321,1.0,70.0,106.4000015258789,True,False,0.7675485014915466,81.66716172988663,GRU,1
test_06,A3,test,6,36.5,364,158.49253845214844,0.6569548845291138,1.0,69.9000015258789,106.4000015258789,True,False,0.771946132183075,82.1350696421755,GRU,1
test_06,A3,test,6,36.599998474121094,365,158.49253845214844,0.6560150384902954,1.0,69.80000305175781,106.4000015258789,True,False,0.774178147315979,82.37255605572227,GRU,1
test_06,A3,test,6,36.70000076293945,366,158.49253845214844,0.6550751328468323,1.0,69.69999694824219,106.4000015258789,True,False,0.7792201638221741,82.90902661967493,GRU,1
test_06,A3,test,6,36.79999923706055,367,158.49253845214844,0.6541352868080139,1.0,69.5999984741211,106.4000015258789,True,False,0.7753629088401794,82.498614683705,GRU,1
test_06,A3,test,6,36.900001525878906,368,158.49253845214844,0.6531955003738403,1.0,69.5,106.4000015258789,True,False,0.7690249681472778,81.82425778430934,GRU,1
test_06,A3,test,6,37.0,369,158.49253845214844,0.652255654335022,1.0,69.4000015258789,106.4000015258789,True,False,0.7684965133666992,81.76803019484942,GRU,1
test_06,A3,test,6,37.099998474121094,370,158.49253845214844,0.6513158082962036,1.0,69.30000305175781,106.4000015258789,True,False,0.7657455801963806,81.47533090132993,GRU,1
test_06,A3,test,6,37.20000076293945,371,158.49253845214844,0.6503759026527405,1.0,69.19999694824219,106.4000015258789,True,False,0.7626150250434875,81.14223982828526,GRU,1
test_06,A3,test,6,37.29999923706055,372,158.49253845214844,0.6494360566139221,1.0,69.0999984741211,106.4000015258789,True,False,0.7663025259971619,81.53458993538288,GRU,1
test_06,A3,test,6,37.400001525878906,373,158.49253845214844,0.6484962105751038,1.0,69.0,106.4000015258789,True,False,0.7683616876602173,81.75368473947401,GRU,1
test_06,A3,test,6,37.5,374,158.49253845214844,0.6475564241409302,1.0,68.9000015258789,106.4000015258789,True,False,0.7642204165458679,81.31305348658816,GRU,1
test_06,A3,test,6,37.599998474121094,375,158.49253845214844,0.6466165781021118,1.0,68.80000305175781,106.4000015258789,True,False,0.7506601214408875,79.87023806672687,GRU,1
test_06,A3,test,6,37.70000076293945,376,158.49253845214844,0.6456766724586487,1.0,68.69999694824219,106.4000015258789,True,False,0.7464531064033508,79.42261166031358,GRU,1
test_06,A3,test,6,37.79999923706055,377,158.49253845214844,0.6447368264198303,1.0,68.5999984741211,106.4000015258789,True,False,0.7463584542274475,79.41254066865304,GRU,1
test_06,A3,test,6,37.900001525878906,378,158.49253845214844,0.643796980381012,1.0,68.5,106.4000015258789,True,False,0.7488119006156921,79.67358736810593,GRU,1
test_06,A3,test,6,38.0,379,158.49253845214844,0.6428571343421936,1.0,68.4000015258789,106.4000015258789,True,False,0.7471812963485718,79.50009107159622,GRU,1
test_06,A3,test,6,38.099998474121094,380,158.49253845214844,0.6419172883033752,1.0,68.30000305175781,106.4000015258789,True,False,0.744690477848053,79.23506797934033,GRU,1
test_06,A3,test,6,38.20000076293945,381,158.49253845214844,0.6409773826599121,1.0,68.19999694824219,106.4000015258789,True,False,0.7460897564888,79.38395122885095,GRU,1
test_06,A3,test,6,38.29999923706055,382,158.49253845214844,0.6400375962257385,1.0,68.0999984741211,106.4000015258789,True,False,0.7478545308113098,79.57172321945882,GRU,1
test_06,A3,test,6,38.400001525878906,383,158.49253845214844,0.6390977501869202,1.0,68.0,106.4000015258789,True,False,0.7518224120140076,79.99390578548037,GRU,1
test_06,A3,test,6,38.5,384,158.49253845214844,0.6381579041481018,1.0,67.9000015258789,106.4000015258789,True,False,0.7525427937507629,80.07055440337035,GRU,1
test_06,A3,test,6,38.599998474121094,385,158.49253845214844,0.6372180581092834,1.0,67.80000305175781,106.4000015258789,True,False,0.753208339214325,80.14136844170889,GRU,1
test_06,A3,test,6,38.70000076293945,386,158.49253845214844,0.6362781524658203,1.0,67.69999694824219,106.4000015258789,True,False,0.7508432269096375,79.88972048888127,GRU,1
test_06,A3,test,6,38.79999923706055,387,158.49253845214844,0.635338306427002,0.9852933883666992,67.5999984741211,106.4000015258789,True,False,0.6982529759407043,74.29411770554043,GRU,1
test_06,A3,test,6,38.900001525878906,388,158.49253845214844,0.6343984603881836,0.9863941669464111,67.5,106.4000015258789,True,False,0.6930791735649109,73.74362512486141,GRU,1
test_06,A3,test,6,39.0,389,158.49253845214844,0.63345867395401,0.9918981194496155,67.4000015258789,106.4000015258789,True,False,0.7005220055580139,74.53554246028443,GRU,1
test_06,A3,test,6,39.099998474121094,390,158.49253845214844,0.6325188279151917,0.9940997362136841,67.30000305175781,106.4000015258789,True,False,0.7118315696716309,75.7388800992303,GRU,1
test_06,A3,test,6,39.20000076293945,391,158.49253845214844,0.6315789222717285,0.9940997362136841,67.19999694824219,106.4000015258789,True,False,0.7178264260292053,76.37673282482365,GRU,1
test_06,A3,test,6,39.29999923706055,392,158.49253845214844,0.6306390762329102,0.9896965026855469,67.0999984741211,106.4000015258789,True,False,0.7127517461776733,75.8367868808773,GRU,1
test_06,A3,test,6,39.400001525878906,393,158.49253845214844,0.6296992301940918,1.0,67.0,106.4000015258789,True,False,0.7193430066108704,76.53809700102693,GRU,1
test_06,A3,test,6,39.5,394,158.49253845214844,0.6287593841552734,0.9950433373451233,66.9000015258789,106.4000015258789,True,False,0.7244429588317871,77.08073192511438,GRU,1
test_06,A3,test,6,39.599998474121094,395,158.49253845214844,0.6278195977210999,0.9940997362136841,66.80000305175781,106.4000015258789,True,False,0.7229215502738953,76.9188540522332,GRU,1
test_06,A3,test,6,39.70000076293945,396,158.49253845214844,0.6268796324729919,1.0,66.69999694824219,106.4000015258789,True,False,0.7284289598464966,77.50484243916162,GRU,1
test_06,A3,test,6,39.79999923706055,397,158.49253845214844,0.6259398460388184,0.9974021315574646,66.5999984741211,106.4000015258789,True,False,0.7310228943824768,77.78083707774795,GRU,1
test_06,A3,test,6,39.900001525878906,398,158.49253845214844,0.625,0.998345673084259,66.5,106.4000015258789,True,False,0.7337052226066589,78.06623680489383,GRU,1
test_06,A3,test,6,40.0,399,158.49253845214844,0.6240601539611816,0.9974021315574646,66.4000015258789,106.4000015258789,True,False,0.7352976202964783,78.23566792152042,GRU,1
test_06,A3,test,6,40.099998474121094,400,158.49253845214844,0.6231203079223633,0.9974021315574646,66.30000305175781,106.4000015258789,True,False,0.7338231205940247,78.07878115092944,GRU,1
test_06,A3,test,6,40.20000076293945,401,158.49253845214844,0.6221804022789001,0.998345673084259,66.19999694824219,106.4000015258789,True,False,0.7341609597206116,78.1147272345138,GRU,1
test_06,A3,test,6,40.29999923706055,402,158.49253845214844,0.6212405562400818,0.998345673084259,66.0999984741211,106.4000015258789,True,False,0.7377997040748596,78.50188963935807,GRU,1
test_06,A3,test,6,40.400001525878906,403,158.49253845214844,0.6203007698059082,0.9974021315574646,66.0,106.4000015258789,True,False,0.7369507551193237,78.41156146919366,GRU,1
test_06,A3,test,6,40.5,404,158.49253845214844,0.6193609237670898,0.995200514793396,65.9000015258789,106.4000015258789,True,False,0.731453001499176,77.82660047562104,GRU,1
test_06,A3,test,6,40.599998474121094,405,158.49253845214844,0.6184210777282715,0.9972448348999023,65.80000305175781,106.4000015258789,True,False,0.7331734299659729,78.00965406711339,GRU,1
test_06,A3,test,6,40.70000076293945,406,158.49253845214844,0.6174811720848083,0.9959868788719177,65.69999694824219,106.4000015258789,True,False,0.7345585823059082,78.15703427819608,GRU,1
test_06,A3,test,6,40.79999923706055,407,158.49253845214844,0.61654132604599,0.995200514793396,65.5999984741211,106.4000015258789,True,False,0.7342088222503662,78.11981980775272,GRU,1
test_06,A3,test,6,40.900001525878906,408,158.49253845214844,0.6156014800071716,0.995200514793396,65.5,106.4000015258789,True,False,0.7322731614112854,77.91386549152094,GRU,1
test_06,A3,test,6,41.0,409,158.49253845214844,0.6146616339683533,0.9985029101371765,65.4000015258789,106.4000015258789,True,False,0.7351232767105103,78.21711776370739,GRU,1
test_06,A3,test,6,41.099998474121094,410,158.49253845214844,0.6137218475341797,0.9974021315574646,65.30000305175781,106.4000015258789,True,False,0.7362620234489441,78.33828041841434,GRU,1
test_06,A3,test,6,41.20000076293945,411,158.49253845214844,0.6127819418907166,0.9969303011894226,65.19999694824219,106.4000015258789,True,False,0.7382230162620544,78.54693005672152,GRU,1
test_06,A3,test,6,41.29999923706055,412,158.49253845214844,0.6118420958518982,0.995200514793396,65.0999984741211,106.4000015258789,True,False,0.7337343096733093,78.06933166882982,GRU,1
test_06,A3,test,6,41.400001525878906,413,158.49253845214844,0.6109022498130798,0.995200514793396,65.0,106.4000015258789,True,False,0.7310474514961243,77.78344995467751,GRU,1
test_06,A3,test,6,41.5,414,158.49253845214844,0.6099624037742615,0.995200514793396,64.9000015258789,106.4000015258789,True,False,0.7301472425460815,77.68766772101935,GRU,1
test_06,A3,test,6,41.599998474121094,415,158.49253845214844,0.6090225577354431,0.9950433373451233,64.80000305175781,106.4000015258789,True,False,0.730426013469696,77.7173289477173,GRU,1
test_06,A3,test,6,41.70000076293945,416,158.49253845214844,0.60808265209198,0.9939424395561218,64.69999694824219,106.4000015258789,True,False,0.7295979857444763,77.62922679649046,GRU,1
test_06,A3,test,6,41.79999923706055,417,158.49253845214844,0.6071428060531616,0.9939424395561218,64.5999984741211,106.4000015258789,True,False,0.730322003364563,77.70626227237244,GRU,1
test_06,A3,test,6,41.900001525878906,418,158.49253845214844,0.606203019618988,0.995200514793396,64.5,106.4000015258789,True,False,0.7309592962265015,77.77407023385513,GRU,1
test_06,A3,test,6,42.0,419,158.49253845214844,0.6052631735801697,0.9950433373451233,64.4000015258789,106.4000015258789,True,False,0.7305852770805359,77.73427459615368,GRU,1
test_06,A3,test,6,42.099998474121094,420,158.49253845214844,0.6043233275413513,0.998345673084259,64.30000305175781,106.4000015258789,True,False,0.7358956336975098,78.29929654830266,GRU,1
test_06,A3,test,6,42.20000076293945,421,158.49253845214844,0.6033834218978882,1.0,64.19999694824219,106.4000015258789,True,False,0.7440360188484192,79.16543354078067,GRU,1
test_06,A3,test,6,42.29999923706055,422,158.49253845214844,0.6024435758590698,1.0,64.0999984741211,106.4000015258789,True,False,0.7525631189346313,80.07271700296496,GRU,1
test_06,A3,test,6,42.400001525878906,423,158.49253845214844,0.6015037298202515,1.0,64.0,106.4000015258789,True,False,0.7564753890037537,80.48898254428923,GRU,1
test_06,A3,test,6,42.5,424,158.49253845214844,0.6005639433860779,1.0,63.900001525878906,106.4000015258789,True,False,0.7628647685050964,81.16881253298152,GRU,1
test_06,A3,test,6,42.599998474121094,425,158.49253845214844,0.5996240377426147,1.0,63.79999923706055,106.4000015258789,True,False,0.7709752321243286,82.03176587444341,GRU,1
test_06,A3,test,6,42.70000076293945,426,158.49253845214844,0.5986841917037964,1.0,63.70000076293945,106.4000015258789,True,False,0.7737755179405212,82.3297162895592,GRU,1
test_06,A3,test,6,42.79999923706055,427,158.49253845214844,0.597744345664978,1.0,63.599998474121094,106.4000015258789,True,False,0.7597718834877014,80.83972956241132,GRU,1
test_06,A3,test,6,42.900001525878906,428,158.49253845214844,0.5968044996261597,1.0,63.5,106.4000015258789,True,False,0.7491752505302429,79.71224779956856,GRU,1
test_06,A3,test,6,43.0,429,158.49253845214844,0.5958646535873413,0.9981883764266968,63.400001525878906,106.4000015258789,True,False,0.7423825860023499,78.98950828343595,GRU,1
test_06,A3,test,6,43.099998474121094,430,158.49253845214844,0.594924807548523,0.9974021315574646,63.29999923706055,106.4000015258789,True,False,0.7373513579368591,78.4541856095907,GRU,1
test_06,A3,test,6,43.20000076293945,431,158.49253845214844,0.5939849615097046,0.9896965026855469,63.20000076293945,106.4000015258789,True,False,0.7199777960777283,76.60563860126922,GRU,1
test_06,A3,test,6,43.29999923706055,432,158.49253845214844,0.5930451154708862,0.9896965026855469,63.099998474121094,106.4000015258789,True,False,0.7137893438339233,75.94718727308555,GRU,1
test_06,A3,test,6,43.400001525878906,433,158.49253845214844,0.5921052694320679,0.9896965026855469,63.0,106.4000015258789,True,False,0.7123593688011169,75.79503792741298,GRU,1
test_06,A3,test,6,43.5,434,158.49253845214844,0.5911654233932495,0.9863941669464111,62.900001525878906,106.4000015258789,True,False,0.708918571472168,75.42893708636257,GRU,1
test_06,A3,test,6,43.599998474121094,435,158.49253845214844,0.5902255773544312,0.9863941669464111,62.79999923706055,106.4000015258789,True,False,0.7061290144920349,75.13212821941988,GRU,1
test_06,A3,test,6,43.70000076293945,436,158.49253845214844,0.5892857313156128,0.9830917716026306,62.70000076293945,106.4000015258789,True,False,0.699324369430542,74.40811397449397,GRU,1
test_06,A3,test,6,43.79999923706055,437,158.49253845214844,0.5883458256721497,0.9810474514961243,62.599998474121094,106.4000015258789,True,False,0.6930443048477173,73.7399150932988,GRU,1
test_06,A3,test,6,43.900001525878906,438,158.49253845214844,0.5874059796333313,0.9852933883666992,62.5,106.4000015258789,True,False,0.6971601247787476,74.17783834024067,GRU,1
test_06,A3,test,6,44.0,439,158.49253845214844,0.5864661931991577,0.9852933883666992,62.400001525878906,106.4000015258789,True,False,0.7018017172813416,74.67170378959918,GRU,1
test_06,A3,test,6,44.099998474121094,440,158.49253845214844,0.5855262875556946,0.9830917716026306,62.29999923706055,106.4000015258789,True,False,0.6966586709022522,74.1244836470164,GRU,1
test_06,A3,test,6,44.20000076293945,441,158.49253845214844,0.5845864415168762,0.9830917716026306,62.20000076293945,106.4000015258789,True,False,0.6958653926849365,74.04007884348357,GRU,1
test_06,A3,test,6,44.29999923706055,442,158.49253845214844,0.5836465954780579,0.9830917716026306,62.099998474121094,106.4000015258789,True,False,0.696800708770752,74.13959647644151,GRU,1
test_06,A3,test,6,44.400001525878906,443,158.49253845214844,0.5827067494392395,0.9830917716026306,62.0,106.4000015258789,True,False,0.69720858335495,74.18299433282255,GRU,1
test_06,A3,test,6,44.5,444,158.49253845214844,0.5817669034004211,0.980890154838562,61.900001525878906,106.4000015258789,True,False,0.6928569078445435,73.71997605187516,GRU,1
test_06,A3,test,6,44.599998474121094,445,158.49253845214844,0.5808270573616028,0.9832490682601929,61.79999923706055,106.4000015258789,True,False,0.6966128945350647,74.1196130414778,GRU,1
test_06,A3,test,6,44.70000076293945,446,158.49253845214844,0.5798872113227844,0.9830917716026306,61.70000076293945,106.4000015258789,True,False,0.6977951526641846,74.24540530822014,GRU,1
test_06,A3,test,6,44.79999923706055,447,158.49253845214844,0.5789473652839661,0.980890154838562,61.599998474121094,106.4000015258789,True,False,0.6952838897705078,73.97820693250105,GRU,1
test_06,A3,test,6,44.900001525878906,448,158.49253845214844,0.5780075192451477,0.980890154838562,61.5,106.4000015258789,True,False,0.6930375099182129,73.73919211278917,GRU,1
test_06,A3,test,6,45.0,449,158.49253845214844,0.5770676732063293,0.9802611470222473,61.400001525878906,106.4000015258789,True,False,0.6932020783424377,73.7567021933778,GRU,1
test_06,A3,test,6,45.099998474121094,450,158.49253845214844,0.576127827167511,0.9799467325210571,61.29999923706055,106.4000015258789,True,False,0.6933218836784363,73.76944948131086,GRU,1
test_06,A3,test,6,45.20000076293945,451,158.49253845214844,0.5751879811286926,0.9797893762588501,61.20000076293945,106.4000015258789,True,False,0.6922332048416138,73.65361405141175,GRU,1
test_06,A3,test,6,45.29999923706055,452,158.49253845214844,0.5742480754852295,0.9799467325210571,61.099998474121094,106.4000015258789,True,False,0.6895875334739685,73.37211461385732,GRU,1
test_06,A3,test,6,45.400001525878906,453,158.49253845214844,0.5733082890510559,0.9818336963653564,61.0,106.4000015258789,True,False,0.6912695169448853,73.55107765772937,GRU,1
test_06,A3,test,6,45.5,454,158.49253845214844,0.5723684430122375,0.9835636019706726,60.900001525878906,106.4000015258789,True,False,0.6966522336006165,74.12379871811254,GRU,1
test_06,A3,test,6,45.599998474121094,455,158.49253845214844,0.5714285373687744,0.9852933883666992,60.79999923706055,106.4000015258789,True,False,0.7023637890815735,74.73150823000151,GRU,1
test_06,A3,test,6,45.70000076293945,456,158.49253845214844,0.570488691329956,0.9852933883666992,60.70000076293945,106.4000015258789,True,False,0.7072253227233887,75.24877541690876,GRU,1
test_06,A3,test,6,45.79999923706055,457,158.49253845214844,0.5695488452911377,0.9799467325210571,60.599998474121094,106.4000015258789,True,False,0.6965228915214539,74.11003672069228,GRU,1
test_06,A3,test,6,45.900001525878906,458,158.49253845214844,0.5686089992523193,0.9777451157569885,60.5,106.4000015258789,True,False,0.6878333687782288,73.18547148755397,GRU,1
test_06,A3,test,6,46.0,459,158.49253845214844,0.567669153213501,0.9797893762588501,60.400001525878906,106.4000015258789,True,False,0.6852324604988098,72.90873484265512,GRU,1
test_06,A3,test,6,46.099998474121094,460,158.49253845214844,0.5667293071746826,0.9775877594947815,60.29999923706055,106.4000015258789,True,False,0.6863057017326355,73.02292771157181,GRU,1
test_06,A3,test,6,46.20000076293945,461,158.49253845214844,0.5657894611358643,0.9775877594947815,60.20000076293945,106.4000015258789,True,False,0.6845994591712952,72.84138350044168,GRU,1
test_06,A3,test,6,46.29999923706055,462,158.49253845214844,0.5648496150970459,0.9764870405197144,60.099998474121094,106.4000015258789,True,False,0.6814978122711182,72.51136826553011,GRU,1
test_06,A3,test,6,46.400001525878906,463,158.49253845214844,0.5639097690582275,0.9764870405197144,60.0,106.4000015258789,True,False,0.6791152358055115,72.25786212595403,GRU,1
test_06,A3,test,6,46.5,464,158.49253845214844,0.5629699230194092,0.9742854237556458,59.900001525878906,106.4000015258789,True,False,0.676568329334259,71.9868712735265,GRU,1
test_06,A3,test,6,46.599998474121094,465,158.49253845214844,0.5620300769805908,0.9775877594947815,59.79999923706055,106.4000015258789,True,False,0.6795827746391296,72.30760825856441,GRU,1
test_06,A3,test,6,46.70000076293945,466,158.49253845214844,0.5610902309417725,0.980890154838562,59.70000076293945,106.4000015258789,True,False,0.6892083287239075,73.3317672278722,GRU,1
test_06,A3,test,6,46.79999923706055,467,158.49253845214844,0.5601503252983093,0.9775877594947815,59.599998474121094,106.4000015258789,True,False,0.6884960532188416,73.25598111304635,GRU,1
test_06,A3,test,6,46.900001525878906,468,158.49253845214844,0.5592105388641357,0.9830917716026306,59.5,106.4000015258789,True,False,0.6916713714599609,73.5938349787466,GRU,1
test_06,A3,test,6,47.0,469,158.49253845214844,0.5582706928253174,0.980890154838562,59.400001525878906,106.4000015258789,True,False,0.6960547566413879,74.06022716873895,GRU,1
test_06,A3,test,6,47.099998474121094,470,158.49253845214844,0.5573307871818542,0.9742854237556458,59.29999923706055,106.4000015258789,True,False,0.679557740688324,72.3049446461605,GRU,1
test_06,A3,test,6,47.20000076293945,471,158.49253845214844,0.5563910007476807,0.9742854237556458,59.20000076293945,106.4000015258789,True,False,0.675071656703949,71.82762530337777,GRU,1
test_06,A3,test,6,47.29999923706055,472,158.49253845214844,0.5554510951042175,0.9764870405197144,59.099998474121094,106.4000015258789,True,False,0.67625492811203,71.95352538300313,GRU,1
test_06,A3,test,6,47.400001525878906,473,158.49253845214844,0.5545112490653992,0.9799467325210571,59.0,106.4000015258789,True,False,0.680091381072998,72.36172398390408,GRU,1
test_06,A3,test,6,47.5,474,158.49253845214844,0.5535714626312256,0.9764870405197144,58.900001525878906,106.4000015258789,True,False,0.6805250644683838,72.40786789783488,GRU,1
test_06,A3,test,6,47.599998474121094,475,158.49253845214844,0.5526315569877625,0.9775877594947815,58.79999923706055,106.4000015258789,True,False,0.6809135675430298,72.44920462557002,GRU,1
test_06,A3,test,6,47.70000076293945,476,158.49253845214844,0.5516917109489441,0.9764870405197144,58.70000076293945,106.4000015258789,True,False,0.6832044720649719,72.6929568702003,GRU,1
test_06,A3,test,6,47.79999923706055,477,158.49253845214844,0.5507518649101257,0.9722411036491394,58.599998474121094,106.4000015258789,True,False,0.6739569902420044,71.70902479012602,GRU,1
test_06,A3,test,6,47.900001525878906,478,158.49253845214844,0.5498120188713074,0.9716120958328247,58.5,106.4000015258789,True,False,0.6682817935943604,71.10518385815703,GRU,1
test_06,A3,test,6,48.0,479,158.49253845214844,0.548872172832489,0.9711402654647827,58.400001525878906,106.4000015258789,True,False,0.6676629185676575,71.03933555437152,GRU,1
test_06,A3,test,6,48.099998474121094,480,158.49253845214844,0.5479323267936707,0.9711402654647827,58.29999923706055,106.4000015258789,True,False,0.6666767001152039,70.9344019095256,GRU,1
test_06,A3,test,6,48.20000076293945,481,158.49253845214844,0.5469924807548523,0.9690959453582764,58.20000076293945,106.4000015258789,True,False,0.6631978750228882,70.56425491439495,GRU,1
test_06,A3,test,6,48.29999923706055,482,158.49253845214844,0.5460526347160339,0.9717692732810974,58.099998474121094,106.4000015258789,True,False,0.6634694337844849,70.5931487670432,GRU,1
test_06,A3,test,6,48.400001525878906,483,158.49253845214844,0.5451127886772156,0.9742854237556458,58.0,106.4000015258789,True,False,0.6692667603492737,71.20998432238275,GRU,1
test_06,A3,test,6,48.5,484,158.49253845214844,0.5441729426383972,0.974442720413208,57.900001525878906,106.4000015258789,True,False,0.6741319894790649,71.72764470921629,GRU,1
test_06,A3,test,6,48.599998474121094,485,158.49253845214844,0.5432330965995789,0.9722411036491394,57.79999923706055,106.4000015258789,True,False,0.6715735793113708,71.45542986346982,GRU,1
test_06,A3,test,6,48.70000076293945,486,158.49253845214844,0.5422932505607605,0.9711402654647827,57.70000076293945,106.4000015258789,True,False,0.6701174378395081,71.30049640864172,GRU,1
test_06,A3,test,6,48.79999923706055,487,158.49253845214844,0.5413533449172974,0.9689387083053589,57.599998474121094,106.4000015258789,True,False,0.6629336476325989,70.53614111966499,GRU,1
test_06,A3,test,6,48.900001525878906,488,158.49253845214844,0.540413498878479,0.9678378701210022,57.5,106.4000015258789,True,False,0.6586688160896301,70.0823630369855,GRU,1
test_06,A3,test,6,49.0,489,158.49253845214844,0.5394737124443054,0.9657935500144958,57.400001525878906,106.4000015258789,True,False,0.6546207666397095,69.65165056933711,GRU,1
test_06,A3,test,6,49.099998474121094,490,158.49253845214844,0.5385338068008423,0.9656363725662231,57.29999923706055,106.4000015258789,True,False,0.6507928967475891,69.24436520697463,GRU,1
test_06,A3,test,6,49.20000076293945,491,158.49253845214844,0.5375939607620239,0.9634347558021545,57.20000076293945,106.4000015258789,True,False,0.6494923233985901,69.10598420065662,GRU,1
test_06,A3,test,6,49.29999923706055,492,158.49253845214844,0.5366541147232056,0.9635919332504272,57.099998474121094,106.4000015258789,True,False,0.6498718857765198,69.1463696382475,GRU,1
test_06,A3,test,6,49.400001525878906,493,158.49253845214844,0.5357142686843872,0.9656363725662231,57.0,106.4000015258789,True,False,0.6505382657051086,69.21727246366618,GRU,1
test_06,A3,test,6,49.5,494,158.49253845214844,0.5347744226455688,0.9656363725662231,56.900001525878906,106.4000015258789,True,False,0.6538817286491394,69.57301692601277,GRU,1
test_06,A3,test,6,49.599998474121094,495,158.49253845214844,0.5338345766067505,0.9656363725662231,56.79999923706055,106.4000015258789,True,False,0.6540650725364685,69.59252471590435,GRU,1
test_06,A3,test,6,49.70000076293945,496,158.49253845214844,0.5328947305679321,0.9656363725662231,56.70000076293945,106.4000015258789,True,False,0.6550898551940918,69.70156159223916,GRU,1
test_06,A3,test,6,49.79999923706055,497,158.49253845214844,0.5319548845291138,0.9657935500144958,56.599998474121094,106.4000015258789,True,False,0.6545451283454895,69.64360265471669,GRU,1
test_06,A3,test,6,49.900001525878906,498,158.49253845214844,0.5310150384902954,0.9678378701210022,56.5,106.4000015258789,True,False,0.6566910147666931,69.87192497320711,GRU,1
test_06,A3,test,6,50.0,499,158.49253845214844,0.530075192451477,0.9689387083053589,56.400001525878906,106.4000015258789,True,False,0.6616063714027405,70.3949189267828,GRU,1
test_06,A3,test,6,50.099998474121094,500,158.49253845214844,0.5291353464126587,0.9678378701210022,56.29999923706055,106.4000015258789,True,False,0.6611276268959045,70.34398051052494,GRU,1
test_06,A3,test,6,50.20000076293945,501,158.49253845214844,0.5281955003738403,0.9678378701210022,56.20000076293945,106.4000015258789,True,False,0.6602259278297424,70.24803972850941,GRU,1
test_06,A3,test,6,50.29999923706055,502,158.49253845214844,0.5272555947303772,0.9678378701210022,56.099998474121094,106.4000015258789,True,False,0.6610652804374695,70.33734684725232,GRU,1
test_06,A3,test,6,50.400001525878906,503,158.49253845214844,0.5263158082962036,0.9665799140930176,56.0,106.4000015258789,True,False,0.6579484343528748,70.00571441909551,GRU,1
test_06,A3,test,6,50.5,504,158.49253845214844,0.5253759622573853,0.9653218388557434,55.900001525878906,106.4000015258789,True,False,0.6536573767662048,69.5491458853262,GRU,1
test_06,A3,test,6,50.599998474121094,505,158.49253845214844,0.5244360566139221,0.9635919332504272,55.79999923706055,106.4000015258789,True,False,0.6510285139083862,69.26943487324297,GRU,1
test_06,A3,test,6,50.70000076293945,506,158.49253845214844,0.5234962105751038,0.9634347558021545,55.70000076293945,106.4000015258789,True,False,0.6483263969421387,68.98192962391113,GRU,1
test_06,A3,test,6,50.79999923706055,507,158.49253845214844,0.5225563645362854,0.9646928310394287,55.599998474121094,106.4000015258789,True,False,0.6507577300071716,69.24062346574055,GRU,1
test_06,A3,test,6,50.900001525878906,508,158.49253845214844,0.521616518497467,0.9656363725662231,55.5,106.4000015258789,True,False,0.6526852250099182,69.44570893697392,GRU,1
test_06,A3,test,6,51.0,509,158.49253845214844,0.5206766724586487,0.9656363725662231,55.400001525878906,106.4000015258789,True,False,0.6560931205749512,69.80830903029346,GRU,1
test_06,A3,test,6,51.099998474121094,510,158.49253845214844,0.5197368264198303,0.9678378701210022,55.29999923706055,106.4000015258789,True,False,0.6572069525718689,69.92682075646508,GRU,1
test_06,A3,test,6,51.20000076293945,511,158.49253845214844,0.518796980381012,0.971297562122345,55.20000076293945,106.4000015258789,True,False,0.6650852560997009,70.76507226384774,GRU,1
test_06,A3,test,6,51.29999923706055,512,158.49253845214844,0.5178571343421936,0.9686242341995239,55.099998474121094,106.4000015258789,True,False,0.6636598706245422,70.61341124711589,GRU,1
test_06,A3,test,6,51.400001525878906,513,158.49253845214844,0.5169172883033752,0.9690959453582764,55.0,106.4000015258789,True,False,0.6631072163581848,70.55460883233218,GRU,1
test_06,A3,test,6,51.5,514,158.49253845214844,0.5159774422645569,0.9711402654647827,54.900001525878906,106.4000015258789,True,False,0.6668860912322998,70.95668112470412,GRU,1
test_06,A3,test,6,51.599998474121094,515,158.49253845214844,0.5150375962257385,0.9689387083053589,54.79999923706055,106.4000015258789,True,False,0.6668151021003723,70.94912788095871,GRU,1
test_06,A3,test,6,51.70000076293945,516,158.49253845214844,0.5140977501869202,0.9656363725662231,54.70000076293945,106.4000015258789,True,False,0.6597437262535095,70.19673348006245,GRU,1
test_06,A3,test,6,51.79999923706055,517,158.49253845214844,0.513157844543457,0.9635919332504272,54.599998474121094,106.4000015258789,True,False,0.6515781879425049,69.32792019131193,GRU,1
test_06,A3,test,6,51.900001525878906,518,158.49253845214844,0.5122180581092834,0.9635919332504272,54.5,106.4000015258789,True,False,0.6487297415733337,69.02484549328574,GRU,1
test_06,A3,test,6,52.0,519,158.49253845214844,0.5112782120704651,0.9624912142753601,54.400001525878906,106.4000015258789,True,False,0.647145688533783,68.85630224746046,GRU,1
test_06,A3,test,6,52.099998474121094,520,158.49253845214844,0.510338306427002,0.9624912142753601,54.29999923706055,106.4000015258789,True,False,0.6463086009025574,68.76723612222077,GRU,1
test_06,A3,test,6,52.20000076293945,521,158.49253845214844,0.5093985199928284,0.9609186053276062,54.20000076293945,106.4000015258789,True,False,0.6425477266311646,68.36707909400593,GRU,1
test_06,A3,test,6,52.29999923706055,522,158.49253845214844,0.5084586143493652,0.9624912142753601,54.099998474121094,106.4000015258789,True,False,0.6430765986442566,68.42335107700592,GRU,1
test_06,A3,test,6,52.400001525878906,523,158.49253845214844,0.5075187683105469,0.9623339772224426,54.0,106.4000015258789,True,False,0.6460858583450317,68.74353631376016,GRU,1
test_06,A3,test,6,52.5,524,158.49253845214844,0.5065789818763733,0.9689387083053589,53.900001525878906,106.4000015258789,True,False,0.6519123315811157,69.36347307496999,GRU,1
test_06,A3,test,6,52.599998474121094,525,158.49253845214844,0.5056390762329102,0.9689387083053589,53.79999923706055,106.4000015258789,True,False,0.6588619351387024,70.10291090410146,GRU,1
test_06,A3,test,6,52.70000076293945,526,158.49253845214844,0.5046992301940918,0.9679951667785645,53.70000076293945,106.4000015258789,True,False,0.6615750789642334,70.39158941127789,GRU,1
test_06,A3,test,6,52.79999923706055,527,158.49253845214844,0.5037593841552734,0.9657935500144958,53.599998474121094,106.4000015258789,True,False,0.6561605334281921,69.81548175798116,GRU,1
test_06,A3,test,6,52.900001525878906,528,158.49253845214844,0.5028195381164551,0.9624912142753601,53.5,106.4000015258789,True,False,0.6487589478492737,69.02795304109031,GRU,1
test_06,A3,test,6,53.0,529,158.49253845214844,0.5018796920776367,0.9679951667785645,53.400001525878906,106.4000015258789,True,False,0.6512263417243958,69.29048375316825,GRU,1
test_06,A3,test,6,53.099998474121094,530,158.49253845214844,0.5009398460388184,0.9617049694061279,53.29999923706055,106.4000015258789,True,False,0.6459179520606995,68.725671084851,GRU,1
test_06,A3,test,6,53.20000076293945,531,158.49253845214844,0.5,0.960132360458374,53.20000076293945,106.4000015258789,True,False,0.6413204073905945,68.23649232493653,GRU,1
test_06,A3,test,6,53.29999923706055,532,158.49253845214844,0.49906012415885925,0.9591888189315796,53.099998474121094,106.4000015258789,True,False,0.6372222900390625,67.8004526324803,GRU,1
test_06,A3,test,6,53.400001525878906,533,158.49253845214844,0.4981203079223633,0.9591888189315796,53.0,106.4000015258789,True,False,0.6371578574180603,67.79359700150735,GRU,1
test_06,A3,test,6,53.5,534,158.49253845214844,0.4971804618835449,0.956987202167511,52.900001525878906,106.4000015258789,True,False,0.6335713267326355,67.41199013110554,GRU,1
test_06,A3,test,6,53.599998474121094,535,158.49253845214844,0.4962405860424042,0.9591888189315796,52.79999923706055,106.4000015258789,True,False,0.6346656680107117,67.52842804476268,GRU,1
test_06,A3,test,6,53.70000076293945,536,158.49253845214844,0.4953007400035858,0.9602895975112915,52.70000076293945,106.4000015258789,True,False,0.6377336382865906,67.85486008679754,GRU,1
test_06,A3,test,6,53.79999923706055,537,158.49253845214844,0.49436089396476746,0.9624912142753601,52.599998474121094,106.4000015258789,True,False,0.6424224972724915,68.35375469005203,GRU,1
test_06,A3,test,6,53.900001525878906,538,158.49253845214844,0.4934210479259491,0.960132360458374,52.5,106.4000015258789,True,False,0.6420081257820129,68.30966556283283,GRU,1
test_06,A3,test,6,54.0,539,158.49253845214844,0.49248120188713074,0.9590315222740173,52.400001525878906,106.4000015258789,True,False,0.6412213444709778,68.22595203013816,GRU,1
test_06,A3,test,6,54.099998474121094,540,158.49253845214844,0.49154132604599,0.9568299651145935,52.29999923706055,106.4000015258789,True,False,0.6360522508621216,67.67596046226845,GRU,1
test_06,A3,test,6,54.20000076293945,541,158.49253845214844,0.490601509809494,0.9536848068237305,52.20000076293945,106.4000015258789,True,False,0.6287900805473328,66.90326552969373,GRU,1
test_06,A3,test,6,54.29999923706055,542,158.49253845214844,0.48966163396835327,0.9536848068237305,52.099998474121094,106.4000015258789,True,False,0.6241106390953064,66.40537295205786,GRU,1
test_06,A3,test,6,54.400001525878906,543,158.49253845214844,0.4887217879295349,0.956987202167511,52.0,106.4000015258789,True,False,0.627600371837616,66.77668052116451,GRU,1
test_06,A3,test,6,54.5,544,158.49253845214844,0.48778197169303894,0.9547855854034424,51.900001525878906,106.4000015258789,True,False,0.6256396174430847,66.56805625059451,GRU,1
test_06,A3,test,6,54.599998474121094,545,158.49253845214844,0.4868420958518982,0.9536848068237305,51.79999923706055,106.4000015258789,True,False,0.6243873238563538,66.43481221105549,GRU,1
test_06,A3,test,6,54.70000076293945,546,158.49253845214844,0.48590224981307983,0.9546283483505249,51.70000076293945,106.4000015258789,True,False,0.6253579258918762,66.5380842691161,GRU,1
test_06,A3,test,6,54.79999923706055,547,158.49253845214844,0.4849623739719391,0.9536848068237305,51.599998474121094,106.4000015258789,True,False,0.6251329183578491,66.51414346715228,GRU,1
test_06,A3,test,6,54.900001525878906,548,158.49253845214844,0.4840225577354431,0.9481808543205261,51.5,106.4000015258789,True,False,0.6172478199005127,65.67516897925998,GRU,1
test_06,A3,test,6,55.0,549,158.49253845214844,0.48308271169662476,0.9503824710845947,51.400001525878906,106.4000015258789,True,False,0.6153894066810608,65.47743380987458,GRU,1
test_06,A3,test,6,55.099998474121094,550,158.49253845214844,0.482142835855484,0.9503824710845947,51.29999923706055,106.4000015258789,True,False,0.6150206327438354,65.4381962623911,GRU,1
test_06,A3,test,6,55.20000076293945,551,158.49253845214844,0.48120301961898804,0.9514831900596619,51.20000076293945,106.4000015258789,True,False,0.617804229259491,65.73437093590428,GRU,1
test_06,A3,test,6,55.29999923706055,552,158.49253845214844,0.4802631437778473,0.9536848068237305,51.099998474121094,106.4000015258789,True,False,0.6210301518440247,66.07760910382103,GRU,1
test_06,A3,test,6,55.400001525878906,553,158.49253845214844,0.47932329773902893,0.9514831900596619,51.0,106.4000015258789,True,False,0.6220723986625671,66.1885041669043,GRU,1
test_06,A3,test,6,55.5,554,158.49253845214844,0.47838345170021057,0.9481808543205261,50.900001525878906,106.4000015258789,True,False,0.6166388392448425,65.61037343656744,GRU,1
test_06,A3,test,6,55.599998474121094,555,158.49253845214844,0.4774436056613922,0.9510114789009094,50.79999923706055,106.4000015258789,True,False,0.6149017214775085,65.42554410347248,GRU,1
test_06,A3,test,6,55.70000076293945,556,158.49253845214844,0.47650375962257385,0.956987202167511,50.70000076293945,106.4000015258789,True,False,0.6204732656478882,66.01835641170237,GRU,1
test_06,A3,test,6,55.79999923706055,557,158.49253845214844,0.4755638837814331,0.9538421630859375,50.599998474121094,106.4000015258789,True,False,0.6220812201499939,66.18944277317996,GRU,1
test_06,A3,test,6,55.900001525878906,558,158.49253845214844,0.47462406754493713,0.9514831900596619,50.5,106.4000015258789,True,False,0.6187599897384644,65.83606385232542,GRU,1
test_06,A3,test,6,56.0,559,158.49253845214844,0.4736842215061188,0.9516405463218689,50.400001525878906,106.4000015258789,True,False,0.6162593960762024,65.57000068284515,GRU,1
test_06,A3,test,6,56.099998474121094,560,158.49253845214844,0.472744345664978,0.9514831900596619,50.29999923706055,106.4000015258789,True,False,0.6175839304924011,65.71093114674977,GRU,1
test_06,A3,test,6,56.20000076293945,561,158.49253845214844,0.47180449962615967,0.9503824710845947,50.20000076293945,106.4000015258789,True,False,0.615666389465332,65.50690477854369,GRU,1
test_06,A3,test,6,56.29999923706055,562,158.49253845214844,0.4708646535873413,0.9503824710845947,50.099998474121094,106.4000015258789,True,False,0.615490734577179,65.48821509817617,GRU,1
test_06,A3,test,6,56.400001525878906,563,158.49253845214844,0.46992480754852295,0.9503824710845947,50.0,106.4000015258789,True,False,0.6165445446968079,65.60034049651267,GRU,1
test_06,A3,test,6,56.5,564,158.49253845214844,0.4689849615097046,0.9481808543205261,49.900001525878906,106.4000015258789,True,False,0.6128904223442078,65.21154187262027,GRU,1
test_06,A3,test,6,56.599998474121094,565,158.49253845214844,0.46804508566856384,0.9472373127937317,49.79999923706055,106.4000015258789,True,False,0.6095354557037354,64.85457341695474,GRU,1
test_06,A3,test,6,56.70000076293945,566,158.49253845214844,0.46710526943206787,0.9450357556343079,49.70000076293945,106.4000015258789,True,False,0.6075548529624939,64.64383728226449,GRU,1
test_06,A3,test,6,56.79999923706055,567,158.49253845214844,0.4661653935909271,0.9450357556343079,49.599998474121094,106.4000015258789,True,False,0.6050993800163269,64.38257495704556,GRU,1
test_06,A3,test,6,56.900001525878906,568,158.49253845214844,0.46522554755210876,0.942676842212677,49.5,106.4000015258789,True,False,0.6018895506858826,64.04104911138847,GRU,1
test_06,A3,test,6,57.0,569,158.49253845214844,0.4642857313156128,0.9448784589767456,49.400001525878906,106.4000015258789,True,False,0.6027060151100159,64.12792092736208,GRU,1
test_06,A3,test,6,57.099998474121094,570,158.49253845214844,0.46334585547447205,0.9448784589767456,49.29999923706055,106.4000015258789,True,False,0.6046971678733826,64.33977958442256,GRU,1
test_06,A3,test,6,57.20000076293945,571,158.49253845214844,0.4624060094356537,0.9448784589767456,49.20000076293945,106.4000015258789,True,False,0.606834888458252,64.56723305791456,GRU,1
test_06,A3,test,6,57.29999923706055,572,158.49253845214844,0.46146613359451294,0.9472373127937317,49.099998474121094,106.4000015258789,True,False,0.6085653305053711,64.75135209436849,GRU,1
test_06,A3,test,6,57.400001525878906,573,158.49253845214844,0.46052631735801697,0.9483381509780884,49.0,106.4000015258789,True,False,0.610883355140686,64.99798991910302,GRU,1
test_06,A3,test,6,57.5,574,158.49253845214844,0.4595864713191986,0.9472373127937317,48.900001525878906,106.4000015258789,True,False,0.6112212538719177,65.03394234462166,GRU,1
test_06,A3,test,6,57.599998474121094,575,158.49253845214844,0.45864659547805786,0.9439349174499512,48.79999923706055,106.4000015258789,True,False,0.6059262752532959,64.4705566115208,GRU,1
test_06,A3,test,6,57.70000076293945,576,158.49253845214844,0.4577067792415619,0.9428341388702393,48.70000076293945,106.4000015258789,True,False,0.5997619032859802,63.81466742479233,GRU,1
test_06,A3,test,6,57.79999923706055,577,158.49253845214844,0.45676690340042114,0.942676842212677,48.599998474121094,106.4000015258789,True,False,0.598459005355835,63.67603908303681,GRU,1
test_06,A3,test,6,57.900001525878906,578,158.49253845214844,0.4558270573616028,0.9415760636329651,48.5,106.4000015258789,True,False,0.595085620880127,63.317110969674104,GRU,1
test_06,A3,test,6,58.0,579,158.49253845214844,0.4548872113227844,0.9401608109474182,48.400001525878906,106.4000015258789,True,False,0.5920924544334412,62.998638055179526,GRU,1
test_06,A3,test,6,58.099998474121094,580,158.49253845214844,0.45394736528396606,0.9392172694206238,48.29999923706055,106.4000015258789,True,False,0.5908578038215637,62.86727122819184,GRU,1
test_06,A3,test,6,58.20000076293945,581,158.49253845214844,0.4530075192451477,0.938430905342102,48.20000076293945,106.4000015258789,True,False,0.5885000824928284,62.6164096752168,GRU,1
test_06,A3,test,6,58.29999923706055,582,158.49253845214844,0.45206764340400696,0.9450357556343079,48.099998474121094,106.4000015258789,True,False,0.5939990878105164,63.20150384940962,GRU,1
test_06,A3,test,6,58.400001525878906,583,158.49253845214844,0.451127827167511,0.9363865852355957,48.0,106.4000015258789,True,False,0.5864519476890564,62.39848812897026,GRU,1
test_06,A3,test,6,58.5,584,158.49253845214844,0.4501879811286926,0.9503824710845947,47.900001525878906,106.4000015258789,True,False,0.5871407389640808,62.47177552168387,GRU,1
test_06,A3,test,6,58.599998474121094,585,158.49253845214844,0.4492481052875519,0.956987202167511,47.79999923706055,106.4000015258789,True,False,0.6107387542724609,64.98260438650323,GRU,1
test_06,A3,test,6,58.70000076293945,586,158.49253845214844,0.4483082592487335,0.9503824710845947,47.70000076293945,106.4000015258789,True,False,0.612934410572052,65.21622222013002,GRU,1
test_06,A3,test,6,58.79999923706055,587,158.49253845214844,0.44736841320991516,0.9481808543205261,47.599998474121094,106.4000015258789,True,False,0.6091159582138062,64.80993888338617,GRU,1
test_06,A3,test,6,58.900001525878906,588,158.49253845214844,0.4464285671710968,0.9363865852355957,47.5,106.4000015258789,True,False,0.5853606462478638,62.28237365396217,GRU,1
test_06,A3,test,6,59.0,589,158.49253845214844,0.44548872113227844,0.9297818541526794,47.400001525878906,106.4000015258789,True,False,0.5692053437232971,60.56344944069724,GRU,1
test_06,A3,test,6,59.099998474121094,590,158.49253845214844,0.4445488452911377,0.9220762848854065,47.29999923706055,106.4000015258789,True,False,0.5561138987541199,59.17051967600082,GRU,1
test_06,A3,test,6,59.20000076293945,591,158.49253845214844,0.4436090290546417,0.9220762848854065,47.20000076293945,106.4000015258789,True,False,0.5503609776496887,58.55840886171109,GRU,1
test_06,A3,test,6,59.29999923706055,592,158.49253845214844,0.442669153213501,0.9165722727775574,47.099998474121094,106.4000015258789,True,False,0.5438104271888733,57.86143028268498,GRU,1
test_06,A3,test,6,59.400001525878906,593,158.49253845214844,0.4417293071746826,0.9099675416946411,47.0,106.4000015258789,True,False,0.5335156321525574,56.766064075112354,GRU,1
test_06,A3,test,6,59.5,594,158.49253845214844,0.44078949093818665,0.9079232215881348,46.900001525878906,106.4000015258789,True,False,0.5257279872894287,55.93745864979246,GRU,1
test_06,A3,test,6,59.599998474121094,595,158.49253845214844,0.4398496150970459,0.9035201072692871,46.79999923706055,106.4000015258789,True,False,0.5175420641899109,55.06647641951304,GRU,1
test_06,A3,test,6,59.70000076293945,596,158.49253845214844,0.43890976905822754,0.894870936870575,46.70000076293945,106.4000015258789,True,False,0.5059109330177307,53.82892404504537,GRU,1
test_06,A3,test,6,59.79999923706055,597,158.49253845214844,0.4379698932170868,0.8926693201065063,46.599998474121094,106.4000015258789,True,False,0.49629706144332886,52.80600809485941,GRU,1
test_06,A3,test,6,59.900001525878906,598,158.49253845214844,0.4370300769805908,0.8892097473144531,46.5,106.4000015258789,True,False,0.49196749925613403,52.34534267153549,GRU,1
test_06,A3,test,6,60.0,599,158.49253845214844,0.43609023094177246,0.8818186521530151,46.400001525878906,106.4000015258789,True,False,0.482261061668396,51.312577697389315,GRU,1
test_06,A3,test,6,60.099998474121094,600,158.49253845214844,0.4351503551006317,0.8832339644432068,46.29999923706055,106.4000015258789,True,False,0.4762585163116455,50.673906862271906,GRU,1
test_06,A3,test,6,60.20000076293945,601,158.49253845214844,0.43421053886413574,0.8830767273902893,46.20000076293945,106.4000015258789,True,False,0.47646182775497437,50.695539200152325,GRU,1
test_06,A3,test,6,60.29999923706055,602,158.49253845214844,0.433270663022995,0.8772581815719604,46.099998474121094,106.4000015258789,True,False,0.47113412618637085,50.128671745123484,GRU,1
test_06,A3,test,6,60.400001525878906,603,158.49253845214844,0.43233081698417664,0.8741130828857422,46.0,106.4000015258789,True,False,0.4648281931877136,49.457720464444265,GRU,1
test_06,A3,test,6,60.5,604,158.49253845214844,0.4313909709453583,0.8725404739379883,45.900001525878906,106.4000015258789,True,False,0.4621008634567261,49.167532576905614,GRU,1
test_06,A3,test,6,60.599998474121094,605,158.49253845214844,0.4304511249065399,0.8719115257263184,45.79999923706055,106.4000015258789,True,False,0.45881736278533936,48.81816810045984,GRU,1
test_06,A3,test,6,60.70000076293945,606,158.49253845214844,0.42951127886772156,0.8719115257263184,45.70000076293945,106.4000015258789,True,False,0.45709937810897827,48.63537452827359,GRU,1
test_06,A3,test,6,60.79999923706055,607,158.49253845214844,0.4285714030265808,0.8695526719093323,45.599998474121094,106.4000015258789,True,False,0.45757848024368286,48.68635099613721,GRU,1
test_06,A3,test,6,60.900001525878906,608,158.49253845214844,0.42763158679008484,0.8717542290687561,45.5,106.4000015258789,True,False,0.4550844430923462,48.42098543942939,GRU,1
test_06,A3,test,6,61.0,609,158.49253845214844,0.4266917407512665,0.8684518337249756,45.400001525878906,106.4000015258789,True,False,0.45494794845581055,48.40646240989372,GRU,1
test_06,A3,test,6,61.099998474121094,610,158.49253845214844,0.42575186491012573,0.8664074540138245,45.29999923706055,106.4000015258789,True,False,0.45132505893707275,48.02098695957193,GRU,1
test_06,A3,test,6,61.20000076293945,611,158.49253845214844,0.4248120188713074,0.8653067946434021,45.20000076293945,106.4000015258789,True,False,0.44947224855422974,47.82384793201027,GRU,1
test_06,A3,test,6,61.29999923706055,612,158.49253845214844,0.423872172832489,0.8629478216171265,45.099998474121094,106.4000015258789,True,False,0.44690755009651184,47.550964012195664,GRU,1
test_06,A3,test,6,61.400001525878906,613,158.49253845214844,0.42293232679367065,0.8631051778793335,45.0,106.4000015258789,True,False,0.4440559148788452,47.247550020684685,GRU,1
test_06,A3,test,6,61.5,614,158.49253845214844,0.4219924807548523,0.8607462644577026,44.900001525878906,106.4000015258789,True,False,0.4427852928638458,47.112355836349934,GRU,1
test_06,A3,test,6,61.599998474121094,615,158.49253845214844,0.42105260491371155,0.8574438691139221,44.79999923706055,106.4000015258789,True,False,0.4398547410964966,46.80054512383231,GRU,1
test_06,A3,test,6,61.70000076293945,616,158.49253845214844,0.4201127886772156,0.8574438691139221,44.70000076293945,106.4000015258789,True,False,0.4345315992832184,46.23416282677704,GRU,1
test_06,A3,test,6,61.79999923706055,617,158.49253845214844,0.41917291283607483,0.8574438691139221,44.599998474121094,106.4000015258789,True,False,0.43429961800575256,46.2094800185007,GRU,1
test_06,A3,test,6,61.900001525878906,618,158.49253845214844,0.41823306679725647,0.85209721326828,44.5,106.4000015258789,True,False,0.4317939877510071,45.94288095557249,GRU,1
test_06,A3,test,6,62.0,619,158.49253845214844,0.4172932505607605,0.8542987704277039,44.400001525878906,106.4000015258789,True,False,0.4291239082813263,45.65878449592424,GRU,1
test_06,A3,test,6,62.099998474121094,620,158.49253845214844,0.41635337471961975,0.85209721326828,44.29999923706055,106.4000015258789,True,False,0.4291474521160126,45.66128955997078,GRU,1
test_06,A3,test,6,62.20000076293945,621,158.49253845214844,0.4154135286808014,0.8509963750839233,44.20000076293945,106.4000015258789,True,False,0.4262353777885437,45.35144484708462,GRU,1
test_06,A3,test,6,62.29999923706055,622,158.49253845214844,0.41447365283966064,0.8517826199531555,44.099998474121094,106.4000015258789,True,False,0.4241287112236023,45.12729552136034,GRU,1
test_06,A3,test,6,62.400001525878906,623,158.49253845214844,0.4135338366031647,0.851625382900238,44.0,106.4000015258789,True,False,0.42558935284614563,45.28270779222771,GRU,1
test_06,A3,test,6,62.5,624,158.49253845214844,0.4125939905643463,0.8509963750839233,43.900001525878906,106.4000015258789,True,False,0.4256632328033447,45.29056861978643,GRU,1
test_06,A3,test,6,62.599998474121094,625,158.49253845214844,0.41165411472320557,0.8519400358200073,43.79999923706055,106.4000015258789,True,False,0.4241825342178345,45.13302228802877,GRU,1
test_06,A3,test,6,62.70000076293945,626,158.49253845214844,0.4107142984867096,0.852411687374115,43.70000076293945,106.4000015258789,True,False,0.4261941909790039,45.34706257048674,GRU,1
test_06,A3,test,6,62.79999923706055,627,158.49253845214844,0.40977442264556885,0.8539841771125793,43.599998474121094,106.4000015258789,True,False,0.42805707454681396,45.54527338494427,GRU,1
test_06,A3,test,6,62.900001525878906,628,158.49253845214844,0.4088345766067505,0.856343150138855,43.5,106.4000015258789,True,False,0.42985883355140686,45.73698054578222,GRU,1
test_06,A3,test,6,63.0,629,158.49253845214844,0.40789473056793213,0.85209721326828,43.400001525878906,106.4000015258789,True,False,0.4303666949272156,45.7910169969432,GRU,1
test_06,A3,test,6,63.099998474121094,630,158.49253845214844,0.40695488452911377,0.8487948179244995,43.29999923706055,106.4000015258789,True,False,0.4265561103820801,45.38557079552629,GRU,1
test_06,A3,test,6,63.20000076293945,631,158.49253845214844,0.4060150384902954,0.8454923033714294,43.20000076293945,106.4000015258789,True,False,0.4216565489768982,44.8642574545388,GRU,1
test_06,A3,test,6,63.29999923706055,632,158.49253845214844,0.40507516264915466,0.8421900868415833,43.099998474121094,106.4000015258789,True,False,0.4182274639606476,44.49940280357737,GRU,1
test_06,A3,test,6,63.400001525878906,633,158.49253845214844,0.4041353464126587,0.8421900868415833,43.0,106.4000015258789,True,False,0.41524600982666016,44.18217607917177,GRU,1
test_06,A3,test,6,63.5,634,158.49253845214844,0.40319550037384033,0.8390448689460754,42.900001525878906,106.4000015258789,True,False,0.41245558857917786,43.885275254181806,GRU,1
test_06,A3,test,6,63.599998474121094,635,158.49253845214844,0.4022556245326996,0.8390448689460754,42.79999923706055,106.4000015258789,True,False,0.4090520739555359,43.52314129303295,GRU,1
test_06,A3,test,6,63.70000076293945,636,158.49253845214844,0.4013157784938812,0.8388876914978027,42.70000076293945,106.4000015258789,True,False,0.4085163176059723,43.466136816621884,GRU,1
test_06,A3,test,6,63.79999923706055,637,158.49253845214844,0.40037593245506287,0.8401457667350769,42.599998474121094,106.4000015258789,True,False,0.40824979543685913,43.43777885742156,GRU,1
test_06,A3,test,6,63.900001525878906,638,158.49253845214844,0.3994360864162445,0.8366860747337341,42.5,106.4000015258789,True,False,0.40779146552085876,43.38901255365977,GRU,1
test_06,A3,test,6,64.0,639,158.49253845214844,0.39849624037742615,0.8421900868415833,42.400001525878906,106.4000015258789,True,False,0.4050144553184509,43.09353866388619,GRU,1
test_06,A3,test,6,64.0999984741211,640,158.49253845214844,0.3975563645362854,0.8388876914978027,42.29999923706055,106.4000015258789,True,False,0.409596711397171,43.58109071765398,GRU,1
test_06,A3,test,6,64.19999694824219,641,158.49253845214844,0.39661654829978943,0.8344845175743103,42.20000076293945,106.4000015258789,True,False,0.4063339829444885,43.23393640531003,GRU,1
test_06,A3,test,6,64.30000305175781,642,158.49253845214844,0.3956766724586487,0.8335409164428711,42.099998474121094,106.4000015258789,True,False,0.40472131967544556,43.06234903102313,GRU,1
test_06,A3,test,6,64.4000015258789,643,158.49253845214844,0.3947368264198303,0.8346417546272278,42.0,106.4000015258789,True,False,0.4004766345024109,42.61071452213537,GRU,1
test_06,A3,test,6,64.5,644,158.49253845214844,0.39379701018333435,0.8421900868415833,41.900001525878906,106.4000015258789,True,False,0.40084969997406006,42.65040868888809,GRU,1
test_06,A3,test,6,64.5999984741211,645,158.49253845214844,0.3928571343421936,0.8388876914978027,41.79999923706055,106.4000015258789,True,False,0.40780526399612427,43.39048071144907,GRU,1
test_06,A3,test,6,64.69999694824219,646,158.49253845214844,0.39191728830337524,0.8366860747337341,41.70000076293945,106.4000015258789,True,False,0.4052038788795471,43.113693331075865,GRU,1
test_06,A3,test,6,64.80000305175781,647,158.49253845214844,0.3909774124622345,0.8340126872062683,41.599998474121094,106.4000015258789,True,False,0.4043464958667755,43.0224677772087,GRU,1
test_06,A3,test,6,64.9000015258789,648,158.49253845214844,0.3900375962257385,0.8333836793899536,41.5,106.4000015258789,True,False,0.40217283368110657,42.79119011733678,GRU,1
test_06,A3,test,6,65.0,649,158.49253845214844,0.38909775018692017,0.8333836793899536,41.400001525878906,106.4000015258789,True,False,0.39996206760406494,42.55596460336619,GRU,1
test_06,A3,test,6,65.0999984741211,650,158.49253845214844,0.3881578743457794,0.8335409164428711,41.29999923706055,106.4000015258789,True,False,0.39936089515686035,42.49199985406631,GRU,1
test_06,A3,test,6,65.19999694824219,651,158.49253845214844,0.38721805810928345,0.8308674693107605,41.20000076293945,106.4000015258789,True,False,0.399921178817749,42.55161403643979,GRU,1
test_06,A3,test,6,65.30000305175781,652,158.49253845214844,0.3862781822681427,0.8278796672821045,41.099998474121094,106.4000015258789,True,False,0.3972916603088379,42.271833263079316,GRU,1
test_06,A3,test,6,65.4000015258789,653,158.49253845214844,0.38533833622932434,0.824734628200531,41.0,106.4000015258789,True,False,0.3954617381095886,42.077129538286954,GRU,1
test_06,A3,test,6,65.5,654,158.49253845214844,0.384398490190506,0.8214321732521057,40.900001525878906,106.4000015258789,True,False,0.3920885920524597,41.718226792661426,GRU,1
test_06,A3,test,6,65.5999984741211,655,158.49253845214844,0.3834586441516876,0.8159281611442566,40.79999923706055,106.4000015258789,True,False,0.386909544467926,41.16717612176444,GRU,1
test_06,A3,test,6,65.69999694824219,656,158.49253845214844,0.38251879811286926,0.8138838410377502,40.70000076293945,106.4000015258789,True,False,0.38218924403190613,40.66493614816932,GRU,1
test_06,A3,test,6,65.80000305175781,657,158.49253845214844,0.3815789222717285,0.8127831220626831,40.599998474121094,106.4000015258789,True,False,0.37824946641921997,40.24574380416789,GRU,1
test_06,A3,test,6,65.9000015258789,658,158.49253845214844,0.38063910603523254,0.8138838410377502,40.5,106.4000015258789,True,False,0.3746175765991211,39.85931072176754,GRU,1
test_06,A3,test,6,66.0,659,158.49253845214844,0.3796992599964142,0.8138838410377502,40.400001525878906,106.4000015258789,True,False,0.3731503486633301,39.703197667160566,GRU,1
test_06,A3,test,6,66.0999984741211,660,158.49253845214844,0.37875938415527344,0.8127831220626831,40.29999923706055,106.4000015258789,True,False,0.37238287925720215,39.62153892117749,GRU,1
test_06,A3,test,6,66.19999694824219,661,158.49253845214844,0.3778195381164551,0.8127831220626831,40.20000076293945,106.4000015258789,True,False,0.3725447952747345,39.638766785689995,GRU,1
test_06,A3,test,6,66.30000305175781,662,158.49253845214844,0.3768796920776367,0.8104241490364075,40.099998474121094,106.4000015258789,True,False,0.37192273139953613,39.572579188419695,GRU,1
test_06,A3,test,6,66.4000015258789,663,158.49253845214844,0.37593984603881836,0.8126257061958313,40.0,106.4000015258789,True,False,0.3702569901943207,39.39534432164305,GRU,1
test_06,A3,test,6,66.5,664,158.49253845214844,0.375,0.8126257061958313,39.900001525878906,106.4000015258789,True,False,0.37160611152648926,39.538890833444384,GRU,1
test_06,A3,test,6,66.5999984741211,665,158.49253845214844,0.37406012415885925,0.8083798885345459,39.79999923706055,106.4000015258789,True,False,0.372342586517334,39.617251773594035,GRU,1
test_06,A3,test,6,66.69999694824219,666,158.49253845214844,0.3731203079223633,0.7986299395561218,39.70000076293945,106.4000015258789,True,False,0.36760812997817993,39.113505590603836,GRU,1
test_06,A3,test,6,66.80000305175781,667,158.49253845214844,0.37218043208122253,0.7984727025032043,39.599998474121094,106.4000015258789,True,False,0.35966455936431885,38.26830966516809,GRU,1
test_06,A3,test,6,66.9000015258789,668,158.49253845214844,0.3712405860424042,0.7995736002922058,39.5,106.4000015258789,True,False,0.3570706248283386,37.992315026581764,GRU,1
test_06,A3,test,6,67.0,669,158.49253845214844,0.3703007698059082,0.8017750978469849,39.400001525878906,106.4000015258789,True,False,0.356748104095459,37.95799882011124,GRU,1
test_06,A3,test,6,67.0999984741211,670,158.49253845214844,0.36936089396476746,0.807279109954834,39.29999923706055,106.4000015258789,True,False,0.35601699352264404,37.88020865404815,GRU,1
test_06,A3,test,6,67.19999694824219,671,158.49253845214844,0.3684210479259491,0.8083798885345459,39.20000076293945,106.4000015258789,True,False,0.3621208071708679,38.52965443553285,GRU,1
test_06,A3,test,6,67.30000305175781,672,158.49253845214844,0.36748117208480835,0.8046057820320129,39.099998474121094,106.4000015258789,True,False,0.36528638005256653,38.86647139497586,GRU,1
test_06,A3,test,6,67.4000015258789,673,158.49253845214844,0.3665413558483124,0.8039767146110535,39.0,106.4000015258789,True,False,0.36392977833747864,38.7221289704205,GRU,1
test_06,A3,test,6,67.5,674,158.49253845214844,0.365601509809494,0.8039767146110535,38.900001525878906,106.4000015258789,True,False,0.3628386855125427,38.60603669218244,GRU,1
test_06,A3,test,6,67.5999984741211,675,158.49253845214844,0.36466163396835327,0.7995736002922058,38.79999923706055,106.4000015258789,True,False,0.36169320344924927,38.48415739890015,GRU,1
test_06,A3,test,6,67.69999694824219,676,158.49253845214844,0.3637218177318573,0.7997308373451233,38.70000076293945,106.4000015258789,True,False,0.3582795262336731,38.12094213795399,GRU,1
test_06,A3,test,6,67.80000305175781,677,158.49253845214844,0.36278194189071655,0.8035048842430115,38.599998474121094,106.4000015258789,True,False,0.3565444350242615,37.93632843062505,GRU,1
test_06,A3,test,6,67.9000015258789,678,158.49253845214844,0.3618420958518982,0.8082225918769836,38.5,106.4000015258789,True,False,0.36010316014289856,38.31497678867822,GRU,1
test_06,A3,test,6,68.0,679,158.49253845214844,0.3609022796154022,0.8039767146110535,38.400001525878906,106.4000015258789,True,False,0.36287179589271545,38.60955963668334,GRU,1
test_06,A3,test,6,68.0999984741211,680,158.49253845214844,0.3599624037742615,0.8039767146110535,38.29999923706055,106.4000015258789,True,False,0.36261188983917236,38.58190563218977,GRU,1
test_06,A3,test,6,68.19999694824219,681,158.49253845214844,0.3590225577354431,0.7984727025032043,38.20000076293945,106.4000015258789,True,False,0.36205601692199707,38.52276075295413,GRU,1
test_06,A3,test,6,68.30000305175781,682,158.49253845214844,0.35808268189430237,0.796113908290863,38.099998474121094,106.4000015258789,True,False,0.35762888193130493,38.05171358318921,GRU,1
test_06,A3,test,6,68.4000015258789,683,158.49253845214844,0.3571428656578064,0.795170247554779,38.0,106.4000015258789,True,False,0.35474804043769836,37.74519204387366,GRU,1
test_06,A3,test,6,68.5,684,158.49253845214844,0.35620301961898804,0.7950130701065063,37.900001525878906,106.4000015258789,True,False,0.3533053696155548,37.59169186619624,GRU,1
test_06,A3,test,6,68.5999984741211,685,158.49253845214844,0.3552631437778473,0.7917107939720154,37.79999923706055,106.4000015258789,True,False,0.3523261547088623,37.48750339863,GRU,1
test_06,A3,test,6,68.69999694824219,686,158.49253845214844,0.35432329773902893,0.7862067818641663,37.70000076293945,106.4000015258789,True,False,0.34950369596481323,37.187193783956445,GRU,1
test_06,A3,test,6,68.80000305175781,687,158.49253845214844,0.35338345170021057,0.7840050458908081,37.599998474121094,106.4000015258789,True,False,0.34426406025886536,36.62969653684854,GRU,1
test_06,A3,test,6,68.9000015258789,688,158.49253845214844,0.3524436056613922,0.7807028293609619,37.5,106.4000015258789,True,False,0.3428037166595459,36.474315975652644,GRU,1
test_06,A3,test,6,69.0,689,158.49253845214844,0.35150375962257385,0.7785012125968933,37.400001525878906,106.4000015258789,True,False,0.33930712938308716,36.102279084102065,GRU,1
test_06,A3,test,6,69.0999984741211,690,158.49253845214844,0.3505638837814331,0.7786584496498108,37.29999923706055,106.4000015258789,True,False,0.3372636139392853,35.88484903776339,GRU,1
test_06,A3,test,6,69.19999694824219,691,158.49253845214844,0.34962406754493713,0.7774003148078918,37.20000076293945,106.4000015258789,True,False,0.33577993512153625,35.72698560929098,GRU,1
test_06,A3,test,6,69.30000305175781,692,158.49253845214844,0.3486841917037964,0.7753559947013855,37.099998474121094,106.4000015258789,True,False,0.33446022868156433,35.58656884206425,GRU,1
test_06,A3,test,6,69.4000015258789,693,158.49253845214844,0.347744345664978,0.7698520421981812,37.0,106.4000015258789,True,False,0.33243197202682495,35.37076233090511,GRU,1
test_06,A3,test,6,69.5,694,158.49253845214844,0.34680452942848206,0.7720535397529602,36.900001525878906,106.4000015258789,True,False,0.32699838280677795,34.79262842960111,GRU,1
test_06,A3,test,6,69.5999984741211,695,158.49253845214844,0.3458646535873413,0.7599449157714844,36.79999923706055,106.4000015258789,True,False,0.3261491060256958,34.702265378798074,GRU,1
test_06,A3,test,6,69.69999694824219,696,158.49253845214844,0.34492480754852295,0.7599449157714844,36.70000076293945,106.4000015258789,True,False,0.3180197775363922,33.8373048151318,GRU,1
test_06,A3,test,6,69.80000305175781,697,158.49253845214844,0.3439849317073822,0.7627754807472229,36.599998474121094,106.4000015258789,True,False,0.3145119845867157,33.46407563993375,GRU,1
test_06,A3,test,6,69.9000015258789,698,158.49253845214844,0.34304511547088623,0.7610457539558411,36.5,106.4000015258789,True,False,0.31686457991600037,33.71439178655942,GRU,1
test_06,A3,test,6,70.0,699,158.49253845214844,0.34210526943206787,0.7599449157714844,36.400001525878906,106.4000015258789,True,False,0.31804317235946655,33.83979402434261,GRU,1
test_06,A3,test,6,70.0999984741211,700,158.49253845214844,0.3411653935909271,0.7599449157714844,36.29999923706055,106.4000015258789,True,False,0.3168202042579651,33.70967021647675,GRU,1
test_06,A3,test,6,70.19999694824219,701,158.49253845214844,0.34022557735443115,0.7580578923225403,36.20000076293945,106.4000015258789,True,False,0.3169076442718506,33.71897383408759,GRU,1
test_06,A3,test,6,70.30000305175781,702,158.49253845214844,0.3392857015132904,0.7572714686393738,36.099998474121094,106.4000015258789,True,False,0.31494754552841187,33.51041932479484,GRU,1
test_06,A3,test,6,70.4000015258789,703,158.49253845214844,0.33834585547447205,0.7564852237701416,36.0,106.4000015258789,True,False,0.3140982389450073,33.42005310302466,GRU,1
test_06,A3,test,6,70.5,704,158.49253845214844,0.3374060392379761,0.7523965239524841,35.900001525878906,106.4000015258789,True,False,0.31366416811943054,33.37386796652095,GRU,1
test_06,A3,test,6,70.5999984741211,705,158.49253845214844,0.3364661633968353,0.7523965239524841,35.79999923706055,106.4000015258789,True,False,0.3094538450241089,32.92588958275428,GRU,1
test_06,A3,test,6,70.69999694824219,706,158.49253845214844,0.33552631735801697,0.7545981407165527,35.70000076293945,106.4000015258789,True,False,0.3075805902481079,32.726575271729416,GRU,1
test_06,A3,test,6,70.80000305175781,707,158.49253845214844,0.3345864415168762,0.7545981407165527,35.599998474121094,106.4000015258789,True,False,0.309339314699173,32.91370355600634,GRU,1
test_06,A3,test,6,70.9000015258789,708,158.49253845214844,0.33364662528038025,0.7545981407165527,35.5,106.4000015258789,True,False,0.3104184865951538,33.028527447385386,GRU,1
test_06,A3,test,6,71.0,709,158.49253845214844,0.3327067792415619,0.7545981407165527,35.400001525878906,106.4000015258789,True,False,0.3103545606136322,33.021725722853944,GRU,1
test_06,A3,test,6,71.0999984741211,710,158.49253845214844,0.33176690340042114,0.7545981407165527,35.29999923706055,106.4000015258789,True,False,0.3101133704185486,32.99606308572902,GRU,1
test_06,A3,test,6,71.19999694824219,711,158.49253845214844,0.3308270573616028,0.7523965239524841,35.20000076293945,106.4000015258789,True,False,0.31121787428855896,33.11358229918346,GRU,1
test_06,A3,test,6,71.30000305175781,712,158.49253845214844,0.3298872113227844,0.752082109451294,35.099998474121094,106.4000015258789,True,False,0.30935630202293396,32.91551100728043,GRU,1
test_06,A3,test,6,71.4000015258789,713,158.49253845214844,0.3289473637036293,,35.0,106.4000015258789,False,True,,,GRU,1
test_06,A3,test,6,71.5,714,158.49253845214844,0.32800752843401443,,34.900001525878906,106.4000015258789,False,True,,,GRU,1
test_06,A3,test,6,71.5999984741211,715,158.49253845214844,0.3270676931643996,,34.80000305175781,106.4000015258789,False,True,,,GRU,1
test_06,A3,test,6,71.69999694824219,716,158.49253845214844,0.32612785789478477,,34.70000457763672,106.4000015258789,False,True,,,GRU,1
test_06,A3,test,6,71.79999542236328,717,158.49253845214844,0.32518802262516994,,34.600006103515625,106.4000015258789,False,True,,,GRU,1
test_06,A3,test,6,71.89999389648438,718,158.49253845214844,0.3242481873555551,,34.50000762939453,106.4000015258789,False,True,,,GRU,1
test_06,A3,test,6,71.99999237060547,719,158.49253845214844,0.3233083520859403,,34.40000915527344,106.4000015258789,False,True,,,GRU,1
test_06,A3,test,6,72.09999084472656,720,158.49253845214844,0.3223685168163254,,34.300010681152344,106.4000015258789,False,True,,,GRU,1
test_06,A3,test,6,72.19998931884766,721,158.49253845214844,0.32142868154671056,,34.20001220703125,106.4000015258789,False,True,,,GRU,1
test_06,A3,test,6,72.29998779296875,722,158.49253845214844,0.32048884627709573,,34.100013732910156,106.4000015258789,False,True,,,GRU,1
test_06,A3,test,6,72.39998626708984,723,158.49253845214844,0.3195490110074809,,34.00001525878906,106.4000015258789,False,True,,,GRU,1
test_06,A3,test,6,72.49998474121094,724,158.49253845214844,0.31860917573786607,,33.90001678466797,106.4000015258789,False,True,,,GRU,1
test_06,A3,test,6,72.59998321533203,725,158.49253845214844,0.31766934046825124,,33.800018310546875,106.4000015258789,False,True,,,GRU,1
test_06,A3,test,6,72.69998168945312,726,158.49253845214844,0.31672950519863635,,33.70001983642578,106.4000015258789,False,True,,,GRU,1
test_06,A3,test,6,72.79998016357422,727,158.49253845214844,0.3157896699290215,,33.60002136230469,106.4000015258789,False,True,,,GRU,1
test_06,A3,test,6,72.89997863769531,728,158.49253845214844,0.3148498346594067,,33.500022888183594,106.4000015258789,False,True,,,GRU,1
test_06,A3,test,6,72.9999771118164,729,158.49253845214844,0.31390999938979186,,33.4000244140625,106.4000015258789,False,True,,,GRU,1
test_06,A3,test,6,73.0999755859375,730,158.49253845214844,0.31297016412017703,,33.300025939941406,106.4000015258789,False,True,,,GRU,1
test_06,A3,test,6,73.1999740600586,731,158.49253845214844,0.3120303288505622,,33.20002746582031,106.4000015258789,False,True,,,GRU,1
test_06,A3,test,6,73.29997253417969,732,158.49253845214844,0.3110904935809473,,33.10002899169922,106.4000015258789,False,True,,,GRU,1
test_06,A3,test,6,73.39997100830078,733,158.49253845214844,0.3101506583113325,,33.000030517578125,106.4000015258789,False,True,,,GRU,1
test_06,A3,test,6,73.49996948242188,734,158.49253845214844,0.30921082304171765,,32.90003204345703,106.4000015258789,False,True,,,GRU,1
test_06,A3,test,6,73.59996795654297,735,158.49253845214844,0.3082709877721028,,32.80003356933594,106.4000015258789,False,True,,,GRU,1
test_06,A3,test,6,73.69996643066406,736,158.49253845214844,0.307331152502488,,32.700035095214844,106.4000015258789,False,True,,,GRU,1
test_06,A3,test,6,73.79996490478516,737,158.49253845214844,0.30639131723287316,,32.60003662109375,106.4000015258789,False,True,,,GRU,1
test_06,A3,test,6,73.89996337890625,738,158.49253845214844,0.3054514819632583,,32.500038146972656,106.4000015258789,False,True,,,GRU,1
test_06,A3,test,6,73.99996185302734,739,158.49253845214844,0.30451164669364345,,32.40003967285156,106.4000015258789,False,True,,,GRU,1
test_06,A3,test,6,74.09996032714844,740,158.49253845214844,0.3035718114240286,,32.30004119873047,106.4000015258789,False,True,,,GRU,1
test_06,A3,test,6,74.19995880126953,741,158.49253845214844,0.3026319761544138,,32.200042724609375,106.4000015258789,False,True,,,GRU,1
test_06,A3,test,6,74.29995727539062,742,158.49253845214844,0.30169214088479895,,32.10004425048828,106.4000015258789,False,True,,,GRU,1
test_06,A3,test,6,74.39995574951172,743,158.49253845214844,0.3007523056151841,,32.00004577636719,106.4000015258789,False,True,,,GRU,1
test_06,A3,test,6,74.49995422363281,744,158.49253845214844,0.29981247034556924,,31.900047302246094,106.4000015258789,False,True,,,GRU,1
test_06,A3,test,6,74.5999526977539,745,158.49253845214844,0.2988726350759544,,31.800048828125,106.4000015258789,False,True,,,GRU,1
test_06,A3,test,6,74.699951171875,746,158.49253845214844,0.2979327998063396,,31.700050354003906,106.4000015258789,False,True,,,GRU,1
test_06,A3,test,6,74.7999496459961,747,158.49253845214844,0.29699296453672475,,31.600051879882812,106.4000015258789,False,True,,,GRU,1
test_06,A3,test,6,74.89994812011719,748,158.49253845214844,0.2960531292671099,,31.50005340576172,106.4000015258789,False,True,,,GRU,1
test_06,A3,test,6,74.99994659423828,749,158.49253845214844,0.2951132939974951,,31.400054931640625,106.4000015258789,False,True,,,GRU,1
test_06,A3,test,6,75.09994506835938,750,158.49253845214844,0.2941734587278802,,31.30005645751953,106.4000015258789,False,True,,,GRU,1
test_06,A3,test,6,75.19994354248047,751,158.49253845214844,0.29323362345826537,,31.200057983398438,106.4000015258789,False,True,,,GRU,1
test_06,A3,test,6,75.29994201660156,752,158.49253845214844,0.29229378818865054,,31.100059509277344,106.4000015258789,False,True,,,GRU,1
test_06,A3,test,6,75.39994049072266,753,158.49253845214844,0.2913539529190357,,31.00006103515625,106.4000015258789,False,True,,,GRU,1
test_06,A3,test,6,75.49993896484375,754,158.49253845214844,0.2904141176494209,,30.900062561035156,106.4000015258789,False,True,,,GRU,1
test_06,A3,test,6,75.59993743896484,755,158.49253845214844,0.28947428237980605,,30.800064086914062,106.4000015258789,False,True,,,GRU,1
test_06,A3,test,6,75.69993591308594,756,158.49253845214844,0.28853444711019116,,30.70006561279297,106.4000015258789,False,True,,,GRU,1
test_06,A3,test,6,75.79993438720703,757,158.49253845214844,0.28759461184057633,,30.600067138671875,106.4000015258789,False,True,,,GRU,1
test_06,A3,test,6,75.89993286132812,758,158.49253845214844,0.2866547765709615,,30.50006866455078,106.4000015258789,False,True,,,GRU,1
test_06,A3,test,6,75.99993133544922,759,158.49253845214844,0.28571494130134667,,30.400070190429688,106.4000015258789,False,True,,,GRU,1
test_06,A3,test,6,76.09992980957031,760,158.49253845214844,0.28477510603173184,,30.300071716308594,106.4000015258789,False,True,,,GRU,1
test_06,A3,test,6,76.1999282836914,761,158.49253845214844,0.283835270762117,,30.2000732421875,106.4000015258789,False,True,,,GRU,1
test_06,A3,test,6,76.2999267578125,762,158.49253845214844,0.2828954354925021,,30.100074768066406,106.4000015258789,False,True,,,GRU,1
test_06,A3,test,6,76.3999252319336,763,158.49253845214844,0.2819556002228873,,30.000076293945312,106.4000015258789,False,True,,,GRU,1
test_06,A3,test,6,76.49992370605469,764,158.49253845214844,0.28101576495327246,,29.90007781982422,106.4000015258789,False,True,,,GRU,1
test_06,A3,test,6,76.59992218017578,765,158.49253845214844,0.28007592968365763,,29.800079345703125,106.4000015258789,False,True,,,GRU,1
test_06,A3,test,6,76.69992065429688,766,158.49253845214844,0.2791360944140428,,29.70008087158203,106.4000015258789,False,True,,,GRU,1
test_06,A3,test,6,76.79991912841797,767,158.49253845214844,0.27819625914442797,,29.600082397460938,106.4000015258789,False,True,,,GRU,1
test_06,A3,test,6,76.89991760253906,768,158.49253845214844,0.2772564238748131,,29.500083923339844,106.4000015258789,False,True,,,GRU,1
test_06,A3,test,6,76.99991607666016,769,158.49253845214844,0.27631658860519825,,29.40008544921875,106.4000015258789,False,True,,,GRU,1
test_06,A3,test,6,77.09991455078125,770,158.49253845214844,0.2753767533355834,,29.300086975097656,106.4000015258789,False,True,,,GRU,1
test_06,A3,test,6,77.19991302490234,771,158.49253845214844,0.2744369180659686,,29.200088500976562,106.4000015258789,False,True,,,GRU,1
test_06,A3,test,6,77.29991149902344,772,158.49253845214844,0.27349708279635376,,29.10009002685547,106.4000015258789,False,True,,,GRU,1
test_06,A3,test,6,77.39990997314453,773,158.49253845214844,0.27255724752673893,,29.000091552734375,106.4000015258789,False,True,,,GRU,1
test_06,A3,test,6,77.49990844726562,774,158.49253845214844,0.27161741225712405,,28.90009307861328,106.4000015258789,False,True,,,GRU,1
test_06,A3,test,6,77.59990692138672,775,158.49253845214844,0.2706775769875092,,28.800094604492188,106.4000015258789,False,True,,,GRU,1
test_06,A3,test,6,77.69990539550781,776,158.49253845214844,0.2697377417178944,,28.700096130371094,106.4000015258789,False,True,,,GRU,1
test_06,A3,test,6,77.7999038696289,777,158.49253845214844,0.26879790644827956,,28.60009765625,106.4000015258789,False,True,,,GRU,1
test_06,A3,test,6,77.89990234375,778,158.49253845214844,0.2678580711786647,,28.500099182128906,106.4000015258789,False,True,,,GRU,1
test_06,A3,test,6,77.9999008178711,779,158.49253845214844,0.2669182359090499,,28.400100708007812,106.4000015258789,False,True,,,GRU,1
test_06,A3,test,6,78.09989929199219,780,158.49253845214844,0.265978400639435,,28.30010223388672,106.4000015258789,False,True,,,GRU,1
test_06,A3,test,6,78.19989776611328,781,158.49253845214844,0.2650385653698202,,28.200103759765625,106.4000015258789,False,True,,,GRU,1
test_06,A3,test,6,78.29989624023438,782,158.49253845214844,0.26409873010020535,,28.10010528564453,106.4000015258789,False,True,,,GRU,1
test_06,A3,test,6,78.39989471435547,783,158.49253845214844,0.2631588948305905,,28.000106811523438,106.4000015258789,False,True,,,GRU,1
test_06,A3,test,6,78.49989318847656,784,158.49253845214844,0.2622190595609757,,27.900108337402344,106.4000015258789,False,True,,,GRU,1
test_06,A3,test,6,78.59989166259766,785,158.49253845214844,0.26127922429136086,,27.80010986328125,106.4000015258789,False,True,,,GRU,1
test_06,A3,test,6,78.69989013671875,786,158.49253845214844,0.26033938902174597,,27.700111389160156,106.4000015258789,False,True,,,GRU,1
test_06,A3,test,6,78.79988861083984,787,158.49253845214844,0.25939955375213114,,27.600112915039062,106.4000015258789,False,True,,,GRU,1
test_06,A3,test,6,78.89988708496094,788,158.49253845214844,0.2584597184825163,,27.50011444091797,106.4000015258789,False,True,,,GRU,1
test_06,A3,test,6,78.99988555908203,789,158.49253845214844,0.2575198832129015,,27.400115966796875,106.4000015258789,False,True,,,GRU,1
test_06,A3,test,6,79.09988403320312,790,158.49253845214844,0.25658004794328665,,27.30011749267578,106.4000015258789,False,True,,,GRU,1
test_06,A3,test,6,79.19988250732422,791,158.49253845214844,0.2556402126736718,,27.200119018554688,106.4000015258789,False,True,,,GRU,1
test_06,A3,test,6,79.29988098144531,792,158.49253845214844,0.25470037740405693,,27.100120544433594,106.4000015258789,False,True,,,GRU,1
test_06,A3,test,6,79.3998794555664,793,158.49253845214844,0.2537605421344421,,27.0001220703125,106.4000015258789,False,True,,,GRU,1
test_06,A3,test,6,79.4998779296875,794,158.49253845214844,0.25282070686482727,,26.900123596191406,106.4000015258789,False,True,,,GRU,1
test_06,A3,test,6,79.5998764038086,795,158.49253845214844,0.25188087159521244,,26.800125122070312,106.4000015258789,False,True,,,GRU,1
test_06,A3,test,6,79.69987487792969,796,158.49253845214844,0.2509410363255976,,26.70012664794922,106.4000015258789,False,True,,,GRU,1
test_06,A3,test,6,79.79987335205078,797,158.49253845214844,0.2500012010559828,,26.600128173828125,106.4000015258789,False,True,,,GRU,1
test_06,A3,test,6,79.89987182617188,798,158.49253845214844,0.24906136578636792,,26.50012969970703,106.4000015258789,False,True,,,GRU,1
test_06,A3,test,6,79.99987030029297,799,158.49253845214844,0.2481215305167531,,26.400131225585938,106.4000015258789,False,True,,,GRU,1
test_06,A3,test,6,80.09986877441406,800,158.49253845214844,0.24718169524713823,,26.300132751464844,106.4000015258789,False,True,,,GRU,1
test_06,A3,test,6,80.19986724853516,801,158.49253845214844,0.2462418599775234,,26.20013427734375,106.4000015258789,False,True,,,GRU,1
test_06,A3,test,6,80.29986572265625,802,158.49253845214844,0.24530202470790857,,26.100135803222656,106.4000015258789,False,True,,,GRU,1
test_06,A3,test,6,80.39986419677734,803,158.49253845214844,0.24436218943829371,,26.000137329101562,106.4000015258789,False,True,,,GRU,1
test_06,A3,test,6,80.49986267089844,804,158.49253845214844,0.24342235416867888,,25.90013885498047,106.4000015258789,False,True,,,GRU,1
test_06,A3,test,6,80.59986114501953,805,158.49253845214844,0.24248251889906405,,25.800140380859375,106.4000015258789,False,True,,,GRU,1
test_06,A3,test,6,80.69985961914062,806,158.49253845214844,0.2415426836294492,,25.70014190673828,106.4000015258789,False,True,,,GRU,1
test_06,A3,test,6,80.79985809326172,807,158.49253845214844,0.24060284835983436,,25.600143432617188,106.4000015258789,False,True,,,GRU,1
test_06,A3,test,6,80.89985656738281,808,158.49253845214844,0.23966301309021953,,25.500144958496094,106.4000015258789,False,True,,,GRU,1
test_06,A3,test,6,80.9998550415039,809,158.49253845214844,0.23872317782060468,,25.400146484375,106.4000015258789,False,True,,,GRU,1
test_06,A3,test,6,81.099853515625,810,158.49253845214844,0.23778334255098985,,25.300148010253906,106.4000015258789,False,True,,,GRU,1
test_06,A3,test,6,81.1998519897461,811,158.49253845214844,0.23684350728137502,,25.200149536132812,106.4000015258789,False,True,,,GRU,1
test_06,A3,test,6,81.29985046386719,812,158.49253845214844,0.23590367201176016,,25.10015106201172,106.4000015258789,False,True,,,GRU,1
test_06,A3,test,6,81.39984893798828,813,158.49253845214844,0.23496383674214533,,25.000152587890625,106.4000015258789,False,True,,,GRU,1
test_06,A3,test,6,81.49984741210938,814,158.49253845214844,0.2340240014725305,,24.90015411376953,106.4000015258789,False,True,,,GRU,1
test_06,A3,test,6,81.59984588623047,815,158.49253845214844,0.23308416620291564,,24.800155639648438,106.4000015258789,False,True,,,GRU,1
test_06,A3,test,6,81.69984436035156,816,158.49253845214844,0.2321443309333008,,24.700157165527344,106.4000015258789,False,True,,,GRU,1
test_06,A3,test,6,81.79984283447266,817,158.49253845214844,0.23120449566368598,,24.60015869140625,106.4000015258789,False,True,,,GRU,1
test_06,A3,test,6,81.89984130859375,818,158.49253845214844,0.23026466039407112,,24.500160217285156,106.4000015258789,False,True,,,GRU,1
test_06,A3,test,6,81.99983978271484,819,158.49253845214844,0.2293248251244563,,24.400161743164062,106.4000015258789,False,True,,,GRU,1
test_06,A3,test,6,82.09983825683594,820,158.49253845214844,0.22838498985484146,,24.30016326904297,106.4000015258789,False,True,,,GRU,1
test_06,A3,test,6,82.19983673095703,821,158.49253845214844,0.2274451545852266,,24.200164794921875,106.4000015258789,False,True,,,GRU,1
test_06,A3,test,6,82.29983520507812,822,158.49253845214844,0.22650531931561177,,24.10016632080078,106.4000015258789,False,True,,,GRU,1
test_06,A3,test,6,82.39983367919922,823,158.49253845214844,0.22556548404599694,,24.000167846679688,106.4000015258789,False,True,,,GRU,1
test_06,A3,test,6,82.49983215332031,824,158.49253845214844,0.22462564877638208,,23.900169372558594,106.4000015258789,False,True,,,GRU,1
test_06,A3,test,6,82.5998306274414,825,158.49253845214844,0.22368581350676725,,23.8001708984375,106.4000015258789,False,True,,,GRU,1
test_06,A3,test,6,82.6998291015625,826,158.49253845214844,0.22274597823715242,,23.700172424316406,106.4000015258789,False,True,,,GRU,1
test_06,A3,test,6,82.7998275756836,827,158.49253845214844,0.22180614296753756,,23.600173950195312,106.4000015258789,False,True,,,GRU,1
test_06,A3,test,6,82.89982604980469,828,158.49253845214844,0.22086630769792273,,23.50017547607422,106.4000015258789,False,True,,,GRU,1
test_06,A3,test,6,82.99982452392578,829,158.49253845214844,0.2199264724283079,,23.400177001953125,106.4000015258789,False,True,,,GRU,1
test_06,A3,test,6,83.09982299804688,830,158.49253845214844,0.21898663715869304,,23.30017852783203,106.4000015258789,False,True,,,GRU,1
test_06,A3,test,6,83.19982147216797,831,158.49253845214844,0.2180468018890782,,23.200180053710938,106.4000015258789,False,True,,,GRU,1
test_06,A3,test,6,83.29981994628906,832,158.49253845214844,0.21710696661946338,,23.100181579589844,106.4000015258789,False,True,,,GRU,1
test_06,A3,test,6,83.39981842041016,833,158.49253845214844,0.21616713134984852,,23.00018310546875,106.4000015258789,False,True,,,GRU,1
test_06,A3,test,6,83.49981689453125,834,158.49253845214844,0.2152272960802337,,22.900184631347656,106.4000015258789,False,True,,,GRU,1
test_06,A3,test,6,83.59981536865234,835,158.49253845214844,0.21428746081061886,,22.800186157226562,106.4000015258789,False,True,,,GRU,1
test_06,A3,test,6,83.69981384277344,836,158.49253845214844,0.213347625541004,,22.70018768310547,106.4000015258789,False,True,,,GRU,1
test_06,A3,test,6,83.79981231689453,837,158.49253845214844,0.21240779027138917,,22.600189208984375,106.4000015258789,False,True,,,GRU,1
test_06,A3,test,6,83.89981079101562,838,158.49253845214844,0.21146795500177434,,22.50019073486328,106.4000015258789,False,True,,,GRU,1
test_06,A3,test,6,83.99980926513672,839,158.49253845214844,0.21052811973215949,,22.400192260742188,106.4000015258789,False,True,,,GRU,1
test_06,A3,test,6,84.09980773925781,840,158.49253845214844,0.20958828446254466,,22.300193786621094,106.4000015258789,False,True,,,GRU,1
test_06,A3,test,6,84.1998062133789,841,158.49253845214844,0.20864844919292982,,22.2001953125,106.4000015258789,False,True,,,GRU,1
test_06,A3,test,6,84.2998046875,842,158.49253845214844,0.20770861392331497,,22.100196838378906,106.4000015258789,False,True,,,GRU,1
test_06,A3,test,6,84.3998031616211,843,158.49253845214844,0.20676877865370014,,22.000198364257812,106.4000015258789,False,True,,,GRU,1
test_06,A3,test,6,84.49980163574219,844,158.49253845214844,0.2058289433840853,,21.90019989013672,106.4000015258789,False,True,,,GRU,1
test_06,A3,test,6,84.59980010986328,845,158.49253845214844,0.20488910811447045,,21.800201416015625,106.4000015258789,False,True,,,GRU,1
test_06,A3,test,6,84.69979858398438,846,158.49253845214844,0.20394927284485562,,21.70020294189453,106.4000015258789,False,True,,,GRU,1
test_06,A3,test,6,84.79979705810547,847,158.49253845214844,0.2030094375752408,,21.600204467773438,106.4000015258789,False,True,,,GRU,1
test_06,A3,test,6,84.89979553222656,848,158.49253845214844,0.20206960230562593,,21.500205993652344,106.4000015258789,False,True,,,GRU,1
test_06,A3,test,6,84.99979400634766,849,158.49253845214844,0.2011297670360111,,21.40020751953125,106.4000015258789,False,True,,,GRU,1
test_06,A3,test,6,85.09979248046875,850,158.49253845214844,0.20018993176639627,,21.300209045410156,106.4000015258789,False,True,,,GRU,1
test_06,A3,test,6,85.19979095458984,851,158.49253845214844,0.1992500964967814,,21.200210571289062,106.4000015258789,False,True,,,GRU,1
test_06,A3,test,6,85.29978942871094,852,158.49253845214844,0.19831026122716658,,21.10021209716797,106.4000015258789,False,True,,,GRU,1
test_06,A3,test,6,85.39978790283203,853,158.49253845214844,0.19737042595755175,,21.000213623046875,106.4000015258789,False,True,,,GRU,1
test_06,A3,test,6,85.49978637695312,854,158.49253845214844,0.1964305906879369,,20.90021514892578,106.4000015258789,False,True,,,GRU,1
test_06,A3,test,6,85.59978485107422,855,158.49253845214844,0.19549075541832206,,20.800216674804688,106.4000015258789,False,True,,,GRU,1
test_06,A3,test,6,85.69978332519531,856,158.49253845214844,0.19455092014870723,,20.700218200683594,106.4000015258789,False,True,,,GRU,1
test_06,A3,test,6,85.7997817993164,857,158.49253845214844,0.19361108487909237,,20.6002197265625,106.4000015258789,False,True,,,GRU,1
test_06,A3,test,6,85.8997802734375,858,158.49253845214844,0.19267124960947754,,20.500221252441406,106.4000015258789,False,True,,,GRU,1
test_06,A3,test,6,85.9997787475586,859,158.49253845214844,0.1917314143398627,,20.400222778320312,106.4000015258789,False,True,,,GRU,1
test_06,A3,test,6,86.09977722167969,860,158.49253845214844,0.19079157907024785,,20.30022430419922,106.4000015258789,False,True,,,GRU,1
test_06,A3,test,6,86.19977569580078,861,158.49253845214844,0.18985174380063302,,20.200225830078125,106.4000015258789,False,True,,,GRU,1
test_06,A3,test,6,86.29977416992188,862,158.49253845214844,0.1889119085310182,,20.10022735595703,106.4000015258789,False,True,,,GRU,1
test_06,A3,test,6,86.39977264404297,863,158.49253845214844,0.18797207326140333,,20.000228881835938,106.4000015258789,False,True,,,GRU,1
test_06,A3,test,6,86.49977111816406,864,158.49253845214844,0.1870322379917885,,19.900230407714844,106.4000015258789,False,True,,,GRU,1
test_06,A3,test,6,86.59976959228516,865,158.49253845214844,0.18609240272217367,,19.80023193359375,106.4000015258789,False,True,,,GRU,1
test_06,A3,test,6,86.69976806640625,866,158.49253845214844,0.1851525674525588,,19.700233459472656,106.4000015258789,False,True,,,GRU,1
test_06,A3,test,6,86.79976654052734,867,158.49253845214844,0.18421273218294398,,19.600234985351562,106.4000015258789,False,True,,,GRU,1
test_06,A3,test,6,86.89976501464844,868,158.49253845214844,0.18327289691332915,,19.50023651123047,106.4000015258789,False,True,,,GRU,1
test_06,A3,test,6,86.99976348876953,869,158.49253845214844,0.1823330616437143,,19.400238037109375,106.4000015258789,False,True,,,GRU,1
test_06,A3,test,6,87.09976196289062,870,158.49253845214844,0.18139322637409946,,19.30023956298828,106.4000015258789,False,True,,,GRU,1
test_06,A3,test,6,87.19976043701172,871,158.49253845214844,0.18045339110448463,,19.200241088867188,106.4000015258789,False,True,,,GRU,1
test_06,A3,test,6,87.29975891113281,872,158.49253845214844,0.17951355583486978,,19.100242614746094,106.4000015258789,False,True,,,GRU,1
test_06,A3,test,6,87.3997573852539,873,158.49253845214844,0.17857372056525495,,19.000244140625,106.4000015258789,False,True,,,GRU,1
test_06,A3,test,6,87.499755859375,874,158.49253845214844,0.17763388529564011,,18.900245666503906,106.4000015258789,False,True,,,GRU,1
test_06,A3,test,6,87.5997543334961,875,158.49253845214844,0.17669405002602526,,18.800247192382812,106.4000015258789,False,True,,,GRU,1
test_06,A3,test,6,87.69975280761719,876,158.49253845214844,0.17575421475641043,,18.70024871826172,106.4000015258789,False,True,,,GRU,1
test_06,A3,test,6,87.79975128173828,877,158.49253845214844,0.1748143794867956,,18.600250244140625,106.4000015258789,False,True,,,GRU,1
test_06,A3,test,6,87.89974975585938,878,158.49253845214844,0.17387454421718074,,18.50025177001953,106.4000015258789,False,True,,,GRU,1
test_06,A3,test,6,87.99974822998047,879,158.49253845214844,0.1729347089475659,,18.400253295898438,106.4000015258789,False,True,,,GRU,1
test_06,A3,test,6,88.09974670410156,880,158.49253845214844,0.17199487367795108,,18.300254821777344,106.4000015258789,False,True,,,GRU,1
test_06,A3,test,6,88.19974517822266,881,158.49253845214844,0.17105503840833622,,18.20025634765625,106.4000015258789,False,True,,,GRU,1
test_06,A3,test,6,88.29974365234375,882,158.49253845214844,0.1701152031387214,,18.100257873535156,106.4000015258789,False,True,,,GRU,1
test_06,A3,test,6,88.39974212646484,883,158.49253845214844,0.16917536786910656,,18.000259399414062,106.4000015258789,False,True,,,GRU,1
test_06,A3,test,6,88.49974060058594,884,158.49253845214844,0.1682355325994917,,17.90026092529297,106.4000015258789,False,True,,,GRU,1
test_06,A3,test,6,88.59973907470703,885,158.49253845214844,0.16729569732987687,,17.800262451171875,106.4000015258789,False,True,,,GRU,1
test_06,A3,test,6,88.69973754882812,886,158.49253845214844,0.16635586206026204,,17.70026397705078,106.4000015258789,False,True,,,GRU,1
test_06,A3,test,6,88.79973602294922,887,158.49253845214844,0.16541602679064718,,17.600265502929688,106.4000015258789,False,True,,,GRU,1
test_06,A3,test,6,88.89973449707031,888,158.49253845214844,0.16447619152103235,,17.500267028808594,106.4000015258789,False,True,,,GRU,1
test_06,A3,test,6,88.9997329711914,889,158.49253845214844,0.16353635625141752,,17.4002685546875,106.4000015258789,False,True,,,GRU,1
test_06,A3,test,6,89.0997314453125,890,158.49253845214844,0.1625965209818027,,17.300270080566406,106.4000015258789,False,True,,,GRU,1
test_06,A3,test,6,89.1997299194336,891,158.49253845214844,0.16165668571218783,,17.200271606445312,106.4000015258789,False,True,,,GRU,1
test_06,A3,test,6,89.29972839355469,892,158.49253845214844,0.160716850442573,,17.10027313232422,106.4000015258789,False,True,,,GRU,1
test_06,A3,test,6,89.39972686767578,893,158.49253845214844,0.15977701517295817,,17.000274658203125,106.4000015258789,False,True,,,GRU,1
test_06,A3,test,6,89.49972534179688,894,158.49253845214844,0.1588371799033433,,16.90027618408203,106.4000015258789,False,True,,,GRU,1
test_06,A3,test,6,89.59972381591797,895,158.49253845214844,0.15789734463372848,,16.800277709960938,106.4000015258789,False,True,,,GRU,1
test_06,A3,test,6,89.69972229003906,896,158.49253845214844,0.15695750936411365,,16.700279235839844,106.4000015258789,False,True,,,GRU,1
test_06,A3,test,6,89.79972076416016,897,158.49253845214844,0.1560176740944988,,16.60028076171875,106.4000015258789,False,True,,,GRU,1
test_06,A3,test,6,89.89971923828125,898,158.49253845214844,0.15507783882488396,,16.500282287597656,106.4000015258789,False,True,,,GRU,1
test_06,A3,test,6,89.99971771240234,899,158.49253845214844,0.15413800355526913,,16.400283813476562,106.4000015258789,False,True,,,GRU,1
test_06,A3,test,6,90.09971618652344,900,158.49253845214844,0.15319816828565427,,16.30028533935547,106.4000015258789,False,True,,,GRU,1
test_06,A3,test,6,90.19971466064453,901,158.49253845214844,0.15225833301603944,,16.200286865234375,106.4000015258789,False,True,,,GRU,1
test_06,A3,test,6,90.29971313476562,902,158.49253845214844,0.1513184977464246,,16.10028839111328,106.4000015258789,False,True,,,GRU,1
test_06,A3,test,6,90.39971160888672,903,158.49253845214844,0.15037866247680975,,16.000289916992188,106.4000015258789,False,True,,,GRU,1
test_06,A3,test,6,90.49971008300781,904,158.49253845214844,0.14943882720719492,,15.900291442871094,106.4000015258789,False,True,,,GRU,1
test_06,A3,test,6,90.5997085571289,905,158.49253845214844,0.1484989919375801,,15.80029296875,106.4000015258789,False,True,,,GRU,1
test_06,A3,test,6,90.69970703125,906,158.49253845214844,0.14755915666796524,,15.700294494628906,106.4000015258789,False,True,,,GRU,1
test_06,A3,test,6,90.7997055053711,907,158.49253845214844,0.1466193213983504,,15.600296020507812,106.4000015258789,False,True,,,GRU,1
test_06,A3,test,6,90.89970397949219,908,158.49253845214844,0.14567948612873557,,15.500297546386719,106.4000015258789,False,True,,,GRU,1
test_06,A3,test,6,90.99970245361328,909,158.49253845214844,0.14473965085912072,,15.400299072265625,106.4000015258789,False,True,,,GRU,1
test_06,A3,test,6,91.09970092773438,910,158.49253845214844,0.14379981558950589,,15.300300598144531,106.4000015258789,False,True,,,GRU,1
test_06,A3,test,6,91.19969940185547,911,158.49253845214844,0.14285998031989106,,15.200302124023438,106.4000015258789,False,True,,,GRU,1
test_06,A3,test,6,91.29969787597656,912,158.49253845214844,0.1419201450502762,,15.100303649902344,106.4000015258789,False,True,,,GRU,1
test_06,A3,test,6,91.39969635009766,913,158.49253845214844,0.14098030978066137,,15.00030517578125,106.4000015258789,False,True,,,GRU,1
test_06,A3,test,6,91.49969482421875,914,158.49253845214844,0.14004047451104654,,14.900306701660156,106.4000015258789,False,True,,,GRU,1
test_06,A3,test,6,91.59969329833984,915,158.49253845214844,0.13910063924143168,,14.800308227539062,106.4000015258789,False,True,,,GRU,1
test_06,A3,test,6,91.69969177246094,916,158.49253845214844,0.13816080397181685,,14.700309753417969,106.4000015258789,False,True,,,GRU,1
test_06,A3,test,6,91.79969024658203,917,158.49253845214844,0.13722096870220202,,14.600311279296875,106.4000015258789,False,True,,,GRU,1
test_06,A3,test,6,91.89968872070312,918,158.49253845214844,0.13628113343258716,,14.500312805175781,106.4000015258789,False,True,,,GRU,1
test_06,A3,test,6,91.99968719482422,919,158.49253845214844,0.13534129816297233,,14.400314331054688,106.4000015258789,False,True,,,GRU,1
test_06,A3,test,6,92.09968566894531,920,158.49253845214844,0.1344014628933575,,14.300315856933594,106.4000015258789,False,True,,,GRU,1
test_06,A3,test,6,92.1996841430664,921,158.49253845214844,0.13346162762374264,,14.2003173828125,106.4000015258789,False,True,,,GRU,1
test_06,A3,test,6,92.2996826171875,922,158.49253845214844,0.1325217923541278,,14.100318908691406,106.4000015258789,False,True,,,GRU,1
test_06,A3,test,6,92.3996810913086,923,158.49253845214844,0.13158195708451298,,14.000320434570312,106.4000015258789,False,True,,,GRU,1
test_06,A3,test,6,92.49967956542969,924,158.49253845214844,0.13064212181489812,,13.900321960449219,106.4000015258789,False,True,,,GRU,1
test_06,A3,test,6,92.59967803955078,925,158.49253845214844,0.1297022865452833,,13.800323486328125,106.4000015258789,False,True,,,GRU,1
test_06,A3,test,6,92.69967651367188,926,158.49253845214844,0.12876245127566846,,13.700325012207031,106.4000015258789,False,True,,,GRU,1
test_06,A3,test,6,92.79967498779297,927,158.49253845214844,0.1278226160060536,,13.600326538085938,106.4000015258789,False,True,,,GRU,1
test_06,A3,test,6,92.89967346191406,928,158.49253845214844,0.12688278073643877,,13.500328063964844,106.4000015258789,False,True,,,GRU,1
test_06,A3,test,6,92.99967193603516,929,158.49253845214844,0.12594294546682394,,13.40032958984375,106.4000015258789,False,True,,,GRU,1
test_06,A3,test,6,93.09967041015625,930,158.49253845214844,0.12500311019720908,,13.300331115722656,106.4000015258789,False,True,,,GRU,1
test_06,A3,test,6,93.19966888427734,931,158.49253845214844,0.12406327492759425,,13.200332641601562,106.4000015258789,False,True,,,GRU,1
test_06,A3,test,6,93.29966735839844,932,158.49253845214844,0.12312343965797941,,13.100334167480469,106.4000015258789,False,True,,,GRU,1
test_06,A3,test,6,93.39966583251953,933,158.49253845214844,0.12218360438836458,,13.000335693359375,106.4000015258789,False,True,,,GRU,1
test_06,A3,test,6,93.49966430664062,934,158.49253845214844,0.12124376911874973,,12.900337219238281,106.4000015258789,False,True,,,GRU,1
test_06,A3,test,6,93.59966278076172,935,158.49253845214844,0.12030393384913489,,12.800338745117188,106.4000015258789,False,True,,,GRU,1
test_06,A3,test,6,93.69966125488281,936,158.49253845214844,0.11936409857952006,,12.700340270996094,106.4000015258789,False,True,,,GRU,1
test_06,A3,test,6,93.7996597290039,937,158.49253845214844,0.11842426330990521,,12.600341796875,106.4000015258789,False,True,,,GRU,1
test_06,A3,test,6,93.899658203125,938,158.49253845214844,0.11748442804029037,,12.500343322753906,106.4000015258789,False,True,,,GRU,1
test_06,A3,test,6,93.9996566772461,939,158.49253845214844,0.11654459277067554,,12.400344848632812,106.4000015258789,False,True,,,GRU,1
test_06,A3,test,6,94.09965515136719,940,158.49253845214844,0.1156047575010607,,12.300346374511719,106.4000015258789,False,True,,,GRU,1
test_06,A3,test,6,94.19965362548828,941,158.49253845214844,0.11466492223144585,,12.200347900390625,106.4000015258789,False,True,,,GRU,1
test_06,A3,test,6,94.29965209960938,942,158.49253845214844,0.11372508696183102,,12.100349426269531,106.4000015258789,False,True,,,GRU,1
test_06,A3,test,6,94.39965057373047,943,158.49253845214844,0.11278525169221618,,12.000350952148438,106.4000015258789,False,True,,,GRU,1
test_06,A3,test,6,94.49964904785156,944,158.49253845214844,0.11184541642260133,,11.900352478027344,106.4000015258789,False,True,,,GRU,1
test_06,A3,test,6,94.59964752197266,945,158.49253845214844,0.1109055811529865,,11.80035400390625,106.4000015258789,False,True,,,GRU,1
test_06,A3,test,6,94.69964599609375,946,158.49253845214844,0.10996574588337166,,11.700355529785156,106.4000015258789,False,True,,,GRU,1
test_06,A3,test,6,94.79964447021484,947,158.49253845214844,0.10902591061375681,,11.600357055664062,106.4000015258789,False,True,,,GRU,1
test_06,A3,test,6,94.89964294433594,948,158.49253845214844,0.10808607534414198,,11.500358581542969,106.4000015258789,False,True,,,GRU,1
test_06,A3,test,6,94.99964141845703,949,158.49253845214844,0.10714624007452714,,11.400360107421875,106.4000015258789,False,True,,,GRU,1
test_06,A3,test,6,95.09963989257812,950,158.49253845214844,0.1062064048049123,,11.300361633300781,106.4000015258789,False,True,,,GRU,1
test_06,A3,test,6,95.19963836669922,951,158.49253845214844,0.10526656953529746,,11.200363159179688,106.4000015258789,False,True,,,GRU,1
test_06,A3,test,6,95.29963684082031,952,158.49253845214844,0.10432673426568262,,11.100364685058594,106.4000015258789,False,True,,,GRU,1
test_06,A3,test,6,95.3996353149414,953,158.49253845214844,0.10338689899606777,,11.0003662109375,106.4000015258789,False,True,,,GRU,1
test_06,A3,test,6,95.4996337890625,954,158.49253845214844,0.10244706372645294,,10.900367736816406,106.4000015258789,False,True,,,GRU,1
test_06,A3,test,6,95.5996322631836,955,158.49253845214844,0.1015072284568381,,10.800369262695312,106.4000015258789,False,True,,,GRU,1
test_06,A3,test,6,95.69963073730469,956,158.49253845214844,0.10056739318722326,,10.700370788574219,106.4000015258789,False,True,,,GRU,1
test_06,A3,test,6,95.79962921142578,957,158.49253845214844,0.09962755791760843,,10.600372314453125,106.4000015258789,False,True,,,GRU,1
test_06,A3,test,6,95.89962768554688,958,158.49253845214844,0.09868772264799358,,10.500373840332031,106.4000015258789,False,True,,,GRU,1
test_06,A3,test,6,95.99962615966797,959,158.49253845214844,0.09774788737837874,,10.400375366210938,106.4000015258789,False,True,,,GRU,1
test_06,A3,test,6,96.09962463378906,960,158.49253845214844,0.0968080521087639,,10.300376892089844,106.4000015258789,False,True,,,GRU,1
test_06,A3,test,6,96.19962310791016,961,158.49253845214844,0.09586821683914906,,10.20037841796875,106.4000015258789,False,True,,,GRU,1
test_06,A3,test,6,96.29962158203125,962,158.49253845214844,0.09492838156953422,,10.100379943847656,106.4000015258789,False,True,,,GRU,1
test_06,A3,test,6,96.39962005615234,963,158.49253845214844,0.09398854629991939,,10.000381469726562,106.4000015258789,False,True,,,GRU,1
test_06,A3,test,6,96.49961853027344,964,158.49253845214844,0.09304871103030454,,9.900382995605469,106.4000015258789,False,True,,,GRU,1
test_06,A3,test,6,96.59961700439453,965,158.49253845214844,0.0921088757606897,,9.800384521484375,106.4000015258789,False,True,,,GRU,1
test_06,A3,test,6,96.69961547851562,966,158.49253845214844,0.09116904049107487,,9.700386047363281,106.4000015258789,False,True,,,GRU,1
test_06,A3,test,6,96.79961395263672,967,158.49253845214844,0.09022920522146002,,9.600387573242188,106.4000015258789,False,True,,,GRU,1
test_06,A3,test,6,96.89961242675781,968,158.49253845214844,0.08928936995184518,,9.500389099121094,106.4000015258789,False,True,,,GRU,1
test_06,A3,test,6,96.9996109008789,969,158.49253845214844,0.08834953468223035,,9.400390625,106.4000015258789,False,True,,,GRU,1
test_06,A3,test,6,97.099609375,970,158.49253845214844,0.0874096994126155,,9.300392150878906,106.4000015258789,False,True,,,GRU,1
test_06,A3,test,6,97.1996078491211,971,158.49253845214844,0.08646986414300066,,9.200393676757812,106.4000015258789,False,True,,,GRU,1
test_06,A3,test,6,97.29960632324219,972,158.49253845214844,0.08553002887338583,,9.100395202636719,106.4000015258789,False,True,,,GRU,1
test_06,A3,test,6,97.39960479736328,973,158.49253845214844,0.08459019360377099,,9.000396728515625,106.4000015258789,False,True,,,GRU,1
test_06,A3,test,6,97.49960327148438,974,158.49253845214844,0.08365035833415614,,8.900398254394531,106.4000015258789,False,True,,,GRU,1
test_06,A3,test,6,97.59960174560547,975,158.49253845214844,0.08271052306454131,,8.800399780273438,106.4000015258789,False,True,,,GRU,1
test_06,A3,test,6,97.69960021972656,976,158.49253845214844,0.08177068779492647,,8.700401306152344,106.4000015258789,False,True,,,GRU,1
test_06,A3,test,6,97.79959869384766,977,158.49253845214844,0.08083085252531162,,8.60040283203125,106.4000015258789,False,True,,,GRU,1
test_06,A3,test,6,97.89959716796875,978,158.49253845214844,0.07989101725569679,,8.500404357910156,106.4000015258789,False,True,,,GRU,1
test_06,A3,test,6,97.99959564208984,979,158.49253845214844,0.07895118198608195,,8.400405883789062,106.4000015258789,False,True,,,GRU,1
test_06,A3,test,6,98.09959411621094,980,158.49253845214844,0.0780113467164671,,8.300407409667969,106.4000015258789,False,True,,,GRU,1
test_06,A3,test,6,98.19959259033203,981,158.49253845214844,0.07707151144685227,,8.200408935546875,106.4000015258789,False,True,,,GRU,1
test_06,A3,test,6,98.29959106445312,982,158.49253845214844,0.07613167617723743,,8.100410461425781,106.4000015258789,False,True,,,GRU,1
test_06,A3,test,6,98.39958953857422,983,158.49253845214844,0.07519184090762258,,8.000411987304688,106.4000015258789,False,True,,,GRU,1
test_06,A3,test,6,98.49958801269531,984,158.49253845214844,0.07425200563800775,,7.900413513183594,106.4000015258789,False,True,,,GRU,1
test_06,A3,test,6,98.5995864868164,985,158.49253845214844,0.07331217036839291,,7.8004150390625,106.4000015258789,False,True,,,GRU,1
test_06,A3,test,6,98.6995849609375,986,158.49253845214844,0.07237233509877807,,7.700416564941406,106.4000015258789,False,True,,,GRU,1
test_06,A3,test,6,98.7995834350586,987,158.49253845214844,0.07143249982916323,,7.6004180908203125,106.4000015258789,False,True,,,GRU,1
test_06,A3,test,6,98.89958190917969,988,158.49253845214844,0.07049266455954839,,7.500419616699219,106.4000015258789,False,True,,,GRU,1
test_06,A3,test,6,98.99958038330078,989,158.49253845214844,0.06955282928993355,,7.400421142578125,106.4000015258789,False,True,,,GRU,1
test_06,A3,test,6,99.09957885742188,990,158.49253845214844,0.06861299402031872,,7.300422668457031,106.4000015258789,False,True,,,GRU,1
test_06,A3,test,6,99.19957733154297,991,158.49253845214844,0.06767315875070387,,7.2004241943359375,106.4000015258789,False,True,,,GRU,1
test_06,A3,test,6,99.29957580566406,992,158.49253845214844,0.06673332348108903,,7.100425720214844,106.4000015258789,False,True,,,GRU,1
test_06,A3,test,6,99.39957427978516,993,158.49253845214844,0.0657934882114742,,7.00042724609375,106.4000015258789,False,True,,,GRU,1
test_06,A3,test,6,99.49957275390625,994,158.49253845214844,0.06485365294185935,,6.900428771972656,106.4000015258789,False,True,,,GRU,1
test_06,A3,test,6,99.59957122802734,995,158.49253845214844,0.06391381767224451,,6.8004302978515625,106.4000015258789,False,True,,,GRU,1
test_06,A3,test,6,99.69956970214844,996,158.49253845214844,0.06297398240262968,,6.700431823730469,106.4000015258789,False,True,,,GRU,1
test_06,A3,test,6,99.79956817626953,997,158.49253845214844,0.06203414713301483,,6.600433349609375,106.4000015258789,False,True,,,GRU,1
test_06,A3,test,6,99.89956665039062,998,158.49253845214844,0.061094311863399996,,6.500434875488281,106.4000015258789,False,True,,,GRU,1
test_06,A3,test,6,99.99956512451172,999,158.49253845214844,0.06015447659378516,,6.4004364013671875,106.4000015258789,False,True,,,GRU,1
test_06,A3,test,6,100.09956359863281,1000,158.49253845214844,0.059214641324170314,,6.300437927246094,106.4000015258789,False,True,,,GRU,1
test_06,A3,test,6,100.1995620727539,1001,158.49253845214844,0.05827480605455548,,6.200439453125,106.4000015258789,False,True,,,GRU,1
test_06,A3,test,6,100.299560546875,1002,158.49253845214844,0.05733497078494064,,6.100440979003906,106.4000015258789,False,True,,,GRU,1
test_06,A3,test,6,100.3995590209961,1003,158.49253845214844,0.056395135515325795,,6.0004425048828125,106.4000015258789,False,True,,,GRU,1
test_06,A3,test,6,100.49955749511719,1004,158.49253845214844,0.05545530024571096,,5.900444030761719,106.4000015258789,False,True,,,GRU,1
test_06,A3,test,6,100.59955596923828,1005,158.49253845214844,0.05451546497609612,,5.800445556640625,106.4000015258789,False,True,,,GRU,1
test_06,A3,test,6,100.69955444335938,1006,158.49253845214844,0.053575629706481276,,5.700447082519531,106.4000015258789,False,True,,,GRU,1
test_06,A3,test,6,100.79955291748047,1007,158.49253845214844,0.05263579443686644,,5.6004486083984375,106.4000015258789,False,True,,,GRU,1
test_06,A3,test,6,100.89955139160156,1008,158.49253845214844,0.0516959591672516,,5.500450134277344,106.4000015258789,False,True,,,GRU,1
test_06,A3,test,6,100.99954986572266,1009,158.49253845214844,0.05075612389763676,,5.40045166015625,106.4000015258789,False,True,,,GRU,1
test_06,A3,test,6,101.09954833984375,1010,158.49253845214844,0.04981628862802192,,5.300453186035156,106.4000015258789,False,True,,,GRU,1
test_06,A3,test,6,101.19954681396484,1011,158.49253845214844,0.04887645335840708,,5.2004547119140625,106.4000015258789,False,True,,,GRU,1
test_06,A3,test,6,101.29954528808594,1012,158.49253845214844,0.04793661808879224,,5.100456237792969,106.4000015258789,False,True,,,GRU,1
test_06,A3,test,6,101.39954376220703,1013,158.49253845214844,0.0469967828191774,,5.000457763671875,106.4000015258789,False,True,,,GRU,1
test_06,A3,test,6,101.49954223632812,1014,158.49253845214844,0.04605694754956256,,4.900459289550781,106.4000015258789,False,True,,,GRU,1
test_06,A3,test,6,101.59954071044922,1015,158.49253845214844,0.04511711227994772,,4.8004608154296875,106.4000015258789,False,True,,,GRU,1
test_06,A3,test,6,101.69953918457031,1016,158.49253845214844,0.04417727701033288,,4.700462341308594,106.4000015258789,False,True,,,GRU,1
test_06,A3,test,6,101.7995376586914,1017,158.49253845214844,0.043237441740718044,,4.6004638671875,106.4000015258789,False,True,,,GRU,1
test_06,A3,test,6,101.8995361328125,1018,158.49253845214844,0.0422976064711032,,4.500465393066406,106.4000015258789,False,True,,,GRU,1
test_06,A3,test,6,101.9995346069336,1019,158.49253845214844,0.04135777120148836,,4.4004669189453125,106.4000015258789,False,True,,,GRU,1
test_06,A3,test,6,102.09953308105469,1020,158.49253845214844,0.040417935931873525,,4.300468444824219,106.4000015258789,False,True,,,GRU,1
test_06,A3,test,6,102.19953155517578,1021,158.49253845214844,0.03947810066225868,,4.200469970703125,106.4000015258789,False,True,,,GRU,1
test_06,A3,test,6,102.29953002929688,1022,158.49253845214844,0.03853826539264384,,4.100471496582031,106.4000015258789,False,True,,,GRU,1
test_06,A3,test,6,102.39952850341797,1023,158.49253845214844,0.037598430123029006,,4.0004730224609375,106.4000015258789,False,True,,,GRU,1
test_06,A3,test,6,102.49952697753906,1024,158.49253845214844,0.03665859485341416,,3.9004745483398438,106.4000015258789,False,True,,,GRU,1
test_06,A3,test,6,102.59952545166016,1025,158.49253845214844,0.035718759583799324,,3.80047607421875,106.4000015258789,False,True,,,GRU,1
test_06,A3,test,6,102.69952392578125,1026,158.49253845214844,0.03477892431418449,,3.7004776000976562,106.4000015258789,False,True,,,GRU,1
test_06,A3,test,6,102.79952239990234,1027,158.49253845214844,0.03383908904456965,,3.6004791259765625,106.4000015258789,False,True,,,GRU,1
test_06,A3,test,6,102.89952087402344,1028,158.49253845214844,0.032899253774954805,,3.5004806518554688,106.4000015258789,False,True,,,GRU,1
test_06,A3,test,6,102.99951934814453,1029,158.49253845214844,0.03195941850533997,,3.400482177734375,106.4000015258789,False,True,,,GRU,1
test_06,A3,test,6,103.09951782226562,1030,158.49253845214844,0.031019583235725127,,3.3004837036132812,106.4000015258789,False,True,,,GRU,1
test_06,A3,test,6,103.19951629638672,1031,158.49253845214844,0.030079747966110286,,3.2004852294921875,106.4000015258789,False,True,,,GRU,1
test_06,A3,test,6,103.29951477050781,1032,158.49253845214844,0.02913991269649545,,3.1004867553710938,106.4000015258789,False,True,,,GRU,1
test_06,A3,test,6,103.3995132446289,1033,158.49253845214844,0.028200077426880608,,3.00048828125,106.4000015258789,False,True,,,GRU,1
test_06,A3,test,6,103.49951171875,1034,158.49253845214844,0.027260242157265767,,2.9004898071289062,106.4000015258789,False,True,,,GRU,1
test_06,A3,test,6,103.5995101928711,1035,158.49253845214844,0.02632040688765093,,2.8004913330078125,106.4000015258789,False,True,,,GRU,1
test_06,A3,test,6,103.69950866699219,1036,158.49253845214844,0.02538057161803609,,2.7004928588867188,106.4000015258789,False,True,,,GRU,1
test_06,A3,test,6,103.79950714111328,1037,158.49253845214844,0.02444073634842125,,2.600494384765625,106.4000015258789,False,True,,,GRU,1
test_06,A3,test,6,103.89950561523438,1038,158.49253845214844,0.02350090107880641,,2.5004959106445312,106.4000015258789,False,True,,,GRU,1
test_06,A3,test,6,103.99950408935547,1039,158.49253845214844,0.02256106580919157,,2.4004974365234375,106.4000015258789,False,True,,,GRU,1
test_06,A3,test,6,104.09950256347656,1040,158.49253845214844,0.021621230539576732,,2.3004989624023438,106.4000015258789,False,True,,,GRU,1
test_06,A3,test,6,104.19950103759766,1041,158.49253845214844,0.02068139526996189,,2.20050048828125,106.4000015258789,False,True,,,GRU,1
test_06,A3,test,6,104.29949951171875,1042,158.49253845214844,0.01974156000034705,,2.1005020141601562,106.4000015258789,False,True,,,GRU,1
test_06,A3,test,6,104.39949798583984,1043,158.49253845214844,0.018801724730732213,,2.0005035400390625,106.4000015258789,False,True,,,GRU,1
test_06,A3,test,6,104.49949645996094,1044,158.49253845214844,0.017861889461117372,,1.9005050659179688,106.4000015258789,False,True,,,GRU,1
test_06,A3,test,6,104.59949493408203,1045,158.49253845214844,0.01692205419150253,,1.800506591796875,106.4000015258789,False,True,,,GRU,1
test_06,A3,test,6,104.69949340820312,1046,158.49253845214844,0.015982218921887694,,1.7005081176757812,106.4000015258789,False,True,,,GRU,1
test_06,A3,test,6,104.79949188232422,1047,158.49253845214844,0.015042383652272853,,1.6005096435546875,106.4000015258789,False,True,,,GRU,1
test_06,A3,test,6,104.89949035644531,1048,158.49253845214844,0.014102548382658014,,1.5005111694335938,106.4000015258789,False,True,,,GRU,1
test_06,A3,test,6,104.9994888305664,1049,158.49253845214844,0.013162713113043173,,1.4005126953125,106.4000015258789,False,True,,,GRU,1
test_06,A3,test,6,105.0994873046875,1050,158.49253845214844,0.012222877843428334,,1.3005142211914062,106.4000015258789,False,True,,,GRU,1
test_06,A3,test,6,105.1994857788086,1051,158.49253845214844,0.011283042573813495,,1.2005157470703125,106.4000015258789,False,True,,,GRU,1
test_06,A3,test,6,105.29948425292969,1052,158.49253845214844,0.010343207304198656,,1.1005172729492188,106.4000015258789,False,True,,,GRU,1
test_06,A3,test,6,105.39948272705078,1053,158.49253845214844,0.009403372034583815,,1.000518798828125,106.4000015258789,False,True,,,GRU,1
test_06,A3,test,6,105.49948120117188,1054,158.49253845214844,0.008463536764968976,,0.9005203247070312,106.4000015258789,False,True,,,GRU,1
test_06,A3,test,6,105.59947967529297,1055,158.49253845214844,0.007523701495354136,,0.8005218505859375,106.4000015258789,False,True,,,GRU,1
test_06,A3,test,6,105.69947814941406,1056,158.49253845214844,0.006583866225739297,,0.7005233764648438,106.4000015258789,False,True,,,GRU,1
test_06,A3,test,6,105.79947662353516,1057,158.49253845214844,0.005644030956124457,,0.60052490234375,106.4000015258789,False,True,,,GRU,1
test_06,A3,test,6,105.89947509765625,1058,158.49253845214844,0.004704195686509617,,0.5005264282226562,106.4000015258789,False,True,,,GRU,1
test_06,A3,test,6,105.99947357177734,1059,158.49253845214844,0.003764360416894778,,0.4005279541015625,106.4000015258789,False,True,,,GRU,1
test_06,A3,test,6,106.09947204589844,1060,158.49253845214844,0.002824525147279938,,0.30052947998046875,106.4000015258789,False,True,,,GRU,1
test_06,A3,test,6,106.19947052001953,1061,158.49253845214844,0.0018846898776650983,,0.200531005859375,106.4000015258789,False,True,,,GRU,1
test_06,A3,test,6,106.29946899414062,1062,158.49253845214844,0.0009448546080502588,,0.10053253173828125,106.4000015258789,False,True,,,GRU,1
test_06,A3,test,6,106.39946746826172,1063,158.49253845214844,5.0193384354191485e-06,,0.0005340576171875,106.4000015258789,False,True,,,GRU,1
test_08,A3,test,8,0.10000000149011612,0,158.49253845214844,0.999178946018219,1.0,121.69999694824219,121.80000305175781,True,False,0.8402802348136902,102.34613516463924,GRU,1
test_08,A3,test,8,0.20000000298023224,1,158.49253845214844,0.9983579516410828,1.0,121.5999984741211,121.80000305175781,True,False,0.9042285084724426,110.13503509142993,GRU,1
test_08,A3,test,8,0.30000001192092896,2,158.49253845214844,0.9975368976593018,1.0,121.5,121.80000305175781,True,False,0.92844557762146,113.08467418768487,GRU,1
test_08,A3,test,8,0.4000000059604645,3,158.49253845214844,0.9967159032821655,1.0,121.4000015258789,121.80000305175781,True,False,0.9327432513237,113.60813085773316,GRU,1
test_08,A3,test,8,0.5,4,158.49253845214844,0.9958949089050293,1.0,121.30000305175781,121.80000305175781,True,False,0.9280999302864075,113.04257434122064,GRU,1
test_08,A3,test,8,0.6000000238418579,5,158.49253845214844,0.9950738549232483,1.0,121.19999694824219,121.80000305175781,True,False,0.9197638630867004,112.02724133085667,GRU,1
test_08,A3,test,8,0.699999988079071,6,158.49253845214844,0.9942528605461121,1.0,121.0999984741211,121.80000305175781,True,False,0.8321762681007385,101.35907199427038,GRU,1
test_08,A3,test,8,0.800000011920929,7,158.49253845214844,0.993431806564331,1.0,121.0,121.80000305175781,True,False,0.8826318383216858,107.50456060115994,GRU,1
test_08,A3,test,8,0.8999999761581421,8,158.49253845214844,0.9926108121871948,1.0,120.9000015258789,121.80000305175781,True,False,0.8977882266044617,109.35060874025567,GRU,1
test_08,A3,test,8,1.0,9,158.49253845214844,0.9917898178100586,1.0,120.80000305175781,121.80000305175781,True,False,0.8983526825904846,109.41935948107584,GRU,1
test_08,A3,test,8,1.100000023841858,10,158.49253845214844,0.9909687638282776,1.0,120.69999694824219,121.80000305175781,True,False,0.8939973711967468,108.88888254002723,GRU,1
test_08,A3,test,8,1.2000000476837158,11,158.49253845214844,0.9901477694511414,1.0,120.5999984741211,121.80000305175781,True,False,0.8925884366035461,108.71727430227565,GRU,1
test_08,A3,test,8,1.2999999523162842,12,158.49253845214844,0.9893267154693604,1.0,120.5,121.80000305175781,True,False,0.8909665942192078,108.51973389491377,GRU,1
test_08,A3,test,8,1.399999976158142,13,158.49253845214844,0.9885057210922241,1.0,120.4000015258789,121.80000305175781,True,False,0.8858098983764648,107.8916483255307,GRU,1
test_08,A3,test,8,1.5,14,158.49253845214844,0.9876847267150879,1.0,120.30000305175781,121.80000305175781,True,False,0.8783824443817139,106.98698440630324,GRU,1
test_08,A3,test,8,1.600000023841858,15,158.49253845214844,0.9868636727333069,1.0,120.19999694824219,121.80000305175781,True,False,0.8718411326408386,106.19025261630213,GRU,1
test_08,A3,test,8,1.7000000476837158,16,158.49253845214844,0.9860426783561707,1.0,120.0999984741211,121.80000305175781,True,False,0.8634490370750427,105.16809535077755,GRU,1
test_08,A3,test,8,1.7999999523162842,17,158.49253845214844,0.9852216243743896,1.0,120.0,121.80000305175781,True,False,0.8601165413856506,104.76219736563962,GRU,1
test_08,A3,test,8,1.899999976158142,18,158.49253845214844,0.9844006299972534,1.0,119.9000015258789,121.80000305175781,True,False,0.8573105931282043,104.42043285931959,GRU,1
test_08,A3,test,8,2.0,19,158.49253845214844,0.9835796356201172,1.0,119.80000305175781,121.80000305175781,True,False,0.856899619102478,104.37037622173193,GRU,1
test_08,A3,test,8,2.0999999046325684,20,158.49253845214844,0.9827585816383362,1.0,119.69999694824219,121.80000305175781,True,False,0.8517593741416931,103.74429436982155,GRU,1
test_08,A3,test,8,2.200000047683716,21,158.49253845214844,0.9819375872612,1.0,119.5999984741211,121.80000305175781,True,False,0.8481765389442444,103.30790503183835,GRU,1
test_08,A3,test,8,2.299999952316284,22,158.49253845214844,0.981116533279419,1.0,119.5,121.80000305175781,True,False,0.8471810817718506,103.18665834520289,GRU,1
test_08,A3,test,8,2.4000000953674316,23,158.49253845214844,0.9802955389022827,1.0,119.4000015258789,121.80000305175781,True,False,0.8491060137748718,103.4211150690453,GRU,1
test_08,A3,test,8,2.5,24,158.49253845214844,0.9794745445251465,1.0,119.30000305175781,121.80000305175781,True,False,0.8558033108711243,104.23684587580738,GRU,1
test_08,A3,test,8,2.5999999046325684,25,158.49253845214844,0.9786534905433655,1.0,119.19999694824219,121.80000305175781,True,False,0.8543604016304016,104.06109952588395,GRU,1
test_08,A3,test,8,2.700000047683716,26,158.49253845214844,0.9778324961662292,1.0,119.0999984741211,121.80000305175781,True,False,0.8523746728897095,103.81923775920768,GRU,1
test_08,A3,test,8,2.799999952316284,27,158.49253845214844,0.9770114421844482,1.0,119.0,121.80000305175781,True,False,0.8531956076622009,103.91922761700243,GRU,1
test_08,A3,test,8,2.9000000953674316,28,158.49253845214844,0.976190447807312,1.0,118.9000015258789,121.80000305175781,True,False,0.8551799058914185,104.16091514737673,GRU,1
test_08,A3,test,8,3.0,29,158.49253845214844,0.9753694534301758,1.0,118.80000305175781,121.80000305175781,True,False,0.861034095287323,104.87395543366347,GRU,1
test_08,A3,test,8,3.0999999046325684,30,158.49253845214844,0.9745483994483948,1.0,118.69999694824219,121.80000305175781,True,False,0.8682711720466614,105.75543140503669,GRU,1
test_08,A3,test,8,3.200000047683716,31,158.49253845214844,0.9737274050712585,1.0,118.5999984741211,121.80000305175781,True,False,0.8572046160697937,104.40752485328176,GRU,1
test_08,A3,test,8,3.299999952316284,32,158.49253845214844,0.9729063510894775,1.0,118.5,121.80000305175781,True,False,0.8538408875465393,103.99782270888409,GRU,1
test_08,A3,test,8,3.4000000953674316,33,158.49253845214844,0.9720853567123413,1.0,118.4000015258789,121.80000305175781,True,False,0.848078727722168,103.29599162469094,GRU,1
test_08,A3,test,8,3.5,34,158.49253845214844,0.9712643623352051,1.0,118.30000305175781,121.80000305175781,True,False,0.8466321229934692,103.11979516432075,GRU,1
test_08,A3,test,8,3.5999999046325684,35,158.49253845214844,0.9704433083534241,1.0,118.19999694824219,121.80000305175781,True,False,0.8502407670021057,103.55932801558538,GRU,1
test_08,A3,test,8,3.700000047683716,36,158.49253845214844,0.9696223139762878,1.0,118.0999984741211,121.80000305175781,True,False,0.855843722820282,104.24176805133811,GRU,1
test_08,A3,test,8,3.799999952316284,37,158.49253845214844,0.9688012599945068,1.0,118.0,121.80000305175781,True,False,0.8605932593345642,104.82026161327212,GRU,1
test_08,A3,test,8,3.9000000953674316,38,158.49253845214844,0.9679802656173706,1.0,117.9000015258789,121.80000305175781,True,False,0.8557837605476379,104.23446464634708,GRU,1
test_08,A3,test,8,4.0,39,158.49253845214844,0.9671592712402344,1.0,117.80000305175781,121.80000305175781,True,False,0.8533619046211243,103.9394825871068,GRU,1
test_08,A3,test,8,4.099999904632568,40,158.49253845214844,0.9663382172584534,1.0,117.69999694824219,121.80000305175781,True,False,0.8549405932426453,104.13176686602583,GRU,1
test_08,A3,test,8,4.199999809265137,41,158.49253845214844,0.9655172228813171,1.0,117.5999984741211,121.80000305175781,True,False,0.8537607789039612,103.9880654759736,GRU,1
test_08,A3,test,8,4.300000190734863,42,158.49253845214844,0.9646962285041809,1.0,117.5,121.80000305175781,True,False,0.8581576347351074,104.52360252962535,GRU,1
test_08,A3,test,8,4.400000095367432,43,158.49253845214844,0.9638751745223999,1.0,117.4000015258789,121.80000305175781,True,False,0.8586488366127014,104.58343091981533,GRU,1
test_08,A3,test,8,4.5,44,158.49253845214844,0.9630541801452637,1.0,117.30000305175781,121.80000305175781,True,False,0.8512192368507385,103.67850564613491,GRU,1
test_08,A3,test,8,4.599999904632568,45,158.49253845214844,0.9622331261634827,1.0,117.19999694824219,121.80000305175781,True,False,0.8449364900588989,102.91326706771542,GRU,1
test_08,A3,test,8,4.699999809265137,46,158.49253845214844,0.9614121317863464,1.0,117.0999984741211,121.80000305175781,True,False,0.8475190997123718,103.22782893138992,GRU,1
test_08,A3,test,8,4.800000190734863,47,158.49253845214844,0.9605911374092102,1.0,117.0,121.80000305175781,True,False,0.8433492183685303,102.71993737098455,GRU,1
test_08,A3,test,8,4.900000095367432,48,158.49253845214844,0.9597700834274292,1.0,116.9000015258789,121.80000305175781,True,False,0.8403820991516113,102.3585422413089,GRU,1
test_08,A3,test,8,5.0,49,158.49253845214844,0.958949089050293,1.0,116.80000305175781,121.80000305175781,True,False,0.8405827879905701,102.38298614250652,GRU,1
test_08,A3,test,8,5.099999904632568,50,158.49253845214844,0.958128035068512,1.0,116.69999694824219,121.80000305175781,True,False,0.840295672416687,102.34801546473136,GRU,1
test_08,A3,test,8,5.199999809265137,51,158.49253845214844,0.9573070406913757,1.0,116.5999984741211,121.80000305175781,True,False,0.8408508896827698,102.41564092943463,GRU,1
test_08,A3,test,8,5.300000190734863,52,158.49253845214844,0.9564860463142395,1.0,116.5,121.80000305175781,True,False,0.8423206806182861,102.59466146986597,GRU,1
test_08,A3,test,8,5.400000095367432,53,158.49253845214844,0.9556649923324585,1.0,116.4000015258789,121.80000305175781,True,False,0.8455225825309753,102.98465313260294,GRU,1
test_08,A3,test,8,5.5,54,158.49253845214844,0.9548439979553223,1.0,116.30000305175781,121.80000305175781,True,False,0.850597083568573,103.60272737446849,GRU,1
test_08,A3,test,8,5.599999904632568,55,158.49253845214844,0.9540229439735413,1.0,116.19999694824219,121.80000305175781,True,False,0.8523697853088379,103.8186424518426,GRU,1
test_08,A3,test,8,5.699999809265137,56,158.49253845214844,0.953201949596405,1.0,116.0999984741211,121.80000305175781,True,False,0.8537006378173828,103.98074029144482,GRU,1
test_08,A3,test,8,5.800000190734863,57,158.49253845214844,0.9523809552192688,1.0,116.0,121.80000305175781,True,False,0.8502680063247681,103.56264576516878,GRU,1
test_08,A3,test,8,5.900000095367432,58,158.49253845214844,0.9515599012374878,1.0,115.9000015258789,121.80000305175781,True,False,0.836421012878418,101.87608192114567,GRU,1
test_08,A3,test,8,6.0,59,158.49253845214844,0.9507389068603516,1.0,115.80000305175781,121.80000305175781,True,False,0.8356813788414001,101.78599449317971,GRU,1
test_08,A3,test,8,6.099999904632568,60,158.49253845214844,0.9499178528785706,1.0,115.69999694824219,121.80000305175781,True,False,0.8459663391113281,103.03870268544415,GRU,1
test_08,A3,test,8,6.199999809265137,61,158.49253845214844,0.9490968585014343,1.0,115.5999984741211,121.80000305175781,True,False,0.8473016619682312,103.20134501349003,GRU,1
test_08,A3,test,8,6.300000190734863,62,158.49253845214844,0.9482758641242981,1.0,115.5,121.80000305175781,True,False,0.8362545371055603,101.85580517150356,GRU,1
test_08,A3,test,8,6.400000095367432,63,158.49253845214844,0.9474548101425171,1.0,115.4000015258789,121.80000305175781,True,False,0.8374302983283997,101.99901289203353,GRU,1
test_08,A3,test,8,6.5,64,158.49253845214844,0.9466338157653809,1.0,115.30000305175781,121.80000305175781,True,False,0.8197740912437439,99.84848681524,GRU,1
test_08,A3,test,8,6.599999904632568,65,158.49253845214844,0.9458127617835999,1.0,115.19999694824219,121.80000305175781,True,False,0.8173458576202393,99.55272795248675,GRU,1
test_08,A3,test,8,6.699999809265137,66,158.49253845214844,0.9449917674064636,1.0,115.0999984741211,121.80000305175781,True,False,0.8209320306777954,99.98952384184122,GRU,1
test_08,A3,test,8,6.800000190734863,67,158.49253845214844,0.9441707730293274,1.0,115.0,121.80000305175781,True,False,0.8213785290718079,100.04390734759454,GRU,1
test_08,A3,test,8,6.900000095367432,68,158.49253845214844,0.9433497190475464,1.0,114.9000015258789,121.80000305175781,True,False,0.8265231847763062,100.67052642810268,GRU,1
test_08,A3,test,8,7.0,69,158.49253845214844,0.9425287246704102,1.0,114.80000305175781,121.80000305175781,True,False,0.8404345512390137,102.36493090571457,GRU,1
test_08,A3,test,8,7.099999904632568,70,158.49253845214844,0.9417076706886292,1.0,114.69999694824219,121.80000305175781,True,False,0.8469531536102295,103.15889669442186,GRU,1
test_08,A3,test,8,7.199999809265137,71,158.49253845214844,0.9408866763114929,1.0,114.5999984741211,121.80000305175781,True,False,0.8452706933021545,102.95397302376387,GRU,1
test_08,A3,test,8,7.300000190734863,72,158.49253845214844,0.9400656819343567,1.0,114.5,121.80000305175781,True,False,0.8463740944862366,103.08836729135237,GRU,1
test_08,A3,test,8,7.400000095367432,73,158.49253845214844,0.9392446279525757,1.0,114.4000015258789,121.80000305175781,True,False,0.8496978878974915,103.49320533898663,GRU,1
test_08,A3,test,8,7.5,74,158.49253845214844,0.9384236335754395,1.0,114.30000305175781,121.80000305175781,True,False,0.8507781028747559,103.62477552651399,GRU,1
test_08,A3,test,8,7.599999904632568,75,158.49253845214844,0.9376025795936584,1.0,114.19999694824219,121.80000305175781,True,False,0.8492028713226318,103.43291231865805,GRU,1
test_08,A3,test,8,7.699999809265137,76,158.49253845214844,0.9367815852165222,1.0,114.0999984741211,121.80000305175781,True,False,0.8442227244377136,102.82633041287681,GRU,1
test_08,A3,test,8,7.800000190734863,77,158.49253845214844,0.935960590839386,1.0,114.0,121.80000305175781,True,False,0.8443591594696045,102.84294820017749,GRU,1
test_08,A3,test,8,7.900000095367432,78,158.49253845214844,0.935139536857605,1.0,113.9000015258789,121.80000305175781,True,False,0.8423778414726257,102.60162366209897,GRU,1
test_08,A3,test,8,8.0,79,158.49253845214844,0.9343185424804688,1.0,113.80000305175781,121.80000305175781,True,False,0.8456156253814697,102.9959857520771,GRU,1
test_08,A3,test,8,8.100000381469727,80,158.49253845214844,0.9334974884986877,1.0,113.69999694824219,121.80000305175781,True,False,0.8499177098274231,103.51997965072314,GRU,1
test_08,A3,test,8,8.199999809265137,81,158.49253845214844,0.9326764941215515,1.0,113.5999984741211,121.80000305175781,True,False,0.8519452214241028,103.7669305693862,GRU,1
test_08,A3,test,8,8.300000190734863,82,158.49253845214844,0.9318554997444153,1.0,113.5,121.80000305175781,True,False,0.845758318901062,103.01336582319891,GRU,1
test_08,A3,test,8,8.399999618530273,83,158.49253845214844,0.9310344457626343,1.0,113.4000015258789,121.80000305175781,True,False,0.8423296213150024,102.5957504467533,GRU,1
test_08,A3,test,8,8.5,84,158.49253845214844,0.930213451385498,1.0,113.30000305175781,121.80000305175781,True,False,0.8425454497337341,102.62203834881348,GRU,1
test_08,A3,test,8,8.600000381469727,85,158.49253845214844,0.929392397403717,1.0,113.19999694824219,121.80000305175781,True,False,0.8334222435951233,101.51083181328886,GRU,1
test_08,A3,test,8,8.699999809265137,86,158.49253845214844,0.9285714030265808,1.0,113.0999984741211,121.80000305175781,True,False,0.8322464823722839,101.36762409275889,GRU,1
test_08,A3,test,8,8.800000190734863,87,158.49253845214844,0.9277504086494446,1.0,113.0,121.80000305175781,True,False,0.8384526968002319,102.12354102902282,GRU,1
test_08,A3,test,8,8.899999618530273,88,158.49253845214844,0.9269293546676636,1.0,112.9000015258789,121.80000305175781,True,False,0.8397930264472961,102.2867931841256,GRU,1
test_08,A3,test,8,9.0,89,158.49253845214844,0.9261083602905273,1.0,112.80000305175781,121.80000305175781,True,False,0.8331941962242126,101.483055642816,GRU,1
test_08,A3,test,8,9.100000381469727,90,158.49253845214844,0.9252873063087463,1.0,112.69999694824219,121.80000305175781,True,False,0.8357496857643127,101.79431427659893,GRU,1
test_08,A3,test,8,9.199999809265137,91,158.49253845214844,0.9244663119316101,1.0,112.5999984741211,121.80000305175781,True,False,0.8344232439994812,101.63275366559446,GRU,1
test_08,A3,test,8,9.300000190734863,92,158.49253845214844,0.9236453175544739,1.0,112.5,121.80000305175781,True,False,0.833891749382019,101.56801761956558,GRU,1
test_08,A3,test,8,9.399999618530273,93,158.49253845214844,0.9228242635726929,1.0,112.4000015258789,121.80000305175781,True,False,0.8384436368942261,102.12243753244366,GRU,1
test_08,A3,test,8,9.5,94,158.49253845214844,0.9220032691955566,1.0,112.30000305175781,121.80000305175781,True,False,0.8416835069656372,102.51705371702883,GRU,1
test_08,A3,test,8,9.600000381469727,95,158.49253845214844,0.9211822152137756,1.0,112.19999694824219,121.80000305175781,True,False,0.8422008156776428,102.58006191972981,GRU,1
test_08,A3,test,8,9.699999809265137,96,158.49253845214844,0.9203612208366394,1.0,112.0999984741211,121.80000305175781,True,False,0.8453283309936523,102.9609932947642,GRU,1
test_08,A3,test,8,9.800000190734863,97,158.49253845214844,0.9195402264595032,1.0,112.0,121.80000305175781,True,False,0.8432022333145142,102.70203459095683,GRU,1
test_08,A3,test,8,9.899999618530273,98,158.49253845214844,0.9187191724777222,1.0,111.9000015258789,121.80000305175781,True,False,0.8406352400779724,102.3893748069122,GRU,1
test_08,A3,test,8,10.0,99,158.49253845214844,0.9178981781005859,1.0,111.80000305175781,121.80000305175781,True,False,0.8421608209609985,102.57519056312049,GRU,1
test_08,A3,test,8,10.100000381469727,100,158.49253845214844,0.9170771241188049,1.0,111.69999694824219,121.80000305175781,True,False,0.8450358510017395,102.92536923085663,GRU,1
test_08,A3,test,8,10.199999809265137,101,158.49253845214844,0.9162561297416687,1.0,111.5999984741211,121.80000305175781,True,False,0.8434206247329712,102.72863466639137,GRU,1
test_08,A3,test,8,10.300000190734863,102,158.49253845214844,0.9154351353645325,1.0,111.5,121.80000305175781,True,False,0.8486319780349731,103.363377514479,GRU,1
test_08,A3,test,8,10.399999618530273,103,158.49253845214844,0.9146140813827515,1.0,111.4000015258789,121.80000305175781,True,False,0.8480183482170105,103.2886374007785,GRU,1
test_08,A3,test,8,10.5,104,158.49253845214844,0.9137930870056152,1.0,111.30000305175781,121.80000305175781,True,False,0.8496805429458618,103.4910927238252,GRU,1
test_08,A3,test,8,10.600000381469727,105,158.49253845214844,0.9129720330238342,1.0,111.19999694824219,121.80000305175781,True,False,0.8443054556846619,102.83640707900759,GRU,1
test_08,A3,test,8,10.699999809265137,106,158.49253845214844,0.912151038646698,1.0,111.0999984741211,121.80000305175781,True,False,0.8431686758995056,102.69794729770638,GRU,1
test_08,A3,test,8,10.800000190734863,107,158.49253845214844,0.9113300442695618,1.0,111.0,121.80000305175781,True,False,0.8500651717185974,103.5379405095182,GRU,1
test_08,A3,test,8,10.899999618530273,108,158.49253845214844,0.9105090498924255,1.0,110.9000015258789,121.80000305175781,True,False,0.8562273979187012,104.28849967949645,GRU,1
test_08,A3,test,8,11.0,109,158.49253845214844,0.9096879959106445,1.0,110.80000305175781,121.80000305175781,True,False,0.8475125432014465,103.22703034833921,GRU,1
test_08,A3,test,8,11.100000381469727,110,158.49253845214844,0.9088669419288635,1.0,110.69999694824219,121.80000305175781,True,False,0.8418687582015991,102.53961731813433,GRU,1
test_08,A3,test,8,11.199999809265137,111,158.49253845214844,0.9080459475517273,1.0,110.5999984741211,121.80000305175781,True,False,0.8408065438270569,102.41023960407347,GRU,1
test_08,A3,test,8,11.300000190734863,112,158.49253845214844,0.9072249531745911,1.0,110.5,121.80000305175781,True,False,0.8414481282234192,102.48838458550836,GRU,1
test_08,A3,test,8,11.399999618530273,113,158.49253845214844,0.9064039587974548,1.0,110.4000015258789,121.80000305175781,True,False,0.8418288230895996,102.53475322137092,GRU,1
test_08,A3,test,8,11.5,114,158.49253845214844,0.9055829048156738,1.0,110.30000305175781,121.80000305175781,True,False,0.8450461626052856,102.92662518420002,GRU,1
test_08,A3,test,8,11.600000381469727,115,158.49253845214844,0.9047618508338928,1.0,110.19999694824219,121.80000305175781,True,False,0.8478944897651672,103.273551440966,GRU,1
test_08,A3,test,8,11.699999809265137,116,158.49253845214844,0.9039408564567566,1.0,110.0999984741211,121.80000305175781,True,False,0.8472694754600525,103.19742469669563,GRU,1
test_08,A3,test,8,11.800000190734863,117,158.49253845214844,0.9031198620796204,1.0,110.0,121.80000305175781,True,False,0.8433834910392761,102.72411178238599,GRU,1
test_08,A3,test,8,11.899999618530273,118,158.49253845214844,0.9022988677024841,1.0,109.9000015258789,121.80000305175781,True,False,0.8338007926940918,101.55693909469846,GRU,1
test_08,A3,test,8,12.0,119,158.49253845214844,0.9014778137207031,1.0,109.80000305175781,121.80000305175781,True,False,0.8327917456626892,101.43403716319426,GRU,1
test_08,A3,test,8,12.100000381469727,120,158.49253845214844,0.9006567597389221,1.0,109.69999694824219,121.80000305175781,True,False,0.8288161754608154,100.94981270047356,GRU,1
test_08,A3,test,8,12.199999809265137,121,158.49253845214844,0.8998357653617859,1.0,109.5999984741211,121.80000305175781,True,False,0.8318983912467957,101.32522659261213,GRU,1
test_08,A3,test,8,12.300000190734863,122,158.49253845214844,0.8990147709846497,1.0,109.5,121.80000305175781,True,False,0.7550204396247864,91.9614918504385,GRU,1
test_08,A3,test,8,12.399999618530273,123,158.49253845214844,0.8981937766075134,1.0,109.4000015258789,121.80000305175781,True,False,0.7571911215782166,92.2258809189907,GRU,1
test_08,A3,test,8,12.5,124,158.49253845214844,0.8973727226257324,1.0,109.30000305175781,121.80000305175781,True,False,0.7786928415298462,94.84479047471723,GRU,1
test_08,A3,test,8,12.600000381469727,125,158.49253845214844,0.8965516686439514,1.0,109.19999694824219,121.80000305175781,True,False,0.7898724675178528,96.20646895417394,GRU,1
test_08,A3,test,8,12.699999809265137,126,158.49253845214844,0.8957306742668152,1.0,109.0999984741211,121.80000305175781,True,False,0.7996821999549866,97.40129439495377,GRU,1
test_08,A3,test,8,12.800000190734863,127,158.49253845214844,0.894909679889679,1.0,109.0,121.80000305175781,True,False,0.8158325552940369,99.36840772453706,GRU,1
test_08,A3,test,8,12.899999618530273,128,158.49253845214844,0.8940886855125427,1.0,108.9000015258789,121.80000305175781,True,False,0.8322600722312927,101.36927933762763,GRU,1
test_08,A3,test,8,13.0,129,158.49253845214844,0.8932676315307617,1.0,108.80000305175781,121.80000305175781,True,False,0.8367716670036316,101.9187915946668,GRU,1
test_08,A3,test,8,13.100000381469727,130,158.49253845214844,0.8924465775489807,1.0,108.69999694824219,121.80000305175781,True,False,0.8361929059028625,101.84829849082689,GRU,1
test_08,A3,test,8,13.199999809265137,131,158.49253845214844,0.8916255831718445,1.0,108.5999984741211,121.80000305175781,True,False,0.8417955040931702,102.53069496750413,GRU,1
test_08,A3,test,8,13.300000190734863,132,158.49253845214844,0.8908045887947083,1.0,108.5,121.80000305175781,True,False,0.8443452715873718,102.84125665607917,GRU,1
test_08,A3,test,8,13.399999618530273,133,158.49253845214844,0.889983594417572,1.0,108.4000015258789,121.80000305175781,True,False,0.840550422668457,102.37904404617439,GRU,1
test_08,A3,test,8,13.5,134,158.49253845214844,0.889162540435791,1.0,108.30000305175781,121.80000305175781,True,False,0.8374083638191223,101.99634126873661,GRU,1
test_08,A3,test,8,13.600000381469727,135,158.49253845214844,0.88834148645401,1.0,108.19999694824219,121.80000305175781,True,False,0.841999351978302,102.55552364053528,GRU,1
test_08,A3,test,8,13.699999809265137,136,158.49253845214844,0.8875204920768738,1.0,108.0999984741211,121.80000305175781,True,False,0.8483385443687439,103.32763729303679,GRU,1
test_08,A3,test,8,13.800000190734863,137,158.49253845214844,0.8866994976997375,1.0,108.0,121.80000305175781,True,False,0.8571179509162903,104.39696903732056,GRU,1
test_08,A3,test,8,13.899999618530273,138,158.49253845214844,0.8858785033226013,1.0,107.9000015258789,121.80000305175781,True,False,0.8544801473617554,104.07568455632827,GRU,1
test_08,A3,test,8,14.0,139,158.49253845214844,0.8850574493408203,1.0,107.80000305175781,121.80000305175781,True,False,0.8603081107139587,104.78553051041217,GRU,1
test_08,A3,test,8,14.100000381469727,140,158.49253845214844,0.8842363953590393,1.0,107.69999694824219,121.80000305175781,True,False,0.8655228018760681,105.42067990987107,GRU,1
test_08,A3,test,8,14.199999809265137,141,158.49253845214844,0.8834154009819031,1.0,107.5999984741211,121.80000305175781,True,False,0.8532552123069763,103.92648746291798,GRU,1
test_08,A3,test,8,14.300000190734863,142,158.49253845214844,0.8825944066047668,1.0,107.5,121.80000305175781,True,False,0.8329147696495056,101.44902148516394,GRU,1
test_08,A3,test,8,14.399999618530273,143,158.49253845214844,0.8817734122276306,1.0,107.4000015258789,121.80000305175781,True,False,0.8250281810760498,100.48843497284906,GRU,1
test_08,A3,test,8,14.5,144,158.49253845214844,0.8809523582458496,1.0,107.30000305175781,121.80000305175781,True,False,0.8324491381645203,101.39230756887173,GRU,1
test_08,A3,test,8,14.600000381469727,145,158.49253845214844,0.8801313042640686,1.0,107.19999694824219,121.80000305175781,True,False,0.8376737236976624,102.0286621027526,GRU,1
test_08,A3,test,8,14.699999809265137,146,158.49253845214844,0.8793103098869324,1.0,107.0999984741211,121.80000305175781,True,False,0.8328649401664734,101.44295225397855,GRU,1
test_08,A3,test,8,14.800000190734863,147,158.49253845214844,0.8784893155097961,1.0,107.0,121.80000305175781,True,False,0.8277525305747986,100.82026075011072,GRU,1
test_08,A3,test,8,14.899999618530273,148,158.49253845214844,0.8776683211326599,1.0,106.9000015258789,121.80000305175781,True,False,0.8270593285560608,100.73582874211297,GRU,1
test_08,A3,test,8,15.0,149,158.49253845214844,0.8768472671508789,1.0,106.80000305175781,121.80000305175781,True,False,0.8321338295936584,101.35390298397851,GRU,1
test_08,A3,test,8,15.100000381469727,150,158.49253845214844,0.8760262131690979,1.0,106.69999694824219,121.80000305175781,True,False,0.8365311026573181,101.88949085655167,GRU,1
test_08,A3,test,8,15.199999809265137,151,158.49253845214844,0.8752052187919617,1.0,106.5999984741211,121.80000305175781,True,False,0.8344190716743469,101.63224547638038,GRU,1
test_08,A3,test,8,15.300000190734863,152,158.49253845214844,0.8743842244148254,1.0,106.5,121.80000305175781,True,False,0.8259642124176025,100.60244359310673,GRU,1
test_08,A3,test,8,15.399999618530273,153,158.49253845214844,0.8735632300376892,1.0,106.4000015258789,121.80000305175781,True,False,0.8240155577659607,100.36509745058993,GRU,1
test_08,A3,test,8,15.5,154,158.49253845214844,0.8727421760559082,1.0,106.30000305175781,121.80000305175781,True,False,0.8268970251083374,100.71606018168495,GRU,1
test_08,A3,test,8,15.600000381469727,155,158.49253845214844,0.8719211220741272,1.0,106.19999694824219,121.80000305175781,True,False,0.829950213432312,101.08793852886265,GRU,1
test_08,A3,test,8,15.699999809265137,156,158.49253845214844,0.871100127696991,1.0,106.0999984741211,121.80000305175781,True,False,0.825785219669342,100.58064227582236,GRU,1
test_08,A3,test,8,15.800000190734863,157,158.49253845214844,0.8702791333198547,1.0,106.0,121.80000305175781,True,False,0.8226335644721985,100.19677066319218,GRU,1
test_08,A3,test,8,15.899999618530273,158,158.49253845214844,0.8694581389427185,1.0,105.9000015258789,121.80000305175781,True,False,0.822021484375,100.12221930548549,GRU,1
test_08,A3,test,8,16.0,159,158.49253845214844,0.8686370849609375,1.0,105.80000305175781,121.80000305175781,True,False,0.8233324885368347,100.28189961639782,GRU,1
test_08,A3,test,8,16.100000381469727,160,158.49253845214844,0.8678160309791565,1.0,105.69999694824219,121.80000305175781,True,False,0.8292909264564514,101.00763737319085,GRU,1
test_08,A3,test,8,16.200000762939453,161,158.49253845214844,0.8669950366020203,1.0,105.5999984741211,121.80000305175781,True,False,0.8458528518676758,103.02487993882096,GRU,1
test_08,A3,test,8,16.299999237060547,162,158.49253845214844,0.866174042224884,1.0,105.5,121.80000305175781,True,False,0.8452464938163757,102.95102552632216,GRU,1
test_08,A3,test,8,16.399999618530273,163,158.49253845214844,0.8653530478477478,1.0,105.4000015258789,121.80000305175781,True,False,0.8391385674476624,102.20708007597295,GRU,1
test_08,A3,test,8,16.5,164,158.49253845214844,0.8645319938659668,1.0,105.30000305175781,121.80000305175781,True,False,0.8406717777252197,102.39382509245843,GRU,1
test_08,A3,test,8,16.600000381469727,165,158.49253845214844,0.8637109398841858,1.0,105.19999694824219,121.80000305175781,True,False,0.83650803565979,101.88668129618236,GRU,1
test_08,A3,test,8,16.700000762939453,166,158.49253845214844,0.8628899455070496,1.0,105.0999984741211,121.80000305175781,True,False,0.8340014219284058,101.58137573605018,GRU,1
test_08,A3,test,8,16.799999237060547,167,158.49253845214844,0.8620689511299133,1.0,105.0,121.80000305175781,True,False,0.8386315703392029,102.14532782661536,GRU,1
test_08,A3,test,8,16.899999618530273,168,158.49253845214844,0.8612479567527771,1.0,104.9000015258789,121.80000305175781,True,False,0.8476070761680603,103.23854446396126,GRU,1
test_08,A3,test,8,17.0,169,158.49253845214844,0.8604269623756409,1.0,104.80000305175781,121.80000305175781,True,False,0.8471189141273499,103.17908632591298,GRU,1
test_08,A3,test,8,17.100000381469727,170,158.49253845214844,0.8596058487892151,1.0,104.69999694824219,121.80000305175781,True,False,0.8372975587844849,101.98284521517962,GRU,1
test_08,A3,test,8,17.200000762939453,171,158.49253845214844,0.8587848544120789,1.0,104.5999984741211,121.80000305175781,True,False,0.8290475010871887,100.97798816247177,GRU,1
test_08,A3,test,8,17.299999237060547,172,158.49253845214844,0.8579638600349426,1.0,104.5,121.80000305175781,True,False,0.8271049857139587,100.74138978408428,GRU,1
test_08,A3,test,8,17.399999618530273,173,158.49253845214844,0.8571428656578064,1.0,104.4000015258789,121.80000305175781,True,False,0.8244970440864563,100.42374248589567,GRU,1
test_08,A3,test,8,17.5,174,158.49253845214844,0.8563218712806702,1.0,104.30000305175781,121.80000305175781,True,False,0.8166689872741699,99.47028514226986,GRU,1
test_08,A3,test,8,17.600000381469727,175,158.49253845214844,0.8555007576942444,1.0,104.19999694824219,121.80000305175781,True,False,0.821727454662323,100.08640648558412,GRU,1
test_08,A3,test,8,17.700000762939453,176,158.49253845214844,0.8546797633171082,1.0,104.0999984741211,121.80000305175781,True,False,0.8267784714698792,100.70162034815894,GRU,1
test_08,A3,test,8,17.799999237060547,177,158.49253845214844,0.8538587689399719,1.0,104.0,121.80000305175781,True,False,0.8298608064651489,101.07704875998934,GRU,1
test_08,A3,test,8,17.899999618530273,178,158.49253845214844,0.8530377745628357,1.0,103.9000015258789,121.80000305175781,True,False,0.8311014771461487,101.22816245272134,GRU,1
test_08,A3,test,8,18.0,179,158.49253845214844,0.8522167801856995,1.0,103.80000305175781,121.80000305175781,True,False,0.8257858157157898,100.58071487428151,GRU,1
test_08,A3,test,8,18.100000381469727,180,158.49253845214844,0.8513956665992737,1.0,103.69999694824219,121.80000305175781,True,False,0.8166224956512451,99.46462246245574,GRU,1
test_08,A3,test,8,18.200000762939453,181,158.49253845214844,0.8505746722221375,1.0,103.5999984741211,121.80000305175781,True,False,0.8183120489120483,99.67041005477768,GRU,1
test_08,A3,test,8,18.299999237060547,182,158.49253845214844,0.8497536778450012,1.0,103.5,121.80000305175781,True,False,0.814111053943634,99.1587288548044,GRU,1
test_08,A3,test,8,18.399999618530273,183,158.49253845214844,0.848932683467865,1.0,103.4000015258789,121.80000305175781,True,False,0.8067986369132996,98.26807643819393,GRU,1
test_08,A3,test,8,18.5,184,158.49253845214844,0.8481116890907288,1.0,103.30000305175781,121.80000305175781,True,False,0.8098233342170715,98.636484579024,GRU,1
test_08,A3,test,8,18.600000381469727,185,158.49253845214844,0.847290575504303,1.0,103.19999694824219,121.80000305175781,True,False,0.8181014060974121,99.64475375931215,GRU,1
test_08,A3,test,8,18.700000762939453,186,158.49253845214844,0.8464695811271667,1.0,103.0999984741211,121.80000305175781,True,False,0.8262380957603455,100.63580258508864,GRU,1
test_08,A3,test,8,18.799999237060547,187,158.49253845214844,0.8456485867500305,1.0,103.0,121.80000305175781,True,False,0.8307696580886841,101.18774689050952,GRU,1
test_08,A3,test,8,18.899999618530273,188,158.49253845214844,0.8448275923728943,1.0,102.9000015258789,121.80000305175781,True,False,0.8251111507415771,100.4985406783635,GRU,1
test_08,A3,test,8,19.0,189,158.49253845214844,0.8440065979957581,1.0,102.80000305175781,121.80000305175781,True,False,0.8238539099693298,100.34540874846698,GRU,1
test_08,A3,test,8,19.100000381469727,190,158.49253845214844,0.8431854844093323,1.0,102.69999694824219,121.80000305175781,True,False,0.8097999095916748,98.63363145957919,GRU,1
test_08,A3,test,8,19.200000762939453,191,158.49253845214844,0.842364490032196,1.0,102.5999984741211,121.80000305175781,True,False,0.8087804913520813,98.50946631488569,GRU,1
test_08,A3,test,8,19.299999237060547,192,158.49253845214844,0.8415434956550598,1.0,102.5,121.80000305175781,True,False,0.8041502237319946,97.94549970462867,GRU,1
test_08,A3,test,8,19.399999618530273,193,158.49253845214844,0.8407225012779236,1.0,102.4000015258789,121.80000305175781,True,False,0.8084060549736023,98.46385996284425,GRU,1
test_08,A3,test,8,19.5,194,158.49253845214844,0.8399015069007874,1.0,102.30000305175781,121.80000305175781,True,False,0.8147206902503967,99.23298255882855,GRU,1
test_08,A3,test,8,19.600000381469727,195,158.49253845214844,0.8390803933143616,1.0,102.19999694824219,121.80000305175781,True,False,0.8143331408500671,99.1857790406857,GRU,1
test_08,A3,test,8,19.700000762939453,196,158.49253845214844,0.8382593989372253,1.0,102.0999984741211,121.80000305175781,True,False,0.8164598345756531,99.44481034295222,GRU,1
test_08,A3,test,8,19.799999237060547,197,158.49253845214844,0.8374384045600891,1.0,102.0,121.80000305175781,True,False,0.8173431754112244,99.55240125942055,GRU,1
test_08,A3,test,8,19.899999618530273,198,158.49253845214844,0.8366174101829529,1.0,101.9000015258789,121.80000305175781,True,False,0.8179082870483398,99.6212318585458,GRU,1
test_08,A3,test,8,20.0,199,158.49253845214844,0.8357964158058167,1.0,101.80000305175781,121.80000305175781,True,False,0.8149591684341431,99.26202920233663,GRU,1
test_08,A3,test,8,20.100000381469727,200,158.49253845214844,0.8349753022193909,1.0,101.69999694824219,121.80000305175781,True,False,0.8145794868469238,99.21578398385464,GRU,1
test_08,A3,test,8,20.200000762939453,201,158.49253845214844,0.8341543078422546,1.0,101.5999984741211,121.80000305175781,True,False,0.8130012154579163,99.02355052385701,GRU,1
test_08,A3,test,8,20.299999237060547,202,158.49253845214844,0.8333333134651184,1.0,101.5,121.80000305175781,True,False,0.8139929175376892,99.14433984019979,GRU,1
test_08,A3,test,8,20.399999618530273,203,158.49253845214844,0.8325123190879822,1.0,101.4000015258789,121.80000305175781,True,False,0.8158040642738342,99.36493751818944,GRU,1
test_08,A3,test,8,20.5,204,158.49253845214844,0.831691324710846,1.0,101.30000305175781,121.80000305175781,True,False,0.8109816908836365,98.77757242454663,GRU,1
test_08,A3,test,8,20.600000381469727,205,158.49253845214844,0.8308702111244202,1.0,101.19999694824219,121.80000305175781,True,False,0.8072779178619385,98.3264528592008,GRU,1
test_08,A3,test,8,20.700000762939453,206,158.49253845214844,0.8300492167472839,1.0,101.0999984741211,121.80000305175781,True,False,0.8064732551574707,98.22844493934099,GRU,1
test_08,A3,test,8,20.799999237060547,207,158.49253845214844,0.8292282223701477,1.0,101.0,121.80000305175781,True,False,0.8068845868110657,98.27854513600414,GRU,1
test_08,A3,test,8,20.899999618530273,208,158.49253845214844,0.8284072279930115,1.0,100.9000015258789,121.80000305175781,True,False,0.8121780753135681,98.92329205176338,GRU,1
test_08,A3,test,8,21.0,209,158.49253845214844,0.8275862336158752,1.0,100.80000305175781,121.80000305175781,True,False,0.8178598284721375,99.61532960381646,GRU,1
test_08,A3,test,8,21.100000381469727,210,158.49253845214844,0.8267651200294495,1.0,100.69999694824219,121.80000305175781,True,False,0.8160199522972107,99.39123268009553,GRU,1
test_08,A3,test,8,21.200000762939453,211,158.49253845214844,0.8259441256523132,1.0,100.5999984741211,121.80000305175781,True,False,0.8224668502807617,100.17646487416641,GRU,1
test_08,A3,test,8,21.299999237060547,212,158.49253845214844,0.825123131275177,1.0,100.5,121.80000305175781,True,False,0.8175178170204163,99.57367260795309,GRU,1
test_08,A3,test,8,21.399999618530273,213,158.49253845214844,0.8243021368980408,1.0,100.4000015258789,121.80000305175781,True,False,0.8148347735404968,99.2468779039109,GRU,1
test_08,A3,test,8,21.5,214,158.49253845214844,0.8234811425209045,1.0,100.30000305175781,121.80000305175781,True,False,0.8158480525016785,99.3702952844751,GRU,1
test_08,A3,test,8,21.600000381469727,215,158.49253845214844,0.8226600289344788,1.0,100.19999694824219,121.80000305175781,True,False,0.8191884756088257,99.7771588291198,GRU,1
test_08,A3,test,8,21.700000762939453,216,158.49253845214844,0.8218390345573425,1.0,100.0999984741211,121.80000305175781,True,False,0.8178630471229553,99.6157216354959,GRU,1
test_08,A3,test,8,21.799999237060547,217,158.49253845214844,0.8210180401802063,1.0,100.0,121.80000305175781,True,False,0.8098978400230408,98.64555938641843,GRU,1
test_08,A3,test,8,21.899999618530273,218,158.49253845214844,0.8201970458030701,1.0,99.9000015258789,121.80000305175781,True,False,0.8055928349494934,98.12120975532252,GRU,1
test_08,A3,test,8,22.0,219,158.49253845214844,0.8193760514259338,1.0,99.80000305175781,121.80000305175781,True,False,0.8007425665855408,97.53044705379125,GRU,1
test_08,A3,test,8,22.100000381469727,220,158.49253845214844,0.8185549378395081,1.0,99.69999694824219,121.80000305175781,True,False,0.7973585724830627,97.1182765617823,GRU,1
test_08,A3,test,8,22.200000762939453,221,158.49253845214844,0.8177339434623718,1.0,99.5999984741211,121.80000305175781,True,False,0.797058641910553,97.08174501713529,GRU,1
test_08,A3,test,8,22.299999237060547,222,158.49253845214844,0.8169129490852356,1.0,99.5,121.80000305175781,True,False,0.7925935983657837,96.53790269975616,GRU,1
test_08,A3,test,8,22.399999618530273,223,158.49253845214844,0.8160919547080994,1.0,99.4000015258789,121.80000305175781,True,False,0.7998625040054321,97.42325542884828,GRU,1
test_08,A3,test,8,22.5,224,158.49253845214844,0.8152709603309631,1.0,99.30000305175781,121.80000305175781,True,False,0.8170859217643738,99.52106776444907,GRU,1
test_08,A3,test,8,22.600000381469727,225,158.49253845214844,0.8144498467445374,1.0,99.19999694824219,121.80000305175781,True,False,0.820699155330658,99.9611596238492,GRU,1
test_08,A3,test,8,22.700000762939453,226,158.49253845214844,0.8136288523674011,1.0,99.0999984741211,121.80000305175781,True,False,0.8206033110618591,99.94948579161701,GRU,1
test_08,A3,test,8,22.799999237060547,227,158.49253845214844,0.8128078579902649,1.0,99.0,121.80000305175781,True,False,0.8288909792900085,100.95892380709756,GRU,1
test_08,A3,test,8,22.899999618530273,228,158.49253845214844,0.8119868636131287,1.0,98.9000015258789,121.80000305175781,True,False,0.8245050311088562,100.42471530524836,GRU,1
test_08,A3,test,8,23.0,229,158.49253845214844,0.8111658692359924,1.0,98.80000305175781,121.80000305175781,True,False,0.817126989364624,99.52606979828488,GRU,1
test_08,A3,test,8,23.100000381469727,230,158.49253845214844,0.8103447556495667,1.0,98.69999694824219,121.80000305175781,True,False,0.8090922832489014,98.54744256886988,GRU,1
test_08,A3,test,8,23.200000762939453,231,158.49253845214844,0.8095237612724304,1.0,98.5999984741211,121.80000305175781,True,False,0.8042572140693665,97.95853112804707,GRU,1
test_08,A3,test,8,23.299999237060547,232,158.49253845214844,0.8087027668952942,1.0,98.5,121.80000305175781,True,False,0.7986249327659607,97.27251924810389,GRU,1
test_08,A3,test,8,23.399999618530273,233,158.49253845214844,0.807881772518158,1.0,98.4000015258789,121.80000305175781,True,False,0.7987349033355713,97.28591366381806,GRU,1
test_08,A3,test,8,23.5,234,158.49253845214844,0.8070607781410217,1.0,98.30000305175781,121.80000305175781,True,False,0.7976658940315247,97.15570832732283,GRU,1
test_08,A3,test,8,23.600000381469727,235,158.49253845214844,0.806239664554596,1.0,98.19999694824219,121.80000305175781,True,False,0.8024256229400635,97.7354433229084,GRU,1
test_08,A3,test,8,23.700000762939453,236,158.49253845214844,0.8054186701774597,1.0,98.0999984741211,121.80000305175781,True,False,0.8048356175422668,98.02898067281149,GRU,1
test_08,A3,test,8,23.799999237060547,237,158.49253845214844,0.8045976758003235,1.0,98.0,121.80000305175781,True,False,0.799517035484314,97.3811773619218,GRU,1
test_08,A3,test,8,23.899999618530273,238,158.49253845214844,0.8037766814231873,1.0,97.9000015258789,121.80000305175781,True,False,0.7906740307807922,96.30409936204614,GRU,1
test_08,A3,test,8,24.0,239,158.49253845214844,0.802955687046051,1.0,97.80000305175781,121.80000305175781,True,False,0.7825027108192444,95.30883256579273,GRU,1
test_08,A3,test,8,24.100000381469727,240,158.49253845214844,0.8021345734596252,1.0,97.69999694824219,121.80000305175781,True,False,0.7731490731239319,94.16955946595863,GRU,1
test_08,A3,test,8,24.200000762939453,241,158.49253845214844,0.801313579082489,1.0,97.5999984741211,121.80000305175781,True,False,0.7738352417945862,94.25313481213834,GRU,1
test_08,A3,test,8,24.299999237060547,242,158.49253845214844,0.8004925847053528,1.0,97.5,121.80000305175781,True,False,0.7775853872299194,94.70990253760647,GRU,1
test_08,A3,test,8,24.399999618530273,243,158.49253845214844,0.7996715903282166,1.0,97.4000015258789,121.80000305175781,True,False,0.7803240418434143,95.04347067788785,GRU,1
test_08,A3,test,8,24.5,244,158.49253845214844,0.7988505959510803,1.0,97.30000305175781,121.80000305175781,True,False,0.7800276875495911,95.00737472399578,GRU,1
test_08,A3,test,8,24.600000381469727,245,158.49253845214844,0.7980294823646545,1.0,97.19999694824219,121.80000305175781,True,False,0.7766306400299072,94.59361432573132,GRU,1
test_08,A3,test,8,24.700000762939453,246,158.49253845214844,0.7972084879875183,1.0,97.0999984741211,121.80000305175781,True,False,0.7475484609603882,91.05140482631214,GRU,1
test_08,A3,test,8,24.799999237060547,247,158.49253845214844,0.7963874936103821,1.0,97.0,121.80000305175781,True,False,0.7486639618873596,91.1872728426215,GRU,1
test_08,A3,test,8,24.899999618530273,248,158.49253845214844,0.7955664992332458,1.0,96.9000015258789,121.80000305175781,True,False,0.7643740773200989,93.1007649502726,GRU,1
test_08,A3,test,8,25.0,249,158.49253845214844,0.7947455048561096,1.0,96.80000305175781,121.80000305175781,True,False,0.7816891074180603,95.20973566904559,GRU,1
test_08,A3,test,8,25.100000381469727,250,158.49253845214844,0.7939244508743286,1.0,96.69999694824219,121.80000305175781,True,False,0.7822083234786987,95.27297618681587,GRU,1
test_08,A3,test,8,25.200000762939453,251,158.49253845214844,0.7931033968925476,1.0,96.5999984741211,121.80000305175781,True,False,0.778972327709198,94.8788318922152,GRU,1
test_08,A3,test,8,25.299999237060547,252,158.49253845214844,0.7922824025154114,1.0,96.5,121.80000305175781,True,False,0.778677761554718,94.8429537337006,GRU,1
test_08,A3,test,8,25.399999618530273,253,158.49253845214844,0.7914614081382751,1.0,96.4000015258789,121.80000305175781,True,False,0.7724825739860535,94.08837986893104,GRU,1
test_08,A3,test,8,25.5,254,158.49253845214844,0.7906404137611389,1.0,96.30000305175781,121.80000305175781,True,False,0.7707761526107788,93.880537740215,GRU,1
test_08,A3,test,8,25.600000381469727,255,158.49253845214844,0.7898193597793579,1.0,96.19999694824219,121.80000305175781,True,False,0.7738789319992065,94.25845627919443,GRU,1
test_08,A3,test,8,25.700000762939453,256,158.49253845214844,0.7889983057975769,1.0,96.0999984741211,121.80000305175781,True,False,0.7842493057250977,95.52156783065584,GRU,1
test_08,A3,test,8,25.799999237060547,257,158.49253845214844,0.7881773114204407,1.0,96.0,121.80000305175781,True,False,0.7889392375946045,96.09280154667431,GRU,1
test_08,A3,test,8,25.899999618530273,258,158.49253845214844,0.7873563170433044,1.0,95.9000015258789,121.80000305175781,True,False,0.784734308719635,95.5806411968706,GRU,1
test_08,A3,test,8,26.0,259,158.49253845214844,0.7865353226661682,1.0,95.80000305175781,121.80000305175781,True,False,0.7747777104377747,94.36792749575488,GRU,1
test_08,A3,test,8,26.100000381469727,260,158.49253845214844,0.7857142686843872,1.0,95.69999694824219,121.80000305175781,True,False,0.7755278944969177,94.45929991644789,GRU,1
test_08,A3,test,8,26.200000762939453,261,158.49253845214844,0.7848932147026062,1.0,95.5999984741211,121.80000305175781,True,False,0.7815229296684265,95.18949521863306,GRU,1
test_08,A3,test,8,26.299999237060547,262,158.49253845214844,0.78407222032547,1.0,95.5,121.80000305175781,True,False,0.7876179814338684,95.9318725422645,GRU,1
test_08,A3,test,8,26.399999618530273,263,158.49253845214844,0.7832512259483337,1.0,95.4000015258789,121.80000305175781,True,False,0.7807132601737976,95.09087747171634,GRU,1
test_08,A3,test,8,26.5,264,158.49253845214844,0.7824302315711975,1.0,95.30000305175781,121.80000305175781,True,False,0.7782944440841675,94.79626566461775,GRU,1
test_08,A3,test,8,26.600000381469727,265,158.49253845214844,0.7816091775894165,1.0,95.19999694824219,121.80000305175781,True,False,0.7800589203834534,95.01117888325552,GRU,1
test_08,A3,test,8,26.700000762939453,266,158.49253845214844,0.7807881236076355,1.0,95.0999984741211,121.80000305175781,True,False,0.7803220152854919,95.04322384312673,GRU,1
test_08,A3,test,8,26.799999237060547,267,158.49253845214844,0.7799671292304993,1.0,95.0,121.80000305175781,True,False,0.7780064344406128,94.76118608915385,GRU,1
test_08,A3,test,8,26.899999618530273,268,158.49253845214844,0.779146134853363,1.0,94.9000015258789,121.80000305175781,True,False,0.779260516166687,94.91393324721685,GRU,1
test_08,A3,test,8,27.0,269,158.49253845214844,0.7783251404762268,1.0,94.80000305175781,121.80000305175781,True,False,0.7796321511268616,94.95919838650025,GRU,1
test_08,A3,test,8,27.100000381469727,270,158.49253845214844,0.7775040864944458,1.0,94.69999694824219,121.80000305175781,True,False,0.779413640499115,94.93258379137387,GRU,1
test_08,A3,test,8,27.200000762939453,271,158.49253845214844,0.7766830325126648,1.0,94.5999984741211,121.80000305175781,True,False,0.7833793759346008,95.41561037951851,GRU,1
test_08,A3,test,8,27.299999237060547,272,158.49253845214844,0.7758620381355286,1.0,94.5,121.80000305175781,True,False,0.780697762966156,95.0889899117783,GRU,1
test_08,A3,test,8,27.399999618530273,273,158.49253845214844,0.7750410437583923,1.0,94.4000015258789,121.80000305175781,True,False,0.7776318788528442,94.71556521742059,GRU,1
test_08,A3,test,8,27.5,274,158.49253845214844,0.7742200493812561,1.0,94.30000305175781,121.80000305175781,True,False,0.7735841870307922,94.22255634114208,GRU,1
test_08,A3,test,8,27.600000381469727,275,158.49253845214844,0.7733989953994751,1.0,94.19999694824219,121.80000305175781,True,False,0.7764658331871033,94.57354085177485,GRU,1
test_08,A3,test,8,27.700000762939453,276,158.49253845214844,0.7725779414176941,1.0,94.0999984741211,121.80000305175781,True,False,0.7736814618110657,94.23440440967624,GRU,1
test_08,A3,test,8,27.799999237060547,277,158.49253845214844,0.7717569470405579,1.0,94.0,121.80000305175781,True,False,0.7796139121055603,94.95697687365009,GRU,1
test_08,A3,test,8,27.899999618530273,278,158.49253845214844,0.7709359526634216,1.0,93.9000015258789,121.80000305175781,True,False,0.7943461537361145,96.75136394921083,GRU,1
test_08,A3,test,8,28.0,279,158.49253845214844,0.7701149582862854,1.0,93.80000305175781,121.80000305175781,True,False,0.7854472994804382,95.66748347371231,GRU,1
test_08,A3,test,8,28.100000381469727,280,158.49253845214844,0.7692939043045044,1.0,93.69999694824219,121.80000305175781,True,False,0.7814075350761414,95.17544015694057,GRU,1
test_08,A3,test,8,28.200000762939453,281,158.49253845214844,0.7684728503227234,1.0,93.5999984741211,121.80000305175781,True,False,0.7745102047920227,94.33534530728593,GRU,1
test_08,A3,test,8,28.299999237060547,282,158.49253845214844,0.7676518559455872,1.0,93.5,121.80000305175781,True,False,0.7788015604019165,94.85803243366718,GRU,1
test_08,A3,test,8,28.399999618530273,283,158.49253845214844,0.7668308615684509,1.0,93.4000015258789,121.80000305175781,True,False,0.7797825336456299,94.97751497774516,GRU,1
test_08,A3,test,8,28.5,284,158.49253845214844,0.7660098671913147,1.0,93.30000305175781,121.80000305175781,True,False,0.7739773392677307,94.27044228480099,GRU,1
test_08,A3,test,8,28.600000381469727,285,158.49253845214844,0.7651888132095337,1.0,93.19999694824219,121.80000305175781,True,False,0.7712365388870239,93.93661279006665,GRU,1
test_08,A3,test,8,28.700000762939453,286,158.49253845214844,0.7643677592277527,1.0,93.0999984741211,121.80000305175781,True,False,0.7726606130599976,94.11006502868076,GRU,1
test_08,A3,test,8,28.799999237060547,287,158.49253845214844,0.7635467648506165,1.0,93.0,121.80000305175781,True,False,0.7689942121505737,93.66349738672398,GRU,1
test_08,A3,test,8,28.899999618530273,288,158.49253845214844,0.7627257704734802,1.0,92.9000015258789,121.80000305175781,True,False,0.7676759362220764,93.50293137460994,GRU,1
test_08,A3,test,8,29.0,289,158.49253845214844,0.761904776096344,0.9896965026855469,92.80000305175781,121.80000305175781,True,False,0.7103259563446045,86.51770365051561,GRU,1
test_08,A3,test,8,29.100000381469727,290,158.49253845214844,0.761083722114563,0.995200514793396,92.69999694824219,121.80000305175781,True,False,0.7072929739952087,86.14828639110328,GRU,1
test_08,A3,test,8,29.200000762939453,291,158.49253845214844,0.760262668132782,1.0,92.5999984741211,121.80000305175781,True,False,0.7217128276824951,87.90462461422067,GRU,1
test_08,A3,test,8,29.299999237060547,292,158.49253845214844,0.7594416737556458,1.0,92.5,121.80000305175781,True,False,0.7424433827400208,90.42960628349192,GRU,1
test_08,A3,test,8,29.399999618530273,293,158.49253845214844,0.7586206793785095,0.9966158866882324,92.4000015258789,121.80000305175781,True,False,0.7278451919555664,88.65154660139524,GRU,1
test_08,A3,test,8,29.5,294,158.49253845214844,0.7577996850013733,0.9985029101371765,92.30000305175781,121.80000305175781,True,False,0.728765070438385,88.76358780340979,GRU,1
test_08,A3,test,8,29.600000381469727,295,158.49253845214844,0.7569786310195923,0.9985029101371765,92.19999694824219,121.80000305175781,True,False,0.7292519211769104,88.82288622484793,GRU,1
test_08,A3,test,8,29.700000762939453,296,158.49253845214844,0.7561575770378113,1.0,92.0999984741211,121.80000305175781,True,False,0.7382729649543762,89.92164938447331,GRU,1
test_08,A3,test,8,29.799999237060547,297,158.49253845214844,0.755336582660675,1.0,92.0,121.80000305175781,True,False,0.742978572845459,90.49479243996757,GRU,1
test_08,A3,test,8,29.899999618530273,298,158.49253845214844,0.7545155882835388,1.0,91.9000015258789,121.80000305175781,True,False,0.7425256371498108,90.43962487085537,GRU,1
test_08,A3,test,8,30.0,299,158.49253845214844,0.7536945939064026,1.0,91.80000305175781,121.80000305175781,True,False,0.742750346660614,90.46699448995696,GRU,1
test_08,A3,test,8,30.100000381469727,300,158.49253845214844,0.7528735399246216,1.0,91.69999694824219,121.80000305175781,True,False,0.7415227293968201,90.31747070348047,GRU,1
test_08,A3,test,8,30.200000762939453,301,158.49253845214844,0.7520524859428406,1.0,91.5999984741211,121.80000305175781,True,False,0.7445734739303589,90.68905139697563,GRU,1
test_08,A3,test,8,30.299999237060547,302,158.49253845214844,0.7512314915657043,1.0,91.5,121.80000305175781,True,False,0.7540650367736816,91.84512378025829,GRU,1
test_08,A3,test,8,30.399999618530273,303,158.49253845214844,0.7504104971885681,1.0,91.4000015258789,121.80000305175781,True,False,0.7521106600761414,91.6070806925336,GRU,1
test_08,A3,test,8,30.5,304,158.49253845214844,0.7495895028114319,1.0,91.30000305175781,121.80000305175781,True,False,0.7545817494392395,91.90805938450012,GRU,1
test_08,A3,test,8,30.600000381469727,305,158.49253845214844,0.7487684488296509,1.0,91.19999694824219,121.80000305175781,True,False,0.755765974521637,92.0522980031501,GRU,1
test_08,A3,test,8,30.700000762939453,306,158.49253845214844,0.7479473948478699,1.0,91.0999984741211,121.80000305175781,True,False,0.752472996711731,91.65121329585418,GRU,1
test_08,A3,test,8,30.799999237060547,307,158.49253845214844,0.7471264004707336,0.9985029101371765,91.0,121.80000305175781,True,False,0.7411559224128723,90.27279361171622,GRU,1
test_08,A3,test,8,30.899999618530273,308,158.49253845214844,0.7463054060935974,1.0,90.9000015258789,121.80000305175781,True,False,0.7413505911827087,90.29650426847638,GRU,1
test_08,A3,test,8,31.0,309,158.49253845214844,0.7454844117164612,1.0,90.80000305175781,121.80000305175781,True,False,0.7443225383758545,90.6584874456712,GRU,1
test_08,A3,test,8,31.100000381469727,310,158.49253845214844,0.7446633577346802,1.0,90.69999694824219,121.80000305175781,True,False,0.7462109923362732,90.8885011438133,GRU,1
test_08,A3,test,8,31.200000762939453,311,158.49253845214844,0.7438423037528992,1.0,90.5999984741211,121.80000305175781,True,False,0.7535291314125061,91.77985050563166,GRU,1
test_08,A3,test,8,31.299999237060547,312,158.49253845214844,0.7430213093757629,1.0,90.5,121.80000305175781,True,False,0.7656009793281555,93.25020161859811,GRU,1
test_08,A3,test,8,31.399999618530273,313,158.49253845214844,0.7422003149986267,1.0,90.4000015258789,121.80000305175781,True,False,0.7619432806968689,92.80469391414499,GRU,1
test_08,A3,test,8,31.5,314,158.49253845214844,0.7413793206214905,1.0,90.30000305175781,121.80000305175781,True,False,0.7676973938941956,93.50554491913954,GRU,1
test_08,A3,test,8,31.600000381469727,315,158.49253845214844,0.7405582666397095,1.0,90.19999694824219,121.80000305175781,True,False,0.7694180011749268,93.71511489118348,GRU,1
test_08,A3,test,8,31.700000762939453,316,158.49253845214844,0.7397372722625732,1.0,90.0999984741211,121.80000305175781,True,False,0.7620895504951477,92.82250957602173,GRU,1
test_08,A3,test,8,31.799999237060547,317,158.49253845214844,0.7389162182807922,1.0,90.0,121.80000305175781,True,False,0.7535989284515381,91.78835178519876,GRU,1
test_08,A3,test,8,31.899999618530273,318,158.49253845214844,0.738095223903656,1.0,89.9000015258789,121.80000305175781,True,False,0.7481300234794617,91.12223914291008,GRU,1
test_08,A3,test,8,32.0,319,158.49253845214844,0.7372742295265198,0.9985029101371765,89.80000305175781,121.80000305175781,True,False,0.7421441674232483,90.3931618569959,GRU,1
test_08,A3,test,8,32.099998474121094,320,158.49253845214844,0.7364531755447388,0.9985029101371765,89.69999694824219,121.80000305175781,True,False,0.7388109564781189,89.98717675370699,GRU,1
test_08,A3,test,8,32.20000076293945,321,158.49253845214844,0.7356321811676025,0.9940997362136841,89.5999984741211,121.80000305175781,True,False,0.7311460375785828,89.05358960835201,GRU,1
test_08,A3,test,8,32.29999923706055,322,158.49253845214844,0.7348111271858215,0.9950433373451233,89.5,121.80000305175781,True,False,0.7271116375923157,88.56219967771267,GRU,1
test_08,A3,test,8,32.400001525878906,323,158.49253845214844,0.7339901328086853,0.9947288036346436,89.4000015258789,121.80000305175781,True,False,0.7282264232635498,88.69798057587104,GRU,1
test_08,A3,test,8,32.5,324,158.49253845214844,0.7331691384315491,0.9942569732666016,89.30000305175781,121.80000305175781,True,False,0.7289147973060608,88.78182453634963,GRU,1
test_08,A3,test,8,32.599998474121094,325,158.49253845214844,0.7323480844497681,0.995200514793396,89.19999694824219,121.80000305175781,True,False,0.7313858866691589,89.08280322831615,GRU,1
test_08,A3,test,8,32.70000076293945,326,158.49253845214844,0.7315270900726318,0.9942569732666016,89.0999984741211,121.80000305175781,True,False,0.7297946810722351,88.88899438175486,GRU,1
test_08,A3,test,8,32.79999923706055,327,158.49253845214844,0.7307060360908508,0.9940997362136841,89.0,121.80000305175781,True,False,0.7284881472587585,88.72985855928619,GRU,1
test_08,A3,test,8,32.900001525878906,328,158.49253845214844,0.7298850417137146,0.9942569732666016,88.9000015258789,121.80000305175781,True,False,0.7299414277076721,88.90686812239892,GRU,1
test_08,A3,test,8,33.0,329,158.49253845214844,0.7290640473365784,0.995200514793396,88.80000305175781,121.80000305175781,True,False,0.7303746342658997,88.95963268251307,GRU,1
test_08,A3,test,8,33.099998474121094,330,158.49253845214844,0.7282429933547974,0.995200514793396,88.69999694824219,121.80000305175781,True,False,0.7340535521507263,89.40772489211213,GRU,1
test_08,A3,test,8,33.20000076293945,331,158.49253845214844,0.7274219989776611,0.9985029101371765,88.5999984741211,121.80000305175781,True,False,0.7379405498504639,89.88116122380234,GRU,1
test_08,A3,test,8,33.29999923706055,332,158.49253845214844,0.7266009449958801,0.9974021315574646,88.5,121.80000305175781,True,False,0.7392428517341614,90.039781597211,GRU,1
test_08,A3,test,8,33.400001525878906,333,158.49253845214844,0.7257799506187439,0.995200514793396,88.4000015258789,121.80000305175781,True,False,0.7343502640724182,89.4438644050797,GRU,1
test_08,A3,test,8,33.5,334,158.49253845214844,0.7249589562416077,0.9974021315574646,88.30000305175781,121.80000305175781,True,False,0.7326260209083557,89.23385158243491,GRU,1
test_08,A3,test,8,33.599998474121094,335,158.49253845214844,0.7241379022598267,0.9975593090057373,88.19999694824219,121.80000305175781,True,False,0.737194299697876,89.79026795293976,GRU,1
test_08,A3,test,8,33.70000076293945,336,158.49253845214844,0.7233169078826904,1.0,88.0999984741211,121.80000305175781,True,False,0.7457991242408752,90.83833560853691,GRU,1
test_08,A3,test,8,33.79999923706055,337,158.49253845214844,0.7224958539009094,0.995200514793396,88.0,121.80000305175781,True,False,0.7361130118370056,89.65856708818592,GRU,1
test_08,A3,test,8,33.900001525878906,338,158.49253845214844,0.7216748595237732,0.9985029101371765,87.9000015258789,121.80000305175781,True,False,0.7337021231651306,89.3649208405941,GRU,1
test_08,A3,test,8,34.0,339,158.49253845214844,0.720853865146637,0.9974021315574646,87.80000305175781,121.80000305175781,True,False,0.7353977560997009,89.57144893719942,GRU,1
test_08,A3,test,8,34.099998474121094,340,158.49253845214844,0.720032811164856,0.9974021315574646,87.69999694824219,121.80000305175781,True,False,0.7316603064537048,89.1162275589113,GRU,1
test_08,A3,test,8,34.20000076293945,341,158.49253845214844,0.7192118167877197,0.9953578114509583,87.5999984741211,121.80000305175781,True,False,0.7283411026000977,88.71194851941254,GRU,1
test_08,A3,test,8,34.29999923706055,342,158.49253845214844,0.7183907628059387,0.9896965026855469,87.5,121.80000305175781,True,False,0.7194247841835022,87.62594090906077,GRU,1
test_08,A3,test,8,34.400001525878906,343,158.49253845214844,0.7175697684288025,0.9985029101371765,87.4000015258789,121.80000305175781,True,False,0.7246310114860535,88.26005941039966,GRU,1
test_08,A3,test,8,34.5,344,158.49253845214844,0.7167487740516663,1.0,87.30000305175781,121.80000305175781,True,False,0.7481846809387207,91.12889642161463,GRU,1
test_08,A3,test,8,34.599998474121094,345,158.49253845214844,0.7159277200698853,1.0,87.19999694824219,121.80000305175781,True,False,0.7529333233833313,91.7072810858599,GRU,1
test_08,A3,test,8,34.70000076293945,346,158.49253845214844,0.715106725692749,1.0,87.0999984741211,121.80000305175781,True,False,0.745073139667511,90.74991068528561,GRU,1
test_08,A3,test,8,34.79999923706055,347,158.49253845214844,0.714285671710968,0.9986602067947388,87.0,121.80000305175781,True,False,0.7414608597755432,90.30993498342013,GRU,1
test_08,A3,test,8,34.900001525878906,348,158.49253845214844,0.7134646773338318,1.0,86.9000015258789,121.80000305175781,True,False,0.7430887222290039,90.50820863521949,GRU,1
test_08,A3,test,8,35.0,349,158.49253845214844,0.7126436829566956,1.0,86.80000305175781,121.80000305175781,True,False,0.7515763640403748,91.54200343374669,GRU,1
test_08,A3,test,8,35.099998474121094,350,158.49253845214844,0.7118226289749146,1.0,86.69999694824219,121.80000305175781,True,False,0.7662891745567322,93.33402379953895,GRU,1
test_08,A3,test,8,35.20000076293945,351,158.49253845214844,0.7110016345977783,1.0,86.5999984741211,121.80000305175781,True,False,0.7694334387779236,93.7169951912756,GRU,1
test_08,A3,test,8,35.29999923706055,352,158.49253845214844,0.7101805806159973,1.0,86.5,121.80000305175781,True,False,0.7482485175132751,91.13667171659017,GRU,1
test_08,A3,test,8,35.400001525878906,353,158.49253845214844,0.7093595862388611,0.9939424395561218,86.4000015258789,121.80000305175781,True,False,0.7280259728431702,88.67356571405708,GRU,1
test_08,A3,test,8,35.5,354,158.49253845214844,0.7085385918617249,0.9918981194496155,86.30000305175781,121.80000305175781,True,False,0.7193295359611511,87.61433967528774,GRU,1
test_08,A3,test,8,35.599998474121094,355,158.49253845214844,0.7077175378799438,0.9896965026855469,86.19999694824219,121.80000305175781,True,False,0.7144092917442322,87.01505391465162,GRU,1
test_08,A3,test,8,35.70000076293945,356,158.49253845214844,0.7068965435028076,0.9887529611587524,86.0999984741211,121.80000305175781,True,False,0.7129574418067932,86.83821858784086,GRU,1
test_08,A3,test,8,35.79999923706055,357,158.49253845214844,0.7060754895210266,0.9887529611587524,86.0,121.80000305175781,True,False,0.7099114656448364,86.46721868201894,GRU,1
test_08,A3,test,8,35.900001525878906,358,158.49253845214844,0.7052544951438904,0.9854506254196167,85.9000015258789,121.80000305175781,True,False,0.7070305347442627,86.11632128953715,GRU,1
test_08,A3,test,8,36.0,359,158.49253845214844,0.7044335007667542,0.9810474514961243,85.80000305175781,121.80000305175781,True,False,0.6962694525718689,84.80562144809937,GRU,1
test_08,A3,test,8,36.099998474121094,360,158.49253845214844,0.7036124467849731,0.9810474514961243,85.69999694824219,121.80000305175781,True,False,0.6915321350097656,84.22861615457805,GRU,1
test_08,A3,test,8,36.20000076293945,361,158.49253845214844,0.7027914524078369,0.9832490682601929,85.5999984741211,121.80000305175781,True,False,0.6933117508888245,84.44537337407837,GRU,1
test_08,A3,test,8,36.29999923706055,362,158.49253845214844,0.7019703984260559,0.9810474514961243,85.5,121.80000305175781,True,False,0.6921676993370056,84.30602789157547,GRU,1
test_08,A3,test,8,36.400001525878906,363,158.49253845214844,0.7011494040489197,0.9799467325210571,85.4000015258789,121.80000305175781,True,False,0.6882212162017822,83.82534623366155,GRU,1
test_08,A3,test,8,36.5,364,158.49253845214844,0.7003284096717834,0.9799467325210571,85.30000305175781,121.80000305175781,True,False,0.688061535358429,83.80589710645381,GRU,1
test_08,A3,test,8,36.599998474121094,365,158.49253845214844,0.6995073556900024,0.9777451157569885,85.19999694824219,121.80000305175781,True,False,0.6846088171005249,83.38535601210424,GRU,1
test_08,A3,test,8,36.70000076293945,366,158.49253845214844,0.6986863613128662,0.9799467325210571,85.0999984741211,121.80000305175781,True,False,0.6857543587684631,83.52488299075503,GRU,1
test_08,A3,test,8,36.79999923706055,367,158.49253845214844,0.6978653073310852,0.9777451157569885,85.0,121.80000305175781,True,False,0.6842455863952637,83.34111451109493,GRU,1
test_08,A3,test,8,36.900001525878906,368,158.49253845214844,0.697044312953949,0.9766442179679871,84.9000015258789,121.80000305175781,True,False,0.6815428733825684,83.01192405790061,GRU,1
test_08,A3,test,8,37.0,369,158.49253845214844,0.6962233185768127,0.9788458347320557,84.80000305175781,121.80000305175781,True,False,0.6822776794433594,83.10142343834741,GRU,1
test_08,A3,test,8,37.099998474121094,370,158.49253845214844,0.6954022645950317,0.9802611470222473,84.69999694824219,121.80000305175781,True,False,0.6880857944488525,83.80885186374144,GRU,1
test_08,A3,test,8,37.20000076293945,371,158.49253845214844,0.6945812702178955,0.9810474514961243,84.5999984741211,121.80000305175781,True,False,0.6929542422294617,84.40182881827695,GRU,1
test_08,A3,test,8,37.29999923706055,372,158.49253845214844,0.6937602162361145,0.9810474514961243,84.5,121.80000305175781,True,False,0.6938703060150146,84.51340539015291,GRU,1
test_08,A3,test,8,37.400001525878906,373,158.49253845214844,0.6929392218589783,0.9854506254196167,84.4000015258789,121.80000305175781,True,False,0.6979292035102844,85.00777911746354,GRU,1
test_08,A3,test,8,37.5,374,158.49253845214844,0.692118227481842,0.9854506254196167,84.30000305175781,121.80000305175781,True,False,0.7072661519050598,86.14501946044129,GRU,1
test_08,A3,test,8,37.599998474121094,375,158.49253845214844,0.691297173500061,0.9832490682601929,84.19999694824219,121.80000305175781,True,False,0.7037039399147034,85.71114202914487,GRU,1
test_08,A3,test,8,37.70000076293945,376,158.49253845214844,0.6904761791229248,0.9810474514961243,84.0999984741211,121.80000305175781,True,False,0.6954291462898254,84.70327214038207,GRU,1
test_08,A3,test,8,37.79999923706055,377,158.49253845214844,0.6896551847457886,0.9799467325210571,84.0,121.80000305175781,True,False,0.6925711035728455,84.35516252873185,GRU,1
test_08,A3,test,8,37.900001525878906,378,158.49253845214844,0.6888341307640076,0.9832490682601929,83.9000015258789,121.80000305175781,True,False,0.6980419158935547,85.02150748608983,GRU,1
test_08,A3,test,8,38.0,379,158.49253845214844,0.6880131363868713,0.9832490682601929,83.80000305175781,121.80000305175781,True,False,0.7015960812568665,85.45440483818766,GRU,1
test_08,A3,test,8,38.099998474121094,380,158.49253845214844,0.6871920824050903,0.9920554757118225,83.69999694824219,121.80000305175781,True,False,0.7088751196861267,86.34099174108542,GRU,1
test_08,A3,test,8,38.20000076293945,381,158.49253845214844,0.6863710880279541,0.9887529611587524,83.5999984741211,121.80000305175781,True,False,0.7146989703178406,87.05033676580115,GRU,1
test_08,A3,test,8,38.29999923706055,382,158.49253845214844,0.6855500936508179,0.9830917716026306,83.5,121.80000305175781,True,False,0.7015281915664673,85.44613587368985,GRU,1
test_08,A3,test,8,38.400001525878906,383,158.49253845214844,0.6847290396690369,0.9777451157569885,83.4000015258789,121.80000305175781,True,False,0.6877112984657288,83.76323825185409,GRU,1
test_08,A3,test,8,38.5,384,158.49253845214844,0.6839080452919006,0.9775877594947815,83.30000305175781,121.80000305175781,True,False,0.6843316555023193,83.35159772859697,GRU,1
test_08,A3,test,8,38.599998474121094,385,158.49253845214844,0.6830869913101196,0.9775877594947815,83.19999694824219,121.80000305175781,True,False,0.6836084127426147,83.26350675825779,GRU,1
test_08,A3,test,8,38.70000076293945,386,158.49253845214844,0.6822659969329834,0.974442720413208,83.0999984741211,121.80000305175781,True,False,0.678866446018219,82.68593519675505,GRU,1
test_08,A3,test,8,38.79999923706055,387,158.49253845214844,0.6814450025558472,0.9722411036491394,83.0,121.80000305175781,True,False,0.6733027696609497,82.00827939946066,GRU,1
test_08,A3,test,8,38.900001525878906,388,158.49253845214844,0.6806239485740662,0.9690959453582764,82.9000015258789,121.80000305175781,True,False,0.6651987433433533,81.02120896924589,GRU,1
test_08,A3,test,8,39.0,389,158.49253845214844,0.6798029541969299,0.9689387083053589,82.80000305175781,121.80000305175781,True,False,0.6612679958343506,80.54244391065367,GRU,1
test_08,A3,test,8,39.099998474121094,390,158.49253845214844,0.6789819002151489,0.9678378701210022,82.69999694824219,121.80000305175781,True,False,0.6603994965553284,80.43666069581832,GRU,1
test_08,A3,test,8,39.20000076293945,391,158.49253845214844,0.6781609058380127,0.9678378701210022,82.5999984741211,121.80000305175781,True,False,0.6590121984481812,80.26768778213409,GRU,1
test_08,A3,test,8,39.29999923706055,392,158.49253845214844,0.6773399114608765,0.9678378701210022,82.5,121.80000305175781,True,False,0.6598783135414124,80.37318060313282,GRU,1
test_08,A3,test,8,39.400001525878906,393,158.49253845214844,0.6765188574790955,0.9678378701210022,82.4000015258789,121.80000305175781,True,False,0.6599322557449341,80.37975076368639,GRU,1
test_08,A3,test,8,39.5,394,158.49253845214844,0.6756978631019592,0.9678378701210022,82.30000305175781,121.80000305175781,True,False,0.6620202660560608,80.63407042595372,GRU,1
test_08,A3,test,8,39.599998474121094,395,158.49253845214844,0.6748768091201782,0.9683097004890442,82.19999694824219,121.80000305175781,True,False,0.6621828675270081,80.65387528561132,GRU,1
test_08,A3,test,8,39.70000076293945,396,158.49253845214844,0.674055814743042,0.9690959453582764,82.0999984741211,121.80000305175781,True,False,0.6620751023292542,80.64074948419602,GRU,1
test_08,A3,test,8,39.79999923706055,397,158.49253845214844,0.6732348203659058,0.9799467325210571,82.0,121.80000305175781,True,False,0.6717391014099121,81.81782460171235,GRU,1
test_08,A3,test,8,39.900001525878906,398,158.49253845214844,0.6724137663841248,0.9821482300758362,81.9000015258789,121.80000305175781,True,False,0.6928029656410217,84.38340332934331,GRU,1
test_08,A3,test,8,40.0,399,158.49253845214844,0.6715927720069885,0.9821482300758362,81.80000305175781,121.80000305175781,True,False,0.6981567740440369,85.03549720916908,GRU,1
test_08,A3,test,8,40.099998474121094,400,158.49253845214844,0.6707717180252075,0.9799467325210571,81.69999694824219,121.80000305175781,True,False,0.6945351362228394,84.59438171149486,GRU,1
test_08,A3,test,8,40.20000076293945,401,158.49253845214844,0.6699507236480713,0.9766442179679871,81.5999984741211,121.80000305175781,True,False,0.6858751773834229,83.53959869842583,GRU,1
test_08,A3,test,8,40.29999923706055,402,158.49253845214844,0.6691297292709351,0.974442720413208,81.5,121.80000305175781,True,False,0.6798631548881531,82.80733434015474,GRU,1
test_08,A3,test,8,40.400001525878906,403,158.49253845214844,0.668308675289154,0.9723982810974121,81.4000015258789,121.80000305175781,True,False,0.672651469707489,81.92895106314154,GRU,1
test_08,A3,test,8,40.5,404,158.49253845214844,0.6674876809120178,0.9690959453582764,81.30000305175781,121.80000305175781,True,False,0.6652312874794006,81.02517284511578,GRU,1
test_08,A3,test,8,40.599998474121094,405,158.49253845214844,0.6666666269302368,0.9722411036491394,81.19999694824219,121.80000305175781,True,False,0.6637585759162903,80.84579657223458,GRU,1
test_08,A3,test,8,40.70000076293945,406,158.49253845214844,0.6658456325531006,0.9690959453582764,81.0999984741211,121.80000305175781,True,False,0.6637604832649231,80.84602888730387,GRU,1
test_08,A3,test,8,40.79999923706055,407,158.49253845214844,0.6650246381759644,0.9657935500144958,81.0,121.80000305175781,True,False,0.656039297580719,79.90558844740463,GRU,1
test_08,A3,test,8,40.900001525878906,408,158.49253845214844,0.6642035841941833,0.9635919332504272,80.9000015258789,121.80000305175781,True,False,0.6501330733299255,79.18621031563362,GRU,1
test_08,A3,test,8,41.0,409,158.49253845214844,0.6633825898170471,0.9602895975112915,80.80000305175781,121.80000305175781,True,False,0.643165647983551,78.3375778871823,GRU,1
test_08,A3,test,8,41.099998474121094,410,158.49253845214844,0.6625615358352661,0.9591888189315796,80.69999694824219,121.80000305175781,True,False,0.6382808089256287,77.74260447502002,GRU,1
test_08,A3,test,8,41.20000076293945,411,158.49253845214844,0.6617405414581299,0.9593459963798523,80.5999984741211,121.80000305175781,True,False,0.6389638781547546,77.82580230921212,GRU,1
test_08,A3,test,8,41.29999923706055,412,158.49253845214844,0.6609195470809937,0.9591888189315796,80.5,121.80000305175781,True,False,0.6359509229660034,77.45882435802741,GRU,1
test_08,A3,test,8,41.400001525878906,413,158.49253845214844,0.6600984930992126,0.9591888189315796,80.4000015258789,121.80000305175781,True,False,0.6378713250160217,77.69272933358025,GRU,1
test_08,A3,test,8,41.5,414,158.49253845214844,0.6592774987220764,0.9568299651145935,80.30000305175781,121.80000305175781,True,False,0.6348358988761902,77.32301442048538,GRU,1
test_08,A3,test,8,41.599998474121094,415,158.49253845214844,0.6584564447402954,0.9591888189315796,80.19999694824219,121.80000305175781,True,False,0.635876476764679,77.4497568104789,GRU,1
test_08,A3,test,8,41.70000076293945,416,158.49253845214844,0.6576354503631592,0.9591888189315796,80.0999984741211,121.80000305175781,True,False,0.6365689635276794,77.53410170032566,GRU,1
test_08,A3,test,8,41.79999923706055,417,158.49253845214844,0.656814455986023,0.9591888189315796,80.0,121.80000305175781,True,False,0.6360532641410828,77.4712895134644,GRU,1
test_08,A3,test,8,41.900001525878906,418,158.49253845214844,0.6559934020042419,0.9602895975112915,79.9000015258789,121.80000305175781,True,False,0.6405272483825684,78.01622080773086,GRU,1
test_08,A3,test,8,42.0,419,158.49253845214844,0.6551724076271057,0.9595033526420593,79.80000305175781,121.80000305175781,True,False,0.6392003893852234,77.85460937780499,GRU,1
test_08,A3,test,8,42.099998474121094,420,158.49253845214844,0.6543513536453247,0.9593459963798523,79.69999694824219,121.80000305175781,True,False,0.6376588940620422,77.66685524273726,GRU,1
test_08,A3,test,8,42.20000076293945,421,158.49253845214844,0.6535303592681885,0.9678378701210022,79.5999984741211,121.80000305175781,True,False,0.6459362506866455,78.67503730487442,GRU,1
test_08,A3,test,8,42.29999923706055,422,158.49253845214844,0.6527093648910522,0.9602895975112915,79.5,121.80000305175781,True,False,0.6414005160331726,78.12258481023946,GRU,1
test_08,A3,test,8,42.400001525878906,423,158.49253845214844,0.6518883109092712,0.9624912142753601,79.4000015258789,121.80000305175781,True,False,0.639188826084137,77.85320096769738,GRU,1
test_08,A3,test,8,42.5,424,158.49253845214844,0.651067316532135,0.9632773995399475,79.30000305175781,121.80000305175781,True,False,0.641793966293335,78.17050705312795,GRU,1
test_08,A3,test,8,42.599998474121094,425,158.49253845214844,0.650246262550354,0.9624912142753601,79.19999694824219,121.80000305175781,True,False,0.6435621380805969,78.38587038221249,GRU,1
test_08,A3,test,8,42.70000076293945,426,158.49253845214844,0.6494252681732178,0.9602895975112915,79.0999984741211,121.80000305175781,True,False,0.6426764130592346,78.27798907190754,GRU,1
test_08,A3,test,8,42.79999923706055,427,158.49253845214844,0.6486042737960815,0.9593459963798523,79.0,121.80000305175781,True,False,0.6397536396980286,77.92199526759305,GRU,1
test_08,A3,test,8,42.900001525878906,428,158.49253845214844,0.6477832198143005,0.9538421630859375,78.9000015258789,121.80000305175781,True,False,0.6282173991203308,76.51688113002365,GRU,1
test_08,A3,test,8,43.0,429,158.49253845214844,0.6469622254371643,0.9514831900596619,78.80000305175781,121.80000305175781,True,False,0.6221036314964294,75.77222421477472,GRU,1
test_08,A3,test,8,43.099998474121094,430,158.49253845214844,0.6461411714553833,0.9514831900596619,78.69999694824219,121.80000305175781,True,False,0.619009256362915,75.39532931406939,GRU,1
test_08,A3,test,8,43.20000076293945,431,158.49253845214844,0.6453201770782471,0.9505396485328674,78.5999984741211,121.80000305175781,True,False,0.617387592792511,75.19781068624525,GRU,1
test_08,A3,test,8,43.29999923706055,432,158.49253845214844,0.6444991827011108,0.9516405463218689,78.5,121.80000305175781,True,False,0.6184124946594238,75.32264373676298,GRU,1
test_08,A3,test,8,43.400001525878906,433,158.49253845214844,0.6436781287193298,0.9516405463218689,78.4000015258789,121.80000305175781,True,False,0.6164839863777161,75.08775142216564,GRU,1
test_08,A3,test,8,43.5,434,158.49253845214844,0.6428571343421936,0.9505396485328674,78.30000305175781,121.80000305175781,True,False,0.6173958778381348,75.19881980482751,GRU,1
test_08,A3,test,8,43.599998474121094,435,158.49253845214844,0.6420360803604126,0.9395318031311035,78.19999694824219,121.80000305175781,True,False,0.595782458782196,72.56630529785525,GRU,1
test_08,A3,test,8,43.70000076293945,436,158.49253845214844,0.6412150859832764,0.9472373127937317,78.0999984741211,121.80000305175781,True,False,0.5914266109466553,72.03576301819339,GRU,1
test_08,A3,test,8,43.79999923706055,437,158.49253845214844,0.6403940916061401,0.956987202167511,78.0,121.80000305175781,True,False,0.6050733327865601,73.69793377994029,GRU,1
test_08,A3,test,8,43.900001525878906,438,158.49253845214844,0.6395730376243591,0.9395318031311035,77.9000015258789,121.80000305175781,True,False,0.5810463428497314,70.77144633231,GRU,1
test_08,A3,test,8,44.0,439,158.49253845214844,0.6387520432472229,0.9481808543205261,77.80000305175781,121.80000305175781,True,False,0.5807531476020813,70.73573515025146,GRU,1
test_08,A3,test,8,44.099998474121094,440,158.49253845214844,0.6379309892654419,0.9505396485328674,77.69999694824219,121.80000305175781,True,False,0.5975391268730164,72.78026747667809,GRU,1
test_08,A3,test,8,44.20000076293945,441,158.49253845214844,0.6371099948883057,0.9516405463218689,77.5999984741211,121.80000305175781,True,False,0.6049148440361023,73.67862984965086,GRU,1
test_08,A3,test,8,44.29999923706055,442,158.49253845214844,0.6362890005111694,0.9483381509780884,77.5,121.80000305175781,True,False,0.6053828001022339,73.73562689993378,GRU,1
test_08,A3,test,8,44.400001525878906,443,158.49253845214844,0.6354680061340332,0.9450357556343079,77.4000015258789,121.80000305175781,True,False,0.6002808809280396,73.11421312894709,GRU,1
test_08,A3,test,8,44.5,444,158.49253845214844,0.6346469521522522,0.9450357556343079,77.30000305175781,121.80000305175781,True,False,0.5982711911201477,72.86943290421277,GRU,1
test_08,A3,test,8,44.599998474121094,445,158.49253845214844,0.6338258981704712,0.9415760636329651,77.19999694824219,121.80000305175781,True,False,0.5941469073295593,72.36709512593279,GRU,1
test_08,A3,test,8,44.70000076293945,446,158.49253845214844,0.633004903793335,0.9395318031311035,77.0999984741211,121.80000305175781,True,False,0.5895106196403503,71.80239527123831,GRU,1
test_08,A3,test,8,44.79999923706055,447,158.49253845214844,0.6321839094161987,0.9363865852355957,77.0,121.80000305175781,True,False,0.5846220850944519,71.20697174862926,GRU,1
test_08,A3,test,8,44.900001525878906,448,158.49253845214844,0.6313629150390625,0.9349713325500488,76.9000015258789,121.80000305175781,True,False,0.5789888501167297,70.52084371115143,GRU,1
test_08,A3,test,8,45.0,449,158.49253845214844,0.6305418610572815,0.9338704943656921,76.80000305175781,121.80000305175781,True,False,0.5778868198394775,70.38661642001898,GRU,1
test_08,A3,test,8,45.099998474121094,450,158.49253845214844,0.6297208070755005,0.93308424949646,76.69999694824219,121.80000305175781,True,False,0.5749892592430115,70.03369353052676,GRU,1
test_08,A3,test,8,45.20000076293945,451,158.49253845214844,0.6288998126983643,0.9275802373886108,76.5999984741211,121.80000305175781,True,False,0.5688274502754211,69.28318517946991,GRU,1
test_08,A3,test,8,45.29999923706055,452,158.49253845214844,0.628078818321228,0.9297818541526794,76.5,121.80000305175781,True,False,0.5652317404747009,68.84522771476895,GRU,1
test_08,A3,test,8,45.400001525878906,453,158.49253845214844,0.6272578239440918,0.9283666014671326,76.4000015258789,121.80000305175781,True,False,0.5649166703224182,68.8068521692594,GRU,1
test_08,A3,test,8,45.5,454,158.49253845214844,0.6264367699623108,0.9297818541526794,76.30000305175781,121.80000305175781,True,False,0.5670425295829773,69.0657818336831,GRU,1
test_08,A3,test,8,45.599998474121094,455,158.49253845214844,0.6256157159805298,0.9308826327323914,76.19999694824219,121.80000305175781,True,False,0.5693450570106506,69.34622968140047,GRU,1
test_08,A3,test,8,45.70000076293945,456,158.49253845214844,0.6247947216033936,0.9299390912055969,76.0999984741211,121.80000305175781,True,False,0.5685189962387085,69.24561547685698,GRU,1
test_08,A3,test,8,45.79999923706055,457,158.49253845214844,0.6239737272262573,0.9341849684715271,76.0,121.80000305175781,True,False,0.5717640519142151,69.64086326803681,GRU,1
test_08,A3,test,8,45.900001525878906,458,158.49253845214844,0.6231527328491211,0.93308424949646,75.9000015258789,121.80000305175781,True,False,0.5751791000366211,70.05681613976776,GRU,1
test_08,A3,test,8,46.0,459,158.49253845214844,0.6223316788673401,0.9308826327323914,75.80000305175781,121.80000305175781,True,False,0.5729750394821167,69.78836155750287,GRU,1
test_08,A3,test,8,46.099998474121094,460,158.49253845214844,0.6215106248855591,0.9297818541526794,75.69999694824219,121.80000305175781,True,False,0.5695028901100159,69.36545375338483,GRU,1
test_08,A3,test,8,46.20000076293945,461,158.49253845214844,0.6206896305084229,0.9297818541526794,75.5999984741211,121.80000305175781,True,False,0.570960283279419,69.54296424586573,GRU,1
test_08,A3,test,8,46.29999923706055,462,158.49253845214844,0.6198686361312866,0.9297818541526794,75.5,121.80000305175781,True,False,0.5690751075744629,69.31334983924899,GRU,1
test_08,A3,test,8,46.400001525878906,463,158.49253845214844,0.6190476417541504,0.9277375340461731,75.4000015258789,121.80000305175781,True,False,0.5674523711204529,69.11570053419837,GRU,1
test_08,A3,test,8,46.5,464,158.49253845214844,0.6182265877723694,0.9253787398338318,75.30000305175781,121.80000305175781,True,False,0.5629156231880188,68.56312462218284,GRU,1
test_08,A3,test,8,46.599998474121094,465,158.49253845214844,0.6174055337905884,0.9253787398338318,75.19999694824219,121.80000305175781,True,False,0.5599824786186218,68.20586760467904,GRU,1
test_08,A3,test,8,46.70000076293945,466,158.49253845214844,0.6165845394134521,0.9245923757553101,75.0999984741211,121.80000305175781,True,False,0.5591461062431335,68.10399744679216,GRU,1
test_08,A3,test,8,46.79999923706055,467,158.49253845214844,0.6157635450363159,0.9242779016494751,75.0,121.80000305175781,True,False,0.5585550665855408,68.03200881469365,GRU,1
test_08,A3,test,8,46.900001525878906,468,158.49253845214844,0.6149425506591797,0.9242779016494751,74.9000015258789,121.80000305175781,True,False,0.5586483478546143,68.04337047355148,GRU,1
test_08,A3,test,8,47.0,469,158.49253845214844,0.6141214966773987,0.9209755063056946,74.80000305175781,121.80000305175781,True,False,0.5552416443824768,67.6284339802487,GRU,1
test_08,A3,test,8,47.099998474121094,470,158.49253845214844,0.6133004426956177,0.9194028973579407,74.69999694824219,121.80000305175781,True,False,0.551587700843811,67.18338364608826,GRU,1
test_08,A3,test,8,47.20000076293945,471,158.49253845214844,0.6124794483184814,0.9198747277259827,74.5999984741211,121.80000305175781,True,False,0.5496562123298645,66.94812833919514,GRU,1
test_08,A3,test,8,47.29999923706055,472,158.49253845214844,0.6116584539413452,0.9211326837539673,74.5,121.80000305175781,True,False,0.5501014590263367,67.00235938818423,GRU,1
test_08,A3,test,8,47.400001525878906,473,158.49253845214844,0.610837459564209,0.9253787398338318,74.4000015258789,121.80000305175781,True,False,0.5526987910270691,67.31871443379987,GRU,1
test_08,A3,test,8,47.5,474,158.49253845214844,0.610016405582428,0.9220762848854065,74.30000305175781,121.80000305175781,True,False,0.554815948009491,67.5765841607199,GRU,1
test_08,A3,test,8,47.599998474121094,475,158.49253845214844,0.609195351600647,0.9189310669898987,74.19999694824219,121.80000305175781,True,False,0.5502062439918518,67.01512219730375,GRU,1
test_08,A3,test,8,47.70000076293945,476,158.49253845214844,0.6083743572235107,0.9209755063056946,74.0999984741211,121.80000305175781,True,False,0.5491140484809875,66.88209278074737,GRU,1
test_08,A3,test,8,47.79999923706055,477,158.49253845214844,0.6075533628463745,0.9189310669898987,74.0,121.80000305175781,True,False,0.5485846400260925,66.81761082932553,GRU,1
test_08,A3,test,8,47.900001525878906,478,158.49253845214844,0.6067323684692383,0.9189310669898987,73.9000015258789,121.80000305175781,True,False,0.5485249161720276,66.81033646371816,GRU,1
test_08,A3,test,8,48.0,479,158.49253845214844,0.6059113144874573,0.9189310669898987,73.80000305175781,121.80000305175781,True,False,0.5464970469474792,66.5633419859796,GRU,1
test_08,A3,test,8,48.099998474121094,480,158.49253845214844,0.6050902605056763,0.9190884232521057,73.69999694824219,121.80000305175781,True,False,0.5485407114028931,66.81226032288578,GRU,1
test_08,A3,test,8,48.20000076293945,481,158.49253845214844,0.60426926612854,0.9156288504600525,73.5999984741211,121.80000305175781,True,False,0.5443055033683777,66.29641197135697,GRU,1
test_08,A3,test,8,48.29999923706055,482,158.49253845214844,0.6034482717514038,0.9209755063056946,73.5,121.80000305175781,True,False,0.5446696877479553,66.34076962990093,GRU,1
test_08,A3,test,8,48.400001525878906,483,158.49253845214844,0.6026272773742676,0.9209755063056946,73.4000015258789,121.80000305175781,True,False,0.5487529635429382,66.83811263419102,GRU,1
test_08,A3,test,8,48.5,484,158.49253845214844,0.6018062233924866,0.9220762848854065,73.30000305175781,121.80000305175781,True,False,0.5509670972824097,67.10779413041564,GRU,1
test_08,A3,test,8,48.599998474121094,485,158.49253845214844,0.6009851694107056,0.9211326837539673,73.19999694824219,121.80000305175781,True,False,0.5527121424674988,67.32034063928495,GRU,1
test_08,A3,test,8,48.70000076293945,486,158.49253845214844,0.6001641750335693,0.9189310669898987,73.0999984741211,121.80000305175781,True,False,0.5507314801216125,67.0790959595115,GRU,1
test_08,A3,test,8,48.79999923706055,487,158.49253845214844,0.5993431806564331,0.9189310669898987,73.0,121.80000305175781,True,False,0.5493784546852112,66.91429745722871,GRU,1
test_08,A3,test,8,48.900001525878906,488,158.49253845214844,0.5985221862792969,0.9212900400161743,72.9000015258789,121.80000305175781,True,False,0.5495076775550842,66.9300368031736,GRU,1
test_08,A3,test,8,49.0,489,158.49253845214844,0.5977011322975159,0.9209755063056946,72.80000305175781,121.80000305175781,True,False,0.550800621509552,67.08751738077353,GRU,1
test_08,A3,test,8,49.099998474121094,490,158.49253845214844,0.5968800783157349,0.9209755063056946,72.69999694824219,121.80000305175781,True,False,0.5520111918449402,67.23496485131818,GRU,1
test_08,A3,test,8,49.20000076293945,491,158.49253845214844,0.5960590839385986,0.9236488342285156,72.5999984741211,121.80000305175781,True,False,0.5537261366844177,67.44384513800014,GRU,1
test_08,A3,test,8,49.29999923706055,492,158.49253845214844,0.5952380895614624,0.9242779016494751,72.5,121.80000305175781,True,False,0.5582032203674316,67.98915394425421,GRU,1
test_08,A3,test,8,49.400001525878906,493,158.49253845214844,0.5944170951843262,0.9211326837539673,72.4000015258789,121.80000305175781,True,False,0.5547252893447876,67.56554193508236,GRU,1
test_08,A3,test,8,49.5,494,158.49253845214844,0.5935960412025452,0.9244350790977478,72.30000305175781,121.80000305175781,True,False,0.5553006529808044,67.63562122770509,GRU,1
test_08,A3,test,8,49.599998474121094,495,158.49253845214844,0.5927749872207642,0.9200319647789001,72.19999694824219,121.80000305175781,True,False,0.5530837774276733,67.36560577856835,GRU,1
test_08,A3,test,8,49.70000076293945,496,158.49253845214844,0.5919539928436279,0.9198747277259827,72.0999984741211,121.80000305175781,True,False,0.5496676564216614,66.94952222961092,GRU,1
test_08,A3,test,8,49.79999923706055,497,158.49253845214844,0.5911329984664917,0.9209755063056946,72.0,121.80000305175781,True,False,0.5504419207572937,67.0438276280538,GRU,1
test_08,A3,test,8,49.900001525878906,498,158.49253845214844,0.5903120040893555,0.9156288504600525,71.9000015258789,121.80000305175781,True,False,0.545289933681488,66.41631558649806,GRU,1
test_08,A3,test,8,50.0,499,158.49253845214844,0.5894909501075745,0.9123263359069824,71.80000305175781,121.80000305175781,True,False,0.5374583601951599,65.46242991196323,GRU,1
test_08,A3,test,8,50.099998474121094,500,158.49253845214844,0.5886698961257935,0.9079232215881348,71.69999694824219,121.80000305175781,True,False,0.5296210050582886,64.50784003237459,GRU,1
test_08,A3,test,8,50.20000076293945,501,158.49253845214844,0.5878489017486572,0.9047780632972717,71.5999984741211,121.80000305175781,True,False,0.5228657126426697,63.68504539553669,GRU,1
test_08,A3,test,8,50.29999923706055,502,158.49253845214844,0.587027907371521,0.9036772847175598,71.5,121.80000305175781,True,False,0.519083559513092,63.22437913281192,GRU,1
test_08,A3,test,8,50.400001525878906,503,158.49253845214844,0.5862069129943848,0.8992741703987122,71.4000015258789,121.80000305175781,True,False,0.5127694010734558,62.45531461559494,GRU,1
test_08,A3,test,8,50.5,504,158.49253845214844,0.5853859186172485,0.8992741703987122,71.30000305175781,121.80000305175781,True,False,0.5088562965393066,61.97869847139373,GRU,1
test_08,A3,test,8,50.599998474121094,505,158.49253845214844,0.5845648050308228,0.8992741703987122,71.19999694824219,121.80000305175781,True,False,0.5080041289329529,61.87490445433923,GRU,1
test_08,A3,test,8,50.70000076293945,506,158.49253845214844,0.5837438106536865,0.898016095161438,71.0999984741211,121.80000305175781,True,False,0.5066301226615906,61.70755048629417,GRU,1
test_08,A3,test,8,50.79999923706055,507,158.49253845214844,0.5829228162765503,0.898016095161438,71.0,121.80000305175781,True,False,0.5043188333511353,61.426035441227214,GRU,1
test_08,A3,test,8,50.900001525878906,508,158.49253845214844,0.5821018218994141,0.8959716558456421,70.9000015258789,121.80000305175781,True,False,0.5042065382003784,61.41235789152233,GRU,1
test_08,A3,test,8,51.0,509,158.49253845214844,0.5812808275222778,0.8959716558456421,70.80000305175781,121.80000305175781,True,False,0.5033020973205566,61.302196989599906,GRU,1
test_08,A3,test,8,51.099998474121094,510,158.49253845214844,0.580459713935852,0.894870936870575,70.69999694824219,121.80000305175781,True,False,0.5011742115020752,61.043020490415074,GRU,1
test_08,A3,test,8,51.20000076293945,511,158.49253845214844,0.5796387195587158,0.8926693201065063,70.5999984741211,121.80000305175781,True,False,0.4999173879623413,60.889939379439966,GRU,1
test_08,A3,test,8,51.29999923706055,512,158.49253845214844,0.5788177251815796,0.8904677033424377,70.5,121.80000305175781,True,False,0.4924889802932739,59.98515930267786,GRU,1
test_08,A3,test,8,51.400001525878906,513,158.49253845214844,0.5779967308044434,0.8958144783973694,70.4000015258789,121.80000305175781,True,False,0.4916785955429077,59.886454437610155,GRU,1
test_08,A3,test,8,51.5,514,158.49253845214844,0.5771757364273071,0.8958144783973694,70.30000305175781,121.80000305175781,True,False,0.49596935510635376,60.40906896553224,GRU,1
test_08,A3,test,8,51.599998474121094,515,158.49253845214844,0.5763546228408813,0.8958144783973694,70.19999694824219,121.80000305175781,True,False,0.4998881220817566,60.886374795095435,GRU,1
test_08,A3,test,8,51.70000076293945,516,158.49253845214844,0.5755336284637451,0.8950281143188477,70.0999984741211,121.80000305175781,True,False,0.5009819269180298,61.01960022749154,GRU,1
test_08,A3,test,8,51.79999923706055,517,158.49253845214844,0.5747126340866089,0.894870936870575,70.0,121.80000305175781,True,False,0.4998322129249573,60.87956505962666,GRU,1
test_08,A3,test,8,51.900001525878906,518,158.49253845214844,0.5738916397094727,0.8981732726097107,69.9000015258789,121.80000305175781,True,False,0.5016973614692688,61.10674015801578,GRU,1
test_08,A3,test,8,52.0,519,158.49253845214844,0.5730706453323364,0.894870936870575,69.80000305175781,121.80000305175781,True,False,0.502830982208252,61.244815167483466,GRU,1
test_08,A3,test,8,52.099998474121094,520,158.49253845214844,0.5722495317459106,0.8931411504745483,69.69999694824219,121.80000305175781,True,False,0.4997900724411011,60.87443234856437,GRU,1
test_08,A3,test,8,52.20000076293945,521,158.49253845214844,0.5714285373687744,0.8936128616333008,69.5999984741211,121.80000305175781,True,False,0.4968750476837158,60.519382324218896,GRU,1
test_08,A3,test,8,52.29999923706055,522,158.49253845214844,0.5706075429916382,0.8947136402130127,69.5,121.80000305175781,True,False,0.49757975339889526,60.60521548247834,GRU,1
test_08,A3,test,8,52.400001525878906,523,158.49253845214844,0.569786548614502,0.8926693201065063,69.4000015258789,121.80000305175781,True,False,0.49732619524002075,60.57433209795363,GRU,1
test_08,A3,test,8,52.5,524,158.49253845214844,0.5689655542373657,0.894870936870575,69.30000305175781,121.80000305175781,True,False,0.4968101382255554,60.51147635201687,GRU,1
test_08,A3,test,8,52.599998474121094,525,158.49253845214844,0.5681444406509399,0.8895241618156433,69.19999694824219,121.80000305175781,True,False,0.4938752055168152,60.154001539135606,GRU,1
test_08,A3,test,8,52.70000076293945,526,158.49253845214844,0.5673234462738037,0.8926693201065063,69.0999984741211,121.80000305175781,True,False,0.49019330739974976,59.705546337240776,GRU,1
test_08,A3,test,8,52.79999923706055,527,158.49253845214844,0.5665024518966675,0.894870936870575,69.0,121.80000305175781,True,False,0.4948578476905823,60.273687358899224,GRU,1
test_08,A3,test,8,52.900001525878906,528,158.49253845214844,0.5656814575195312,0.894870936870575,68.9000015258789,121.80000305175781,True,False,0.49842798709869385,60.708530349702414,GRU,1
test_08,A3,test,8,53.0,529,158.49253845214844,0.564860463142395,0.8926693201065063,68.80000305175781,121.80000305175781,True,False,0.4983082413673401,60.69394531925809,GRU,1
test_08,A3,test,8,53.099998474121094,530,158.49253845214844,0.5640393495559692,0.8904677033424377,68.69999694824219,121.80000305175781,True,False,0.49587440490722656,60.397504030988785,GRU,1
test_08,A3,test,8,53.20000076293945,531,158.49253845214844,0.563218355178833,0.887165367603302,68.5999984741211,121.80000305175781,True,False,0.48988133668899536,59.66754830371883,GRU,1
test_08,A3,test,8,53.29999923706055,532,158.49253845214844,0.5623973608016968,0.8860645890235901,68.5,121.80000305175781,True,False,0.48682135343551636,59.29484233410676,GRU,1
test_08,A3,test,8,53.400001525878906,533,158.49253845214844,0.5615763664245605,0.8840202689170837,68.4000015258789,121.80000305175781,True,False,0.4842161536216736,58.97752898883027,GRU,1
test_08,A3,test,8,53.5,534,158.49253845214844,0.5607553720474243,0.8840202689170837,68.30000305175781,121.80000305175781,True,False,0.4816698431968689,58.66738837131834,GRU,1
test_08,A3,test,8,53.599998474121094,535,158.49253845214844,0.5599342584609985,0.8838629126548767,68.19999694824219,121.80000305175781,True,False,0.48060840368270874,58.538105035254375,GRU,1
test_08,A3,test,8,53.70000076293945,536,158.49253845214844,0.5591132640838623,0.8838629126548767,68.0999984741211,121.80000305175781,True,False,0.47913914918899536,58.35914983343628,GRU,1
test_08,A3,test,8,53.79999923706055,537,158.49253845214844,0.5582922697067261,0.8870081305503845,68.0,121.80000305175781,True,False,0.48183125257492065,58.687048034057625,GRU,1
test_08,A3,test,8,53.900001525878906,538,158.49253845214844,0.5574712753295898,0.8838629126548767,67.9000015258789,121.80000305175781,True,False,0.482932448387146,58.821173687347255,GRU,1
test_08,A3,test,8,54.0,539,158.49253845214844,0.5566502809524536,0.8816613554954529,67.80000305175781,121.80000305175781,True,False,0.47924739122390747,58.3723337136189,GRU,1
test_08,A3,test,8,54.099998474121094,540,158.49253845214844,0.5558291673660278,0.880560576915741,67.69999694824219,121.80000305175781,True,False,0.47705501317977905,58.10530206115345,GRU,1
test_08,A3,test,8,54.20000076293945,541,158.49253845214844,0.5550081729888916,0.8807178735733032,67.5999984741211,121.80000305175781,True,False,0.47287899255752563,57.59666273661878,GRU,1
test_08,A3,test,8,54.29999923706055,542,158.49253845214844,0.5541871786117554,0.8783590197563171,67.5,121.80000305175781,True,False,0.47303158044815063,57.61524794216257,GRU,1
test_08,A3,test,8,54.400001525878906,543,158.49253845214844,0.5533661842346191,0.8783590197563171,67.4000015258789,121.80000305175781,True,False,0.47009432315826416,57.2574899952906,GRU,1
test_08,A3,test,8,54.5,544,158.49253845214844,0.5525451898574829,0.8772581815719604,67.30000305175781,121.80000305175781,True,False,0.46971529722213745,57.21132463511367,GRU,1
test_08,A3,test,8,54.599998474121094,545,158.49253845214844,0.5517240762710571,0.8782017230987549,67.19999694824219,121.80000305175781,True,False,0.47011250257492065,57.25970424829484,GRU,1
test_08,A3,test,8,54.70000076293945,546,158.49253845214844,0.5509030818939209,0.8771010041236877,67.0999984741211,121.80000305175781,True,False,0.467338502407074,56.921831019385536,GRU,1
test_08,A3,test,8,54.79999923706055,547,158.49253845214844,0.5500820875167847,0.8752138614654541,67.0,121.80000305175781,True,False,0.4670485258102417,56.886511869006426,GRU,1
test_08,A3,test,8,54.900001525878906,548,158.49253845214844,0.5492610931396484,0.8774154782295227,66.9000015258789,121.80000305175781,True,False,0.46645432710647583,56.81413846507439,GRU,1
test_08,A3,test,8,55.0,549,158.49253845214844,0.5484400987625122,0.8785162568092346,66.80000305175781,121.80000305175781,True,False,0.4666239619255066,56.834799986550024,GRU,1
test_08,A3,test,8,55.099998474121094,550,158.49253845214844,0.5476189851760864,0.8777299523353577,66.69999694824219,121.80000305175781,True,False,0.46919965744018555,57.14851970809832,GRU,1
test_08,A3,test,8,55.20000076293945,551,158.49253845214844,0.5467979907989502,0.8785162568092346,66.5999984741211,121.80000305175781,True,False,0.4695175290107727,57.1872364663659,GRU,1
test_08,A3,test,8,55.29999923706055,552,158.49253845214844,0.545976996421814,0.8838629126548767,66.5,121.80000305175781,True,False,0.4720532298088074,57.49608483130487,GRU,1
test_08,A3,test,8,55.400001525878906,553,158.49253845214844,0.5451560020446777,0.880560576915741,66.4000015258789,121.80000305175781,True,False,0.4759294390678406,57.968207130884366,GRU,1
test_08,A3,test,8,55.5,554,158.49253845214844,0.5443350076675415,0.8783590197563171,66.30000305175781,121.80000305175781,True,False,0.4734817147254944,57.67007429851674,GRU,1
test_08,A3,test,8,55.599998474121094,555,158.49253845214844,0.5435138940811157,0.887165367603302,66.19999694824219,121.80000305175781,True,False,0.4701278805732727,57.26157728854105,GRU,1
test_08,A3,test,8,55.70000076293945,556,158.49253845214844,0.5426928997039795,0.8838629126548767,66.0999984741211,121.80000305175781,True,False,0.47982507944107056,58.44269614023233,GRU,1
test_08,A3,test,8,55.79999923706055,557,158.49253845214844,0.5418719053268433,0.8807178735733032,66.0,121.80000305175781,True,False,0.47757095098495483,58.16814328739838,GRU,1
test_08,A3,test,8,55.900001525878906,558,158.49253845214844,0.541050910949707,0.8752138614654541,65.9000015258789,121.80000305175781,True,False,0.4702033996582031,57.27077551331604,GRU,1
test_08,A3,test,8,56.0,559,158.49253845214844,0.5402299165725708,0.8697099089622498,65.80000305175781,121.80000305175781,True,False,0.46168166399002075,56.23282808292515,GRU,1
test_08,A3,test,8,56.099998474121094,560,158.49253845214844,0.539408802986145,0.8719115257263184,65.69999694824219,121.80000305175781,True,False,0.4578808546066284,55.76988948842882,GRU,1
test_08,A3,test,8,56.20000076293945,561,158.49253845214844,0.5385878086090088,0.8717542290687561,65.5999984741211,121.80000305175781,True,False,0.4577632546424866,55.75556581243745,GRU,1
test_08,A3,test,8,56.29999923706055,562,158.49253845214844,0.5377668142318726,0.8686090111732483,65.5,121.80000305175781,True,False,0.45683610439300537,55.642638909221205,GRU,1
test_08,A3,test,8,56.400001525878906,563,158.49253845214844,0.5369458198547363,0.8662502765655518,65.4000015258789,121.80000305175781,True,False,0.4522307515144348,55.08170691455689,GRU,1
test_08,A3,test,8,56.5,564,158.49253845214844,0.5361248254776001,0.8629478216171265,65.30000305175781,121.80000305175781,True,False,0.44935840368270874,54.731854939886944,GRU,1
test_08,A3,test,8,56.599998474121094,565,158.49253845214844,0.5353037118911743,0.8631051778793335,65.19999694824219,121.80000305175781,True,False,0.44526755809783936,54.23358993516558,GRU,1
test_08,A3,test,8,56.70000076293945,566,158.49253845214844,0.5344827175140381,0.8686090111732483,65.0999984741211,121.80000305175781,True,False,0.44531524181365967,54.239397811898016,GRU,1
test_08,A3,test,8,56.79999923706055,567,158.49253845214844,0.5336617231369019,0.8654639720916748,65.0,121.80000305175781,True,False,0.44835495948791504,54.6096354338988,GRU,1
test_08,A3,test,8,56.900001525878906,568,158.49253845214844,0.5328407287597656,0.8720687031745911,64.9000015258789,121.80000305175781,True,False,0.44908082485198975,54.69804583745827,GRU,1
test_08,A3,test,8,57.0,569,158.49253845214844,0.5320197343826294,0.8788307905197144,64.80000305175781,121.80000305175781,True,False,0.4570176303386688,55.66474876995699,GRU,1
test_08,A3,test,8,57.099998474121094,570,158.49253845214844,0.5311986207962036,0.8816613554954529,64.69999694824219,121.80000305175781,True,False,0.468164324760437,57.022416184545364,GRU,1
test_08,A3,test,8,57.20000076293945,571,158.49253845214844,0.5303776264190674,0.8697099089622498,64.5999984741211,121.80000305175781,True,False,0.4603346884250641,56.06876645500279,GRU,1
test_08,A3,test,8,57.29999923706055,572,158.49253845214844,0.5295566320419312,0.859802782535553,64.5,121.80000305175781,True,False,0.44726914167404175,54.47738282085538,GRU,1
test_08,A3,test,8,57.400001525878906,573,158.49253845214844,0.5287356376647949,0.8478512763977051,64.4000015258789,121.80000305175781,True,False,0.43155473470687866,52.563368004298354,GRU,1
test_08,A3,test,8,57.5,574,158.49253845214844,0.5279146432876587,0.8401457667350769,64.30000305175781,121.80000305175781,True,False,0.4192259907722473,51.061726955435915,GRU,1
test_08,A3,test,8,57.599998474121094,575,158.49253845214844,0.5270935297012329,0.8346417546272278,64.19999694824219,121.80000305175781,True,False,0.41085517406463623,50.04216145490318,GRU,1
test_08,A3,test,8,57.70000076293945,576,158.49253845214844,0.5262725353240967,0.8388876914978027,64.0999984741211,121.80000305175781,True,False,0.40328121185302734,49.11965283441532,GRU,1
test_08,A3,test,8,57.79999923706055,577,158.49253845214844,0.5254515409469604,0.8313392996788025,64.0,121.80000305175781,True,False,0.4025329053401947,49.02850909886865,GRU,1
test_08,A3,test,8,57.900001525878906,578,158.49253845214844,0.5246305465698242,0.824734628200531,63.900001525878906,121.80000305175781,True,False,0.3972855806350708,48.389384933771,GRU,1
test_08,A3,test,8,58.0,579,158.49253845214844,0.5238094925880432,0.8192306160926819,63.79999923706055,121.80000305175781,True,False,0.3912592828273773,47.65538184240313,GRU,1
test_08,A3,test,8,58.099998474121094,580,158.49253845214844,0.522988498210907,0.8160853385925293,63.70000076293945,121.80000305175781,True,False,0.38341134786605835,46.69950334016448,GRU,1
test_08,A3,test,8,58.20000076293945,581,158.49253845214844,0.522167444229126,0.8105815649032593,63.599998474121094,121.80000305175781,True,False,0.3789178133010864,46.152190816437724,GRU,1
test_08,A3,test,8,58.29999923706055,582,158.49253845214844,0.5213464498519897,0.807279109954834,63.5,121.80000305175781,True,False,0.37323665618896484,45.4602258628438,GRU,1
test_08,A3,test,8,58.400001525878906,583,158.49253845214844,0.5205254554748535,0.8017750978469849,63.400001525878906,121.80000305175781,True,False,0.36821413040161133,44.84848220661661,GRU,1
test_08,A3,test,8,58.5,584,158.49253845214844,0.5197044014930725,0.8039767146110535,63.29999923706055,121.80000305175781,True,False,0.36243897676467896,44.145068476013876,GRU,1
test_08,A3,test,8,58.599998474121094,585,158.49253845214844,0.5188834071159363,0.8039767146110535,63.20000076293945,121.80000305175781,True,False,0.3621308207511902,44.107535072630526,GRU,1
test_08,A3,test,8,58.70000076293945,586,158.49253845214844,0.5180623531341553,0.8019323348999023,63.099998474121094,121.80000305175781,True,False,0.3625921607017517,44.16372628001682,GRU,1
test_08,A3,test,8,58.79999923706055,587,158.49253845214844,0.517241358757019,0.8017750978469849,63.0,121.80000305175781,True,False,0.3609399199485779,43.962483351238006,GRU,1
test_08,A3,test,8,58.900001525878906,588,158.49253845214844,0.5164203643798828,0.803819477558136,62.900001525878906,121.80000305175781,True,False,0.35911989212036133,43.740803956206946,GRU,1
test_08,A3,test,8,59.0,589,158.49253845214844,0.5155993103981018,0.8039767146110535,62.79999923706055,121.80000305175781,True,False,0.3608555793762207,43.952210669267515,GRU,1
test_08,A3,test,8,59.099998474121094,590,158.49253845214844,0.5147783160209656,0.8017750978469849,62.70000076293945,121.80000305175781,True,False,0.36154982447624207,44.036769724568785,GRU,1
test_08,A3,test,8,59.20000076293945,591,158.49253845214844,0.5139572620391846,0.8017750978469849,62.599998474121094,121.80000305175781,True,False,0.3595704138278961,43.79567750155957,GRU,1
test_08,A3,test,8,59.29999923706055,592,158.49253845214844,0.5131362676620483,0.7997308373451233,62.5,121.80000305175781,True,False,0.3610874116420746,43.980447839956014,GRU,1
test_08,A3,test,8,59.400001525878906,593,158.49253845214844,0.5123152732849121,0.7995736002922058,62.400001525878906,121.80000305175781,True,False,0.3585778474807739,43.67478291745101,GRU,1
test_08,A3,test,8,59.5,594,158.49253845214844,0.5114942193031311,0.7995736002922058,62.29999923706055,121.80000305175781,True,False,0.3582039475440979,43.62924190402282,GRU,1
test_08,A3,test,8,59.599998474121094,595,158.49253845214844,0.5106732249259949,0.7986299395561218,62.20000076293945,121.80000305175781,True,False,0.3576197326183319,43.55808452428164,GRU,1
test_08,A3,test,8,59.70000076293945,596,158.49253845214844,0.5098521709442139,0.7995736002922058,62.099998474121094,121.80000305175781,True,False,0.35649538040161133,43.42113842085382,GRU,1
test_08,A3,test,8,59.79999923706055,597,158.49253845214844,0.5090311765670776,0.7991017699241638,62.0,121.80000305175781,True,False,0.3567332625389099,43.45011246590275,GRU,1
test_08,A3,test,8,59.900001525878906,598,158.49253845214844,0.5082101821899414,0.799888014793396,61.900001525878906,121.80000305175781,True,False,0.35644078254699707,43.414488401995186,GRU,1
test_08,A3,test,8,60.0,599,158.49253845214844,0.5073891282081604,0.8017750978469849,61.79999923706055,121.80000305175781,True,False,0.3567887544631958,43.45687138245012,GRU,1
test_08,A3,test,8,60.099998474121094,600,158.49253845214844,0.5065681338310242,0.8019323348999023,61.70000076293945,121.80000305175781,True,False,0.35883867740631104,43.70655200317742,GRU,1
test_08,A3,test,8,60.20000076293945,601,158.49253845214844,0.5057470798492432,0.7986299395561218,61.599998474121094,121.80000305175781,True,False,0.35973870754241943,43.8161756765021,GRU,1
test_08,A3,test,8,60.29999923706055,602,158.49253845214844,0.5049260854721069,0.7950130701065063,61.5,121.80000305175781,True,False,0.357559472322464,43.55074482006103,GRU,1
test_08,A3,test,8,60.400001525878906,603,158.49253845214844,0.5041050910949707,0.796113908290863,61.400001525878906,121.80000305175781,True,False,0.35230156779289246,42.91033203231336,GRU,1
test_08,A3,test,8,60.5,604,158.49253845214844,0.5032840371131897,0.796113908290863,61.29999923706055,121.80000305175781,True,False,0.35295814275741577,42.99030286499601,GRU,1
test_08,A3,test,8,60.599998474121094,605,158.49253845214844,0.5024630427360535,0.796113908290863,61.20000076293945,121.80000305175781,True,False,0.35349923372268677,43.0562077462173,GRU,1
test_08,A3,test,8,60.70000076293945,606,158.49253845214844,0.5016419887542725,0.796113908290863,61.099998474121094,121.80000305175781,True,False,0.3536071479320526,43.069351697247384,GRU,1
test_08,A3,test,8,60.79999923706055,607,158.49253845214844,0.5008209943771362,0.7950130701065063,61.0,121.80000305175781,True,False,0.3520057201385498,42.87429778711157,GRU,1
test_08,A3,test,8,60.900001525878906,608,158.49253845214844,0.5,0.7928114533424377,60.900001525878906,121.80000305175781,True,False,0.3514939248561859,42.811961120157775,GRU,1
test_08,A3,test,8,61.0,609,158.49253845214844,0.4991789758205414,0.8039767146110535,60.79999923706055,121.80000305175781,True,False,0.34571969509124756,42.10865991716673,GRU,1
test_08,A3,test,8,61.099998474121094,610,158.49253845214844,0.49835795164108276,0.796113908290863,60.70000076293945,121.80000305175781,True,False,0.3537229895591736,43.08346120778424,GRU,1
test_08,A3,test,8,61.20000076293945,611,158.49253845214844,0.49753692746162415,0.7917107939720154,60.599998474121094,121.80000305175781,True,False,0.3527536392211914,42.96539433365979,GRU,1
test_08,A3,test,8,61.29999923706055,612,158.49253845214844,0.4967159032821655,0.7840050458908081,60.5,121.80000305175781,True,False,0.3487235903739929,42.47453437177228,GRU,1
test_08,A3,test,8,61.400001525878906,613,158.49253845214844,0.4958949089050293,0.7786584496498108,60.400001525878906,121.80000305175781,True,False,0.34327346086502075,41.810708580946994,GRU,1
test_08,A3,test,8,61.5,614,158.49253845214844,0.4950738847255707,0.7775575518608093,60.29999923706055,121.80000305175781,True,False,0.338797390460968,41.26552319207349,GRU,1
test_08,A3,test,8,61.599998474121094,615,158.49253845214844,0.49425286054611206,0.7753559947013855,60.20000076293945,121.80000305175781,True,False,0.3358888626098633,40.91126449093281,GRU,1
test_08,A3,test,8,61.70000076293945,616,158.49253845214844,0.49343183636665344,0.7751988172531128,60.099998474121094,121.80000305175781,True,False,0.3333759307861328,40.60518938713358,GRU,1
test_08,A3,test,8,61.79999923706055,617,158.49253845214844,0.4926108121871948,0.7701665759086609,60.0,121.80000305175781,True,False,0.33234554529190063,40.47968843079161,GRU,1
test_08,A3,test,8,61.900001525878906,618,158.49253845214844,0.4917898178100586,0.7698520421981812,59.900001525878906,121.80000305175781,True,False,0.3291374444961548,40.08894174407942,GRU,1
test_08,A3,test,8,62.0,619,158.49253845214844,0.4909687936306,0.7696947455406189,59.79999923706055,121.80000305175781,True,False,0.3271749019622803,39.8499040574643,GRU,1
test_08,A3,test,8,62.099998474121094,620,158.49253845214844,0.49014776945114136,0.7687512636184692,59.70000076293945,121.80000305175781,True,False,0.3261078894138336,39.719941925807234,GRU,1
test_08,A3,test,8,62.20000076293945,621,158.49253845214844,0.48932674527168274,0.7665497660636902,59.599998474121094,121.80000305175781,True,False,0.3246971368789673,39.54811226275524,GRU,1
test_08,A3,test,8,62.29999923706055,622,158.49253845214844,0.4885057210922241,0.7665497660636902,59.5,121.80000305175781,True,False,0.3231393098831177,39.358368929906646,GRU,1
test_08,A3,test,8,62.400001525878906,623,158.49253845214844,0.4876847267150879,0.7665497660636902,59.400001525878906,121.80000305175781,True,False,0.32233089208602905,39.25990363975416,GRU,1
test_08,A3,test,8,62.5,624,158.49253845214844,0.4868637025356293,0.7665497660636902,59.29999923706055,121.80000305175781,True,False,0.3228989243507385,39.32908997132927,GRU,1
test_08,A3,test,8,62.599998474121094,625,158.49253845214844,0.48604267835617065,0.7687512636184692,59.20000076293945,121.80000305175781,True,False,0.3219132721424103,39.209037529346915,GRU,1
test_08,A3,test,8,62.70000076293945,626,158.49253845214844,0.48522165417671204,0.7687512636184692,59.099998474121094,121.80000305175781,True,False,0.3244510889053345,39.518143618815884,GRU,1
test_08,A3,test,8,62.79999923706055,627,158.49253845214844,0.4844006299972534,0.7665497660636902,59.0,121.80000305175781,True,False,0.32594284415245056,39.6998394124671,GRU,1
test_08,A3,test,8,62.900001525878906,628,158.49253845214844,0.4835796356201172,0.7687512636184692,58.900001525878906,121.80000305175781,True,False,0.3219910264015198,39.21850799834374,GRU,1
test_08,A3,test,8,63.0,629,158.49253845214844,0.48275861144065857,0.7687512636184692,58.79999923706055,121.80000305175781,True,False,0.32245564460754395,39.275098497255385,GRU,1
test_08,A3,test,8,63.099998474121094,630,158.49253845214844,0.48193758726119995,0.7665497660636902,58.70000076293945,121.80000305175781,True,False,0.3244295120239258,39.51551555459446,GRU,1
test_08,A3,test,8,63.20000076293945,631,158.49253845214844,0.48111656308174133,0.7665497660636902,58.599998474121094,121.80000305175781,True,False,0.3222610056400299,39.251391470418184,GRU,1
test_08,A3,test,8,63.29999923706055,632,158.49253845214844,0.4802955687046051,0.7654489278793335,58.5,121.80000305175781,True,False,0.32198384404182434,39.217633186910916,GRU,1
test_08,A3,test,8,63.400001525878906,633,158.49253845214844,0.4794745445251465,0.7654489278793335,58.400001525878906,121.80000305175781,True,False,0.321879506111145,39.20492482663576,GRU,1
test_08,A3,test,8,63.5,634,158.49253845214844,0.47865352034568787,0.7654489278793335,58.29999923706055,121.80000305175781,True,False,0.32270267605781555,39.30518692865235,GRU,1
test_08,A3,test,8,63.599998474121094,635,158.49253845214844,0.47783249616622925,0.7687512636184692,58.20000076293945,121.80000305175781,True,False,0.3197445571422577,38.94488803570994,GRU,1
test_08,A3,test,8,63.70000076293945,636,158.49253845214844,0.47701147198677063,0.7687512636184692,58.099998474121094,121.80000305175781,True,False,0.32155680656433105,39.16562002084902,GRU,1
test_08,A3,test,8,63.79999923706055,637,158.49253845214844,0.4761904776096344,0.7665497660636902,58.0,121.80000305175781,True,False,0.3241196274757385,39.47777161567956,GRU,1
test_08,A3,test,8,63.900001525878906,638,158.49253845214844,0.4753694534301758,0.7698520421981812,57.900001525878906,121.80000305175781,True,False,0.3210099935531616,39.09901819441984,GRU,1
test_08,A3,test,8,64.0,639,158.49253845214844,0.47454842925071716,0.7665497660636902,57.79999923706055,121.80000305175781,True,False,0.3239845931529999,39.4613244347579,GRU,1
test_08,A3,test,8,64.0999984741211,640,158.49253845214844,0.47372740507125854,0.7667069435119629,57.70000076293945,121.80000305175781,True,False,0.3222024440765381,39.244258671806165,GRU,1
test_08,A3,test,8,64.19999694824219,641,158.49253845214844,0.4729063808917999,0.7720535397529602,57.599998474121094,121.80000305175781,True,False,0.31945186853408813,38.90923856234167,GRU,1
test_08,A3,test,8,64.30000305175781,642,158.49253845214844,0.4720853865146637,0.7753559947013855,57.5,121.80000305175781,True,False,0.32286345958709717,39.32477036300952,GRU,1
test_08,A3,test,8,64.4000015258789,643,158.49253845214844,0.4712643623352051,0.7818034291267395,57.400001525878906,121.80000305175781,True,False,0.3243928551673889,39.5110507493564,GRU,1
test_08,A3,test,8,64.5,644,158.49253845214844,0.47044333815574646,0.7865211963653564,57.29999923706055,121.80000305175781,True,False,0.3297397196292877,40.16229885713301,GRU,1
test_08,A3,test,8,64.5999984741211,645,158.49253845214844,0.46962231397628784,0.7720535397529602,57.20000076293945,121.80000305175781,True,False,0.3326360583305359,40.51507291978396,GRU,1
test_08,A3,test,8,64.69999694824219,646,158.49253845214844,0.4688012897968292,0.7638763189315796,57.099998474121094,121.80000305175781,True,False,0.32852602005004883,40.014470244677796,GRU,1
test_08,A3,test,8,64.80000305175781,647,158.49253845214844,0.467980295419693,0.7615174055099487,57.0,121.80000305175781,True,False,0.32324281334877014,39.370975652338984,GRU,1
test_08,A3,test,8,64.9000015258789,648,158.49253845214844,0.4671592712402344,0.7602594494819641,56.900001525878906,121.80000305175781,True,False,0.31966960430145264,38.93575877947114,GRU,1
test_08,A3,test,8,65.0,649,158.49253845214844,0.46633824706077576,0.7612029910087585,56.79999923706055,121.80000305175781,True,False,0.31690627336502075,38.59918506298072,GRU,1
test_08,A3,test,8,65.0999984741211,650,158.49253845214844,0.46551722288131714,0.7567998766899109,56.70000076293945,121.80000305175781,True,False,0.3166782855987549,38.57141615235378,GRU,1
test_08,A3,test,8,65.19999694824219,651,158.49253845214844,0.4646961987018585,0.7490942478179932,56.599998474121094,121.80000305175781,True,False,0.3143809139728546,38.2915962813081,GRU,1
test_08,A3,test,8,65.30000305175781,652,158.49253845214844,0.4638752043247223,0.7437474727630615,56.5,121.80000305175781,True,False,0.3107462227344513,37.84889087737838,GRU,1
test_08,A3,test,8,65.4000015258789,653,158.49253845214844,0.46305418014526367,0.740445077419281,56.400001525878906,121.80000305175781,True,False,0.3061261773109436,37.286169330695884,GRU,1
test_08,A3,test,8,65.5,654,158.49253845214844,0.46223315596580505,0.7349411845207214,56.29999923706055,121.80000305175781,True,False,0.30253976583480835,36.84934440195775,GRU,1
test_08,A3,test,8,65.5999984741211,655,158.49253845214844,0.46141213178634644,0.7316388487815857,56.20000076293945,121.80000305175781,True,False,0.29765287041664124,36.254120525111375,GRU,1
test_08,A3,test,8,65.69999694824219,656,158.49253845214844,0.4605911076068878,0.7283363342285156,56.099998474121094,121.80000305175781,True,False,0.2943326234817505,35.84971443830909,GRU,1
test_08,A3,test,8,65.80000305175781,657,158.49253845214844,0.4597701132297516,0.7283363342285156,56.0,121.80000305175781,True,False,0.29108715057373047,35.45441582820786,GRU,1
test_08,A3,test,8,65.9000015258789,658,158.49253845214844,0.45894908905029297,0.7261347770690918,55.900001525878906,121.80000305175781,True,False,0.28934866189956665,35.24266790238926,GRU,1
test_08,A3,test,8,66.0,659,158.49253845214844,0.45812806487083435,0.7250339388847351,55.79999923706055,121.80000305175781,True,False,0.2877415120601654,35.046917047045554,GRU,1
test_08,A3,test,8,66.0999984741211,660,158.49253845214844,0.45730704069137573,0.7228323221206665,55.70000076293945,121.80000305175781,True,False,0.28585362434387207,34.81697231743965,GRU,1
test_08,A3,test,8,66.19999694824219,661,158.49253845214844,0.4564860165119171,0.7217316627502441,55.599998474121094,121.80000305175781,True,False,0.2845229506492615,34.654896257375185,GRU,1
test_08,A3,test,8,66.30000305175781,662,158.49253845214844,0.4556650221347809,0.7217316627502441,55.5,121.80000305175781,True,False,0.28247594833374023,34.40557136909774,GRU,1
test_08,A3,test,8,66.4000015258789,663,158.49253845214844,0.45484399795532227,0.7217316627502441,55.400001525878906,121.80000305175781,True,False,0.2812314033508301,34.253985786381236,GRU,1
test_08,A3,test,8,66.5,664,158.49253845214844,0.45402297377586365,0.7228323221206665,55.29999923706055,121.80000305175781,True,False,0.28027603030204773,34.13762134612398,GRU,1
test_08,A3,test,8,66.5999984741211,665,158.49253845214844,0.4532019793987274,0.7228323221206665,55.20000076293945,121.80000305175781,True,False,0.2821575403213501,34.36678927221692,GRU,1
test_08,A3,test,8,66.69999694824219,666,158.49253845214844,0.4523809254169464,0.7225179672241211,55.099998474121094,121.80000305175781,True,False,0.28327399492263794,34.50277344606093,GRU,1
test_08,A3,test,8,66.80000305175781,667,158.49253845214844,0.4515599310398102,0.7217316627502441,55.0,121.80000305175781,True,False,0.2828974723815918,34.45691299941245,GRU,1
test_08,A3,test,8,66.9000015258789,668,158.49253845214844,0.45073890686035156,0.7173283696174622,54.900001525878906,121.80000305175781,True,False,0.28309762477874756,34.48129156199684,GRU,1
test_08,A3,test,8,67.0,669,158.49253845214844,0.44991788268089294,0.71654212474823,54.79999923706055,121.80000305175781,True,False,0.280122309923172,34.1188982035078,GRU,1
test_08,A3,test,8,67.0999984741211,670,158.49253845214844,0.4490968883037567,0.7154413461685181,54.70000076293945,121.80000305175781,True,False,0.2787070870399475,33.94652405201214,GRU,1
test_08,A3,test,8,67.19999694824219,671,158.49253845214844,0.4482758343219757,0.7140260934829712,54.599998474121094,121.80000305175781,True,False,0.27879518270492554,33.95725410427531,GRU,1
test_08,A3,test,8,67.30000305175781,672,158.49253845214844,0.4474548399448395,0.7140260934829712,54.5,121.80000305175781,True,False,0.277507483959198,33.80041239311595,GRU,1
test_08,A3,test,8,67.4000015258789,673,158.49253845214844,0.44663381576538086,0.716227650642395,54.400001525878906,121.80000305175781,True,False,0.2742948830127716,33.409117588037134,GRU,1
test_08,A3,test,8,67.5,674,158.49253845214844,0.44581279158592224,0.716227650642395,54.29999923706055,121.80000305175781,True,False,0.27622824907302856,33.644601580076596,GRU,1
test_08,A3,test,8,67.5999984741211,675,158.49253845214844,0.444991797208786,0.7129252552986145,54.20000076293945,121.80000305175781,True,False,0.2785348892211914,33.92555035716214,GRU,1
test_08,A3,test,8,67.69999694824219,676,158.49253845214844,0.444170743227005,0.7250339388847351,54.099998474121094,121.80000305175781,True,False,0.2672138214111328,32.546644263347844,GRU,1
test_08,A3,test,8,67.80000305175781,677,158.49253845214844,0.4433497488498688,0.7393442988395691,54.0,121.80000305175781,True,False,0.2668345272541046,32.500446233864295,GRU,1
test_08,A3,test,8,67.9000015258789,678,158.49253845214844,0.44252872467041016,0.7305378913879395,53.900001525878906,121.80000305175781,True,False,0.28456395864486694,34.65989103136508,GRU,1
test_08,A3,test,8,68.0,679,158.49253845214844,0.44170770049095154,0.7512958645820618,53.79999923706055,121.80000305175781,True,False,0.2690308094024658,32.76795340623721,GRU,1
test_08,A3,test,8,68.0999984741211,680,158.49253845214844,0.4408867061138153,0.7426468133926392,53.70000076293945,121.80000305175781,True,False,0.2906267046928406,35.3983335185103,GRU,1
test_08,A3,test,8,68.19999694824219,681,158.49253845214844,0.4400656521320343,0.7283363342285156,53.599998474121094,121.80000305175781,True,False,0.2955768406391144,36.001260091873064,GRU,1
test_08,A3,test,8,68.30000305175781,682,158.49253845214844,0.43924465775489807,0.716227650642395,53.5,121.80000305175781,True,False,0.29279059171676636,35.66189496462812,GRU,1
test_08,A3,test,8,68.4000015258789,683,158.49253845214844,0.43842363357543945,0.7074212431907654,53.400001525878906,121.80000305175781,True,False,0.28687021136283875,34.94079261945217,GRU,1
test_08,A3,test,8,68.5,684,158.49253845214844,0.43760260939598083,0.6954696774482727,53.29999923706055,121.80000305175781,True,False,0.2833331823348999,34.50998247305506,GRU,1
test_08,A3,test,8,68.5999984741211,685,158.49253845214844,0.4367816150188446,0.6899657249450684,53.20000076293945,121.80000305175781,True,False,0.27618396282196045,33.63920751456135,GRU,1
test_08,A3,test,8,68.69999694824219,686,158.49253845214844,0.4359605610370636,0.6866633296012878,53.099998474121094,121.80000305175781,True,False,0.2707199454307556,32.97369017963774,GRU,1
test_08,A3,test,8,68.80000305175781,687,158.49253845214844,0.43513956665992737,0.6813166737556458,53.0,121.80000305175781,True,False,0.268190860748291,32.6656476575954,GRU,1
test_08,A3,test,8,68.9000015258789,688,158.49253845214844,0.43431854248046875,0.6703086495399475,52.900001525878906,121.80000305175781,True,False,0.2674534320831299,32.57582884392832,GRU,1
test_08,A3,test,8,69.0,689,158.49253845214844,0.43349751830101013,0.6659055352210999,52.79999923706055,121.80000305175781,True,False,0.2609666883945465,31.785743442862895,GRU,1
test_08,A3,test,8,69.0999984741211,690,158.49253845214844,0.4326765239238739,0.6619740724563599,52.70000076293945,121.80000305175781,True,False,0.2565081715583801,31.242696078611516,GRU,1
test_08,A3,test,8,69.19999694824219,691,158.49253845214844,0.4318554699420929,0.6578854322433472,52.599998474121094,121.80000305175781,True,False,0.2528742253780365,30.80008142275574,GRU,1
test_08,A3,test,8,69.30000305175781,692,158.49253845214844,0.43103447556495667,0.6530105471611023,52.5,121.80000305175781,True,False,0.2493191659450531,30.36707517296918,GRU,1
test_08,A3,test,8,69.4000015258789,693,158.49253845214844,0.43021348118782043,0.6519097089767456,52.400001525878906,121.80000305175781,True,False,0.24428319931030273,29.753694421488035,GRU,1
test_08,A3,test,8,69.5,694,158.49253845214844,0.42939242720603943,0.6493935585021973,52.29999923706055,121.80000305175781,True,False,0.2433222532272339,29.636651185637675,GRU,1
test_08,A3,test,8,69.5999984741211,695,158.49253845214844,0.4285714328289032,0.647034764289856,52.20000076293945,121.80000305175781,True,False,0.2413424253463745,29.395508143707048,GRU,1
test_08,A3,test,8,69.69999694824219,696,158.49253845214844,0.4277503788471222,0.6442041993141174,52.099998474121094,121.80000305175781,True,False,0.23950263857841492,29.171422109754985,GRU,1
test_08,A3,test,8,69.80000305175781,697,158.49253845214844,0.42692938446998596,0.643103301525116,52.0,121.80000305175781,True,False,0.23647162318229675,28.802244425257868,GRU,1
test_08,A3,test,8,69.9000015258789,698,158.49253845214844,0.42610839009284973,0.6409017443656921,51.900001525878906,121.80000305175781,True,False,0.23445671796798706,28.556828964005945,GRU,1
test_08,A3,test,8,70.0,699,158.49253845214844,0.4252873361110687,0.6409017443656921,51.79999923706055,121.80000305175781,True,False,0.23170247673988342,28.221362374017644,GRU,1
test_08,A3,test,8,70.0999984741211,700,158.49253845214844,0.4244663417339325,0.6410589218139648,51.70000076293945,121.80000305175781,True,False,0.23101553320884705,28.13769264984103,GRU,1
test_08,A3,test,8,70.19999694824219,701,158.49253845214844,0.4236452877521515,0.6410589218139648,51.599998474121094,121.80000305175781,True,False,0.23133361339569092,28.176434817569316,GRU,1
test_08,A3,test,8,70.30000305175781,702,158.49253845214844,0.42282429337501526,0.6464056968688965,51.5,121.80000305175781,True,False,0.22725099325180054,27.6791716715843,GRU,1
test_08,A3,test,8,70.4000015258789,703,158.49253845214844,0.42200329899787903,0.6442041993141174,51.400001525878906,121.80000305175781,True,False,0.23089200258255005,28.12264661918107,GRU,1
test_08,A3,test,8,70.5,704,158.49253845214844,0.421182245016098,0.6409017443656921,51.29999923706055,121.80000305175781,True,False,0.23232212662696838,28.296835732155614,GRU,1
test_08,A3,test,8,70.5999984741211,705,158.49253845214844,0.4203612506389618,0.6409017443656921,51.20000076293945,121.80000305175781,True,False,0.23064717650413513,28.092826802082982,GRU,1
test_08,A3,test,8,70.69999694824219,706,158.49253845214844,0.4195401966571808,0.6398010849952698,51.099998474121094,121.80000305175781,True,False,0.2308637797832489,28.11920908214006,GRU,1
test_08,A3,test,8,70.80000305175781,707,158.49253845214844,0.41871920228004456,0.6409017443656921,51.0,121.80000305175781,True,False,0.22845908999443054,27.826317858523453,GRU,1
test_08,A3,test,8,70.9000015258789,708,158.49253845214844,0.4178982079029083,0.6398010849952698,50.900001525878906,121.80000305175781,True,False,0.22879496216773987,27.86722709025753,GRU,1
test_08,A3,test,8,71.0,709,158.49253845214844,0.4170771539211273,0.6377566456794739,50.79999923706055,121.80000305175781,True,False,0.22881218791007996,27.86932518572712,GRU,1
test_08,A3,test,8,71.0999984741211,710,158.49253845214844,0.4162561595439911,0.6377566456794739,50.70000076293945,121.80000305175781,True,False,0.22792023420333862,27.760685221524,GRU,1
test_08,A3,test,8,71.19999694824219,711,158.49253845214844,0.4154351055622101,0.6375994682312012,50.599998474121094,121.80000305175781,True,False,0.2263399362564087,27.568204926765247,GRU,1
test_08,A3,test,8,71.30000305175781,712,158.49253845214844,0.41461411118507385,0.6398010849952698,50.5,121.80000305175781,True,False,0.22496116161346436,27.40027017104694,GRU,1
test_08,A3,test,8,71.4000015258789,713,158.49253845214844,0.4137931168079376,0.643103301525116,50.400001525878906,121.80000305175781,True,False,0.22418710589408875,27.30599018206476,GRU,1
test_08,A3,test,8,71.5,714,158.49253845214844,0.4129720628261566,0.643103301525116,50.29999923706055,121.80000305175781,True,False,0.22775337100028992,27.74036128288344,GRU,1
test_08,A3,test,8,71.5999984741211,715,158.49253845214844,0.4121510684490204,0.6409017443656921,50.20000076293945,121.80000305175781,True,False,0.22995325922966003,28.008307675934248,GRU,1
test_08,A3,test,8,71.69999694824219,716,158.49253845214844,0.4113300144672394,0.6366558074951172,50.099998474121094,121.80000305175781,True,False,0.23097431659698486,28.13267246639043,GRU,1
test_08,A3,test,8,71.80000305175781,717,158.49253845214844,0.41050902009010315,0.6364985704421997,50.0,121.80000305175781,True,False,0.22830930352210999,27.808073865737697,GRU,1
test_08,A3,test,8,71.9000015258789,718,158.49253845214844,0.4096880257129669,0.6366558074951172,49.900001525878906,121.80000305175781,True,False,0.22742930054664612,27.700889500640642,GRU,1
test_08,A3,test,8,72.0,719,158.49253845214844,0.4088669717311859,0.6338251829147339,49.79999923706055,121.80000305175781,True,False,0.2281329333782196,27.78659198167361,GRU,1
test_08,A3,test,8,72.0999984741211,720,158.49253845214844,0.4080459773540497,0.632095456123352,49.70000076293945,121.80000305175781,True,False,0.22758698463439941,27.720095423010207,GRU,1
test_08,A3,test,8,72.19999694824219,721,158.49253845214844,0.4072249233722687,0.6311517953872681,49.599998474121094,121.80000305175781,True,False,0.22622445225715637,27.554138975303886,GRU,1
test_08,A3,test,8,72.30000305175781,722,158.49253845214844,0.40640392899513245,0.6311517953872681,49.5,121.80000305175781,True,False,0.2246614694595337,27.363767665783598,GRU,1
test_08,A3,test,8,72.4000015258789,723,158.49253845214844,0.4055829346179962,0.6311517953872681,49.400001525878906,121.80000305175781,True,False,0.22401386499404907,27.28488943991124,GRU,1
test_08,A3,test,8,72.5,724,158.49253845214844,0.4047618806362152,0.6360267996788025,49.29999923706055,121.80000305175781,True,False,0.2199782431125641,26.793350682430628,GRU,1
test_08,A3,test,8,72.5999984741211,725,158.49253845214844,0.403940886259079,0.6344543099403381,49.20000076293945,121.80000305175781,True,False,0.22247228026390076,27.09712441507463,GRU,1
test_08,A3,test,8,72.69999694824219,726,158.49253845214844,0.403119832277298,0.643103301525116,49.099998474121094,121.80000305175781,True,False,0.21676382422447205,26.40183445205139,GRU,1
test_08,A3,test,8,72.80000305175781,727,158.49253845214844,0.40229883790016174,0.6377566456794739,49.0,121.80000305175781,True,False,0.22539520263671875,27.453136369003914,GRU,1
test_08,A3,test,8,72.9000015258789,728,158.49253845214844,0.4014778435230255,0.6377566456794739,48.900001525878906,121.80000305175781,True,False,0.22564983367919922,27.484150430755108,GRU,1
test_08,A3,test,8,73.0,729,158.49253845214844,0.4006567895412445,0.6322526931762695,48.79999923706055,121.80000305175781,True,False,0.22907471656799316,27.901301177062123,GRU,1
test_08,A3,test,8,73.0999984741211,730,158.49253845214844,0.3998357951641083,0.6289502382278442,48.70000076293945,121.80000305175781,True,False,0.2282474935054779,27.80054540552328,GRU,1
test_08,A3,test,8,73.19999694824219,731,158.49253845214844,0.39901474118232727,0.6278495192527771,48.599998474121094,121.80000305175781,True,False,0.2264862358570099,27.586024218564944,GRU,1
test_08,A3,test,8,73.30000305175781,732,158.49253845214844,0.39819374680519104,0.6234462857246399,48.5,121.80000305175781,True,False,0.2274532914161682,27.703811588621647,GRU,1
test_08,A3,test,8,73.4000015258789,733,158.49253845214844,0.3973727524280548,0.6223455667495728,48.400001525878906,121.80000305175781,True,False,0.22475802898406982,27.375528616166775,GRU,1
test_08,A3,test,8,73.5,734,158.49253845214844,0.3965516984462738,0.6256478428840637,48.29999923706055,121.80000305175781,True,False,0.22025227546691895,26.82672782402733,GRU,1
test_08,A3,test,8,73.5999984741211,735,158.49253845214844,0.3957307040691376,0.6234462857246399,48.20000076293945,121.80000305175781,True,False,0.22202464938163757,27.042602972248915,GRU,1
test_08,A3,test,8,73.69999694824219,736,158.49253845214844,0.39490967988967896,0.6225027441978455,48.099998474121094,121.80000305175781,True,False,0.2206350564956665,26.873350554496938,GRU,1
test_08,A3,test,8,73.80000305175781,737,158.49253845214844,0.39408865571022034,0.6203012466430664,48.0,121.80000305175781,True,False,0.2214754819869995,26.975714381906073,GRU,1
test_08,A3,test,8,73.9000015258789,738,158.49253845214844,0.3932676613330841,0.6201438307762146,47.900001525878906,121.80000305175781,True,False,0.2192661166191101,26.706613673354695,GRU,1
test_08,A3,test,8,74.0,739,158.49253845214844,0.3924466073513031,0.6201438307762146,47.79999923706055,121.80000305175781,True,False,0.21783030033111572,26.531731245095216,GRU,1
test_08,A3,test,8,74.0999984741211,740,158.49253845214844,0.39162561297416687,0.6192004084587097,47.70000076293945,121.80000305175781,True,False,0.2184346318244934,26.60533882283289,GRU,1
test_08,A3,test,8,74.19999694824219,741,158.49253845214844,0.39080458879470825,0.6169987916946411,47.599998474121094,121.80000305175781,True,False,0.2197326123714447,26.76343285741268,GRU,1
test_08,A3,test,8,74.30000305175781,742,158.49253845214844,0.38998356461524963,0.6147972345352173,47.5,121.80000305175781,True,False,0.21933570504188538,26.71508954346109,GRU,1
test_08,A3,test,8,74.4000015258789,743,158.49253845214844,0.3891625702381134,0.6190431118011475,47.400001525878906,121.80000305175781,True,False,0.21335601806640625,25.986763651599176,GRU,1
test_08,A3,test,8,74.5,744,158.49253845214844,0.3883415162563324,0.6198294162750244,47.29999923706055,121.80000305175781,True,False,0.2153509557247162,26.229747064469393,GRU,1
test_08,A3,test,8,74.5999984741211,745,158.49253845214844,0.38752052187919617,0.6182568073272705,47.20000076293945,121.80000305175781,True,False,0.2180975377559662,26.564280764257546,GRU,1
test_08,A3,test,8,74.69999694824219,746,158.49253845214844,0.38669949769973755,0.6136963367462158,47.099998474121094,121.80000305175781,True,False,0.22039294242858887,26.843861060388008,GRU,1
test_08,A3,test,8,74.80000305175781,747,158.49253845214844,0.38587847352027893,0.6103940606117249,47.0,121.80000305175781,True,False,0.2200215756893158,26.798628590411226,GRU,1
test_08,A3,test,8,74.9000015258789,748,158.49253845214844,0.3850574791431427,0.6083497405052185,46.900001525878906,121.80000305175781,True,False,0.21802255511283875,26.555147878095795,GRU,1
test_08,A3,test,8,75.0,749,158.49253845214844,0.3842364251613617,0.6075634956359863,46.79999923706055,121.80000305175781,True,False,0.21511545777320862,26.20106341325709,GRU,1
test_08,A3,test,8,75.0999984741211,750,158.49253845214844,0.38341543078422546,0.6059907674789429,46.70000076293945,121.80000305175781,True,False,0.21406453847885132,26.07306143999722,GRU,1
test_08,A3,test,8,75.19999694824219,751,158.49253845214844,0.38259440660476685,0.6059907674789429,46.599998474121094,121.80000305175781,True,False,0.21297937631607056,25.94088868525887,GRU,1
test_08,A3,test,8,75.30000305175781,752,158.49253845214844,0.3817733824253082,0.6223455667495728,46.5,121.80000305175781,True,False,0.1958090364933014,23.849541242445866,GRU,1
test_08,A3,test,8,75.4000015258789,753,158.49253845214844,0.380952388048172,0.6344543099403381,46.400001525878906,121.80000305175781,True,False,0.19862031936645508,24.19195550497534,GRU,1
test_08,A3,test,8,75.5,754,158.49253845214844,0.380131334066391,0.6344543099403381,46.29999923706055,121.80000305175781,True,False,0.213099867105484,25.955564463777137,GRU,1
test_08,A3,test,8,75.5999984741211,755,158.49253845214844,0.37931033968925476,0.6223455667495728,46.20000076293945,121.80000305175781,True,False,0.2238326072692871,27.262812248482078,GRU,1
test_08,A3,test,8,75.69999694824219,756,158.49253845214844,0.37848931550979614,0.6147972345352173,46.099998474121094,121.80000305175781,True,False,0.22584500908851624,27.50792279620555,GRU,1
test_08,A3,test,8,75.80000305175781,757,158.49253845214844,0.3776682913303375,0.6081923246383667,46.0,121.80000305175781,True,False,0.2247372269630432,27.37299492994225,GRU,1
test_08,A3,test,8,75.9000015258789,758,158.49253845214844,0.3768472969532013,0.6017448902130127,45.900001525878906,121.80000305175781,True,False,0.22304031252861023,27.166310746649742,GRU,1
test_08,A3,test,8,76.0,759,158.49253845214844,0.3760262429714203,0.5929386019706726,45.79999923706055,121.80000305175781,True,False,0.2226562201976776,27.119528299569993,GRU,1
test_08,A3,test,8,76.0999984741211,760,158.49253845214844,0.37520524859428406,0.5908942222595215,45.70000076293945,121.80000305175781,True,False,0.21606996655464172,26.31732258574857,GRU,1
test_08,A3,test,8,76.19999694824219,761,158.49253845214844,0.37438422441482544,0.5885353088378906,45.599998474121094,121.80000305175781,True,False,0.21300768852233887,25.94433711206875,GRU,1
test_08,A3,test,8,76.30000305175781,762,158.49253845214844,0.3735632002353668,0.5874345898628235,45.5,121.80000305175781,True,False,0.2105463147163391,25.644541774986465,GRU,1
test_08,A3,test,8,76.4000015258789,763,158.49253845214844,0.3727422058582306,0.584132194519043,45.400001525878906,121.80000305175781,True,False,0.21091940999031067,25.689984780494797,GRU,1
test_08,A3,test,8,76.5,764,158.49253845214844,0.3719211518764496,0.5817734003067017,45.29999923706055,121.80000305175781,True,False,0.2082166075706482,25.36078343753161,GRU,1
test_08,A3,test,8,76.5999984741211,765,158.49253845214844,0.37110015749931335,0.5817734003067017,45.20000076293945,121.80000305175781,True,False,0.2055165022611618,25.0319106025961,GRU,1
test_08,A3,test,8,76.69999694824219,766,158.49253845214844,0.37027913331985474,0.5792572498321533,45.099998474121094,121.80000305175781,True,False,0.20552444458007812,25.032877977064345,GRU,1
test_08,A3,test,8,76.80000305175781,767,158.49253845214844,0.3694581091403961,0.5757975578308105,45.0,121.80000305175781,True,False,0.2065369188785553,25.15619734970869,GRU,1
test_08,A3,test,8,76.9000015258789,768,158.49253845214844,0.3686371147632599,0.5729669332504272,44.900001525878906,121.80000305175781,True,False,0.20479533076286316,24.944071911902483,GRU,1
test_08,A3,test,8,77.0,769,158.49253845214844,0.36781609058380127,0.5709226131439209,44.79999923706055,121.80000305175781,True,False,0.20309923589229584,24.737487551491313,GRU,1
test_08,A3,test,8,77.0999984741211,770,158.49253845214844,0.36699506640434265,0.5709226131439209,44.70000076293945,121.80000305175781,True,False,0.19999682903289795,24.359614386548856,GRU,1
test_08,A3,test,8,77.19999694824219,771,158.49253845214844,0.36617404222488403,0.5699791312217712,44.599998474121094,121.80000305175781,True,False,0.19916684925556183,24.25852284713642,GRU,1
test_08,A3,test,8,77.30000305175781,772,158.49253845214844,0.3653530180454254,0.5660476088523865,44.5,121.80000305175781,True,False,0.1991620659828186,24.257940244501697,GRU,1
test_08,A3,test,8,77.4000015258789,773,158.49253845214844,0.3645320236682892,0.5611726641654968,44.400001525878906,121.80000305175781,True,False,0.20004671812057495,24.365690877580164,GRU,1
test_08,A3,test,8,77.5,774,158.49253845214844,0.36371099948883057,0.5578704476356506,44.29999923706055,121.80000305175781,True,False,0.1990889310836792,24.249032413563327,GRU,1
test_08,A3,test,8,77.5999984741211,775,158.49253845214844,0.36288997530937195,0.5523664355278015,44.20000076293945,121.80000305175781,True,False,0.19941942393779755,24.289286444203526,GRU,1
test_08,A3,test,8,77.69999694824219,776,158.49253845214844,0.36206895112991333,0.5501648187637329,44.099998474121094,121.80000305175781,True,False,0.19641482830047607,23.923326686408473,GRU,1
test_08,A3,test,8,77.80000305175781,777,158.49253845214844,0.3612479269504547,0.5470196008682251,44.0,121.80000305175781,True,False,0.19461530447006226,23.70414467837236,GRU,1
test_08,A3,test,8,77.9000015258789,778,158.49253845214844,0.3604269325733185,0.5459190011024475,43.900001525878906,121.80000305175781,True,False,0.19242897629737854,23.437849900267338,GRU,1
test_08,A3,test,8,78.0,779,158.49253845214844,0.35960590839385986,0.5415156483650208,43.79999923706055,121.80000305175781,True,False,0.19378991425037384,23.60361214709542,GRU,1
test_08,A3,test,8,78.0999984741211,780,158.49253845214844,0.35878488421440125,0.5415156483650208,43.70000076293945,121.80000305175781,True,False,0.18963630497455597,23.097702524624992,GRU,1
test_08,A3,test,8,78.19999694824219,781,158.49253845214844,0.3579638600349426,0.5437173843383789,43.599998474121094,121.80000305175781,True,False,0.18602916598320007,22.65835298446973,GRU,1
test_08,A3,test,8,78.30000305175781,782,158.49253845214844,0.357142835855484,0.5404149293899536,43.5,121.80000305175781,True,False,0.18814131617546082,22.91561288433286,GRU,1
test_08,A3,test,8,78.4000015258789,783,158.49253845214844,0.3563218414783478,0.5382133722305298,43.400001525878906,121.80000305175781,True,False,0.18764300644397736,22.854918757517453,GRU,1
test_08,A3,test,8,78.5,784,158.49253845214844,0.35550081729888916,0.5382133722305298,43.29999923706055,121.80000305175781,True,False,0.1854623258113861,22.58931184981293,GRU,1
test_08,A3,test,8,78.5999984741211,785,158.49253845214844,0.35467979311943054,0.5382133722305298,43.20000076293945,121.80000305175781,True,False,0.18450920283794403,22.473221468738984,GRU,1
test_08,A3,test,8,78.69999694824219,786,158.49253845214844,0.3538587689399719,0.5371125340461731,43.099998474121094,121.80000305175781,True,False,0.18368734419345856,22.37311908333254,GRU,1
test_08,A3,test,8,78.80000305175781,787,158.49253845214844,0.3530377447605133,0.5371125340461731,43.0,121.80000305175781,True,False,0.1828625351190567,22.272657335553276,GRU,1
test_08,A3,test,8,78.9000015258789,788,158.49253845214844,0.3522167503833771,0.5371125340461731,42.900001525878906,121.80000305175781,True,False,0.18300679326057434,22.290227977630366,GRU,1
test_08,A3,test,8,79.0,789,158.49253845214844,0.35139572620391846,0.5382133722305298,42.79999923706055,121.80000305175781,True,False,0.18148012459278107,22.104279729234122,GRU,1
test_08,A3,test,8,79.0999984741211,790,158.49253845214844,0.35057470202445984,0.5382133722305298,42.70000076293945,121.80000305175781,True,False,0.18135303258895874,22.08879992278071,GRU,1
test_08,A3,test,8,79.19999694824219,791,158.49253845214844,0.3497536778450012,0.5371125340461731,42.599998474121094,121.80000305175781,True,False,0.1826905757188797,22.25171268008694,GRU,1
test_08,A3,test,8,79.30000305175781,792,158.49253845214844,0.3489326536655426,0.5393140912055969,42.5,121.80000305175781,True,False,0.18002226948738098,21.92671297294737,GRU,1
test_08,A3,test,8,79.4000015258789,793,158.49253845214844,0.34811165928840637,0.5413584113121033,42.400001525878906,121.80000305175781,True,False,0.17903050780296326,21.805916396758676,GRU,1
test_08,A3,test,8,79.5,794,158.49253845214844,0.34729063510894775,0.5404149293899536,42.29999923706055,121.80000305175781,True,False,0.18152004480361938,22.109142011036056,GRU,1
test_08,A3,test,8,79.5999984741211,795,158.49253845214844,0.34646961092948914,0.5405721664428711,42.20000076293945,121.80000305175781,True,False,0.18224507570266724,22.197450776752703,GRU,1
test_08,A3,test,8,79.69999694824219,796,158.49253845214844,0.3456485867500305,0.547805905342102,42.099998474121094,121.80000305175781,True,False,0.1754535436630249,21.370242153598156,GRU,1
test_08,A3,test,8,79.80000305175781,797,158.49253845214844,0.3448275923728943,0.5495358109474182,42.0,121.80000305175781,True,False,0.17853426933288574,21.745474549588835,GRU,1
test_08,A3,test,8,79.9000015258789,798,158.49253845214844,0.34400656819343567,0.5523664355278015,41.900001525878906,121.80000305175781,True,False,0.17951779067516327,21.865267452079706,GRU,1
test_08,A3,test,8,80.0,799,158.49253845214844,0.34318554401397705,0.5624307990074158,41.79999923706055,121.80000305175781,True,False,0.1738775670528412,21.17828819766828,GRU,1
test_08,A3,test,8,80.0999984741211,800,158.49253845214844,0.34236451983451843,0.5666767358779907,41.70000076293945,121.80000305175781,True,False,0.1791398972272873,21.819240028975173,GRU,1
test_08,A3,test,8,80.19999694824219,801,158.49253845214844,0.3415434956550598,0.5558260679244995,41.599998474121094,121.80000305175781,True,False,0.1929563283920288,23.50208138700509,GRU,1
test_08,A3,test,8,80.30000305175781,802,158.49253845214844,0.3407225012779236,0.552523672580719,41.5,121.80000305175781,True,False,0.19424666464328766,23.659244346346213,GRU,1
test_08,A3,test,8,80.4000015258789,803,158.49253845214844,0.33990147709846497,0.5459190011024475,41.400001525878906,121.80000305175781,True,False,0.19564703106880188,23.829808981247425,GRU,1
test_08,A3,test,8,80.5,804,158.49253845214844,0.33908045291900635,0.5382133722305298,41.29999923706055,121.80000305175781,True,False,0.19749581813812256,24.054991251932734,GRU,1
test_08,A3,test,8,80.5999984741211,805,158.49253845214844,0.33825942873954773,0.5382133722305298,41.20000076293945,121.80000305175781,True,False,0.19136571884155273,23.30834513890295,GRU,1
test_08,A3,test,8,80.69999694824219,806,158.49253845214844,0.3374384045600891,0.531608521938324,41.099998474121094,121.80000305175781,True,False,0.19262701272964478,23.461970738321725,GRU,1
test_08,A3,test,8,80.80000305175781,807,158.49253845214844,0.3366174101829529,0.5295641422271729,41.0,121.80000305175781,True,False,0.1894209384918213,23.071470886370662,GRU,1
test_08,A3,test,8,80.9000015258789,808,158.49253845214844,0.33579638600349426,0.5240601897239685,40.900001525878906,121.80000305175781,True,False,0.18992477655410767,23.132838363894734,GRU,1
test_08,A3,test,8,81.0,809,158.49253845214844,0.33497536182403564,0.5207579135894775,40.79999923706055,121.80000305175781,True,False,0.18725639581680298,22.80782958194777,GRU,1
test_08,A3,test,8,81.0999984741211,810,158.49253845214844,0.334154337644577,0.5176126956939697,40.70000076293945,121.80000305175781,True,False,0.18532761931419373,22.572904598043806,GRU,1
test_08,A3,test,8,81.19999694824219,811,158.49253845214844,0.3333333134651184,0.5207579135894775,40.599998474121094,121.80000305175781,True,False,0.17906488478183746,21.810103512890464,GRU,1
test_08,A3,test,8,81.30000305175781,812,158.49253845214844,0.3325123190879822,0.5161973834037781,40.5,121.80000305175781,True,False,0.18138466775417328,22.092653086000382,GRU,1
test_08,A3,test,8,81.4000015258789,813,158.49253845214844,0.33169129490852356,0.5174554586410522,40.400001525878906,121.80000305175781,True,False,0.17773231863975525,21.64779695271818,GRU,1
test_08,A3,test,8,81.5,814,158.49253845214844,0.33087027072906494,0.5152539014816284,40.29999923706055,121.80000305175781,True,False,0.17741525173187256,21.609178202370458,GRU,1
test_08,A3,test,8,81.5999984741211,815,158.49253845214844,0.3300492465496063,0.5570840239524841,40.20000076293945,121.80000305175781,True,False,0.1308218389749527,15.934100386385808,GRU,1
test_08,A3,test,8,81.69999694824219,816,158.49253845214844,0.3292282223701477,0.5611726641654968,40.099998474121094,121.80000305175781,True,False,0.16077639162540436,19.58256499062486,GRU,1
test_08,A3,test,8,81.80000305175781,817,158.49253845214844,0.3284072279930115,0.559914767742157,40.0,121.80000305175781,True,False,0.17950308322906494,21.863476085100046,GRU,1
test_08,A3,test,8,81.9000015258789,818,158.49253845214844,0.32758620381355286,0.5492212176322937,39.900001525878906,121.80000305175781,True,False,0.1934695541858673,23.56459229026086,GRU,1
test_08,A3,test,8,82.0,819,158.49253845214844,0.32676517963409424,0.5248464345932007,39.79999923706055,121.80000305175781,True,False,0.20794253051280975,25.32740085105047,GRU,1
test_08,A3,test,8,82.0999984741211,820,158.49253845214844,0.3259441554546356,0.5177699327468872,39.70000076293945,121.80000305175781,True,False,0.20274147391319275,24.693912141344754,GRU,1
test_08,A3,test,8,82.19999694824219,821,158.49253845214844,0.325123131275177,0.5108507871627808,39.599998474121094,121.80000305175781,True,False,0.19905968010425568,24.245469644180275,GRU,1
test_08,A3,test,8,82.30000305175781,822,158.49253845214844,0.32430213689804077,0.5031450390815735,39.5,121.80000305175781,True,False,0.1959666609764099,23.868739904969516,GRU,1
test_08,A3,test,8,82.4000015258789,823,158.49253845214844,0.32348111271858215,0.5099071264266968,39.400001525878906,121.80000305175781,True,False,0.18295668065547943,22.284124262176874,GRU,1
test_08,A3,test,8,82.5,824,158.49253845214844,0.32266008853912354,0.4988991320133209,39.29999923706055,121.80000305175781,True,False,0.18942728638648987,23.072244059960667,GRU,1
test_08,A3,test,8,82.5999984741211,825,158.49253845214844,0.3218390643596649,0.4988991320133209,39.20000076293945,121.80000305175781,True,False,0.18282464146614075,22.26804188851247,GRU,1
test_08,A3,test,8,82.69999694824219,826,158.49253845214844,0.3210180401802063,0.4867904484272003,39.099998474121094,121.80000305175781,True,False,0.1885640025138855,22.96709608164292,GRU,1
test_08,A3,test,8,82.80000305175781,827,158.49253845214844,0.32019704580307007,0.47358086705207825,39.0,121.80000305175781,True,False,0.19110479950904846,23.276565163407668,GRU,1
test_08,A3,test,8,82.9000015258789,828,158.49253845214844,0.31937602162361145,0.4627302289009094,38.900001525878906,121.80000305175781,True,False,0.19022169709205627,23.169003286323004,GRU,1
test_08,A3,test,8,83.0,829,158.49253845214844,0.31855499744415283,0.4539238214492798,38.79999923706055,121.80000305175781,True,False,0.18657168745994568,22.72443210199299,GRU,1
test_08,A3,test,8,83.0999984741211,830,158.49253845214844,0.3177340030670166,0.4452747702598572,38.70000076293945,121.80000305175781,True,False,0.1835923045873642,22.36154325902021,GRU,1
test_08,A3,test,8,83.19999694824219,831,158.49253845214844,0.3169129490852356,0.43646833300590515,38.599998474121094,121.80000305175781,True,False,0.180752694606781,22.015678754719374,GRU,1
test_08,A3,test,8,83.30000305175781,832,158.49253845214844,0.31609195470809937,0.4331660866737366,38.5,121.80000305175781,True,False,0.1737159639596939,21.15860494042977,GRU,1
test_08,A3,test,8,83.4000015258789,833,158.49253845214844,0.31527093052864075,0.4309643507003784,38.400001525878906,121.80000305175781,True,False,0.169048011302948,20.590048292592655,GRU,1
test_08,A3,test,8,83.5,834,158.49253845214844,0.31444990634918213,0.42986366152763367,38.29999923706055,121.80000305175781,True,False,0.1644221842288971,20.02662254085635,GRU,1
test_08,A3,test,8,83.5999984741211,835,158.49253845214844,0.3136289119720459,0.42435964941978455,38.20000076293945,121.80000305175781,True,False,0.16456598043441772,20.044136919127595,GRU,1
test_08,A3,test,8,83.69999694824219,836,158.49253845214844,0.3128078579902649,0.42435964941978455,38.099998474121094,121.80000305175781,True,False,0.15911933779716492,19.38073582928837,GRU,1
test_08,A3,test,8,83.80000305175781,837,158.49253845214844,0.31198686361312866,0.42105722427368164,38.0,121.80000305175781,True,False,0.15836741030216217,19.289151058102334,GRU,1
test_08,A3,test,8,83.9000015258789,838,158.49253845214844,0.31116583943367004,0.4190128743648529,37.900001525878906,121.80000305175781,True,False,0.1571694165468216,19.143235415045865,GRU,1
test_08,A3,test,8,84.0,839,158.49253845214844,0.3103448152542114,0.4190128743648529,37.79999923706055,121.80000305175781,True,False,0.15340200066566467,18.68436414922371,GRU,1
test_08,A3,test,8,84.0999984741211,840,158.49253845214844,0.3095238208770752,0.4190128743648529,37.70000076293945,121.80000305175781,True,False,0.151860773563385,18.496642683462596,GRU,1
test_08,A3,test,8,84.19999694824219,841,158.49253845214844,0.3087027668952942,0.4218434691429138,37.599998474121094,121.80000305175781,True,False,0.14785915613174438,18.0092456680768,GRU,1
test_08,A3,test,8,84.30000305175781,842,158.49253845214844,0.30788177251815796,0.4251458942890167,37.5,121.80000305175781,True,False,0.14522123336791992,17.68794666739268,GRU,1
test_08,A3,test,8,84.4000015258789,843,158.49253845214844,0.30706074833869934,0.42986366152763367,37.400001525878906,121.80000305175781,True,False,0.14296123385429382,17.41267871973605,GRU,1
test_08,A3,test,8,84.5,844,158.49253845214844,0.3062397241592407,0.43583932518959045,37.29999923706055,121.80000305175781,True,False,0.1410737931728363,17.182788438974512,GRU,1
test_08,A3,test,8,84.5999984741211,845,158.49253845214844,0.3054187297821045,0.43363773822784424,37.20000076293945,121.80000305175781,True,False,0.1471690833568573,17.92519480198962,GRU,1
test_08,A3,test,8,84.69999694824219,846,158.49253845214844,0.3045976758003235,0.43033531308174133,37.099998474121094,121.80000305175781,True,False,0.15075162053108215,18.361547840743242,GRU,1
test_08,A3,test,8,84.80000305175781,847,158.49253845214844,0.30377668142318726,0.42451685667037964,37.0,121.80000305175781,True,False,0.15386268496513367,18.74047549830493,GRU,1
test_08,A3,test,8,84.9000015258789,848,158.49253845214844,0.30295565724372864,0.4223152995109558,36.900001525878906,121.80000305175781,True,False,0.15287815034389496,18.620559178433496,GRU,1
test_08,A3,test,8,85.0,849,158.49253845214844,0.30213463306427,0.42121443152427673,36.79999923706055,121.80000305175781,True,False,0.15085825324058533,18.374535705086146,GRU,1
test_08,A3,test,8,85.0999984741211,850,158.49253845214844,0.3013136386871338,0.4223152995109558,36.70000076293945,121.80000305175781,True,False,0.148710697889328,18.112963456749185,GRU,1
test_08,A3,test,8,85.19999694824219,851,158.49253845214844,0.3004925847053528,0.4190128743648529,36.599998474121094,121.80000305175781,True,False,0.15003295242786407,18.27401406357808,GRU,1
test_08,A3,test,8,85.30000305175781,852,158.49253845214844,0.29967159032821655,0.4188556671142578,36.5,121.80000305175781,True,False,0.14762389659881592,17.98059105624816,GRU,1
test_08,A3,test,8,85.4000015258789,853,158.49253845214844,0.29885056614875793,0.4595850706100464,36.400001525878906,121.80000305175781,True,False,0.10334081947803497,12.586912127795813,GRU,1
test_08,A3,test,8,85.5,854,158.49253845214844,0.2980295419692993,0.4628874957561493,36.29999923706055,121.80000305175781,True,False,0.12881118059158325,15.689202189155367,GRU,1
test_08,A3,test,8,85.5999984741211,855,158.49253845214844,0.2972085475921631,0.4452747702598572,36.20000076293945,121.80000305175781,True,False,0.15509670972824097,18.890779718217345,GRU,1
test_08,A3,test,8,85.69999694824219,856,158.49253845214844,0.2963874936103821,0.43646833300590515,36.099998474121094,121.80000305175781,True,False,0.1618662178516388,19.7153058283061,GRU,1
test_08,A3,test,8,85.80000305175781,857,158.49253845214844,0.29556649923324585,0.42435964941978455,36.0,121.80000305175781,True,False,0.16746467351913452,20.39719774569221,GRU,1
test_08,A3,test,8,85.9000015258789,858,158.49253845214844,0.29474547505378723,0.41350889205932617,35.900001525878906,121.80000305175781,True,False,0.16988882422447205,20.69245930900024,GRU,1
test_08,A3,test,8,86.0,859,158.49253845214844,0.2939244508743286,0.4331660866737366,35.79999923706055,121.80000305175781,True,False,0.14420005679130554,17.563567357244665,GRU,1
test_08,A3,test,8,86.0999984741211,860,158.49253845214844,0.2931034564971924,0.42105722427368164,35.70000076293945,121.80000305175781,True,False,0.15702413022518158,19.125539540626733,GRU,1
test_08,A3,test,8,86.19999694824219,861,158.49253845214844,0.2922824025154114,0.4069041907787323,35.599998474121094,121.80000305175781,True,False,0.1648850291967392,20.08299705935201,GRU,1
test_08,A3,test,8,86.30000305175781,862,158.49253845214844,0.29146140813827515,0.3982551395893097,35.5,121.80000305175781,True,False,0.16478599607944489,20.070934825363338,GRU,1
test_08,A3,test,8,86.4000015258789,863,158.49253845214844,0.2906404137611389,0.38740435242652893,35.400001525878906,121.80000305175781,True,False,0.16602981090545654,20.22243147496738,GRU,1
test_08,A3,test,8,86.5,864,158.49253845214844,0.2898193597793579,0.38740435242652893,35.29999923706055,121.80000305175781,True,False,0.15807084739208221,19.253029694749557,GRU,1
test_08,A3,test,8,86.5999984741211,865,158.49253845214844,0.2889983654022217,0.38740435242652893,35.20000076293945,121.80000305175781,True,False,0.1528932750225067,18.622401364334564,GRU,1
test_08,A3,test,8,86.69999694824219,866,158.49253845214844,0.2881773114204407,0.38394469022750854,35.099998474121094,121.80000305175781,True,False,0.1518283486366272,18.49269332728454,GRU,1
test_08,A3,test,8,86.80000305175781,867,158.49253845214844,0.28735631704330444,0.3759247064590454,35.0,121.80000305175781,True,False,0.1544041633605957,18.80642756852467,GRU,1
test_08,A3,test,8,86.9000015258789,868,158.49253845214844,0.2865353226661682,0.3726222813129425,34.900001525878906,121.80000305175781,True,False,0.151290163397789,18.42714236355164,GRU,1
test_08,A3,test,8,87.0,869,158.49253845214844,0.2857142686843872,0.366646409034729,34.79999923706055,121.80000305175781,True,False,0.15127962827682495,18.425859185786067,GRU,1
test_08,A3,test,8,87.0999984741211,870,158.49253845214844,0.284893274307251,0.3635013997554779,34.70000076293945,121.80000305175781,True,False,0.14831013977527618,18.064175477235267,GRU,1
test_08,A3,test,8,87.19999694824219,871,158.49253845214844,0.28407222032546997,0.3633441925048828,34.599998474121094,121.80000305175781,True,False,0.14410793781280518,17.552347265382195,GRU,1
test_08,A3,test,8,87.30000305175781,872,158.49253845214844,0.28325122594833374,0.36570295691490173,34.5,121.80000305175781,True,False,0.1390291452407837,16.933750314610734,GRU,1
test_08,A3,test,8,87.4000015258789,873,158.49253845214844,0.2824302315711975,0.36554574966430664,34.400001525878906,121.80000305175781,True,False,0.1383274793624878,16.84828740849298,GRU,1
test_08,A3,test,8,87.5,874,158.49253845214844,0.2816091775894165,0.3633441925048828,34.29999923706055,121.80000305175781,True,False,0.13951091468334198,16.992429834184577,GRU,1
test_08,A3,test,8,87.5999984741211,875,158.49253845214844,0.2807881832122803,0.36004170775413513,34.20000076293945,121.80000305175781,True,False,0.14054031670093536,17.117811003068937,GRU,1
test_08,A3,test,8,87.69999694824219,876,158.49253845214844,0.27996712923049927,0.36554574966430664,34.099998474121094,121.80000305175781,True,False,0.13310977816581726,16.212771386815348,GRU,1
test_08,A3,test,8,87.80000305175781,877,158.49253845214844,0.27914613485336304,0.3633441925048828,34.0,121.80000305175781,True,False,0.1359761655330658,16.56189737689374,GRU,1
test_08,A3,test,8,87.9000015258789,878,158.49253845214844,0.2783251404762268,0.36554574966430664,33.900001525878906,121.80000305175781,True,False,0.1340552419424057,16.327928877689146,GRU,1
test_08,A3,test,8,88.0,879,158.49253845214844,0.2775040864944458,0.3635013997554779,33.79999923706055,121.80000305175781,True,False,0.13532234728336334,16.482262312084686,GRU,1
test_08,A3,test,8,88.0999984741211,880,158.49253845214844,0.27668309211730957,0.36884817481040955,33.70000076293945,121.80000305175781,True,False,0.12976588308811188,15.805484956146074,GRU,1
test_08,A3,test,8,88.19999694824219,881,158.49253845214844,0.27586203813552856,0.36869096755981445,33.599998474121094,121.80000305175781,True,False,0.1317165493965149,16.043076118462523,GRU,1
test_08,A3,test,8,88.30000305175781,882,158.49253845214844,0.27504104375839233,0.3697916269302368,33.5,121.80000305175781,True,False,0.13213878870010376,16.09450486692822,GRU,1
test_08,A3,test,8,88.4000015258789,883,158.49253845214844,0.2742200493812561,0.36554574966430664,33.400001525878906,121.80000305175781,True,False,0.13587091863155365,16.549078303968372,GRU,1
test_08,A3,test,8,88.5,884,158.49253845214844,0.2733989953994751,0.361142635345459,33.29999923706055,121.80000305175781,True,False,0.1384446918964386,16.86256389548589,GRU,1
test_08,A3,test,8,88.5999984741211,885,158.49253845214844,0.27257800102233887,0.361142635345459,33.20000076293945,121.80000305175781,True,False,0.13507379591464996,16.451988754616877,GRU,1
test_08,A3,test,8,88.69999694824219,886,158.49253845214844,0.27175694704055786,0.36554574966430664,33.099998474121094,121.80000305175781,True,False,0.1293320506811142,15.752644167649805,GRU,1
test_08,A3,test,8,88.80000305175781,887,158.49253845214844,0.27093595266342163,0.3699488937854767,33.0,121.80000305175781,True,False,0.1264510303735733,15.401735885399148,GRU,1
test_08,A3,test,8,88.9000015258789,888,158.49253845214844,0.2701149582862854,0.3752956688404083,32.900001525878906,121.80000305175781,True,False,0.12511330842971802,15.238801348555171,GRU,1
test_08,A3,test,8,89.0,889,158.49253845214844,0.2692939043045044,0.37781181931495667,32.79999923706055,121.80000305175781,True,False,0.12725959718227386,15.500219325166427,GRU,1
test_08,A3,test,8,89.0999984741211,890,158.49253845214844,0.26847290992736816,0.3752956688404083,32.70000076293945,121.80000305175781,True,False,0.13155591487884521,16.023510833720138,GRU,1
test_08,A3,test,8,89.19999694824219,891,158.49253845214844,0.26765185594558716,0.3699488937854767,32.599998474121094,121.80000305175781,True,False,0.1362612396478653,16.596619404946296,GRU,1
test_08,A3,test,8,89.30000305175781,892,158.49253845214844,0.2668308615684509,0.3693197965621948,32.5,121.80000305175781,True,False,0.13553430140018463,16.50807832416035,GRU,1
test_08,A3,test,8,89.4000015258789,893,158.49253845214844,0.2660098671913147,0.36884817481040955,32.400001525878906,121.80000305175781,True,False,0.13491541147232056,16.432697529057805,GRU,1
test_08,A3,test,8,89.5,894,158.49253845214844,0.2651888132095337,0.36884817481040955,32.29999923706055,121.80000305175781,True,False,0.1334887146949768,16.258925857223403,GRU,1
test_08,A3,test,8,89.5999984741211,895,158.49253845214844,0.26436781883239746,0.36554574966430664,32.20000076293945,121.80000305175781,True,False,0.13558471202850342,16.51421833884342,GRU,1
test_08,A3,test,8,89.69999694824219,896,158.49253845214844,0.26354676485061646,0.3633441925048828,32.099998474121094,121.80000305175781,True,False,0.13605347275733948,16.571313397046197,GRU,1
test_08,A3,test,8,89.80000305175781,897,158.49253845214844,0.2627257704734802,0.361142635345459,32.0,121.80000305175781,True,False,0.1352740377187729,16.47637820697014,GRU,1
test_08,A3,test,8,89.9000015258789,898,158.49253845214844,0.2619047462940216,0.36538851261138916,31.899999618530273,121.80000305175781,True,False,0.12985578179359436,15.81643461874819,GRU,1
test_08,A3,test,8,90.0,899,158.49253845214844,0.261083722114563,0.3635013997554779,31.799999237060547,121.80000305175781,True,False,0.13221344351768494,16.103597823937434,GRU,1
test_08,A3,test,8,90.0999984741211,900,158.49253845214844,0.26026272773742676,0.3612998425960541,31.700000762939453,121.80000305175781,True,False,0.13384325802326202,16.302109235690523,GRU,1
test_08,A3,test,8,90.19999694824219,901,158.49253845214844,0.25944170355796814,0.361142635345459,31.600000381469727,121.80000305175781,True,False,0.13278065621852875,16.172684332631206,GRU,1
test_08,A3,test,8,90.30000305175781,902,158.49253845214844,0.2586206793785095,0.36019912362098694,31.5,121.80000305175781,True,False,0.13241375982761383,16.12799635109809,GRU,1
test_08,A3,test,8,90.4000015258789,903,158.49253845214844,0.2577996551990509,0.361142635345459,31.399999618530273,121.80000305175781,True,False,0.1309499740600586,15.949707240142743,GRU,1
test_08,A3,test,8,90.5,904,158.49253845214844,0.2569786310195923,0.3633441925048828,31.299999237060547,121.80000305175781,True,False,0.1293105185031891,15.750021548312816,GRU,1
test_08,A3,test,8,90.5999984741211,905,158.49253845214844,0.25615763664245605,0.361142635345459,31.200000762939453,121.80000305175781,True,False,0.13097935914993286,15.953286344179105,GRU,1
test_08,A3,test,8,90.69999694824219,906,158.49253845214844,0.25533661246299744,0.36004170775413513,31.100000381469727,121.80000305175781,True,False,0.13128966093063354,15.991081102015414,GRU,1
test_08,A3,test,8,90.80000305175781,907,158.49253845214844,0.2545155882835388,0.36019912362098694,31.0,121.80000305175781,True,False,0.13078278303146362,15.92934337234965,GRU,1
test_08,A3,test,8,90.9000015258789,908,158.49253845214844,0.2536945641040802,0.361142635345459,30.899999618530273,121.80000305175781,True,False,0.12987296283245087,15.818527269333345,GRU,1
test_08,A3,test,8,91.0,909,158.49253845214844,0.2528735399246216,0.36019912362098694,30.799999237060547,121.80000305175781,True,False,0.13038203120231628,15.880531798336506,GRU,1
test_08,A3,test,8,91.0999984741211,910,158.49253845214844,0.25205254554748535,0.36004170775413513,30.700000762939453,121.80000305175781,True,False,0.13053661584854126,15.899360208718463,GRU,1
test_08,A3,test,8,91.19999694824219,911,158.49253845214844,0.25123152136802673,0.3633441925048828,30.600000381469727,121.80000305175781,True,False,0.12749657034873962,15.52908265756514,GRU,1
test_08,A3,test,8,91.30000305175781,912,158.49253845214844,0.2504104971885681,0.361142635345459,30.5,121.80000305175781,True,False,0.1306649148464203,15.914987027051666,GRU,1
test_08,A3,test,8,91.4000015258789,913,158.49253845214844,0.2495894879102707,0.3605135381221771,30.399999618530273,121.80000305175781,True,False,0.13075610995292664,15.926094591302444,GRU,1
test_08,A3,test,8,91.5,914,158.49253845214844,0.24876846373081207,0.35956987738609314,30.299999237060547,121.80000305175781,True,False,0.13144534826278687,16.01004381954681,GRU,1
test_08,A3,test,8,91.5999984741211,915,158.49253845214844,0.24794745445251465,0.35799741744995117,30.200000762939453,121.80000305175781,True,False,0.1319294273853302,16.06900465814988,GRU,1
test_08,A3,test,8,91.69999694824219,916,158.49253845214844,0.24712643027305603,0.3633441925048828,30.100000381469727,121.80000305175781,True,False,0.12642481923103333,15.398543368157789,GRU,1
test_08,A3,test,8,91.80000305175781,917,158.49253845214844,0.2463054060935974,0.3674328625202179,30.0,121.80000305175781,True,False,0.12468856573104858,15.187067686561022,GRU,1
test_08,A3,test,8,91.9000015258789,918,158.49253845214844,0.2454843968153,0.3696344196796417,29.899999618530273,121.80000305175781,True,False,0.1256626546382904,15.30571171843576,GRU,1
test_08,A3,test,8,92.0,919,158.49253845214844,0.24466337263584137,0.36884817481040955,29.799999237060547,121.80000305175781,True,False,0.12868644297122955,15.674009146615617,GRU,1
test_08,A3,test,8,92.0999984741211,920,158.49253845214844,0.24384236335754395,0.4004566967487335,29.700000762939453,121.80000305175781,True,False,0.09687505662441254,11.799382192492658,GRU,1
test_08,A3,test,8,92.19999694824219,921,158.49253845214844,0.24302133917808533,0.40140020847320557,29.600000381469727,121.80000305175781,True,False,0.11509063839912415,14.018040108242076,GRU,1
test_08,A3,test,8,92.30000305175781,922,158.49253845214844,0.2422003149986267,0.3861462473869324,29.5,121.80000305175781,True,False,0.13755324482917786,16.753985639973052,GRU,1
test_08,A3,test,8,92.4000015258789,923,158.49253845214844,0.24137930572032928,0.37435218691825867,29.399999618530273,121.80000305175781,True,False,0.1467839479446411,17.878285307606347,GRU,1
test_08,A3,test,8,92.5,924,158.49253845214844,0.24055828154087067,0.36884817481040955,29.299999237060547,121.80000305175781,True,False,0.14740848541259766,17.95435397310939,GRU,1
test_08,A3,test,8,92.5999984741211,925,158.49253845214844,0.23973727226257324,0.3578401505947113,29.200000762939453,121.80000305175781,True,False,0.1509978175163269,18.391534634297386,GRU,1
test_08,A3,test,8,92.69999694824219,926,158.49253845214844,0.23891624808311462,0.36554574966430664,29.100000381469727,121.80000305175781,True,False,0.13816404342651367,16.828380910992564,GRU,1
test_08,A3,test,8,92.80000305175781,927,158.49253845214844,0.2380952388048172,0.3633441925048828,29.0,121.80000305175781,True,False,0.13909488916397095,16.941757924655576,GRU,1
test_08,A3,test,8,92.9000015258789,928,158.49253845214844,0.23727421462535858,0.3545377254486084,28.899999618530273,121.80000305175781,True,False,0.14445605874061584,17.594748395451916,GRU,1
test_08,A3,test,8,93.0,929,158.49253845214844,0.23645319044589996,0.3479330241680145,28.799999237060547,121.80000305175781,True,False,0.14453956484794617,17.60491943957959,GRU,1
test_08,A3,test,8,93.0999984741211,930,158.49253845214844,0.23563218116760254,0.33708226680755615,28.700000762939453,121.80000305175781,True,False,0.14802971482276917,18.030019717164123,GRU,1
test_08,A3,test,8,93.19999694824219,931,158.49253845214844,0.23481115698814392,0.33173564076423645,28.600000381469727,121.80000305175781,True,False,0.14563339948654175,17.73814850189865,GRU,1
test_08,A3,test,8,93.30000305175781,932,158.49253845214844,0.2339901477098465,0.3251309394836426,28.5,121.80000305175781,True,False,0.1443677544593811,17.58399293372804,GRU,1
test_08,A3,test,8,93.4000015258789,933,158.49253845214844,0.23316912353038788,0.3218285143375397,28.399999618530273,121.80000305175781,True,False,0.14097392559051514,17.170624567143022,GRU,1
test_08,A3,test,8,93.5,934,158.49253845214844,0.23234809935092926,0.31962695717811584,28.299999237060547,121.80000305175781,True,False,0.13700586557388306,16.687314845007677,GRU,1
test_08,A3,test,8,93.5999984741211,935,158.49253845214844,0.23152709007263184,0.31632450222969055,28.200000762939453,121.80000305175781,True,False,0.1350632905960083,16.450709206774263,GRU,1
test_08,A3,test,8,93.69999694824219,936,158.49253845214844,0.23070606589317322,0.3141229450702667,28.100000381469727,121.80000305175781,True,False,0.13293279707431793,16.191215089330626,GRU,1
test_08,A3,test,8,93.80000305175781,937,158.49253845214844,0.2298850566148758,0.3108205199241638,28.0,121.80000305175781,True,False,0.13188256323337555,16.063296604298785,GRU,1
test_08,A3,test,8,93.9000015258789,938,158.49253845214844,0.22906403243541718,0.3108205199241638,27.899999618530273,121.80000305175781,True,False,0.12788069248199463,15.575868734567848,GRU,1
test_08,A3,test,8,94.0,939,158.49253845214844,0.22824300825595856,0.307675302028656,27.799999237060547,121.80000305175781,True,False,0.12833529710769653,15.631239579365683,GRU,1
test_08,A3,test,8,94.0999984741211,940,158.49253845214844,0.22742199897766113,0.3053165376186371,27.700000762939453,121.80000305175781,True,False,0.12759453058242798,15.541014214327333,GRU,1
test_08,A3,test,8,94.19999694824219,941,158.49253845214844,0.2266009896993637,0.30971965193748474,27.600000381469727,121.80000305175781,True,False,0.12154045701026917,14.803628034762824,GRU,1
test_08,A3,test,8,94.30000305175781,942,158.49253845214844,0.2257799655199051,0.30971965193748474,27.5,121.80000305175781,True,False,0.1216590404510498,14.818071498211793,GRU,1
test_08,A3,test,8,94.4000015258789,943,158.49253845214844,0.22495894134044647,0.31003427505493164,27.399999618530273,121.80000305175781,True,False,0.12118867039680481,14.760780424169297,GRU,1
test_08,A3,test,8,94.5,944,158.49253845214844,0.22413791716098785,0.3108205199241638,27.299999237060547,121.80000305175781,True,False,0.12040732800960541,14.665612919023943,GRU,1
test_08,A3,test,8,94.5999984741211,945,158.49253845214844,0.22331690788269043,0.3108205199241638,27.200000762939453,121.80000305175781,True,False,0.1204843521118164,14.674994454908301,GRU,1
test_08,A3,test,8,94.69999694824219,946,158.49253845214844,0.222495898604393,0.30987703800201416,27.100000381469727,121.80000305175781,True,False,0.12154388427734375,14.804045475902967,GRU,1
test_08,A3,test,8,94.80000305175781,947,158.49253845214844,0.2216748744249344,0.31003427505493164,27.0,121.80000305175781,True,False,0.12103316187858582,14.74183948617565,GRU,1
test_08,A3,test,8,94.9000015258789,948,158.49253845214844,0.22085385024547577,0.3109777271747589,26.899999618530273,121.80000305175781,True,False,0.11980870366096497,14.59270047153268,GRU,1
test_08,A3,test,8,95.0,949,158.49253845214844,0.22003282606601715,0.3078327178955078,26.799999237060547,121.80000305175781,True,False,0.12259425222873688,14.931980295588119,GRU,1
test_08,A3,test,8,95.0999984741211,950,158.49253845214844,0.21921181678771973,0.3108205199241638,26.700000762939453,121.80000305175781,True,False,0.1196969747543335,14.579091890363998,GRU,1
test_08,A3,test,8,95.19999694824219,951,158.49253845214844,0.2183908075094223,0.3108205199241638,26.600000381469727,121.80000305175781,True,False,0.11988183856010437,14.60160830247105,GRU,1
test_08,A3,test,8,95.30000305175781,952,158.49253845214844,0.21756978332996368,0.3075180947780609,26.5,121.80000305175781,True,False,0.12244667112827301,14.914004917101238,GRU,1
test_08,A3,test,8,95.4000015258789,953,158.49253845214844,0.21674875915050507,0.31962695717811584,26.399999618530273,121.80000305175781,True,False,0.1110081672668457,13.520795111871848,GRU,1
test_08,A3,test,8,95.5,954,158.49253845214844,0.21592773497104645,0.34368711709976196,26.299999237060547,121.80000305175781,True,False,0.09310749173164368,11.340492777055715,GRU,1
test_08,A3,test,8,95.5999984741211,955,158.49253845214844,0.21510674059391022,0.3339371979236603,26.200000762939453,121.80000305175781,True,False,0.11332079768180847,13.802473503471901,GRU,1
test_08,A3,test,8,95.69999694824219,956,158.49253845214844,0.2142857164144516,0.3218285143375397,26.100000381469727,121.80000305175781,True,False,0.1268758922815323,15.453484067085128,GRU,1
test_08,A3,test,8,95.80000305175781,957,158.49253845214844,0.21346469223499298,0.31632450222969055,26.0,121.80000305175781,True,False,0.13057906925678253,15.904531033971807,GRU,1
test_08,A3,test,8,95.9000015258789,958,158.49253845214844,0.21264366805553436,0.3141229450702667,25.899999618530273,121.80000305175781,True,False,0.1298438310623169,15.814979019642124,GRU,1
test_08,A3,test,8,96.0,959,158.49253845214844,0.21182264387607574,0.31317928433418274,25.799999237060547,121.80000305175781,True,False,0.12824848294258118,15.620665613789697,GRU,1
test_08,A3,test,8,96.0999984741211,960,158.49253845214844,0.21100164949893951,0.3425862491130829,25.700000762939453,121.80000305175781,True,False,0.09714153409004211,11.831839148619565,GRU,1
test_08,A3,test,8,96.19999694824219,961,158.49253845214844,0.2101806253194809,0.3337799906730652,25.600000381469727,121.80000305175781,True,False,0.11564920842647552,14.086073939278094,GRU,1
test_08,A3,test,8,96.30000305175781,962,158.49253845214844,0.20935960114002228,0.3304775655269623,25.5,121.80000305175781,True,False,0.12358921766281128,15.053167088494774,GRU,1
test_08,A3,test,8,96.4000015258789,963,158.49253845214844,0.20853857696056366,0.32733234763145447,25.399999618530273,121.80000305175781,True,False,0.1282227486371994,15.617531175315662,GRU,1
test_08,A3,test,8,96.5,964,158.49253845214844,0.20771755278110504,0.31962695717811584,25.299999237060547,121.80000305175781,True,False,0.13336476683616638,16.243829007642034,GRU,1
test_08,A3,test,8,96.5999984741211,965,158.49253845214844,0.2068965584039688,0.304215669631958,25.200000762939453,121.80000305175781,True,False,0.14157429337501526,17.243749365127314,GRU,1
test_08,A3,test,8,96.69999694824219,966,158.49253845214844,0.2060755342245102,0.29006263613700867,25.100000381469727,121.80000305175781,True,False,0.14530248939990997,17.697843652337042,GRU,1
test_08,A3,test,8,96.80000305175781,967,158.49253845214844,0.20525451004505157,0.27575233578681946,25.0,121.80000305175781,True,False,0.14722587168216705,17.93211162018565,GRU,1
test_08,A3,test,8,96.9000015258789,968,158.49253845214844,0.20443348586559296,0.2672603726387024,24.899999618530273,121.80000305175781,True,False,0.14310932159423828,17.430715806913213,GRU,1
test_08,A3,test,8,97.0,969,158.49253845214844,0.20361246168613434,0.26159927248954773,24.799999237060547,121.80000305175781,True,False,0.13812707364559174,16.82387799156345,GRU,1
test_08,A3,test,8,97.0999984741211,970,158.49253845214844,0.2027914673089981,0.2582968473434448,24.700000762939453,121.80000305175781,True,False,0.13281752169132233,16.17717454732997,GRU,1
test_08,A3,test,8,97.19999694824219,971,158.49253845214844,0.2019704431295395,0.26049840450286865,24.600000381469727,121.80000305175781,True,False,0.12447464466094971,15.161012099570144,GRU,1
test_08,A3,test,8,97.30000305175781,972,158.49253845214844,0.20114941895008087,0.26049840450286865,24.5,121.80000305175781,True,False,0.12077343463897705,14.710204707598677,GRU,1
test_08,A3,test,8,97.4000015258789,973,158.49253845214844,0.20032839477062225,0.28125637769699097,24.399999618530273,121.80000305175781,True,False,0.09946094453334808,12.114343347692511,GRU,1
test_08,A3,test,8,97.5,974,158.49253845214844,0.19950737059116364,0.2965102791786194,24.299999237060547,121.80000305175781,True,False,0.09535472095012665,11.61420530272494,GRU,1
test_08,A3,test,8,97.5999984741211,975,158.49253845214844,0.1986863762140274,0.286760151386261,24.200000762939453,121.80000305175781,True,False,0.11197623610496521,13.638705899309116,GRU,1
test_08,A3,test,8,97.69999694824219,976,158.49253845214844,0.1978653520345688,0.27575233578681946,24.100000381469727,121.80000305175781,True,False,0.12169696390628815,14.822690575175557,GRU,1
test_08,A3,test,8,97.80000305175781,977,158.49253845214844,0.19704432785511017,0.26946210861206055,24.0,121.80000305175781,True,False,0.12459860742092133,15.176110764112991,GRU,1
test_08,A3,test,8,97.9000015258789,978,158.49253845214844,0.19622330367565155,0.27260714769363403,23.899999618530273,121.80000305175781,True,False,0.11938945949077606,14.54163653032424,GRU,1
test_08,A3,test,8,98.0,979,158.49253845214844,0.19540229439735413,0.2746514678001404,23.799999237060547,121.80000305175781,True,False,0.11626622080802917,14.161226049234301,GRU,1
test_08,A3,test,8,98.0999984741211,980,158.49253845214844,0.1945812851190567,0.26380085945129395,23.700000762939453,121.80000305175781,True,False,0.1235639750957489,15.050092543749543,GRU,1
test_08,A3,test,8,98.19999694824219,981,158.49253845214844,0.19376026093959808,0.2582968473434448,23.600000381469727,121.80000305175781,True,False,0.1246146410703659,15.178063662664272,GRU,1
test_08,A3,test,8,98.30000305175781,982,158.49253845214844,0.19293923676013947,0.2529502809047699,23.5,121.80000305175781,True,False,0.12433746457099915,15.144303564195525,GRU,1
test_08,A3,test,8,98.4000015258789,983,158.49253845214844,0.19211821258068085,0.24964779615402222,23.399999618530273,121.80000305175781,True,False,0.1219625174999237,14.855035003690773,GRU,1
test_08,A3,test,8,98.5,984,158.49253845214844,0.19129720330238342,0.24665984511375427,23.299999237060547,121.80000305175781,True,False,0.1204298883676529,14.668360770702975,GRU,1
test_08,A3,test,8,98.5999984741211,985,158.49253845214844,0.190476194024086,0.2397405207157135,23.200000762939453,121.80000305175781,True,False,0.12250375747680664,14.920958034526848,GRU,1
test_08,A3,test,8,98.69999694824219,986,158.49253845214844,0.18965516984462738,0.2348657250404358,23.100000381469727,121.80000305175781,True,False,0.12116014957427979,14.75730658789871,GRU,1
test_08,A3,test,8,98.80000305175781,987,158.49253845214844,0.18883414566516876,0.23848260939121246,23.0,121.80000305175781,True,False,0.11340993642807007,13.813330603038594,GRU,1
test_08,A3,test,8,98.9000015258789,988,158.49253845214844,0.18801312148571014,0.23895427584648132,22.899999618530273,121.80000305175781,True,False,0.11095242202281952,13.514005340979338,GRU,1
test_08,A3,test,8,99.0,989,158.49253845214844,0.18719211220741272,0.23706728219985962,22.799999237060547,121.80000305175781,True,False,0.1110568642616272,13.526726405984846,GRU,1
test_08,A3,test,8,99.0999984741211,990,158.49253845214844,0.1863711029291153,0.23502297699451447,22.700000762939453,121.80000305175781,True,False,0.11129379272460938,13.555584293499123,GRU,1
test_08,A3,test,8,99.19999694824219,991,158.49253845214844,0.18555007874965668,0.22951893508434296,22.600000381469727,121.80000305175781,True,False,0.11363673210144043,13.84095431674723,GRU,1
test_08,A3,test,8,99.30000305175781,992,158.49253845214844,0.18472905457019806,0.2660024166107178,22.5,121.80000305175781,True,False,0.07428058981895447,9.047376066635024,GRU,1
test_08,A3,test,8,99.4000015258789,993,158.49253845214844,0.18390804529190063,0.2660024166107178,22.399999618530273,121.80000305175781,True,False,0.08985242247581482,10.944025331762077,GRU,1
test_08,A3,test,8,99.5,994,158.49253845214844,0.18308702111244202,0.2529502809047699,22.299999237060547,121.80000305175781,True,False,0.10779842734336853,13.12984877939698,GRU,1
test_08,A3,test,8,99.5999984741211,995,158.49253845214844,0.1822660118341446,0.24414381384849548,22.200000762939453,121.80000305175781,True,False,0.11540205776691437,14.055970988189301,GRU,1
test_08,A3,test,8,99.69999694824219,996,158.49253845214844,0.18144498765468597,0.23816798627376556,22.100000381469727,121.80000305175781,True,False,0.1180785596370697,14.381968924142257,GRU,1
test_08,A3,test,8,99.80000305175781,997,158.49253845214844,0.18062396347522736,0.22951893508434296,22.0,121.80000305175781,True,False,0.12112249433994293,14.752720180241568,GRU,1
test_08,A3,test,8,99.9000015258789,998,158.49253845214844,0.17980295419692993,0.22291408479213715,21.899999618530273,121.80000305175781,True,False,0.1214737743139267,14.795506082144811,GRU,1
test_08,A3,test,8,100.0,999,158.49253845214844,0.1789819300174713,0.21961182355880737,21.799999237060547,121.80000305175781,True,False,0.11831021308898926,14.410184315293009,GRU,1
test_08,A3,test,8,100.0999984741211,1000,158.49253845214844,0.1781609207391739,0.21741008758544922,21.700000762939453,121.80000305175781,True,False,0.11553198099136353,14.071795637323703,GRU,1
test_08,A3,test,8,100.19999694824219,1001,158.49253845214844,0.17733989655971527,0.21190625429153442,21.600000381469727,121.80000305175781,True,False,0.11552019417285919,14.070360002793905,GRU,1
test_08,A3,test,8,100.30000305175781,1002,158.49253845214844,0.17651887238025665,0.20860382914543152,21.5,121.80000305175781,True,False,0.1140478253364563,13.89102547402672,GRU,1
test_08,A3,test,8,100.4000015258789,1003,158.49253845214844,0.17569786310195923,0.2064022719860077,21.399999618530273,121.80000305175781,True,False,0.11162379384040833,13.595778430410519,GRU,1
test_08,A3,test,8,100.5,1004,158.49253845214844,0.1748768389225006,0.2064022719860077,21.299999237060547,121.80000305175781,True,False,0.10878472030162811,13.249979264722924,GRU,1
test_08,A3,test,8,100.5999984741211,1005,158.49253845214844,0.17405582964420319,0.2054586112499237,21.200000762939453,121.80000305175781,True,False,0.10736951231956482,13.077606928188743,GRU,1
test_08,A3,test,8,100.69999694824219,1006,158.49253845214844,0.17323480546474457,0.2054586112499237,21.100000381469727,121.80000305175781,True,False,0.10535477101802826,12.832211431513088,GRU,1
test_08,A3,test,8,100.80000305175781,1007,158.49253845214844,0.17241379618644714,0.21080540120601654,21.0,121.80000305175781,True,False,0.0991736501455307,12.079350890379601,GRU,1
test_08,A3,test,8,100.9000015258789,1008,158.49253845214844,0.17159277200698853,0.2092328667640686,20.899999618530273,121.80000305175781,True,False,0.10098665952682495,12.300175438554106,GRU,1
test_08,A3,test,8,101.0,1009,158.49253845214844,0.1707717478275299,0.20655947923660278,20.799999237060547,121.80000305175781,True,False,0.10272006690502167,12.511304462508406,GRU,1
test_08,A3,test,8,101.0999984741211,1010,158.49253845214844,0.16995073854923248,0.2064022719860077,20.700000762939453,121.80000305175781,True,False,0.10203783214092255,12.428208266159118,GRU,1
test_08,A3,test,8,101.19999694824219,1011,158.49253845214844,0.16912971436977386,0.20860382914543152,20.600000381469727,121.80000305175781,True,False,0.09942582249641418,12.110065483486778,GRU,1
test_08,A3,test,8,101.30000305175781,1012,158.49253845214844,0.16830870509147644,0.21772471070289612,20.5,121.80000305175781,True,False,0.09237746894359589,11.251575999243641,GRU,1
test_08,A3,test,8,101.4000015258789,1013,158.49253845214844,0.16748768091201782,0.22039811313152313,20.399999618530273,121.80000305175781,True,False,0.09312422573566437,11.342530978796503,GRU,1
test_08,A3,test,8,101.5,1014,158.49253845214844,0.1666666567325592,0.21961182355880737,20.299999237060547,121.80000305175781,True,False,0.09648963809013367,11.752438213841288,GRU,1
test_08,A3,test,8,101.5999984741211,1015,158.49253845214844,0.16584564745426178,0.21961182355880737,20.200000762939453,121.80000305175781,True,False,0.09800076484680176,11.936493457415054,GRU,1
test_08,A3,test,8,101.69999694824219,1016,158.49253845214844,0.16502462327480316,0.21961182355880737,20.100000381469727,121.80000305175781,True,False,0.09880319237709045,12.034229133053032,GRU,1
test_08,A3,test,8,101.80000305175781,1017,158.49253845214844,0.16420361399650574,0.21536588668823242,20.0,121.80000305175781,True,False,0.10284113883972168,12.52605102452435,GRU,1
test_08,A3,test,8,101.9000015258789,1018,158.49253845214844,0.16338258981704712,0.2152085304260254,19.899999618530273,121.80000305175781,True,False,0.10221467912197113,12.44974822899053,GRU,1
test_08,A3,test,8,102.0,1019,158.49253845214844,0.1625615656375885,0.21410782635211945,19.799999237060547,121.80000305175781,True,False,0.10214145481586456,12.440829508283286,GRU,1
test_08,A3,test,8,102.0999984741211,1020,158.49253845214844,0.16174055635929108,0.21080540120601654,19.700000762939453,121.80000305175781,True,False,0.10358969867229462,12.617225614416157,GRU,1
test_08,A3,test,8,102.19999694824219,1021,158.49253845214844,0.16091953217983246,0.2087610363960266,19.600000381469727,121.80000305175781,True,False,0.10366642475128174,12.626570851070937,GRU,1
test_08,A3,test,8,102.30000305175781,1022,158.49253845214844,0.16009852290153503,0.21410782635211945,19.5,121.80000305175781,True,False,0.09789641201496124,11.92378328217842,GRU,1
test_08,A3,test,8,102.4000015258789,1023,158.49253845214844,0.15927749872207642,0.21410782635211945,19.399999618530273,121.80000305175781,True,False,0.09871383011341095,12.023344809064156,GRU,1
test_08,A3,test,8,102.5,1024,158.49253845214844,0.1584564745426178,0.21190625429153442,19.299999237060547,121.80000305175781,True,False,0.09983643889427185,12.160078561998944,GRU,1
test_08,A3,test,8,102.5999984741211,1025,158.49253845214844,0.15763546526432037,0.22071251273155212,19.200000762939453,121.80000305175781,True,False,0.09237834811210632,11.251683081970896,GRU,1
test_08,A3,test,8,102.69999694824219,1026,158.49253845214844,0.15681445598602295,0.21961182355880737,19.100000381469727,121.80000305175781,True,False,0.09586852788925171,11.676786989478387,GRU,1
test_08,A3,test,8,102.80000305175781,1027,158.49253845214844,0.15599343180656433,0.2152085304260254,19.0,121.80000305175781,True,False,0.10080663859844208,12.278248888927692,GRU,1
test_08,A3,test,8,102.9000015258789,1028,158.49253845214844,0.1551724076271057,0.21190625429153442,18.899999618530273,121.80000305175781,True,False,0.10308721661567688,12.556023298386663,GRU,1
test_08,A3,test,8,103.0,1029,158.49253845214844,0.1543513834476471,0.20860382914543152,18.799999237060547,121.80000305175781,True,False,0.1036803275346756,12.628264210130737,GRU,1
test_08,A3,test,8,103.0999984741211,1030,158.49253845214844,0.15353037416934967,0.21410782635211945,18.700000762939453,121.80000305175781,True,False,0.09734533727169037,11.85666237676628,GRU,1
test_08,A3,test,8,103.19999694824219,1031,158.49253845214844,0.15270936489105225,0.20655947923660278,18.600000381469727,121.80000305175781,True,False,0.10334298014640808,12.587175297210251,GRU,1
test_08,A3,test,8,103.30000305175781,1032,158.49253845214844,0.15188834071159363,0.2054586112499237,18.5,121.80000305175781,True,False,0.10263912379741669,12.5014455917551,GRU,1
test_08,A3,test,8,103.4000015258789,1033,158.49253845214844,0.151067316532135,0.22826087474822998,18.399999618530273,121.80000305175781,True,False,0.08046120405197144,9.800174899078229,GRU,1
test_08,A3,test,8,103.5,1034,158.49253845214844,0.1502462923526764,0.22291408479213715,18.299999237060547,121.80000305175781,True,False,0.09184113144874573,11.18625009073412,GRU,1
test_08,A3,test,8,103.5999984741211,1035,158.49253845214844,0.14942528307437897,0.21961182355880737,18.200000762939453,121.80000305175781,True,False,0.0979146957397461,11.926010239913012,GRU,1
test_08,A3,test,8,103.69999694824219,1036,158.49253845214844,0.14860427379608154,0.21410782635211945,18.100000381469727,121.80000305175781,True,False,0.10298068821430206,12.543048138774111,GRU,1
test_08,A3,test,8,103.80000305175781,1037,158.49253845214844,0.14778324961662292,0.20844662189483643,18.0,121.80000305175781,True,False,0.10629922151565552,12.947245505006322,GRU,1
test_08,A3,test,8,103.9000015258789,1038,158.49253845214844,0.1469622254371643,0.20420055091381073,17.899999618530273,121.80000305175781,True,False,0.10723577439785004,13.061317648915747,GRU,1
test_08,A3,test,8,104.0,1039,158.49253845214844,0.1461412012577057,0.19995462894439697,17.799999237060547,121.80000305175781,True,False,0.10760793089866638,13.10664631185091,GRU,1
test_08,A3,test,8,104.0999984741211,1040,158.49253845214844,0.14532020688056946,0.196652352809906,17.700000762939453,121.80000305175781,True,False,0.10661940276622772,12.986243582303132,GRU,1
test_08,A3,test,8,104.19999694824219,1041,158.49253845214844,0.14449918270111084,0.19948294758796692,17.600000381469727,121.80000305175781,True,False,0.10148866474628448,12.361319675816276,GRU,1
test_08,A3,test,8,104.30000305175781,1042,158.49253845214844,0.14367815852165222,0.21143443882465363,17.5,121.80000305175781,True,False,0.09067890048027039,11.044690355226976,GRU,1
test_08,A3,test,8,104.4000015258789,1043,158.49253845214844,0.1428571343421936,0.23282141983509064,17.399999618530273,121.80000305175781,True,False,0.07637298107147217,9.302229327577152,GRU,1
test_08,A3,test,8,104.5,1044,158.49253845214844,0.14203611016273499,0.22401495277881622,17.299999237060547,121.80000305175781,True,False,0.09209947288036346,11.217716077893556,GRU,1
test_08,A3,test,8,104.5999984741211,1045,158.49253845214844,0.14121511578559875,0.21206346154212952,17.200000762939453,121.80000305175781,True,False,0.10447005927562714,12.724453538588705,GRU,1
test_08,A3,test,8,104.69999694824219,1046,158.49253845214844,0.14039409160614014,0.22071251273155212,17.100000381469727,121.80000305175781,True,False,0.09777168929576874,11.908592054600149,GRU,1
test_08,A3,test,8,104.80000305175781,1047,158.49253845214844,0.13957306742668152,0.21741008758544922,17.0,121.80000305175781,True,False,0.10183459520339966,12.4034540065486,GRU,1
test_08,A3,test,8,104.9000015258789,1048,158.49253845214844,0.1387520432472229,0.2064022719860077,16.899999618530273,121.80000305175781,True,False,0.10977122187614441,13.370135159509573,GRU,1
test_08,A3,test,8,105.0,1049,158.49253845214844,0.13793101906776428,0.19995462894439697,16.799999237060547,121.80000305175781,True,False,0.11131799221038818,13.558531790940833,GRU,1
test_08,A3,test,8,105.0999984741211,1050,158.49253845214844,0.13711002469062805,0.19130556285381317,16.700000762939453,121.80000305175781,True,False,0.1133594959974289,13.807186958432567,GRU,1
test_08,A3,test,8,105.19999694824219,1051,158.49253845214844,0.13628900051116943,0.18249930441379547,16.600000381469727,121.80000305175781,True,False,0.11473196744918823,13.974353985445305,GRU,1
test_08,A3,test,8,105.30000305175781,1052,158.49253845214844,0.13546797633171082,0.17589445412158966,16.5,121.80000305175781,True,False,0.11261060833930969,13.715972439388224,GRU,1
test_08,A3,test,8,105.4000015258789,1053,158.49253845214844,0.1346469521522522,0.1714913249015808,16.399999618530273,121.80000305175781,True,False,0.1100383996963501,13.402677418825988,GRU,1
test_08,A3,test,8,105.5,1054,158.49253845214844,0.13382592797279358,0.17039041221141815,16.299999237060547,121.80000305175781,True,False,0.10572922229766846,12.877819598515998,GRU,1
test_08,A3,test,8,105.5999984741211,1055,158.49253845214844,0.13300493359565735,0.1714913249015808,16.200000762939453,121.80000305175781,True,False,0.10114556550979614,12.31953018776494,GRU,1
test_08,A3,test,8,105.69999694824219,1056,158.49253845214844,0.13218390941619873,0.17039041221141815,16.100000381469727,121.80000305175781,True,False,0.09937871992588043,12.104328390252022,GRU,1
test_08,A3,test,8,105.80000305175781,1057,158.49253845214844,0.1313628852367401,0.17054782807826996,16.0,121.80000305175781,True,False,0.09732043743133545,11.853629576135063,GRU,1
test_08,A3,test,8,105.9000015258789,1058,158.49253845214844,0.1305418610572815,0.17919687926769257,15.899999618530273,121.80000305175781,True,False,0.08919906616210938,10.864446530758869,GRU,1
test_08,A3,test,8,106.0,1059,158.49253845214844,0.12972085177898407,0.17369289696216583,15.800000190734863,121.80000305175781,True,False,0.09469181299209595,11.533463111413766,GRU,1
test_08,A3,test,8,106.0999984741211,1060,158.49253845214844,0.12889982759952545,0.17039041221141815,15.699999809265137,121.80000305175781,True,False,0.09686413407325745,11.798051825728635,GRU,1
test_08,A3,test,8,106.19999694824219,1061,158.49253845214844,0.12807881832122803,0.16378572583198547,15.600000381469727,121.80000305175781,True,False,0.1004098504781723,12.229920094667932,GRU,1
test_08,A3,test,8,106.30000305175781,1062,158.49253845214844,0.1272577941417694,0.16378572583198547,15.5,121.80000305175781,True,False,0.09779784083366394,11.911777311995593,GRU,1
test_08,A3,test,8,106.4000015258789,1063,158.49253845214844,0.1264367699623108,0.16378572583198547,15.399999618530273,121.80000305175781,True,False,0.09551072120666504,11.633206134447391,GRU,1
test_08,A3,test,8,106.5,1064,158.49253845214844,0.12561576068401337,0.15843893587589264,15.300000190734863,121.80000305175781,True,False,0.09804190695285797,11.941504566058256,GRU,1
test_08,A3,test,8,106.5999984741211,1065,158.49253845214844,0.12479474395513535,0.15608015656471252,15.199999809265137,121.80000305175781,True,False,0.09711143374443054,11.828172926432217,GRU,1
test_08,A3,test,8,106.69999694824219,1066,158.49253845214844,0.12397372722625732,0.15513671934604645,15.100000381469727,121.80000305175781,True,False,0.09515303373336792,11.589639799108227,GRU,1
test_08,A3,test,8,106.80000305175781,1067,158.49253845214844,0.1231527030467987,0.15513671934604645,15.0,121.80000305175781,True,False,0.09333726763725281,11.368479483060128,GRU,1
test_08,A3,test,8,106.9000015258789,1068,158.49253845214844,0.12233168631792068,0.1529349982738495,14.899999618530273,121.80000305175781,True,False,0.09357151389122009,11.397010677508206,GRU,1
test_08,A3,test,8,107.0,1069,158.49253845214844,0.12151066958904266,0.1507335901260376,14.800000190734863,121.80000305175781,True,False,0.09356023371219635,11.39563675166869,GRU,1
test_08,A3,test,8,107.0999984741211,1070,158.49253845214844,0.12068965286016464,0.1529349982738495,14.699999809265137,121.80000305175781,True,False,0.09003916382789612,10.966770429015469,GRU,1
test_08,A3,test,8,107.19999694824219,1071,158.49253845214844,0.11986863613128662,0.1507335901260376,14.600000381469727,121.80000305175781,True,False,0.09110525250434875,11.096620033060844,GRU,1
test_08,A3,test,8,107.30000305175781,1072,158.49253845214844,0.1190476194024086,0.1507335901260376,14.5,121.80000305175781,True,False,0.09008821845054626,10.97274528220396,GRU,1
test_08,A3,test,8,107.4000015258789,1073,158.49253845214844,0.11822659522294998,0.1529349982738495,14.399999618530273,121.80000305175781,True,False,0.08787280321121216,10.702907699292155,GRU,1
test_08,A3,test,8,107.5,1074,158.49253845214844,0.11740557849407196,0.15513671934604645,14.300000190734863,121.80000305175781,True,False,0.0862002819776535,10.49919460794058,GRU,1
test_08,A3,test,8,107.5999984741211,1075,158.49253845214844,0.11658456176519394,0.1507335901260376,14.199999809265137,121.80000305175781,True,False,0.09009172022342682,10.973171798151498,GRU,1
test_08,A3,test,8,107.69999694824219,1076,158.49253845214844,0.11576354503631592,0.14743110537528992,14.100000381469727,121.80000305175781,True,False,0.09180192649364471,11.181474927083173,GRU,1
test_08,A3,test,8,107.80000305175781,1077,158.49253845214844,0.1149425283074379,0.15513671934604645,14.0,121.80000305175781,True,False,0.0845150351524353,10.293931539486039,GRU,1
test_08,A3,test,8,107.9000015258789,1078,158.49253845214844,0.11412150412797928,0.1507335901260376,13.899999618530273,121.80000305175781,True,False,0.08874814212322235,10.809523981446318,GRU,1
test_08,A3,test,8,108.0,1079,158.49253845214844,0.11330049484968185,0.1529349982738495,13.800000190734863,121.80000305175781,True,False,0.0866042822599411,10.548401843556121,GRU,1
test_08,A3,test,8,108.0999984741211,1080,158.49253845214844,0.11247947067022324,0.15576553344726562,13.699999809265137,121.80000305175781,True,False,0.084648996591568,10.310248043181218,GRU,1
test_08,A3,test,8,108.19999694824219,1081,158.49253845214844,0.11165845394134521,0.15513671934604645,13.600000381469727,121.80000305175781,True,False,0.08597373962402344,10.471601748577086,GRU,1
test_08,A3,test,8,108.30000305175781,1082,158.49253845214844,0.1108374372124672,0.1529349982738495,13.5,121.80000305175781,True,False,0.08801831305027008,10.72063079813347,GRU,1
test_08,A3,test,8,108.4000015258789,1083,158.49253845214844,0.11001641303300858,0.1507335901260376,13.399999618530273,121.80000305175781,True,False,0.08948074281215668,10.89875474759424,GRU,1
test_08,A3,test,8,108.5,1084,158.49253845214844,0.10919540375471115,0.1497899293899536,13.300000190734863,121.80000305175781,True,False,0.08892235159873962,10.830742696095967,GRU,1
test_08,A3,test,8,108.5999984741211,1085,158.49253845214844,0.10837437957525253,0.1535639762878418,13.199999809265137,121.80000305175781,True,False,0.08529818058013916,10.389318654970339,GRU,1
test_08,A3,test,8,108.69999694824219,1086,158.49253845214844,0.10755337029695511,0.15828172862529755,13.100000381469727,121.80000305175781,True,False,0.08242987096309662,10.03995853486117,GRU,1
test_08,A3,test,8,108.80000305175781,1087,158.49253845214844,0.10673234611749649,0.15623736381530762,13.0,121.80000305175781,True,False,0.0858706682920456,10.459047660027636,GRU,1
test_08,A3,test,8,108.9000015258789,1088,158.49253845214844,0.10591132193803787,0.15623736381530762,12.899999618530273,121.80000305175781,True,False,0.08608990907669067,10.485751188266477,GRU,1
test_08,A3,test,8,109.0,1089,158.49253845214844,0.10509031265974045,0.1595398485660553,12.800000190734863,121.80000305175781,True,False,0.08403797447681427,10.235825547739523,GRU,1
test_08,A3,test,8,109.0999984741211,1090,158.49253845214844,0.10426928848028183,0.16457201540470123,12.699999809265137,121.80000305175781,True,False,0.08179871737957001,9.963084026461502,GRU,1
test_08,A3,test,8,109.19999694824219,1091,158.49253845214844,0.1034482792019844,0.1595398485660553,12.600000381469727,121.80000305175781,True,False,0.08767881989479065,10.679280530760025,GRU,1
test_08,A3,test,8,109.30000305175781,1092,158.49253845214844,0.10262725502252579,0.15513671934604645,12.5,121.80000305175781,True,False,0.09105938673019409,11.091033581628835,GRU,1
test_08,A3,test,8,109.4000015258789,1093,158.49253845214844,0.10180623084306717,0.16174140572547913,12.399999618530273,121.80000305175781,True,False,0.0843784362077713,10.277293787609096,GRU,1
test_08,A3,test,8,109.5,1094,158.49253845214844,0.10098522156476974,0.16158415377140045,12.300000190734863,121.80000305175781,True,False,0.08560588955879211,10.426797609509322,GRU,1
test_08,A3,test,8,109.5999984741211,1095,158.49253845214844,0.10016419738531113,0.1507335901260376,12.199999809265137,121.80000305175781,True,False,0.09458084404468536,11.519947093280507,GRU,1
test_08,A3,test,8,109.69999694824219,1096,158.49253845214844,0.0993431881070137,0.1441287398338318,12.100000381469727,121.80000305175781,True,False,0.09671102464199066,11.779403096533088,GRU,1
test_08,A3,test,8,109.80000305175781,1097,158.49253845214844,0.09852216392755508,0.14428594708442688,12.0,121.80000305175781,True,False,0.09306198358535767,11.3349498846992,GRU,1
test_08,A3,test,8,109.9000015258789,1098,158.49253845214844,0.09770114719867706,0.13768120110034943,11.899999618530273,121.80000305175781,True,False,0.0957796722650528,11.665964374179794,GRU,1
test_08,A3,test,8,110.0,1099,158.49253845214844,0.09688013046979904,0.1321772038936615,11.800000190734863,121.80000305175781,True,False,0.0960412323474884,11.697822393018669,GRU,1
test_08,A3,test,8,110.0999984741211,1100,158.49253845214844,0.09605910629034042,0.12887482345104218,11.699999809265137,121.80000305175781,True,False,0.09472143650054932,11.53707125483379,GRU,1
test_08,A3,test,8,110.19999694824219,1101,158.49253845214844,0.095238097012043,0.12683063745498657,11.600000381469727,121.80000305175781,True,False,0.09271332621574402,11.292483416016239,GRU,1
test_08,A3,test,8,110.30000305175781,1102,158.49253845214844,0.09441707283258438,0.12447170168161392,11.5,121.80000305175781,True,False,0.09173896908760071,11.173806714834882,GRU,1
test_08,A3,test,8,110.4000015258789,1103,158.49253845214844,0.09359605610370636,0.12337072938680649,11.399999618530273,121.80000305175781,True,False,0.08980134129524231,10.937803643812458,GRU,1
test_08,A3,test,8,110.5,1104,158.49253845214844,0.09277503937482834,0.12337072938680649,11.300000190734863,121.80000305175781,True,False,0.08741739392280579,10.64743884657446,GRU,1
test_08,A3,test,8,110.5999984741211,1105,158.49253845214844,0.09195402264595032,0.12997569143772125,11.199999809265137,121.80000305175781,True,False,0.08113911747932434,9.88274475659864,GRU,1
test_08,A3,test,8,110.69999694824219,1106,158.49253845214844,0.0911330059170723,0.14192712306976318,11.100000381469727,121.80000305175781,True,False,0.07298651337623596,8.889757551962703,GRU,1
test_08,A3,test,8,110.80000305175781,1107,158.49253845214844,0.09031198173761368,0.13752377033233643,11.0,121.80000305175781,True,False,0.07947087287902832,9.679552559191507,GRU,1
test_08,A3,test,8,110.9000015258789,1108,158.49253845214844,0.08949096500873566,0.13862474262714386,10.899999618530273,121.80000305175781,True,False,0.08067308366298676,9.8259818363465,GRU,1
test_08,A3,test,8,111.0,1109,158.49253845214844,0.08866994827985764,0.14334239065647125,10.800000190734863,121.80000305175781,True,False,0.07869352400302887,9.584871463722493,GRU,1
test_08,A3,test,8,111.0999984741211,1110,158.49253845214844,0.08784893155097961,0.14318518340587616,10.699999809265137,121.80000305175781,True,False,0.0807071328163147,9.830129023325753,GRU,1
test_08,A3,test,8,111.19999694824219,1111,158.49253845214844,0.08702791482210159,0.14176970720291138,10.600000381469727,121.80000305175781,True,False,0.08325910568237305,10.140959326199663,GRU,1
test_08,A3,test,8,111.30000305175781,1112,158.49253845214844,0.08620689809322357,0.13862474262714386,10.5,121.80000305175781,True,False,0.08638867735862732,10.522141165918129,GRU,1
test_08,A3,test,8,111.4000015258789,1113,158.49253845214844,0.08538587391376495,0.15655198693275452,10.399999618530273,121.80000305175781,True,False,0.07074901461601257,8.61723019613919,GRU,1
test_08,A3,test,8,111.5,1114,158.49253845214844,0.08456485718488693,0.15214864909648895,10.300000190734863,121.80000305175781,True,False,0.07943984866142273,9.675773809392467,GRU,1
test_08,A3,test,8,111.5999984741211,1115,158.49253845214844,0.08374384045600891,0.14711648225784302,10.199999809265137,121.80000305175781,True,False,0.08555437624454498,10.420523287676815,GRU,1
test_08,A3,test,8,111.69999694824219,1116,158.49253845214844,0.08292282372713089,0.14192712306976318,10.100000381469727,121.80000305175781,True,False,0.08931069076061249,10.8780424071972,GRU,1
test_08,A3,test,8,111.80000305175781,1117,158.49253845214844,0.08210180699825287,0.14208433032035828,10.0,121.80000305175781,True,False,0.08828741312026978,10.753407187480661,GRU,1
test_08,A3,test,8,111.9000015258789,1118,158.49253845214844,0.08128078281879425,0.13878194987773895,9.899999618530273,121.80000305175781,True,False,0.0896100252866745,10.914501353385049,GRU,1
test_08,A3,test,8,112.0,1119,158.49253845214844,0.08045976608991623,0.13547968864440918,9.800000190734863,121.80000305175781,True,False,0.09039890766143799,11.01058722903872,GRU,1
test_08,A3,test,8,112.0999984741211,1120,158.49253845214844,0.07963874936103821,0.14963272213935852,9.699999809265137,121.80000305175781,True,False,0.07718357443809509,9.400959602105559,GRU,1
test_08,A3,test,8,112.19999694824219,1121,158.49253845214844,0.07881773263216019,0.14444315433502197,9.600000381469727,121.80000305175781,True,False,0.08390776813030243,10.219966414337023,GRU,1
test_08,A3,test,8,112.30000305175781,1122,158.49253845214844,0.07799671590328217,0.13547968864440918,9.5,121.80000305175781,True,False,0.09087876975536346,11.069034433543266,GRU,1
test_08,A3,test,8,112.4000015258789,1123,158.49253845214844,0.07717569172382355,0.13547968864440918,9.399999618530273,121.80000305175781,True,False,0.08911830186843872,10.85460943954331,GRU,1
test_08,A3,test,8,112.5,1124,158.49253845214844,0.07635468244552612,0.12667320668697357,9.300000190734863,121.80000305175781,True,False,0.09376469254493713,11.420539838120476,GRU,1
test_08,A3,test,8,112.5999984741211,1125,158.49253845214844,0.0755336582660675,0.12006857246160507,9.199999809265137,121.80000305175781,True,False,0.09524588286876678,11.600948824083162,GRU,1
test_08,A3,test,8,112.69999694824219,1126,158.49253845214844,0.07471264153718948,0.12116922438144684,9.100000381469727,121.80000305175781,True,False,0.09005819261074066,10.969088134824005,GRU,1
test_08,A3,test,8,112.80000305175781,1127,158.49253845214844,0.07389162480831146,0.14192712306976318,9.0,121.80000305175781,True,False,0.07090280950069427,8.635962413562766,GRU,1
test_08,A3,test,8,112.9000015258789,1128,158.49253845214844,0.07307060062885284,0.12447170168161392,8.899999618530273,121.80000305175781,True,False,0.08732959628105164,10.636745093540867,GRU,1
test_08,A3,test,8,113.0,1129,158.49253845214844,0.07224959135055542,0.11802394688129425,8.800000190734863,121.80000305175781,True,False,0.09071649610996246,11.049269503038204,GRU,1
test_08,A3,test,8,113.0999984741211,1130,158.49253845214844,0.0714285671710968,0.10921768844127655,8.699999809265137,121.80000305175781,True,False,0.09401032328605652,11.450457663138423,GRU,1
test_08,A3,test,8,113.19999694824219,1131,158.49253845214844,0.07060755789279938,0.10261283814907074,8.600000381469727,121.80000305175781,True,False,0.09443490207195282,11.502171360556304,GRU,1
test_08,A3,test,8,113.30000305175781,1132,158.49253845214844,0.06978653371334076,0.09412109106779099,8.5,121.80000305175781,True,False,0.09589909017086029,11.680509475471581,GRU,1
test_08,A3,test,8,113.4000015258789,1133,158.49253845214844,0.06896550953388214,0.08971796184778214,8.399999618530273,121.80000305175781,True,False,0.09379622340202332,11.424380296609797,GRU,1
test_08,A3,test,8,113.5,1134,158.49253845214844,0.06814450025558472,0.08405666053295135,8.300000190734863,121.80000305175781,True,False,0.09292730689048767,11.318546262853033,GRU,1
test_08,A3,test,8,113.5999984741211,1135,158.49253845214844,0.0673234760761261,0.10088314861059189,8.199999809265137,121.80000305175781,True,False,0.07520821690559387,9.160361048618597,GRU,1
test_08,A3,test,8,113.69999694824219,1136,158.49253845214844,0.06650246679782867,0.12085480988025665,8.100000381469727,121.80000305175781,True,False,0.06283143162727356,7.652868563948232,GRU,1
test_08,A3,test,8,113.80000305175781,1137,158.49253845214844,0.06568144261837006,0.10387101024389267,8.0,121.80000305175781,True,False,0.08042082190513611,9.79525635347045,GRU,1
test_08,A3,test,8,113.9000015258789,1138,158.49253845214844,0.06486042588949203,0.10277025401592255,7.900000095367432,121.80000305175781,True,False,0.08239836990833282,10.036121706294807,GRU,1
test_08,A3,test,8,114.0,1139,158.49253845214844,0.06403940916061401,0.09915336221456528,7.800000190734863,121.80000305175781,True,False,0.08451458811759949,10.293877090641672,GRU,1
test_08,A3,test,8,114.0999984741211,1140,158.49253845214844,0.0632183849811554,0.09475012868642807,7.699999809265137,121.80000305175781,True,False,0.086186483502388,10.497513953611133,GRU,1
test_08,A3,test,8,114.19999694824219,1141,158.49253845214844,0.06239737197756767,0.08971796184778214,7.599999904632568,121.80000305175781,True,False,0.08748525381088257,10.655704181149304,GRU,1
test_08,A3,test,8,114.30000305175781,1142,158.49253845214844,0.06157635152339935,0.09852433204650879,7.5,121.80000305175781,True,False,0.07899367809295654,9.621430232791681,GRU,1
test_08,A3,test,8,114.4000015258789,1143,158.49253845214844,0.06075533479452133,0.09191947430372238,7.400000095367432,121.80000305175781,True,False,0.08344912528991699,10.16410371497841,GRU,1
test_08,A3,test,8,114.5,1144,158.49253845214844,0.05993431806564331,0.0820123553276062,7.300000190734863,121.80000305175781,True,False,0.08857211470603943,10.788083841496245,GRU,1
test_08,A3,test,8,114.5999984741211,1145,158.49253845214844,0.05911333659472194,,7.200004577636719,121.80000305175781,False,True,,,GRU,1
test_08,A3,test,8,114.69999694824219,1146,158.49253845214844,0.05829233108063669,,7.100006103515625,121.80000305175781,False,True,,,GRU,1
test_08,A3,test,8,114.79999542236328,1147,158.49253845214844,0.057471325566551434,,7.000007629394531,121.80000305175781,False,True,,,GRU,1
test_08,A3,test,8,114.89999389648438,1148,158.49253845214844,0.05665032005246618,,6.9000091552734375,121.80000305175781,False,True,,,GRU,1
test_08,A3,test,8,114.99999237060547,1149,158.49253845214844,0.05582931453838093,,6.800010681152344,121.80000305175781,False,True,,,GRU,1
test_08,A3,test,8,115.09999084472656,1150,158.49253845214844,0.055008309024295675,,6.70001220703125,121.80000305175781,False,True,,,GRU,1
test_08,A3,test,8,115.19998931884766,1151,158.49253845214844,0.05418730351021042,,6.600013732910156,121.80000305175781,False,True,,,GRU,1
test_08,A3,test,8,115.29998779296875,1152,158.49253845214844,0.05336629799612517,,6.5000152587890625,121.80000305175781,False,True,,,GRU,1
test_08,A3,test,8,115.39998626708984,1153,158.49253845214844,0.052545292482039915,,6.400016784667969,121.80000305175781,False,True,,,GRU,1
test_08,A3,test,8,115.49998474121094,1154,158.49253845214844,0.05172428696795466,,6.300018310546875,121.80000305175781,False,True,,,GRU,1
test_08,A3,test,8,115.59998321533203,1155,158.49253845214844,0.05090328145386941,,6.200019836425781,121.80000305175781,False,True,,,GRU,1
test_08,A3,test,8,115.69998168945312,1156,158.49253845214844,0.05008227593978416,,6.1000213623046875,121.80000305175781,False,True,,,GRU,1
test_08,A3,test,8,115.79998016357422,1157,158.49253845214844,0.04926127042569891,,6.000022888183594,121.80000305175781,False,True,,,GRU,1
test_08,A3,test,8,115.89997863769531,1158,158.49253845214844,0.048440264911613656,,5.9000244140625,121.80000305175781,False,True,,,GRU,1
test_08,A3,test,8,115.9999771118164,1159,158.49253845214844,0.0476192593975284,,5.800025939941406,121.80000305175781,False,True,,,GRU,1
test_08,A3,test,8,116.0999755859375,1160,158.49253845214844,0.04679825388344315,,5.7000274658203125,121.80000305175781,False,True,,,GRU,1
test_08,A3,test,8,116.1999740600586,1161,158.49253845214844,0.0459772483693579,,5.600028991699219,121.80000305175781,False,True,,,GRU,1
test_08,A3,test,8,116.29997253417969,1162,158.49253845214844,0.045156242855272644,,5.500030517578125,121.80000305175781,False,True,,,GRU,1
test_08,A3,test,8,116.39997100830078,1163,158.49253845214844,0.04433523734118739,,5.400032043457031,121.80000305175781,False,True,,,GRU,1
test_08,A3,test,8,116.49996948242188,1164,158.49253845214844,0.04351423182710214,,5.3000335693359375,121.80000305175781,False,True,,,GRU,1
test_08,A3,test,8,116.59996795654297,1165,158.49253845214844,0.042693226313016884,,5.200035095214844,121.80000305175781,False,True,,,GRU,1
test_08,A3,test,8,116.69996643066406,1166,158.49253845214844,0.04187222079893163,,5.10003662109375,121.80000305175781,False,True,,,GRU,1
test_08,A3,test,8,116.79996490478516,1167,158.49253845214844,0.041051215284846385,,5.000038146972656,121.80000305175781,False,True,,,GRU,1
test_08,A3,test,8,116.89996337890625,1168,158.49253845214844,0.04023020977076113,,4.9000396728515625,121.80000305175781,False,True,,,GRU,1
test_08,A3,test,8,116.99996185302734,1169,158.49253845214844,0.03940920425667588,,4.800041198730469,121.80000305175781,False,True,,,GRU,1
test_08,A3,test,8,117.09996032714844,1170,158.49253845214844,0.038588198742590625,,4.700042724609375,121.80000305175781,False,True,,,GRU,1
test_08,A3,test,8,117.19995880126953,1171,158.49253845214844,0.03776719322850537,,4.600044250488281,121.80000305175781,False,True,,,GRU,1
test_08,A3,test,8,117.29995727539062,1172,158.49253845214844,0.03694618771442012,,4.5000457763671875,121.80000305175781,False,True,,,GRU,1
test_08,A3,test,8,117.39995574951172,1173,158.49253845214844,0.036125182200334865,,4.400047302246094,121.80000305175781,False,True,,,GRU,1
test_08,A3,test,8,117.49995422363281,1174,158.49253845214844,0.03530417668624961,,4.300048828125,121.80000305175781,False,True,,,GRU,1
test_08,A3,test,8,117.5999526977539,1175,158.49253845214844,0.03448317117216436,,4.200050354003906,121.80000305175781,False,True,,,GRU,1
test_08,A3,test,8,117.699951171875,1176,158.49253845214844,0.033662165658079106,,4.1000518798828125,121.80000305175781,False,True,,,GRU,1
test_08,A3,test,8,117.7999496459961,1177,158.49253845214844,0.03284116014399386,,4.000053405761719,121.80000305175781,False,True,,,GRU,1
test_08,A3,test,8,117.89994812011719,1178,158.49253845214844,0.032020154629908607,,3.900054931640625,121.80000305175781,False,True,,,GRU,1
test_08,A3,test,8,117.99994659423828,1179,158.49253845214844,0.03119914911582335,,3.8000564575195312,121.80000305175781,False,True,,,GRU,1
test_08,A3,test,8,118.09994506835938,1180,158.49253845214844,0.0303781436017381,,3.7000579833984375,121.80000305175781,False,True,,,GRU,1
test_08,A3,test,8,118.19994354248047,1181,158.49253845214844,0.029557138087652847,,3.6000595092773438,121.80000305175781,False,True,,,GRU,1
test_08,A3,test,8,118.29994201660156,1182,158.49253845214844,0.028736132573567594,,3.50006103515625,121.80000305175781,False,True,,,GRU,1
test_08,A3,test,8,118.39994049072266,1183,158.49253845214844,0.02791512705948234,,3.4000625610351562,121.80000305175781,False,True,,,GRU,1
test_08,A3,test,8,118.49993896484375,1184,158.49253845214844,0.027094121545397087,,3.3000640869140625,121.80000305175781,False,True,,,GRU,1
test_08,A3,test,8,118.59993743896484,1185,158.49253845214844,0.026273116031311838,,3.2000656127929688,121.80000305175781,False,True,,,GRU,1
test_08,A3,test,8,118.69993591308594,1186,158.49253845214844,0.025452110517226584,,3.100067138671875,121.80000305175781,False,True,,,GRU,1
test_08,A3,test,8,118.79993438720703,1187,158.49253845214844,0.02463110500314133,,3.0000686645507812,121.80000305175781,False,True,,,GRU,1
test_08,A3,test,8,118.89993286132812,1188,158.49253845214844,0.023810099489056078,,2.9000701904296875,121.80000305175781,False,True,,,GRU,1
test_08,A3,test,8,118.99993133544922,1189,158.49253845214844,0.022989093974970825,,2.8000717163085938,121.80000305175781,False,True,,,GRU,1
test_08,A3,test,8,119.09992980957031,1190,158.49253845214844,0.022168088460885575,,2.7000732421875,121.80000305175781,False,True,,,GRU,1
test_08,A3,test,8,119.1999282836914,1191,158.49253845214844,0.021347082946800322,,2.6000747680664062,121.80000305175781,False,True,,,GRU,1
test_08,A3,test,8,119.2999267578125,1192,158.49253845214844,0.02052607743271507,,2.5000762939453125,121.80000305175781,False,True,,,GRU,1
test_08,A3,test,8,119.3999252319336,1193,158.49253845214844,0.019705071918629816,,2.4000778198242188,121.80000305175781,False,True,,,GRU,1
test_08,A3,test,8,119.49992370605469,1194,158.49253845214844,0.018884066404544562,,2.300079345703125,121.80000305175781,False,True,,,GRU,1
test_08,A3,test,8,119.59992218017578,1195,158.49253845214844,0.01806306089045931,,2.2000808715820312,121.80000305175781,False,True,,,GRU,1
test_08,A3,test,8,119.69992065429688,1196,158.49253845214844,0.01724205537637406,,2.1000823974609375,121.80000305175781,False,True,,,GRU,1
test_08,A3,test,8,119.79991912841797,1197,158.49253845214844,0.016421049862288806,,2.0000839233398438,121.80000305175781,False,True,,,GRU,1
test_08,A3,test,8,119.89991760253906,1198,158.49253845214844,0.015600044348203553,,1.90008544921875,121.80000305175781,False,True,,,GRU,1
test_08,A3,test,8,119.99991607666016,1199,158.49253845214844,0.0147790388341183,,1.8000869750976562,121.80000305175781,False,True,,,GRU,1
test_08,A3,test,8,120.09991455078125,1200,158.49253845214844,0.013958033320033049,,1.7000885009765625,121.80000305175781,False,True,,,GRU,1
test_08,A3,test,8,120.19991302490234,1201,158.49253845214844,0.013137027805947795,,1.6000900268554688,121.80000305175781,False,True,,,GRU,1
test_08,A3,test,8,120.29991149902344,1202,158.49253845214844,0.012316022291862544,,1.500091552734375,121.80000305175781,False,True,,,GRU,1
test_08,A3,test,8,120.39990997314453,1203,158.49253845214844,0.01149501677777729,,1.4000930786132812,121.80000305175781,False,True,,,GRU,1
test_08,A3,test,8,120.49990844726562,1204,158.49253845214844,0.010674011263692038,,1.3000946044921875,121.80000305175781,False,True,,,GRU,1
test_08,A3,test,8,120.59990692138672,1205,158.49253845214844,0.009853005749606786,,1.2000961303710938,121.80000305175781,False,True,,,GRU,1
test_08,A3,test,8,120.69990539550781,1206,158.49253845214844,0.009032000235521533,,1.10009765625,121.80000305175781,False,True,,,GRU,1
test_08,A3,test,8,120.7999038696289,1207,158.49253845214844,0.00821099472143628,,1.0000991821289062,121.80000305175781,False,True,,,GRU,1
test_08,A3,test,8,120.89990234375,1208,158.49253845214844,0.007389989207351028,,0.9001007080078125,121.80000305175781,False,True,,,GRU,1
test_08,A3,test,8,120.9999008178711,1209,158.49253845214844,0.006568983693265775,,0.8001022338867188,121.80000305175781,False,True,,,GRU,1
test_08,A3,test,8,121.09989929199219,1210,158.49253845214844,0.005747978179180523,,0.700103759765625,121.80000305175781,False,True,,,GRU,1
test_08,A3,test,8,121.19989776611328,1211,158.49253845214844,0.0049269726650952705,,0.6001052856445312,121.80000305175781,False,True,,,GRU,1
test_08,A3,test,8,121.29989624023438,1212,158.49253845214844,0.004105967151010018,,0.5001068115234375,121.80000305175781,False,True,,,GRU,1
test_08,A3,test,8,121.39989471435547,1213,158.49253845214844,0.0032849616369247654,,0.40010833740234375,121.80000305175781,False,True,,,GRU,1
test_08,A3,test,8,121.49989318847656,1214,158.49253845214844,0.0024639561228395127,,0.30010986328125,121.80000305175781,False,True,,,GRU,1
test_08,A3,test,8,121.59989166259766,1215,158.49253845214844,0.0016429506087542601,,0.20011138916015625,121.80000305175781,False,True,,,GRU,1
test_08,A3,test,8,121.69989013671875,1216,158.49253845214844,0.0008219450946690077,,0.1001129150390625,121.80000305175781,False,True,,,GRU,1
test_08,A3,test,8,121.79988861083984,1217,158.49253845214844,9.395805837551528e-07,,0.00011444091796875,121.80000305175781,False,True,,,GRU,1
test_14,A3,test,14,0.10000000149011612,0,79.24626922607422,0.9994871616363525,1.0,194.89999389648438,195.0,True,False,0.7733194231987,150.7972875237465,GRU,1
test_14,A3,test,14,0.20000000298023224,1,79.24626922607422,0.9989743828773499,1.0,194.8000030517578,195.0,True,False,0.9424793720245361,183.78347754478455,GRU,1
test_14,A3,test,14,0.30000001192092896,2,79.24626922607422,0.9984615445137024,1.0,194.6999969482422,195.0,True,False,1.0,195.0,GRU,1
test_14,A3,test,14,0.4000000059604645,3,79.24626922607422,0.9979487657546997,1.0,194.60000610351562,195.0,True,False,1.0,195.0,GRU,1
test_14,A3,test,14,0.5,4,79.24626922607422,0.9974358677864075,1.0,194.5,195.0,True,False,1.0,195.0,GRU,1
test_14,A3,test,14,0.6000000238418579,5,79.24626922607422,0.99692302942276,1.0,194.39999389648438,195.0,True,False,1.0,195.0,GRU,1
test_14,A3,test,14,0.699999988079071,6,79.24626922607422,0.9964102506637573,1.0,194.3000030517578,195.0,True,False,0.9685078263282776,188.85902613401413,GRU,1
test_14,A3,test,14,0.800000011920929,7,79.24626922607422,0.9958974123001099,1.0,194.1999969482422,195.0,True,False,0.9031295776367188,176.11026763916016,GRU,1
test_14,A3,test,14,0.8999999761581421,8,79.24626922607422,0.9953846335411072,1.0,194.10000610351562,195.0,True,False,0.9206615686416626,179.5290058851242,GRU,1
test_14,A3,test,14,1.0,9,79.24626922607422,0.9948717951774597,1.0,194.0,195.0,True,False,0.9225108027458191,179.88960653543472,GRU,1
test_14,A3,test,14,1.100000023841858,10,79.24626922607422,0.9943589568138123,1.0,193.89999389648438,195.0,True,False,0.9150918126106262,178.4429034590721,GRU,1
test_14,A3,test,14,1.2000000476837158,11,79.24626922607422,0.9938461780548096,1.0,193.8000030517578,195.0,True,False,0.9070512056350708,176.8749850988388,GRU,1
test_14,A3,test,14,1.2999999523162842,12,79.24626922607422,0.9933333396911621,1.0,193.6999969482422,195.0,True,False,0.8985225558280945,175.21189838647842,GRU,1
test_14,A3,test,14,1.399999976158142,13,79.24626922607422,0.9928205609321594,1.0,193.60000610351562,195.0,True,False,0.8928011655807495,174.09622728824615,GRU,1
test_14,A3,test,14,1.5,14,79.24626922607422,0.9923076629638672,1.0,193.5,195.0,True,False,0.8832024931907654,172.22448617219925,GRU,1
test_14,A3,test,14,1.600000023841858,15,79.24626922607422,0.9917948246002197,1.0,193.39999389648438,195.0,True,False,0.8758220672607422,170.78530311584473,GRU,1
test_14,A3,test,14,1.7000000476837158,16,79.24626922607422,0.991282045841217,1.0,193.3000030517578,195.0,True,False,0.8741147518157959,170.4523766040802,GRU,1
test_14,A3,test,14,1.7999999523162842,17,79.24626922607422,0.9907692074775696,1.0,193.1999969482422,195.0,True,False,0.875078022480011,170.64021438360214,GRU,1
test_14,A3,test,14,1.899999976158142,18,79.24626922607422,0.9902564287185669,1.0,193.10000610351562,195.0,True,False,0.8695459961891174,169.5614692568779,GRU,1
test_14,A3,test,14,2.0,19,79.24626922607422,0.9897435903549194,1.0,193.0,195.0,True,False,0.861390233039856,167.9710954427719,GRU,1
test_14,A3,test,14,2.0999999046325684,20,79.24626922607422,0.989230751991272,1.0,192.89999389648438,195.0,True,False,0.8652693033218384,168.72751414775848,GRU,1
test_14,A3,test,14,2.200000047683716,21,79.24626922607422,0.9887179732322693,1.0,192.8000030517578,195.0,True,False,0.8664236068725586,168.95260334014893,GRU,1
test_14,A3,test,14,2.299999952316284,22,79.24626922607422,0.9882051348686218,1.0,192.6999969482422,195.0,True,False,0.8607215881347656,167.8407096862793,GRU,1
test_14,A3,test,14,2.4000000953674316,23,79.24626922607422,0.9876923561096191,1.0,192.60000610351562,195.0,True,False,0.8580455780029297,167.3188877105713,GRU,1
test_14,A3,test,14,2.5,24,79.24626922607422,0.9871794581413269,1.0,192.5,195.0,True,False,0.860195517539978,167.73812592029572,GRU,1
test_14,A3,test,14,2.5999999046325684,25,79.24626922607422,0.9866666197776794,1.0,192.39999389648438,195.0,True,False,0.8598548769950867,167.6717010140419,GRU,1
test_14,A3,test,14,2.700000047683716,26,79.24626922607422,0.9861538410186768,1.0,192.3000030517578,195.0,True,False,0.8594560623168945,167.59393215179443,GRU,1
test_14,A3,test,14,2.799999952316284,27,79.24626922607422,0.9856410026550293,1.0,192.1999969482422,195.0,True,False,0.8636438846588135,168.41055750846863,GRU,1
test_14,A3,test,14,2.9000000953674316,28,79.24626922607422,0.9851282238960266,1.0,192.10000610351562,195.0,True,False,0.8719451427459717,170.02930283546448,GRU,1
test_14,A3,test,14,3.0,29,79.24626922607422,0.9846153855323792,1.0,192.0,195.0,True,False,0.8729042410850525,170.21632701158524,GRU,1
test_14,A3,test,14,3.0999999046325684,30,79.24626922607422,0.9841025471687317,1.0,191.89999389648438,195.0,True,False,0.8709737062454224,169.83987271785736,GRU,1
test_14,A3,test,14,3.200000047683716,31,79.24626922607422,0.983589768409729,1.0,191.8000030517578,195.0,True,False,0.8687009811401367,169.39669132232666,GRU,1
test_14,A3,test,14,3.299999952316284,32,79.24626922607422,0.9830769300460815,1.0,191.6999969482422,195.0,True,False,0.8677141070365906,169.20425087213516,GRU,1
test_14,A3,test,14,3.4000000953674316,33,79.24626922607422,0.9825641512870789,1.0,191.60000610351562,195.0,True,False,0.8642095923423767,168.52087050676346,GRU,1
test_14,A3,test,14,3.5,34,79.24626922607422,0.9820512533187866,1.0,191.5,195.0,True,False,0.8615977168083191,168.01155477762222,GRU,1
test_14,A3,test,14,3.5999999046325684,35,79.24626922607422,0.9815384149551392,1.0,191.39999389648438,195.0,True,False,0.8619527220726013,168.08078080415726,GRU,1
test_14,A3,test,14,3.700000047683716,36,79.24626922607422,0.9810256361961365,1.0,191.3000030517578,195.0,True,False,0.8594937324523926,167.60127782821655,GRU,1
test_14,A3,test,14,3.799999952316284,37,79.24626922607422,0.980512797832489,1.0,191.1999969482422,195.0,True,False,0.8607812523841858,167.85234421491623,GRU,1
test_14,A3,test,14,3.9000000953674316,38,79.24626922607422,0.9800000190734863,1.0,191.10000610351562,195.0,True,False,0.8597484230995178,167.65094250440598,GRU,1
test_14,A3,test,14,4.0,39,79.24626922607422,0.9794871807098389,1.0,191.0,195.0,True,False,0.8573426604270935,167.18181878328323,GRU,1
test_14,A3,test,14,4.099999904632568,40,79.24626922607422,0.9789743423461914,1.0,190.89999389648438,195.0,True,False,0.8576480746269226,167.2413745522499,GRU,1
test_14,A3,test,14,4.199999809265137,41,79.24626922607422,0.9784615635871887,1.0,190.8000030517578,195.0,True,False,0.8552643060684204,166.77653968334198,GRU,1
test_14,A3,test,14,4.300000190734863,42,79.24626922607422,0.9779487252235413,1.0,190.6999969482422,195.0,True,False,0.8571726679801941,167.14867025613785,GRU,1
test_14,A3,test,14,4.400000095367432,43,79.24626922607422,0.9774359464645386,1.0,190.60000610351562,195.0,True,False,0.8588038086891174,167.4667426943779,GRU,1
test_14,A3,test,14,4.5,44,79.24626922607422,0.9769230484962463,1.0,190.5,195.0,True,False,0.8588072657585144,167.4674168229103,GRU,1
test_14,A3,test,14,4.599999904632568,45,79.24626922607422,0.9764102101325989,1.0,190.39999389648438,195.0,True,False,0.8597025275230408,167.64199286699295,GRU,1
test_14,A3,test,14,4.699999809265137,46,79.24626922607422,0.9758974313735962,1.0,190.3000030517578,195.0,True,False,0.8590853810310364,167.5216493010521,GRU,1
test_14,A3,test,14,4.800000190734863,47,79.24626922607422,0.9753845930099487,1.0,190.1999969482422,195.0,True,False,0.8579146265983582,167.29335218667984,GRU,1
test_14,A3,test,14,4.900000095367432,48,79.24626922607422,0.974871814250946,1.0,190.10000610351562,195.0,True,False,0.853184700012207,166.37101650238037,GRU,1
test_14,A3,test,14,5.0,49,79.24626922607422,0.9743589758872986,1.0,190.0,195.0,True,False,0.8506985306739807,165.88621348142624,GRU,1
test_14,A3,test,14,5.099999904632568,50,79.24626922607422,0.9738461375236511,1.0,189.89999389648438,195.0,True,False,0.8527501821517944,166.28628551959991,GRU,1
test_14,A3,test,14,5.199999809265137,51,79.24626922607422,0.9733333587646484,1.0,189.8000030517578,195.0,True,False,0.8551149964332581,166.74742430448532,GRU,1
test_14,A3,test,14,5.300000190734863,52,79.24626922607422,0.972820520401001,1.0,189.6999969482422,195.0,True,False,0.8570634722709656,167.1273770928383,GRU,1
test_14,A3,test,14,5.400000095367432,53,79.24626922607422,0.9723077416419983,1.0,189.60000610351562,195.0,True,False,0.8489874601364136,165.55255472660065,GRU,1
test_14,A3,test,14,5.5,54,79.24626922607422,0.971794843673706,1.0,189.5,195.0,True,False,0.8538644313812256,166.503564119339,GRU,1
test_14,A3,test,14,5.599999904632568,55,79.24626922607422,0.9712820053100586,1.0,189.39999389648438,195.0,True,False,0.8545058369636536,166.62863820791245,GRU,1
test_14,A3,test,14,5.699999809265137,56,79.24626922607422,0.9707692265510559,1.0,189.3000030517578,195.0,True,False,0.8549519777297974,166.7156356573105,GRU,1
test_14,A3,test,14,5.800000190734863,57,79.24626922607422,0.9702563881874084,1.0,189.1999969482422,195.0,True,False,0.8550220727920532,166.72930419445038,GRU,1
test_14,A3,test,14,5.900000095367432,58,79.24626922607422,0.9697436094284058,1.0,189.10000610351562,195.0,True,False,0.8574416637420654,167.20112442970276,GRU,1
test_14,A3,test,14,6.0,59,79.24626922607422,0.9692307710647583,1.0,189.0,195.0,True,False,0.8556077480316162,166.84351086616516,GRU,1
test_14,A3,test,14,6.099999904632568,60,79.24626922607422,0.9687179327011108,1.0,188.89999389648438,195.0,True,False,0.8537002205848694,166.47154301404953,GRU,1
test_14,A3,test,14,6.199999809265137,61,79.24626922607422,0.9682051539421082,1.0,188.8000030517578,195.0,True,False,0.8564015030860901,166.99829310178757,GRU,1
test_14,A3,test,14,6.300000190734863,62,79.24626922607422,0.9676923155784607,1.0,188.6999969482422,195.0,True,False,0.8533657193183899,166.40631526708603,GRU,1
test_14,A3,test,14,6.400000095367432,63,79.24626922607422,0.967179536819458,1.0,188.60000610351562,195.0,True,False,0.853502094745636,166.43290847539902,GRU,1
test_14,A3,test,14,6.5,64,79.24626922607422,0.9666666388511658,1.0,188.5,195.0,True,False,0.8551386594772339,166.7520385980606,GRU,1
test_14,A3,test,14,6.599999904632568,65,79.24626922607422,0.9661538004875183,1.0,188.39999389648438,195.0,True,False,0.8603480458259583,167.76786893606186,GRU,1
test_14,A3,test,14,6.699999809265137,66,79.24626922607422,0.9656410217285156,1.0,188.3000030517578,195.0,True,False,0.8620362877845764,168.0970761179924,GRU,1
test_14,A3,test,14,6.800000190734863,67,79.24626922607422,0.9651281833648682,1.0,188.1999969482422,195.0,True,False,0.8656654357910156,168.80475997924805,GRU,1
test_14,A3,test,14,6.900000095367432,68,79.24626922607422,0.9646154046058655,1.0,188.10000610351562,195.0,True,False,0.8721020817756653,170.05990594625473,GRU,1
test_14,A3,test,14,7.0,69,79.24626922607422,0.964102566242218,1.0,188.0,195.0,True,False,0.8786150813102722,171.32994085550308,GRU,1
test_14,A3,test,14,7.099999904632568,70,79.24626922607422,0.9635897278785706,1.0,187.89999389648438,195.0,True,False,0.8743098378181458,170.49041837453842,GRU,1
test_14,A3,test,14,7.199999809265137,71,79.24626922607422,0.9630769491195679,1.0,187.8000030517578,195.0,True,False,0.8747089505195618,170.56824535131454,GRU,1
test_14,A3,test,14,7.300000190734863,72,79.24626922607422,0.9625641107559204,1.0,187.6999969482422,195.0,True,False,0.8690823316574097,169.47105467319489,GRU,1
test_14,A3,test,14,7.400000095367432,73,79.24626922607422,0.9620513319969177,1.0,187.60000610351562,195.0,True,False,0.864442765712738,168.56633931398392,GRU,1
test_14,A3,test,14,7.5,74,79.24626922607422,0.9615384340286255,1.0,187.5,195.0,True,False,0.859855592250824,167.67184048891068,GRU,1
test_14,A3,test,14,7.599999904632568,75,79.24626922607422,0.961025595664978,1.0,187.39999389648438,195.0,True,False,0.8581855893135071,167.34618991613388,GRU,1
test_14,A3,test,14,7.699999809265137,76,79.24626922607422,0.9605128169059753,1.0,187.3000030517578,195.0,True,False,0.8569589257240295,167.10699051618576,GRU,1
test_14,A3,test,14,7.800000190734863,77,79.24626922607422,0.9599999785423279,1.0,187.1999969482422,195.0,True,False,0.8539789319038391,166.52589172124863,GRU,1
test_14,A3,test,14,7.900000095367432,78,79.24626922607422,0.9594871997833252,1.0,187.10000610351562,195.0,True,False,0.8519653677940369,166.1332467198372,GRU,1
test_14,A3,test,14,8.0,79,79.24626922607422,0.9589743614196777,1.0,187.0,195.0,True,False,0.8552256226539612,166.76899641752243,GRU,1
test_14,A3,test,14,8.100000381469727,80,79.24626922607422,0.9584615230560303,1.0,186.89999389648438,195.0,True,False,0.8566240072250366,167.04168140888214,GRU,1
test_14,A3,test,14,8.199999809265137,81,79.24626922607422,0.9579487442970276,1.0,186.8000030517578,195.0,True,False,0.8499041199684143,165.7313033938408,GRU,1
test_14,A3,test,14,8.300000190734863,82,79.24626922607422,0.9574359059333801,1.0,186.6999969482422,195.0,True,False,0.847653329372406,165.29239922761917,GRU,1
test_14,A3,test,14,8.399999618530273,83,79.24626922607422,0.9569231271743774,1.0,186.60000610351562,195.0,True,False,0.8464229702949524,165.05247920751572,GRU,1
test_14,A3,test,14,8.5,84,79.24626922607422,0.9564102292060852,1.0,186.5,195.0,True,False,0.8465245366096497,165.07228463888168,GRU,1
test_14,A3,test,14,8.600000381469727,85,79.24626922607422,0.9558973908424377,1.0,186.39999389648438,195.0,True,False,0.8539748191833496,166.52508974075317,GRU,1
test_14,A3,test,14,8.699999809265137,86,79.24626922607422,0.9553846120834351,1.0,186.3000030517578,195.0,True,False,0.8602240085601807,167.74368166923523,GRU,1
test_14,A3,test,14,8.800000190734863,87,79.24626922607422,0.9548717737197876,1.0,186.1999969482422,195.0,True,False,0.8628056049346924,168.24709296226501,GRU,1
test_14,A3,test,14,8.899999618530273,88,79.24626922607422,0.9543589949607849,1.0,186.10000610351562,195.0,True,False,0.8621960282325745,168.12822550535202,GRU,1
test_14,A3,test,14,9.0,89,79.24626922607422,0.9538461565971375,1.0,186.0,195.0,True,False,0.8607462048530579,167.84550994634628,GRU,1
test_14,A3,test,14,9.100000381469727,90,79.24626922607422,0.95333331823349,1.0,185.89999389648438,195.0,True,False,0.8632233738899231,168.328557908535,GRU,1
test_14,A3,test,14,9.199999809265137,91,79.24626922607422,0.9528205394744873,1.0,185.8000030517578,195.0,True,False,0.8627077341079712,168.22800815105438,GRU,1
test_14,A3,test,14,9.300000190734863,92,79.24626922607422,0.9523077011108398,1.0,185.6999969482422,195.0,True,False,0.8575381636619568,167.21994191408157,GRU,1
test_14,A3,test,14,9.399999618530273,93,79.24626922607422,0.9517949223518372,1.0,185.60000610351562,195.0,True,False,0.8558772802352905,166.89606964588165,GRU,1
test_14,A3,test,14,9.5,94,79.24626922607422,0.9512820243835449,1.0,185.5,195.0,True,False,0.8580036759376526,167.31071680784225,GRU,1
test_14,A3,test,14,9.600000381469727,95,79.24626922607422,0.9507691860198975,1.0,185.39999389648438,195.0,True,False,0.8553575277328491,166.79471790790558,GRU,1
test_14,A3,test,14,9.699999809265137,96,79.24626922607422,0.9502564072608948,1.0,185.3000030517578,195.0,True,False,0.8537868857383728,166.4884427189827,GRU,1
test_14,A3,test,14,9.800000190734863,97,79.24626922607422,0.9497435688972473,1.0,185.1999969482422,195.0,True,False,0.8565332293510437,167.02397972345352,GRU,1
test_14,A3,test,14,9.899999618530273,98,79.24626922607422,0.9492307901382446,1.0,185.10000610351562,195.0,True,False,0.856751561164856,167.0665544271469,GRU,1
test_14,A3,test,14,10.0,99,79.24626922607422,0.9487179517745972,1.0,185.0,195.0,True,False,0.8563488721847534,166.98803007602692,GRU,1
test_14,A3,test,14,10.100000381469727,100,79.24626922607422,0.9482051134109497,1.0,184.89999389648438,195.0,True,False,0.8504655957221985,165.8407911658287,GRU,1
test_14,A3,test,14,10.199999809265137,101,79.24626922607422,0.947692334651947,1.0,184.8000030517578,195.0,True,False,0.857155978679657,167.1454158425331,GRU,1
test_14,A3,test,14,10.300000190734863,102,79.24626922607422,0.9471794962882996,1.0,184.6999969482422,195.0,True,False,0.8560406565666199,166.92792803049088,GRU,1
test_14,A3,test,14,10.399999618530273,103,79.24626922607422,0.9466667175292969,1.0,184.60000610351562,195.0,True,False,0.8506165742874146,165.87023198604584,GRU,1
test_14,A3,test,14,10.5,104,79.24626922607422,0.9461538195610046,1.0,184.5,195.0,True,False,0.8427415490150452,164.3346020579338,GRU,1
test_14,A3,test,14,10.600000381469727,105,79.24626922607422,0.9456409811973572,1.0,184.39999389648438,195.0,True,False,0.8356968760490417,162.96089082956314,GRU,1
test_14,A3,test,14,10.699999809265137,106,79.24626922607422,0.9451282024383545,1.0,184.3000030517578,195.0,True,False,0.8350403904914856,162.8328761458397,GRU,1
test_14,A3,test,14,10.800000190734863,107,79.24626922607422,0.944615364074707,1.0,184.1999969482422,195.0,True,False,0.8401395678520203,163.82721573114395,GRU,1
test_14,A3,test,14,10.899999618530273,108,79.24626922607422,0.9441025853157043,1.0,184.10000610351562,195.0,True,False,0.8454951643943787,164.87155705690384,GRU,1
test_14,A3,test,14,11.0,109,79.24626922607422,0.9435897469520569,1.0,184.0,195.0,True,False,0.8489769697189331,165.55050909519196,GRU,1
test_14,A3,test,14,11.100000381469727,110,79.24626922607422,0.9430769085884094,1.0,183.89999389648438,195.0,True,False,0.85435551404953,166.59932523965836,GRU,1
test_14,A3,test,14,11.199999809265137,111,79.24626922607422,0.9425641298294067,1.0,183.8000030517578,195.0,True,False,0.8516327738761902,166.0683909058571,GRU,1
test_14,A3,test,14,11.300000190734863,112,79.24626922607422,0.9420512914657593,1.0,183.6999969482422,195.0,True,False,0.8583008646965027,167.36866861581802,GRU,1
test_14,A3,test,14,11.399999618530273,113,79.24626922607422,0.9415385127067566,1.0,183.60000610351562,195.0,True,False,0.8602102994918823,167.74100840091705,GRU,1
test_14,A3,test,14,11.5,114,79.24626922607422,0.9410256147384644,1.0,183.5,195.0,True,False,0.854188859462738,166.56682759523392,GRU,1
test_14,A3,test,14,11.600000381469727,115,79.24626922607422,0.9405127763748169,1.0,183.39999389648438,195.0,True,False,0.8551809787750244,166.76029086112976,GRU,1
test_14,A3,test,14,11.699999809265137,116,79.24626922607422,0.9399999976158142,1.0,183.3000030517578,195.0,True,False,0.8582533597946167,167.35940515995026,GRU,1
test_14,A3,test,14,11.800000190734863,117,79.24626922607422,0.9394871592521667,1.0,183.1999969482422,195.0,True,False,0.8568278551101685,167.08143174648285,GRU,1
test_14,A3,test,14,11.899999618530273,118,79.24626922607422,0.9389743804931641,1.0,183.10000610351562,195.0,True,False,0.8556731939315796,166.85627281665802,GRU,1
test_14,A3,test,14,12.0,119,79.24626922607422,0.9384615421295166,1.0,183.0,195.0,True,False,0.8532519936561584,166.3841387629509,GRU,1
test_14,A3,test,14,12.100000381469727,120,79.24626922607422,0.9379487037658691,1.0,182.89999389648438,195.0,True,False,0.8571738600730896,167.14890271425247,GRU,1
test_14,A3,test,14,12.199999809265137,121,79.24626922607422,0.9374359250068665,1.0,182.8000030517578,195.0,True,False,0.8538094162940979,166.4928361773491,GRU,1
test_14,A3,test,14,12.300000190734863,122,79.24626922607422,0.936923086643219,1.0,182.6999969482422,195.0,True,False,0.8573232293128967,167.17802971601486,GRU,1
test_14,A3,test,14,12.399999618530273,123,79.24626922607422,0.9364103078842163,1.0,182.60000610351562,195.0,True,False,0.8597059845924377,167.64266699552536,GRU,1
test_14,A3,test,14,12.5,124,79.24626922607422,0.9358974099159241,1.0,182.5,195.0,True,False,0.8607730865478516,167.85075187683105,GRU,1
test_14,A3,test,14,12.600000381469727,125,79.24626922607422,0.9353845715522766,1.0,182.39999389648438,195.0,True,False,0.8581542372703552,167.34007626771927,GRU,1
test_14,A3,test,14,12.699999809265137,126,79.24626922607422,0.9348717927932739,1.0,182.3000030517578,195.0,True,False,0.8580645322799683,167.3225837945938,GRU,1
test_14,A3,test,14,12.800000190734863,127,79.24626922607422,0.9343589544296265,1.0,182.1999969482422,195.0,True,False,0.8512952327728271,166.0025703907013,GRU,1
test_14,A3,test,14,12.899999618530273,128,79.24626922607422,0.9338461756706238,1.0,182.10000610351562,195.0,True,False,0.8453671336174011,164.84659105539322,GRU,1
test_14,A3,test,14,13.0,129,79.24626922607422,0.9333333373069763,1.0,182.0,195.0,True,False,0.8461530804634094,164.99985069036484,GRU,1
test_14,A3,test,14,13.100000381469727,130,79.24626922607422,0.9328204989433289,1.0,181.89999389648438,195.0,True,False,0.8455454707145691,164.88136678934097,GRU,1
test_14,A3,test,14,13.199999809265137,131,79.24626922607422,0.9323077201843262,1.0,181.8000030517578,195.0,True,False,0.8545997738838196,166.64695590734482,GRU,1
test_14,A3,test,14,13.300000190734863,132,79.24626922607422,0.9317948818206787,1.0,181.6999969482422,195.0,True,False,0.8529648184776306,166.32813960313797,GRU,1
test_14,A3,test,14,13.399999618530273,133,79.24626922607422,0.931282103061676,1.0,181.60000610351562,195.0,True,False,0.8526864647865295,166.27386063337326,GRU,1
test_14,A3,test,14,13.5,134,79.24626922607422,0.9307692050933838,1.0,181.5,195.0,True,False,0.8535372018814087,166.4397543668747,GRU,1
test_14,A3,test,14,13.600000381469727,135,79.24626922607422,0.9302563667297363,1.0,181.39999389648438,195.0,True,False,0.8543063998222351,166.58974796533585,GRU,1
test_14,A3,test,14,13.699999809265137,136,79.24626922607422,0.9297435879707336,1.0,181.3000030517578,195.0,True,False,0.8599851131439209,167.69709706306458,GRU,1
test_14,A3,test,14,13.800000190734863,137,79.24626922607422,0.9292307496070862,1.0,181.1999969482422,195.0,True,False,0.8642303347587585,168.52491527795792,GRU,1
test_14,A3,test,14,13.899999618530273,138,79.24626922607422,0.9287179708480835,1.0,181.10000610351562,195.0,True,False,0.8726661205291748,170.1698935031891,GRU,1
test_14,A3,test,14,14.0,139,79.24626922607422,0.928205132484436,1.0,181.0,195.0,True,False,0.8693717122077942,169.52748388051987,GRU,1
test_14,A3,test,14,14.100000381469727,140,79.24626922607422,0.9276922941207886,1.0,180.89999389648438,195.0,True,False,0.8701107501983643,169.67159628868103,GRU,1
test_14,A3,test,14,14.199999809265137,141,79.24626922607422,0.9271795153617859,1.0,180.8000030517578,195.0,True,False,0.8658773899078369,168.8460910320282,GRU,1
test_14,A3,test,14,14.300000190734863,142,79.24626922607422,0.9266666769981384,1.0,180.6999969482422,195.0,True,False,0.8612015843391418,167.93430894613266,GRU,1
test_14,A3,test,14,14.399999618530273,143,79.24626922607422,0.9261538982391357,1.0,180.60000610351562,195.0,True,False,0.8612441420555115,167.94260770082474,GRU,1
test_14,A3,test,14,14.5,144,79.24626922607422,0.9256410002708435,1.0,180.5,195.0,True,False,0.8593212962150574,167.5676527619362,GRU,1
test_14,A3,test,14,14.600000381469727,145,79.24626922607422,0.925128161907196,1.0,180.39999389648438,195.0,True,False,0.8639059662818909,168.46166342496872,GRU,1
test_14,A3,test,14,14.699999809265137,146,79.24626922607422,0.9246153831481934,1.0,180.3000030517578,195.0,True,False,0.8700506091117859,169.65986877679825,GRU,1
test_14,A3,test,14,14.800000190734863,147,79.24626922607422,0.9241025447845459,1.0,180.1999969482422,195.0,True,False,0.8690626621246338,169.4672191143036,GRU,1
test_14,A3,test,14,14.899999618530273,148,79.24626922607422,0.9235897660255432,1.0,180.10000610351562,195.0,True,False,0.8654397130012512,168.760744035244,GRU,1
test_14,A3,test,14,15.0,149,79.24626922607422,0.9230769276618958,1.0,180.0,195.0,True,False,0.8570237755775452,167.1196362376213,GRU,1
test_14,A3,test,14,15.100000381469727,150,79.24626922607422,0.9225640892982483,1.0,179.89999389648438,195.0,True,False,0.848667562007904,165.4901745915413,GRU,1
test_14,A3,test,14,15.199999809265137,151,79.24626922607422,0.9220513105392456,1.0,179.8000030517578,195.0,True,False,0.8382263779640198,163.45414370298386,GRU,1
test_14,A3,test,14,15.300000190734863,152,79.24626922607422,0.9215384721755981,1.0,179.6999969482422,195.0,True,False,0.8210335969924927,160.10155141353607,GRU,1
test_14,A3,test,14,15.399999618530273,153,79.24626922607422,0.9210256934165955,1.0,179.60000610351562,195.0,True,False,0.8092629909515381,157.80628323554993,GRU,1
test_14,A3,test,14,15.5,154,79.24626922607422,0.9205127954483032,1.0,179.5,195.0,True,False,0.8135363459587097,158.6395874619484,GRU,1
test_14,A3,test,14,15.600000381469727,155,79.24626922607422,0.9199999570846558,1.0,179.39999389648438,195.0,True,False,0.8138410449028015,158.6990037560463,GRU,1
test_14,A3,test,14,15.699999809265137,156,79.24626922607422,0.9194871783256531,1.0,179.3000030517578,195.0,True,False,0.8147440552711487,158.875090777874,GRU,1
test_14,A3,test,14,15.800000190734863,157,79.24626922607422,0.9189743399620056,1.0,179.1999969482422,195.0,True,False,0.8216072916984558,160.21342188119888,GRU,1
test_14,A3,test,14,15.899999618530273,158,79.24626922607422,0.9184615612030029,1.0,179.10000610351562,195.0,True,False,0.8262935280799866,161.12723797559738,GRU,1
test_14,A3,test,14,16.0,159,79.24626922607422,0.9179487228393555,1.0,179.0,195.0,True,False,0.8265571594238281,161.17864608764648,GRU,1
test_14,A3,test,14,16.100000381469727,160,79.24626922607422,0.917435884475708,1.0,178.89999389648438,195.0,True,False,0.830294668674469,161.90746039152145,GRU,1
test_14,A3,test,14,16.200000762939453,161,79.24626922607422,0.9169231057167053,1.0,178.8000030517578,195.0,True,False,0.8238180875778198,160.64452707767487,GRU,1
test_14,A3,test,14,16.299999237060547,162,79.24626922607422,0.9164102673530579,1.0,178.6999969482422,195.0,True,False,0.8221126198768616,160.311960875988,GRU,1
test_14,A3,test,14,16.399999618530273,163,79.24626922607422,0.9158974885940552,1.0,178.60000610351562,195.0,True,False,0.8257110118865967,161.01364731788635,GRU,1
test_14,A3,test,14,16.5,164,79.24626922607422,0.9153845906257629,1.0,178.5,195.0,True,False,0.8290687203407288,161.6684004664421,GRU,1
test_14,A3,test,14,16.600000381469727,165,79.24626922607422,0.9148717522621155,1.0,178.39999389648438,195.0,True,False,0.8325564861297607,162.34851479530334,GRU,1
test_14,A3,test,14,16.700000762939453,166,79.24626922607422,0.9143589735031128,1.0,178.3000030517578,195.0,True,False,0.8358502388000488,162.99079656600952,GRU,1
test_14,A3,test,14,16.799999237060547,167,79.24626922607422,0.9138461351394653,1.0,178.1999969482422,195.0,True,False,0.83299720287323,162.43445456027985,GRU,1
test_14,A3,test,14,16.899999618530273,168,79.24626922607422,0.9133333563804626,1.0,178.10000610351562,195.0,True,False,0.8372485637664795,163.2634699344635,GRU,1
test_14,A3,test,14,17.0,169,79.24626922607422,0.9128205180168152,1.0,178.0,195.0,True,False,0.8443215489387512,164.6427020430565,GRU,1
test_14,A3,test,14,17.100000381469727,170,79.24626922607422,0.9123076796531677,1.0,177.89999389648438,195.0,True,False,0.847210168838501,165.2059829235077,GRU,1
test_14,A3,test,14,17.200000762939453,171,79.24626922607422,0.911794900894165,1.0,177.8000030517578,195.0,True,False,0.8465425372123718,165.0757947564125,GRU,1
test_14,A3,test,14,17.299999237060547,172,79.24626922607422,0.9112820625305176,1.0,177.6999969482422,195.0,True,False,0.8459777235984802,164.96565610170364,GRU,1
test_14,A3,test,14,17.399999618530273,173,79.24626922607422,0.9107692837715149,1.0,177.60000610351562,195.0,True,False,0.8432176113128662,164.4274342060089,GRU,1
test_14,A3,test,14,17.5,174,79.24626922607422,0.9102563858032227,1.0,177.5,195.0,True,False,0.841999351978302,164.1898736357689,GRU,1
test_14,A3,test,14,17.600000381469727,175,79.24626922607422,0.9097435474395752,1.0,177.39999389648438,195.0,True,False,0.8401970267295837,163.83842021226883,GRU,1
test_14,A3,test,14,17.700000762939453,176,79.24626922607422,0.9092307686805725,1.0,177.3000030517578,195.0,True,False,0.8383293151855469,163.47421646118164,GRU,1
test_14,A3,test,14,17.799999237060547,177,79.24626922607422,0.908717930316925,1.0,177.1999969482422,195.0,True,False,0.8351760506629944,162.8593298792839,GRU,1
test_14,A3,test,14,17.899999618530273,178,79.24626922607422,0.9082051515579224,1.0,177.10000610351562,195.0,True,False,0.8384443521499634,163.49664866924286,GRU,1
test_14,A3,test,14,18.0,179,79.24626922607422,0.9076923131942749,1.0,177.0,195.0,True,False,0.8382991552352905,163.46833527088165,GRU,1
test_14,A3,test,14,18.100000381469727,180,79.24626922607422,0.9071794748306274,1.0,176.89999389648438,195.0,True,False,0.8328245282173157,162.40078300237656,GRU,1
test_14,A3,test,14,18.200000762939453,181,79.24626922607422,0.9066666960716248,1.0,176.8000030517578,195.0,True,False,0.8353517055511475,162.89358258247375,GRU,1
test_14,A3,test,14,18.299999237060547,182,79.24626922607422,0.9061538577079773,1.0,176.6999969482422,195.0,True,False,0.8370742797851562,163.22948455810547,GRU,1
test_14,A3,test,14,18.399999618530273,183,79.24626922607422,0.9056410789489746,1.0,176.60000610351562,195.0,True,False,0.8424208760261536,164.27207082509995,GRU,1
test_14,A3,test,14,18.5,184,79.24626922607422,0.9051281809806824,1.0,176.5,195.0,True,False,0.8480121493339539,165.362369120121,GRU,1
test_14,A3,test,14,18.600000381469727,185,79.24626922607422,0.9046153426170349,1.0,176.39999389648438,195.0,True,False,0.8381646871566772,163.44211399555206,GRU,1
test_14,A3,test,14,18.700000762939453,186,79.24626922607422,0.9041025638580322,1.0,176.3000030517578,195.0,True,False,0.8319860696792603,162.23728358745575,GRU,1
test_14,A3,test,14,18.799999237060547,187,79.24626922607422,0.9035897254943848,1.0,176.1999969482422,195.0,True,False,0.8402379155158997,163.84639352560043,GRU,1
test_14,A3,test,14,18.899999618530273,188,79.24626922607422,0.9030769467353821,1.0,176.10000610351562,195.0,True,False,0.8463518619537354,165.0386130809784,GRU,1
test_14,A3,test,14,19.0,189,79.24626922607422,0.9025641083717346,1.0,176.0,195.0,True,False,0.8455643057823181,164.88503962755203,GRU,1
test_14,A3,test,14,19.100000381469727,190,79.24626922607422,0.9020512700080872,1.0,175.89999389648438,195.0,True,False,0.8459445834159851,164.9591937661171,GRU,1
test_14,A3,test,14,19.200000762939453,191,79.24626922607422,0.9015384912490845,1.0,175.8000030517578,195.0,True,False,0.8475838899612427,165.27885854244232,GRU,1
test_14,A3,test,14,19.299999237060547,192,79.24626922607422,0.901025652885437,1.0,175.6999969482422,195.0,True,False,0.8430642485618591,164.39752846956253,GRU,1
test_14,A3,test,14,19.399999618530273,193,79.24626922607422,0.9005128741264343,1.0,175.60000610351562,195.0,True,False,0.844506025314331,164.67867493629456,GRU,1
test_14,A3,test,14,19.5,194,79.24626922607422,0.8999999761581421,1.0,175.5,195.0,True,False,0.8466383814811707,165.09448438882828,GRU,1
test_14,A3,test,14,19.600000381469727,195,79.24626922607422,0.8994871377944946,1.0,175.39999389648438,195.0,True,False,0.8551024198532104,166.74497187137604,GRU,1
test_14,A3,test,14,19.700000762939453,196,79.24626922607422,0.8989743590354919,1.0,175.3000030517578,195.0,True,False,0.8649894595146179,168.6729446053505,GRU,1
test_14,A3,test,14,19.799999237060547,197,79.24626922607422,0.8984615206718445,1.0,175.1999969482422,195.0,True,False,0.871202290058136,169.88444656133652,GRU,1
test_14,A3,test,14,19.899999618530273,198,79.24626922607422,0.8979487419128418,1.0,175.10000610351562,195.0,True,False,0.8646352291107178,168.60386967658997,GRU,1
test_14,A3,test,14,20.0,199,79.24626922607422,0.8974359035491943,1.0,175.0,195.0,True,False,0.8572288155555725,167.15961903333664,GRU,1
test_14,A3,test,14,20.100000381469727,200,79.24626922607422,0.8969230651855469,1.0,174.89999389648438,195.0,True,False,0.8495784401893616,165.6677958369255,GRU,1
test_14,A3,test,14,20.200000762939453,201,79.24626922607422,0.8964102864265442,1.0,174.8000030517578,195.0,True,False,0.8442725539207458,164.63314801454544,GRU,1
test_14,A3,test,14,20.299999237060547,202,79.24626922607422,0.8958974480628967,1.0,174.6999969482422,195.0,True,False,0.8377718329429626,163.36550742387772,GRU,1
test_14,A3,test,14,20.399999618530273,203,79.24626922607422,0.895384669303894,1.0,174.60000610351562,195.0,True,False,0.8343170285224915,162.69182056188583,GRU,1
test_14,A3,test,14,20.5,204,79.24626922607422,0.8948717713356018,1.0,174.5,195.0,True,False,0.8292710185050964,161.7078486084938,GRU,1
test_14,A3,test,14,20.600000381469727,205,79.24626922607422,0.8943589329719543,1.0,174.39999389648438,195.0,True,False,0.8240451812744141,160.68881034851074,GRU,1
test_14,A3,test,14,20.700000762939453,206,79.24626922607422,0.8938461542129517,1.0,174.3000030517578,195.0,True,False,0.8232430815696716,160.53240090608597,GRU,1
test_14,A3,test,14,20.799999237060547,207,79.24626922607422,0.8933333158493042,1.0,174.1999969482422,195.0,True,False,0.8203465342521667,159.96757417917252,GRU,1
test_14,A3,test,14,20.899999618530273,208,79.24626922607422,0.8928205370903015,1.0,174.10000610351562,195.0,True,False,0.8248826861381531,160.85212379693985,GRU,1
test_14,A3,test,14,21.0,209,79.24626922607422,0.892307698726654,1.0,174.0,195.0,True,False,0.8282336592674255,161.50556355714798,GRU,1
test_14,A3,test,14,21.100000381469727,210,79.24626922607422,0.8917948603630066,1.0,173.89999389648438,195.0,True,False,0.8289762139320374,161.65036171674728,GRU,1
test_14,A3,test,14,21.200000762939453,211,79.24626922607422,0.8912820816040039,1.0,173.8000030517578,195.0,True,False,0.8283370137214661,161.52571767568588,GRU,1
test_14,A3,test,14,21.299999237060547,212,79.24626922607422,0.8907692432403564,1.0,173.6999969482422,195.0,True,False,0.8308084011077881,162.00763821601868,GRU,1
test_14,A3,test,14,21.399999618530273,213,79.24626922607422,0.8902564644813538,1.0,173.60000610351562,195.0,True,False,0.8352090716362,162.865768969059,GRU,1
test_14,A3,test,14,21.5,214,79.24626922607422,0.8897435665130615,1.0,173.5,195.0,True,False,0.8236576914787292,160.6132498383522,GRU,1
test_14,A3,test,14,21.600000381469727,215,79.24626922607422,0.8892307281494141,1.0,173.39999389648438,195.0,True,False,0.8215826749801636,160.2086216211319,GRU,1
test_14,A3,test,14,21.700000762939453,216,79.24626922607422,0.8887179493904114,1.0,173.3000030517578,195.0,True,False,0.8236371874809265,160.60925155878067,GRU,1
test_14,A3,test,14,21.799999237060547,217,79.24626922607422,0.8882051110267639,1.0,173.1999969482422,195.0,True,False,0.834446370601654,162.71704226732254,GRU,1
test_14,A3,test,14,21.899999618530273,218,79.24626922607422,0.8876923322677612,1.0,173.10000610351562,195.0,True,False,0.8348008990287781,162.78617531061172,GRU,1
test_14,A3,test,14,22.0,219,79.24626922607422,0.8871794939041138,1.0,173.0,195.0,True,False,0.832095742225647,162.25866973400116,GRU,1
test_14,A3,test,14,22.100000381469727,220,79.24626922607422,0.8866666555404663,1.0,172.89999389648438,195.0,True,False,0.827788233757019,161.4187055826187,GRU,1
test_14,A3,test,14,22.200000762939453,221,79.24626922607422,0.8861538767814636,1.0,172.8000030517578,195.0,True,False,0.8247610926628113,160.8284130692482,GRU,1
test_14,A3,test,14,22.299999237060547,222,79.24626922607422,0.8856410384178162,1.0,172.6999969482422,195.0,True,False,0.8223108053207397,160.35060703754425,GRU,1
test_14,A3,test,14,22.399999618530273,223,79.24626922607422,0.8851282596588135,1.0,172.60000610351562,195.0,True,False,0.8189417123794556,159.69363391399384,GRU,1
test_14,A3,test,14,22.5,224,79.24626922607422,0.8846153616905212,1.0,172.5,195.0,True,False,0.8190539479255676,159.7155198454857,GRU,1
test_14,A3,test,14,22.600000381469727,225,79.24626922607422,0.8841025233268738,1.0,172.39999389648438,195.0,True,False,0.8212035298347473,160.13468831777573,GRU,1
test_14,A3,test,14,22.700000762939453,226,79.24626922607422,0.8835897445678711,1.0,172.3000030517578,195.0,True,False,0.8234512209892273,160.57298809289932,GRU,1
test_14,A3,test,14,22.799999237060547,227,79.24626922607422,0.8830769062042236,1.0,172.1999969482422,195.0,True,False,0.8257907032966614,161.02918714284897,GRU,1
test_14,A3,test,14,22.899999618530273,228,79.24626922607422,0.882564127445221,1.0,172.10000610351562,195.0,True,False,0.8283575773239136,161.52972757816315,GRU,1
test_14,A3,test,14,23.0,229,79.24626922607422,0.8820512890815735,1.0,172.0,195.0,True,False,0.8304772973060608,161.94307297468185,GRU,1
test_14,A3,test,14,23.100000381469727,230,79.24626922607422,0.881538450717926,1.0,171.89999389648438,195.0,True,False,0.8278146386146545,161.42385452985764,GRU,1
test_14,A3,test,14,23.200000762939453,231,79.24626922607422,0.8810256719589233,1.0,171.8000030517578,195.0,True,False,0.8302780985832214,161.90422922372818,GRU,1
test_14,A3,test,14,23.299999237060547,232,79.24626922607422,0.8805128335952759,1.0,171.6999969482422,195.0,True,False,0.8327960968017578,162.39523887634277,GRU,1
test_14,A3,test,14,23.399999618530273,233,79.24626922607422,0.8800000548362732,1.0,171.60000610351562,195.0,True,False,0.8305650353431702,161.96018189191818,GRU,1
test_14,A3,test,14,23.5,234,79.24626922607422,0.879487156867981,1.0,171.5,195.0,True,False,0.8286164402961731,161.58020585775375,GRU,1
test_14,A3,test,14,23.600000381469727,235,79.24626922607422,0.8789743185043335,1.0,171.39999389648438,195.0,True,False,0.830016553401947,161.85322791337967,GRU,1
test_14,A3,test,14,23.700000762939453,236,79.24626922607422,0.8784615397453308,1.0,171.3000030517578,195.0,True,False,0.8291950225830078,161.69302940368652,GRU,1
test_14,A3,test,14,23.799999237060547,237,79.24626922607422,0.8779487013816833,1.0,171.1999969482422,195.0,True,False,0.8233405351638794,160.55140435695648,GRU,1
test_14,A3,test,14,23.899999618530273,238,79.24626922607422,0.8774359226226807,1.0,171.10000610351562,195.0,True,False,0.8121063113212585,158.36073070764542,GRU,1
test_14,A3,test,14,24.0,239,79.24626922607422,0.8769230842590332,1.0,171.0,195.0,True,False,0.8068888783454895,157.34333127737045,GRU,1
test_14,A3,test,14,24.100000381469727,240,79.24626922607422,0.8764102458953857,1.0,170.89999389648438,195.0,True,False,0.8059502840042114,157.16030538082123,GRU,1
test_14,A3,test,14,24.200000762939453,241,79.24626922607422,0.8758974671363831,1.0,170.8000030517578,195.0,True,False,0.806980550289154,157.36120730638504,GRU,1
test_14,A3,test,14,24.299999237060547,242,79.24626922607422,0.8753846287727356,1.0,170.6999969482422,195.0,True,False,0.8132911324501038,158.59177082777023,GRU,1
test_14,A3,test,14,24.399999618530273,243,79.24626922607422,0.8748718500137329,1.0,170.60000610351562,195.0,True,False,0.8209195733070374,160.07931679487228,GRU,1
test_14,A3,test,14,24.5,244,79.24626922607422,0.8743589520454407,1.0,170.5,195.0,True,False,0.8260018825531006,161.07036709785461,GRU,1
test_14,A3,test,14,24.600000381469727,245,79.24626922607422,0.8738461136817932,1.0,170.39999389648438,195.0,True,False,0.8291224241256714,161.67887270450592,GRU,1
test_14,A3,test,14,24.700000762939453,246,79.24626922607422,0.8733333349227905,1.0,170.3000030517578,195.0,True,False,0.838288426399231,163.46624314785004,GRU,1
test_14,A3,test,14,24.799999237060547,247,79.24626922607422,0.8728204965591431,1.0,170.1999969482422,195.0,True,False,0.8479690551757812,165.35396575927734,GRU,1
test_14,A3,test,14,24.899999618530273,248,79.24626922607422,0.8723077178001404,1.0,170.10000610351562,195.0,True,False,0.8534764647483826,166.4279106259346,GRU,1
test_14,A3,test,14,25.0,249,79.24626922607422,0.8717948794364929,1.0,170.0,195.0,True,False,0.8465344905853271,165.0742256641388,GRU,1
test_14,A3,test,14,25.100000381469727,250,79.24626922607422,0.8712820410728455,1.0,169.89999389648438,195.0,True,False,0.8405839204788208,163.91386449337006,GRU,1
test_14,A3,test,14,25.200000762939453,251,79.24626922607422,0.8707692623138428,1.0,169.8000030517578,195.0,True,False,0.8382351398468018,163.45585227012634,GRU,1
test_14,A3,test,14,25.299999237060547,252,79.24626922607422,0.8702564239501953,1.0,169.6999969482422,195.0,True,False,0.8333650231361389,162.5061795115471,GRU,1
test_14,A3,test,14,25.399999618530273,253,79.24626922607422,0.8697436451911926,1.0,169.60000610351562,195.0,True,False,0.8218669295310974,160.264051258564,GRU,1
test_14,A3,test,14,25.5,254,79.24626922607422,0.8692307472229004,1.0,169.5,195.0,True,False,0.8173225522041321,159.37789767980576,GRU,1
test_14,A3,test,14,25.600000381469727,255,79.24626922607422,0.8687179088592529,1.0,169.39999389648438,195.0,True,False,0.815096378326416,158.94379377365112,GRU,1
test_14,A3,test,14,25.700000762939453,256,79.24626922607422,0.8682051301002502,1.0,169.3000030517578,195.0,True,False,0.8109827637672424,158.14163893461227,GRU,1
test_14,A3,test,14,25.799999237060547,257,79.24626922607422,0.8676922917366028,1.0,169.1999969482422,195.0,True,False,0.8181695938110352,159.54307079315186,GRU,1
test_14,A3,test,14,25.899999618530273,258,79.24626922607422,0.8671795129776001,1.0,169.10000610351562,195.0,True,False,0.835105836391449,162.84563809633255,GRU,1
test_14,A3,test,14,26.0,259,79.24626922607422,0.8666666746139526,1.0,169.0,195.0,True,False,0.8268845081329346,161.24247908592224,GRU,1
test_14,A3,test,14,26.100000381469727,260,79.24626922607422,0.8661538362503052,1.0,168.89999389648438,195.0,True,False,0.821940541267395,160.27840554714203,GRU,1
test_14,A3,test,14,26.200000762939453,261,79.24626922607422,0.8656410574913025,1.0,168.8000030517578,195.0,True,False,0.8252750635147095,160.92863738536835,GRU,1
test_14,A3,test,14,26.299999237060547,262,79.24626922607422,0.865128219127655,1.0,168.6999969482422,195.0,True,False,0.8100762963294983,157.96487778425217,GRU,1
test_14,A3,test,14,26.399999618530273,263,79.24626922607422,0.8646154403686523,1.0,168.60000610351562,195.0,True,False,0.8107130527496338,158.0890452861786,GRU,1
test_14,A3,test,14,26.5,264,79.24626922607422,0.8641025424003601,1.0,168.5,195.0,True,False,0.8192205429077148,159.7480058670044,GRU,1
test_14,A3,test,14,26.600000381469727,265,79.24626922607422,0.8635897040367126,1.0,168.39999389648438,195.0,True,False,0.8226631283760071,160.41931003332138,GRU,1
test_14,A3,test,14,26.700000762939453,266,79.24626922607422,0.86307692527771,1.0,168.3000030517578,195.0,True,False,0.8184263110160828,159.59313064813614,GRU,1
test_14,A3,test,14,26.799999237060547,267,79.24626922607422,0.8625640869140625,1.0,168.1999969482422,195.0,True,False,0.8145706057548523,158.8412681221962,GRU,1
test_14,A3,test,14,26.899999618530273,268,79.24626922607422,0.8620513081550598,1.0,168.10000610351562,195.0,True,False,0.8181933760643005,159.5477083325386,GRU,1
test_14,A3,test,14,27.0,269,79.24626922607422,0.8615384697914124,1.0,168.0,195.0,True,False,0.8176506161689758,159.4418701529503,GRU,1
test_14,A3,test,14,27.100000381469727,270,79.24626922607422,0.8610256314277649,1.0,167.89999389648438,195.0,True,False,0.8146087527275085,158.84870678186417,GRU,1
test_14,A3,test,14,27.200000762939453,271,79.24626922607422,0.8605128526687622,1.0,167.8000030517578,195.0,True,False,0.813251256942749,158.58399510383606,GRU,1
test_14,A3,test,14,27.299999237060547,272,79.24626922607422,0.85999995470047,1.0,167.6999969482422,195.0,True,False,0.8133475184440613,158.60276609659195,GRU,1
test_14,A3,test,14,27.399999618530273,273,79.24626922607422,0.8594872355461121,1.0,167.60000610351562,195.0,True,False,0.8152791857719421,158.97944122552872,GRU,1
test_14,A3,test,14,27.5,274,79.24626922607422,0.8589743375778198,1.0,167.5,195.0,True,False,0.8240929841995239,160.69813191890717,GRU,1
test_14,A3,test,14,27.600000381469727,275,79.24626922607422,0.8584614992141724,1.0,167.39999389648438,195.0,True,False,0.8285050988197327,161.55849426984787,GRU,1
test_14,A3,test,14,27.700000762939453,276,79.24626922607422,0.8579487204551697,1.0,167.3000030517578,195.0,True,False,0.825294554233551,160.93243807554245,GRU,1
test_14,A3,test,14,27.799999237060547,277,79.24626922607422,0.8574358820915222,1.0,167.1999969482422,195.0,True,False,0.8216214776039124,160.2161881327629,GRU,1
test_14,A3,test,14,27.899999618530273,278,79.24626922607422,0.8569231033325195,1.0,167.10000610351562,195.0,True,False,0.8172609210014343,159.3658795952797,GRU,1
test_14,A3,test,14,28.0,279,79.24626922607422,0.8564102649688721,1.0,167.0,195.0,True,False,0.815415620803833,159.00604605674744,GRU,1
test_14,A3,test,14,28.100000381469727,280,79.24626922607422,0.8558974266052246,1.0,166.89999389648438,195.0,True,False,0.8151127099990845,158.94697844982147,GRU,1
test_14,A3,test,14,28.200000762939453,281,79.24626922607422,0.8553846478462219,1.0,166.8000030517578,195.0,True,False,0.8181047439575195,159.5304250717163,GRU,1
test_14,A3,test,14,28.299999237060547,282,79.24626922607422,0.8548717498779297,1.0,166.6999969482422,195.0,True,False,0.8232979774475098,160.5431056022644,GRU,1
test_14,A3,test,14,28.399999618530273,283,79.24626922607422,0.8543590307235718,1.0,166.60000610351562,195.0,True,False,0.8233736157417297,160.5578550696373,GRU,1
test_14,A3,test,14,28.5,284,79.24626922607422,0.8538461327552795,1.0,166.5,195.0,True,False,0.8173379898071289,159.38090801239014,GRU,1
test_14,A3,test,14,28.600000381469727,285,79.24626922607422,0.8533332943916321,1.0,166.39999389648438,195.0,True,False,0.8124549984931946,158.42872470617294,GRU,1
test_14,A3,test,14,28.700000762939453,286,79.24626922607422,0.8528205156326294,1.0,166.3000030517578,195.0,True,False,0.8077392578125,157.5091552734375,GRU,1
test_14,A3,test,14,28.799999237060547,287,79.24626922607422,0.8523076772689819,1.0,166.1999969482422,195.0,True,False,0.8075933456420898,157.48070240020752,GRU,1
test_14,A3,test,14,28.899999618530273,288,79.24626922607422,0.8517948985099792,1.0,166.10000610351562,195.0,True,False,0.8125974535942078,158.4565034508705,GRU,1
test_14,A3,test,14,29.0,289,79.24626922607422,0.8512820601463318,1.0,166.0,195.0,True,False,0.8118388056755066,158.30856710672379,GRU,1
test_14,A3,test,14,29.100000381469727,290,79.24626922607422,0.8507692217826843,1.0,165.89999389648438,195.0,True,False,0.812233030796051,158.38544100522995,GRU,1
test_14,A3,test,14,29.200000762939453,291,79.24626922607422,0.8502564430236816,1.0,165.8000030517578,195.0,True,False,0.8126655220985413,158.46977680921555,GRU,1
test_14,A3,test,14,29.299999237060547,292,79.24626922607422,0.8497435450553894,1.0,165.6999969482422,195.0,True,False,0.808634340763092,157.68369644880295,GRU,1
test_14,A3,test,14,29.399999618530273,293,79.24626922607422,0.8492308259010315,1.0,165.60000610351562,195.0,True,False,0.809826135635376,157.91609644889832,GRU,1
test_14,A3,test,14,29.5,294,79.24626922607422,0.8487179279327393,1.0,165.5,195.0,True,False,0.8159762024879456,159.11535948514938,GRU,1
test_14,A3,test,14,29.600000381469727,295,79.24626922607422,0.8482050895690918,1.0,165.39999389648438,195.0,True,False,0.8157996535301208,159.08093243837357,GRU,1
test_14,A3,test,14,29.700000762939453,296,79.24626922607422,0.8476923108100891,1.0,165.3000030517578,195.0,True,False,0.8165457248687744,159.226416349411,GRU,1
test_14,A3,test,14,29.799999237060547,297,79.24626922607422,0.8471794724464417,1.0,165.1999969482422,195.0,True,False,0.8179386258125305,159.49803203344345,GRU,1
test_14,A3,test,14,29.899999618530273,298,79.24626922607422,0.846666693687439,1.0,165.10000610351562,195.0,True,False,0.8210955858230591,160.11363923549652,GRU,1
test_14,A3,test,14,30.0,299,79.24626922607422,0.8461538553237915,1.0,165.0,195.0,True,False,0.8202131986618042,159.94157373905182,GRU,1
test_14,A3,test,14,30.100000381469727,300,79.24626922607422,0.845641016960144,1.0,164.89999389648438,195.0,True,False,0.8246744275093079,160.81151336431503,GRU,1
test_14,A3,test,14,30.200000762939453,301,79.24626922607422,0.8451282382011414,1.0,164.8000030517578,195.0,True,False,0.8347235918045044,162.77110040187836,GRU,1
test_14,A3,test,14,30.299999237060547,302,79.24626922607422,0.8446153402328491,1.0,164.6999969482422,195.0,True,False,0.8296592831611633,161.78356021642685,GRU,1
test_14,A3,test,14,30.399999618530273,303,79.24626922607422,0.8441026210784912,1.0,164.60000610351562,195.0,True,False,0.8213043808937073,160.15435427427292,GRU,1
test_14,A3,test,14,30.5,304,79.24626922607422,0.843589723110199,1.0,164.5,195.0,True,False,0.8247063159942627,160.81773161888123,GRU,1
test_14,A3,test,14,30.600000381469727,305,79.24626922607422,0.8430768847465515,1.0,164.39999389648438,195.0,True,False,0.8238259553909302,160.64606130123138,GRU,1
test_14,A3,test,14,30.700000762939453,306,79.24626922607422,0.8425641059875488,1.0,164.3000030517578,195.0,True,False,0.8164780139923096,159.21321272850037,GRU,1
test_14,A3,test,14,30.799999237060547,307,79.24626922607422,0.8420512676239014,1.0,164.1999969482422,195.0,True,False,0.8137328028678894,158.67789655923843,GRU,1
test_14,A3,test,14,30.899999618530273,308,79.24626922607422,0.8415384888648987,1.0,164.10000610351562,195.0,True,False,0.8132194876670837,158.57780009508133,GRU,1
test_14,A3,test,14,31.0,309,79.24626922607422,0.8410256505012512,1.0,164.0,195.0,True,False,0.8080278635025024,157.56543338298798,GRU,1
test_14,A3,test,14,31.100000381469727,310,79.24626922607422,0.8405128121376038,1.0,163.89999389648438,195.0,True,False,0.8138982057571411,158.71015012264252,GRU,1
test_14,A3,test,14,31.200000762939453,311,79.24626922607422,0.8400000333786011,1.0,163.8000030517578,195.0,True,False,0.8226112127304077,160.4091864824295,GRU,1
test_14,A3,test,14,31.299999237060547,312,79.24626922607422,0.8394871354103088,1.0,163.6999969482422,195.0,True,False,0.8205839991569519,160.01387983560562,GRU,1
test_14,A3,test,14,31.399999618530273,313,79.24626922607422,0.8389744162559509,1.0,163.60000610351562,195.0,True,False,0.8225314021110535,160.39362341165543,GRU,1
test_14,A3,test,14,31.5,314,79.24626922607422,0.8384615182876587,1.0,163.5,195.0,True,False,0.8302680850028992,161.90227657556534,GRU,1
test_14,A3,test,14,31.600000381469727,315,79.24626922607422,0.8379486799240112,1.0,163.39999389648438,195.0,True,False,0.827597975730896,161.38160526752472,GRU,1
test_14,A3,test,14,31.700000762939453,316,79.24626922607422,0.8374359011650085,1.0,163.3000030517578,195.0,True,False,0.8282580375671387,161.51031732559204,GRU,1
test_14,A3,test,14,31.799999237060547,317,79.24626922607422,0.8369230628013611,1.0,163.1999969482422,195.0,True,False,0.8317083716392517,162.18313246965408,GRU,1
test_14,A3,test,14,31.899999618530273,318,79.24626922607422,0.8364102840423584,1.0,163.10000610351562,195.0,True,False,0.8273649215698242,161.33615970611572,GRU,1
test_14,A3,test,14,32.0,319,79.24626922607422,0.8358974456787109,1.0,163.0,195.0,True,False,0.818630576133728,159.63296234607697,GRU,1
test_14,A3,test,14,32.099998474121094,320,79.24626922607422,0.8353846073150635,1.0,162.89999389648438,195.0,True,False,0.807793140411377,157.5196623802185,GRU,1
test_14,A3,test,14,32.20000076293945,321,79.24626922607422,0.8348718285560608,1.0,162.8000030517578,195.0,True,False,0.8036013841629028,156.70226991176605,GRU,1
test_14,A3,test,14,32.29999923706055,322,79.24626922607422,0.8343589305877686,1.0,162.6999969482422,195.0,True,False,0.7973610758781433,155.48540979623795,GRU,1
test_14,A3,test,14,32.400001525878906,323,79.24626922607422,0.8338462114334106,1.0,162.60000610351562,195.0,True,False,0.7918384671211243,154.40850108861923,GRU,1
test_14,A3,test,14,32.5,324,79.24626922607422,0.8333333134651184,1.0,162.5,195.0,True,False,0.7893447279930115,153.92222195863724,GRU,1
test_14,A3,test,14,32.599998474121094,325,79.24626922607422,0.832820475101471,1.0,162.39999389648438,195.0,True,False,0.7851722240447998,153.10858368873596,GRU,1
test_14,A3,test,14,32.70000076293945,326,79.24626922607422,0.8323076963424683,1.0,162.3000030517578,195.0,True,False,0.7837188839912415,152.82518237829208,GRU,1
test_14,A3,test,14,32.79999923706055,327,79.24626922607422,0.8317948579788208,1.0,162.1999969482422,195.0,True,False,0.7877634167671204,153.61386626958847,GRU,1
test_14,A3,test,14,32.900001525878906,328,79.24626922607422,0.8312820792198181,1.0,162.10000610351562,195.0,True,False,0.7903263568878174,154.1136395931244,GRU,1
test_14,A3,test,14,33.0,329,79.24626922607422,0.8307692408561707,1.0,162.0,195.0,True,False,0.7925236821174622,154.54211801290512,GRU,1
test_14,A3,test,14,33.099998474121094,330,79.24626922607422,0.8302564024925232,1.0,161.89999389648438,195.0,True,False,0.7954062819480896,155.10422497987747,GRU,1
test_14,A3,test,14,33.20000076293945,331,79.24626922607422,0.8297436237335205,1.0,161.8000030517578,195.0,True,False,0.7918795943260193,154.41652089357376,GRU,1
test_14,A3,test,14,33.29999923706055,332,79.24626922607422,0.8292307257652283,1.0,161.6999969482422,195.0,True,False,0.7872570753097534,153.51512968540192,GRU,1
test_14,A3,test,14,33.400001525878906,333,79.24626922607422,0.8287180066108704,1.0,161.60000610351562,195.0,True,False,0.7861664891242981,153.30246537923813,GRU,1
test_14,A3,test,14,33.5,334,79.24626922607422,0.8282051086425781,1.0,161.5,195.0,True,False,0.7873067855834961,153.52482318878174,GRU,1
test_14,A3,test,14,33.599998474121094,335,79.24626922607422,0.8276922702789307,1.0,161.39999389648438,195.0,True,False,0.7958629131317139,155.1932680606842,GRU,1
test_14,A3,test,14,33.70000076293945,336,79.24626922607422,0.827179491519928,1.0,161.3000030517578,195.0,True,False,0.8055735230445862,157.0868369936943,GRU,1
test_14,A3,test,14,33.79999923706055,337,79.24626922607422,0.8266666531562805,1.0,161.1999969482422,195.0,True,False,0.8051711320877075,157.00837075710297,GRU,1
test_14,A3,test,14,33.900001525878906,338,79.24626922607422,0.8261538743972778,1.0,161.10000610351562,195.0,True,False,0.7964357137680054,155.30496418476105,GRU,1
test_14,A3,test,14,34.0,339,79.24626922607422,0.8256410360336304,1.0,161.0,195.0,True,False,0.797822892665863,155.5754640698433,GRU,1
test_14,A3,test,14,34.099998474121094,340,79.24626922607422,0.8251281976699829,1.0,160.89999389648438,195.0,True,False,0.7956080436706543,155.1435685157776,GRU,1
test_14,A3,test,14,34.20000076293945,341,79.24626922607422,0.8246154189109802,1.0,160.8000030517578,195.0,True,False,0.7972504496574402,155.46383768320084,GRU,1
test_14,A3,test,14,34.29999923706055,342,79.24626922607422,0.824102520942688,1.0,160.6999969482422,195.0,True,False,0.8026253581047058,156.51194483041763,GRU,1
test_14,A3,test,14,34.400001525878906,343,79.24626922607422,0.8235898017883301,1.0,160.60000610351562,195.0,True,False,0.8060739040374756,157.18441128730774,GRU,1
test_14,A3,test,14,34.5,344,79.24626922607422,0.8230769038200378,1.0,160.5,195.0,True,False,0.8055199980735779,157.0763996243477,GRU,1
test_14,A3,test,14,34.599998474121094,345,79.24626922607422,0.8225640654563904,1.0,160.39999389648438,195.0,True,False,0.8054134249687195,157.0556178689003,GRU,1
test_14,A3,test,14,34.70000076293945,346,79.24626922607422,0.8220512866973877,1.0,160.3000030517578,195.0,True,False,0.8065009713172913,157.2676894068718,GRU,1
test_14,A3,test,14,34.79999923706055,347,79.24626922607422,0.8215384483337402,1.0,160.1999969482422,195.0,True,False,0.8046678900718689,156.91023856401443,GRU,1
test_14,A3,test,14,34.900001525878906,348,79.24626922607422,0.8210256695747375,1.0,160.10000610351562,195.0,True,False,0.7968994975090027,155.39540201425552,GRU,1
test_14,A3,test,14,35.0,349,79.24626922607422,0.8205128312110901,1.0,160.0,195.0,True,False,0.7934831380844116,154.72921192646027,GRU,1
test_14,A3,test,14,35.099998474121094,350,79.24626922607422,0.8199999928474426,1.0,159.89999389648438,195.0,True,False,0.7914055585861206,154.32408392429352,GRU,1
test_14,A3,test,14,35.20000076293945,351,79.24626922607422,0.8194872140884399,1.0,159.8000030517578,195.0,True,False,0.7913140654563904,154.30624276399612,GRU,1
test_14,A3,test,14,35.29999923706055,352,79.24626922607422,0.8189743161201477,1.0,159.6999969482422,195.0,True,False,0.7957208752632141,155.16557067632675,GRU,1
test_14,A3,test,14,35.400001525878906,353,79.24626922607422,0.8184615969657898,1.0,159.60000610351562,195.0,True,False,0.7983908653259277,155.6862187385559,GRU,1
test_14,A3,test,14,35.5,354,79.24626922607422,0.8179486989974976,1.0,159.5,195.0,True,False,0.7952249050140381,155.06885647773743,GRU,1
test_14,A3,test,14,35.599998474121094,355,79.24626922607422,0.8174358606338501,1.0,159.39999389648438,195.0,True,False,0.788800060749054,153.81601184606552,GRU,1
test_14,A3,test,14,35.70000076293945,356,79.24626922607422,0.8169230818748474,1.0,159.3000030517578,195.0,True,False,0.7824413180351257,152.57605701684952,GRU,1
test_14,A3,test,14,35.79999923706055,357,79.24626922607422,0.8164102435112,1.0,159.1999969482422,195.0,True,False,0.7820388078689575,152.49756753444672,GRU,1
test_14,A3,test,14,35.900001525878906,358,79.24626922607422,0.8158974647521973,1.0,159.10000610351562,195.0,True,False,0.7848682999610901,153.04931849241257,GRU,1
test_14,A3,test,14,36.0,359,79.24626922607422,0.8153846263885498,1.0,159.0,195.0,True,False,0.7925721406936646,154.5515674352646,GRU,1
test_14,A3,test,14,36.099998474121094,360,79.24626922607422,0.8148717880249023,1.0,158.89999389648438,195.0,True,False,0.8025286793708801,156.49309247732162,GRU,1
test_14,A3,test,14,36.20000076293945,361,79.24626922607422,0.8143590092658997,1.0,158.8000030517578,195.0,True,False,0.8036782145500183,156.71725183725357,GRU,1
test_14,A3,test,14,36.29999923706055,362,79.24626922607422,0.8138461112976074,1.0,158.6999969482422,195.0,True,False,0.8043465614318848,156.84757947921753,GRU,1
test_14,A3,test,14,36.400001525878906,363,79.24626922607422,0.8133333921432495,1.0,158.60000610351562,195.0,True,False,0.8052297830581665,157.01980769634247,GRU,1
test_14,A3,test,14,36.5,364,79.24626922607422,0.8128204941749573,1.0,158.5,195.0,True,False,0.7842065691947937,152.92028099298477,GRU,1
test_14,A3,test,14,36.599998474121094,365,79.24626922607422,0.8123076558113098,1.0,158.39999389648438,195.0,True,False,0.7839369177818298,152.86769896745682,GRU,1
test_14,A3,test,14,36.70000076293945,366,79.24626922607422,0.8117948770523071,1.0,158.3000030517578,195.0,True,False,0.7965201139450073,155.32142221927643,GRU,1
test_14,A3,test,14,36.79999923706055,367,79.24626922607422,0.8112820386886597,1.0,158.1999969482422,195.0,True,False,0.8082634210586548,157.61136710643768,GRU,1
test_14,A3,test,14,36.900001525878906,368,79.24626922607422,0.810769259929657,1.0,158.10000610351562,195.0,True,False,0.8119174838066101,158.32390934228897,GRU,1
test_14,A3,test,14,37.0,369,79.24626922607422,0.8102564215660095,1.0,158.0,195.0,True,False,0.8058332204818726,157.13747799396515,GRU,1
test_14,A3,test,14,37.099998474121094,370,79.24626922607422,0.8097435832023621,1.0,157.89999389648438,195.0,True,False,0.7986702919006348,155.74070692062378,GRU,1
test_14,A3,test,14,37.20000076293945,371,79.24626922607422,0.8092308044433594,1.0,157.8000030517578,195.0,True,False,0.7959922552108765,155.2184897661209,GRU,1
test_14,A3,test,14,37.29999923706055,372,79.24626922607422,0.8087179064750671,1.0,157.6999969482422,195.0,True,False,0.7919417023658752,154.42863196134567,GRU,1
test_14,A3,test,14,37.400001525878906,373,79.24626922607422,0.8082051873207092,1.0,157.60000610351562,195.0,True,False,0.7870283722877502,153.4705325961113,GRU,1
test_14,A3,test,14,37.5,374,79.24626922607422,0.807692289352417,1.0,157.5,195.0,True,False,0.7819686532020569,152.4838873744011,GRU,1
test_14,A3,test,14,37.599998474121094,375,79.24626922607422,0.8071794509887695,1.0,157.39999389648438,195.0,True,False,0.7808011174201965,152.25621789693832,GRU,1
test_14,A3,test,14,37.70000076293945,376,79.24626922607422,0.8066666722297668,1.0,157.3000030517578,195.0,True,False,0.7766252756118774,151.4419287443161,GRU,1
test_14,A3,test,14,37.79999923706055,377,79.24626922607422,0.8061538338661194,1.0,157.1999969482422,195.0,True,False,0.7761822938919067,151.3555473089218,GRU,1
test_14,A3,test,14,37.900001525878906,378,79.24626922607422,0.8056410551071167,1.0,157.10000610351562,195.0,True,False,0.7784889340400696,151.80534213781357,GRU,1
test_14,A3,test,14,38.0,379,79.24626922607422,0.8051282167434692,1.0,157.0,195.0,True,False,0.7781168818473816,151.7327919602394,GRU,1
test_14,A3,test,14,38.099998474121094,380,79.24626922607422,0.8046153783798218,1.0,156.89999389648438,195.0,True,False,0.7801103591918945,152.12152004241943,GRU,1
test_14,A3,test,14,38.20000076293945,381,79.24626922607422,0.8041025996208191,1.0,156.8000030517578,195.0,True,False,0.7849569916725159,153.0666133761406,GRU,1
test_14,A3,test,14,38.29999923706055,382,79.24626922607422,0.8035897016525269,1.0,156.6999969482422,195.0,True,False,0.7871497273445129,153.49419683218002,GRU,1
test_14,A3,test,14,38.400001525878906,383,79.24626922607422,0.803076982498169,1.0,156.60000610351562,195.0,True,False,0.7845589518547058,152.98899561166763,GRU,1
test_14,A3,test,14,38.5,384,79.24626922607422,0.8025640845298767,1.0,156.5,195.0,True,False,0.7838573455810547,152.85218238830566,GRU,1
test_14,A3,test,14,38.599998474121094,385,79.24626922607422,0.8020512461662292,1.0,156.39999389648438,195.0,True,False,0.7815261483192444,152.39759892225266,GRU,1
test_14,A3,test,14,38.70000076293945,386,79.24626922607422,0.8015384674072266,1.0,156.3000030517578,195.0,True,False,0.784081220626831,152.89583802223206,GRU,1
test_14,A3,test,14,38.79999923706055,387,79.24626922607422,0.8010256290435791,1.0,156.1999969482422,195.0,True,False,0.7827466130256653,152.63558954000473,GRU,1
test_14,A3,test,14,38.900001525878906,388,79.24626922607422,0.8005128502845764,1.0,156.10000610351562,195.0,True,False,0.781017541885376,152.29842066764832,GRU,1
test_14,A3,test,14,39.0,389,79.24626922607422,0.800000011920929,1.0,156.0,195.0,True,False,0.7807591557502747,152.24803537130356,GRU,1
test_14,A3,test,14,39.099998474121094,390,79.24626922607422,0.7994871735572815,1.0,155.89999389648438,195.0,True,False,0.7827715873718262,152.6404595375061,GRU,1
test_14,A3,test,14,39.20000076293945,391,79.24626922607422,0.7989743947982788,1.0,155.8000030517578,195.0,True,False,0.7789955139160156,151.90412521362305,GRU,1
test_14,A3,test,14,39.29999923706055,392,79.24626922607422,0.7984614968299866,1.0,155.6999969482422,195.0,True,False,0.7838596701622009,152.85263568162918,GRU,1
test_14,A3,test,14,39.400001525878906,393,79.24626922607422,0.7979487776756287,1.0,155.60000610351562,195.0,True,False,0.7892833352088928,153.9102503657341,GRU,1
test_14,A3,test,14,39.5,394,79.24626922607422,0.7974358797073364,1.0,155.5,195.0,True,False,0.7881115078926086,153.68174403905869,GRU,1
test_14,A3,test,14,39.599998474121094,395,79.24626922607422,0.796923041343689,1.0,155.39999389648438,195.0,True,False,0.7818605303764343,152.4628034234047,GRU,1
test_14,A3,test,14,39.70000076293945,396,79.24626922607422,0.7964102625846863,1.0,155.3000030517578,195.0,True,False,0.7867421507835388,153.41471940279007,GRU,1
test_14,A3,test,14,39.79999923706055,397,79.24626922607422,0.7958974242210388,1.0,155.1999969482422,195.0,True,False,0.791240930557251,154.29198145866394,GRU,1
test_14,A3,test,14,39.900001525878906,398,79.24626922607422,0.7953846454620361,1.0,155.10000610351562,195.0,True,False,0.7869458198547363,153.45443487167358,GRU,1
test_14,A3,test,14,40.0,399,79.24626922607422,0.7948718070983887,1.0,155.0,195.0,True,False,0.7820232510566711,152.49453395605087,GRU,1
test_14,A3,test,14,40.099998474121094,400,79.24626922607422,0.7943589687347412,1.0,154.89999389648438,195.0,True,False,0.7833999395370483,152.76298820972443,GRU,1
test_14,A3,test,14,40.20000076293945,401,79.24626922607422,0.7938461899757385,1.0,154.8000030517578,195.0,True,False,0.792073667049408,154.45436507463455,GRU,1
test_14,A3,test,14,40.29999923706055,402,79.24626922607422,0.7933332920074463,1.0,154.6999969482422,195.0,True,False,0.7954383492469788,155.11047810316086,GRU,1
test_14,A3,test,14,40.400001525878906,403,79.24626922607422,0.7928205728530884,1.0,154.60000610351562,195.0,True,False,0.7939438819885254,154.81905698776245,GRU,1
test_14,A3,test,14,40.5,404,79.24626922607422,0.7923076748847961,1.0,154.5,195.0,True,False,0.7936984300613403,154.77119386196136,GRU,1
test_14,A3,test,14,40.599998474121094,405,79.24626922607422,0.7917948365211487,1.0,154.39999389648438,195.0,True,False,0.7918591499328613,154.41253423690796,GRU,1
test_14,A3,test,14,40.70000076293945,406,79.24626922607422,0.791282057762146,1.0,154.3000030517578,195.0,True,False,0.7897825837135315,154.00760382413864,GRU,1
test_14,A3,test,14,40.79999923706055,407,79.24626922607422,0.7907692193984985,1.0,154.1999969482422,195.0,True,False,0.7875460386276245,153.57147753238678,GRU,1
test_14,A3,test,14,40.900001525878906,408,79.24626922607422,0.7902564406394958,1.0,154.10000610351562,195.0,True,False,0.7833660840988159,152.7563863992691,GRU,1
test_14,A3,test,14,41.0,409,79.24626922607422,0.7897436022758484,1.0,154.0,195.0,True,False,0.7836053967475891,152.80305236577988,GRU,1
test_14,A3,test,14,41.099998474121094,410,79.24626922607422,0.7892307639122009,1.0,153.89999389648438,195.0,True,False,0.7878958582878113,153.6396923661232,GRU,1
test_14,A3,test,14,41.20000076293945,411,79.24626922607422,0.7887179851531982,1.0,153.8000030517578,195.0,True,False,0.7918402552604675,154.40884977579117,GRU,1
test_14,A3,test,14,41.29999923706055,412,79.24626922607422,0.788205087184906,1.0,153.6999969482422,195.0,True,False,0.7932611703872681,154.68592822551727,GRU,1
test_14,A3,test,14,41.400001525878906,413,79.24626922607422,0.7876923680305481,1.0,153.60000610351562,195.0,True,False,0.797141969203949,155.44268399477005,GRU,1
test_14,A3,test,14,41.5,414,79.24626922607422,0.7871794700622559,1.0,153.5,195.0,True,False,0.7942036390304565,154.86970961093903,GRU,1
test_14,A3,test,14,41.599998474121094,415,79.24626922607422,0.7866666316986084,1.0,153.39999389648438,195.0,True,False,0.7878291010856628,153.62667471170425,GRU,1
test_14,A3,test,14,41.70000076293945,416,79.24626922607422,0.7861538529396057,1.0,153.3000030517578,195.0,True,False,0.7827531099319458,152.63685643672943,GRU,1
test_14,A3,test,14,41.79999923706055,417,79.24626922607422,0.7856410145759583,1.0,153.1999969482422,195.0,True,False,0.7864052057266235,153.3490151166916,GRU,1
test_14,A3,test,14,41.900001525878906,418,79.24626922607422,0.7851282358169556,1.0,153.10000610351562,195.0,True,False,0.7837374806404114,152.82880872488022,GRU,1
test_14,A3,test,14,42.0,419,79.24626922607422,0.7846153974533081,1.0,153.0,195.0,True,False,0.7796807885169983,152.03775376081467,GRU,1
test_14,A3,test,14,42.099998474121094,420,79.24626922607422,0.7841025590896606,1.0,152.89999389648438,195.0,True,False,0.7737993597984314,150.89087516069412,GRU,1
test_14,A3,test,14,42.20000076293945,421,79.24626922607422,0.783589780330658,1.0,152.8000030517578,195.0,True,False,0.7742326855659485,150.97537368535995,GRU,1
test_14,A3,test,14,42.29999923706055,422,79.24626922607422,0.7830768823623657,1.0,152.6999969482422,195.0,True,False,0.7779666185379028,151.70349061489105,GRU,1
test_14,A3,test,14,42.400001525878906,423,79.24626922607422,0.7825641632080078,1.0,152.60000610351562,195.0,True,False,0.774567723274231,151.04070603847504,GRU,1
test_14,A3,test,14,42.5,424,79.24626922607422,0.7820512652397156,1.0,152.5,195.0,True,False,0.7679196000099182,149.74432200193405,GRU,1
test_14,A3,test,14,42.599998474121094,425,79.24626922607422,0.7815384268760681,1.0,152.39999389648438,195.0,True,False,0.7645210027694702,149.0815955400467,GRU,1
test_14,A3,test,14,42.70000076293945,426,79.24626922607422,0.7810256481170654,1.0,152.3000030517578,195.0,True,False,0.7651799917221069,149.21009838581085,GRU,1
test_14,A3,test,14,42.79999923706055,427,79.24626922607422,0.780512809753418,1.0,152.1999969482422,195.0,True,False,0.756740152835846,147.56432980298996,GRU,1
test_14,A3,test,14,42.900001525878906,428,79.24626922607422,0.7800000309944153,1.0,152.10000610351562,195.0,True,False,0.7525728344917297,146.7517027258873,GRU,1
test_14,A3,test,14,43.0,429,79.24626922607422,0.7794871926307678,1.0,152.0,195.0,True,False,0.7549683451652527,147.21882730722427,GRU,1
test_14,A3,test,14,43.099998474121094,430,79.24626922607422,0.7789743542671204,1.0,151.89999389648438,195.0,True,False,0.7572004199028015,147.6540818810463,GRU,1
test_14,A3,test,14,43.20000076293945,431,79.24626922607422,0.7784615755081177,1.0,151.8000030517578,195.0,True,False,0.7596303224563599,148.12791287899017,GRU,1
test_14,A3,test,14,43.29999923706055,432,79.24626922607422,0.7779486775398254,1.0,151.6999969482422,195.0,True,False,0.7596055865287781,148.12308937311172,GRU,1
test_14,A3,test,14,43.400001525878906,433,79.24626922607422,0.7774359583854675,1.0,151.60000610351562,195.0,True,False,0.7623418569564819,148.65666210651398,GRU,1
test_14,A3,test,14,43.5,434,79.24626922607422,0.7769230604171753,1.0,151.5,195.0,True,False,0.764759361743927,149.12807554006577,GRU,1
test_14,A3,test,14,43.599998474121094,435,79.24626922607422,0.7764102220535278,1.0,151.39999389648438,195.0,True,False,0.7694960236549377,150.05172461271286,GRU,1
test_14,A3,test,14,43.70000076293945,436,79.24626922607422,0.7758974432945251,1.0,151.3000030517578,195.0,True,False,0.7685763239860535,149.87238317728043,GRU,1
test_14,A3,test,14,43.79999923706055,437,79.24626922607422,0.7753846049308777,1.0,151.1999969482422,195.0,True,False,0.7647793889045715,149.13198083639145,GRU,1
test_14,A3,test,14,43.900001525878906,438,79.24626922607422,0.774871826171875,1.0,151.10000610351562,195.0,True,False,0.7648782134056091,149.15125161409378,GRU,1
test_14,A3,test,14,44.0,439,79.24626922607422,0.7743589878082275,1.0,151.0,195.0,True,False,0.7652568221092224,149.22508031129837,GRU,1
test_14,A3,test,14,44.099998474121094,440,79.24626922607422,0.7738461494445801,1.0,150.89999389648438,195.0,True,False,0.7663232088088989,149.4330257177353,GRU,1
test_14,A3,test,14,44.20000076293945,441,79.24626922607422,0.7733333706855774,1.0,150.8000030517578,195.0,True,False,0.7682204246520996,149.80298280715942,GRU,1
test_14,A3,test,14,44.29999923706055,442,79.24626922607422,0.7728204727172852,1.0,150.6999969482422,195.0,True,False,0.7686398029327393,149.88476157188416,GRU,1
test_14,A3,test,14,44.400001525878906,443,79.24626922607422,0.7723076939582825,1.0,150.60000610351562,195.0,True,False,0.7732473015785217,150.78322380781174,GRU,1
test_14,A3,test,14,44.5,444,79.24626922607422,0.771794855594635,1.0,150.5,195.0,True,False,0.7764883041381836,151.4152193069458,GRU,1
test_14,A3,test,14,44.599998474121094,445,79.24626922607422,0.7712820172309875,1.0,150.39999389648438,195.0,True,False,0.779777467250824,152.05660611391068,GRU,1
test_14,A3,test,14,44.70000076293945,446,79.24626922607422,0.7707692384719849,1.0,150.3000030517578,195.0,True,False,0.7805352210998535,152.20436811447144,GRU,1
test_14,A3,test,14,44.79999923706055,447,79.24626922607422,0.7702564001083374,1.0,150.1999969482422,195.0,True,False,0.7808618545532227,152.26806163787842,GRU,1
test_14,A3,test,14,44.900001525878906,448,79.24626922607422,0.7697436213493347,1.0,150.10000610351562,195.0,True,False,0.7790819406509399,151.9209784269333,GRU,1
test_14,A3,test,14,45.0,449,79.24626922607422,0.7692307829856873,1.0,150.0,195.0,True,False,0.7767082452774048,151.45810782909393,GRU,1
test_14,A3,test,14,45.099998474121094,450,79.24626922607422,0.7687179446220398,1.0,149.89999389648438,195.0,True,False,0.7724893689155579,150.63542693853378,GRU,1
test_14,A3,test,14,45.20000076293945,451,79.24626922607422,0.7682051658630371,1.0,149.8000030517578,195.0,True,False,0.7733144760131836,150.7963228225708,GRU,1
test_14,A3,test,14,45.29999923706055,452,79.24626922607422,0.7676922678947449,1.0,149.6999969482422,195.0,True,False,0.7756199836730957,151.24589681625366,GRU,1
test_14,A3,test,14,45.400001525878906,453,79.24626922607422,0.7671794891357422,1.0,149.60000610351562,195.0,True,False,0.7749667167663574,151.1185097694397,GRU,1
test_14,A3,test,14,45.5,454,79.24626922607422,0.7666666507720947,1.0,149.5,195.0,True,False,0.7743998169898987,151.00796431303024,GRU,1
test_14,A3,test,14,45.599998474121094,455,79.24626922607422,0.7661538124084473,1.0,149.39999389648438,195.0,True,False,0.773707389831543,150.87294101715088,GRU,1
test_14,A3,test,14,45.70000076293945,456,79.24626922607422,0.7656410336494446,1.0,149.3000030517578,195.0,True,False,0.7727758288383484,150.69128662347794,GRU,1
test_14,A3,test,14,45.79999923706055,457,79.24626922607422,0.7651281952857971,1.0,149.1999969482422,195.0,True,False,0.7724927067756653,150.63607782125473,GRU,1
test_14,A3,test,14,45.900001525878906,458,79.24626922607422,0.7646154165267944,1.0,149.10000610351562,195.0,True,False,0.7728142738342285,150.69878339767456,GRU,1
test_14,A3,test,14,46.0,459,79.24626922607422,0.764102578163147,1.0,149.0,195.0,True,False,0.7733559012413025,150.80440074205399,GRU,1
test_14,A3,test,14,46.099998474121094,460,79.24626922607422,0.7635897397994995,1.0,148.89999389648438,195.0,True,False,0.7731903195381165,150.7721123099327,GRU,1
test_14,A3,test,14,46.20000076293945,461,79.24626922607422,0.7630769610404968,1.0,148.8000030517578,195.0,True,False,0.7727614045143127,150.68847388029099,GRU,1
test_14,A3,test,14,46.29999923706055,462,79.24626922607422,0.7625640630722046,1.0,148.6999969482422,195.0,True,False,0.7746759057044983,151.06180161237717,GRU,1
test_14,A3,test,14,46.400001525878906,463,79.24626922607422,0.7620512843132019,1.0,148.60000610351562,195.0,True,False,0.7745235562324524,151.03209346532822,GRU,1
test_14,A3,test,14,46.5,464,79.24626922607422,0.7615384459495544,1.0,148.5,195.0,True,False,0.7662700414657593,149.42265808582306,GRU,1
test_14,A3,test,14,46.599998474121094,465,79.24626922607422,0.761025607585907,1.0,148.39999389648438,195.0,True,False,0.7499669194221497,146.24354928731918,GRU,1
test_14,A3,test,14,46.70000076293945,466,79.24626922607422,0.7605128288269043,1.0,148.3000030517578,195.0,True,False,0.747042179107666,145.67322492599487,GRU,1
test_14,A3,test,14,46.79999923706055,467,79.24626922607422,0.7599999904632568,1.0,148.1999969482422,195.0,True,False,0.7494059205055237,146.13415449857712,GRU,1
test_14,A3,test,14,46.900001525878906,468,79.24626922607422,0.7594872117042542,1.0,148.10000610351562,195.0,True,False,0.7529089450836182,146.81724429130554,GRU,1
test_14,A3,test,14,47.0,469,79.24626922607422,0.7589743733406067,1.0,148.0,195.0,True,False,0.7532160878181458,146.87713712453842,GRU,1
test_14,A3,test,14,47.099998474121094,470,79.24626922607422,0.7584615349769592,1.0,147.89999389648438,195.0,True,False,0.7529113292694092,146.8177092075348,GRU,1
test_14,A3,test,14,47.20000076293945,471,79.24626922607422,0.7579487562179565,1.0,147.8000030517578,195.0,True,False,0.7547182440757751,147.17005759477615,GRU,1
test_14,A3,test,14,47.29999923706055,472,79.24626922607422,0.7574358582496643,1.0,147.6999969482422,195.0,True,False,0.7571752667427063,147.64917701482773,GRU,1
test_14,A3,test,14,47.400001525878906,473,79.24626922607422,0.7569230794906616,1.0,147.60000610351562,195.0,True,False,0.7568001747131348,147.57603406906128,GRU,1
test_14,A3,test,14,47.5,474,79.24626922607422,0.7564102411270142,1.0,147.5,195.0,True,False,0.7567957043647766,147.57516235113144,GRU,1
test_14,A3,test,14,47.599998474121094,475,79.24626922607422,0.7558974027633667,1.0,147.39999389648438,195.0,True,False,0.7576135396957397,147.73464024066925,GRU,1
test_14,A3,test,14,47.70000076293945,476,79.24626922607422,0.755384624004364,1.0,147.3000030517578,195.0,True,False,0.7572690844535828,147.66747146844864,GRU,1
test_14,A3,test,14,47.79999923706055,477,79.24626922607422,0.7548717856407166,1.0,147.1999969482422,195.0,True,False,0.7581620812416077,147.8416058421135,GRU,1
test_14,A3,test,14,47.900001525878906,478,79.24626922607422,0.7543590068817139,1.0,147.10000610351562,195.0,True,False,0.7567112445831299,147.55869269371033,GRU,1
test_14,A3,test,14,48.0,479,79.24626922607422,0.7538461685180664,1.0,147.0,195.0,True,False,0.7574106454849243,147.69507586956024,GRU,1
test_14,A3,test,14,48.099998474121094,480,79.24626922607422,0.753333330154419,1.0,146.89999389648438,195.0,True,False,0.7593078017234802,148.06502133607864,GRU,1
test_14,A3,test,14,48.20000076293945,481,79.24626922607422,0.7528205513954163,1.0,146.8000030517578,195.0,True,False,0.7642731070518494,149.03325587511063,GRU,1
test_14,A3,test,14,48.29999923706055,482,79.24626922607422,0.752307653427124,1.0,146.6999969482422,195.0,True,False,0.7629010081291199,148.76569658517838,GRU,1
test_14,A3,test,14,48.400001525878906,483,79.24626922607422,0.7517948746681213,1.0,146.60000610351562,195.0,True,False,0.7673658728599548,149.6363452076912,GRU,1
test_14,A3,test,14,48.5,484,79.24626922607422,0.7512820363044739,1.0,146.5,195.0,True,False,0.7659816741943359,149.3664264678955,GRU,1
test_14,A3,test,14,48.599998474121094,485,79.24626922607422,0.7507691979408264,1.0,146.39999389648438,195.0,True,False,0.7599174380302429,148.18390041589737,GRU,1
test_14,A3,test,14,48.70000076293945,486,79.24626922607422,0.7502564191818237,1.0,146.3000030517578,195.0,True,False,0.7556115984916687,147.3442617058754,GRU,1
test_14,A3,test,14,48.79999923706055,487,79.24626922607422,0.7497435808181763,1.0,146.1999969482422,195.0,True,False,0.7581318020820618,147.83570140600204,GRU,1
test_14,A3,test,14,48.900001525878906,488,79.24626922607422,0.7492308020591736,1.0,146.10000610351562,195.0,True,False,0.7556279301643372,147.34744638204575,GRU,1
test_14,A3,test,14,49.0,489,79.24626922607422,0.7487179636955261,1.0,146.0,195.0,True,False,0.754822313785553,147.19035118818283,GRU,1
test_14,A3,test,14,49.099998474121094,490,79.24626922607422,0.7482051253318787,1.0,145.89999389648438,195.0,True,False,0.7559308409690857,147.4065139889717,GRU,1
test_14,A3,test,14,49.20000076293945,491,79.24626922607422,0.747692346572876,1.0,145.8000030517578,195.0,True,False,0.7535191178321838,146.93622797727585,GRU,1
test_14,A3,test,14,49.29999923706055,492,79.24626922607422,0.7471794486045837,1.0,145.6999969482422,195.0,True,False,0.7518179416656494,146.60449862480164,GRU,1
test_14,A3,test,14,49.400001525878906,493,79.24626922607422,0.746666669845581,1.0,145.60000610351562,195.0,True,False,0.7510877251625061,146.4621064066887,GRU,1
test_14,A3,test,14,49.5,494,79.24626922607422,0.7461538314819336,1.0,145.5,195.0,True,False,0.7571802139282227,147.65014171600342,GRU,1
test_14,A3,test,14,49.599998474121094,495,79.24626922607422,0.7456409931182861,1.0,145.39999389648438,195.0,True,False,0.7577442526817322,147.76012927293777,GRU,1
test_14,A3,test,14,49.70000076293945,496,79.24626922607422,0.7451282143592834,1.0,145.3000030517578,195.0,True,False,0.7545178532600403,147.13098138570786,GRU,1
test_14,A3,test,14,49.79999923706055,497,79.24626922607422,0.744615375995636,1.0,145.1999969482422,195.0,True,False,0.7528232336044312,146.80053055286407,GRU,1
test_14,A3,test,14,49.900001525878906,498,79.24626922607422,0.7441025972366333,1.0,145.10000610351562,195.0,True,False,0.753373384475708,146.90780997276306,GRU,1
test_14,A3,test,14,50.0,499,79.24626922607422,0.7435897588729858,1.0,145.0,195.0,True,False,0.7550693154335022,147.23851650953293,GRU,1
test_14,A3,test,14,50.099998474121094,500,79.24626922607422,0.7430769205093384,1.0,144.89999389648438,195.0,True,False,0.7535293698310852,146.93822711706161,GRU,1
test_14,A3,test,14,50.20000076293945,501,79.24626922607422,0.7425641417503357,1.0,144.8000030517578,195.0,True,False,0.7529037594795227,146.81623309850693,GRU,1
test_14,A3,test,14,50.29999923706055,502,79.24626922607422,0.7420512437820435,0.9972448348999023,144.6999969482422,195.0,True,False,0.7427323460578918,144.8328074812889,GRU,1
test_14,A3,test,14,50.400001525878906,503,79.24626922607422,0.7415384650230408,0.992527186870575,144.60000610351562,195.0,True,False,0.7273172736167908,141.8268683552742,GRU,1
test_14,A3,test,14,50.5,504,79.24626922607422,0.7410256266593933,0.9985029101371765,144.5,195.0,True,False,0.7275257110595703,141.8675136566162,GRU,1
test_14,A3,test,14,50.599998474121094,505,79.24626922607422,0.7405127882957458,1.0,144.39999389648438,195.0,True,False,0.7368987202644348,143.6952504515648,GRU,1
test_14,A3,test,14,50.70000076293945,506,79.24626922607422,0.7400000095367432,1.0,144.3000030517578,195.0,True,False,0.7410820126533508,144.5109924674034,GRU,1
test_14,A3,test,14,50.79999923706055,507,79.24626922607422,0.7394871711730957,1.0,144.1999969482422,195.0,True,False,0.7424344420433044,144.77471619844437,GRU,1
test_14,A3,test,14,50.900001525878906,508,79.24626922607422,0.738974392414093,1.0,144.10000610351562,195.0,True,False,0.7469189763069153,145.64920037984848,GRU,1
test_14,A3,test,14,51.0,509,79.24626922607422,0.7384615540504456,0.9986602067947388,144.0,195.0,True,False,0.739184558391571,144.14098888635635,GRU,1
test_14,A3,test,14,51.099998474121094,510,79.24626922607422,0.7379487156867981,1.0,143.89999389648438,195.0,True,False,0.7435005307197571,144.98260349035263,GRU,1
test_14,A3,test,14,51.20000076293945,511,79.24626922607422,0.7374359369277954,1.0,143.8000030517578,195.0,True,False,0.7527669668197632,146.78955852985382,GRU,1
test_14,A3,test,14,51.29999923706055,512,79.24626922607422,0.7369230389595032,1.0,143.6999969482422,195.0,True,False,0.7558800578117371,147.39661127328873,GRU,1
test_14,A3,test,14,51.400001525878906,513,79.24626922607422,0.7364102602005005,1.0,143.60000610351562,195.0,True,False,0.756780207157135,147.57214039564133,GRU,1
test_14,A3,test,14,51.5,514,79.24626922607422,0.735897421836853,1.0,143.5,195.0,True,False,0.7533164620399475,146.89671009778976,GRU,1
test_14,A3,test,14,51.599998474121094,515,79.24626922607422,0.7353845834732056,1.0,143.39999389648438,195.0,True,False,0.7542667984962463,147.08202570676804,GRU,1
test_14,A3,test,14,51.70000076293945,516,79.24626922607422,0.7348718047142029,0.9986602067947388,143.3000030517578,195.0,True,False,0.7457767128944397,145.42645901441574,GRU,1
test_14,A3,test,14,51.79999923706055,517,79.24626922607422,0.7343589663505554,0.9986602067947388,143.1999969482422,195.0,True,False,0.7389604449272156,144.09728676080704,GRU,1
test_14,A3,test,14,51.900001525878906,518,79.24626922607422,0.7338461875915527,0.9975593090057373,143.10000610351562,195.0,True,False,0.7359641194343567,143.51300328969955,GRU,1
test_14,A3,test,14,52.0,519,79.24626922607422,0.7333333492279053,0.9975593090057373,143.0,195.0,True,False,0.7359477877616882,143.5098186135292,GRU,1
test_14,A3,test,14,52.099998474121094,520,79.24626922607422,0.7328205108642578,0.9986602067947388,142.89999389648438,195.0,True,False,0.7359452247619629,143.50931882858276,GRU,1
test_14,A3,test,14,52.20000076293945,521,79.24626922607422,0.7323077321052551,0.9986602067947388,142.8000030517578,195.0,True,False,0.7355458736419678,143.43144536018372,GRU,1
test_14,A3,test,14,52.29999923706055,522,79.24626922607422,0.7317948341369629,1.0,142.6999969482422,195.0,True,False,0.7392345666885376,144.15074050426483,GRU,1
test_14,A3,test,14,52.400001525878906,523,79.24626922607422,0.7312820553779602,1.0,142.60000610351562,195.0,True,False,0.741793692111969,144.64976996183395,GRU,1
test_14,A3,test,14,52.5,524,79.24626922607422,0.7307692170143127,1.0,142.5,195.0,True,False,0.7462378144264221,145.5163738131523,GRU,1
test_14,A3,test,14,52.599998474121094,525,79.24626922607422,0.7302563786506653,0.9986602067947388,142.39999389648438,195.0,True,False,0.739547610282898,144.2117840051651,GRU,1
test_14,A3,test,14,52.70000076293945,526,79.24626922607422,0.7297435998916626,1.0,142.3000030517578,195.0,True,False,0.7409053444862366,144.47654217481613,GRU,1
test_14,A3,test,14,52.79999923706055,527,79.24626922607422,0.7292307615280151,1.0,142.1999969482422,195.0,True,False,0.7467674016952515,145.61964333057404,GRU,1
test_14,A3,test,14,52.900001525878906,528,79.24626922607422,0.7287179827690125,1.0,142.10000610351562,195.0,True,False,0.7457410097122192,145.41949689388275,GRU,1
test_14,A3,test,14,53.0,529,79.24626922607422,0.728205144405365,1.0,142.0,195.0,True,False,0.7503339648246765,146.31512314081192,GRU,1
test_14,A3,test,14,53.099998474121094,530,79.24626922607422,0.7276923060417175,1.0,141.89999389648438,195.0,True,False,0.7538536787033081,147.00146734714508,GRU,1
test_14,A3,test,14,53.20000076293945,531,79.24626922607422,0.7271795272827148,1.0,141.8000030517578,195.0,True,False,0.7532850503921509,146.89058482646942,GRU,1
test_14,A3,test,14,53.29999923706055,532,79.24626922607422,0.7266666293144226,1.0,141.6999969482422,195.0,True,False,0.7543597221374512,147.10014581680298,GRU,1
test_14,A3,test,14,53.400001525878906,533,79.24626922607422,0.7261538505554199,1.0,141.60000610351562,195.0,True,False,0.7535932660102844,146.95068687200546,GRU,1
test_14,A3,test,14,53.5,534,79.24626922607422,0.7256410121917725,1.0,141.5,195.0,True,False,0.7619888186454773,148.58781963586807,GRU,1
test_14,A3,test,14,53.599998474121094,535,79.24626922607422,0.725128173828125,1.0,141.39999389648438,195.0,True,False,0.7720101475715637,150.54197877645493,GRU,1
test_14,A3,test,14,53.70000076293945,536,79.24626922607422,0.7246153950691223,1.0,141.3000030517578,195.0,True,False,0.7505761981010437,146.36235862970352,GRU,1
test_14,A3,test,14,53.79999923706055,537,79.24626922607422,0.7241025567054749,0.9986602067947388,141.1999969482422,195.0,True,False,0.7401028871536255,144.32006299495697,GRU,1
test_14,A3,test,14,53.900001525878906,538,79.24626922607422,0.7235897779464722,1.0,141.10000610351562,195.0,True,False,0.7371999621391296,143.75399261713028,GRU,1
test_14,A3,test,14,54.0,539,79.24626922607422,0.7230769395828247,0.9986602067947388,141.0,195.0,True,False,0.7374675869941711,143.80617946386337,GRU,1
test_14,A3,test,14,54.099998474121094,540,79.24626922607422,0.7225640416145325,1.0,140.89999389648438,195.0,True,False,0.7369629144668579,143.7077683210373,GRU,1
test_14,A3,test,14,54.20000076293945,541,79.24626922607422,0.7220513224601746,1.0,140.8000030517578,195.0,True,False,0.7420494556427002,144.69964385032654,GRU,1
test_14,A3,test,14,54.29999923706055,542,79.24626922607422,0.7215384244918823,0.9953578114509583,140.6999969482422,195.0,True,False,0.7318814396858215,142.7168807387352,GRU,1
test_14,A3,test,14,54.400001525878906,543,79.24626922607422,0.7210256457328796,0.9953578114509583,140.60000610351562,195.0,True,False,0.7274708151817322,141.85680896043777,GRU,1
test_14,A3,test,14,54.5,544,79.24626922607422,0.7205128073692322,0.9975593090057373,140.5,195.0,True,False,0.7283397316932678,142.02624768018723,GRU,1
test_14,A3,test,14,54.599998474121094,545,79.24626922607422,0.7199999690055847,0.9953578114509583,140.39999389648438,195.0,True,False,0.726814329624176,141.72879427671432,GRU,1
test_14,A3,test,14,54.70000076293945,546,79.24626922607422,0.719487190246582,0.9953578114509583,140.3000030517578,195.0,True,False,0.7265233397483826,141.6720512509346,GRU,1
test_14,A3,test,14,54.79999923706055,547,79.24626922607422,0.7189743518829346,0.9953578114509583,140.1999969482422,195.0,True,False,0.7269667983055115,141.75852566957474,GRU,1
test_14,A3,test,14,54.900001525878906,548,79.24626922607422,0.7184615731239319,0.9942569732666016,140.10000610351562,195.0,True,False,0.7264085412025452,141.6496655344963,GRU,1
test_14,A3,test,14,55.0,549,79.24626922607422,0.7179487347602844,0.9942569732666016,140.0,195.0,True,False,0.7245940566062927,141.29584103822708,GRU,1
test_14,A3,test,14,55.099998474121094,550,79.24626922607422,0.7174358367919922,0.9953578114509583,139.89999389648438,195.0,True,False,0.727676272392273,141.89687311649323,GRU,1
test_14,A3,test,14,55.20000076293945,551,79.24626922607422,0.7169231176376343,0.9942569732666016,139.8000030517578,195.0,True,False,0.7298375964164734,142.3183313012123,GRU,1
test_14,A3,test,14,55.29999923706055,552,79.24626922607422,0.716410219669342,0.9942569732666016,139.6999969482422,195.0,True,False,0.7268087267875671,141.7277017235756,GRU,1
test_14,A3,test,14,55.400001525878906,553,79.24626922607422,0.7158974409103394,0.9953578114509583,139.60000610351562,195.0,True,False,0.7293715476989746,142.22745180130005,GRU,1
test_14,A3,test,14,55.5,554,79.24626922607422,0.7153846025466919,0.9953578114509583,139.5,195.0,True,False,0.7298519611358643,142.32113242149353,GRU,1
test_14,A3,test,14,55.599998474121094,555,79.24626922607422,0.7148717641830444,0.9953578114509583,139.39999389648438,195.0,True,False,0.728054404258728,141.97060883045197,GRU,1
test_14,A3,test,14,55.70000076293945,556,79.24626922607422,0.7143589854240417,0.9953578114509583,139.3000030517578,195.0,True,False,0.7308341860771179,142.512666285038,GRU,1
test_14,A3,test,14,55.79999923706055,557,79.24626922607422,0.7138461470603943,0.995200514793396,139.1999969482422,195.0,True,False,0.730414092540741,142.4307480454445,GRU,1
test_14,A3,test,14,55.900001525878906,558,79.24626922607422,0.7133333683013916,0.9942569732666016,139.10000610351562,195.0,True,False,0.7271682620048523,141.7978110909462,GRU,1
test_14,A3,test,14,56.0,559,79.24626922607422,0.7128205299377441,0.9955150485038757,139.0,195.0,True,False,0.7275201678276062,141.8664327263832,GRU,1
test_14,A3,test,14,56.099998474121094,560,79.24626922607422,0.7123076319694519,0.9953578114509583,138.89999389648438,195.0,True,False,0.7298070788383484,142.31238037347794,GRU,1
test_14,A3,test,14,56.20000076293945,561,79.24626922607422,0.711794912815094,0.9958295226097107,138.8000030517578,195.0,True,False,0.728701114654541,142.0967173576355,GRU,1
test_14,A3,test,14,56.29999923706055,562,79.24626922607422,0.7112820148468018,0.9977166652679443,138.6999969482422,195.0,True,False,0.7333314418792725,142.99963116645813,GRU,1
test_14,A3,test,14,56.400001525878906,563,79.24626922607422,0.7107692360877991,0.9975593090057373,138.60000610351562,195.0,True,False,0.7374386787414551,143.80054235458374,GRU,1
test_14,A3,test,14,56.5,564,79.24626922607422,0.7102563977241516,0.9975593090057373,138.5,195.0,True,False,0.7385099530220032,144.00944083929062,GRU,1
test_14,A3,test,14,56.599998474121094,565,79.24626922607422,0.7097435593605042,0.9975593090057373,138.39999389648438,195.0,True,False,0.7383884787559509,143.98575335741043,GRU,1
test_14,A3,test,14,56.70000076293945,566,79.24626922607422,0.7092307806015015,0.9975593090057373,138.3000030517578,195.0,True,False,0.7348899245262146,143.30353528261185,GRU,1
test_14,A3,test,14,56.79999923706055,567,79.24626922607422,0.708717942237854,0.9975593090057373,138.1999969482422,195.0,True,False,0.7365589141845703,143.6289882659912,GRU,1
test_14,A3,test,14,56.900001525878906,568,79.24626922607422,0.7082051634788513,0.9953578114509583,138.10000610351562,195.0,True,False,0.7317589521408081,142.69299566745758,GRU,1
test_14,A3,test,14,57.0,569,79.24626922607422,0.7076923251152039,0.9942569732666016,138.0,195.0,True,False,0.7268190979957581,141.72972410917282,GRU,1
test_14,A3,test,14,57.099998474121094,570,79.24626922607422,0.7071794271469116,0.998345673084259,137.89999389648438,195.0,True,False,0.7301299571990967,142.37534165382385,GRU,1
test_14,A3,test,14,57.20000076293945,571,79.24626922607422,0.7066667079925537,0.9986602067947388,137.8000030517578,195.0,True,False,0.7361646294593811,143.55210274457932,GRU,1
test_14,A3,test,14,57.29999923706055,572,79.24626922607422,0.7061538100242615,1.0,137.6999969482422,195.0,True,False,0.7417534589767456,144.6419245004654,GRU,1
test_14,A3,test,14,57.400001525878906,573,79.24626922607422,0.7056410312652588,0.9975593090057373,137.60000610351562,195.0,True,False,0.7386585474014282,144.0384167432785,GRU,1
test_14,A3,test,14,57.5,574,79.24626922607422,0.7051281929016113,0.9959868788719177,137.5,195.0,True,False,0.7340949773788452,143.14852058887482,GRU,1
test_14,A3,test,14,57.599998474121094,575,79.24626922607422,0.7046153545379639,0.9953578114509583,137.39999389648438,195.0,True,False,0.7319568991661072,142.7315953373909,GRU,1
test_14,A3,test,14,57.70000076293945,576,79.24626922607422,0.7041025757789612,0.9953578114509583,137.3000030517578,195.0,True,False,0.7309175729751587,142.52892673015594,GRU,1
test_14,A3,test,14,57.79999923706055,577,79.24626922607422,0.7035897374153137,0.9942569732666016,137.1999969482422,195.0,True,False,0.7302645444869995,142.4015861749649,GRU,1
test_14,A3,test,14,57.900001525878906,578,79.24626922607422,0.703076958656311,0.9942569732666016,137.10000610351562,195.0,True,False,0.7299565672874451,142.3415306210518,GRU,1
test_14,A3,test,14,58.0,579,79.24626922607422,0.7025641202926636,0.9947288036346436,137.0,195.0,True,False,0.7310164570808411,142.548209130764,GRU,1
test_14,A3,test,14,58.099998474121094,580,79.24626922607422,0.7020512223243713,0.9953578114509583,136.89999389648438,195.0,True,False,0.7305662035942078,142.4604097008705,GRU,1
test_14,A3,test,14,58.20000076293945,581,79.24626922607422,0.7015385031700134,0.9975593090057373,136.8000030517578,195.0,True,False,0.7334007620811462,143.01314860582352,GRU,1
test_14,A3,test,14,58.29999923706055,582,79.24626922607422,0.7010256052017212,0.9942569732666016,136.6999969482422,195.0,True,False,0.7302868366241455,142.40593314170837,GRU,1
test_14,A3,test,14,58.400001525878906,583,79.24626922607422,0.7005128264427185,0.9942569732666016,136.60000610351562,195.0,True,False,0.7274457216262817,141.85191571712494,GRU,1
test_14,A3,test,14,58.5,584,79.24626922607422,0.699999988079071,0.9953578114509583,136.5,195.0,True,False,0.7263978123664856,141.6475734114647,GRU,1
test_14,A3,test,14,58.599998474121094,585,79.24626922607422,0.6994871497154236,0.9953578114509583,136.39999389648438,195.0,True,False,0.7266618609428406,141.6990628838539,GRU,1
test_14,A3,test,14,58.70000076293945,586,79.24626922607422,0.6989743709564209,0.9953578114509583,136.3000030517578,195.0,True,False,0.7300882339477539,142.367205619812,GRU,1
test_14,A3,test,14,58.79999923706055,587,79.24626922607422,0.6984615325927734,0.9977166652679443,136.1999969482422,195.0,True,False,0.732113778591156,142.76218682527542,GRU,1
test_14,A3,test,14,58.900001525878906,588,79.24626922607422,0.6979487538337708,0.9988173842430115,136.10000610351562,195.0,True,False,0.7387052178382874,144.04751747846603,GRU,1
test_14,A3,test,14,59.0,589,79.24626922607422,0.6974359154701233,0.9920554757118225,136.0,195.0,True,False,0.7286093831062317,142.07882970571518,GRU,1
test_14,A3,test,14,59.099998474121094,590,79.24626922607422,0.696923017501831,0.9801039099693298,135.89999389648438,195.0,True,False,0.6934481263160706,135.22238463163376,GRU,1
test_14,A3,test,14,59.20000076293945,591,79.24626922607422,0.6964102983474731,0.9920554757118225,135.8000030517578,195.0,True,False,0.6898132562637329,134.51358497142792,GRU,1
test_14,A3,test,14,59.29999923706055,592,79.24626922607422,0.6958974003791809,0.9942569732666016,135.6999969482422,195.0,True,False,0.7106882333755493,138.58420550823212,GRU,1
test_14,A3,test,14,59.400001525878906,593,79.24626922607422,0.6953846216201782,0.9920554757118225,135.60000610351562,195.0,True,False,0.7159066796302795,139.6018025279045,GRU,1
test_14,A3,test,14,59.5,594,79.24626922607422,0.6948717832565308,0.9920554757118225,135.5,195.0,True,False,0.717816174030304,139.97415393590927,GRU,1
test_14,A3,test,14,59.599998474121094,595,79.24626922607422,0.6943589448928833,0.9898538589477539,135.39999389648438,195.0,True,False,0.7142064571380615,139.270259141922,GRU,1
test_14,A3,test,14,59.70000076293945,596,79.24626922607422,0.6938461661338806,0.9898538589477539,135.3000030517578,195.0,True,False,0.7131670117378235,139.06756728887558,GRU,1
test_14,A3,test,14,59.79999923706055,597,79.24626922607422,0.6933333277702332,0.9865514636039734,135.1999969482422,195.0,True,False,0.7055664658546448,137.58546084165573,GRU,1
test_14,A3,test,14,59.900001525878906,598,79.24626922607422,0.6928205490112305,0.9887529611587524,135.10000610351562,195.0,True,False,0.708519697189331,138.16134095191956,GRU,1
test_14,A3,test,14,60.0,599,79.24626922607422,0.692307710647583,0.9863941669464111,135.0,195.0,True,False,0.7061462998390198,137.69852846860886,GRU,1
test_14,A3,test,14,60.099998474121094,600,79.24626922607422,0.6917948126792908,0.9867086410522461,134.89999389648438,195.0,True,False,0.7033323645591736,137.14981108903885,GRU,1
test_14,A3,test,14,60.20000076293945,601,79.24626922607422,0.6912820935249329,0.9867086410522461,134.8000030517578,195.0,True,False,0.7040500640869141,137.28976249694824,GRU,1
test_14,A3,test,14,60.29999923706055,602,79.24626922607422,0.6907691955566406,0.9898538589477539,134.6999969482422,195.0,True,False,0.7109914422035217,138.64333122968674,GRU,1
test_14,A3,test,14,60.400001525878906,603,79.24626922607422,0.6902564167976379,0.9892247915267944,134.60000610351562,195.0,True,False,0.7124480605125427,138.92737179994583,GRU,1
test_14,A3,test,14,60.5,604,79.24626922607422,0.6897435784339905,0.9879667162895203,134.5,195.0,True,False,0.710871696472168,138.61998081207275,GRU,1
test_14,A3,test,14,60.599998474121094,605,79.24626922607422,0.689230740070343,0.985607922077179,134.39999389648438,195.0,True,False,0.702968180179596,137.0787951350212,GRU,1
test_14,A3,test,14,60.70000076293945,606,79.24626922607422,0.6887179613113403,0.9865514636039734,134.3000030517578,195.0,True,False,0.702640950679779,137.01498538255692,GRU,1
test_14,A3,test,14,60.79999923706055,607,79.24626922607422,0.6882051229476929,0.9854506254196167,134.1999969482422,195.0,True,False,0.7026498317718506,137.01671719551086,GRU,1
test_14,A3,test,14,60.900001525878906,608,79.24626922607422,0.6876923441886902,0.9849788546562195,134.10000610351562,195.0,True,False,0.700634241104126,136.62367701530457,GRU,1
test_14,A3,test,14,61.0,609,79.24626922607422,0.6871795058250427,0.9834063053131104,134.0,195.0,True,False,0.7001382112503052,136.5269511938095,GRU,1
test_14,A3,test,14,61.099998474121094,610,79.24626922607422,0.6866666078567505,0.9834063053131104,133.89999389648438,195.0,True,False,0.6994379162788391,136.39039367437363,GRU,1
test_14,A3,test,14,61.20000076293945,611,79.24626922607422,0.6861538887023926,0.9834063053131104,133.8000030517578,195.0,True,False,0.698603093624115,136.22760325670242,GRU,1
test_14,A3,test,14,61.29999923706055,612,79.24626922607422,0.6856409907341003,0.9692532420158386,133.6999969482422,195.0,True,False,0.6626158952713013,129.21009957790375,GRU,1
test_14,A3,test,14,61.400001525878906,613,79.24626922607422,0.6851282119750977,0.9801039099693298,133.60000610351562,195.0,True,False,0.6569335460662842,128.10204148292542,GRU,1
test_14,A3,test,14,61.5,614,79.24626922607422,0.6846153736114502,0.9810474514961243,133.5,195.0,True,False,0.6750823259353638,131.64105355739594,GRU,1
test_14,A3,test,14,61.599998474121094,615,79.24626922607422,0.6841025352478027,0.9832490682601929,133.39999389648438,195.0,True,False,0.6809049844741821,132.77647197246552,GRU,1
test_14,A3,test,14,61.70000076293945,616,79.24626922607422,0.6835897564888,0.9723982810974121,133.3000030517578,195.0,True,False,0.6653352379798889,129.74037140607834,GRU,1
test_14,A3,test,14,61.79999923706055,617,79.24626922607422,0.6830769181251526,0.9801039099693298,133.1999969482422,195.0,True,False,0.6645054221153259,129.57855731248856,GRU,1
test_14,A3,test,14,61.900001525878906,618,79.24626922607422,0.6825641393661499,0.9889102578163147,133.10000610351562,195.0,True,False,0.6805536150932312,132.70795494318008,GRU,1
test_14,A3,test,14,62.0,619,79.24626922607422,0.6820513010025024,0.9898538589477539,133.0,195.0,True,False,0.7000705003738403,136.51374757289886,GRU,1
test_14,A3,test,14,62.099998474121094,620,79.24626922607422,0.6815384030342102,0.9854506254196167,132.89999389648438,195.0,True,False,0.698516309261322,136.2106803059578,GRU,1
test_14,A3,test,14,62.20000076293945,621,79.24626922607422,0.6810256838798523,0.9854506254196167,132.8000030517578,195.0,True,False,0.6962255239486694,135.76397716999054,GRU,1
test_14,A3,test,14,62.29999923706055,622,79.24626922607422,0.6805127859115601,0.9832490682601929,132.6999969482422,195.0,True,False,0.6949843764305115,135.52195340394974,GRU,1
test_14,A3,test,14,62.400001525878906,623,79.24626922607422,0.6800000071525574,0.9799467325210571,132.60000610351562,195.0,True,False,0.6888298392295837,134.32181864976883,GRU,1
test_14,A3,test,14,62.5,624,79.24626922607422,0.6794871687889099,0.9779022932052612,132.5,195.0,True,False,0.6820156574249268,132.99305319786072,GRU,1
test_14,A3,test,14,62.599998474121094,625,79.24626922607422,0.6789743304252625,0.9768015742301941,132.39999389648438,195.0,True,False,0.6771451830863953,132.04331070184708,GRU,1
test_14,A3,test,14,62.70000076293945,626,79.24626922607422,0.6784615516662598,0.9768015742301941,132.3000030517578,195.0,True,False,0.6763478517532349,131.8878310918808,GRU,1
test_14,A3,test,14,62.79999923706055,627,79.24626922607422,0.6779487133026123,0.9779022932052612,132.1999969482422,195.0,True,False,0.6782516837120056,132.2590783238411,GRU,1
test_14,A3,test,14,62.900001525878906,628,79.24626922607422,0.6774359345436096,0.9755434989929199,132.10000610351562,195.0,True,False,0.6753916144371033,131.70136481523514,GRU,1
test_14,A3,test,14,63.0,629,79.24626922607422,0.6769230961799622,0.9738137125968933,132.0,195.0,True,False,0.6722325086593628,131.08533918857574,GRU,1
test_14,A3,test,14,63.099998474121094,630,79.24626922607422,0.6764101982116699,0.9723982810974121,131.89999389648438,195.0,True,False,0.6679440140724182,130.24908274412155,GRU,1
test_14,A3,test,14,63.20000076293945,631,79.24626922607422,0.675897479057312,0.9723982810974121,131.8000030517578,195.0,True,False,0.6646048426628113,129.5979443192482,GRU,1
test_14,A3,test,14,63.29999923706055,632,79.24626922607422,0.6753845810890198,0.9714548587799072,131.6999969482422,195.0,True,False,0.6650004386901855,129.67508554458618,GRU,1
test_14,A3,test,14,63.400001525878906,633,79.24626922607422,0.6748718023300171,0.9708258509635925,131.60000610351562,195.0,True,False,0.6626116633415222,129.20927435159683,GRU,1
test_14,A3,test,14,63.5,634,79.24626922607422,0.6743589639663696,0.9692532420158386,131.5,195.0,True,False,0.6593262553215027,128.56861978769302,GRU,1
test_14,A3,test,14,63.599998474121094,635,79.24626922607422,0.6738461256027222,0.9745999574661255,131.39999389648438,195.0,True,False,0.6609388589859009,128.88307750225067,GRU,1
test_14,A3,test,14,63.70000076293945,636,79.24626922607422,0.6733333468437195,0.9768015742301941,131.3000030517578,195.0,True,False,0.6724531054496765,131.12835556268692,GRU,1
test_14,A3,test,14,63.79999923706055,637,79.24626922607422,0.672820508480072,0.9766442179679871,131.1999969482422,195.0,True,False,0.6781653165817261,132.24223673343658,GRU,1
test_14,A3,test,14,63.900001525878906,638,79.24626922607422,0.6723077297210693,0.9723982810974121,131.10000610351562,195.0,True,False,0.6727885603904724,131.19376927614212,GRU,1
test_14,A3,test,14,64.0,639,79.24626922607422,0.6717948913574219,0.9725556373596191,131.0,195.0,True,False,0.6686921715736389,130.3949734568596,GRU,1
test_14,A3,test,14,64.0999984741211,640,79.24626922607422,0.6712819933891296,0.9692532420158386,130.89999389648438,195.0,True,False,0.6603742837905884,128.77298533916473,GRU,1
test_14,A3,test,14,64.19999694824219,641,79.24626922607422,0.6707692742347717,0.9681524038314819,130.8000030517578,195.0,True,False,0.6555473804473877,127.8317391872406,GRU,1
test_14,A3,test,14,64.30000305175781,642,79.24626922607422,0.6702563762664795,0.9679951667785645,130.6999969482422,195.0,True,False,0.654850423336029,127.69583255052567,GRU,1
test_14,A3,test,14,64.4000015258789,643,79.24626922607422,0.6697435975074768,0.9679951667785645,130.60000610351562,195.0,True,False,0.6560161709785461,127.9231533408165,GRU,1
test_14,A3,test,14,64.5,644,79.24626922607422,0.6692307591438293,0.9679951667785645,130.5,195.0,True,False,0.6534393429756165,127.42067188024521,GRU,1
test_14,A3,test,14,64.5999984741211,645,79.24626922607422,0.6687179207801819,0.9690959453582764,130.39999389648438,195.0,True,False,0.6568027138710022,128.07652920484543,GRU,1
test_14,A3,test,14,64.69999694824219,646,79.24626922607422,0.6682051420211792,0.9690959453582764,130.3000030517578,195.0,True,False,0.656032919883728,127.92641937732697,GRU,1
test_14,A3,test,14,64.80000305175781,647,79.24626922607422,0.6676923036575317,0.9690959453582764,130.1999969482422,195.0,True,False,0.6584583520889282,128.399378657341,GRU,1
test_14,A3,test,14,64.9000015258789,648,79.24626922607422,0.667179524898529,0.9659508466720581,130.10000610351562,195.0,True,False,0.6541668772697449,127.56254106760025,GRU,1
test_14,A3,test,14,65.0,649,79.24626922607422,0.6666666865348816,0.9681524038314819,130.0,195.0,True,False,0.6520480513572693,127.14937001466751,GRU,1
test_14,A3,test,14,65.0999984741211,650,79.24626922607422,0.6661537885665894,0.9679951667785645,129.89999389648438,195.0,True,False,0.6548027992248535,127.68654584884644,GRU,1
test_14,A3,test,14,65.19999694824219,651,79.24626922607422,0.6656410694122314,0.971297562122345,129.8000030517578,195.0,True,False,0.6592194437980652,128.5477915406227,GRU,1
test_14,A3,test,14,65.30000305175781,652,79.24626922607422,0.6651281714439392,0.9690959453582764,129.6999969482422,195.0,True,False,0.6602368950843811,128.74619454145432,GRU,1
test_14,A3,test,14,65.4000015258789,653,79.24626922607422,0.6646153926849365,0.9690959453582764,129.60000610351562,195.0,True,False,0.6580604314804077,128.3217841386795,GRU,1
test_14,A3,test,14,65.5,654,79.24626922607422,0.6641025543212891,0.9690959453582764,129.5,195.0,True,False,0.6587421298027039,128.45471531152725,GRU,1
test_14,A3,test,14,65.5999984741211,655,79.24626922607422,0.6635897159576416,0.9690959453582764,129.39999389648438,195.0,True,False,0.658721387386322,128.4506705403328,GRU,1
test_14,A3,test,14,65.69999694824219,656,79.24626922607422,0.6630769371986389,0.9714548587799072,129.3000030517578,195.0,True,False,0.6635408997535706,129.39047545194626,GRU,1
test_14,A3,test,14,65.80000305175781,657,79.24626922607422,0.6625640988349915,0.9734991788864136,129.1999969482422,195.0,True,False,0.6668665409088135,130.03897547721863,GRU,1
test_14,A3,test,14,65.9000015258789,658,79.24626922607422,0.6620513200759888,0.9738137125968933,129.10000610351562,195.0,True,False,0.6719204187393188,131.02448165416718,GRU,1
test_14,A3,test,14,66.0,659,79.24626922607422,0.6615384817123413,0.971297562122345,129.0,195.0,True,False,0.6693758368492126,130.52828818559647,GRU,1
test_14,A3,test,14,66.0999984741211,660,79.24626922607422,0.6610255837440491,0.971297562122345,128.89999389648438,195.0,True,False,0.6662508249282837,129.91891086101532,GRU,1
test_14,A3,test,14,66.19999694824219,661,79.24626922607422,0.6605128645896912,0.9690959453582764,128.8000030517578,195.0,True,False,0.6604368686676025,128.7851893901825,GRU,1
test_14,A3,test,14,66.30000305175781,662,79.24626922607422,0.6599999666213989,0.9679951667785645,128.6999969482422,195.0,True,False,0.6577862501144409,128.26831877231598,GRU,1
test_14,A3,test,14,66.4000015258789,663,79.24626922607422,0.6594871878623962,0.9679951667785645,128.60000610351562,195.0,True,False,0.6576692461967468,128.24550300836563,GRU,1
test_14,A3,test,14,66.5,664,79.24626922607422,0.6589743494987488,0.9681524038314819,128.5,195.0,True,False,0.6564189195632935,128.00168931484222,GRU,1
test_14,A3,test,14,66.5999984741211,665,79.24626922607422,0.6584615111351013,0.9657935500144958,128.39999389648438,195.0,True,False,0.6521897912025452,127.17700928449631,GRU,1
test_14,A3,test,14,66.69999694824219,666,79.24626922607422,0.6579487323760986,0.9657935500144958,128.3000030517578,195.0,True,False,0.6515377163887024,127.04985469579697,GRU,1
test_14,A3,test,14,66.80000305175781,667,79.24626922607422,0.6574358940124512,0.9657935500144958,128.1999969482422,195.0,True,False,0.6510303616523743,126.95092052221298,GRU,1
test_14,A3,test,14,66.9000015258789,668,79.24626922607422,0.6569231152534485,0.9637492299079895,128.10000610351562,195.0,True,False,0.6484434008598328,126.44646316766739,GRU,1
test_14,A3,test,14,67.0,669,79.24626922607422,0.656410276889801,0.9657935500144958,128.0,195.0,True,False,0.648527204990387,126.46280497312546,GRU,1
test_14,A3,test,14,67.0999984741211,670,79.24626922607422,0.6558974385261536,0.9626485109329224,127.9000015258789,195.0,True,False,0.6447833180427551,125.73274701833725,GRU,1
test_14,A3,test,14,67.19999694824219,671,79.24626922607422,0.6553846597671509,0.9624912142753601,127.80000305175781,195.0,True,False,0.6396493315696716,124.73161965608597,GRU,1
test_14,A3,test,14,67.30000305175781,672,79.24626922607422,0.6548717617988586,0.9637492299079895,127.69999694824219,195.0,True,False,0.6444936990737915,125.67627131938934,GRU,1
test_14,A3,test,14,67.4000015258789,673,79.24626922607422,0.654358983039856,0.9635919332504272,127.5999984741211,195.0,True,False,0.6453782320022583,125.84875524044037,GRU,1
test_14,A3,test,14,67.5,674,79.24626922607422,0.6538461446762085,0.9657935500144958,127.5,195.0,True,False,0.6438321471214294,125.54726868867874,GRU,1
test_14,A3,test,14,67.5999984741211,675,79.24626922607422,0.6533333659172058,0.9675233364105225,127.4000015258789,195.0,True,False,0.6494733095169067,126.64729535579681,GRU,1
test_14,A3,test,14,67.69999694824219,676,79.24626922607422,0.6528205275535583,0.9684668779373169,127.30000305175781,195.0,True,False,0.6521667838096619,127.17252284288406,GRU,1
test_14,A3,test,14,67.80000305175781,677,79.24626922607422,0.6523076891899109,0.9690959453582764,127.19999694824219,195.0,True,False,0.6571139097213745,128.13721239566803,GRU,1
test_14,A3,test,14,67.9000015258789,678,79.24626922607422,0.6517948508262634,0.9679951667785645,127.0999984741211,195.0,True,False,0.6586000919342041,128.4270179271698,GRU,1
test_14,A3,test,14,68.0,679,79.24626922607422,0.6512820720672607,0.9690959453582764,127.0,195.0,True,False,0.659367024898529,128.57656985521317,GRU,1
test_14,A3,test,14,68.0999984741211,680,79.24626922607422,0.6507692337036133,0.9687814116477966,126.9000015258789,195.0,True,False,0.660853922367096,128.8665148615837,GRU,1
test_14,A3,test,14,68.19999694824219,681,79.24626922607422,0.6502564549446106,0.9679951667785645,126.80000305175781,195.0,True,False,0.6584208607673645,128.39206784963608,GRU,1
test_14,A3,test,14,68.30000305175781,682,79.24626922607422,0.6497435569763184,0.9679951667785645,126.69999694824219,195.0,True,False,0.6581134796142578,128.33212852478027,GRU,1
test_14,A3,test,14,68.4000015258789,683,79.24626922607422,0.6492307782173157,0.9679951667785645,126.5999984741211,195.0,True,False,0.6561324000358582,127.94581800699234,GRU,1
test_14,A3,test,14,68.5,684,79.24626922607422,0.6487179398536682,0.9690959453582764,126.5,195.0,True,False,0.6555026173591614,127.82301038503647,GRU,1
test_14,A3,test,14,68.5999984741211,685,79.24626922607422,0.6482051610946655,0.971297562122345,126.4000015258789,195.0,True,False,0.6604161262512207,128.78114461898804,GRU,1
test_14,A3,test,14,68.69999694824219,686,79.24626922607422,0.6476923227310181,0.971297562122345,126.30000305175781,195.0,True,False,0.6633731722831726,129.35776859521866,GRU,1
test_14,A3,test,14,68.80000305175781,687,79.24626922607422,0.6471794843673706,0.971297562122345,126.19999694824219,195.0,True,False,0.6657493710517883,129.82112735509872,GRU,1
test_14,A3,test,14,68.9000015258789,688,79.24626922607422,0.6466666460037231,0.971297562122345,126.0999984741211,195.0,True,False,0.6656071543693542,129.79339510202408,GRU,1
test_14,A3,test,14,69.0,689,79.24626922607422,0.6461538672447205,0.9690959453582764,126.0,195.0,True,False,0.6620377898216248,129.09736901521683,GRU,1
test_14,A3,test,14,69.0999984741211,690,79.24626922607422,0.645641028881073,0.9690959453582764,125.9000015258789,195.0,True,False,0.6599709987640381,128.69434475898743,GRU,1
test_14,A3,test,14,69.19999694824219,691,79.24626922607422,0.6451282501220703,0.9690959453582764,125.80000305175781,195.0,True,False,0.6595504879951477,128.6123451590538,GRU,1
test_14,A3,test,14,69.30000305175781,692,79.24626922607422,0.6446153521537781,0.9657935500144958,125.69999694824219,195.0,True,False,0.655592143535614,127.84046798944473,GRU,1
test_14,A3,test,14,69.4000015258789,693,79.24626922607422,0.6441025733947754,0.9657935500144958,125.5999984741211,195.0,True,False,0.6521846652030945,127.17600971460342,GRU,1
test_14,A3,test,14,69.5,694,79.24626922607422,0.6435897350311279,0.9679951667785645,125.5,195.0,True,False,0.6548565626144409,127.69702970981598,GRU,1
test_14,A3,test,14,69.5999984741211,695,79.24626922607422,0.6430769562721252,0.9635919332504272,125.4000015258789,195.0,True,False,0.6508201360702515,126.90992653369904,GRU,1
test_14,A3,test,14,69.69999694824219,696,79.24626922607422,0.6425641179084778,0.9657935500144958,125.30000305175781,195.0,True,False,0.6505059599876404,126.84866219758987,GRU,1
test_14,A3,test,14,69.80000305175781,697,79.24626922607422,0.6420512795448303,0.9657935500144958,125.19999694824219,195.0,True,False,0.6526675224304199,127.27016687393188,GRU,1
test_14,A3,test,14,69.9000015258789,698,79.24626922607422,0.6415384411811829,0.9657935500144958,125.0999984741211,195.0,True,False,0.653477132320404,127.42804080247879,GRU,1
test_14,A3,test,14,70.0,699,79.24626922607422,0.6410256624221802,0.971297562122345,125.0,195.0,True,False,0.6558375358581543,127.88831949234009,GRU,1
test_14,A3,test,14,70.0999984741211,700,79.24626922607422,0.6405128240585327,0.971297562122345,124.9000015258789,195.0,True,False,0.6624104976654053,129.17004704475403,GRU,1
test_14,A3,test,14,70.19999694824219,701,79.24626922607422,0.64000004529953,0.9701967835426331,124.80000305175781,195.0,True,False,0.6620822548866272,129.1060397028923,GRU,1
test_14,A3,test,14,70.30000305175781,702,79.24626922607422,0.6394871473312378,0.9679951667785645,124.69999694824219,195.0,True,False,0.6587466597557068,128.45559865236282,GRU,1
test_14,A3,test,14,70.4000015258789,703,79.24626922607422,0.6389743685722351,0.9690959453582764,124.5999984741211,195.0,True,False,0.6567514538764954,128.0665335059166,GRU,1
test_14,A3,test,14,70.5,704,79.24626922607422,0.6384615302085876,0.9640637636184692,124.5,195.0,True,False,0.6493089199066162,126.61523938179016,GRU,1
test_14,A3,test,14,70.5999984741211,705,79.24626922607422,0.637948751449585,0.964378297328949,124.4000015258789,195.0,True,False,0.6467554569244385,126.1173141002655,GRU,1
test_14,A3,test,14,70.69999694824219,706,79.24626922607422,0.6374359130859375,0.9657935500144958,124.30000305175781,195.0,True,False,0.6464443206787109,126.05664253234863,GRU,1
test_14,A3,test,14,70.80000305175781,707,79.24626922607422,0.63692307472229,0.9657935500144958,124.19999694824219,195.0,True,False,0.6493318676948547,126.61971420049667,GRU,1
test_14,A3,test,14,70.9000015258789,708,79.24626922607422,0.6364102363586426,0.9657935500144958,124.0999984741211,195.0,True,False,0.6500510573387146,126.75995618104935,GRU,1
test_14,A3,test,14,71.0,709,79.24626922607422,0.6358974575996399,0.9679951667785645,124.0,195.0,True,False,0.6543985605239868,127.60771930217743,GRU,1
test_14,A3,test,14,71.0999984741211,710,79.24626922607422,0.6353846192359924,0.9679951667785645,123.9000015258789,195.0,True,False,0.6545242667198181,127.63223201036453,GRU,1
test_14,A3,test,14,71.19999694824219,711,79.24626922607422,0.634871780872345,0.9690959453582764,123.80000305175781,195.0,True,False,0.6582878828048706,128.36613714694977,GRU,1
test_14,A3,test,14,71.30000305175781,712,79.24626922607422,0.6343589425086975,0.9679951667785645,123.69999694824219,195.0,True,False,0.6589972376823425,128.5044613480568,GRU,1
test_14,A3,test,14,71.4000015258789,713,79.24626922607422,0.6338461637496948,0.9635919332504272,123.5999984741211,195.0,True,False,0.6507906317710876,126.90417319536209,GRU,1
test_14,A3,test,14,71.5,714,79.24626922607422,0.6333333253860474,0.9657935500144958,123.5,195.0,True,False,0.650566041469574,126.86037808656693,GRU,1
test_14,A3,test,14,71.5999984741211,715,79.24626922607422,0.6328205466270447,0.9679951667785645,123.4000015258789,195.0,True,False,0.654098391532898,127.5491863489151,GRU,1
test_14,A3,test,14,71.69999694824219,716,79.24626922607422,0.6323077082633972,0.9517977237701416,123.30000305175781,195.0,True,False,0.6170554757118225,120.32581776380539,GRU,1
test_14,A3,test,14,71.80000305175781,717,79.24626922607422,0.6317948698997498,0.9679951667785645,123.19999694824219,195.0,True,False,0.6106119751930237,119.06933516263962,GRU,1
test_14,A3,test,14,71.9000015258789,718,79.24626922607422,0.6312820315361023,0.971297562122345,123.0999984741211,195.0,True,False,0.636107325553894,124.04092848300934,GRU,1
test_14,A3,test,14,72.0,719,79.24626922607422,0.6307692527770996,0.9690959453582764,123.0,195.0,True,False,0.6456719636917114,125.90603291988373,GRU,1
test_14,A3,test,14,72.0999984741211,720,79.24626922607422,0.6302564144134521,0.9679951667785645,122.9000015258789,195.0,True,False,0.6486771106719971,126.49203658103943,GRU,1
test_14,A3,test,14,72.19999694824219,721,79.24626922607422,0.6297435760498047,0.9624912142753601,122.80000305175781,195.0,True,False,0.6416023373603821,125.1124557852745,GRU,1
test_14,A3,test,14,72.30000305175781,722,79.24626922607422,0.6292307376861572,0.956987202167511,122.69999694824219,195.0,True,False,0.6276805996894836,122.39771693944931,GRU,1
test_14,A3,test,14,72.4000015258789,723,79.24626922607422,0.6287179589271545,0.9591888189315796,122.5999984741211,195.0,True,False,0.6257891654968262,122.0288872718811,GRU,1
test_14,A3,test,14,72.5,724,79.24626922607422,0.6282051205635071,0.956987202167511,122.5,195.0,True,False,0.6251155138015747,121.89752519130707,GRU,1
test_14,A3,test,14,72.5999984741211,725,79.24626922607422,0.6276923418045044,0.9546283483505249,122.4000015258789,195.0,True,False,0.6196361184120178,120.82904309034348,GRU,1
test_14,A3,test,14,72.69999694824219,726,79.24626922607422,0.6271795034408569,0.9517977237701416,122.30000305175781,195.0,True,False,0.6149819493293762,119.92148011922836,GRU,1
test_14,A3,test,14,72.80000305175781,727,79.24626922607422,0.6266666650772095,0.9483381509780884,122.19999694824219,195.0,True,False,0.6061608195304871,118.20135980844498,GRU,1
test_14,A3,test,14,72.9000015258789,728,79.24626922607422,0.626153826713562,0.9450357556343079,122.0999984741211,195.0,True,False,0.5997958779335022,116.96019619703293,GRU,1
test_14,A3,test,14,73.0,729,79.24626922607422,0.6256410479545593,0.9450357556343079,122.0,195.0,True,False,0.5939420461654663,115.81869900226593,GRU,1
test_14,A3,test,14,73.0999984741211,730,79.24626922607422,0.6251282095909119,0.9442494511604309,121.9000015258789,195.0,True,False,0.5903649926185608,115.12117356061935,GRU,1
test_14,A3,test,14,73.19999694824219,731,79.24626922607422,0.6246153712272644,0.9428341388702393,121.80000305175781,195.0,True,False,0.5905790328979492,115.1629114151001,GRU,1
test_14,A3,test,14,73.30000305175781,732,79.24626922607422,0.6241025328636169,0.9417333006858826,121.69999694824219,195.0,True,False,0.5898005962371826,115.01111626625061,GRU,1
test_14,A3,test,14,73.4000015258789,733,79.24626922607422,0.6235897541046143,0.9417333006858826,121.5999984741211,195.0,True,False,0.5867668390274048,114.41953361034393,GRU,1
test_14,A3,test,14,73.5,734,79.24626922607422,0.6230769157409668,0.9417333006858826,121.5,195.0,True,False,0.5871632695198059,114.49683755636215,GRU,1
test_14,A3,test,14,73.5999984741211,735,79.24626922607422,0.6225641369819641,0.9417333006858826,121.4000015258789,195.0,True,False,0.5879957675933838,114.65917468070984,GRU,1
test_14,A3,test,14,73.69999694824219,736,79.24626922607422,0.6220512986183167,0.9428341388702393,121.30000305175781,195.0,True,False,0.5930618047714233,115.64705193042755,GRU,1
test_14,A3,test,14,73.80000305175781,737,79.24626922607422,0.6215384602546692,0.9428341388702393,121.19999694824219,195.0,True,False,0.5931885242462158,115.67176222801208,GRU,1
test_14,A3,test,14,73.9000015258789,738,79.24626922607422,0.6210256218910217,0.9417333006858826,121.0999984741211,195.0,True,False,0.5925719738006592,115.55153489112854,GRU,1
test_14,A3,test,14,74.0,739,79.24626922607422,0.620512843132019,0.9395318031311035,121.0,195.0,True,False,0.5878993272781372,114.64036881923676,GRU,1
test_14,A3,test,14,74.0999984741211,740,79.24626922607422,0.6200000047683716,0.9417333006858826,120.9000015258789,195.0,True,False,0.5866578221321106,114.39827531576157,GRU,1
test_14,A3,test,14,74.19999694824219,741,79.24626922607422,0.6194871664047241,0.9417333006858826,120.80000305175781,195.0,True,False,0.5886690616607666,114.79046702384949,GRU,1
test_14,A3,test,14,74.30000305175781,742,79.24626922607422,0.6189743280410767,0.9417333006858826,120.69999694824219,195.0,True,False,0.5896026492118835,114.97251659631729,GRU,1
test_14,A3,test,14,74.4000015258789,743,79.24626922607422,0.618461549282074,0.9418905973434448,120.5999984741211,195.0,True,False,0.5896403193473816,114.97986227273941,GRU,1
test_14,A3,test,14,74.5,744,79.24626922607422,0.6179487109184265,0.9417333006858826,120.5,195.0,True,False,0.592272937297821,115.4932227730751,GRU,1
test_14,A3,test,14,74.5999984741211,745,79.24626922607422,0.6174359321594238,0.9417333006858826,120.4000015258789,195.0,True,False,0.589436411857605,114.94010031223297,GRU,1
test_14,A3,test,14,74.69999694824219,746,79.24626922607422,0.6169230937957764,0.9428341388702393,120.30000305175781,195.0,True,False,0.5911480784416199,115.27387529611588,GRU,1
test_14,A3,test,14,74.80000305175781,747,79.24626922607422,0.6164102554321289,0.9395318031311035,120.19999694824219,195.0,True,False,0.5897961258888245,115.01024454832077,GRU,1
test_14,A3,test,14,74.9000015258789,748,79.24626922607422,0.6158974170684814,0.9395318031311035,120.0999984741211,195.0,True,False,0.5860066413879395,114.2712950706482,GRU,1
test_14,A3,test,14,75.0,749,79.24626922607422,0.6153846383094788,0.9417333006858826,120.0,195.0,True,False,0.5883371233940125,114.72573906183243,GRU,1
test_14,A3,test,14,75.0999984741211,750,79.24626922607422,0.6148717999458313,0.942676842212677,119.9000015258789,195.0,True,False,0.5922244787216187,115.48377335071564,GRU,1
test_14,A3,test,14,75.19999694824219,751,79.24626922607422,0.6143589615821838,0.9417333006858826,119.80000305175781,195.0,True,False,0.5920573472976685,115.45118272304535,GRU,1
test_14,A3,test,14,75.30000305175781,752,79.24626922607422,0.6138461232185364,0.9428341388702393,119.69999694824219,195.0,True,False,0.5918317437171936,115.40719002485275,GRU,1
test_14,A3,test,14,75.4000015258789,753,79.24626922607422,0.6133333444595337,0.9363865852355957,119.5999984741211,195.0,True,False,0.5823337435722351,113.55507999658585,GRU,1
test_14,A3,test,14,75.5,754,79.24626922607422,0.6128205060958862,0.9381164312362671,119.5,195.0,True,False,0.5793673396110535,112.97663122415543,GRU,1
test_14,A3,test,14,75.5999984741211,755,79.24626922607422,0.6123077273368835,0.9385882019996643,119.4000015258789,195.0,True,False,0.5801433324813843,113.12794983386993,GRU,1
test_14,A3,test,14,75.69999694824219,756,79.24626922607422,0.6117948889732361,0.9385882019996643,119.30000305175781,195.0,True,False,0.583023726940155,113.68962675333023,GRU,1
test_14,A3,test,14,75.80000305175781,757,79.24626922607422,0.6112820506095886,0.9385882019996643,119.19999694824219,195.0,True,False,0.5849546194076538,114.06615078449249,GRU,1
test_14,A3,test,14,75.9000015258789,758,79.24626922607422,0.6107692122459412,0.9365439414978027,119.0999984741211,195.0,True,False,0.5824084281921387,113.56964349746704,GRU,1
test_14,A3,test,14,76.0,759,79.24626922607422,0.6102564334869385,0.9396889805793762,119.0,195.0,True,False,0.5840888619422913,113.8973280787468,GRU,1
test_14,A3,test,14,76.0999984741211,760,79.24626922607422,0.609743595123291,0.9429913759231567,118.9000015258789,195.0,True,False,0.5879648327827454,114.65314239263535,GRU,1
test_14,A3,test,14,76.19999694824219,761,79.24626922607422,0.6092307567596436,0.9417333006858826,118.80000305175781,195.0,True,False,0.5906556844711304,115.17785847187042,GRU,1
test_14,A3,test,14,76.30000305175781,762,79.24626922607422,0.6087179183959961,0.9417333006858826,118.69999694824219,195.0,True,False,0.5914888978004456,115.34033507108688,GRU,1
test_14,A3,test,14,76.4000015258789,763,79.24626922607422,0.6082051396369934,0.9365439414978027,118.5999984741211,195.0,True,False,0.5863529443740845,114.33882415294647,GRU,1
test_14,A3,test,14,76.5,764,79.24626922607422,0.607692301273346,0.9341849684715271,118.5,195.0,True,False,0.5790389776229858,112.91260063648224,GRU,1
test_14,A3,test,14,76.5999984741211,765,79.24626922607422,0.6071795225143433,0.93308424949646,118.4000015258789,195.0,True,False,0.5730909705162048,111.75273925065994,GRU,1
test_14,A3,test,14,76.69999694824219,766,79.24626922607422,0.6066666841506958,0.9308826327323914,118.30000305175781,195.0,True,False,0.5691418051719666,110.98265200853348,GRU,1
test_14,A3,test,14,76.80000305175781,767,79.24626922607422,0.6061538457870483,0.93308424949646,118.19999694824219,195.0,True,False,0.5679664015769958,110.75344830751419,GRU,1
test_14,A3,test,14,76.9000015258789,768,79.24626922607422,0.6056410074234009,0.9332415461540222,118.0999984741211,195.0,True,False,0.5698227882385254,111.11544370651245,GRU,1
test_14,A3,test,14,77.0,769,79.24626922607422,0.6051282286643982,0.93308424949646,118.0,195.0,True,False,0.5700209140777588,111.15407824516296,GRU,1
test_14,A3,test,14,77.0999984741211,770,79.24626922607422,0.6046153903007507,0.9341849684715271,117.9000015258789,195.0,True,False,0.5711138844490051,111.367207467556,GRU,1
test_14,A3,test,14,77.19999694824219,771,79.24626922607422,0.6041025519371033,0.9341849684715271,117.80000305175781,195.0,True,False,0.5734995007514954,111.8324026465416,GRU,1
test_14,A3,test,14,77.30000305175781,772,79.24626922607422,0.6035897135734558,0.9332415461540222,117.69999694824219,195.0,True,False,0.5718253254890442,111.50593847036362,GRU,1
test_14,A3,test,14,77.4000015258789,773,79.24626922607422,0.6030769348144531,0.9337132573127747,117.5999984741211,195.0,True,False,0.5712025761604309,111.38450235128403,GRU,1
test_14,A3,test,14,77.5,774,79.24626922607422,0.6025640964508057,0.9343423247337341,117.5,195.0,True,False,0.5733044147491455,111.79436087608337,GRU,1
test_14,A3,test,14,77.5999984741211,775,79.24626922607422,0.602051317691803,0.9341849684715271,117.4000015258789,195.0,True,False,0.5742353200912476,111.97588741779327,GRU,1
test_14,A3,test,14,77.69999694824219,776,79.24626922607422,0.6015384793281555,0.9332415461540222,117.30000305175781,195.0,True,False,0.5721263885498047,111.56464576721191,GRU,1
test_14,A3,test,14,77.80000305175781,777,79.24626922607422,0.6010256409645081,0.9332415461540222,117.19999694824219,195.0,True,False,0.5709057450294495,111.32662028074265,GRU,1
test_14,A3,test,14,77.9000015258789,778,79.24626922607422,0.6005128026008606,0.9327697157859802,117.0999984741211,195.0,True,False,0.5715056657791138,111.44360482692719,GRU,1
test_14,A3,test,14,78.0,779,79.24626922607422,0.6000000238418579,0.9310399293899536,117.0,195.0,True,False,0.5727598667144775,111.68817400932312,GRU,1
test_14,A3,test,14,78.0999984741211,780,79.24626922607422,0.5994871854782104,0.9299390912055969,116.9000015258789,195.0,True,False,0.568741500377655,110.90459257364273,GRU,1
test_14,A3,test,14,78.19999694824219,781,79.24626922607422,0.598974347114563,0.9299390912055969,116.80000305175781,195.0,True,False,0.5664038062095642,110.44874221086502,GRU,1
test_14,A3,test,14,78.30000305175781,782,79.24626922607422,0.5984615087509155,0.9299390912055969,116.69999694824219,195.0,True,False,0.5637739896774292,109.9359279870987,GRU,1
test_14,A3,test,14,78.4000015258789,783,79.24626922607422,0.5979487299919128,0.9277375340461731,116.5999984741211,195.0,True,False,0.5627405047416687,109.7343984246254,GRU,1
test_14,A3,test,14,78.5,784,79.24626922607422,0.5974358916282654,0.9255359172821045,116.5,195.0,True,False,0.556865394115448,108.58875185251236,GRU,1
test_14,A3,test,14,78.5999984741211,785,79.24626922607422,0.5969231128692627,0.9299390912055969,116.4000015258789,195.0,True,False,0.5573311448097229,108.67957323789597,GRU,1
test_14,A3,test,14,78.69999694824219,786,79.24626922607422,0.5964102745056152,0.9299390912055969,116.30000305175781,195.0,True,False,0.5602671504020691,109.25209432840347,GRU,1
test_14,A3,test,14,78.80000305175781,787,79.24626922607422,0.5958974361419678,0.9363865852355957,116.19999694824219,195.0,True,False,0.5667845606803894,110.52298933267593,GRU,1
test_14,A3,test,14,78.9000015258789,788,79.24626922607422,0.5953845977783203,0.9297818541526794,116.0999984741211,195.0,True,False,0.5671521425247192,110.59466779232025,GRU,1
test_14,A3,test,14,79.0,789,79.24626922607422,0.5948718190193176,0.9417333006858826,116.0,195.0,True,False,0.5680803060531616,110.77565968036652,GRU,1
test_14,A3,test,14,79.0999984741211,790,79.24626922607422,0.5943589806556702,0.9395318031311035,115.9000015258789,195.0,True,False,0.5810725092887878,113.30913931131363,GRU,1
test_14,A3,test,14,79.19999694824219,791,79.24626922607422,0.5938461422920227,0.9365439414978027,115.80000305175781,195.0,True,False,0.5812291502952576,113.33968430757523,GRU,1
test_14,A3,test,14,79.30000305175781,792,79.24626922607422,0.5933333039283752,0.9341849684715271,115.69999694824219,195.0,True,False,0.5756507515907288,112.25189656019211,GRU,1
test_14,A3,test,14,79.4000015258789,793,79.24626922607422,0.5928205251693726,0.9300963878631592,115.5999984741211,195.0,True,False,0.5696987509727478,111.09125643968582,GRU,1
test_14,A3,test,14,79.5,794,79.24626922607422,0.5923076868057251,0.9255359172821045,115.5,195.0,True,False,0.5591344237327576,109.03121262788773,GRU,1
test_14,A3,test,14,79.5999984741211,795,79.24626922607422,0.5917949080467224,0.9255359172821045,115.4000015258789,195.0,True,False,0.5543731451034546,108.10276329517365,GRU,1
test_14,A3,test,14,79.69999694824219,796,79.24626922607422,0.591282069683075,0.9253787398338318,115.30000305175781,195.0,True,False,0.5513086318969727,107.50518321990967,GRU,1
test_14,A3,test,14,79.80000305175781,797,79.24626922607422,0.5907692313194275,0.9222335815429688,115.19999694824219,195.0,True,False,0.5489347577095032,107.04227775335312,GRU,1
test_14,A3,test,14,79.9000015258789,798,79.24626922607422,0.59025639295578,0.9222335815429688,115.0999984741211,195.0,True,False,0.5481806397438049,106.89522475004196,GRU,1
test_14,A3,test,14,80.0,799,79.24626922607422,0.5897436141967773,0.9225480556488037,115.0,195.0,True,False,0.5473203063011169,106.7274597287178,GRU,1
test_14,A3,test,14,80.0999984741211,800,79.24626922607422,0.5892307758331299,0.9222335815429688,114.9000015258789,195.0,True,False,0.544481635093689,106.17391884326935,GRU,1
test_14,A3,test,14,80.19999694824219,801,79.24626922607422,0.5887179374694824,0.9211326837539673,114.80000305175781,195.0,True,False,0.542674720287323,105.82157045602798,GRU,1
test_14,A3,test,14,80.30000305175781,802,79.24626922607422,0.588205099105835,0.9211326837539673,114.69999694824219,195.0,True,False,0.543584942817688,105.99906384944916,GRU,1
test_14,A3,test,14,80.4000015258789,803,79.24626922607422,0.5876923203468323,0.9211326837539673,114.5999984741211,195.0,True,False,0.5443036556243896,106.13921284675598,GRU,1
test_14,A3,test,14,80.5,804,79.24626922607422,0.5871794819831848,0.9211326837539673,114.5,195.0,True,False,0.5455845594406128,106.3889890909195,GRU,1
test_14,A3,test,14,80.5999984741211,805,79.24626922607422,0.5866667032241821,0.9189310669898987,114.4000015258789,195.0,True,False,0.5430074334144592,105.88644951581955,GRU,1
test_14,A3,test,14,80.69999694824219,806,79.24626922607422,0.5861538648605347,0.9167295694351196,114.30000305175781,195.0,True,False,0.5390835404396057,105.12129038572311,GRU,1
test_14,A3,test,14,80.80000305175781,807,79.24626922607422,0.5856410264968872,0.9165722727775574,114.19999694824219,195.0,True,False,0.5354461073875427,104.41199094057083,GRU,1
test_14,A3,test,14,80.9000015258789,808,79.24626922607422,0.5851281881332397,0.9156288504600525,114.0999984741211,195.0,True,False,0.5353868007659912,104.40042614936829,GRU,1
test_14,A3,test,14,81.0,809,79.24626922607422,0.5846154093742371,0.9167295694351196,114.0,195.0,True,False,0.533767580986023,104.08467829227448,GRU,1
test_14,A3,test,14,81.0999984741211,810,79.24626922607422,0.5841025710105896,0.9156288504600525,113.9000015258789,195.0,True,False,0.5343725085258484,104.20263916254044,GRU,1
test_14,A3,test,14,81.19999694824219,811,79.24626922607422,0.5835897326469421,0.9167295694351196,113.80000305175781,195.0,True,False,0.5333694815635681,104.00704890489578,GRU,1
test_14,A3,test,14,81.30000305175781,812,79.24626922607422,0.5830768942832947,0.9167295694351196,113.69999694824219,195.0,True,False,0.5336382985115051,104.0594682097435,GRU,1
test_14,A3,test,14,81.4000015258789,813,79.24626922607422,0.582564115524292,0.9189310669898987,113.5999984741211,195.0,True,False,0.5369247794151306,104.70033198595047,GRU,1
test_14,A3,test,14,81.5,814,79.24626922607422,0.5820512771606445,0.9189310669898987,113.5,195.0,True,False,0.5399577617645264,105.29176354408264,GRU,1
test_14,A3,test,14,81.5999984741211,815,79.24626922607422,0.5815384984016418,0.9167295694351196,113.4000015258789,195.0,True,False,0.5396636724472046,105.2344161272049,GRU,1
test_14,A3,test,14,81.69999694824219,816,79.24626922607422,0.5810256600379944,0.9167295694351196,113.30000305175781,195.0,True,False,0.5385155081748962,105.01052409410477,GRU,1
test_14,A3,test,14,81.80000305175781,817,79.24626922607422,0.5805128216743469,0.9242779016494751,113.19999694824219,195.0,True,False,0.5386911034584045,105.04476517438889,GRU,1
test_14,A3,test,14,81.9000015258789,818,79.24626922607422,0.5799999833106995,0.9189310669898987,113.0999984741211,195.0,True,False,0.5412388443946838,105.54157465696335,GRU,1
test_14,A3,test,14,82.0,819,79.24626922607422,0.5794872045516968,0.9167295694351196,113.0,195.0,True,False,0.5375178456306458,104.81597989797592,GRU,1
test_14,A3,test,14,82.0999984741211,820,79.24626922607422,0.5789743661880493,0.9168868064880371,112.9000015258789,195.0,True,False,0.5343967080116272,104.2073580622673,GRU,1
test_14,A3,test,14,82.19999694824219,821,79.24626922607422,0.5784615278244019,0.9189310669898987,112.80000305175781,195.0,True,False,0.5375483632087708,104.8219308257103,GRU,1
test_14,A3,test,14,82.30000305175781,822,79.24626922607422,0.5779486894607544,0.9220762848854065,112.69999694824219,195.0,True,False,0.5420709848403931,105.70384204387665,GRU,1
test_14,A3,test,14,82.4000015258789,823,79.24626922607422,0.5774359107017517,0.9222335815429688,112.5999984741211,195.0,True,False,0.5456548929214478,106.40270411968231,GRU,1
test_14,A3,test,14,82.5,824,79.24626922607422,0.5769230723381042,0.9211326837539673,112.5,195.0,True,False,0.5475180149078369,106.7660129070282,GRU,1
test_14,A3,test,14,82.5999984741211,825,79.24626922607422,0.5764102935791016,0.9189310669898987,112.4000015258789,195.0,True,False,0.5435950756072998,106.00103974342346,GRU,1
test_14,A3,test,14,82.69999694824219,826,79.24626922607422,0.5758974552154541,0.9189310669898987,112.30000305175781,195.0,True,False,0.5415663123130798,105.60543090105057,GRU,1
test_14,A3,test,14,82.80000305175781,827,79.24626922607422,0.5753846168518066,0.9176731109619141,112.19999694824219,195.0,True,False,0.5387685894966125,105.05987495183945,GRU,1
test_14,A3,test,14,82.9000015258789,828,79.24626922607422,0.5748717784881592,0.9167295694351196,112.0999984741211,195.0,True,False,0.5368728041648865,104.69019681215286,GRU,1
test_14,A3,test,14,83.0,829,79.24626922607422,0.5743589997291565,0.9167295694351196,112.0,195.0,True,False,0.5382535457611084,104.95944142341614,GRU,1
test_14,A3,test,14,83.0999984741211,830,79.24626922607422,0.573846161365509,0.9167295694351196,111.9000015258789,195.0,True,False,0.5362659692764282,104.5718640089035,GRU,1
test_14,A3,test,14,83.19999694824219,831,79.24626922607422,0.5733333230018616,0.9134271740913391,111.80000305175781,195.0,True,False,0.534627377986908,104.25233870744705,GRU,1
test_14,A3,test,14,83.30000305175781,832,79.24626922607422,0.5728204846382141,0.9138989448547363,111.69999694824219,195.0,True,False,0.5316157937049866,103.66507977247238,GRU,1
test_14,A3,test,14,83.4000015258789,833,79.24626922607422,0.5723077058792114,0.9156288504600525,111.5999984741211,195.0,True,False,0.5321952700614929,103.77807766199112,GRU,1
test_14,A3,test,14,83.5,834,79.24626922607422,0.571794867515564,0.9167295694351196,111.5,195.0,True,False,0.5342989563941956,104.18829649686813,GRU,1
test_14,A3,test,14,83.5999984741211,835,79.24626922607422,0.5712820887565613,0.9244350790977478,111.4000015258789,195.0,True,False,0.5408800840377808,105.47161638736725,GRU,1
test_14,A3,test,14,83.69999694824219,836,79.24626922607422,0.5707692503929138,0.9211326837539673,111.30000305175781,195.0,True,False,0.5461936593055725,106.50776356458664,GRU,1
test_14,A3,test,14,83.80000305175781,837,79.24626922607422,0.5702564120292664,0.9189310669898987,111.19999694824219,195.0,True,False,0.543238639831543,105.93153476715088,GRU,1
test_14,A3,test,14,83.9000015258789,838,79.24626922607422,0.5697435736656189,0.9299390912055969,111.0999984741211,195.0,True,False,0.5443292260169983,106.14419907331467,GRU,1
test_14,A3,test,14,84.0,839,79.24626922607422,0.5692307949066162,0.9310399293899536,111.0,195.0,True,False,0.559921383857727,109.18466985225677,GRU,1
test_14,A3,test,14,84.0999984741211,840,79.24626922607422,0.5687179565429688,0.9244350790977478,110.9000015258789,195.0,True,False,0.5554540753364563,108.31354469060898,GRU,1
test_14,A3,test,14,84.19999694824219,841,79.24626922607422,0.5682051181793213,0.9167295694351196,110.80000305175781,195.0,True,False,0.5400877594947815,105.31711310148239,GRU,1
test_14,A3,test,14,84.30000305175781,842,79.24626922607422,0.5676922798156738,0.9123263359069824,110.69999694824219,195.0,True,False,0.5291532874107361,103.18489104509354,GRU,1
test_14,A3,test,14,84.4000015258789,843,79.24626922607422,0.5671795010566711,0.9068224430084229,110.5999984741211,195.0,True,False,0.5192992091178894,101.26334577798843,GRU,1
test_14,A3,test,14,84.5,844,79.24626922607422,0.5666666626930237,0.9035201072692871,110.5,195.0,True,False,0.512039840221405,99.84776884317398,GRU,1
test_14,A3,test,14,84.5999984741211,845,79.24626922607422,0.5661538243293762,0.8992741703987122,110.4000015258789,195.0,True,False,0.5043163299560547,98.34168434143066,GRU,1
test_14,A3,test,14,84.69999694824219,846,79.24626922607422,0.5656410455703735,0.8959716558456421,110.30000305175781,195.0,True,False,0.49886268377304077,97.27822333574295,GRU,1
test_14,A3,test,14,84.80000305175781,847,79.24626922607422,0.5651282072067261,0.8926693201065063,110.19999694824219,195.0,True,False,0.49225538969039917,95.98980098962784,GRU,1
test_14,A3,test,14,84.9000015258789,848,79.24626922607422,0.5646153688430786,0.894870936870575,110.0999984741211,195.0,True,False,0.49027812480926514,95.6042343378067,GRU,1
test_14,A3,test,14,85.0,849,79.24626922607422,0.5641025900840759,0.8926693201065063,110.0,195.0,True,False,0.4892222285270691,95.39833456277847,GRU,1
test_14,A3,test,14,85.0999984741211,850,79.24626922607422,0.5635897517204285,0.8926693201065063,109.9000015258789,195.0,True,False,0.48577725887298584,94.72656548023224,GRU,1
test_14,A3,test,14,85.19999694824219,851,79.24626922607422,0.563076913356781,0.8926693201065063,109.80000305175781,195.0,True,False,0.4860386252403259,94.77753192186356,GRU,1
test_14,A3,test,14,85.30000305175781,852,79.24626922607422,0.5625640749931335,0.8926693201065063,109.69999694824219,195.0,True,False,0.4875492453575134,95.07210284471512,GRU,1
test_14,A3,test,14,85.4000015258789,853,79.24626922607422,0.5620512962341309,0.8928266167640686,109.5999984741211,195.0,True,False,0.4874226450920105,95.04741579294205,GRU,1
test_14,A3,test,14,85.5,854,79.24626922607422,0.5615384578704834,0.8928266167640686,109.5,195.0,True,False,0.4870993494987488,94.98437315225601,GRU,1
test_14,A3,test,14,85.5999984741211,855,79.24626922607422,0.5610256195068359,0.8893669247627258,109.4000015258789,195.0,True,False,0.48237746953964233,94.06360656023026,GRU,1
test_14,A3,test,14,85.69999694824219,856,79.24626922607422,0.5605128407478333,0.8881088495254517,109.30000305175781,195.0,True,False,0.47824710607528687,93.25818568468094,GRU,1
test_14,A3,test,14,85.80000305175781,857,79.24626922607422,0.5600000023841858,0.887165367603302,109.19999694824219,195.0,True,False,0.477103590965271,93.03520023822784,GRU,1
test_14,A3,test,14,85.9000015258789,858,79.24626922607422,0.5594871640205383,0.887165367603302,109.0999984741211,195.0,True,False,0.4768933057785034,92.99419462680817,GRU,1
test_14,A3,test,14,86.0,859,79.24626922607422,0.5589743852615356,0.8896814584732056,109.0,195.0,True,False,0.4782559871673584,93.25991749763489,GRU,1
test_14,A3,test,14,86.0999984741211,860,79.24626922607422,0.5584615468978882,0.890625,108.9000015258789,195.0,True,False,0.48173391819000244,93.93811404705048,GRU,1
test_14,A3,test,14,86.19999694824219,861,79.24626922607422,0.5579487085342407,0.890625,108.80000305175781,195.0,True,False,0.4845345616340637,94.48423951864243,GRU,1
test_14,A3,test,14,86.30000305175781,862,79.24626922607422,0.5574358701705933,0.8895241618156433,108.69999694824219,195.0,True,False,0.4847169518470764,94.5198056101799,GRU,1
test_14,A3,test,14,86.4000015258789,863,79.24626922607422,0.5569230914115906,0.8959716558456421,108.5999984741211,195.0,True,False,0.48575663566589355,94.72254395484924,GRU,1
test_14,A3,test,14,86.5,864,79.24626922607422,0.5564102530479431,0.894870936870575,108.5,195.0,True,False,0.48971468210220337,95.49436300992966,GRU,1
test_14,A3,test,14,86.5999984741211,865,79.24626922607422,0.5558974146842957,0.894870936870575,108.4000015258789,195.0,True,False,0.48915350437164307,95.3849333524704,GRU,1
test_14,A3,test,14,86.69999694824219,866,79.24626922607422,0.555384635925293,0.894870936870575,108.30000305175781,195.0,True,False,0.4902040958404541,95.58979868888855,GRU,1
test_14,A3,test,14,86.80000305175781,867,79.24626922607422,0.5548717975616455,0.8926693201065063,108.19999694824219,195.0,True,False,0.48994892835617065,95.54004102945328,GRU,1
test_14,A3,test,14,86.9000015258789,868,79.24626922607422,0.554358959197998,0.8904677033424377,108.0999984741211,195.0,True,False,0.4877941608428955,95.11986136436462,GRU,1
test_14,A3,test,14,87.0,869,79.24626922607422,0.5538461804389954,0.8895241618156433,108.0,195.0,True,False,0.48282796144485474,94.15145248174667,GRU,1
test_14,A3,test,14,87.0999984741211,870,79.24626922607422,0.5533333420753479,0.8895241618156433,107.9000015258789,195.0,True,False,0.48265475034713745,94.1176763176918,GRU,1
test_14,A3,test,14,87.19999694824219,871,79.24626922607422,0.5528205037117004,0.8893669247627258,107.80000305175781,195.0,True,False,0.48160284757614136,93.91255527734756,GRU,1
test_14,A3,test,14,87.30000305175781,872,79.24626922607422,0.552307665348053,0.8840202689170837,107.69999694824219,195.0,True,False,0.4768490791320801,92.98557043075562,GRU,1
test_14,A3,test,14,87.4000015258789,873,79.24626922607422,0.5517948865890503,0.8840202689170837,107.5999984741211,195.0,True,False,0.4728221893310547,92.20032691955566,GRU,1
test_14,A3,test,14,87.5,874,79.24626922607422,0.5512820482254028,0.8854355216026306,107.5,195.0,True,False,0.4725431203842163,92.14590847492218,GRU,1
test_14,A3,test,14,87.5999984741211,875,79.24626922607422,0.5507692098617554,0.8862218260765076,107.4000015258789,195.0,True,False,0.4732549786567688,92.28472083806992,GRU,1
test_14,A3,test,14,87.69999694824219,876,79.24626922607422,0.5502564311027527,0.8862218260765076,107.30000305175781,195.0,True,False,0.47479838132858276,92.58568435907364,GRU,1
test_14,A3,test,14,87.80000305175781,877,79.24626922607422,0.5497435927391052,0.8862218260765076,107.19999694824219,195.0,True,False,0.4762972593307495,92.87796556949615,GRU,1
test_14,A3,test,14,87.9000015258789,878,79.24626922607422,0.5492307543754578,0.8873226046562195,107.0999984741211,195.0,True,False,0.47698158025741577,93.01140815019608,GRU,1
test_14,A3,test,14,88.0,879,79.24626922607422,0.5487179756164551,0.8865363597869873,107.0,195.0,True,False,0.4770203232765198,93.01896303892136,GRU,1
test_14,A3,test,14,88.0999984741211,880,79.24626922607422,0.5482051372528076,0.887165367603302,106.9000015258789,195.0,True,False,0.4772619605064392,93.06608229875565,GRU,1
test_14,A3,test,14,88.19999694824219,881,79.24626922607422,0.5476922988891602,0.8862218260765076,106.80000305175781,195.0,True,False,0.4765475392341614,92.92677015066147,GRU,1
test_14,A3,test,14,88.30000305175781,882,79.24626922607422,0.5471794605255127,0.8840202689170837,106.69999694824219,195.0,True,False,0.4750162959098816,92.62817770242691,GRU,1
test_14,A3,test,14,88.4000015258789,883,79.24626922607422,0.54666668176651,0.8862218260765076,106.5999984741211,195.0,True,False,0.4744206666946411,92.51203000545502,GRU,1
test_14,A3,test,14,88.5,884,79.24626922607422,0.5461538434028625,0.8895241618156433,106.5,195.0,True,False,0.47618186473846436,92.85546362400055,GRU,1
test_14,A3,test,14,88.5999984741211,885,79.24626922607422,0.5456410050392151,0.8873226046562195,106.4000015258789,195.0,True,False,0.47974616289138794,93.55050176382065,GRU,1
test_14,A3,test,14,88.69999694824219,886,79.24626922607422,0.5451282262802124,0.8862218260765076,106.30000305175781,195.0,True,False,0.4780550003051758,93.22072505950928,GRU,1
test_14,A3,test,14,88.80000305175781,887,79.24626922607422,0.5446153879165649,0.8818186521530151,106.19999694824219,195.0,True,False,0.47457361221313477,92.54185438156128,GRU,1
test_14,A3,test,14,88.9000015258789,888,79.24626922607422,0.5441025495529175,0.8818186521530151,106.0999984741211,195.0,True,False,0.47006577253341675,91.66282564401627,GRU,1
test_14,A3,test,14,89.0,889,79.24626922607422,0.5435897707939148,0.8774154782295227,106.0,195.0,True,False,0.4658634066581726,90.84336429834366,GRU,1
test_14,A3,test,14,89.0999984741211,890,79.24626922607422,0.5430769324302673,0.8752138614654541,105.9000015258789,195.0,True,False,0.45937296748161316,89.57772865891457,GRU,1
test_14,A3,test,14,89.19999694824219,891,79.24626922607422,0.5425640940666199,0.8719115257263184,105.80000305175781,195.0,True,False,0.45588207244873047,88.89700412750244,GRU,1
test_14,A3,test,14,89.30000305175781,892,79.24626922607422,0.5420512557029724,0.8698671460151672,105.69999694824219,195.0,True,False,0.4516167938709259,88.06527480483055,GRU,1
test_14,A3,test,14,89.4000015258789,893,79.24626922607422,0.5415384769439697,0.8687664270401001,105.5999984741211,195.0,True,False,0.447194367647171,87.20290169119835,GRU,1
test_14,A3,test,14,89.5,894,79.24626922607422,0.5410256385803223,0.8687664270401001,105.5,195.0,True,False,0.4429367184638977,86.37266010046005,GRU,1
test_14,A3,test,14,89.5999984741211,895,79.24626922607422,0.5405128002166748,0.8686090111732483,105.4000015258789,195.0,True,False,0.4431084394454956,86.40614569187164,GRU,1
test_14,A3,test,14,89.69999694824219,896,79.24626922607422,0.5400000214576721,0.8686090111732483,105.30000305175781,195.0,True,False,0.4444570541381836,86.6691255569458,GRU,1
test_14,A3,test,14,89.80000305175781,897,79.24626922607422,0.5394871830940247,0.8686090111732483,105.19999694824219,195.0,True,False,0.44525307416915894,86.82434946298599,GRU,1
test_14,A3,test,14,89.9000015258789,898,79.24626922607422,0.5389743447303772,0.8697099089622498,105.0999984741211,195.0,True,False,0.44591134786605835,86.95271283388138,GRU,1
test_14,A3,test,14,90.0,899,79.24626922607422,0.5384615659713745,0.873641312122345,105.0,195.0,True,False,0.4491276144981384,87.579884827137,GRU,1
test_14,A3,test,14,90.0999984741211,900,79.24626922607422,0.537948727607727,0.8760001063346863,104.9000015258789,195.0,True,False,0.454834520816803,88.69273155927658,GRU,1
test_14,A3,test,14,90.19999694824219,901,79.24626922607422,0.5374358892440796,0.8775727152824402,104.80000305175781,195.0,True,False,0.45783576369285583,89.27797392010689,GRU,1
test_14,A3,test,14,90.30000305175781,902,79.24626922607422,0.5369230508804321,0.8775727152824402,104.69999694824219,195.0,True,False,0.4596235156059265,89.62658554315567,GRU,1
test_14,A3,test,14,90.4000015258789,903,79.24626922607422,0.5364102721214294,0.8750565648078918,104.5999984741211,195.0,True,False,0.45692282915115356,89.09995168447495,GRU,1
test_14,A3,test,14,90.5,904,79.24626922607422,0.535897433757782,0.8741130828857422,104.5,195.0,True,False,0.45564210414886475,88.85021030902863,GRU,1
test_14,A3,test,14,90.5999984741211,905,79.24626922607422,0.5353845953941345,0.8741130828857422,104.4000015258789,195.0,True,False,0.45361825823783875,88.45556035637856,GRU,1
test_14,A3,test,14,90.69999694824219,906,79.24626922607422,0.5348718166351318,0.8742703199386597,104.30000305175781,195.0,True,False,0.4528684914112091,88.30935582518578,GRU,1
test_14,A3,test,14,90.80000305175781,907,79.24626922607422,0.5343589782714844,0.8720687031745911,104.19999694824219,195.0,True,False,0.45274385809898376,88.28505232930183,GRU,1
test_14,A3,test,14,90.9000015258789,908,79.24626922607422,0.5338461399078369,0.8698671460151672,104.0999984741211,195.0,True,False,0.45097026228904724,87.93920114636421,GRU,1
test_14,A3,test,14,91.0,909,79.24626922607422,0.5333333611488342,0.8698671460151672,104.0,195.0,True,False,0.44866058230400085,87.48881354928017,GRU,1
test_14,A3,test,14,91.0999984741211,910,79.24626922607422,0.5328205227851868,0.8687664270401001,103.9000015258789,195.0,True,False,0.4468974471092224,87.14500218629837,GRU,1
test_14,A3,test,14,91.19999694824219,911,79.24626922607422,0.5323076844215393,0.8664074540138245,103.80000305175781,195.0,True,False,0.4445888102054596,86.69481799006462,GRU,1
test_14,A3,test,14,91.30000305175781,912,79.24626922607422,0.5317948460578918,0.8522544503211975,103.69999694824219,195.0,True,False,0.4287679195404053,83.60974431037903,GRU,1
test_14,A3,test,14,91.4000015258789,913,79.24626922607422,0.5312820672988892,0.8566575646400452,103.5999984741211,195.0,True,False,0.4217393696308136,82.23917707800865,GRU,1
test_14,A3,test,14,91.5,914,79.24626922607422,0.5307692289352417,0.8577584028244019,103.5,195.0,True,False,0.42259669303894043,82.40635514259338,GRU,1
test_14,A3,test,14,91.5999984741211,915,79.24626922607422,0.5302563905715942,0.8577584028244019,103.4000015258789,195.0,True,False,0.423500120639801,82.5825235247612,GRU,1
test_14,A3,test,14,91.69999694824219,916,79.24626922607422,0.5297436118125916,0.8577584028244019,103.30000305175781,195.0,True,False,0.42368215322494507,82.61801987886429,GRU,1
test_14,A3,test,14,91.80000305175781,917,79.24626922607422,0.5292307734489441,0.8599599599838257,103.19999694824219,195.0,True,False,0.4261600971221924,83.10121893882751,GRU,1
test_14,A3,test,14,91.9000015258789,918,79.24626922607422,0.5287179350852966,0.8577584028244019,103.0999984741211,195.0,True,False,0.42818182706832886,83.49545627832413,GRU,1
test_14,A3,test,14,92.0,919,79.24626922607422,0.528205156326294,0.8576012253761292,103.0,195.0,True,False,0.42594099044799805,83.05849313735962,GRU,1
test_14,A3,test,14,92.0999984741211,920,79.24626922607422,0.5276923179626465,0.8565003275871277,102.9000015258789,195.0,True,False,0.42525386810302734,82.92450428009033,GRU,1
test_14,A3,test,14,92.19999694824219,921,79.24626922607422,0.527179479598999,0.8566575646400452,102.80000305175781,195.0,True,False,0.42660531401634216,83.18803623318672,GRU,1
test_14,A3,test,14,92.30000305175781,922,79.24626922607422,0.5266666412353516,0.8544560074806213,102.69999694824219,195.0,True,False,0.4247058629989624,82.81764328479767,GRU,1
test_14,A3,test,14,92.4000015258789,923,79.24626922607422,0.5261538624763489,0.8544560074806213,102.5999984741211,195.0,True,False,0.4221273362636566,82.31483057141304,GRU,1
test_14,A3,test,14,92.5,924,79.24626922607422,0.5256410241127014,0.8528834581375122,102.5,195.0,True,False,0.42198532819747925,82.28713899850845,GRU,1
test_14,A3,test,14,92.5999984741211,925,79.24626922607422,0.525128185749054,0.8522544503211975,102.4000015258789,195.0,True,False,0.42097264528274536,82.08966583013535,GRU,1
test_14,A3,test,14,92.69999694824219,926,79.24626922607422,0.5246154069900513,0.8522544503211975,102.30000305175781,195.0,True,False,0.41841888427734375,81.59168243408203,GRU,1
test_14,A3,test,14,92.80000305175781,927,79.24626922607422,0.5241025686264038,0.851153552532196,102.19999694824219,195.0,True,False,0.4176183342933655,81.43557518720627,GRU,1
test_14,A3,test,14,92.9000015258789,928,79.24626922607422,0.5235897302627563,0.851153552532196,102.0999984741211,195.0,True,False,0.41666507720947266,81.24969005584717,GRU,1
test_14,A3,test,14,93.0,929,79.24626922607422,0.5230769515037537,0.851153552532196,102.0,195.0,True,False,0.41569051146507263,81.05964973568916,GRU,1
test_14,A3,test,14,93.0999984741211,930,79.24626922607422,0.5225641131401062,0.851153552532196,101.9000015258789,195.0,True,False,0.4159775972366333,81.1156314611435,GRU,1
test_14,A3,test,14,93.19999694824219,931,79.24626922607422,0.5220512747764587,0.8491092324256897,101.80000305175781,195.0,True,False,0.4159597158432007,81.11214458942413,GRU,1
test_14,A3,test,14,93.30000305175781,932,79.24626922607422,0.5215384364128113,0.8491092324256897,101.69999694824219,195.0,True,False,0.4148916006088257,80.90386211872101,GRU,1
test_14,A3,test,14,93.4000015258789,933,79.24626922607422,0.5210256576538086,0.8480085134506226,101.5999984741211,195.0,True,False,0.41355404257774353,80.64303830265999,GRU,1
test_14,A3,test,14,93.5,934,79.24626922607422,0.5205128192901611,0.8489519953727722,101.5,195.0,True,False,0.4127439856529236,80.4850772023201,GRU,1
test_14,A3,test,14,93.5999984741211,935,79.24626922607422,0.5199999809265137,0.8522544503211975,101.4000015258789,195.0,True,False,0.4125005602836609,80.43760925531387,GRU,1
test_14,A3,test,14,93.69999694824219,936,79.24626922607422,0.519487202167511,0.8522544503211975,101.30000305175781,195.0,True,False,0.41724202036857605,81.36219397187233,GRU,1
test_14,A3,test,14,93.80000305175781,937,79.24626922607422,0.5189743638038635,0.8522544503211975,101.19999694824219,195.0,True,False,0.41772711277008057,81.45678699016571,GRU,1
test_14,A3,test,14,93.9000015258789,938,79.24626922607422,0.5184615254402161,0.8544560074806213,101.0999984741211,195.0,True,False,0.4197036623954773,81.84221416711807,GRU,1
test_14,A3,test,14,94.0,939,79.24626922607422,0.5179487466812134,0.8544560074806213,101.0,195.0,True,False,0.4215793311595917,82.20796957612038,GRU,1
test_14,A3,test,14,94.0999984741211,940,79.24626922607422,0.5174359083175659,0.851153552532196,100.9000015258789,195.0,True,False,0.4200417697429657,81.90814509987831,GRU,1
test_14,A3,test,14,94.19999694824219,941,79.24626922607422,0.5169230699539185,0.8489519953727722,100.80000305175781,195.0,True,False,0.41725918650627136,81.36554136872292,GRU,1
test_14,A3,test,14,94.30000305175781,942,79.24626922607422,0.516410231590271,0.8489519953727722,100.69999694824219,195.0,True,False,0.41283538937568665,80.5029009282589,GRU,1
test_14,A3,test,14,94.4000015258789,943,79.24626922607422,0.5158974528312683,0.8489519953727722,100.5999984741211,195.0,True,False,0.4134153723716736,80.61599761247635,GRU,1
test_14,A3,test,14,94.5,944,79.24626922607422,0.5153846144676208,0.8489519953727722,100.5,195.0,True,False,0.4144183397293091,80.81157624721527,GRU,1
test_14,A3,test,14,94.5999984741211,945,79.24626922607422,0.5148717761039734,0.8489519953727722,100.4000015258789,195.0,True,False,0.41639071702957153,81.19618982076645,GRU,1
test_14,A3,test,14,94.69999694824219,946,79.24626922607422,0.5143589973449707,0.8491092324256897,100.30000305175781,195.0,True,False,0.4147644639015198,80.87907046079636,GRU,1
test_14,A3,test,14,94.80000305175781,947,79.24626922607422,0.5138461589813232,0.8492666482925415,100.19999694824219,195.0,True,False,0.4163135886192322,81.18114978075027,GRU,1
test_14,A3,test,14,94.9000015258789,948,79.24626922607422,0.5133333206176758,0.8489519953727722,100.0999984741211,195.0,True,False,0.4157632291316986,81.07382968068123,GRU,1
test_14,A3,test,14,95.0,949,79.24626922607422,0.5128205418586731,0.8489519953727722,100.0,195.0,True,False,0.41572365164756775,81.06611207127571,GRU,1
test_14,A3,test,14,95.0999984741211,950,79.24626922607422,0.5123077034950256,0.8495810627937317,99.9000015258789,195.0,True,False,0.41660016775131226,81.23703271150589,GRU,1
test_14,A3,test,14,95.19999694824219,951,79.24626922607422,0.5117948651313782,0.8434479832649231,99.80000305175781,195.0,True,False,0.4128919839859009,80.51393687725067,GRU,1
test_14,A3,test,14,95.30000305175781,952,79.24626922607422,0.5112820267677307,0.8456497192382812,99.69999694824219,195.0,True,False,0.4065655469894409,79.28028166294098,GRU,1
test_14,A3,test,14,95.4000015258789,953,79.24626922607422,0.510769248008728,0.8442344665527344,99.5999984741211,195.0,True,False,0.40809616446495056,79.57875207066536,GRU,1
test_14,A3,test,14,95.5,954,79.24626922607422,0.5102564096450806,0.8436053991317749,99.5,195.0,True,False,0.4070014953613281,79.36529159545898,GRU,1
test_14,A3,test,14,95.5999984741211,955,79.24626922607422,0.5097435712814331,0.8436053991317749,99.4000015258789,195.0,True,False,0.40499091148376465,78.9732277393341,GRU,1
test_14,A3,test,14,95.69999694824219,956,79.24626922607422,0.5092307925224304,0.8434479832649231,99.30000305175781,195.0,True,False,0.40626057982444763,79.22081306576729,GRU,1
test_14,A3,test,14,95.80000305175781,957,79.24626922607422,0.508717954158783,0.8456497192382812,99.19999694824219,195.0,True,False,0.4074569642543793,79.45410802960396,GRU,1
test_14,A3,test,14,95.9000015258789,958,79.24626922607422,0.5082051157951355,0.8434479832649231,99.0999984741211,195.0,True,False,0.4095337688922882,79.8590849339962,GRU,1
test_14,A3,test,14,96.0,959,79.24626922607422,0.5076923370361328,0.8436053991317749,99.0,195.0,True,False,0.4068559408187866,79.33690845966339,GRU,1
test_14,A3,test,14,96.0999984741211,960,79.24626922607422,0.5071794986724854,0.8425045013427734,98.9000015258789,195.0,True,False,0.4044179916381836,78.8615083694458,GRU,1
test_14,A3,test,14,96.19999694824219,961,79.24626922607422,0.5066666603088379,0.8425045013427734,98.80000305175781,195.0,True,False,0.4031694233417511,78.61803755164146,GRU,1
test_14,A3,test,14,96.30000305175781,962,79.24626922607422,0.5061538219451904,0.8425045013427734,98.69999694824219,195.0,True,False,0.40323224663734436,78.63028809428215,GRU,1
test_14,A3,test,14,96.4000015258789,963,79.24626922607422,0.5056410431861877,0.8423473238945007,98.5999984741211,195.0,True,False,0.4053646922111511,79.04611498117447,GRU,1
test_14,A3,test,14,96.5,964,79.24626922607422,0.5051282048225403,0.8401457667350769,98.5,195.0,True,False,0.4039708375930786,78.77431333065033,GRU,1
test_14,A3,test,14,96.5999984741211,965,79.24626922607422,0.5046153664588928,0.8401457667350769,98.4000015258789,195.0,True,False,0.40265849232673645,78.51840600371361,GRU,1
test_14,A3,test,14,96.69999694824219,966,79.24626922607422,0.5041025876998901,0.8392021059989929,98.30000305175781,195.0,True,False,0.4006384015083313,78.1244882941246,GRU,1
test_14,A3,test,14,96.80000305175781,967,79.24626922607422,0.5035897493362427,0.8434479832649231,98.19999694824219,195.0,True,False,0.4009432792663574,78.1839394569397,GRU,1
test_14,A3,test,14,96.9000015258789,968,79.24626922607422,0.5030769109725952,0.8392021059989929,98.0999984741211,195.0,True,False,0.40169548988342285,78.33062052726746,GRU,1
test_14,A3,test,14,97.0,969,79.24626922607422,0.5025641322135925,0.8370005488395691,98.0,195.0,True,False,0.39720410108566284,77.45479971170425,GRU,1
test_14,A3,test,14,97.0999984741211,970,79.24626922607422,0.5020512938499451,0.8370005488395691,97.9000015258789,195.0,True,False,0.39556097984313965,77.13439106941223,GRU,1
test_14,A3,test,14,97.19999694824219,971,79.24626922607422,0.5015384554862976,0.8368433117866516,97.80000305175781,195.0,True,False,0.3952361047267914,77.07104042172432,GRU,1
test_14,A3,test,14,97.30000305175781,972,79.24626922607422,0.5010256171226501,0.8357424736022949,97.69999694824219,195.0,True,False,0.39623376727104187,77.26558461785316,GRU,1
test_14,A3,test,14,97.4000015258789,973,79.24626922607422,0.5005128383636475,0.8336980938911438,97.5999984741211,195.0,True,False,0.39554956555366516,77.1321652829647,GRU,1
test_14,A3,test,14,97.5,974,79.24626922607422,0.5,0.8335409164428711,97.5,195.0,True,False,0.3940410614013672,76.8380069732666,GRU,1
test_14,A3,test,14,97.5999984741211,975,79.24626922607422,0.4994871914386749,0.8332264423370361,97.4000015258789,195.0,True,False,0.390900582075119,76.22561350464821,GRU,1
test_14,A3,test,14,97.69999694824219,976,79.24626922607422,0.49897438287734985,0.8373151421546936,97.30000305175781,195.0,True,False,0.3899022042751312,76.03092983365059,GRU,1
test_14,A3,test,14,97.80000305175781,977,79.24626922607422,0.49846151471138,0.8425045013427734,97.19999694824219,195.0,True,False,0.39471617341041565,76.96965381503105,GRU,1
test_14,A3,test,14,97.9000015258789,978,79.24626922607422,0.49794870615005493,0.8403029441833496,97.0999984741211,195.0,True,False,0.4001568555831909,78.03058683872223,GRU,1
test_14,A3,test,14,98.0,979,79.24626922607422,0.49743589758872986,0.8392021059989929,97.0,195.0,True,False,0.40102875232696533,78.20060670375824,GRU,1
test_14,A3,test,14,98.0999984741211,980,79.24626922607422,0.4969230890274048,0.8370005488395691,96.9000015258789,195.0,True,False,0.3999335765838623,77.98704743385315,GRU,1
test_14,A3,test,14,98.19999694824219,981,79.24626922607422,0.4964102804660797,0.8368433117866516,96.80000305175781,195.0,True,False,0.39601457118988037,77.22284138202667,GRU,1
test_14,A3,test,14,98.30000305175781,982,79.24626922607422,0.49589741230010986,0.8335409164428711,96.69999694824219,195.0,True,False,0.3953048586845398,77.08444744348526,GRU,1
test_14,A3,test,14,98.4000015258789,983,79.24626922607422,0.4953846037387848,0.8336980938911438,96.5999984741211,195.0,True,False,0.3922642469406128,76.4915281534195,GRU,1
test_14,A3,test,14,98.5,984,79.24626922607422,0.4948717951774597,0.8347989320755005,96.5,195.0,True,False,0.3915988802909851,76.3617816567421,GRU,1
test_14,A3,test,14,98.5999984741211,985,79.24626922607422,0.49435898661613464,0.8336980938911438,96.4000015258789,195.0,True,False,0.3915739059448242,76.35691165924072,GRU,1
test_14,A3,test,14,98.69999694824219,986,79.24626922607422,0.49384617805480957,0.83149653673172,96.30000305175781,195.0,True,False,0.39159852266311646,76.36171191930771,GRU,1
test_14,A3,test,14,98.80000305175781,987,79.24626922607422,0.4933333098888397,0.8336980938911438,96.19999694824219,195.0,True,False,0.3900147080421448,76.05286806821823,GRU,1
test_14,A3,test,14,98.9000015258789,988,79.24626922607422,0.49282050132751465,0.83149653673172,96.0999984741211,195.0,True,False,0.3907491862773895,76.19609132409096,GRU,1
test_14,A3,test,14,99.0,989,79.24626922607422,0.4923076927661896,0.8368433117866516,96.0,195.0,True,False,0.39008575677871704,76.06672257184982,GRU,1
test_14,A3,test,14,99.0999984741211,990,79.24626922607422,0.4917948842048645,0.8346417546272278,95.9000015258789,195.0,True,False,0.3929747939109802,76.63008481264114,GRU,1
test_14,A3,test,14,99.19999694824219,991,79.24626922607422,0.49128207564353943,0.831653892993927,95.80000305175781,195.0,True,False,0.3922543525695801,76.48959875106812,GRU,1
test_14,A3,test,14,99.30000305175781,992,79.24626922607422,0.4907692074775696,0.831653892993927,95.69999694824219,195.0,True,False,0.3896033763885498,75.97265839576721,GRU,1
test_14,A3,test,14,99.4000015258789,993,79.24626922607422,0.4902563989162445,0.8303958177566528,95.5999984741211,195.0,True,False,0.38889461755752563,75.8344504237175,GRU,1
test_14,A3,test,14,99.5,994,79.24626922607422,0.48974359035491943,0.828194260597229,95.5,195.0,True,False,0.38674506545066833,75.41528776288033,GRU,1
test_14,A3,test,14,99.5999984741211,995,79.24626922607422,0.48923078179359436,0.828194260597229,95.4000015258789,195.0,True,False,0.38559490442276,75.1910063624382,GRU,1
test_14,A3,test,14,99.69999694824219,996,79.24626922607422,0.4887179732322693,0.8299239873886108,95.30000305175781,195.0,True,False,0.3844245672225952,74.96279060840607,GRU,1
test_14,A3,test,14,99.80000305175781,997,79.24626922607422,0.48820510506629944,0.8303958177566528,95.19999694824219,195.0,True,False,0.3855782449245453,75.18775776028633,GRU,1
test_14,A3,test,14,99.9000015258789,998,79.24626922607422,0.48769229650497437,0.8303958177566528,95.0999984741211,195.0,True,False,0.3868979811668396,75.44510632753372,GRU,1
test_14,A3,test,14,100.0,999,79.24626922607422,0.4871794879436493,0.8250490427017212,95.0,195.0,True,False,0.3844984173774719,74.97719138860703,GRU,1
test_14,A3,test,14,100.0999984741211,1000,79.24626922607422,0.4866666793823242,0.8250490427017212,94.9000015258789,195.0,True,False,0.3803038001060486,74.15924102067947,GRU,1
test_14,A3,test,14,100.19999694824219,1001,79.24626922607422,0.48615387082099915,0.8241056203842163,94.80000305175781,195.0,True,False,0.3793768286705017,73.97848159074783,GRU,1
test_14,A3,test,14,100.30000305175781,1002,79.24626922607422,0.4856410026550293,0.8228474855422974,94.69999694824219,195.0,True,False,0.3792743384838104,73.95849600434303,GRU,1
test_14,A3,test,14,100.4000015258789,1003,79.24626922607422,0.4851281940937042,0.8226902484893799,94.5999984741211,195.0,True,False,0.3769403398036957,73.50336626172066,GRU,1
test_14,A3,test,14,100.5,1004,79.24626922607422,0.48461538553237915,0.8226902484893799,94.5,195.0,True,False,0.3760106563568115,73.32207798957825,GRU,1
test_14,A3,test,14,100.5999984741211,1005,79.24626922607422,0.4841025769710541,0.8226902484893799,94.4000015258789,195.0,True,False,0.3750680387020111,73.13826754689217,GRU,1
test_14,A3,test,14,100.69999694824219,1006,79.24626922607422,0.483589768409729,0.8226902484893799,94.30000305175781,195.0,True,False,0.3762969374656677,73.3779028058052,GRU,1
test_14,A3,test,14,100.80000305175781,1007,79.24626922607422,0.48307690024375916,0.831653892993927,94.19999694824219,195.0,True,False,0.3754672110080719,73.21610614657402,GRU,1
test_14,A3,test,14,100.9000015258789,1008,79.24626922607422,0.4825640916824341,0.831653892993927,94.0999984741211,195.0,True,False,0.3853799104690552,75.14908254146576,GRU,1
test_14,A3,test,14,101.0,1009,79.24626922607422,0.482051283121109,0.828194260597229,94.0,195.0,True,False,0.38562655448913574,75.19717812538147,GRU,1
test_14,A3,test,14,101.0999984741211,1010,79.24626922607422,0.48153847455978394,0.828194260597229,93.9000015258789,195.0,True,False,0.38504353165626526,75.08348867297173,GRU,1
test_14,A3,test,14,101.19999694824219,1011,79.24626922607422,0.48102566599845886,0.8171862363815308,93.80000305175781,195.0,True,False,0.3785436749458313,73.8160166144371,GRU,1
test_14,A3,test,14,101.30000305175781,1012,79.24626922607422,0.480512797832489,0.8193878531455994,93.69999694824219,195.0,True,False,0.3730320930480957,72.74125814437866,GRU,1
test_14,A3,test,14,101.4000015258789,1013,79.24626922607422,0.47999998927116394,0.8171862363815308,93.5999984741211,195.0,True,False,0.37195464968681335,72.5311566889286,GRU,1
test_14,A3,test,14,101.5,1014,79.24626922607422,0.47948718070983887,0.8140410780906677,93.5,195.0,True,False,0.36930298805236816,72.01408267021179,GRU,1
test_14,A3,test,14,101.5999984741211,1015,79.24626922607422,0.4789743721485138,0.8107388019561768,93.4000015258789,195.0,True,False,0.3646434247493744,71.105467826128,GRU,1
test_14,A3,test,14,101.69999694824219,1016,79.24626922607422,0.4784615635871887,0.8107388019561768,93.30000305175781,195.0,True,False,0.3632766008377075,70.83893716335297,GRU,1
test_14,A3,test,14,101.80000305175781,1017,79.24626922607422,0.47794869542121887,0.8129403591156006,93.19999694824219,195.0,True,False,0.3624497056007385,70.67769259214401,GRU,1
test_14,A3,test,14,101.9000015258789,1018,79.24626922607422,0.4774358868598938,0.8085372447967529,93.0999984741211,195.0,True,False,0.3635493218898773,70.89211776852608,GRU,1
test_14,A3,test,14,102.0,1019,79.24626922607422,0.4769230782985687,0.8085372447967529,93.0,195.0,True,False,0.3597276210784912,70.14688611030579,GRU,1
test_14,A3,test,14,102.0999984741211,1020,79.24626922607422,0.47641026973724365,0.8074362874031067,92.9000015258789,195.0,True,False,0.3580676317214966,69.82318818569183,GRU,1
test_14,A3,test,14,102.19999694824219,1021,79.24626922607422,0.4758974611759186,0.8047629594802856,92.80000305175781,195.0,True,False,0.35624656081199646,69.46807935833931,GRU,1
test_14,A3,test,14,102.30000305175781,1022,79.24626922607422,0.47538459300994873,0.8031904697418213,92.69999694824219,195.0,True,False,0.3549520969390869,69.21565890312195,GRU,1
test_14,A3,test,14,102.4000015258789,1023,79.24626922607422,0.47487178444862366,0.7987872958183289,92.5999984741211,195.0,True,False,0.35284364223480225,68.80451023578644,GRU,1
test_14,A3,test,14,102.5,1024,79.24626922607422,0.4743589758872986,0.7964283227920532,92.5,195.0,True,False,0.34823736548423767,67.90628626942635,GRU,1
test_14,A3,test,14,102.5999984741211,1025,79.24626922607422,0.4738461673259735,0.7953276634216309,92.4000015258789,195.0,True,False,0.3461155295372009,67.49252825975418,GRU,1
test_14,A3,test,14,102.69999694824219,1026,79.24626922607422,0.47333335876464844,0.795170247554779,92.30000305175781,195.0,True,False,0.34414324164390564,67.1079321205616,GRU,1
test_14,A3,test,14,102.80000305175781,1027,79.24626922607422,0.4728204905986786,0.7953276634216309,92.19999694824219,195.0,True,False,0.34351494908332825,66.98541507124901,GRU,1
test_14,A3,test,14,102.9000015258789,1028,79.24626922607422,0.4723076820373535,0.8019323348999023,92.0999984741211,195.0,True,False,0.3429890275001526,66.88286036252975,GRU,1
test_14,A3,test,14,103.0,1029,79.24626922607422,0.47179487347602844,0.7997308373451233,92.0,195.0,True,False,0.34707528352737427,67.67968028783798,GRU,1
test_14,A3,test,14,103.0999984741211,1030,79.24626922607422,0.47128206491470337,0.8074362874031067,91.9000015258789,195.0,True,False,0.3451249897480011,67.29937300086021,GRU,1
test_14,A3,test,14,103.19999694824219,1031,79.24626922607422,0.4707692563533783,0.804133951663971,91.80000305175781,195.0,True,False,0.351438045501709,68.53041887283325,GRU,1
test_14,A3,test,14,103.30000305175781,1032,79.24626922607422,0.47025638818740845,0.7987872958183289,91.69999694824219,195.0,True,False,0.35145479440689087,68.53368490934372,GRU,1
test_14,A3,test,14,103.4000015258789,1033,79.24626922607422,0.4697435796260834,0.7962711453437805,91.5999984741211,195.0,True,False,0.3477783799171448,67.81678408384323,GRU,1
test_14,A3,test,14,103.5,1034,79.24626922607422,0.4692307710647583,0.7896664142608643,91.5,195.0,True,False,0.3436654210090637,67.01475709676743,GRU,1
test_14,A3,test,14,103.5999984741211,1035,79.24626922607422,0.4687179625034332,0.7962711453437805,91.4000015258789,195.0,True,False,0.3378342390060425,65.87767660617828,GRU,1
test_14,A3,test,14,103.69999694824219,1036,79.24626922607422,0.46820515394210815,0.7918679714202881,91.30000305175781,195.0,True,False,0.34170976281166077,66.63340374827385,GRU,1
test_14,A3,test,14,103.80000305175781,1037,79.24626922607422,0.4676922857761383,0.7830615639686584,91.19999694824219,195.0,True,False,0.33762475848197937,65.83682790398598,GRU,1
test_14,A3,test,14,103.9000015258789,1038,79.24626922607422,0.46717947721481323,0.7918679714202881,91.0999984741211,195.0,True,False,0.329680860042572,64.28776770830154,GRU,1
test_14,A3,test,14,104.0,1039,79.24626922607422,0.46666666865348816,0.7918679714202881,91.0,195.0,True,False,0.33590948581695557,65.50234973430634,GRU,1
test_14,A3,test,14,104.0999984741211,1040,79.24626922607422,0.4661538600921631,0.7775575518608093,90.9000015258789,195.0,True,False,0.33220791816711426,64.78054404258728,GRU,1
test_14,A3,test,14,104.19999694824219,1041,79.24626922607422,0.465641051530838,0.7742552757263184,90.80000305175781,195.0,True,False,0.3263450264930725,63.63728016614914,GRU,1
test_14,A3,test,14,104.30000305175781,1042,79.24626922607422,0.46512818336486816,0.7700092196464539,90.69999694824219,195.0,True,False,0.32279646396636963,62.94531047344208,GRU,1
test_14,A3,test,14,104.4000015258789,1043,79.24626922607422,0.4646153748035431,0.7689085602760315,90.5999984741211,195.0,True,False,0.3186962604522705,62.14577078819275,GRU,1
test_14,A3,test,14,104.5,1044,79.24626922607422,0.464102566242218,0.7720535397529602,90.5,195.0,True,False,0.3156726658344269,61.55616983771324,GRU,1
test_14,A3,test,14,104.5999984741211,1045,79.24626922607422,0.46358975768089294,0.7689085602760315,90.4000015258789,195.0,True,False,0.3165441155433655,61.72610253095627,GRU,1
test_14,A3,test,14,104.69999694824219,1046,79.24626922607422,0.46307694911956787,0.7689085602760315,90.30000305175781,195.0,True,False,0.31485962867736816,61.39762759208679,GRU,1
test_14,A3,test,14,104.80000305175781,1047,79.24626922607422,0.462564080953598,0.7634044885635376,90.19999694824219,195.0,True,False,0.3126583695411682,60.9683820605278,GRU,1
test_14,A3,test,14,104.9000015258789,1048,79.24626922607422,0.46205127239227295,0.7689085602760315,90.0999984741211,195.0,True,False,0.3092767894268036,60.3089739382267,GRU,1
test_14,A3,test,14,105.0,1049,79.24626922607422,0.4615384638309479,0.7656061053276062,90.0,195.0,True,False,0.31351393461227417,61.13521724939346,GRU,1
test_14,A3,test,14,105.0999984741211,1050,79.24626922607422,0.4610256552696228,0.7593158483505249,89.9000015258789,195.0,True,False,0.31220555305480957,60.880082845687866,GRU,1
test_14,A3,test,14,105.19999694824219,1051,79.24626922607422,0.46051284670829773,0.7552271485328674,89.80000305175781,195.0,True,False,0.3089916706085205,60.2533757686615,GRU,1
test_14,A3,test,14,105.30000305175781,1052,79.24626922607422,0.4599999785423279,0.7512958645820618,89.69999694824219,195.0,True,False,0.3056943118572235,59.610390812158585,GRU,1
test_14,A3,test,14,105.4000015258789,1053,79.24626922607422,0.4594871699810028,0.7459490895271301,89.5999984741211,195.0,True,False,0.30356326699256897,59.19483706355095,GRU,1
test_14,A3,test,14,105.5,1054,79.24626922607422,0.45897436141967773,0.7459490895271301,89.5,195.0,True,False,0.297471821308136,58.00700515508652,GRU,1
test_14,A3,test,14,105.5999984741211,1055,79.24626922607422,0.45846155285835266,0.7385581135749817,89.4000015258789,195.0,True,False,0.2966654300689697,57.8497588634491,GRU,1
test_14,A3,test,14,105.69999694824219,1056,79.24626922607422,0.4579487442970276,0.73714280128479,89.30000305175781,195.0,True,False,0.29308849573135376,57.15225666761398,GRU,1
test_14,A3,test,14,105.80000305175781,1057,79.24626922607422,0.45743587613105774,0.7338403463363647,89.19999694824219,195.0,True,False,0.29054808616638184,56.65687680244446,GRU,1
test_14,A3,test,14,105.9000015258789,1058,79.24626922607422,0.45692306756973267,0.7338403463363647,89.0999984741211,195.0,True,False,0.2882947325706482,56.2174728512764,GRU,1
test_14,A3,test,14,106.0,1059,79.24626922607422,0.4564102590084076,0.7317960262298584,89.0,195.0,True,False,0.2862672209739685,55.82210808992386,GRU,1
test_14,A3,test,14,106.0999984741211,1060,79.24626922607422,0.4558974504470825,0.7316388487815857,88.9000015258789,195.0,True,False,0.284324586391449,55.44329434633255,GRU,1
test_14,A3,test,14,106.19999694824219,1061,79.24626922607422,0.45538464188575745,0.7316388487815857,88.80000305175781,195.0,True,False,0.2830986976623535,55.204246044158936,GRU,1
test_14,A3,test,14,106.30000305175781,1062,79.24626922607422,0.4548717737197876,0.7316388487815857,88.69999694824219,195.0,True,False,0.28147071599960327,54.88678961992264,GRU,1
test_14,A3,test,14,106.4000015258789,1063,79.24626922607422,0.4543589651584625,0.7317960262298584,88.5999984741211,195.0,True,False,0.28327834606170654,55.239277482032776,GRU,1
test_14,A3,test,14,106.5,1064,79.24626922607422,0.45384615659713745,0.7316388487815857,88.5,195.0,True,False,0.2817610502243042,54.94340479373932,GRU,1
test_14,A3,test,14,106.5999984741211,1065,79.24626922607422,0.4533333480358124,0.7316388487815857,88.4000015258789,195.0,True,False,0.2803572118282318,54.6696563065052,GRU,1
test_14,A3,test,14,106.69999694824219,1066,79.24626922607422,0.4528205394744873,0.7316388487815857,88.30000305175781,195.0,True,False,0.28178077936172485,54.947251975536346,GRU,1
test_14,A3,test,14,106.80000305175781,1067,79.24626922607422,0.45230767130851746,0.7305378913879395,88.19999694824219,195.0,True,False,0.2823016941547394,55.04883036017418,GRU,1
test_14,A3,test,14,106.9000015258789,1068,79.24626922607422,0.4517948627471924,0.7283363342285156,88.0999984741211,195.0,True,False,0.2814885973930359,54.890276491642,GRU,1
test_14,A3,test,14,107.0,1069,79.24626922607422,0.4512820541858673,0.7284935712814331,88.0,195.0,True,False,0.27943986654281616,54.49077397584915,GRU,1
test_14,A3,test,14,107.0999984741211,1070,79.24626922607422,0.45076924562454224,0.7250339388847351,87.9000015258789,195.0,True,False,0.27943527698516846,54.48987901210785,GRU,1
test_14,A3,test,14,107.19999694824219,1071,79.24626922607422,0.45025643706321716,0.7250339388847351,87.80000305175781,195.0,True,False,0.2787224054336548,54.35086905956268,GRU,1
test_14,A3,test,14,107.30000305175781,1072,79.24626922607422,0.4497435688972473,0.7250339388847351,87.69999694824219,195.0,True,False,0.27786558866500854,54.183789789676666,GRU,1
test_14,A3,test,14,107.4000015258789,1073,79.24626922607422,0.44923076033592224,0.7258201837539673,87.5999984741211,195.0,True,False,0.2762814462184906,53.87488201260567,GRU,1
test_14,A3,test,14,107.5,1074,79.24626922607422,0.44871795177459717,0.7262920141220093,87.5,195.0,True,False,0.2769012451171875,53.99574279785156,GRU,1
test_14,A3,test,14,107.5999984741211,1075,79.24626922607422,0.4482051432132721,0.7262920141220093,87.4000015258789,195.0,True,False,0.2776067554950714,54.133317321538925,GRU,1
test_14,A3,test,14,107.69999694824219,1076,79.24626922607422,0.447692334651947,0.7262920141220093,87.30000305175781,195.0,True,False,0.2780669033527374,54.2230461537838,GRU,1
test_14,A3,test,14,107.80000305175781,1077,79.24626922607422,0.4471794664859772,0.7284935712814331,87.19999694824219,195.0,True,False,0.276729941368103,53.96233856678009,GRU,1
test_14,A3,test,14,107.9000015258789,1078,79.24626922607422,0.4466666579246521,0.7262920141220093,87.0999984741211,195.0,True,False,0.27807706594467163,54.22502785921097,GRU,1
test_14,A3,test,14,108.0,1079,79.24626922607422,0.446153849363327,0.7284935712814331,87.0,195.0,True,False,0.27705785632133484,54.026281982660294,GRU,1
test_14,A3,test,14,108.0999984741211,1080,79.24626922607422,0.44564104080200195,0.7306951880455017,86.9000015258789,195.0,True,False,0.2775112986564636,54.11470323801041,GRU,1
test_14,A3,test,14,108.19999694824219,1081,79.24626922607422,0.4451282322406769,0.7284935712814331,86.80000305175781,195.0,True,False,0.2792744040489197,54.45850878953934,GRU,1
test_14,A3,test,14,108.30000305175781,1082,79.24626922607422,0.44461536407470703,0.7349411845207214,86.69999694824219,195.0,True,False,0.2777692675590515,54.165007174015045,GRU,1
test_14,A3,test,14,108.4000015258789,1083,79.24626922607422,0.44410255551338196,0.7306951880455017,86.5999984741211,195.0,True,False,0.28186774253845215,54.96420979499817,GRU,1
test_14,A3,test,14,108.5,1084,79.24626922607422,0.4435897469520569,0.7261347770690918,86.5,195.0,True,False,0.2819792926311493,54.98596206307411,GRU,1
test_14,A3,test,14,108.5999984741211,1085,79.24626922607422,0.4430769383907318,0.7217316627502441,86.4000015258789,195.0,True,False,0.2810116410255432,54.79726999998093,GRU,1
test_14,A3,test,14,108.69999694824219,1086,79.24626922607422,0.44256412982940674,0.7174855470657349,86.30000305175781,195.0,True,False,0.2779633402824402,54.202851355075836,GRU,1
test_14,A3,test,14,108.80000305175781,1087,79.24626922607422,0.4420512616634369,0.7163848876953125,86.19999694824219,195.0,True,False,0.2734758257865906,53.32778602838516,GRU,1
test_14,A3,test,14,108.9000015258789,1088,79.24626922607422,0.4415384531021118,0.7141832709312439,86.0999984741211,195.0,True,False,0.2724841237068176,53.13440412282944,GRU,1
test_14,A3,test,14,109.0,1089,79.24626922607422,0.44102564454078674,0.7108808755874634,86.0,195.0,True,False,0.27220141887664795,53.07927668094635,GRU,1
test_14,A3,test,14,109.0999984741211,1090,79.24626922607422,0.44051283597946167,0.7075784206390381,85.9000015258789,195.0,True,False,0.2707631587982178,52.798815965652466,GRU,1
test_14,A3,test,14,109.19999694824219,1091,79.24626922607422,0.4400000274181366,0.7042762041091919,85.80000305175781,195.0,True,False,0.26843178272247314,52.34419763088226,GRU,1
test_14,A3,test,14,109.30000305175781,1092,79.24626922607422,0.43948715925216675,0.7020744681358337,85.69999694824219,195.0,True,False,0.2666850686073303,52.00358837842941,GRU,1
test_14,A3,test,14,109.4000015258789,1093,79.24626922607422,0.4389743506908417,0.7009737491607666,85.5999984741211,195.0,True,False,0.2639790177345276,51.47590845823288,GRU,1
test_14,A3,test,14,109.5,1094,79.24626922607422,0.4384615421295166,0.7017599940299988,85.5,195.0,True,False,0.2619563341140747,51.08148515224457,GRU,1
test_14,A3,test,14,109.5999984741211,1095,79.24626922607422,0.43794873356819153,0.6987721920013428,85.4000015258789,195.0,True,False,0.2613949179649353,50.972009003162384,GRU,1
test_14,A3,test,14,109.69999694824219,1096,79.24626922607422,0.43743592500686646,0.6987721920013428,85.30000305175781,195.0,True,False,0.2588909864425659,50.483742356300354,GRU,1
test_14,A3,test,14,109.80000305175781,1097,79.24626922607422,0.4369230568408966,0.696570634841919,85.19999694824219,195.0,True,False,0.25963130593299866,50.62810465693474,GRU,1
test_14,A3,test,14,109.9000015258789,1098,79.24626922607422,0.43641024827957153,0.696570634841919,85.0999984741211,195.0,True,False,0.25743305683135986,50.19944608211517,GRU,1
test_14,A3,test,14,110.0,1099,79.24626922607422,0.43589743971824646,0.696570634841919,85.0,195.0,True,False,0.2573947608470917,50.19197836518288,GRU,1
test_14,A3,test,14,110.0999984741211,1100,79.24626922607422,0.4353846311569214,0.6967278122901917,84.9000015258789,195.0,True,False,0.2559928894042969,49.91861343383789,GRU,1
test_14,A3,test,14,110.19999694824219,1101,79.24626922607422,0.4348718225955963,0.6967278122901917,84.80000305175781,195.0,True,False,0.2553064823150635,49.78476405143738,GRU,1
test_14,A3,test,14,110.30000305175781,1102,79.24626922607422,0.43435895442962646,0.6967278122901917,84.69999694824219,195.0,True,False,0.2557637095451355,49.87392336130142,GRU,1
test_14,A3,test,14,110.4000015258789,1103,79.24626922607422,0.4338461458683014,0.696570634841919,84.5999984741211,195.0,True,False,0.25628554821014404,49.97568190097809,GRU,1
test_14,A3,test,14,110.5,1104,79.24626922607422,0.4333333373069763,0.696570634841919,84.5,195.0,True,False,0.2553948163986206,49.80198919773102,GRU,1
test_14,A3,test,14,110.5999984741211,1105,79.24626922607422,0.43282052874565125,0.6967278122901917,84.4000015258789,195.0,True,False,0.2541557550430298,49.56037223339081,GRU,1
test_14,A3,test,14,110.69999694824219,1106,79.24626922607422,0.43230772018432617,0.695626974105835,84.30000305175781,195.0,True,False,0.2553958296775818,49.80218678712845,GRU,1
test_14,A3,test,14,110.80000305175781,1107,79.24626922607422,0.4317948520183563,0.6967278122901917,84.19999694824219,195.0,True,False,0.25462818145751953,49.65249538421631,GRU,1
test_14,A3,test,14,110.9000015258789,1108,79.24626922607422,0.43128204345703125,0.696570634841919,84.0999984741211,195.0,True,False,0.2561756670475006,49.95425507426262,GRU,1
test_14,A3,test,14,111.0,1109,79.24626922607422,0.4307692348957062,0.696570634841919,84.0,195.0,True,False,0.25657641887664795,50.03240168094635,GRU,1
test_14,A3,test,14,111.0999984741211,1110,79.24626922607422,0.4302564263343811,0.696570634841919,83.9000015258789,195.0,True,False,0.2557273805141449,49.866839200258255,GRU,1
test_14,A3,test,14,111.19999694824219,1111,79.24626922607422,0.42974361777305603,0.696570634841919,83.80000305175781,195.0,True,False,0.25633177161216736,49.984695464372635,GRU,1
test_14,A3,test,14,111.30000305175781,1112,79.24626922607422,0.4292307496070862,0.695626974105835,83.69999694824219,195.0,True,False,0.2553897202014923,49.800995439291,GRU,1
test_14,A3,test,14,111.4000015258789,1113,79.24626922607422,0.4287179410457611,0.695626974105835,83.5999984741211,195.0,True,False,0.2538403868675232,49.49887543916702,GRU,1
test_14,A3,test,14,111.5,1114,79.24626922607422,0.42820513248443604,0.6954696774482727,83.5,195.0,True,False,0.25410863757133484,49.551184326410294,GRU,1
test_14,A3,test,14,111.5999984741211,1115,79.24626922607422,0.42769232392311096,0.695626974105835,83.4000015258789,195.0,True,False,0.25461211800575256,49.64936301112175,GRU,1
test_14,A3,test,14,111.69999694824219,1116,79.24626922607422,0.4271795153617859,0.695626974105835,83.30000305175781,195.0,True,False,0.2542070746421814,49.57037955522537,GRU,1
test_14,A3,test,14,111.80000305175781,1117,79.24626922607422,0.42666664719581604,0.6934254169464111,83.19999694824219,195.0,True,False,0.2545245885848999,49.63229477405548,GRU,1
test_14,A3,test,14,111.9000015258789,1118,79.24626922607422,0.42615383863449097,0.6934254169464111,83.0999984741211,195.0,True,False,0.2551852762699127,49.76112887263298,GRU,1
test_14,A3,test,14,112.0,1119,79.24626922607422,0.4256410300731659,0.6954696774482727,83.0,195.0,True,False,0.25437653064727783,49.60342347621918,GRU,1
test_14,A3,test,14,112.0999984741211,1120,79.24626922607422,0.4251282215118408,0.695626974105835,82.9000015258789,195.0,True,False,0.2546239495277405,49.65167015790939,GRU,1
test_14,A3,test,14,112.19999694824219,1121,79.24626922607422,0.42461541295051575,0.6934254169464111,82.80000305175781,195.0,True,False,0.25633394718170166,49.985119700431824,GRU,1
test_14,A3,test,14,112.30000305175781,1122,79.24626922607422,0.4241025447845459,0.6954696774482727,82.69999694824219,195.0,True,False,0.2538362741470337,49.49807345867157,GRU,1
test_14,A3,test,14,112.4000015258789,1123,79.24626922607422,0.4235897362232208,0.6943690776824951,82.5999984741211,195.0,True,False,0.254375159740448,49.60315614938736,GRU,1
test_14,A3,test,14,112.5,1124,79.24626922607422,0.42307692766189575,0.6937400102615356,82.5,195.0,True,False,0.25391003489494324,49.51245680451393,GRU,1
test_14,A3,test,14,112.5999984741211,1125,79.24626922607422,0.4225641191005707,0.695626974105835,82.4000015258789,195.0,True,False,0.2533263564109802,49.398639500141144,GRU,1
test_14,A3,test,14,112.69999694824219,1126,79.24626922607422,0.4220513105392456,0.6967278122901917,82.30000305175781,195.0,True,False,0.25368696451187134,49.46895807981491,GRU,1
test_14,A3,test,14,112.80000305175781,1127,79.24626922607422,0.42153844237327576,0.6962559819221497,82.19999694824219,195.0,True,False,0.2551460862159729,49.753486812114716,GRU,1
test_14,A3,test,14,112.9000015258789,1128,79.24626922607422,0.4210256338119507,0.696570634841919,82.0999984741211,195.0,True,False,0.2558714747428894,49.894937574863434,GRU,1
test_14,A3,test,14,113.0,1129,79.24626922607422,0.4205128252506256,0.6967278122901917,82.0,195.0,True,False,0.255470335483551,49.81671541929245,GRU,1
test_14,A3,test,14,113.0999984741211,1130,79.24626922607422,0.42000001668930054,0.695626974105835,81.9000015258789,195.0,True,False,0.25565409660339355,49.85254883766174,GRU,1
test_14,A3,test,14,113.19999694824219,1131,79.24626922607422,0.41948720812797546,0.692324697971344,81.80000305175781,195.0,True,False,0.2558513879776001,49.89102065563202,GRU,1
test_14,A3,test,14,113.30000305175781,1132,79.24626922607422,0.4189743399620056,0.6901231408119202,81.69999694824219,195.0,True,False,0.25517863035202026,49.75983291864395,GRU,1
test_14,A3,test,14,113.4000015258789,1133,79.24626922607422,0.41846153140068054,0.6868206858634949,81.5999984741211,195.0,True,False,0.25443750619888306,49.615313708782196,GRU,1
test_14,A3,test,14,113.5,1134,79.24626922607422,0.41794872283935547,0.6868206858634949,81.5,195.0,True,False,0.25162792205810547,49.067444801330566,GRU,1
test_14,A3,test,14,113.5999984741211,1135,79.24626922607422,0.4174359142780304,0.6868206858634949,81.4000015258789,195.0,True,False,0.25089335441589355,48.92420411109924,GRU,1
test_14,A3,test,14,113.69999694824219,1136,79.24626922607422,0.4169231057167053,0.687921404838562,81.30000305175781,195.0,True,False,0.2495584487915039,48.66389751434326,GRU,1
test_14,A3,test,14,113.80000305175781,1137,79.24626922607422,0.4164102375507355,0.684619128704071,81.19999694824219,195.0,True,False,0.2511792778968811,48.979959189891815,GRU,1
test_14,A3,test,14,113.9000015258789,1138,79.24626922607422,0.4158974289894104,0.6813166737556458,81.0999984741211,195.0,True,False,0.25056758522987366,48.86067911982536,GRU,1
test_14,A3,test,14,114.0,1139,79.24626922607422,0.4153846204280853,0.6791151762008667,81.0,195.0,True,False,0.24843573570251465,48.444968461990356,GRU,1
test_14,A3,test,14,114.0999984741211,1140,79.24626922607422,0.41487181186676025,0.6791151762008667,80.9000015258789,195.0,True,False,0.24593251943588257,47.9568412899971,GRU,1
test_14,A3,test,14,114.19999694824219,1141,79.24626922607422,0.4143590033054352,0.6781715154647827,80.80000305175781,195.0,True,False,0.24589547514915466,47.94961765408516,GRU,1
test_14,A3,test,14,114.30000305175781,1142,79.24626922607422,0.41384613513946533,0.6759698987007141,80.69999694824219,195.0,True,False,0.24617081880569458,48.00330966711044,GRU,1
test_14,A3,test,14,114.4000015258789,1143,79.24626922607422,0.41333332657814026,0.6780142784118652,80.5999984741211,195.0,True,False,0.24395805597305298,47.57182091474533,GRU,1
test_14,A3,test,14,114.5,1144,79.24626922607422,0.4128205180168152,0.6780142784118652,80.5,195.0,True,False,0.24386334419250488,47.55335211753845,GRU,1
test_14,A3,test,14,114.5999984741211,1145,79.24626922607422,0.4123077094554901,0.6759698987007141,80.4000015258789,195.0,True,False,0.2445734739303589,47.69182741641998,GRU,1
test_14,A3,test,14,114.69999694824219,1146,79.24626922607422,0.41179490089416504,0.6759698987007141,80.30000305175781,195.0,True,False,0.24349051713943481,47.48065084218979,GRU,1
test_14,A3,test,14,114.80000305175781,1147,79.24626922607422,0.4112820327281952,0.6780142784118652,80.19999694824219,195.0,True,False,0.24187242984771729,47.16512382030487,GRU,1
test_14,A3,test,14,114.9000015258789,1148,79.24626922607422,0.4107692241668701,0.6781715154647827,80.0999984741211,195.0,True,False,0.24252748489379883,47.29285955429077,GRU,1
test_14,A3,test,14,115.0,1149,79.24626922607422,0.41025641560554504,0.6781715154647827,80.0,195.0,True,False,0.2434866726398468,47.479901164770126,GRU,1
test_14,A3,test,14,115.0999984741211,1150,79.24626922607422,0.40974360704421997,0.6781715154647827,79.9000015258789,195.0,True,False,0.24332624673843384,47.4486181139946,GRU,1
test_14,A3,test,14,115.19999694824219,1151,79.24626922607422,0.4092307984828949,0.6759698987007141,79.80000305175781,195.0,True,False,0.24445179104804993,47.668099254369736,GRU,1
test_14,A3,test,14,115.30000305175781,1152,79.24626922607422,0.40871793031692505,0.6759698987007141,79.69999694824219,195.0,True,False,0.24429991841316223,47.638484090566635,GRU,1
test_14,A3,test,14,115.4000015258789,1153,79.24626922607422,0.4082051217556,0.6759698987007141,79.5999984741211,195.0,True,False,0.24350643157958984,47.48375415802002,GRU,1
test_14,A3,test,14,115.5,1154,79.24626922607422,0.4076923131942749,0.6759698987007141,79.5,195.0,True,False,0.24337464570999146,47.458055913448334,GRU,1
test_14,A3,test,14,115.5999984741211,1155,79.24626922607422,0.40717950463294983,0.6748692393302917,79.4000015258789,195.0,True,False,0.2428286373615265,47.351584285497665,GRU,1
test_14,A3,test,14,115.69999694824219,1156,79.24626922607422,0.40666669607162476,0.6759698987007141,79.30000305175781,195.0,True,False,0.24127429723739624,47.04848796129227,GRU,1
test_14,A3,test,14,115.80000305175781,1157,79.24626922607422,0.4061538279056549,0.6759698987007141,79.19999694824219,195.0,True,False,0.2411024272441864,47.01497331261635,GRU,1
test_14,A3,test,14,115.9000015258789,1158,79.24626922607422,0.40564101934432983,0.6748692393302917,79.0999984741211,195.0,True,False,0.2415328025817871,47.098896503448486,GRU,1
test_14,A3,test,14,116.0,1159,79.24626922607422,0.40512821078300476,0.6750264167785645,79.0,195.0,True,False,0.24086445569992065,46.96856886148453,GRU,1
test_14,A3,test,14,116.0999984741211,1160,79.24626922607422,0.4046154022216797,0.6726675033569336,78.9000015258789,195.0,True,False,0.2427736520767212,47.34086215496063,GRU,1
test_14,A3,test,14,116.19999694824219,1161,79.24626922607422,0.4041025936603546,0.6726675033569336,78.80000305175781,195.0,True,False,0.24121320247650146,47.036574482917786,GRU,1
test_14,A3,test,14,116.30000305175781,1162,79.24626922607422,0.40358972549438477,0.670465886592865,78.69999694824219,195.0,True,False,0.24081039428710938,46.95802688598633,GRU,1
test_14,A3,test,14,116.4000015258789,1163,79.24626922607422,0.4030769169330597,0.670465886592865,78.5999984741211,195.0,True,False,0.2397981882095337,46.76064670085907,GRU,1
test_14,A3,test,14,116.5,1164,79.24626922607422,0.4025641083717346,0.6726675033569336,78.5,195.0,True,False,0.238408625125885,46.48968189954758,GRU,1
test_14,A3,test,14,116.5999984741211,1165,79.24626922607422,0.40205129981040955,0.670465886592865,78.4000015258789,195.0,True,False,0.24165600538253784,47.12292104959488,GRU,1
test_14,A3,test,14,116.69999694824219,1166,79.24626922607422,0.4015384912490845,0.6726675033569336,78.30000305175781,195.0,True,False,0.2397126853466034,46.74397364258766,GRU,1
test_14,A3,test,14,116.80000305175781,1167,79.24626922607422,0.4010256230831146,0.670465886592865,78.19999694824219,195.0,True,False,0.2413804531097412,47.069188356399536,GRU,1
test_14,A3,test,14,116.9000015258789,1168,79.24626922607422,0.40051281452178955,0.6759698987007141,78.0999984741211,195.0,True,False,0.2369847297668457,46.21202230453491,GRU,1
test_14,A3,test,14,117.0,1169,79.24626922607422,0.4000000059604645,0.684619128704071,78.0,195.0,True,False,0.2353648543357849,45.89614659547806,GRU,1
test_14,A3,test,14,117.0999984741211,1170,79.24626922607422,0.3994871973991394,0.6791151762008667,77.9000015258789,195.0,True,False,0.24407699704170227,47.59501442313194,GRU,1
test_14,A3,test,14,117.19999694824219,1171,79.24626922607422,0.39897438883781433,0.6791151762008667,77.80000305175781,195.0,True,False,0.24318575859069824,47.42122292518616,GRU,1
test_14,A3,test,14,117.30000305175781,1172,79.24626922607422,0.3984615206718445,0.6792723536491394,77.69999694824219,195.0,True,False,0.24343359470367432,47.46955096721649,GRU,1
test_14,A3,test,14,117.4000015258789,1173,79.24626922607422,0.3979487121105194,0.670465886592865,77.5999984741211,195.0,True,False,0.24656057357788086,48.07931184768677,GRU,1
test_14,A3,test,14,117.5,1174,79.24626922607422,0.39743590354919434,0.6660627722740173,77.5,195.0,True,False,0.2444893717765808,47.67542749643326,GRU,1
test_14,A3,test,14,117.5999984741211,1175,79.24626922607422,0.39692309498786926,0.659300684928894,77.4000015258789,195.0,True,False,0.24419057369232178,47.61716187000275,GRU,1
test_14,A3,test,14,117.69999694824219,1176,79.24626922607422,0.3964102864265442,0.6574137210845947,77.30000305175781,195.0,True,False,0.24068576097488403,46.93372339010239,GRU,1
test_14,A3,test,14,117.80000305175781,1177,79.24626922607422,0.39589741826057434,0.6574137210845947,77.19999694824219,195.0,True,False,0.2367672622203827,46.169616132974625,GRU,1
test_14,A3,test,14,117.9000015258789,1178,79.24626922607422,0.39538460969924927,0.6555265784263611,77.0999984741211,195.0,True,False,0.23609772324562073,46.03905603289604,GRU,1
test_14,A3,test,14,118.0,1179,79.24626922607422,0.3948718011379242,0.6498653888702393,77.0,195.0,True,False,0.2361021637916565,46.039921939373016,GRU,1
test_14,A3,test,14,118.0999984741211,1180,79.24626922607422,0.3943589925765991,0.6498653888702393,76.9000015258789,195.0,True,False,0.23128008842468262,45.09961724281311,GRU,1
test_14,A3,test,14,118.19999694824219,1181,79.24626922607422,0.39384618401527405,0.6487647294998169,76.80000305175781,195.0,True,False,0.23050445318222046,44.94836837053299,GRU,1
test_14,A3,test,14,118.30000305175781,1182,79.24626922607422,0.3933333158493042,0.6487647294998169,76.69999694824219,195.0,True,False,0.22799962759017944,44.45992738008499,GRU,1
test_14,A3,test,14,118.4000015258789,1183,79.24626922607422,0.3928205072879791,0.6498653888702393,76.5999984741211,195.0,True,False,0.22812625765800476,44.48462024331093,GRU,1
test_14,A3,test,14,118.5,1184,79.24626922607422,0.39230769872665405,0.6498653888702393,76.5,195.0,True,False,0.22743895649909973,44.35059651732445,GRU,1
test_14,A3,test,14,118.5999984741211,1185,79.24626922607422,0.391794890165329,0.6498653888702393,76.4000015258789,195.0,True,False,0.22708439826965332,44.2814576625824,GRU,1
test_14,A3,test,14,118.69999694824219,1186,79.24626922607422,0.3912820816040039,0.6487647294998169,76.30000305175781,195.0,True,False,0.2277330458164215,44.407943934202194,GRU,1
test_14,A3,test,14,118.80000305175781,1187,79.24626922607422,0.39076921343803406,0.6498653888702393,76.19999694824219,195.0,True,False,0.226240336894989,44.11686569452286,GRU,1
test_14,A3,test,14,118.9000015258789,1188,79.24626922607422,0.390256404876709,0.6498653888702393,76.0999984741211,195.0,True,False,0.2268531322479248,44.23636078834534,GRU,1
test_14,A3,test,14,119.0,1189,79.24626922607422,0.3897435963153839,0.6498653888702393,76.0,195.0,True,False,0.22827133536338806,44.51291039586067,GRU,1
test_14,A3,test,14,119.0999984741211,1190,79.24626922607422,0.3892307770557893,,75.9000015258789,195.0,False,True,,,GRU,1
test_14,A3,test,14,119.19999694824219,1191,79.24626922607422,0.3887179643679888,,75.80000305175781,195.0,False,True,,,GRU,1
test_14,A3,test,14,119.29999542236328,1192,79.24626922607422,0.3882051516801883,,75.70000457763672,195.0,False,True,,,GRU,1
test_14,A3,test,14,119.39999389648438,1193,79.24626922607422,0.3876923389923878,,75.60000610351562,195.0,False,True,,,GRU,1
test_14,A3,test,14,119.49999237060547,1194,79.24626922607422,0.38717952630458735,,75.50000762939453,195.0,False,True,,,GRU,1
test_14,A3,test,14,119.59999084472656,1195,79.24626922607422,0.38666671361678684,,75.40000915527344,195.0,False,True,,,GRU,1
test_14,A3,test,14,119.69998931884766,1196,79.24626922607422,0.3861539009289864,,75.30001068115234,195.0,False,True,,,GRU,1
test_14,A3,test,14,119.79998779296875,1197,79.24626922607422,0.38564108824118587,,75.20001220703125,195.0,False,True,,,GRU,1
test_14,A3,test,14,119.89998626708984,1198,79.24626922607422,0.3851282755533854,,75.10001373291016,195.0,False,True,,,GRU,1
test_14,A3,test,14,119.99998474121094,1199,79.24626922607422,0.38461546286558496,,75.00001525878906,195.0,False,True,,,GRU,1
test_14,A3,test,14,120.09998321533203,1200,79.24626922607422,0.38410265017778444,,74.90001678466797,195.0,False,True,,,GRU,1
test_14,A3,test,14,120.19998168945312,1201,79.24626922607422,0.383589837489984,,74.80001831054688,195.0,False,True,,,GRU,1
test_14,A3,test,14,120.29998016357422,1202,79.24626922607422,0.3830770248021835,,74.70001983642578,195.0,False,True,,,GRU,1
test_14,A3,test,14,120.39997863769531,1203,79.24626922607422,0.382564212114383,,74.60002136230469,195.0,False,True,,,GRU,1
test_14,A3,test,14,120.4999771118164,1204,79.24626922607422,0.3820513994265825,,74.5000228881836,195.0,False,True,,,GRU,1
test_14,A3,test,14,120.5999755859375,1205,79.24626922607422,0.38153858673878205,,74.4000244140625,195.0,False,True,,,GRU,1
test_14,A3,test,14,120.6999740600586,1206,79.24626922607422,0.3810257740509816,,74.3000259399414,195.0,False,True,,,GRU,1
test_14,A3,test,14,120.79997253417969,1207,79.24626922607422,0.3805129613631811,,74.20002746582031,195.0,False,True,,,GRU,1
test_14,A3,test,14,120.89997100830078,1208,79.24626922607422,0.3800001486753806,,74.10002899169922,195.0,False,True,,,GRU,1
test_14,A3,test,14,120.99996948242188,1209,79.24626922607422,0.3794873359875801,,74.00003051757812,195.0,False,True,,,GRU,1
test_14,A3,test,14,121.09996795654297,1210,79.24626922607422,0.37897452329977965,,73.90003204345703,195.0,False,True,,,GRU,1
test_14,A3,test,14,121.19996643066406,1211,79.24626922607422,0.37846171061197914,,73.80003356933594,195.0,False,True,,,GRU,1
test_14,A3,test,14,121.29996490478516,1212,79.24626922607422,0.3779488979241787,,73.70003509521484,195.0,False,True,,,GRU,1
test_14,A3,test,14,121.39996337890625,1213,79.24626922607422,0.3774360852363782,,73.60003662109375,195.0,False,True,,,GRU,1
test_14,A3,test,14,121.49996185302734,1214,79.24626922607422,0.3769232725485777,,73.50003814697266,195.0,False,True,,,GRU,1
test_14,A3,test,14,121.59996032714844,1215,79.24626922607422,0.37641045986077726,,73.40003967285156,195.0,False,True,,,GRU,1
test_14,A3,test,14,121.69995880126953,1216,79.24626922607422,0.37589764717297675,,73.30004119873047,195.0,False,True,,,GRU,1
test_14,A3,test,14,121.79995727539062,1217,79.24626922607422,0.3753848344851763,,73.20004272460938,195.0,False,True,,,GRU,1
test_14,A3,test,14,121.89995574951172,1218,79.24626922607422,0.3748720217973758,,73.10004425048828,195.0,False,True,,,GRU,1
test_14,A3,test,14,121.99995422363281,1219,79.24626922607422,0.3743592091095753,,73.00004577636719,195.0,False,True,,,GRU,1
test_14,A3,test,14,122.0999526977539,1220,79.24626922607422,0.37384639642177486,,72.9000473022461,195.0,False,True,,,GRU,1
test_14,A3,test,14,122.199951171875,1221,79.24626922607422,0.37333358373397435,,72.800048828125,195.0,False,True,,,GRU,1
test_14,A3,test,14,122.2999496459961,1222,79.24626922607422,0.3728207710461739,,72.7000503540039,195.0,False,True,,,GRU,1
test_14,A3,test,14,122.39994812011719,1223,79.24626922607422,0.3723079583583734,,72.60005187988281,195.0,False,True,,,GRU,1
test_14,A3,test,14,122.49994659423828,1224,79.24626922607422,0.3717951456705729,,72.50005340576172,195.0,False,True,,,GRU,1
test_14,A3,test,14,122.59994506835938,1225,79.24626922607422,0.3712823329827724,,72.40005493164062,195.0,False,True,,,GRU,1
test_14,A3,test,14,122.69994354248047,1226,79.24626922607422,0.37076952029497195,,72.30005645751953,195.0,False,True,,,GRU,1
test_14,A3,test,14,122.79994201660156,1227,79.24626922607422,0.3702567076071715,,72.20005798339844,195.0,False,True,,,GRU,1
test_14,A3,test,14,122.89994049072266,1228,79.24626922607422,0.369743894919371,,72.10005950927734,195.0,False,True,,,GRU,1
test_14,A3,test,14,122.99993896484375,1229,79.24626922607422,0.36923108223157053,,72.00006103515625,195.0,False,True,,,GRU,1
test_14,A3,test,14,123.09993743896484,1230,79.24626922607422,0.36871826954377,,71.90006256103516,195.0,False,True,,,GRU,1
test_14,A3,test,14,123.19993591308594,1231,79.24626922607422,0.36820545685596956,,71.80006408691406,195.0,False,True,,,GRU,1
test_14,A3,test,14,123.29993438720703,1232,79.24626922607422,0.36769264416816905,,71.70006561279297,195.0,False,True,,,GRU,1
test_14,A3,test,14,123.39993286132812,1233,79.24626922607422,0.3671798314803686,,71.60006713867188,195.0,False,True,,,GRU,1
test_14,A3,test,14,123.49993133544922,1234,79.24626922607422,0.36666701879256813,,71.50006866455078,195.0,False,True,,,GRU,1
test_14,A3,test,14,123.59992980957031,1235,79.24626922607422,0.3661542061047676,,71.40007019042969,195.0,False,True,,,GRU,1
test_14,A3,test,14,123.6999282836914,1236,79.24626922607422,0.36564139341696716,,71.3000717163086,195.0,False,True,,,GRU,1
test_14,A3,test,14,123.7999267578125,1237,79.24626922607422,0.36512858072916665,,71.2000732421875,195.0,False,True,,,GRU,1
test_14,A3,test,14,123.8999252319336,1238,79.24626922607422,0.3646157680413662,,71.1000747680664,195.0,False,True,,,GRU,1
test_14,A3,test,14,123.99992370605469,1239,79.24626922607422,0.3641029553535657,,71.00007629394531,195.0,False,True,,,GRU,1
test_14,A3,test,14,124.09992218017578,1240,79.24626922607422,0.3635901426657652,,70.90007781982422,195.0,False,True,,,GRU,1
test_14,A3,test,14,124.19992065429688,1241,79.24626922607422,0.36307732997796477,,70.80007934570312,195.0,False,True,,,GRU,1
test_14,A3,test,14,124.29991912841797,1242,79.24626922607422,0.36256451729016426,,70.70008087158203,195.0,False,True,,,GRU,1
test_14,A3,test,14,124.39991760253906,1243,79.24626922607422,0.3620517046023638,,70.60008239746094,195.0,False,True,,,GRU,1
test_14,A3,test,14,124.49991607666016,1244,79.24626922607422,0.3615388919145633,,70.50008392333984,195.0,False,True,,,GRU,1
test_14,A3,test,14,124.59991455078125,1245,79.24626922607422,0.36102607922676283,,70.40008544921875,195.0,False,True,,,GRU,1
test_14,A3,test,14,124.69991302490234,1246,79.24626922607422,0.3605132665389623,,70.30008697509766,195.0,False,True,,,GRU,1
test_14,A3,test,14,124.79991149902344,1247,79.24626922607422,0.36000045385116186,,70.20008850097656,195.0,False,True,,,GRU,1
test_14,A3,test,14,124.89990997314453,1248,79.24626922607422,0.3594876411633614,,70.10009002685547,195.0,False,True,,,GRU,1
test_14,A3,test,14,124.99990844726562,1249,79.24626922607422,0.3589748284755609,,70.00009155273438,195.0,False,True,,,GRU,1
test_14,A3,test,14,125.09990692138672,1250,79.24626922607422,0.35846201578776044,,69.90009307861328,195.0,False,True,,,GRU,1
test_14,A3,test,14,125.19990539550781,1251,79.24626922607422,0.3579492030999599,,69.80009460449219,195.0,False,True,,,GRU,1
test_14,A3,test,14,125.2999038696289,1252,79.24626922607422,0.35743639041215947,,69.7000961303711,195.0,False,True,,,GRU,1
test_14,A3,test,14,125.39990234375,1253,79.24626922607422,0.35692357772435895,,69.60009765625,195.0,False,True,,,GRU,1
test_14,A3,test,14,125.4999008178711,1254,79.24626922607422,0.3564107650365585,,69.5000991821289,195.0,False,True,,,GRU,1
test_14,A3,test,14,125.59989929199219,1255,79.24626922607422,0.35589795234875804,,69.40010070800781,195.0,False,True,,,GRU,1
test_14,A3,test,14,125.69989776611328,1256,79.24626922607422,0.3553851396609575,,69.30010223388672,195.0,False,True,,,GRU,1
test_14,A3,test,14,125.79989624023438,1257,79.24626922607422,0.35487232697315707,,69.20010375976562,195.0,False,True,,,GRU,1
test_14,A3,test,14,125.89989471435547,1258,79.24626922607422,0.35435951428535656,,69.10010528564453,195.0,False,True,,,GRU,1
test_14,A3,test,14,125.99989318847656,1259,79.24626922607422,0.3538467015975561,,69.00010681152344,195.0,False,True,,,GRU,1
test_14,A3,test,14,126.09989166259766,1260,79.24626922607422,0.3533338889097556,,68.90010833740234,195.0,False,True,,,GRU,1
test_14,A3,test,14,126.19989013671875,1261,79.24626922607422,0.35282107622195513,,68.80010986328125,195.0,False,True,,,GRU,1
test_14,A3,test,14,126.29988861083984,1262,79.24626922607422,0.3523082635341546,,68.70011138916016,195.0,False,True,,,GRU,1
test_14,A3,test,14,126.39988708496094,1263,79.24626922607422,0.35179545084635416,,68.60011291503906,195.0,False,True,,,GRU,1
test_14,A3,test,14,126.49988555908203,1264,79.24626922607422,0.3512826381585537,,68.50011444091797,195.0,False,True,,,GRU,1
test_14,A3,test,14,126.59988403320312,1265,79.24626922607422,0.3507698254707532,,68.40011596679688,195.0,False,True,,,GRU,1
test_14,A3,test,14,126.69988250732422,1266,79.24626922607422,0.35025701278295274,,68.30011749267578,195.0,False,True,,,GRU,1
test_14,A3,test,14,126.79988098144531,1267,79.24626922607422,0.3497442000951522,,68.20011901855469,195.0,False,True,,,GRU,1
test_14,A3,test,14,126.8998794555664,1268,79.24626922607422,0.34923138740735177,,68.1001205444336,195.0,False,True,,,GRU,1
test_14,A3,test,14,126.9998779296875,1269,79.24626922607422,0.34871857471955126,,68.0001220703125,195.0,False,True,,,GRU,1
test_14,A3,test,14,127.0998764038086,1270,79.24626922607422,0.3482057620317508,,67.9001235961914,195.0,False,True,,,GRU,1
test_14,A3,test,14,127.19987487792969,1271,79.24626922607422,0.34769294934395034,,67.80012512207031,195.0,False,True,,,GRU,1
test_14,A3,test,14,127.29987335205078,1272,79.24626922607422,0.34718013665614983,,67.70012664794922,195.0,False,True,,,GRU,1
test_14,A3,test,14,127.39987182617188,1273,79.24626922607422,0.3466673239683494,,67.60012817382812,195.0,False,True,,,GRU,1
test_14,A3,test,14,127.49987030029297,1274,79.24626922607422,0.34615451128054886,,67.50012969970703,195.0,False,True,,,GRU,1
test_14,A3,test,14,127.59986877441406,1275,79.24626922607422,0.3456416985927484,,67.40013122558594,195.0,False,True,,,GRU,1
test_14,A3,test,14,127.69986724853516,1276,79.24626922607422,0.3451288859049479,,67.30013275146484,195.0,False,True,,,GRU,1
test_14,A3,test,14,127.79986572265625,1277,79.24626922607422,0.34461607321714743,,67.20013427734375,195.0,False,True,,,GRU,1
test_14,A3,test,14,127.89986419677734,1278,79.24626922607422,0.344103260529347,,67.10013580322266,195.0,False,True,,,GRU,1
test_14,A3,test,14,127.99986267089844,1279,79.24626922607422,0.34359044784154646,,67.00013732910156,195.0,False,True,,,GRU,1
test_14,A3,test,14,128.099853515625,1280,79.24626922607422,0.34307767427884617,,66.900146484375,195.0,False,True,,,GRU,1
test_14,A3,test,14,128.19985961914062,1281,79.24626922607422,0.3425648224659455,,66.80014038085938,195.0,False,True,,,GRU,1
test_14,A3,test,14,128.29986572265625,1282,79.24626922607422,0.3420519706530449,,66.70013427734375,195.0,False,True,,,GRU,1
test_14,A3,test,14,128.3998565673828,1283,79.24626922607422,0.3415391970903445,,66.60014343261719,195.0,False,True,,,GRU,1
test_14,A3,test,14,128.49984741210938,1284,79.24626922607422,0.34102642352764423,,66.50015258789062,195.0,False,True,,,GRU,1
test_14,A3,test,14,128.599853515625,1285,79.24626922607422,0.3405135717147436,,66.400146484375,195.0,False,True,,,GRU,1
test_14,A3,test,14,128.69985961914062,1286,79.24626922607422,0.34000071990184294,,66.30014038085938,195.0,False,True,,,GRU,1
test_14,A3,test,14,128.7998504638672,1287,79.24626922607422,0.33948794633914264,,66.20014953613281,195.0,False,True,,,GRU,1
test_14,A3,test,14,128.89984130859375,1288,79.24626922607422,0.3389751727764423,,66.10015869140625,195.0,False,True,,,GRU,1
test_14,A3,test,14,128.99984741210938,1289,79.24626922607422,0.3384623209635417,,66.00015258789062,195.0,False,True,,,GRU,1
test_14,A3,test,14,129.099853515625,1290,79.24626922607422,0.337949469150641,,65.900146484375,195.0,False,True,,,GRU,1
test_14,A3,test,14,129.19984436035156,1291,79.24626922607422,0.3374366955879407,,65.80015563964844,195.0,False,True,,,GRU,1
test_14,A3,test,14,129.29983520507812,1292,79.24626922607422,0.3369239220252404,,65.70016479492188,195.0,False,True,,,GRU,1
test_14,A3,test,14,129.39984130859375,1293,79.24626922607422,0.33641107021233974,,65.60015869140625,195.0,False,True,,,GRU,1
test_14,A3,test,14,129.49984741210938,1294,79.24626922607422,0.3358982183994391,,65.50015258789062,195.0,False,True,,,GRU,1
test_14,A3,test,14,129.59983825683594,1295,79.24626922607422,0.33538544483673877,,65.40016174316406,195.0,False,True,,,GRU,1
test_14,A3,test,14,129.6998291015625,1296,79.24626922607422,0.33487267127403847,,65.3001708984375,195.0,False,True,,,GRU,1
test_14,A3,test,14,129.79983520507812,1297,79.24626922607422,0.3343598194611378,,65.20016479492188,195.0,False,True,,,GRU,1
test_14,A3,test,14,129.89984130859375,1298,79.24626922607422,0.3338469676482372,,65.10015869140625,195.0,False,True,,,GRU,1
test_14,A3,test,14,129.9998321533203,1299,79.24626922607422,0.3333341940855369,,65.00016784667969,195.0,False,True,,,GRU,1
test_14,A3,test,14,130.09982299804688,1300,79.24626922607422,0.33282142052283653,,64.90017700195312,195.0,False,True,,,GRU,1
test_14,A3,test,14,130.1998291015625,1301,79.24626922607422,0.3323085687099359,,64.8001708984375,195.0,False,True,,,GRU,1
test_14,A3,test,14,130.29983520507812,1302,79.24626922607422,0.33179571689703524,,64.70016479492188,195.0,False,True,,,GRU,1
test_14,A3,test,14,130.3998260498047,1303,79.24626922607422,0.33128294333433495,,64.60017395019531,195.0,False,True,,,GRU,1
test_14,A3,test,14,130.49981689453125,1304,79.24626922607422,0.3307701697716346,,64.50018310546875,195.0,False,True,,,GRU,1
test_14,A3,test,14,130.59982299804688,1305,79.24626922607422,0.330257317958734,,64.40017700195312,195.0,False,True,,,GRU,1
test_14,A3,test,14,130.6998291015625,1306,79.24626922607422,0.32974446614583336,,64.3001708984375,195.0,False,True,,,GRU,1
test_14,A3,test,14,130.79981994628906,1307,79.24626922607422,0.329231692583133,,64.20018005371094,195.0,False,True,,,GRU,1
test_14,A3,test,14,130.89981079101562,1308,79.24626922607422,0.3287189190204327,,64.10018920898438,195.0,False,True,,,GRU,1
test_14,A3,test,14,130.99981689453125,1309,79.24626922607422,0.32820606720753204,,64.00018310546875,195.0,False,True,,,GRU,1
test_14,A3,test,14,131.09982299804688,1310,79.24626922607422,0.3276932153946314,,63.900177001953125,195.0,False,True,,,GRU,1
test_14,A3,test,14,131.19981384277344,1311,79.24626922607422,0.32718044183193107,,63.80018615722656,195.0,False,True,,,GRU,1
test_14,A3,test,14,131.2998046875,1312,79.24626922607422,0.32666766826923077,,63.7001953125,195.0,False,True,,,GRU,1
test_14,A3,test,14,131.39981079101562,1313,79.24626922607422,0.32615481645633015,,63.600189208984375,195.0,False,True,,,GRU,1
test_14,A3,test,14,131.49981689453125,1314,79.24626922607422,0.3256419646434295,,63.50018310546875,195.0,False,True,,,GRU,1
test_14,A3,test,14,131.5998077392578,1315,79.24626922607422,0.3251291910807292,,63.40019226074219,195.0,False,True,,,GRU,1
test_14,A3,test,14,131.69979858398438,1316,79.24626922607422,0.32461641751802883,,63.300201416015625,195.0,False,True,,,GRU,1
test_14,A3,test,14,131.7998046875,1317,79.24626922607422,0.3241035657051282,,63.2001953125,195.0,False,True,,,GRU,1
test_14,A3,test,14,131.89981079101562,1318,79.24626922607422,0.32359071389222754,,63.100189208984375,195.0,False,True,,,GRU,1
test_14,A3,test,14,131.9998016357422,1319,79.24626922607422,0.32307794032952725,,63.00019836425781,195.0,False,True,,,GRU,1
test_14,A3,test,14,132.09979248046875,1320,79.24626922607422,0.32256516676682695,,62.90020751953125,195.0,False,True,,,GRU,1
test_14,A3,test,14,132.19979858398438,1321,79.24626922607422,0.3220523149539263,,62.800201416015625,195.0,False,True,,,GRU,1
test_14,A3,test,14,132.2998046875,1322,79.24626922607422,0.32153946314102566,,62.7001953125,195.0,False,True,,,GRU,1
test_14,A3,test,14,132.39979553222656,1323,79.24626922607422,0.3210266895783253,,62.60020446777344,195.0,False,True,,,GRU,1
test_14,A3,test,14,132.49978637695312,1324,79.24626922607422,0.320513916015625,,62.500213623046875,195.0,False,True,,,GRU,1
test_14,A3,test,14,132.59979248046875,1325,79.24626922607422,0.32000106420272434,,62.40020751953125,195.0,False,True,,,GRU,1
test_14,A3,test,14,132.69979858398438,1326,79.24626922607422,0.3194882123898237,,62.300201416015625,195.0,False,True,,,GRU,1
test_14,A3,test,14,132.79978942871094,1327,79.24626922607422,0.31897543882712337,,62.20021057128906,195.0,False,True,,,GRU,1
test_14,A3,test,14,132.8997802734375,1328,79.24626922607422,0.3184626652644231,,62.1002197265625,195.0,False,True,,,GRU,1
test_14,A3,test,14,132.99978637695312,1329,79.24626922607422,0.31794981345152246,,62.000213623046875,195.0,False,True,,,GRU,1
test_14,A3,test,14,133.09979248046875,1330,79.24626922607422,0.3174369616386218,,61.90020751953125,195.0,False,True,,,GRU,1
test_14,A3,test,14,133.1997833251953,1331,79.24626922607422,0.3169241880759215,,61.80021667480469,195.0,False,True,,,GRU,1
test_14,A3,test,14,133.29977416992188,1332,79.24626922607422,0.31641141451322113,,61.700225830078125,195.0,False,True,,,GRU,1
test_14,A3,test,14,133.3997802734375,1333,79.24626922607422,0.3158985627003205,,61.6002197265625,195.0,False,True,,,GRU,1
test_14,A3,test,14,133.49978637695312,1334,79.24626922607422,0.31538571088741985,,61.500213623046875,195.0,False,True,,,GRU,1
test_14,A3,test,14,133.5997772216797,1335,79.24626922607422,0.31487293732471955,,61.40022277832031,195.0,False,True,,,GRU,1
test_14,A3,test,14,133.69976806640625,1336,79.24626922607422,0.31436016376201925,,61.30023193359375,195.0,False,True,,,GRU,1
test_14,A3,test,14,133.79977416992188,1337,79.24626922607422,0.3138473119491186,,61.200225830078125,195.0,False,True,,,GRU,1
test_14,A3,test,14,133.8997802734375,1338,79.24626922607422,0.31333446013621796,,61.1002197265625,195.0,False,True,,,GRU,1
test_14,A3,test,14,133.99977111816406,1339,79.24626922607422,0.3128216865735176,,61.00022888183594,195.0,False,True,,,GRU,1
test_14,A3,test,14,134.09976196289062,1340,79.24626922607422,0.3123089130108173,,60.900238037109375,195.0,False,True,,,GRU,1
test_14,A3,test,14,134.19976806640625,1341,79.24626922607422,0.31179606119791664,,60.80023193359375,195.0,False,True,,,GRU,1
test_14,A3,test,14,134.29977416992188,1342,79.24626922607422,0.311283209385016,,60.700225830078125,195.0,False,True,,,GRU,1
test_14,A3,test,14,134.39976501464844,1343,79.24626922607422,0.3107704358223157,,60.60023498535156,195.0,False,True,,,GRU,1
test_14,A3,test,14,134.499755859375,1344,79.24626922607422,0.3102576622596154,,60.500244140625,195.0,False,True,,,GRU,1
test_14,A3,test,14,134.59976196289062,1345,79.24626922607422,0.30974481044671476,,60.400238037109375,195.0,False,True,,,GRU,1
test_14,A3,test,14,134.69976806640625,1346,79.24626922607422,0.3092319586338141,,60.30023193359375,195.0,False,True,,,GRU,1
test_14,A3,test,14,134.7997589111328,1347,79.24626922607422,0.3087191850711138,,60.20024108886719,195.0,False,True,,,GRU,1
test_14,A3,test,14,134.89974975585938,1348,79.24626922607422,0.30820641150841344,,60.100250244140625,195.0,False,True,,,GRU,1
test_14,A3,test,14,134.999755859375,1349,79.24626922607422,0.3076935596955128,,60.000244140625,195.0,False,True,,,GRU,1
test_14,A3,test,14,135.09976196289062,1350,79.24626922607422,0.3071807078826122,,59.900238037109375,195.0,False,True,,,GRU,1
test_14,A3,test,14,135.1997528076172,1351,79.24626922607422,0.30666793431991185,,59.80024719238281,195.0,False,True,,,GRU,1
test_14,A3,test,14,135.29974365234375,1352,79.24626922607422,0.30615516075721155,,59.70025634765625,195.0,False,True,,,GRU,1
test_14,A3,test,14,135.39974975585938,1353,79.24626922607422,0.3056423089443109,,59.600250244140625,195.0,False,True,,,GRU,1
test_14,A3,test,14,135.499755859375,1354,79.24626922607422,0.30512945713141026,,59.500244140625,195.0,False,True,,,GRU,1
test_14,A3,test,14,135.59974670410156,1355,79.24626922607422,0.3046166835687099,,59.40025329589844,195.0,False,True,,,GRU,1
test_14,A3,test,14,135.69973754882812,1356,79.24626922607422,0.3041039100060096,,59.300262451171875,195.0,False,True,,,GRU,1
test_14,A3,test,14,135.79974365234375,1357,79.24626922607422,0.303591058193109,,59.20025634765625,195.0,False,True,,,GRU,1
test_14,A3,test,14,135.89974975585938,1358,79.24626922607422,0.3030782063802083,,59.100250244140625,195.0,False,True,,,GRU,1
test_14,A3,test,14,135.99974060058594,1359,79.24626922607422,0.30256543281750803,,59.00025939941406,195.0,False,True,,,GRU,1
test_14,A3,test,14,136.0997314453125,1360,79.24626922607422,0.3020526592548077,,58.9002685546875,195.0,False,True,,,GRU,1
test_14,A3,test,14,136.19973754882812,1361,79.24626922607422,0.30153980744190706,,58.800262451171875,195.0,False,True,,,GRU,1
test_14,A3,test,14,136.29974365234375,1362,79.24626922607422,0.3010269556290064,,58.70025634765625,195.0,False,True,,,GRU,1
test_14,A3,test,14,136.3997344970703,1363,79.24626922607422,0.3005141820663061,,58.60026550292969,195.0,False,True,,,GRU,1
test_14,A3,test,14,136.49972534179688,1364,79.24626922607422,0.3000014085036058,,58.500274658203125,195.0,False,True,,,GRU,1
test_14,A3,test,14,136.5997314453125,1365,79.24626922607422,0.2994885566907051,,58.4002685546875,195.0,False,True,,,GRU,1
test_14,A3,test,14,136.69973754882812,1366,79.24626922607422,0.2989757048778045,,58.300262451171875,195.0,False,True,,,GRU,1
test_14,A3,test,14,136.7997283935547,1367,79.24626922607422,0.29846293131510415,,58.20027160644531,195.0,False,True,,,GRU,1
test_14,A3,test,14,136.89971923828125,1368,79.24626922607422,0.29795015775240385,,58.10028076171875,195.0,False,True,,,GRU,1
test_14,A3,test,14,136.99972534179688,1369,79.24626922607422,0.2974373059395032,,58.000274658203125,195.0,False,True,,,GRU,1
test_14,A3,test,14,137.0997314453125,1370,79.24626922607422,0.29692445412660257,,57.9002685546875,195.0,False,True,,,GRU,1
test_14,A3,test,14,137.19972229003906,1371,79.24626922607422,0.29641168056390227,,57.80027770996094,195.0,False,True,,,GRU,1
test_14,A3,test,14,137.29971313476562,1372,79.24626922607422,0.2958989070012019,,57.700286865234375,195.0,False,True,,,GRU,1
test_14,A3,test,14,137.39971923828125,1373,79.24626922607422,0.2953860551883013,,57.60028076171875,195.0,False,True,,,GRU,1
test_14,A3,test,14,137.49972534179688,1374,79.24626922607422,0.2948732033754006,,57.500274658203125,195.0,False,True,,,GRU,1
test_14,A3,test,14,137.59971618652344,1375,79.24626922607422,0.29436042981270033,,57.40028381347656,195.0,False,True,,,GRU,1
test_14,A3,test,14,137.69970703125,1376,79.24626922607422,0.29384765625,,57.30029296875,195.0,False,True,,,GRU,1
test_14,A3,test,14,137.79971313476562,1377,79.24626922607422,0.29333480443709936,,57.200286865234375,195.0,False,True,,,GRU,1
test_14,A3,test,14,137.89971923828125,1378,79.24626922607422,0.29282195262419874,,57.10028076171875,195.0,False,True,,,GRU,1
test_14,A3,test,14,137.9997100830078,1379,79.24626922607422,0.2923091790614984,,57.00028991699219,195.0,False,True,,,GRU,1
test_14,A3,test,14,138.09970092773438,1380,79.24626922607422,0.2917964054987981,,56.900299072265625,195.0,False,True,,,GRU,1
test_14,A3,test,14,138.19970703125,1381,79.24626922607422,0.2912835536858974,,56.80029296875,195.0,False,True,,,GRU,1
test_14,A3,test,14,138.29971313476562,1382,79.24626922607422,0.2907707018729968,,56.700286865234375,195.0,False,True,,,GRU,1
test_14,A3,test,14,138.3997039794922,1383,79.24626922607422,0.29025792831029645,,56.60029602050781,195.0,False,True,,,GRU,1
test_14,A3,test,14,138.49969482421875,1384,79.24626922607422,0.28974515474759616,,56.50030517578125,195.0,False,True,,,GRU,1
test_14,A3,test,14,138.59970092773438,1385,79.24626922607422,0.28923230293469554,,56.400299072265625,195.0,False,True,,,GRU,1
test_14,A3,test,14,138.69970703125,1386,79.24626922607422,0.28871945112179487,,56.30029296875,195.0,False,True,,,GRU,1
test_14,A3,test,14,138.79969787597656,1387,79.24626922607422,0.28820667755909457,,56.20030212402344,195.0,False,True,,,GRU,1
test_14,A3,test,14,138.89968872070312,1388,79.24626922607422,0.2876939039963942,,56.100311279296875,195.0,False,True,,,GRU,1
test_14,A3,test,14,138.99969482421875,1389,79.24626922607422,0.2871810521834936,,56.00030517578125,195.0,False,True,,,GRU,1
test_14,A3,test,14,139.09970092773438,1390,79.24626922607422,0.28666820037059293,,55.900299072265625,195.0,False,True,,,GRU,1
test_14,A3,test,14,139.19969177246094,1391,79.24626922607422,0.28615542680789263,,55.80030822753906,195.0,False,True,,,GRU,1
test_14,A3,test,14,139.2996826171875,1392,79.24626922607422,0.28564265324519234,,55.7003173828125,195.0,False,True,,,GRU,1
test_14,A3,test,14,139.39968872070312,1393,79.24626922607422,0.28512980143229166,,55.600311279296875,195.0,False,True,,,GRU,1
test_14,A3,test,14,139.49969482421875,1394,79.24626922607422,0.28461694961939105,,55.50030517578125,195.0,False,True,,,GRU,1
test_14,A3,test,14,139.5996856689453,1395,79.24626922607422,0.2841041760566907,,55.40031433105469,195.0,False,True,,,GRU,1
test_14,A3,test,14,139.69967651367188,1396,79.24626922607422,0.2835914024939904,,55.300323486328125,195.0,False,True,,,GRU,1
test_14,A3,test,14,139.7996826171875,1397,79.24626922607422,0.2830785506810897,,55.2003173828125,195.0,False,True,,,GRU,1
test_14,A3,test,14,139.89968872070312,1398,79.24626922607422,0.2825656988681891,,55.100311279296875,195.0,False,True,,,GRU,1
test_14,A3,test,14,139.9996795654297,1399,79.24626922607422,0.28205292530548876,,55.00032043457031,195.0,False,True,,,GRU,1
test_14,A3,test,14,140.09967041015625,1400,79.24626922607422,0.28154015174278846,,54.90032958984375,195.0,False,True,,,GRU,1
test_14,A3,test,14,140.19967651367188,1401,79.24626922607422,0.28102729992988784,,54.800323486328125,195.0,False,True,,,GRU,1
test_14,A3,test,14,140.2996826171875,1402,79.24626922607422,0.28051444811698717,,54.7003173828125,195.0,False,True,,,GRU,1
test_14,A3,test,14,140.39967346191406,1403,79.24626922607422,0.2800016745542869,,54.60032653808594,195.0,False,True,,,GRU,1
test_14,A3,test,14,140.49966430664062,1404,79.24626922607422,0.2794889009915865,,54.500335693359375,195.0,False,True,,,GRU,1
test_14,A3,test,14,140.59967041015625,1405,79.24626922607422,0.2789760491786859,,54.40032958984375,195.0,False,True,,,GRU,1
test_14,A3,test,14,140.69967651367188,1406,79.24626922607422,0.27846319736578523,,54.300323486328125,195.0,False,True,,,GRU,1
test_14,A3,test,14,140.79966735839844,1407,79.24626922607422,0.27795042380308493,,54.20033264160156,195.0,False,True,,,GRU,1
test_14,A3,test,14,140.899658203125,1408,79.24626922607422,0.27743765024038464,,54.100341796875,195.0,False,True,,,GRU,1
test_14,A3,test,14,140.99966430664062,1409,79.24626922607422,0.27692479842748396,,54.000335693359375,195.0,False,True,,,GRU,1
test_14,A3,test,14,141.09967041015625,1410,79.24626922607422,0.27641194661458335,,53.90032958984375,195.0,False,True,,,GRU,1
test_14,A3,test,14,141.1996612548828,1411,79.24626922607422,0.275899173051883,,53.80033874511719,195.0,False,True,,,GRU,1
test_14,A3,test,14,141.29965209960938,1412,79.24626922607422,0.2753863994891827,,53.700347900390625,195.0,False,True,,,GRU,1
test_14,A3,test,14,141.399658203125,1413,79.24626922607422,0.274873547676282,,53.600341796875,195.0,False,True,,,GRU,1
test_14,A3,test,14,141.49966430664062,1414,79.24626922607422,0.2743606958633814,,53.500335693359375,195.0,False,True,,,GRU,1
test_14,A3,test,14,141.5996551513672,1415,79.24626922607422,0.2738479223006811,,53.40034484863281,195.0,False,True,,,GRU,1
test_14,A3,test,14,141.69964599609375,1416,79.24626922607422,0.27333514873798076,,53.30035400390625,195.0,False,True,,,GRU,1
test_14,A3,test,14,141.79965209960938,1417,79.24626922607422,0.27282229692508014,,53.200347900390625,195.0,False,True,,,GRU,1
test_14,A3,test,14,141.899658203125,1418,79.24626922607422,0.27230944511217947,,53.100341796875,195.0,False,True,,,GRU,1
test_14,A3,test,14,141.99964904785156,1419,79.24626922607422,0.2717966715494792,,53.00035095214844,195.0,False,True,,,GRU,1
test_14,A3,test,14,142.09963989257812,1420,79.24626922607422,0.2712838979867788,,52.900360107421875,195.0,False,True,,,GRU,1
test_14,A3,test,14,142.19964599609375,1421,79.24626922607422,0.2707710461738782,,52.80035400390625,195.0,False,True,,,GRU,1
test_14,A3,test,14,142.29965209960938,1422,79.24626922607422,0.2702581943609776,,52.700347900390625,195.0,False,True,,,GRU,1
test_14,A3,test,14,142.39964294433594,1423,79.24626922607422,0.26974542079827724,,52.60035705566406,195.0,False,True,,,GRU,1
test_14,A3,test,14,142.4996337890625,1424,79.24626922607422,0.26923264723557694,,52.5003662109375,195.0,False,True,,,GRU,1
test_14,A3,test,14,142.59963989257812,1425,79.24626922607422,0.26871979542267627,,52.400360107421875,195.0,False,True,,,GRU,1
test_14,A3,test,14,142.69964599609375,1426,79.24626922607422,0.26820694360977565,,52.30035400390625,195.0,False,True,,,GRU,1
test_14,A3,test,14,142.7996368408203,1427,79.24626922607422,0.2676941700470753,,52.20036315917969,195.0,False,True,,,GRU,1
test_14,A3,test,14,142.89962768554688,1428,79.24626922607422,0.267181396484375,,52.100372314453125,195.0,False,True,,,GRU,1
test_14,A3,test,14,142.9996337890625,1429,79.24626922607422,0.2666685446714744,,52.0003662109375,195.0,False,True,,,GRU,1
test_14,A3,test,14,143.09963989257812,1430,79.24626922607422,0.2661556928585737,,51.900360107421875,195.0,False,True,,,GRU,1
test_14,A3,test,14,143.1996307373047,1431,79.24626922607422,0.2656429192958734,,51.80036926269531,195.0,False,True,,,GRU,1
test_14,A3,test,14,143.29962158203125,1432,79.24626922607422,0.26513014573317306,,51.70037841796875,195.0,False,True,,,GRU,1
test_14,A3,test,14,143.39962768554688,1433,79.24626922607422,0.26461729392027245,,51.600372314453125,195.0,False,True,,,GRU,1
test_14,A3,test,14,143.4996337890625,1434,79.24626922607422,0.2641044421073718,,51.5003662109375,195.0,False,True,,,GRU,1
test_14,A3,test,14,143.59962463378906,1435,79.24626922607422,0.2635916685446715,,51.40037536621094,195.0,False,True,,,GRU,1
test_14,A3,test,14,143.69961547851562,1436,79.24626922607422,0.2630788949819712,,51.300384521484375,195.0,False,True,,,GRU,1
test_14,A3,test,14,143.79962158203125,1437,79.24626922607422,0.2625660431690705,,51.20037841796875,195.0,False,True,,,GRU,1
test_14,A3,test,14,143.89962768554688,1438,79.24626922607422,0.2620531913561699,,51.100372314453125,195.0,False,True,,,GRU,1
test_14,A3,test,14,143.99961853027344,1439,79.24626922607422,0.26154041779346954,,51.00038146972656,195.0,False,True,,,GRU,1
test_14,A3,test,14,144.099609375,1440,79.24626922607422,0.26102764423076924,,50.900390625,195.0,False,True,,,GRU,1
test_14,A3,test,14,144.19961547851562,1441,79.24626922607422,0.26051479241786857,,50.800384521484375,195.0,False,True,,,GRU,1
test_14,A3,test,14,144.29962158203125,1442,79.24626922607422,0.26000194060496795,,50.70037841796875,195.0,False,True,,,GRU,1
test_14,A3,test,14,144.3996124267578,1443,79.24626922607422,0.25948916704226765,,50.60038757324219,195.0,False,True,,,GRU,1
test_14,A3,test,14,144.49960327148438,1444,79.24626922607422,0.2589763934795673,,50.500396728515625,195.0,False,True,,,GRU,1
test_14,A3,test,14,144.599609375,1445,79.24626922607422,0.2584635416666667,,50.400390625,195.0,False,True,,,GRU,1
test_14,A3,test,14,144.69961547851562,1446,79.24626922607422,0.257950689853766,,50.300384521484375,195.0,False,True,,,GRU,1
test_14,A3,test,14,144.7996063232422,1447,79.24626922607422,0.2574379162910657,,50.20039367675781,195.0,False,True,,,GRU,1
test_14,A3,test,14,144.89959716796875,1448,79.24626922607422,0.25692514272836536,,50.10040283203125,195.0,False,True,,,GRU,1
test_14,A3,test,14,144.99960327148438,1449,79.24626922607422,0.25641229091546475,,50.000396728515625,195.0,False,True,,,GRU,1
test_14,A3,test,14,145.099609375,1450,79.24626922607422,0.25589943910256413,,49.900390625,195.0,False,True,,,GRU,1
test_14,A3,test,14,145.19960021972656,1451,79.24626922607422,0.2553866655398638,,49.80039978027344,195.0,False,True,,,GRU,1
test_14,A3,test,14,145.29959106445312,1452,79.24626922607422,0.2548738919771635,,49.700408935546875,195.0,False,True,,,GRU,1
test_14,A3,test,14,145.39959716796875,1453,79.24626922607422,0.2543610401642628,,49.60040283203125,195.0,False,True,,,GRU,1
test_14,A3,test,14,145.49960327148438,1454,79.24626922607422,0.2538481883513622,,49.500396728515625,195.0,False,True,,,GRU,1
test_14,A3,test,14,145.59959411621094,1455,79.24626922607422,0.25333541478866184,,49.40040588378906,195.0,False,True,,,GRU,1
test_14,A3,test,14,145.6995849609375,1456,79.24626922607422,0.25282264122596154,,49.3004150390625,195.0,False,True,,,GRU,1
test_14,A3,test,14,145.79959106445312,1457,79.24626922607422,0.25230978941306087,,49.200408935546875,195.0,False,True,,,GRU,1
test_14,A3,test,14,145.89959716796875,1458,79.24626922607422,0.25179693760016025,,49.10040283203125,195.0,False,True,,,GRU,1
test_14,A3,test,14,145.9995880126953,1459,79.24626922607422,0.25128416403745996,,49.00041198730469,195.0,False,True,,,GRU,1
test_14,A3,test,14,146.09957885742188,1460,79.24626922607422,0.2507713904747596,,48.900421142578125,195.0,False,True,,,GRU,1
test_14,A3,test,14,146.1995849609375,1461,79.24626922607422,0.250258538661859,,48.8004150390625,195.0,False,True,,,GRU,1
test_14,A3,test,14,146.29959106445312,1462,79.24626922607422,0.24974568684895834,,48.700408935546875,195.0,False,True,,,GRU,1
test_14,A3,test,14,146.3995819091797,1463,79.24626922607422,0.24923291328625802,,48.60041809082031,195.0,False,True,,,GRU,1
test_14,A3,test,14,146.49957275390625,1464,79.24626922607422,0.2487201397235577,,48.50042724609375,195.0,False,True,,,GRU,1
test_14,A3,test,14,146.59957885742188,1465,79.24626922607422,0.24820728791065705,,48.400421142578125,195.0,False,True,,,GRU,1
test_14,A3,test,14,146.6995849609375,1466,79.24626922607422,0.2476944360977564,,48.3004150390625,195.0,False,True,,,GRU,1
test_14,A3,test,14,146.79957580566406,1467,79.24626922607422,0.24718166253505608,,48.20042419433594,195.0,False,True,,,GRU,1
test_14,A3,test,14,146.89956665039062,1468,79.24626922607422,0.24666888897235578,,48.100433349609375,195.0,False,True,,,GRU,1
test_14,A3,test,14,146.99957275390625,1469,79.24626922607422,0.24615603715945514,,48.00042724609375,195.0,False,True,,,GRU,1
test_14,A3,test,14,147.09957885742188,1470,79.24626922607422,0.2456431853465545,,47.900421142578125,195.0,False,True,,,GRU,1
test_14,A3,test,14,147.19956970214844,1471,79.24626922607422,0.24513041178385417,,47.80043029785156,195.0,False,True,,,GRU,1
test_14,A3,test,14,147.299560546875,1472,79.24626922607422,0.24461763822115384,,47.700439453125,195.0,False,True,,,GRU,1
test_14,A3,test,14,147.39956665039062,1473,79.24626922607422,0.2441047864082532,,47.600433349609375,195.0,False,True,,,GRU,1
test_14,A3,test,14,147.49957275390625,1474,79.24626922607422,0.24359193459535255,,47.50042724609375,195.0,False,True,,,GRU,1
test_14,A3,test,14,147.5995635986328,1475,79.24626922607422,0.24307916103265223,,47.40043640136719,195.0,False,True,,,GRU,1
test_14,A3,test,14,147.69955444335938,1476,79.24626922607422,0.24256638746995193,,47.300445556640625,195.0,False,True,,,GRU,1
test_14,A3,test,14,147.799560546875,1477,79.24626922607422,0.2420535356570513,,47.200439453125,195.0,False,True,,,GRU,1
test_14,A3,test,14,147.89956665039062,1478,79.24626922607422,0.24154068384415064,,47.100433349609375,195.0,False,True,,,GRU,1
test_14,A3,test,14,147.9995574951172,1479,79.24626922607422,0.24102791028145032,,47.00044250488281,195.0,False,True,,,GRU,1
test_14,A3,test,14,148.09954833984375,1480,79.24626922607422,0.24051513671875,,46.90045166015625,195.0,False,True,,,GRU,1
test_14,A3,test,14,148.19955444335938,1481,79.24626922607422,0.24000228490584935,,46.800445556640625,195.0,False,True,,,GRU,1
test_14,A3,test,14,148.299560546875,1482,79.24626922607422,0.2394894330929487,,46.700439453125,195.0,False,True,,,GRU,1
test_14,A3,test,14,148.39955139160156,1483,79.24626922607422,0.2389766595302484,,46.60044860839844,195.0,False,True,,,GRU,1
test_14,A3,test,14,148.49954223632812,1484,79.24626922607422,0.23846388596754808,,46.500457763671875,195.0,False,True,,,GRU,1
test_14,A3,test,14,148.59954833984375,1485,79.24626922607422,0.23795103415464744,,46.40045166015625,195.0,False,True,,,GRU,1
test_14,A3,test,14,148.69955444335938,1486,79.24626922607422,0.2374381823417468,,46.300445556640625,195.0,False,True,,,GRU,1
test_14,A3,test,14,148.79954528808594,1487,79.24626922607422,0.23692540877904647,,46.20045471191406,195.0,False,True,,,GRU,1
test_14,A3,test,14,148.8995361328125,1488,79.24626922607422,0.23641263521634615,,46.1004638671875,195.0,False,True,,,GRU,1
test_14,A3,test,14,148.99954223632812,1489,79.24626922607422,0.2358997834034455,,46.000457763671875,195.0,False,True,,,GRU,1
test_14,A3,test,14,149.09954833984375,1490,79.24626922607422,0.23538693159054488,,45.90045166015625,195.0,False,True,,,GRU,1
test_14,A3,test,14,149.1995391845703,1491,79.24626922607422,0.23487415802784456,,45.80046081542969,195.0,False,True,,,GRU,1
test_14,A3,test,14,149.29953002929688,1492,79.24626922607422,0.23436138446514423,,45.700469970703125,195.0,False,True,,,GRU,1
test_14,A3,test,14,149.3995361328125,1493,79.24626922607422,0.2338485326522436,,45.6004638671875,195.0,False,True,,,GRU,1
test_14,A3,test,14,149.49954223632812,1494,79.24626922607422,0.23333568083934295,,45.500457763671875,195.0,False,True,,,GRU,1
test_14,A3,test,14,149.5995330810547,1495,79.24626922607422,0.23282290727664262,,45.40046691894531,195.0,False,True,,,GRU,1
test_14,A3,test,14,149.69952392578125,1496,79.24626922607422,0.2323101337139423,,45.30047607421875,195.0,False,True,,,GRU,1
test_14,A3,test,14,149.79953002929688,1497,79.24626922607422,0.23179728190104168,,45.200469970703125,195.0,False,True,,,GRU,1
test_14,A3,test,14,149.8995361328125,1498,79.24626922607422,0.23128443008814104,,45.1004638671875,195.0,False,True,,,GRU,1
test_14,A3,test,14,149.99952697753906,1499,79.24626922607422,0.2307716565254407,,45.00047302246094,195.0,False,True,,,GRU,1
test_14,A3,test,14,150.09951782226562,1500,79.24626922607422,0.23025888296274039,,44.900482177734375,195.0,False,True,,,GRU,1
test_14,A3,test,14,150.19952392578125,1501,79.24626922607422,0.22974603114983974,,44.80047607421875,195.0,False,True,,,GRU,1
test_14,A3,test,14,150.29953002929688,1502,79.24626922607422,0.2292331793369391,,44.700469970703125,195.0,False,True,,,GRU,1
test_14,A3,test,14,150.39952087402344,1503,79.24626922607422,0.22872040577423877,,44.60047912597656,195.0,False,True,,,GRU,1
test_14,A3,test,14,150.49951171875,1504,79.24626922607422,0.22820763221153847,,44.50048828125,195.0,False,True,,,GRU,1
test_14,A3,test,14,150.59951782226562,1505,79.24626922607422,0.22769478039863783,,44.400482177734375,195.0,False,True,,,GRU,1
test_14,A3,test,14,150.69952392578125,1506,79.24626922607422,0.2271819285857372,,44.30047607421875,195.0,False,True,,,GRU,1
test_14,A3,test,14,150.7995147705078,1507,79.24626922607422,0.22666915502303686,,44.20048522949219,195.0,False,True,,,GRU,1
test_14,A3,test,14,150.89950561523438,1508,79.24626922607422,0.22615638146033654,,44.100494384765625,195.0,False,True,,,GRU,1
test_14,A3,test,14,150.99951171875,1509,79.24626922607422,0.2256435296474359,,44.00048828125,195.0,False,True,,,GRU,1
test_14,A3,test,14,151.09951782226562,1510,79.24626922607422,0.22513067783453525,,43.900482177734375,195.0,False,True,,,GRU,1
test_14,A3,test,14,151.1995086669922,1511,79.24626922607422,0.22461790427183492,,43.80049133300781,195.0,False,True,,,GRU,1
test_14,A3,test,14,151.29949951171875,1512,79.24626922607422,0.22410513070913463,,43.70050048828125,195.0,False,True,,,GRU,1
test_14,A3,test,14,151.39950561523438,1513,79.24626922607422,0.22359227889623398,,43.600494384765625,195.0,False,True,,,GRU,1
test_14,A3,test,14,151.49951171875,1514,79.24626922607422,0.22307942708333334,,43.50048828125,195.0,False,True,,,GRU,1
test_14,A3,test,14,151.59950256347656,1515,79.24626922607422,0.222566653520633,,43.40049743652344,195.0,False,True,,,GRU,1
test_14,A3,test,14,151.69949340820312,1516,79.24626922607422,0.2220538799579327,,43.300506591796875,195.0,False,True,,,GRU,1
test_14,A3,test,14,151.79949951171875,1517,79.24626922607422,0.22154102814503204,,43.20050048828125,195.0,False,True,,,GRU,1
test_14,A3,test,14,151.89950561523438,1518,79.24626922607422,0.2210281763321314,,43.100494384765625,195.0,False,True,,,GRU,1
test_14,A3,test,14,151.99949645996094,1519,79.24626922607422,0.2205154027694311,,43.00050354003906,195.0,False,True,,,GRU,1
test_14,A3,test,14,152.0994873046875,1520,79.24626922607422,0.22000262920673078,,42.9005126953125,195.0,False,True,,,GRU,1
test_14,A3,test,14,152.19949340820312,1521,79.24626922607422,0.21948977739383013,,42.800506591796875,195.0,False,True,,,GRU,1
test_14,A3,test,14,152.29949951171875,1522,79.24626922607422,0.2189769255809295,,42.70050048828125,195.0,False,True,,,GRU,1
test_14,A3,test,14,152.3994903564453,1523,79.24626922607422,0.21846415201822916,,42.60050964355469,195.0,False,True,,,GRU,1
test_14,A3,test,14,152.49948120117188,1524,79.24626922607422,0.21795137845552884,,42.500518798828125,195.0,False,True,,,GRU,1
test_14,A3,test,14,152.5994873046875,1525,79.24626922607422,0.2174385266426282,,42.4005126953125,195.0,False,True,,,GRU,1
test_14,A3,test,14,152.69949340820312,1526,79.24626922607422,0.21692567482972758,,42.300506591796875,195.0,False,True,,,GRU,1
test_14,A3,test,14,152.7994842529297,1527,79.24626922607422,0.21641290126702725,,42.20051574707031,195.0,False,True,,,GRU,1
test_14,A3,test,14,152.89947509765625,1528,79.24626922607422,0.21590012770432693,,42.10052490234375,195.0,False,True,,,GRU,1
test_14,A3,test,14,152.99948120117188,1529,79.24626922607422,0.21538727589142628,,42.000518798828125,195.0,False,True,,,GRU,1
test_14,A3,test,14,153.0994873046875,1530,79.24626922607422,0.21487442407852564,,41.9005126953125,195.0,False,True,,,GRU,1
test_14,A3,test,14,153.19947814941406,1531,79.24626922607422,0.2143616505158253,,41.80052185058594,195.0,False,True,,,GRU,1
test_14,A3,test,14,153.29946899414062,1532,79.24626922607422,0.213848876953125,,41.700531005859375,195.0,False,True,,,GRU,1
test_14,A3,test,14,153.39947509765625,1533,79.24626922607422,0.21333602514022437,,41.60052490234375,195.0,False,True,,,GRU,1
test_14,A3,test,14,153.49948120117188,1534,79.24626922607422,0.21282317332732373,,41.500518798828125,195.0,False,True,,,GRU,1
test_14,A3,test,14,153.59947204589844,1535,79.24626922607422,0.2123103997646234,,41.40052795410156,195.0,False,True,,,GRU,1
test_14,A3,test,14,153.699462890625,1536,79.24626922607422,0.21179762620192308,,41.300537109375,195.0,False,True,,,GRU,1
test_14,A3,test,14,153.79946899414062,1537,79.24626922607422,0.21128477438902243,,41.200531005859375,195.0,False,True,,,GRU,1
test_14,A3,test,14,153.89947509765625,1538,79.24626922607422,0.2107719225761218,,41.10052490234375,195.0,False,True,,,GRU,1
test_14,A3,test,14,153.9994659423828,1539,79.24626922607422,0.21025914901342146,,41.00053405761719,195.0,False,True,,,GRU,1
test_14,A3,test,14,154.09945678710938,1540,79.24626922607422,0.20974637545072117,,40.900543212890625,195.0,False,True,,,GRU,1
test_14,A3,test,14,154.199462890625,1541,79.24626922607422,0.20923352363782052,,40.800537109375,195.0,False,True,,,GRU,1
test_14,A3,test,14,154.29946899414062,1542,79.24626922607422,0.20872067182491988,,40.700531005859375,195.0,False,True,,,GRU,1
test_14,A3,test,14,154.3994598388672,1543,79.24626922607422,0.20820789826221955,,40.60054016113281,195.0,False,True,,,GRU,1
test_14,A3,test,14,154.49945068359375,1544,79.24626922607422,0.20769512469951923,,40.50054931640625,195.0,False,True,,,GRU,1
test_14,A3,test,14,154.59945678710938,1545,79.24626922607422,0.20718227288661858,,40.400543212890625,195.0,False,True,,,GRU,1
test_14,A3,test,14,154.699462890625,1546,79.24626922607422,0.20666942107371794,,40.300537109375,195.0,False,True,,,GRU,1
test_14,A3,test,14,154.79945373535156,1547,79.24626922607422,0.20615664751101762,,40.20054626464844,195.0,False,True,,,GRU,1
test_14,A3,test,14,154.89944458007812,1548,79.24626922607422,0.20564387394831732,,40.100555419921875,195.0,False,True,,,GRU,1
test_14,A3,test,14,154.99945068359375,1549,79.24626922607422,0.20513102213541667,,40.00054931640625,195.0,False,True,,,GRU,1
test_14,A3,test,14,155.09945678710938,1550,79.24626922607422,0.20461817032251603,,39.900543212890625,195.0,False,True,,,GRU,1
test_14,A3,test,14,155.19944763183594,1551,79.24626922607422,0.2041053967598157,,39.80055236816406,195.0,False,True,,,GRU,1
test_14,A3,test,14,155.2994384765625,1552,79.24626922607422,0.20359262319711538,,39.7005615234375,195.0,False,True,,,GRU,1
test_14,A3,test,14,155.39944458007812,1553,79.24626922607422,0.20307977138421474,,39.600555419921875,195.0,False,True,,,GRU,1
test_14,A3,test,14,155.49945068359375,1554,79.24626922607422,0.2025669195713141,,39.50054931640625,195.0,False,True,,,GRU,1
test_14,A3,test,14,155.5994415283203,1555,79.24626922607422,0.2020541460086138,,39.40055847167969,195.0,False,True,,,GRU,1
test_14,A3,test,14,155.69943237304688,1556,79.24626922607422,0.20154137244591347,,39.300567626953125,195.0,False,True,,,GRU,1
test_14,A3,test,14,155.7994384765625,1557,79.24626922607422,0.20102852063301282,,39.2005615234375,195.0,False,True,,,GRU,1
test_14,A3,test,14,155.89944458007812,1558,79.24626922607422,0.20051566882011218,,39.100555419921875,195.0,False,True,,,GRU,1
test_14,A3,test,14,155.9994354248047,1559,79.24626922607422,0.20000289525741186,,39.00056457519531,195.0,False,True,,,GRU,1
test_14,A3,test,14,156.09942626953125,1560,79.24626922607422,0.19949012169471153,,38.90057373046875,195.0,False,True,,,GRU,1
test_14,A3,test,14,156.19943237304688,1561,79.24626922607422,0.1989772698818109,,38.800567626953125,195.0,False,True,,,GRU,1
test_14,A3,test,14,156.2994384765625,1562,79.24626922607422,0.19846441806891027,,38.7005615234375,195.0,False,True,,,GRU,1
test_14,A3,test,14,156.39942932128906,1563,79.24626922607422,0.19795164450620995,,38.60057067871094,195.0,False,True,,,GRU,1
test_14,A3,test,14,156.49942016601562,1564,79.24626922607422,0.19743887094350962,,38.500579833984375,195.0,False,True,,,GRU,1
test_14,A3,test,14,156.59942626953125,1565,79.24626922607422,0.19692601913060898,,38.40057373046875,195.0,False,True,,,GRU,1
test_14,A3,test,14,156.69943237304688,1566,79.24626922607422,0.19641316731770833,,38.300567626953125,195.0,False,True,,,GRU,1
test_14,A3,test,14,156.79942321777344,1567,79.24626922607422,0.195900393755008,,38.20057678222656,195.0,False,True,,,GRU,1
test_14,A3,test,14,156.8994140625,1568,79.24626922607422,0.19538762019230768,,38.1005859375,195.0,False,True,,,GRU,1
test_14,A3,test,14,156.99942016601562,1569,79.24626922607422,0.19487476837940707,,38.000579833984375,195.0,False,True,,,GRU,1
test_14,A3,test,14,157.09942626953125,1570,79.24626922607422,0.19436191656650642,,37.90057373046875,195.0,False,True,,,GRU,1
test_14,A3,test,14,157.1994171142578,1571,79.24626922607422,0.1938491430038061,,37.80058288574219,195.0,False,True,,,GRU,1
test_14,A3,test,14,157.29940795898438,1572,79.24626922607422,0.19333636944110577,,37.700592041015625,195.0,False,True,,,GRU,1
test_14,A3,test,14,157.3994140625,1573,79.24626922607422,0.19282351762820513,,37.6005859375,195.0,False,True,,,GRU,1
test_14,A3,test,14,157.49942016601562,1574,79.24626922607422,0.19231066581530448,,37.500579833984375,195.0,False,True,,,GRU,1
test_14,A3,test,14,157.5994110107422,1575,79.24626922607422,0.19179789225260416,,37.40058898925781,195.0,False,True,,,GRU,1
test_14,A3,test,14,157.69940185546875,1576,79.24626922607422,0.19128511868990383,,37.30059814453125,195.0,False,True,,,GRU,1
test_14,A3,test,14,157.79940795898438,1577,79.24626922607422,0.19077226687700322,,37.200592041015625,195.0,False,True,,,GRU,1
test_14,A3,test,14,157.8994140625,1578,79.24626922607422,0.19025941506410257,,37.1005859375,195.0,False,True,,,GRU,1
test_14,A3,test,14,157.99940490722656,1579,79.24626922607422,0.18974664150140225,,37.00059509277344,195.0,False,True,,,GRU,1
test_14,A3,test,14,158.09939575195312,1580,79.24626922607422,0.18923386793870192,,36.900604248046875,195.0,False,True,,,GRU,1
test_14,A3,test,14,158.19940185546875,1581,79.24626922607422,0.18872101612580128,,36.80059814453125,195.0,False,True,,,GRU,1
test_14,A3,test,14,158.29940795898438,1582,79.24626922607422,0.18820816431290063,,36.700592041015625,195.0,False,True,,,GRU,1
test_14,A3,test,14,158.39939880371094,1583,79.24626922607422,0.1876953907502003,,36.60060119628906,195.0,False,True,,,GRU,1
test_14,A3,test,14,158.4993896484375,1584,79.24626922607422,0.1871826171875,,36.5006103515625,195.0,False,True,,,GRU,1
test_14,A3,test,14,158.59939575195312,1585,79.24626922607422,0.18666976537459937,,36.400604248046875,195.0,False,True,,,GRU,1
test_14,A3,test,14,158.69940185546875,1586,79.24626922607422,0.18615691356169872,,36.30059814453125,195.0,False,True,,,GRU,1
test_14,A3,test,14,158.7993927001953,1587,79.24626922607422,0.1856441399989984,,36.20060729980469,195.0,False,True,,,GRU,1
test_14,A3,test,14,158.89938354492188,1588,79.24626922607422,0.18513136643629807,,36.100616455078125,195.0,False,True,,,GRU,1
test_14,A3,test,14,158.9993896484375,1589,79.24626922607422,0.18461851462339743,,36.0006103515625,195.0,False,True,,,GRU,1
test_14,A3,test,14,159.09939575195312,1590,79.24626922607422,0.18410566281049678,,35.900604248046875,195.0,False,True,,,GRU,1
test_14,A3,test,14,159.1993865966797,1591,79.24626922607422,0.1835928892477965,,35.80061340332031,195.0,False,True,,,GRU,1
test_14,A3,test,14,159.29937744140625,1592,79.24626922607422,0.18308011568509616,,35.70062255859375,195.0,False,True,,,GRU,1
test_14,A3,test,14,159.39938354492188,1593,79.24626922607422,0.18256726387219552,,35.600616455078125,195.0,False,True,,,GRU,1
test_14,A3,test,14,159.4993896484375,1594,79.24626922607422,0.18205441205929487,,35.5006103515625,195.0,False,True,,,GRU,1
test_14,A3,test,14,159.59938049316406,1595,79.24626922607422,0.18154163849659455,,35.40061950683594,195.0,False,True,,,GRU,1
test_14,A3,test,14,159.69937133789062,1596,79.24626922607422,0.18102886493389422,,35.300628662109375,195.0,False,True,,,GRU,1
test_14,A3,test,14,159.79937744140625,1597,79.24626922607422,0.18051601312099358,,35.20062255859375,195.0,False,True,,,GRU,1
test_14,A3,test,14,159.89938354492188,1598,79.24626922607422,0.18000316130809293,,35.100616455078125,195.0,False,True,,,GRU,1
test_14,A3,test,14,159.99937438964844,1599,79.24626922607422,0.17949038774539264,,35.00062561035156,195.0,False,True,,,GRU,1
test_14,A3,test,14,160.099365234375,1600,79.24626922607422,0.1789776141826923,,34.900634765625,195.0,False,True,,,GRU,1
test_14,A3,test,14,160.19937133789062,1601,79.24626922607422,0.17846476236979167,,34.800628662109375,195.0,False,True,,,GRU,1
test_14,A3,test,14,160.29937744140625,1602,79.24626922607422,0.17795191055689102,,34.70062255859375,195.0,False,True,,,GRU,1
test_14,A3,test,14,160.3993682861328,1603,79.24626922607422,0.1774391369941907,,34.60063171386719,195.0,False,True,,,GRU,1
test_14,A3,test,14,160.49935913085938,1604,79.24626922607422,0.17692636343149037,,34.500640869140625,195.0,False,True,,,GRU,1
test_14,A3,test,14,160.599365234375,1605,79.24626922607422,0.17641351161858973,,34.400634765625,195.0,False,True,,,GRU,1
test_14,A3,test,14,160.69937133789062,1606,79.24626922607422,0.1759006598056891,,34.300628662109375,195.0,False,True,,,GRU,1
test_14,A3,test,14,160.7993621826172,1607,79.24626922607422,0.1753878862429888,,34.20063781738281,195.0,False,True,,,GRU,1
test_14,A3,test,14,160.89935302734375,1608,79.24626922607422,0.17487511268028846,,34.10064697265625,195.0,False,True,,,GRU,1
test_14,A3,test,14,160.99935913085938,1609,79.24626922607422,0.17436226086738782,,34.000640869140625,195.0,False,True,,,GRU,1
test_14,A3,test,14,161.099365234375,1610,79.24626922607422,0.17384940905448718,,33.900634765625,195.0,False,True,,,GRU,1
test_14,A3,test,14,161.19935607910156,1611,79.24626922607422,0.17333663549178685,,33.80064392089844,195.0,False,True,,,GRU,1
test_14,A3,test,14,161.29934692382812,1612,79.24626922607422,0.17282386192908653,,33.700653076171875,195.0,False,True,,,GRU,1
test_14,A3,test,14,161.39935302734375,1613,79.24626922607422,0.1723110101161859,,33.60064697265625,195.0,False,True,,,GRU,1
test_14,A3,test,14,161.49935913085938,1614,79.24626922607422,0.17179815830328526,,33.500640869140625,195.0,False,True,,,GRU,1
test_14,A3,test,14,161.59934997558594,1615,79.24626922607422,0.17128538474058494,,33.40065002441406,195.0,False,True,,,GRU,1
test_14,A3,test,14,161.6993408203125,1616,79.24626922607422,0.17077261117788461,,33.3006591796875,195.0,False,True,,,GRU,1
test_14,A3,test,14,161.79934692382812,1617,79.24626922607422,0.17025975936498397,,33.200653076171875,195.0,False,True,,,GRU,1
test_14,A3,test,14,161.89935302734375,1618,79.24626922607422,0.16974690755208333,,33.10064697265625,195.0,False,True,,,GRU,1
test_14,A3,test,14,161.9993438720703,1619,79.24626922607422,0.169234133989383,,33.00065612792969,195.0,False,True,,,GRU,1
test_14,A3,test,14,162.09933471679688,1620,79.24626922607422,0.1687213604266827,,32.900665283203125,195.0,False,True,,,GRU,1
test_14,A3,test,14,162.1993408203125,1621,79.24626922607422,0.16820850861378206,,32.8006591796875,195.0,False,True,,,GRU,1
test_14,A3,test,14,162.29934692382812,1622,79.24626922607422,0.16769565680088142,,32.700653076171875,195.0,False,True,,,GRU,1
test_14,A3,test,14,162.3993377685547,1623,79.24626922607422,0.1671828832381811,,32.60066223144531,195.0,False,True,,,GRU,1
test_14,A3,test,14,162.49932861328125,1624,79.24626922607422,0.16667010967548077,,32.50067138671875,195.0,False,True,,,GRU,1
test_14,A3,test,14,162.59933471679688,1625,79.24626922607422,0.16615725786258012,,32.400665283203125,195.0,False,True,,,GRU,1
test_14,A3,test,14,162.6993408203125,1626,79.24626922607422,0.16564440604967948,,32.3006591796875,195.0,False,True,,,GRU,1
test_14,A3,test,14,162.79933166503906,1627,79.24626922607422,0.16513163248697918,,32.20066833496094,195.0,False,True,,,GRU,1
test_14,A3,test,14,162.89932250976562,1628,79.24626922607422,0.16461885892427885,,32.100677490234375,195.0,False,True,,,GRU,1
test_14,A3,test,14,162.99932861328125,1629,79.24626922607422,0.1641060071113782,,32.00067138671875,195.0,False,True,,,GRU,1
test_14,A3,test,14,163.09933471679688,1630,79.24626922607422,0.16359315529847757,,31.900665283203125,195.0,False,True,,,GRU,1
test_14,A3,test,14,163.19932556152344,1631,79.24626922607422,0.16308038173577724,,31.800674438476562,195.0,False,True,,,GRU,1
test_14,A3,test,14,163.29931640625,1632,79.24626922607422,0.16256760817307692,,31.70068359375,195.0,False,True,,,GRU,1
test_14,A3,test,14,163.39932250976562,1633,79.24626922607422,0.16205475636017627,,31.600677490234375,195.0,False,True,,,GRU,1
test_14,A3,test,14,163.49932861328125,1634,79.24626922607422,0.16154190454727563,,31.50067138671875,195.0,False,True,,,GRU,1
test_14,A3,test,14,163.5993194580078,1635,79.24626922607422,0.16102913098457533,,31.400680541992188,195.0,False,True,,,GRU,1
test_14,A3,test,14,163.69931030273438,1636,79.24626922607422,0.160516357421875,,31.300689697265625,195.0,False,True,,,GRU,1
test_14,A3,test,14,163.79931640625,1637,79.24626922607422,0.16000350560897436,,31.20068359375,195.0,False,True,,,GRU,1
test_14,A3,test,14,163.89932250976562,1638,79.24626922607422,0.15949065379607372,,31.100677490234375,195.0,False,True,,,GRU,1
test_14,A3,test,14,163.9993133544922,1639,79.24626922607422,0.1589778802333734,,31.000686645507812,195.0,False,True,,,GRU,1
test_14,A3,test,14,164.09930419921875,1640,79.24626922607422,0.15846510667067307,,30.90069580078125,195.0,False,True,,,GRU,1
test_14,A3,test,14,164.19931030273438,1641,79.24626922607422,0.15795225485777242,,30.800689697265625,195.0,False,True,,,GRU,1
test_14,A3,test,14,164.29931640625,1642,79.24626922607422,0.1574394030448718,,30.70068359375,195.0,False,True,,,GRU,1
test_14,A3,test,14,164.39930725097656,1643,79.24626922607422,0.15692662948217148,,30.600692749023438,195.0,False,True,,,GRU,1
test_14,A3,test,14,164.49929809570312,1644,79.24626922607422,0.15641385591947116,,30.500701904296875,195.0,False,True,,,GRU,1
test_14,A3,test,14,164.59930419921875,1645,79.24626922607422,0.1559010041065705,,30.40069580078125,195.0,False,True,,,GRU,1
test_14,A3,test,14,164.69931030273438,1646,79.24626922607422,0.15538815229366987,,30.300689697265625,195.0,False,True,,,GRU,1
test_14,A3,test,14,164.79930114746094,1647,79.24626922607422,0.15487537873096954,,30.200698852539062,195.0,False,True,,,GRU,1
test_14,A3,test,14,164.8992919921875,1648,79.24626922607422,0.15436260516826922,,30.1007080078125,195.0,False,True,,,GRU,1
test_14,A3,test,14,164.99929809570312,1649,79.24626922607422,0.1538497533553686,,30.000701904296875,195.0,False,True,,,GRU,1
test_14,A3,test,14,165.09930419921875,1650,79.24626922607422,0.15333690154246796,,29.90069580078125,195.0,False,True,,,GRU,1
test_14,A3,test,14,165.1992950439453,1651,79.24626922607422,0.15282412797976763,,29.800704956054688,195.0,False,True,,,GRU,1
test_14,A3,test,14,165.29928588867188,1652,79.24626922607422,0.1523113544170673,,29.700714111328125,195.0,False,True,,,GRU,1
test_14,A3,test,14,165.3992919921875,1653,79.24626922607422,0.15179850260416666,,29.6007080078125,195.0,False,True,,,GRU,1
test_14,A3,test,14,165.49929809570312,1654,79.24626922607422,0.15128565079126602,,29.500701904296875,195.0,False,True,,,GRU,1
test_14,A3,test,14,165.5992889404297,1655,79.24626922607422,0.1507728772285657,,29.400711059570312,195.0,False,True,,,GRU,1
test_14,A3,test,14,165.69927978515625,1656,79.24626922607422,0.1502601036658654,,29.30072021484375,195.0,False,True,,,GRU,1
test_14,A3,test,14,165.79928588867188,1657,79.24626922607422,0.14974725185296475,,29.200714111328125,195.0,False,True,,,GRU,1
test_14,A3,test,14,165.8992919921875,1658,79.24626922607422,0.1492344000400641,,29.1007080078125,195.0,False,True,,,GRU,1
test_14,A3,test,14,165.99928283691406,1659,79.24626922607422,0.14872162647736378,,29.000717163085938,195.0,False,True,,,GRU,1
test_14,A3,test,14,166.09927368164062,1660,79.24626922607422,0.14820885291466346,,28.900726318359375,195.0,False,True,,,GRU,1
test_14,A3,test,14,166.19927978515625,1661,79.24626922607422,0.1476960011017628,,28.80072021484375,195.0,False,True,,,GRU,1
test_14,A3,test,14,166.29928588867188,1662,79.24626922607422,0.14718314928886217,,28.700714111328125,195.0,False,True,,,GRU,1
test_14,A3,test,14,166.39927673339844,1663,79.24626922607422,0.14667037572616187,,28.600723266601562,195.0,False,True,,,GRU,1
test_14,A3,test,14,166.499267578125,1664,79.24626922607422,0.14615760216346155,,28.500732421875,195.0,False,True,,,GRU,1
test_14,A3,test,14,166.59927368164062,1665,79.24626922607422,0.1456447503505609,,28.400726318359375,195.0,False,True,,,GRU,1
test_14,A3,test,14,166.69927978515625,1666,79.24626922607422,0.14513189853766026,,28.30072021484375,195.0,False,True,,,GRU,1
test_14,A3,test,14,166.7992706298828,1667,79.24626922607422,0.14461912497495993,,28.200729370117188,195.0,False,True,,,GRU,1
test_14,A3,test,14,166.89926147460938,1668,79.24626922607422,0.1441063514122596,,28.100738525390625,195.0,False,True,,,GRU,1
test_14,A3,test,14,166.999267578125,1669,79.24626922607422,0.14359349959935896,,28.000732421875,195.0,False,True,,,GRU,1
test_14,A3,test,14,167.09927368164062,1670,79.24626922607422,0.14308064778645832,,27.900726318359375,195.0,False,True,,,GRU,1
test_14,A3,test,14,167.1992645263672,1671,79.24626922607422,0.14256787422375802,,27.800735473632812,195.0,False,True,,,GRU,1
test_14,A3,test,14,167.29925537109375,1672,79.24626922607422,0.1420551006610577,,27.70074462890625,195.0,False,True,,,GRU,1
test_14,A3,test,14,167.39926147460938,1673,79.24626922607422,0.14154224884815705,,27.600738525390625,195.0,False,True,,,GRU,1
test_14,A3,test,14,167.499267578125,1674,79.24626922607422,0.1410293970352564,,27.500732421875,195.0,False,True,,,GRU,1
test_14,A3,test,14,167.59925842285156,1675,79.24626922607422,0.14051662347255608,,27.400741577148438,195.0,False,True,,,GRU,1
test_14,A3,test,14,167.69924926757812,1676,79.24626922607422,0.14000384990985576,,27.300750732421875,195.0,False,True,,,GRU,1
test_14,A3,test,14,167.79925537109375,1677,79.24626922607422,0.13949099809695512,,27.20074462890625,195.0,False,True,,,GRU,1
test_14,A3,test,14,167.89926147460938,1678,79.24626922607422,0.1389781462840545,,27.100738525390625,195.0,False,True,,,GRU,1
test_14,A3,test,14,167.99925231933594,1679,79.24626922607422,0.13846537272135417,,27.000747680664062,195.0,False,True,,,GRU,1
test_14,A3,test,14,168.0992431640625,1680,79.24626922607422,0.13795259915865385,,26.9007568359375,195.0,False,True,,,GRU,1
test_14,A3,test,14,168.19924926757812,1681,79.24626922607422,0.1374397473457532,,26.800750732421875,195.0,False,True,,,GRU,1
test_14,A3,test,14,168.29925537109375,1682,79.24626922607422,0.13692689553285256,,26.70074462890625,195.0,False,True,,,GRU,1
test_14,A3,test,14,168.3992462158203,1683,79.24626922607422,0.13641412197015224,,26.600753784179688,195.0,False,True,,,GRU,1
test_14,A3,test,14,168.49923706054688,1684,79.24626922607422,0.1359013484074519,,26.500762939453125,195.0,False,True,,,GRU,1
test_14,A3,test,14,168.5992431640625,1685,79.24626922607422,0.1353884965945513,,26.4007568359375,195.0,False,True,,,GRU,1
test_14,A3,test,14,168.69924926757812,1686,79.24626922607422,0.13487564478165065,,26.300750732421875,195.0,False,True,,,GRU,1
test_14,A3,test,14,168.7992401123047,1687,79.24626922607422,0.13436287121895032,,26.200759887695312,195.0,False,True,,,GRU,1
test_14,A3,test,14,168.89923095703125,1688,79.24626922607422,0.13385009765625,,26.10076904296875,195.0,False,True,,,GRU,1
test_14,A3,test,14,168.99923706054688,1689,79.24626922607422,0.13333724584334936,,26.000762939453125,195.0,False,True,,,GRU,1
test_14,A3,test,14,169.0992431640625,1690,79.24626922607422,0.1328243940304487,,25.9007568359375,195.0,False,True,,,GRU,1
test_14,A3,test,14,169.19923400878906,1691,79.24626922607422,0.1323116204677484,,25.800765991210938,195.0,False,True,,,GRU,1
test_14,A3,test,14,169.29922485351562,1692,79.24626922607422,0.1317988469050481,,25.700775146484375,195.0,False,True,,,GRU,1
test_14,A3,test,14,169.39923095703125,1693,79.24626922607422,0.13128599509214745,,25.60076904296875,195.0,False,True,,,GRU,1
test_14,A3,test,14,169.49923706054688,1694,79.24626922607422,0.1307731432792468,,25.500762939453125,195.0,False,True,,,GRU,1
test_14,A3,test,14,169.59922790527344,1695,79.24626922607422,0.13026036971654648,,25.400772094726562,195.0,False,True,,,GRU,1
test_14,A3,test,14,169.69921875,1696,79.24626922607422,0.12974759615384615,,25.30078125,195.0,False,True,,,GRU,1
test_14,A3,test,14,169.79922485351562,1697,79.24626922607422,0.1292347443409455,,25.200775146484375,195.0,False,True,,,GRU,1
test_14,A3,test,14,169.89923095703125,1698,79.24626922607422,0.12872189252804486,,25.10076904296875,195.0,False,True,,,GRU,1
test_14,A3,test,14,169.9992218017578,1699,79.24626922607422,0.12820911896534457,,25.000778198242188,195.0,False,True,,,GRU,1
test_14,A3,test,14,170.09921264648438,1700,79.24626922607422,0.12769634540264424,,24.900787353515625,195.0,False,True,,,GRU,1
test_14,A3,test,14,170.19921875,1701,79.24626922607422,0.1271834935897436,,24.80078125,195.0,False,True,,,GRU,1
test_14,A3,test,14,170.29922485351562,1702,79.24626922607422,0.12667064177684295,,24.700775146484375,195.0,False,True,,,GRU,1
test_14,A3,test,14,170.3992156982422,1703,79.24626922607422,0.12615786821414263,,24.600784301757812,195.0,False,True,,,GRU,1
test_14,A3,test,14,170.49920654296875,1704,79.24626922607422,0.1256450946514423,,24.50079345703125,195.0,False,True,,,GRU,1
test_14,A3,test,14,170.59921264648438,1705,79.24626922607422,0.12513224283854166,,24.400787353515625,195.0,False,True,,,GRU,1
test_14,A3,test,14,170.69921875,1706,79.24626922607422,0.12461939102564103,,24.30078125,195.0,False,True,,,GRU,1
test_14,A3,test,14,170.79920959472656,1707,79.24626922607422,0.1241066174629407,,24.200790405273438,195.0,False,True,,,GRU,1
test_14,A3,test,14,170.89920043945312,1708,79.24626922607422,0.12359384390024039,,24.100799560546875,195.0,False,True,,,GRU,1
test_14,A3,test,14,170.99920654296875,1709,79.24626922607422,0.12308099208733975,,24.00079345703125,195.0,False,True,,,GRU,1
test_14,A3,test,14,171.09921264648438,1710,79.24626922607422,0.1225681402744391,,23.900787353515625,195.0,False,True,,,GRU,1
test_14,A3,test,14,171.19920349121094,1711,79.24626922607422,0.12205536671173878,,23.800796508789062,195.0,False,True,,,GRU,1
test_14,A3,test,14,171.2991943359375,1712,79.24626922607422,0.12154259314903847,,23.7008056640625,195.0,False,True,,,GRU,1
test_14,A3,test,14,171.39920043945312,1713,79.24626922607422,0.12102974133613782,,23.600799560546875,195.0,False,True,,,GRU,1
test_14,A3,test,14,171.49920654296875,1714,79.24626922607422,0.12051688952323718,,23.50079345703125,195.0,False,True,,,GRU,1
test_14,A3,test,14,171.5991973876953,1715,79.24626922607422,0.12000411596053685,,23.400802612304688,195.0,False,True,,,GRU,1
test_14,A3,test,14,171.69918823242188,1716,79.24626922607422,0.11949134239783654,,23.300811767578125,195.0,False,True,,,GRU,1
test_14,A3,test,14,171.7991943359375,1717,79.24626922607422,0.1189784905849359,,23.2008056640625,195.0,False,True,,,GRU,1
test_14,A3,test,14,171.89920043945312,1718,79.24626922607422,0.11846563877203525,,23.100799560546875,195.0,False,True,,,GRU,1
test_14,A3,test,14,171.9991912841797,1719,79.24626922607422,0.11795286520933494,,23.000808715820312,195.0,False,True,,,GRU,1
test_14,A3,test,14,172.09918212890625,1720,79.24626922607422,0.11744009164663462,,22.90081787109375,195.0,False,True,,,GRU,1
test_14,A3,test,14,172.19918823242188,1721,79.24626922607422,0.11692723983373397,,22.800811767578125,195.0,False,True,,,GRU,1
test_14,A3,test,14,172.2991943359375,1722,79.24626922607422,0.11641438802083333,,22.7008056640625,195.0,False,True,,,GRU,1
test_14,A3,test,14,172.39918518066406,1723,79.24626922607422,0.11590161445813302,,22.600814819335938,195.0,False,True,,,GRU,1
test_14,A3,test,14,172.49917602539062,1724,79.24626922607422,0.11538884089543269,,22.500823974609375,195.0,False,True,,,GRU,1
test_14,A3,test,14,172.59918212890625,1725,79.24626922607422,0.11487598908253205,,22.40081787109375,195.0,False,True,,,GRU,1
test_14,A3,test,14,172.69918823242188,1726,79.24626922607422,0.1143631372696314,,22.300811767578125,195.0,False,True,,,GRU,1
test_14,A3,test,14,172.79917907714844,1727,79.24626922607422,0.1138503637069311,,22.200820922851562,195.0,False,True,,,GRU,1
test_14,A3,test,14,172.899169921875,1728,79.24626922607422,0.11333759014423077,,22.100830078125,195.0,False,True,,,GRU,1
test_14,A3,test,14,172.99917602539062,1729,79.24626922607422,0.11282473833133012,,22.000823974609375,195.0,False,True,,,GRU,1
test_14,A3,test,14,173.09918212890625,1730,79.24626922607422,0.1123118865184295,,21.90081787109375,195.0,False,True,,,GRU,1
test_14,A3,test,14,173.1991729736328,1731,79.24626922607422,0.11179911295572917,,21.800827026367188,195.0,False,True,,,GRU,1
test_14,A3,test,14,173.29916381835938,1732,79.24626922607422,0.11128633939302884,,21.700836181640625,195.0,False,True,,,GRU,1
test_14,A3,test,14,173.399169921875,1733,79.24626922607422,0.1107734875801282,,21.600830078125,195.0,False,True,,,GRU,1
test_14,A3,test,14,173.49917602539062,1734,79.24626922607422,0.11026063576722757,,21.500823974609375,195.0,False,True,,,GRU,1
test_14,A3,test,14,173.5991668701172,1735,79.24626922607422,0.10974786220452724,,21.400833129882812,195.0,False,True,,,GRU,1
test_14,A3,test,14,173.69915771484375,1736,79.24626922607422,0.10923508864182692,,21.30084228515625,195.0,False,True,,,GRU,1
test_14,A3,test,14,173.79916381835938,1737,79.24626922607422,0.10872223682892629,,21.200836181640625,195.0,False,True,,,GRU,1
test_14,A3,test,14,173.899169921875,1738,79.24626922607422,0.10820938501602564,,21.100830078125,195.0,False,True,,,GRU,1
test_14,A3,test,14,173.99916076660156,1739,79.24626922607422,0.10769661145332532,,21.000839233398438,195.0,False,True,,,GRU,1
test_14,A3,test,14,174.09915161132812,1740,79.24626922607422,0.107183837890625,,20.900848388671875,195.0,False,True,,,GRU,1
test_14,A3,test,14,174.19915771484375,1741,79.24626922607422,0.10667098607772436,,20.80084228515625,195.0,False,True,,,GRU,1
test_14,A3,test,14,174.29916381835938,1742,79.24626922607422,0.10615813426482372,,20.700836181640625,195.0,False,True,,,GRU,1
test_14,A3,test,14,174.39915466308594,1743,79.24626922607422,0.1056453607021234,,20.600845336914062,195.0,False,True,,,GRU,1
test_14,A3,test,14,174.4991455078125,1744,79.24626922607422,0.10513258713942308,,20.5008544921875,195.0,False,True,,,GRU,1
test_14,A3,test,14,174.59915161132812,1745,79.24626922607422,0.10461973532652244,,20.400848388671875,195.0,False,True,,,GRU,1
test_14,A3,test,14,174.69915771484375,1746,79.24626922607422,0.1041068835136218,,20.30084228515625,195.0,False,True,,,GRU,1
test_14,A3,test,14,174.7991485595703,1747,79.24626922607422,0.10359410995092147,,20.200851440429688,195.0,False,True,,,GRU,1
test_14,A3,test,14,174.89913940429688,1748,79.24626922607422,0.10308133638822116,,20.100860595703125,195.0,False,True,,,GRU,1
test_14,A3,test,14,174.9991455078125,1749,79.24626922607422,0.10256848457532051,,20.0008544921875,195.0,False,True,,,GRU,1
test_14,A3,test,14,175.09915161132812,1750,79.24626922607422,0.10205563276241987,,19.900848388671875,195.0,False,True,,,GRU,1
test_14,A3,test,14,175.1991424560547,1751,79.24626922607422,0.10154285919971955,,19.800857543945312,195.0,False,True,,,GRU,1
test_14,A3,test,14,175.29913330078125,1752,79.24626922607422,0.10103008563701923,,19.70086669921875,195.0,False,True,,,GRU,1
test_14,A3,test,14,175.39913940429688,1753,79.24626922607422,0.10051723382411859,,19.600860595703125,195.0,False,True,,,GRU,1
test_14,A3,test,14,175.4991455078125,1754,79.24626922607422,0.10000438201121795,,19.5008544921875,195.0,False,True,,,GRU,1
test_14,A3,test,14,175.59913635253906,1755,79.24626922607422,0.09949160844851763,,19.400863647460938,195.0,False,True,,,GRU,1
test_14,A3,test,14,175.69912719726562,1756,79.24626922607422,0.09897883488581731,,19.300872802734375,195.0,False,True,,,GRU,1
test_14,A3,test,14,175.79913330078125,1757,79.24626922607422,0.09846598307291667,,19.20086669921875,195.0,False,True,,,GRU,1
test_14,A3,test,14,175.89913940429688,1758,79.24626922607422,0.09795313126001602,,19.100860595703125,195.0,False,True,,,GRU,1
test_14,A3,test,14,175.99913024902344,1759,79.24626922607422,0.09744035769731571,,19.000869750976562,195.0,False,True,,,GRU,1
test_14,A3,test,14,176.09912109375,1760,79.24626922607422,0.09692758413461539,,18.90087890625,195.0,False,True,,,GRU,1
test_14,A3,test,14,176.19912719726562,1761,79.24626922607422,0.09641473232171474,,18.800872802734375,195.0,False,True,,,GRU,1
test_14,A3,test,14,176.29913330078125,1762,79.24626922607422,0.0959018805088141,,18.70086669921875,195.0,False,True,,,GRU,1
test_14,A3,test,14,176.3991241455078,1763,79.24626922607422,0.09538910694611379,,18.600875854492188,195.0,False,True,,,GRU,1
test_14,A3,test,14,176.49911499023438,1764,79.24626922607422,0.09487633338341346,,18.500885009765625,195.0,False,True,,,GRU,1
test_14,A3,test,14,176.59912109375,1765,79.24626922607422,0.09436348157051282,,18.40087890625,195.0,False,True,,,GRU,1
test_14,A3,test,14,176.69912719726562,1766,79.24626922607422,0.09385062975761219,,18.300872802734375,195.0,False,True,,,GRU,1
test_14,A3,test,14,176.7991180419922,1767,79.24626922607422,0.09333785619491186,,18.200881958007812,195.0,False,True,,,GRU,1
test_14,A3,test,14,176.89910888671875,1768,79.24626922607422,0.09282508263221154,,18.10089111328125,195.0,False,True,,,GRU,1
test_14,A3,test,14,176.99911499023438,1769,79.24626922607422,0.09231223081931089,,18.000885009765625,195.0,False,True,,,GRU,1
test_14,A3,test,14,177.09912109375,1770,79.24626922607422,0.09179937900641026,,17.90087890625,195.0,False,True,,,GRU,1
test_14,A3,test,14,177.19911193847656,1771,79.24626922607422,0.09128660544370994,,17.800888061523438,195.0,False,True,,,GRU,1
test_14,A3,test,14,177.29910278320312,1772,79.24626922607422,0.09077383188100961,,17.700897216796875,195.0,False,True,,,GRU,1
test_14,A3,test,14,177.39910888671875,1773,79.24626922607422,0.09026098006810897,,17.60089111328125,195.0,False,True,,,GRU,1
test_14,A3,test,14,177.49911499023438,1774,79.24626922607422,0.08974812825520834,,17.500885009765625,195.0,False,True,,,GRU,1
test_14,A3,test,14,177.59910583496094,1775,79.24626922607422,0.08923535469250801,,17.400894165039062,195.0,False,True,,,GRU,1
test_14,A3,test,14,177.6990966796875,1776,79.24626922607422,0.08872258112980769,,17.3009033203125,195.0,False,True,,,GRU,1
test_14,A3,test,14,177.79910278320312,1777,79.24626922607422,0.08820972931690706,,17.200897216796875,195.0,False,True,,,GRU,1
test_14,A3,test,14,177.89910888671875,1778,79.24626922607422,0.08769687750400641,,17.10089111328125,195.0,False,True,,,GRU,1
test_14,A3,test,14,177.9990997314453,1779,79.24626922607422,0.08718410394130609,,17.000900268554688,195.0,False,True,,,GRU,1
test_14,A3,test,14,178.09909057617188,1780,79.24626922607422,0.08667133037860576,,16.900909423828125,195.0,False,True,,,GRU,1
test_14,A3,test,14,178.1990966796875,1781,79.24626922607422,0.08615847856570513,,16.8009033203125,195.0,False,True,,,GRU,1
test_14,A3,test,14,178.29910278320312,1782,79.24626922607422,0.08564562675280449,,16.700897216796875,195.0,False,True,,,GRU,1
test_14,A3,test,14,178.3990936279297,1783,79.24626922607422,0.08513285319010416,,16.600906372070312,195.0,False,True,,,GRU,1
test_14,A3,test,14,178.49908447265625,1784,79.24626922607422,0.08462007962740385,,16.50091552734375,195.0,False,True,,,GRU,1
test_14,A3,test,14,178.59909057617188,1785,79.24626922607422,0.08410722781450321,,16.400909423828125,195.0,False,True,,,GRU,1
test_14,A3,test,14,178.6990966796875,1786,79.24626922607422,0.08359437600160256,,16.3009033203125,195.0,False,True,,,GRU,1
test_14,A3,test,14,178.79908752441406,1787,79.24626922607422,0.08308160243890224,,16.200912475585938,195.0,False,True,,,GRU,1
test_14,A3,test,14,178.89907836914062,1788,79.24626922607422,0.08256882887620193,,16.100921630859375,195.0,False,True,,,GRU,1
test_14,A3,test,14,178.99908447265625,1789,79.24626922607422,0.08205597706330128,,16.00091552734375,195.0,False,True,,,GRU,1
test_14,A3,test,14,179.09909057617188,1790,79.24626922607422,0.08154312525040064,,15.900909423828125,195.0,False,True,,,GRU,1
test_14,A3,test,14,179.19908142089844,1791,79.24626922607422,0.08103035168770031,,15.800918579101562,195.0,False,True,,,GRU,1
test_14,A3,test,14,179.299072265625,1792,79.24626922607422,0.080517578125,,15.700927734375,195.0,False,True,,,GRU,1
test_14,A3,test,14,179.39907836914062,1793,79.24626922607422,0.08000472631209936,,15.600921630859375,195.0,False,True,,,GRU,1
test_14,A3,test,14,179.49908447265625,1794,79.24626922607422,0.07949187449919871,,15.50091552734375,195.0,False,True,,,GRU,1
test_14,A3,test,14,179.5990753173828,1795,79.24626922607422,0.0789791009364984,,15.400924682617188,195.0,False,True,,,GRU,1
test_14,A3,test,14,179.69906616210938,1796,79.24626922607422,0.07846632737379808,,15.300933837890625,195.0,False,True,,,GRU,1
test_14,A3,test,14,179.799072265625,1797,79.24626922607422,0.07795347556089743,,15.200927734375,195.0,False,True,,,GRU,1
test_14,A3,test,14,179.89907836914062,1798,79.24626922607422,0.07744062374799679,,15.100921630859375,195.0,False,True,,,GRU,1
test_14,A3,test,14,179.9990692138672,1799,79.24626922607422,0.07692785018529648,,15.000930786132812,195.0,False,True,,,GRU,1
test_14,A3,test,14,180.09906005859375,1800,79.24626922607422,0.07641507662259615,,14.90093994140625,195.0,False,True,,,GRU,1
test_14,A3,test,14,180.19906616210938,1801,79.24626922607422,0.07590222480969551,,14.800933837890625,195.0,False,True,,,GRU,1
test_14,A3,test,14,180.299072265625,1802,79.24626922607422,0.07538937299679487,,14.700927734375,195.0,False,True,,,GRU,1
test_14,A3,test,14,180.39906311035156,1803,79.24626922607422,0.07487659943409455,,14.600936889648438,195.0,False,True,,,GRU,1
test_14,A3,test,14,180.49905395507812,1804,79.24626922607422,0.07436382587139423,,14.500946044921875,195.0,False,True,,,GRU,1
test_14,A3,test,14,180.59906005859375,1805,79.24626922607422,0.07385097405849358,,14.40093994140625,195.0,False,True,,,GRU,1
test_14,A3,test,14,180.69906616210938,1806,79.24626922607422,0.07333812224559295,,14.300933837890625,195.0,False,True,,,GRU,1
test_14,A3,test,14,180.79905700683594,1807,79.24626922607422,0.07282534868289263,,14.200942993164062,195.0,False,True,,,GRU,1
test_14,A3,test,14,180.8990478515625,1808,79.24626922607422,0.0723125751201923,,14.1009521484375,195.0,False,True,,,GRU,1
test_14,A3,test,14,180.99905395507812,1809,79.24626922607422,0.07179972330729166,,14.000946044921875,195.0,False,True,,,GRU,1
test_14,A3,test,14,181.09906005859375,1810,79.24626922607422,0.07128687149439103,,13.90093994140625,195.0,False,True,,,GRU,1
test_14,A3,test,14,181.1990509033203,1811,79.24626922607422,0.0707740979316907,,13.800949096679688,195.0,False,True,,,GRU,1
test_14,A3,test,14,181.29904174804688,1812,79.24626922607422,0.07026132436899038,,13.700958251953125,195.0,False,True,,,GRU,1
test_14,A3,test,14,181.3990478515625,1813,79.24626922607422,0.06974847255608975,,13.6009521484375,195.0,False,True,,,GRU,1
test_14,A3,test,14,181.49905395507812,1814,79.24626922607422,0.0692356207431891,,13.500946044921875,195.0,False,True,,,GRU,1
test_14,A3,test,14,181.5990447998047,1815,79.24626922607422,0.06872284718048878,,13.400955200195312,195.0,False,True,,,GRU,1
test_14,A3,test,14,181.69903564453125,1816,79.24626922607422,0.06821007361778846,,13.30096435546875,195.0,False,True,,,GRU,1
test_14,A3,test,14,181.79904174804688,1817,79.24626922607422,0.06769722180488782,,13.200958251953125,195.0,False,True,,,GRU,1
test_14,A3,test,14,181.8990478515625,1818,79.24626922607422,0.06718436999198718,,13.1009521484375,195.0,False,True,,,GRU,1
test_14,A3,test,14,181.99903869628906,1819,79.24626922607422,0.06667159642928686,,13.000961303710938,195.0,False,True,,,GRU,1
test_14,A3,test,14,182.09902954101562,1820,79.24626922607422,0.06615882286658654,,12.900970458984375,195.0,False,True,,,GRU,1
test_14,A3,test,14,182.19903564453125,1821,79.24626922607422,0.0656459710536859,,12.80096435546875,195.0,False,True,,,GRU,1
test_14,A3,test,14,182.29904174804688,1822,79.24626922607422,0.06513311924078526,,12.700958251953125,195.0,False,True,,,GRU,1
test_14,A3,test,14,182.39903259277344,1823,79.24626922607422,0.06462034567808493,,12.600967407226562,195.0,False,True,,,GRU,1
test_14,A3,test,14,182.4990234375,1824,79.24626922607422,0.06410757211538462,,12.5009765625,195.0,False,True,,,GRU,1
test_14,A3,test,14,182.59902954101562,1825,79.24626922607422,0.06359472030248398,,12.400970458984375,195.0,False,True,,,GRU,1
test_14,A3,test,14,182.69903564453125,1826,79.24626922607422,0.06308186848958333,,12.30096435546875,195.0,False,True,,,GRU,1
test_14,A3,test,14,182.7990264892578,1827,79.24626922607422,0.062569094926883,,12.200973510742188,195.0,False,True,,,GRU,1
test_14,A3,test,14,182.89901733398438,1828,79.24626922607422,0.062056321364182696,,12.100982666015625,195.0,False,True,,,GRU,1
test_14,A3,test,14,182.9990234375,1829,79.24626922607422,0.06154346955128205,,12.0009765625,195.0,False,True,,,GRU,1
test_14,A3,test,14,183.09902954101562,1830,79.24626922607422,0.06103061773838141,,11.900970458984375,195.0,False,True,,,GRU,1
test_14,A3,test,14,183.1990203857422,1831,79.24626922607422,0.06051784417568109,,11.800979614257812,195.0,False,True,,,GRU,1
test_14,A3,test,14,183.29901123046875,1832,79.24626922607422,0.06000507061298077,,11.70098876953125,195.0,False,True,,,GRU,1
test_14,A3,test,14,183.39901733398438,1833,79.24626922607422,0.05949221880008013,,11.600982666015625,195.0,False,True,,,GRU,1
test_14,A3,test,14,183.4990234375,1834,79.24626922607422,0.05897936698717949,,11.5009765625,195.0,False,True,,,GRU,1
test_14,A3,test,14,183.59901428222656,1835,79.24626922607422,0.058466593424479164,,11.400985717773438,195.0,False,True,,,GRU,1
test_14,A3,test,14,183.69900512695312,1836,79.24626922607422,0.057953819861778846,,11.300994873046875,195.0,False,True,,,GRU,1
test_14,A3,test,14,183.79901123046875,1837,79.24626922607422,0.0574409680488782,,11.20098876953125,195.0,False,True,,,GRU,1
test_14,A3,test,14,183.89901733398438,1838,79.24626922607422,0.056928116235977565,,11.100982666015625,195.0,False,True,,,GRU,1
test_14,A3,test,14,183.99900817871094,1839,79.24626922607422,0.05641534267327725,,11.000991821289062,195.0,False,True,,,GRU,1
test_14,A3,test,14,184.0989990234375,1840,79.24626922607422,0.05590256911057692,,10.9010009765625,195.0,False,True,,,GRU,1
test_14,A3,test,14,184.19900512695312,1841,79.24626922607422,0.055389717297676284,,10.800994873046875,195.0,False,True,,,GRU,1
test_14,A3,test,14,184.29901123046875,1842,79.24626922607422,0.05487686548477564,,10.70098876953125,195.0,False,True,,,GRU,1
test_14,A3,test,14,184.3990020751953,1843,79.24626922607422,0.05436409192207532,,10.600997924804688,195.0,False,True,,,GRU,1
test_14,A3,test,14,184.49899291992188,1844,79.24626922607422,0.053851318359375,,10.501007080078125,195.0,False,True,,,GRU,1
test_14,A3,test,14,184.5989990234375,1845,79.24626922607422,0.05333846654647436,,10.4010009765625,195.0,False,True,,,GRU,1
test_14,A3,test,14,184.69900512695312,1846,79.24626922607422,0.052825614733573716,,10.300994873046875,195.0,False,True,,,GRU,1
test_14,A3,test,14,184.7989959716797,1847,79.24626922607422,0.0523128411708734,,10.201004028320312,195.0,False,True,,,GRU,1
test_14,A3,test,14,184.89898681640625,1848,79.24626922607422,0.05180006760817308,,10.10101318359375,195.0,False,True,,,GRU,1
test_14,A3,test,14,184.99899291992188,1849,79.24626922607422,0.051287215795272435,,10.001007080078125,195.0,False,True,,,GRU,1
test_14,A3,test,14,185.0989990234375,1850,79.24626922607422,0.0507743639823718,,9.9010009765625,195.0,False,True,,,GRU,1
test_14,A3,test,14,185.19898986816406,1851,79.24626922607422,0.05026159041967147,,9.801010131835938,195.0,False,True,,,GRU,1
test_14,A3,test,14,185.29898071289062,1852,79.24626922607422,0.049748816856971155,,9.701019287109375,195.0,False,True,,,GRU,1
test_14,A3,test,14,185.39898681640625,1853,79.24626922607422,0.04923596504407051,,9.60101318359375,195.0,False,True,,,GRU,1
test_14,A3,test,14,185.49899291992188,1854,79.24626922607422,0.04872311323116987,,9.501007080078125,195.0,False,True,,,GRU,1
test_14,A3,test,14,185.59898376464844,1855,79.24626922607422,0.04821033966846955,,9.401016235351562,195.0,False,True,,,GRU,1
test_14,A3,test,14,185.698974609375,1856,79.24626922607422,0.04769756610576923,,9.301025390625,195.0,False,True,,,GRU,1
test_14,A3,test,14,185.79898071289062,1857,79.24626922607422,0.04718471429286859,,9.201019287109375,195.0,False,True,,,GRU,1
test_14,A3,test,14,185.89898681640625,1858,79.24626922607422,0.04667186247996795,,9.10101318359375,195.0,False,True,,,GRU,1
test_14,A3,test,14,185.9989776611328,1859,79.24626922607422,0.04615908891726763,,9.001022338867188,195.0,False,True,,,GRU,1
test_14,A3,test,14,186.09896850585938,1860,79.24626922607422,0.045646315354567306,,8.901031494140625,195.0,False,True,,,GRU,1
test_14,A3,test,14,186.198974609375,1861,79.24626922607422,0.04513346354166667,,8.801025390625,195.0,False,True,,,GRU,1
test_14,A3,test,14,186.29898071289062,1862,79.24626922607422,0.044620611728766024,,8.701019287109375,195.0,False,True,,,GRU,1
test_14,A3,test,14,186.3989715576172,1863,79.24626922607422,0.044107838166065706,,8.601028442382812,195.0,False,True,,,GRU,1
test_14,A3,test,14,186.49896240234375,1864,79.24626922607422,0.04359506460336538,,8.50103759765625,195.0,False,True,,,GRU,1
test_14,A3,test,14,186.59896850585938,1865,79.24626922607422,0.043082212790464744,,8.401031494140625,195.0,False,True,,,GRU,1
test_14,A3,test,14,186.698974609375,1866,79.24626922607422,0.0425693609775641,,8.301025390625,195.0,False,True,,,GRU,1
test_14,A3,test,14,186.79896545410156,1867,79.24626922607422,0.04205658741486378,,8.201034545898438,195.0,False,True,,,GRU,1
test_14,A3,test,14,186.89895629882812,1868,79.24626922607422,0.041543813852163464,,8.101043701171875,195.0,False,True,,,GRU,1
test_14,A3,test,14,186.99896240234375,1869,79.24626922607422,0.04103096203926282,,8.00103759765625,195.0,False,True,,,GRU,1
test_14,A3,test,14,187.09896850585938,1870,79.24626922607422,0.04051811022636218,,7.901031494140625,195.0,False,True,,,GRU,1
test_14,A3,test,14,187.19895935058594,1871,79.24626922607422,0.04000533666366186,,7.8010406494140625,195.0,False,True,,,GRU,1
test_14,A3,test,14,187.2989501953125,1872,79.24626922607422,0.03949256310096154,,7.7010498046875,195.0,False,True,,,GRU,1
test_14,A3,test,14,187.39895629882812,1873,79.24626922607422,0.038979711288060895,,7.601043701171875,195.0,False,True,,,GRU,1
test_14,A3,test,14,187.49896240234375,1874,79.24626922607422,0.03846685947516026,,7.50103759765625,195.0,False,True,,,GRU,1
test_14,A3,test,14,187.5989532470703,1875,79.24626922607422,0.03795408591245993,,7.4010467529296875,195.0,False,True,,,GRU,1
test_14,A3,test,14,187.69894409179688,1876,79.24626922607422,0.037441312349759615,,7.301055908203125,195.0,False,True,,,GRU,1
test_14,A3,test,14,187.7989501953125,1877,79.24626922607422,0.03692846053685898,,7.2010498046875,195.0,False,True,,,GRU,1
test_14,A3,test,14,187.89895629882812,1878,79.24626922607422,0.03641560872395833,,7.101043701171875,195.0,False,True,,,GRU,1
test_14,A3,test,14,187.9989471435547,1879,79.24626922607422,0.035902835161258015,,7.0010528564453125,195.0,False,True,,,GRU,1
test_14,A3,test,14,188.09893798828125,1880,79.24626922607422,0.03539006159855769,,6.90106201171875,195.0,False,True,,,GRU,1
test_14,A3,test,14,188.19894409179688,1881,79.24626922607422,0.03487720978565705,,6.801055908203125,195.0,False,True,,,GRU,1
test_14,A3,test,14,188.2989501953125,1882,79.24626922607422,0.03436435797275641,,6.7010498046875,195.0,False,True,,,GRU,1
test_14,A3,test,14,188.39894104003906,1883,79.24626922607422,0.03385158441005609,,6.6010589599609375,195.0,False,True,,,GRU,1
test_14,A3,test,14,188.49893188476562,1884,79.24626922607422,0.03333881084735577,,6.501068115234375,195.0,False,True,,,GRU,1
test_14,A3,test,14,188.59893798828125,1885,79.24626922607422,0.03282595903445513,,6.40106201171875,195.0,False,True,,,GRU,1
test_14,A3,test,14,188.69894409179688,1886,79.24626922607422,0.032313107221554484,,6.301055908203125,195.0,False,True,,,GRU,1
test_14,A3,test,14,188.79893493652344,1887,79.24626922607422,0.031800333658854166,,6.2010650634765625,195.0,False,True,,,GRU,1
test_14,A3,test,14,188.89892578125,1888,79.24626922607422,0.03128756009615385,,6.10107421875,195.0,False,True,,,GRU,1
test_14,A3,test,14,188.99893188476562,1889,79.24626922607422,0.030774708283253203,,6.001068115234375,195.0,False,True,,,GRU,1
test_14,A3,test,14,189.09893798828125,1890,79.24626922607422,0.030261856470352563,,5.90106201171875,195.0,False,True,,,GRU,1
test_14,A3,test,14,189.1989288330078,1891,79.24626922607422,0.029749082907652245,,5.8010711669921875,195.0,False,True,,,GRU,1
test_14,A3,test,14,189.29891967773438,1892,79.24626922607422,0.029236309344951923,,5.701080322265625,195.0,False,True,,,GRU,1
test_14,A3,test,14,189.39892578125,1893,79.24626922607422,0.028723457532051282,,5.60107421875,195.0,False,True,,,GRU,1
test_14,A3,test,14,189.49893188476562,1894,79.24626922607422,0.02821060571915064,,5.501068115234375,195.0,False,True,,,GRU,1
test_14,A3,test,14,189.5989227294922,1895,79.24626922607422,0.02769783215645032,,5.4010772705078125,195.0,False,True,,,GRU,1
test_14,A3,test,14,189.69891357421875,1896,79.24626922607422,0.02718505859375,,5.30108642578125,195.0,False,True,,,GRU,1
test_14,A3,test,14,189.79891967773438,1897,79.24626922607422,0.026672206780849358,,5.201080322265625,195.0,False,True,,,GRU,1
test_14,A3,test,14,189.89892578125,1898,79.24626922607422,0.026159354967948717,,5.10107421875,195.0,False,True,,,GRU,1
test_14,A3,test,14,189.99891662597656,1899,79.24626922607422,0.0256465814052484,,5.0010833740234375,195.0,False,True,,,GRU,1
test_14,A3,test,14,190.09890747070312,1900,79.24626922607422,0.025133807842548078,,4.901092529296875,195.0,False,True,,,GRU,1
test_14,A3,test,14,190.19891357421875,1901,79.24626922607422,0.024620956029647437,,4.80108642578125,195.0,False,True,,,GRU,1
test_14,A3,test,14,190.29891967773438,1902,79.24626922607422,0.024108104216746796,,4.701080322265625,195.0,False,True,,,GRU,1
test_14,A3,test,14,190.39891052246094,1903,79.24626922607422,0.023595330654046474,,4.6010894775390625,195.0,False,True,,,GRU,1
test_14,A3,test,14,190.4989013671875,1904,79.24626922607422,0.023082557091346153,,4.5010986328125,195.0,False,True,,,GRU,1
test_14,A3,test,14,190.59890747070312,1905,79.24626922607422,0.022569705278445512,,4.401092529296875,195.0,False,True,,,GRU,1
test_14,A3,test,14,190.69891357421875,1906,79.24626922607422,0.02205685346554487,,4.30108642578125,195.0,False,True,,,GRU,1
test_14,A3,test,14,190.7989044189453,1907,79.24626922607422,0.02154407990284455,,4.2010955810546875,195.0,False,True,,,GRU,1
test_14,A3,test,14,190.89889526367188,1908,79.24626922607422,0.021031306340144232,,4.101104736328125,195.0,False,True,,,GRU,1
test_14,A3,test,14,190.9989013671875,1909,79.24626922607422,0.02051845452724359,,4.0010986328125,195.0,False,True,,,GRU,1
test_14,A3,test,14,191.09890747070312,1910,79.24626922607422,0.02000560271434295,,3.901092529296875,195.0,False,True,,,GRU,1
test_14,A3,test,14,191.1988983154297,1911,79.24626922607422,0.01949282915164263,,3.8011016845703125,195.0,False,True,,,GRU,1
test_14,A3,test,14,191.29888916015625,1912,79.24626922607422,0.018980055588942307,,3.70111083984375,195.0,False,True,,,GRU,1
test_14,A3,test,14,191.39889526367188,1913,79.24626922607422,0.018467203776041666,,3.601104736328125,195.0,False,True,,,GRU,1
test_14,A3,test,14,191.4989013671875,1914,79.24626922607422,0.017954351963141026,,3.5010986328125,195.0,False,True,,,GRU,1
test_14,A3,test,14,191.59889221191406,1915,79.24626922607422,0.017441578400440704,,3.4011077880859375,195.0,False,True,,,GRU,1
test_14,A3,test,14,191.69888305664062,1916,79.24626922607422,0.016928804837740386,,3.301116943359375,195.0,False,True,,,GRU,1
test_14,A3,test,14,191.79888916015625,1917,79.24626922607422,0.016415953024839742,,3.20111083984375,195.0,False,True,,,GRU,1
test_14,A3,test,14,191.89889526367188,1918,79.24626922607422,0.0159031012119391,,3.101104736328125,195.0,False,True,,,GRU,1
test_14,A3,test,14,191.99888610839844,1919,79.24626922607422,0.015390327649238781,,3.0011138916015625,195.0,False,True,,,GRU,1
test_14,A3,test,14,192.098876953125,1920,79.24626922607422,0.014877554086538462,,2.901123046875,195.0,False,True,,,GRU,1
test_14,A3,test,14,192.19888305664062,1921,79.24626922607422,0.01436470227363782,,2.801116943359375,195.0,False,True,,,GRU,1
test_14,A3,test,14,192.29888916015625,1922,79.24626922607422,0.01385185046073718,,2.70111083984375,195.0,False,True,,,GRU,1
test_14,A3,test,14,192.3988800048828,1923,79.24626922607422,0.013339076898036858,,2.6011199951171875,195.0,False,True,,,GRU,1
test_14,A3,test,14,192.49887084960938,1924,79.24626922607422,0.012826303335336539,,2.501129150390625,195.0,False,True,,,GRU,1
test_14,A3,test,14,192.598876953125,1925,79.24626922607422,0.012313451522435898,,2.401123046875,195.0,False,True,,,GRU,1
test_14,A3,test,14,192.69888305664062,1926,79.24626922607422,0.011800599709535257,,2.301116943359375,195.0,False,True,,,GRU,1
test_14,A3,test,14,192.7988739013672,1927,79.24626922607422,0.011287826146834936,,2.2011260986328125,195.0,False,True,,,GRU,1
test_14,A3,test,14,192.89886474609375,1928,79.24626922607422,0.010775052584134616,,2.10113525390625,195.0,False,True,,,GRU,1
test_14,A3,test,14,192.99887084960938,1929,79.24626922607422,0.010262200771233975,,2.001129150390625,195.0,False,True,,,GRU,1
test_14,A3,test,14,193.098876953125,1930,79.24626922607422,0.009749348958333333,,1.901123046875,195.0,False,True,,,GRU,1
test_14,A3,test,14,193.19886779785156,1931,79.24626922607422,0.009236575395633013,,1.8011322021484375,195.0,False,True,,,GRU,1
test_14,A3,test,14,193.29885864257812,1932,79.24626922607422,0.008723801832932693,,1.701141357421875,195.0,False,True,,,GRU,1
test_14,A3,test,14,193.39886474609375,1933,79.24626922607422,0.00821095002003205,,1.60113525390625,195.0,False,True,,,GRU,1
test_14,A3,test,14,193.49887084960938,1934,79.24626922607422,0.0076980982071314106,,1.501129150390625,195.0,False,True,,,GRU,1
test_14,A3,test,14,193.59886169433594,1935,79.24626922607422,0.00718532464443109,,1.4011383056640625,195.0,False,True,,,GRU,1
test_14,A3,test,14,193.6988525390625,1936,79.24626922607422,0.006672551081730769,,1.3011474609375,195.0,False,True,,,GRU,1
test_14,A3,test,14,193.79885864257812,1937,79.24626922607422,0.0061596992688301285,,1.201141357421875,195.0,False,True,,,GRU,1
test_14,A3,test,14,193.89886474609375,1938,79.24626922607422,0.005646847455929487,,1.10113525390625,195.0,False,True,,,GRU,1
test_14,A3,test,14,193.9988555908203,1939,79.24626922607422,0.005134073893229166,,1.0011444091796875,195.0,False,True,,,GRU,1
test_14,A3,test,14,194.09884643554688,1940,79.24626922607422,0.0046213003305288465,,0.901153564453125,195.0,False,True,,,GRU,1
test_14,A3,test,14,194.1988525390625,1941,79.24626922607422,0.004108448517628205,,0.8011474609375,195.0,False,True,,,GRU,1
test_14,A3,test,14,194.29885864257812,1942,79.24626922607422,0.003595596704727564,,0.701141357421875,195.0,False,True,,,GRU,1
test_14,A3,test,14,194.3988494873047,1943,79.24626922607422,0.0030828231420272434,,0.6011505126953125,195.0,False,True,,,GRU,1
test_14,A3,test,14,194.49884033203125,1944,79.24626922607422,0.0025700495793269233,,0.50115966796875,195.0,False,True,,,GRU,1
test_14,A3,test,14,194.59884643554688,1945,79.24626922607422,0.002057197766426282,,0.401153564453125,195.0,False,True,,,GRU,1
test_14,A3,test,14,194.6988525390625,1946,79.24626922607422,0.001544345953525641,,0.3011474609375,195.0,False,True,,,GRU,1
test_14,A3,test,14,194.79884338378906,1947,79.24626922607422,0.0010315723908253206,,0.2011566162109375,195.0,False,True,,,GRU,1
test_14,A3,test,14,194.89883422851562,1948,79.24626922607422,0.000518798828125,,0.101165771484375,195.0,False,True,,,GRU,1
test_14,A3,test,14,194.99884033203125,1949,79.24626922607422,5.947015224358974e-06,,0.00115966796875,195.0,False,True,,,GRU,1
test_16,A3,test,16,0.10000000149011612,0,118.21446990966797,0.9992223381996155,1.0,128.5,128.60000610351562,True,False,0.786970317363739,101.20438761626247,GRU,1
test_16,A3,test,16,0.20000000298023224,1,118.21446990966797,0.998444676399231,1.0,128.39999389648438,128.60000610351562,True,False,0.9292213916778564,119.49787664128962,GRU,1
test_16,A3,test,16,0.30000001192092896,2,118.21446990966797,0.997667133808136,1.0,128.3000030517578,128.60000610351562,True,False,1.0,128.60000610351562,GRU,1
test_16,A3,test,16,0.4000000059604645,3,118.21446990966797,0.9968895316123962,1.0,128.1999969482422,128.60000610351562,True,False,1.0,128.60000610351562,GRU,1
test_16,A3,test,16,0.5,4,118.21446990966797,0.9961119890213013,1.0,128.10000610351562,128.60000610351562,True,False,1.0,128.60000610351562,GRU,1
test_16,A3,test,16,0.6000000238418579,5,118.21446990966797,0.9953343272209167,1.0,128.0,128.60000610351562,True,False,1.0,128.60000610351562,GRU,1
test_16,A3,test,16,0.699999988079071,6,118.21446990966797,0.994556725025177,1.0,127.9000015258789,128.60000610351562,True,False,0.9927228093147278,127.66415933697317,GRU,1
test_16,A3,test,16,0.800000011920929,7,118.21446990966797,0.9937791228294373,1.0,127.80000305175781,128.60000610351562,True,False,0.9090097546577454,116.8986599971413,GRU,1
test_16,A3,test,16,0.8999999761581421,8,118.21446990966797,0.9930014610290527,1.0,127.69999694824219,128.60000610351562,True,False,0.9235680103302002,118.77085176547553,GRU,1
test_16,A3,test,16,1.0,9,118.21446990966797,0.9922239184379578,1.0,127.5999984741211,128.60000610351562,True,False,0.9153092503547668,117.70877518222733,GRU,1
test_16,A3,test,16,1.100000023841858,10,118.21446990966797,0.991446316242218,1.0,127.5,128.60000610351562,True,False,0.9088087677955627,116.87281308543788,GRU,1
test_16,A3,test,16,1.2000000476837158,11,118.21446990966797,0.9906687140464783,1.0,127.4000015258789,128.60000610351562,True,False,0.8994070887565613,115.663757103639,GRU,1
test_16,A3,test,16,1.2999999523162842,12,118.21446990966797,0.9898911118507385,1.0,127.30000305175781,128.60000610351562,True,False,0.8920939564704895,114.72328824701435,GRU,1
test_16,A3,test,16,1.399999976158142,13,118.21446990966797,0.989113450050354,1.0,127.19999694824219,128.60000610351562,True,False,0.885042130947113,113.81642344166721,GRU,1
test_16,A3,test,16,1.5,14,118.21446990966797,0.9883358478546143,1.0,127.0999984741211,128.60000610351562,True,False,0.8843933939933777,113.73299586545727,GRU,1
test_16,A3,test,16,1.600000023841858,15,118.21446990966797,0.9875582456588745,1.0,127.0,128.60000610351562,True,False,0.8722591996192932,112.17253839488876,GRU,1
test_16,A3,test,16,1.7000000476837158,16,118.21446990966797,0.9867807030677795,1.0,126.9000015258789,128.60000610351562,True,False,0.8669385313987732,111.4883004292551,GRU,1
test_16,A3,test,16,1.7999999523162842,17,118.21446990966797,0.9860031008720398,1.0,126.80000305175781,128.60000610351562,True,False,0.8649101853370667,111.2274551133396,GRU,1
test_16,A3,test,16,1.899999976158142,18,118.21446990966797,0.9852254390716553,1.0,126.69999694824219,128.60000610351562,True,False,0.8626937866210938,110.94242622493766,GRU,1
test_16,A3,test,16,2.0,19,118.21446990966797,0.9844478368759155,1.0,126.5999984741211,128.60000610351562,True,False,0.861169159412384,110.746359156592,GRU,1
test_16,A3,test,16,2.0999999046325684,20,118.21446990966797,0.9836702346801758,1.0,126.5,128.60000610351562,True,False,0.8623213171958923,110.89452665458339,GRU,1
test_16,A3,test,16,2.200000047683716,21,118.21446990966797,0.982892632484436,1.0,126.4000015258789,128.60000610351562,True,False,0.8653049468994141,111.27822145266691,GRU,1
test_16,A3,test,16,2.299999952316284,22,118.21446990966797,0.9821150898933411,1.0,126.30000305175781,128.60000610351562,True,False,0.8625636100769043,110.92568552056036,GRU,1
test_16,A3,test,16,2.4000000953674316,23,118.21446990966797,0.9813374280929565,1.0,126.19999694824219,128.60000610351562,True,False,0.8629785180091858,110.97904268318416,GRU,1
test_16,A3,test,16,2.5,24,118.21446990966797,0.9805598258972168,1.0,126.0999984741211,128.60000610351562,True,False,0.8614398837089539,110.78117430278326,GRU,1
test_16,A3,test,16,2.5999999046325684,25,118.21446990966797,0.979782223701477,1.0,126.0,128.60000610351562,True,False,0.8633085489273071,111.02148466126891,GRU,1
test_16,A3,test,16,2.700000047683716,26,118.21446990966797,0.9790046215057373,1.0,125.9000015258789,128.60000610351562,True,False,0.8617226481437683,110.81753781082625,GRU,1
test_16,A3,test,16,2.799999952316284,27,118.21446990966797,0.9782270193099976,1.0,125.80000305175781,128.60000610351562,True,False,0.8618243336677551,110.8306145698316,GRU,1
test_16,A3,test,16,2.9000000953674316,28,118.21446990966797,0.977449357509613,1.0,125.69999694824219,128.60000610351562,True,False,0.8642924427986145,111.14801341912425,GRU,1
test_16,A3,test,16,3.0,29,118.21446990966797,0.9766718149185181,1.0,125.5999984741211,128.60000610351562,True,False,0.8575730323791504,110.28389719816914,GRU,1
test_16,A3,test,16,3.0999999046325684,30,118.21446990966797,0.9758942127227783,1.0,125.5,128.60000610351562,True,False,0.8573307394981384,110.25273833219217,GRU,1
test_16,A3,test,16,3.200000047683716,31,118.21446990966797,0.9751166105270386,1.0,125.4000015258789,128.60000610351562,True,False,0.8621927499771118,110.8779929094635,GRU,1
test_16,A3,test,16,3.299999952316284,32,118.21446990966797,0.9743390083312988,1.0,125.30000305175781,128.60000610351562,True,False,0.8605770468711853,110.67021348017988,GRU,1
test_16,A3,test,16,3.4000000953674316,33,118.21446990966797,0.9735613465309143,1.0,125.19999694824219,128.60000610351562,True,False,0.8574388027191162,110.26663526306947,GRU,1
test_16,A3,test,16,3.5,34,118.21446990966797,0.9727837443351746,1.0,125.0999984741211,128.60000610351562,True,False,0.8519716858863831,109.56356400501136,GRU,1
test_16,A3,test,16,3.5999999046325684,35,118.21446990966797,0.9720062017440796,1.0,125.0,128.60000610351562,True,False,0.8501206040382385,109.32551486804186,GRU,1
test_16,A3,test,16,3.700000047683716,36,118.21446990966797,0.9712285995483398,1.0,124.9000015258789,128.60000610351562,True,False,0.8522857427597046,109.60395172083736,GRU,1
test_16,A3,test,16,3.799999952316284,37,118.21446990966797,0.9704509973526001,1.0,124.80000305175781,128.60000610351562,True,False,0.8549543023109436,109.94712849541429,GRU,1
test_16,A3,test,16,3.9000000953674316,38,118.21446990966797,0.9696733355522156,1.0,124.69999694824219,128.60000610351562,True,False,0.8545021414756775,109.8889806092393,GRU,1
test_16,A3,test,16,4.0,39,118.21446990966797,0.9688957333564758,1.0,124.5999984741211,128.60000610351562,True,False,0.8543979525566101,109.87558191361131,GRU,1
test_16,A3,test,16,4.099999904632568,40,118.21446990966797,0.9681181311607361,1.0,124.5,128.60000610351562,True,False,0.856285035610199,110.11826080582068,GRU,1
test_16,A3,test,16,4.199999809265137,41,118.21446990966797,0.9673405289649963,1.0,124.4000015258789,128.60000610351562,True,False,0.8599140048027039,110.58494626612628,GRU,1
test_16,A3,test,16,4.300000190734863,42,118.21446990966797,0.9665629863739014,1.0,124.30000305175781,128.60000610351562,True,False,0.8555440306663513,110.02296756551914,GRU,1
test_16,A3,test,16,4.400000095367432,43,118.21446990966797,0.9657853245735168,1.0,124.19999694824219,128.60000610351562,True,False,0.8524275422096252,109.62218713096263,GRU,1
test_16,A3,test,16,4.5,44,118.21446990966797,0.9650077223777771,1.0,124.0999984741211,128.60000610351562,True,False,0.8512341380119324,109.46871534385537,GRU,1
test_16,A3,test,16,4.599999904632568,45,118.21446990966797,0.9642301201820374,1.0,124.0,128.60000610351562,True,False,0.845452070236206,108.72514139260602,GRU,1
test_16,A3,test,16,4.699999809265137,46,118.21446990966797,0.9634525179862976,1.0,123.9000015258789,128.60000610351562,True,False,0.8403899073600769,108.07414721583882,GRU,1
test_16,A3,test,16,4.800000190734863,47,118.21446990966797,0.9626749157905579,1.0,123.80000305175781,128.60000610351562,True,False,0.8447064757347107,108.62925793516297,GRU,1
test_16,A3,test,16,4.900000095367432,48,118.21446990966797,0.9618973135948181,1.0,123.69999694824219,128.60000610351562,True,False,0.84858638048172,109.12821370930942,GRU,1
test_16,A3,test,16,5.0,49,118.21446990966797,0.9611197113990784,1.0,123.5999984741211,128.60000610351562,True,False,0.854839026927948,109.93230408045747,GRU,1
test_16,A3,test,16,5.099999904632568,50,118.21446990966797,0.9603421092033386,1.0,123.5,128.60000610351562,True,False,0.8539448976516724,109.81731905007109,GRU,1
test_16,A3,test,16,5.199999809265137,51,118.21446990966797,0.9595645070075989,1.0,123.4000015258789,128.60000610351562,True,False,0.8559515476226807,110.07537424859038,GRU,1
test_16,A3,test,16,5.300000190734863,52,118.21446990966797,0.9587869048118591,1.0,123.30000305175781,128.60000610351562,True,False,0.8615872263908386,110.80012257257295,GRU,1
test_16,A3,test,16,5.400000095367432,53,118.21446990966797,0.9580092430114746,1.0,123.19999694824219,128.60000610351562,True,False,0.8710349202156067,112.01509605610227,GRU,1
test_16,A3,test,16,5.5,54,118.21446990966797,0.9572316408157349,1.0,123.0999984741211,128.60000610351562,True,False,0.873514711856842,112.33399727630058,GRU,1
test_16,A3,test,16,5.599999904632568,55,118.21446990966797,0.9564540982246399,1.0,123.0,128.60000610351562,True,False,0.8694798946380615,111.81511975733883,GRU,1
test_16,A3,test,16,5.699999809265137,56,118.21446990966797,0.9556764960289001,1.0,122.9000015258789,128.60000610351562,True,False,0.8631731867790222,111.00407708817329,GRU,1
test_16,A3,test,16,5.800000190734863,57,118.21446990966797,0.9548988938331604,1.0,122.80000305175781,128.60000610351562,True,False,0.8595828413963318,110.54235865004557,GRU,1
test_16,A3,test,16,5.900000095367432,58,118.21446990966797,0.9541212320327759,1.0,122.69999694824219,128.60000610351562,True,False,0.8500845432281494,109.3208774476443,GRU,1
test_16,A3,test,16,6.0,59,118.21446990966797,0.9533436298370361,1.0,122.5999984741211,128.60000610351562,True,False,0.8497025370597839,109.27175145206093,GRU,1
test_16,A3,test,16,6.099999904632568,60,118.21446990966797,0.9525660276412964,1.0,122.5,128.60000610351562,True,False,0.8493949770927429,109.23219923842225,GRU,1
test_16,A3,test,16,6.199999809265137,61,118.21446990966797,0.9517884850502014,1.0,122.4000015258789,128.60000610351562,True,False,0.8522863984107971,109.60403603757186,GRU,1
test_16,A3,test,16,6.300000190734863,62,118.21446990966797,0.9510108828544617,1.0,122.30000305175781,128.60000610351562,True,False,0.8505979180335999,109.38689745075862,GRU,1
test_16,A3,test,16,6.400000095367432,63,118.21446990966797,0.9502332210540771,1.0,122.19999694824219,128.60000610351562,True,False,0.8537817597389221,109.7963395134957,GRU,1
test_16,A3,test,16,6.5,64,118.21446990966797,0.9494556188583374,1.0,122.0999984741211,128.60000610351562,True,False,0.8516077995300293,109.51676821736328,GRU,1
test_16,A3,test,16,6.599999904632568,65,118.21446990966797,0.9486780166625977,1.0,122.0,128.60000610351562,True,False,0.8533726334571838,109.74372587116704,GRU,1
test_16,A3,test,16,6.699999809265137,66,118.21446990966797,0.9479004144668579,1.0,121.9000015258789,128.60000610351562,True,False,0.8484859466552734,109.1152979186154,GRU,1
test_16,A3,test,16,6.800000190734863,67,118.21446990966797,0.9471228122711182,1.0,121.80000305175781,128.60000610351562,True,False,0.8425831198692322,108.3561943579025,GRU,1
test_16,A3,test,16,6.900000095367432,68,118.21446990966797,0.9463452100753784,1.0,121.69999694824219,128.60000610351562,True,False,0.8421344757080078,108.29849871603074,GRU,1
test_16,A3,test,16,7.0,69,118.21446990966797,0.9455676078796387,1.0,121.5999984741211,128.60000610351562,True,False,0.8428410887718201,108.38936916034982,GRU,1
test_16,A3,test,16,7.099999904632568,70,118.21446990966797,0.9447900056838989,1.0,121.5,128.60000610351562,True,False,0.837191641330719,107.66285018494273,GRU,1
test_16,A3,test,16,7.199999809265137,71,118.21446990966797,0.9440124034881592,1.0,121.4000015258789,128.60000610351562,True,False,0.8333953022956848,107.17464096186632,GRU,1
test_16,A3,test,16,7.300000190734863,72,118.21446990966797,0.9432348012924194,1.0,121.30000305175781,128.60000610351562,True,False,0.8369094729423523,107.62656332847655,GRU,1
test_16,A3,test,16,7.400000095367432,73,118.21446990966797,0.9424571394920349,1.0,121.19999694824219,128.60000610351562,True,False,0.8351065516471863,107.39470763891404,GRU,1
test_16,A3,test,16,7.5,74,118.21446990966797,0.9416795969009399,1.0,121.0999984741211,128.60000610351562,True,False,0.8376468420028687,107.7213889941595,GRU,1
test_16,A3,test,16,7.599999904632568,75,118.21446990966797,0.9409019947052002,1.0,121.0,128.60000610351562,True,False,0.8427728414535522,108.38059255480402,GRU,1
test_16,A3,test,16,7.699999809265137,76,118.21446990966797,0.9401243925094604,1.0,120.9000015258789,128.60000610351562,True,False,0.8447493314743042,108.63476918353626,GRU,1
test_16,A3,test,16,7.800000190734863,77,118.21446990966797,0.9393467903137207,1.0,120.80000305175781,128.60000610351562,True,False,0.8441590666770935,108.55886112701228,GRU,1
test_16,A3,test,16,7.900000095367432,78,118.21446990966797,0.9385691285133362,1.0,120.69999694824219,128.60000610351562,True,False,0.8382091522216797,107.79370209173067,GRU,1
test_16,A3,test,16,8.0,79,118.21446990966797,0.9377915263175964,1.0,120.5999984741211,128.60000610351562,True,False,0.8365374207496643,107.57871741422605,GRU,1
test_16,A3,test,16,8.100000381469727,80,118.21446990966797,0.9370139241218567,1.0,120.5,128.60000610351562,True,False,0.840846836566925,108.13290831462837,GRU,1
test_16,A3,test,16,8.199999809265137,81,118.21446990966797,0.9362363815307617,1.0,120.4000015258789,128.60000610351562,True,False,0.8353699445724487,107.42857997071042,GRU,1
test_16,A3,test,16,8.300000190734863,82,118.21446990966797,0.935458779335022,1.0,120.30000305175781,128.60000610351562,True,False,0.8254258632659912,106.14977105400612,GRU,1
test_16,A3,test,16,8.399999618530273,83,118.21446990966797,0.9346811175346375,1.0,120.19999694824219,128.60000610351562,True,False,0.8281879425048828,106.50497446098598,GRU,1
test_16,A3,test,16,8.5,84,118.21446990966797,0.9339035153388977,1.0,120.0999984741211,128.60000610351562,True,False,0.8313910365104675,106.9168923696543,GRU,1
test_16,A3,test,16,8.600000381469727,85,118.21446990966797,0.933125913143158,1.0,120.0,128.60000610351562,True,False,0.8383877277374268,107.81666690414568,GRU,1
test_16,A3,test,16,8.699999809265137,86,118.21446990966797,0.9323483109474182,1.0,119.9000015258789,128.60000610351562,True,False,0.8378908038139343,107.75276248455157,GRU,1
test_16,A3,test,16,8.800000190734863,87,118.21446990966797,0.9315707683563232,1.0,119.80000305175781,128.60000610351562,True,False,0.8359308838844299,107.5007167696549,GRU,1
test_16,A3,test,16,8.899999618530273,88,118.21446990966797,0.9307931065559387,1.0,119.69999694824219,128.60000610351562,True,False,0.8416518568992615,108.23643393428029,GRU,1
test_16,A3,test,16,9.0,89,118.21446990966797,0.930015504360199,1.0,119.5999984741211,128.60000610351562,True,False,0.8452747464179993,108.70233754850233,GRU,1
test_16,A3,test,16,9.100000381469727,90,118.21446990966797,0.9292379021644592,1.0,119.5,128.60000610351562,True,False,0.8325103521347046,107.06083636576295,GRU,1
test_16,A3,test,16,9.199999809265137,91,118.21446990966797,0.9284602999687195,1.0,119.4000015258789,128.60000610351562,True,False,0.8210717439651489,105.58983128534237,GRU,1
test_16,A3,test,16,9.300000190734863,92,118.21446990966797,0.9276826977729797,1.0,119.30000305175781,128.60000610351562,True,False,0.8190243244171143,105.32653311896865,GRU,1
test_16,A3,test,16,9.399999618530273,93,118.21446990966797,0.9269050359725952,1.0,119.19999694824219,128.60000610351562,True,False,0.8215804100036621,105.65524574099982,GRU,1
test_16,A3,test,16,9.5,94,118.21446990966797,0.9261274933815002,1.0,119.0999984741211,128.60000610351562,True,False,0.8261498212814331,106.24287205921064,GRU,1
test_16,A3,test,16,9.600000381469727,95,118.21446990966797,0.9253498911857605,1.0,119.0,128.60000610351562,True,False,0.8329734206199646,107.12038697579374,GRU,1
test_16,A3,test,16,9.699999809265137,96,118.21446990966797,0.9245722889900208,1.0,118.9000015258789,128.60000610351562,True,False,0.8322518467903137,107.0275925768965,GRU,1
test_16,A3,test,16,9.800000190734863,97,118.21446990966797,0.923794686794281,1.0,118.80000305175781,128.60000610351562,True,False,0.8328034281730652,107.09852594608492,GRU,1
test_16,A3,test,16,9.899999618530273,98,118.21446990966797,0.9230170249938965,1.0,118.69999694824219,128.60000610351562,True,False,0.8331924080848694,107.14854876511708,GRU,1
test_16,A3,test,16,10.0,99,118.21446990966797,0.9222394227981567,1.0,118.5999984741211,128.60000610351562,True,False,0.8387361764907837,107.86147741595414,GRU,1
test_16,A3,test,16,10.100000381469727,100,118.21446990966797,0.9214618802070618,1.0,118.5,128.60000610351562,True,False,0.8442862629890442,108.57521857350548,GRU,1
test_16,A3,test,16,10.199999809265137,101,118.21446990966797,0.920684278011322,1.0,118.4000015258789,128.60000610351562,True,False,0.8474611639976501,108.98351086259026,GRU,1
test_16,A3,test,16,10.300000190734863,102,118.21446990966797,0.9199066758155823,1.0,118.30000305175781,128.60000610351562,True,False,0.846335232257843,108.83871603397893,GRU,1
test_16,A3,test,16,10.399999618530273,103,118.21446990966797,0.9191290140151978,1.0,118.19999694824219,128.60000610351562,True,False,0.8464489579200745,108.85334115483602,GRU,1
test_16,A3,test,16,10.5,104,118.21446990966797,0.918351411819458,1.0,118.0999984741211,128.60000610351562,True,False,0.8436136245727539,108.48871726906509,GRU,1
test_16,A3,test,16,10.600000381469727,105,118.21446990966797,0.9175738096237183,1.0,118.0,128.60000610351562,True,False,0.844326376914978,108.58037722462541,GRU,1
test_16,A3,test,16,10.699999809265137,106,118.21446990966797,0.9167962074279785,1.0,117.9000015258789,128.60000610351562,True,False,0.8425055146217346,108.34621432260064,GRU,1
test_16,A3,test,16,10.800000190734863,107,118.21446990966797,0.9160186648368835,1.0,117.80000305175781,128.60000610351562,True,False,0.8381184935569763,107.78204338689648,GRU,1
test_16,A3,test,16,10.899999618530273,108,118.21446990966797,0.915241003036499,1.0,117.69999694824219,128.60000610351562,True,False,0.8342073559761047,107.2790710701247,GRU,1
test_16,A3,test,16,11.0,109,118.21446990966797,0.9144634008407593,1.0,117.5999984741211,128.60000610351562,True,False,0.8387336134910583,107.86114781417382,GRU,1
test_16,A3,test,16,11.100000381469727,110,118.21446990966797,0.9136857986450195,1.0,117.5,128.60000610351562,True,False,0.8193195462226868,105.36449864496717,GRU,1
test_16,A3,test,16,11.199999809265137,111,118.21446990966797,0.9129081964492798,1.0,117.4000015258789,128.60000610351562,True,False,0.8150738477706909,104.81850179812682,GRU,1
test_16,A3,test,16,11.300000190734863,112,118.21446990966797,0.91213059425354,1.0,117.30000305175781,128.60000610351562,True,False,0.8233020901679993,105.87665382064188,GRU,1
test_16,A3,test,16,11.399999618530273,113,118.21446990966797,0.9113529920578003,1.0,117.19999694824219,128.60000610351562,True,False,0.8298783898353577,106.72236599800272,GRU,1
test_16,A3,test,16,11.5,114,118.21446990966797,0.9105753898620605,1.0,117.0999984741211,128.60000610351562,True,False,0.8311404585838318,106.88466804675954,GRU,1
test_16,A3,test,16,11.600000381469727,115,118.21446990966797,0.9097977876663208,1.0,117.0,128.60000610351562,True,False,0.8360292911529541,107.51337194498774,GRU,1
test_16,A3,test,16,11.699999809265137,116,118.21446990966797,0.909020185470581,1.0,116.9000015258789,128.60000610351562,True,False,0.8394777178764343,107.95683964267482,GRU,1
test_16,A3,test,16,11.800000190734863,117,118.21446990966797,0.9082425832748413,1.0,116.80000305175781,128.60000610351562,True,False,0.843122661113739,108.42557936523917,GRU,1
test_16,A3,test,16,11.899999618530273,118,118.21446990966797,0.9074649214744568,1.0,116.69999694824219,128.60000610351562,True,False,0.8448526263237,108.64805290179902,GRU,1
test_16,A3,test,16,12.0,119,118.21446990966797,0.906687319278717,1.0,116.5999984741211,128.60000610351562,True,False,0.8452717661857605,108.70195429061823,GRU,1
test_16,A3,test,16,12.100000381469727,120,118.21446990966797,0.9059097766876221,1.0,116.5,128.60000610351562,True,False,0.8326659202575684,107.08084242731275,GRU,1
test_16,A3,test,16,12.199999809265137,121,118.21446990966797,0.9051321744918823,1.0,116.4000015258789,128.60000610351562,True,False,0.8333764672279358,107.17221877203883,GRU,1
test_16,A3,test,16,12.300000190734863,122,118.21446990966797,0.9043545722961426,1.0,116.30000305175781,128.60000610351562,True,False,0.8334622979164124,107.18325659910079,GRU,1
test_16,A3,test,16,12.399999618530273,123,118.21446990966797,0.9035769104957581,1.0,116.19999694824219,128.60000610351562,True,False,0.8303540349006653,106.78353395630438,GRU,1
test_16,A3,test,16,12.5,124,118.21446990966797,0.9027993083000183,1.0,116.0999984741211,128.60000610351562,True,False,0.8310105800628662,106.86796566817065,GRU,1
test_16,A3,test,16,12.600000381469727,125,118.21446990966797,0.9020217061042786,1.0,116.0,128.60000610351562,True,False,0.8294603824615479,106.66861024717946,GRU,1
test_16,A3,test,16,12.699999809265137,126,118.21446990966797,0.9012441635131836,1.0,115.9000015258789,128.60000610351562,True,False,0.8280367255210876,106.48552795594696,GRU,1
test_16,A3,test,16,12.800000190734863,127,118.21446990966797,0.9004665613174438,1.0,115.80000305175781,128.60000610351562,True,False,0.8273972868919373,106.4032961443354,GRU,1
test_16,A3,test,16,12.899999618530273,128,118.21446990966797,0.8996888995170593,1.0,115.69999694824219,128.60000610351562,True,False,0.8280225396156311,106.48370364841867,GRU,1
test_16,A3,test,16,13.0,129,118.21446990966797,0.8989112973213196,1.0,115.5999984741211,128.60000610351562,True,False,0.8293533325195312,106.65484362398274,GRU,1
test_16,A3,test,16,13.100000381469727,130,118.21446990966797,0.8981336951255798,1.0,115.5,128.60000610351562,True,False,0.8323550820350647,107.04086863000157,GRU,1
test_16,A3,test,16,13.199999809265137,131,118.21446990966797,0.8973560929298401,1.0,115.4000015258789,128.60000610351562,True,False,0.8313677906990051,106.91390295815836,GRU,1
test_16,A3,test,16,13.300000190734863,132,118.21446990966797,0.8965784907341003,1.0,115.30000305175781,128.60000610351562,True,False,0.838676929473877,107.85385824921832,GRU,1
test_16,A3,test,16,13.399999618530273,133,118.21446990966797,0.8958008885383606,1.0,115.19999694824219,128.60000610351562,True,False,0.8430514931678772,108.41642716696697,GRU,1
test_16,A3,test,16,13.5,134,118.21446990966797,0.8950232863426208,1.0,115.0999984741211,128.60000610351562,True,False,0.8417883515357971,108.25398714537187,GRU,1
test_16,A3,test,16,13.600000381469727,135,118.21446990966797,0.8942456841468811,1.0,115.0,128.60000610351562,True,False,0.843341052532196,108.4536645029857,GRU,1
test_16,A3,test,16,13.699999809265137,136,118.21446990966797,0.8934680819511414,1.0,114.9000015258789,128.60000610351562,True,False,0.8432334065437317,108.43982122821217,GRU,1
test_16,A3,test,16,13.800000190734863,137,118.21446990966797,0.8926904797554016,1.0,114.80000305175781,128.60000610351562,True,False,0.8416951298713684,108.24199883875735,GRU,1
test_16,A3,test,16,13.899999618530273,138,118.21446990966797,0.8919128179550171,1.0,114.69999694824219,128.60000610351562,True,False,0.8353894352912903,107.4310864772724,GRU,1
test_16,A3,test,16,14.0,139,118.21446990966797,0.8911352753639221,1.0,114.5999984741211,128.60000610351562,True,False,0.8284844756126404,106.5431086204535,GRU,1
test_16,A3,test,16,14.100000381469727,140,118.21446990966797,0.8903576731681824,1.0,114.5,128.60000610351562,True,False,0.8265224099159241,106.29078695988028,GRU,1
test_16,A3,test,16,14.199999809265137,141,118.21446990966797,0.8895800709724426,1.0,114.4000015258789,128.60000610351562,True,False,0.823877215385437,105.95061492711466,GRU,1
test_16,A3,test,16,14.300000190734863,142,118.21446990966797,0.8888024687767029,1.0,114.30000305175781,128.60000610351562,True,False,0.8267175555229187,106.31588268613086,GRU,1
test_16,A3,test,16,14.399999618530273,143,118.21446990966797,0.8880248069763184,1.0,114.19999694824219,128.60000610351562,True,False,0.8324776887893677,107.05663585935326,GRU,1
test_16,A3,test,16,14.5,144,118.21446990966797,0.8872472047805786,1.0,114.0999984741211,128.60000610351562,True,False,0.8317868709564209,106.96779668181989,GRU,1
test_16,A3,test,16,14.600000381469727,145,118.21446990966797,0.8864696025848389,1.0,114.0,128.60000610351562,True,False,0.8329023718833923,107.1112501078369,GRU,1
test_16,A3,test,16,14.699999809265137,146,118.21446990966797,0.8856920599937439,1.0,113.9000015258789,128.60000610351562,True,False,0.8316864967346191,106.95488855628355,GRU,1
test_16,A3,test,16,14.800000190734863,147,118.21446990966797,0.8849144577980042,1.0,113.80000305175781,128.60000610351562,True,False,0.8293411731719971,106.65327993181563,GRU,1
test_16,A3,test,16,14.899999618530273,148,118.21446990966797,0.8841367959976196,1.0,113.69999694824219,128.60000610351562,True,False,0.8269974589347839,106.35187826660513,GRU,1
test_16,A3,test,16,15.0,149,118.21446990966797,0.8833591938018799,1.0,113.5999984741211,128.60000610351562,True,False,0.8273480534553528,106.39696472409014,GRU,1
test_16,A3,test,16,15.100000381469727,150,118.21446990966797,0.8825815916061401,1.0,113.5,128.60000610351562,True,False,0.8314096331596375,106.91928389885106,GRU,1
test_16,A3,test,16,15.199999809265137,151,118.21446990966797,0.8818039894104004,1.0,113.4000015258789,128.60000610351562,True,False,0.8332036137580872,107.14998981476128,GRU,1
test_16,A3,test,16,15.300000190734863,152,118.21446990966797,0.8810264468193054,1.0,113.30000305175781,128.60000610351562,True,False,0.8305309414863586,106.8062841443043,GRU,1
test_16,A3,test,16,15.399999618530273,153,118.21446990966797,0.8802487850189209,1.0,113.19999694824219,128.60000610351562,True,False,0.8319141268730164,106.98416179347078,GRU,1
test_16,A3,test,16,15.5,154,118.21446990966797,0.8794711828231812,1.0,113.0999984741211,128.60000610351562,True,False,0.833478569984436,107.18534918714795,GRU,1
test_16,A3,test,16,15.600000381469727,155,118.21446990966797,0.8786935806274414,1.0,113.0,128.60000610351562,True,False,0.8267396092414856,106.31871879447317,GRU,1
test_16,A3,test,16,15.699999809265137,156,118.21446990966797,0.8779159784317017,1.0,112.9000015258789,128.60000610351562,True,False,0.830730140209198,106.83190110127725,GRU,1
test_16,A3,test,16,15.800000190734863,157,118.21446990966797,0.8771383762359619,1.0,112.80000305175781,128.60000610351562,True,False,0.8403729200363159,108.07196264589948,GRU,1
test_16,A3,test,16,15.899999618530273,158,118.21446990966797,0.8763607144355774,1.0,112.69999694824219,128.60000610351562,True,False,0.8435981869697571,108.48673199322548,GRU,1
test_16,A3,test,16,16.0,159,118.21446990966797,0.8755831718444824,1.0,112.5999984741211,128.60000610351562,True,False,0.8417184948921204,108.24500358056866,GRU,1
test_16,A3,test,16,16.100000381469727,160,118.21446990966797,0.8748055696487427,1.0,112.5,128.60000610351562,True,False,0.8418615460395813,108.26339995900526,GRU,1
test_16,A3,test,16,16.200000762939453,161,118.21446990966797,0.8740279674530029,1.0,112.4000015258789,128.60000610351562,True,False,0.8334811329841614,107.18567878892827,GRU,1
test_16,A3,test,16,16.299999237060547,162,118.21446990966797,0.8732503652572632,1.0,112.30000305175781,128.60000610351562,True,False,0.8299548029899597,106.73219273015093,GRU,1
test_16,A3,test,16,16.399999618530273,163,118.21446990966797,0.8724727034568787,1.0,112.19999694824219,128.60000610351562,True,False,0.8325982093811035,107.07213480818609,GRU,1
test_16,A3,test,16,16.5,164,118.21446990966797,0.8716951012611389,1.0,112.0999984741211,128.60000610351562,True,False,0.8343742489814758,107.30053351163406,GRU,1
test_16,A3,test,16,16.600000381469727,165,118.21446990966797,0.870917558670044,1.0,112.0,128.60000610351562,True,False,0.8375754952430725,107.71221380041425,GRU,1
test_16,A3,test,16,16.700000762939453,166,118.21446990966797,0.8701399564743042,1.0,111.9000015258789,128.60000610351562,True,False,0.8368988037109375,107.62519126525149,GRU,1
test_16,A3,test,16,16.799999237060547,167,118.21446990966797,0.8693623542785645,1.0,111.80000305175781,128.60000610351562,True,False,0.8367021679878235,107.59990391005886,GRU,1
test_16,A3,test,16,16.899999618530273,168,118.21446990966797,0.8685846924781799,1.0,111.69999694824219,128.60000610351562,True,False,0.8397213816642761,107.98817480727848,GRU,1
test_16,A3,test,16,17.0,169,118.21446990966797,0.8678070902824402,1.0,111.5999984741211,128.60000610351562,True,False,0.8343978524208069,107.3035689140761,GRU,1
test_16,A3,test,16,17.100000381469727,170,118.21446990966797,0.8670294880867004,1.0,111.5,128.60000610351562,True,False,0.8244999647140503,106.03070049457529,GRU,1
test_16,A3,test,16,17.200000762939453,171,118.21446990966797,0.8662518858909607,1.0,111.4000015258789,128.60000610351562,True,False,0.8211179375648499,105.59577178254585,GRU,1
test_16,A3,test,16,17.299999237060547,172,118.21446990966797,0.8654743432998657,1.0,111.30000305175781,128.60000610351562,True,False,0.8244708776473999,106.02695989762651,GRU,1
test_16,A3,test,16,17.399999618530273,173,118.21446990966797,0.8646966814994812,1.0,111.19999694824219,128.60000610351562,True,False,0.8213717937469482,105.62841768911312,GRU,1
test_16,A3,test,16,17.5,174,118.21446990966797,0.8639190793037415,1.0,111.0999984741211,128.60000610351562,True,False,0.8196007609367371,105.40066285891044,GRU,1
test_16,A3,test,16,17.600000381469727,175,118.21446990966797,0.8631414771080017,1.0,111.0,128.60000610351562,True,False,0.8223474621772766,105.75388865520836,GRU,1
test_16,A3,test,16,17.700000762939453,176,118.21446990966797,0.862363874912262,1.0,110.9000015258789,128.60000610351562,True,False,0.8224783539772034,105.77072134147784,GRU,1
test_16,A3,test,16,17.799999237060547,177,118.21446990966797,0.8615862727165222,1.0,110.80000305175781,128.60000610351562,True,False,0.8204544186592102,105.5104432472308,GRU,1
test_16,A3,test,16,17.899999618530273,178,118.21446990966797,0.8608086705207825,1.0,110.69999694824219,128.60000610351562,True,False,0.8196236491203308,105.40360627946029,GRU,1
test_16,A3,test,16,18.0,179,118.21446990966797,0.8600310683250427,1.0,110.5999984741211,128.60000610351562,True,False,0.8193095326423645,105.36321089847661,GRU,1
test_16,A3,test,16,18.100000381469727,180,118.21446990966797,0.859253466129303,1.0,110.5,128.60000610351562,True,False,0.8168122172355652,105.04205612191981,GRU,1
test_16,A3,test,16,18.200000762939453,181,118.21446990966797,0.8584758639335632,1.0,110.4000015258789,128.60000610351562,True,False,0.8162420392036438,104.96873122353463,GRU,1
test_16,A3,test,16,18.299999237060547,182,118.21446990966797,0.8576982617378235,1.0,110.30000305175781,128.60000610351562,True,False,0.8134607672691345,104.6110596357812,GRU,1
test_16,A3,test,16,18.399999618530273,183,118.21446990966797,0.856920599937439,1.0,110.19999694824219,128.60000610351562,True,False,0.8152691721916199,104.84362051985045,GRU,1
test_16,A3,test,16,18.5,184,118.21446990966797,0.8561429977416992,1.0,110.0999984741211,128.60000610351562,True,False,0.8029327988624573,103.25716283442489,GRU,1
test_16,A3,test,16,18.600000381469727,185,118.21446990966797,0.8553654551506042,1.0,110.0,128.60000610351562,True,False,0.8017788529396057,103.10876538170305,GRU,1
test_16,A3,test,16,18.700000762939453,186,118.21446990966797,0.8545878529548645,1.0,109.9000015258789,128.60000610351562,True,False,0.8029822707176208,103.26352491530088,GRU,1
test_16,A3,test,16,18.799999237060547,187,118.21446990966797,0.8538102507591248,1.0,109.80000305175781,128.60000610351562,True,False,0.8064700961112976,103.7120592822157,GRU,1
test_16,A3,test,16,18.899999618530273,188,118.21446990966797,0.8530325889587402,1.0,109.69999694824219,128.60000610351562,True,False,0.8096654415130615,104.12298072038539,GRU,1
test_16,A3,test,16,19.0,189,118.21446990966797,0.8522549867630005,1.0,109.5999984741211,128.60000610351562,True,False,0.8068719506263733,103.76373777530716,GRU,1
test_16,A3,test,16,19.100000381469727,190,118.21446990966797,0.8514773845672607,1.0,109.5,128.60000610351562,True,False,0.8092374205589294,104.06793722307157,GRU,1
test_16,A3,test,16,19.200000762939453,191,118.21446990966797,0.8506998419761658,1.0,109.4000015258789,128.60000610351562,True,False,0.8135378360748291,104.62097068466392,GRU,1
test_16,A3,test,16,19.299999237060547,192,118.21446990966797,0.849922239780426,1.0,109.30000305175781,128.60000610351562,True,False,0.8115178346633911,104.36119849082388,GRU,1
test_16,A3,test,16,19.399999618530273,193,118.21446990966797,0.8491445779800415,1.0,109.19999694824219,128.60000610351562,True,False,0.8112309575080872,104.32430608690083,GRU,1
test_16,A3,test,16,19.5,194,118.21446990966797,0.8483669757843018,1.0,109.0999984741211,128.60000610351562,True,False,0.8152735829353333,104.84418774151891,GRU,1
test_16,A3,test,16,19.600000381469727,195,118.21446990966797,0.847589373588562,1.0,109.0,128.60000610351562,True,False,0.8101950287818909,104.19108564638918,GRU,1
test_16,A3,test,16,19.700000762939453,196,118.21446990966797,0.8468117713928223,1.0,108.9000015258789,128.60000610351562,True,False,0.8104197382926941,104.21998329085,GRU,1
test_16,A3,test,16,19.799999237060547,197,118.21446990966797,0.8460341691970825,1.0,108.80000305175781,128.60000610351562,True,False,0.7905387282371521,101.66328527636324,GRU,1
test_16,A3,test,16,19.899999618530273,198,118.21446990966797,0.8452565670013428,1.0,108.69999694824219,128.60000610351562,True,False,0.7896977066993713,101.55512990147145,GRU,1
test_16,A3,test,16,20.0,199,118.21446990966797,0.844478964805603,1.0,108.5999984741211,128.60000610351562,True,False,0.7976285815238953,102.57504045231144,GRU,1
test_16,A3,test,16,20.100000381469727,200,118.21446990966797,0.8437013626098633,1.0,108.5,128.60000610351562,True,False,0.8079221844673157,103.89879785366247,GRU,1
test_16,A3,test,16,20.200000762939453,201,118.21446990966797,0.8429237604141235,1.0,108.4000015258789,128.60000610351562,True,False,0.8119369745254517,104.4150998796431,GRU,1
test_16,A3,test,16,20.299999237060547,202,118.21446990966797,0.8421461582183838,1.0,108.30000305175781,128.60000610351562,True,False,0.8134030699729919,104.60363976314511,GRU,1
test_16,A3,test,16,20.399999618530273,203,118.21446990966797,0.8413684964179993,1.0,108.19999694824219,128.60000610351562,True,False,0.8164160847663879,104.99111348396582,GRU,1
test_16,A3,test,16,20.5,204,118.21446990966797,0.8405909538269043,1.0,108.0999984741211,128.60000610351562,True,False,0.8162274956703186,104.96686092506025,GRU,1
test_16,A3,test,16,20.600000381469727,205,118.21446990966797,0.8398133516311646,1.0,108.0,128.60000610351562,True,False,0.820943295955658,105.57331287053785,GRU,1
test_16,A3,test,16,20.700000762939453,206,118.21446990966797,0.8390357494354248,1.0,107.9000015258789,128.60000610351562,True,False,0.8174077868461609,105.11864637747749,GRU,1
test_16,A3,test,16,20.799999237060547,207,118.21446990966797,0.8382581472396851,1.0,107.80000305175781,128.60000610351562,True,False,0.8145322799682617,104.74885617542895,GRU,1
test_16,A3,test,16,20.899999618530273,208,118.21446990966797,0.8374804854393005,1.0,107.69999694824219,128.60000610351562,True,False,0.8129273056983948,104.54245647452808,GRU,1
test_16,A3,test,16,21.0,209,118.21446990966797,0.8367028832435608,1.0,107.5999984741211,128.60000610351562,True,False,0.813117504119873,104.56691599269107,GRU,1
test_16,A3,test,16,21.100000381469727,210,118.21446990966797,0.835925281047821,1.0,107.5,128.60000610351562,True,False,0.8136899471282959,104.64053216706816,GRU,1
test_16,A3,test,16,21.200000762939453,211,118.21446990966797,0.8351477384567261,1.0,107.4000015258789,128.60000610351562,True,False,0.8143513202667236,104.72558475670667,GRU,1
test_16,A3,test,16,21.299999237060547,212,118.21446990966797,0.8343701362609863,1.0,107.30000305175781,128.60000610351562,True,False,0.8141148090362549,104.69516941102484,GRU,1
test_16,A3,test,16,21.399999618530273,213,118.21446990966797,0.8335924744606018,1.0,107.19999694824219,128.60000610351562,True,False,0.8165099024772644,105.00317844215715,GRU,1
test_16,A3,test,16,21.5,214,118.21446990966797,0.8328148722648621,1.0,107.0999984741211,128.60000610351562,True,False,0.8154429793357849,104.8659721196509,GRU,1
test_16,A3,test,16,21.600000381469727,215,118.21446990966797,0.8320372700691223,1.0,107.0,128.60000610351562,True,False,0.8173678517341614,105.11351072183061,GRU,1
test_16,A3,test,16,21.700000762939453,216,118.21446990966797,0.8312596678733826,1.0,106.9000015258789,128.60000610351562,True,False,0.8087261319160461,104.00218550047612,GRU,1
test_16,A3,test,16,21.799999237060547,217,118.21446990966797,0.8304821252822876,1.0,106.80000305175781,128.60000610351562,True,False,0.8043609857559204,103.44082767764121,GRU,1
test_16,A3,test,16,21.899999618530273,218,118.21446990966797,0.8297044634819031,1.0,106.69999694824219,128.60000610351562,True,False,0.8017400503158569,103.10377536405213,GRU,1
test_16,A3,test,16,22.0,219,118.21446990966797,0.8289268612861633,1.0,106.5999984741211,128.60000610351562,True,False,0.8044239282608032,103.44892208415331,GRU,1
test_16,A3,test,16,22.100000381469727,220,118.21446990966797,0.8281492590904236,1.0,106.5,128.60000610351562,True,False,0.8044387698173523,103.4508307084161,GRU,1
test_16,A3,test,16,22.200000762939453,221,118.21446990966797,0.8273716568946838,1.0,106.4000015258789,128.60000610351562,True,False,0.7578074336051941,97.45404058691747,GRU,1
test_16,A3,test,16,22.299999237060547,222,118.21446990966797,0.8265940546989441,1.0,106.30000305175781,128.60000610351562,True,False,0.7463523745536804,95.98091992297668,GRU,1
test_16,A3,test,16,22.399999618530273,223,118.21446990966797,0.8258163928985596,1.0,106.19999694824219,128.60000610351562,True,False,0.7477815747261047,96.1647150738736,GRU,1
test_16,A3,test,16,22.5,224,118.21446990966797,0.8250388503074646,1.0,106.0999984741211,128.60000610351562,True,False,0.7515279054641724,96.64649322965488,GRU,1
test_16,A3,test,16,22.600000381469727,225,118.21446990966797,0.8242612481117249,1.0,106.0,128.60000610351562,True,False,0.753524899482727,96.9033066726297,GRU,1
test_16,A3,test,16,22.700000762939453,226,118.21446990966797,0.8234836459159851,1.0,105.9000015258789,128.60000610351562,True,False,0.7524188160896301,96.76106434152643,GRU,1
test_16,A3,test,16,22.799999237060547,227,118.21446990966797,0.8227060437202454,1.0,105.80000305175781,128.60000610351562,True,False,0.7544266581535339,97.01927284319936,GRU,1
test_16,A3,test,16,22.899999618530273,228,118.21446990966797,0.8219283819198608,1.0,105.69999694824219,128.60000610351562,True,False,0.7547605633735657,97.06221305653344,GRU,1
test_16,A3,test,16,23.0,229,118.21446990966797,0.8211507797241211,1.0,105.5999984741211,128.60000610351562,True,False,0.7590135931968689,97.60915271776867,GRU,1
test_16,A3,test,16,23.100000381469727,230,118.21446990966797,0.8203732371330261,1.0,105.5,128.60000610351562,True,False,0.7560787796974182,97.23173568382663,GRU,1
test_16,A3,test,16,23.200000762939453,231,118.21446990966797,0.8195956349372864,1.0,105.4000015258789,128.60000610351562,True,False,0.7585740685462952,97.55262984502224,GRU,1
test_16,A3,test,16,23.299999237060547,232,118.21446990966797,0.8188180327415466,1.0,105.30000305175781,128.60000610351562,True,False,0.7579850554466248,97.47688275680957,GRU,1
test_16,A3,test,16,23.399999618530273,233,118.21446990966797,0.8180403709411621,1.0,105.19999694824219,128.60000610351562,True,False,0.7585031390190125,97.54350830738076,GRU,1
test_16,A3,test,16,23.5,234,118.21446990966797,0.8172627687454224,1.0,105.0999984741211,128.60000610351562,True,False,0.7606801390647888,97.82347052655496,GRU,1
test_16,A3,test,16,23.600000381469727,235,118.21446990966797,0.8164851665496826,1.0,105.0,128.60000610351562,True,False,0.7616016864776611,97.94198152947502,GRU,1
test_16,A3,test,16,23.700000762939453,236,118.21446990966797,0.8157075643539429,1.0,104.9000015258789,128.60000610351562,True,False,0.760017991065979,97.73831828986658,GRU,1
test_16,A3,test,16,23.799999237060547,237,118.21446990966797,0.8149300217628479,1.0,104.80000305175781,128.60000610351562,True,False,0.7597535848617554,97.70431565038962,GRU,1
test_16,A3,test,16,23.899999618530273,238,118.21446990966797,0.8141523599624634,1.0,104.69999694824219,128.60000610351562,True,False,0.7580979466438293,97.49140056545912,GRU,1
test_16,A3,test,16,24.0,239,118.21446990966797,0.8133747577667236,1.0,104.5999984741211,128.60000610351562,True,False,0.7595260143280029,97.67505007836007,GRU,1
test_16,A3,test,16,24.100000381469727,240,118.21446990966797,0.8125971555709839,1.0,104.5,128.60000610351562,True,False,0.7590904235839844,97.61903310602065,GRU,1
test_16,A3,test,16,24.200000762939453,241,118.21446990966797,0.8118195533752441,1.0,104.4000015258789,128.60000610351562,True,False,0.7569806575775146,97.34771718471166,GRU,1
test_16,A3,test,16,24.299999237060547,242,118.21446990966797,0.8110419511795044,1.0,104.30000305175781,128.60000610351562,True,False,0.7578065395355225,97.45392560955224,GRU,1
test_16,A3,test,16,24.399999618530273,243,118.21446990966797,0.8102643489837646,1.0,104.19999694824219,128.60000610351562,True,False,0.7603434920310974,97.78017771596751,GRU,1
test_16,A3,test,16,24.5,244,118.21446990966797,0.8094867467880249,1.0,104.0999984741211,128.60000610351562,True,False,0.7619323134422302,97.98450015913659,GRU,1
test_16,A3,test,16,24.600000381469727,245,118.21446990966797,0.8087091445922852,1.0,104.0,128.60000610351562,True,False,0.7626388669013977,98.07536293829799,GRU,1
test_16,A3,test,16,24.700000762939453,246,118.21446990966797,0.8079315423965454,1.0,103.9000015258789,128.60000610351562,True,False,0.761040985584259,97.86987539116126,GRU,1
test_16,A3,test,16,24.799999237060547,247,118.21446990966797,0.8071539402008057,1.0,103.80000305175781,128.60000610351562,True,False,0.7636391520500183,98.20399961451585,GRU,1
test_16,A3,test,16,24.899999618530273,248,118.21446990966797,0.8063762784004211,1.0,103.69999694824219,128.60000610351562,True,False,0.7623914480209351,98.04354486876036,GRU,1
test_16,A3,test,16,25.0,249,118.21446990966797,0.8055986762046814,1.0,103.5999984741211,128.60000610351562,True,False,0.760607123374939,97.81408070839461,GRU,1
test_16,A3,test,16,25.100000381469727,250,118.21446990966797,0.8048211336135864,1.0,103.5,128.60000610351562,True,False,0.7613709568977356,97.91230970408833,GRU,1
test_16,A3,test,16,25.200000762939453,251,118.21446990966797,0.8040435314178467,1.0,103.4000015258789,128.60000610351562,True,False,0.7642521262168884,98.28282809611665,GRU,1
test_16,A3,test,16,25.299999237060547,252,118.21446990966797,0.8032659292221069,1.0,103.30000305175781,128.60000610351562,True,False,0.7619064450263977,97.98117348070264,GRU,1
test_16,A3,test,16,25.399999618530273,253,118.21446990966797,0.8024882674217224,1.0,103.19999694824219,128.60000610351562,True,False,0.7638759016990662,98.23444562082841,GRU,1
test_16,A3,test,16,25.5,254,118.21446990966797,0.8017106652259827,1.0,103.0999984741211,128.60000610351562,True,False,0.7632200717926025,98.15010589085432,GRU,1
test_16,A3,test,16,25.600000381469727,255,118.21446990966797,0.8009330630302429,1.0,103.0,128.60000610351562,True,False,0.7650997042655945,98.39182663835345,GRU,1
test_16,A3,test,16,25.700000762939453,256,118.21446990966797,0.800155520439148,1.0,102.9000015258789,128.60000610351562,True,False,0.7635107040405273,98.18748119971133,GRU,1
test_16,A3,test,16,25.799999237060547,257,118.21446990966797,0.7993779182434082,1.0,102.80000305175781,128.60000610351562,True,False,0.7637785077095032,98.22192075317616,GRU,1
test_16,A3,test,16,25.899999618530273,258,118.21446990966797,0.7986002564430237,1.0,102.69999694824219,128.60000610351562,True,False,0.7643846869468689,98.29987540680122,GRU,1
test_16,A3,test,16,26.0,259,118.21446990966797,0.7978226542472839,1.0,102.5999984741211,128.60000610351562,True,False,0.7612155079841614,97.8923189728539,GRU,1
test_16,A3,test,16,26.100000381469727,260,118.21446990966797,0.7970450520515442,1.0,102.5,128.60000610351562,True,False,0.7619546055793762,97.98736692810962,GRU,1
test_16,A3,test,16,26.200000762939453,261,118.21446990966797,0.7962674498558044,1.0,102.4000015258789,128.60000610351562,True,False,0.760394275188446,97.7867084303125,GRU,1
test_16,A3,test,16,26.299999237060547,262,118.21446990966797,0.7954898476600647,1.0,102.30000305175781,128.60000610351562,True,False,0.7596904635429382,97.69619824840447,GRU,1
test_16,A3,test,16,26.399999618530273,263,118.21446990966797,0.794712245464325,1.0,102.19999694824219,128.60000610351562,True,False,0.769593358039856,98.96971054115056,GRU,1
test_16,A3,test,16,26.5,264,118.21446990966797,0.7939346432685852,1.0,102.0999984741211,128.60000610351562,True,False,0.7775992751121521,99.99927152551209,GRU,1
test_16,A3,test,16,26.600000381469727,265,118.21446990966797,0.7931570410728455,1.0,102.0,128.60000610351562,True,False,0.7779456377029419,100.04381375680168,GRU,1
test_16,A3,test,16,26.700000762939453,266,118.21446990966797,0.7923794388771057,1.0,101.9000015258789,128.60000610351562,True,False,0.7773905396461487,99.97242814331003,GRU,1
test_16,A3,test,16,26.799999237060547,267,118.21446990966797,0.791601836681366,1.0,101.80000305175781,128.60000610351562,True,False,0.776437520980835,99.84986993713392,GRU,1
test_16,A3,test,16,26.899999618530273,268,118.21446990966797,0.7908241748809814,1.0,101.69999694824219,128.60000610351562,True,False,0.7775382995605469,99.99143006920349,GRU,1
test_16,A3,test,16,27.0,269,118.21446990966797,0.7900466322898865,1.0,101.5999984741211,128.60000610351562,True,False,0.7754501700401306,99.72289660013303,GRU,1
test_16,A3,test,16,27.100000381469727,270,118.21446990966797,0.7892690300941467,1.0,101.5,128.60000610351562,True,False,0.7764407992362976,99.85029152080642,GRU,1
test_16,A3,test,16,27.200000762939453,271,118.21446990966797,0.788491427898407,1.0,101.4000015258789,128.60000610351562,True,False,0.7762985229492188,99.8319947894197,GRU,1
test_16,A3,test,16,27.299999237060547,272,118.21446990966797,0.7877138257026672,1.0,101.30000305175781,128.60000610351562,True,False,0.7748241424560547,99.6423894489999,GRU,1
test_16,A3,test,16,27.399999618530273,273,118.21446990966797,0.7869361639022827,1.0,101.19999694824219,128.60000610351562,True,False,0.7778793573379517,100.0352901014594,GRU,1
test_16,A3,test,16,27.5,274,118.21446990966797,0.786158561706543,1.0,101.0999984741211,128.60000610351562,True,False,0.7795611023902893,100.25156252545457,GRU,1
test_16,A3,test,16,27.600000381469727,275,118.21446990966797,0.7853809595108032,1.0,101.0,128.60000610351562,True,False,0.7745892405509949,99.61218106257547,GRU,1
test_16,A3,test,16,27.700000762939453,276,118.21446990966797,0.7846034169197083,1.0,100.9000015258789,128.60000610351562,True,False,0.7713043689727783,99.18974655756756,GRU,1
test_16,A3,test,16,27.799999237060547,277,118.21446990966797,0.7838258147239685,1.0,100.80000305175781,128.60000610351562,True,False,0.7692906856536865,98.9307868704418,GRU,1
test_16,A3,test,16,27.899999618530273,278,118.21446990966797,0.783048152923584,1.0,100.69999694824219,128.60000610351562,True,False,0.7727806568145752,99.37959718303318,GRU,1
test_16,A3,test,16,28.0,279,118.21446990966797,0.7822705507278442,1.0,100.5999984741211,128.60000610351562,True,False,0.771084725856781,99.16150045150971,GRU,1
test_16,A3,test,16,28.100000381469727,280,118.21446990966797,0.7814929485321045,1.0,100.5,128.60000610351562,True,False,0.7668645977973938,98.6187919573149,GRU,1
test_16,A3,test,16,28.200000762939453,281,118.21446990966797,0.7807153463363647,1.0,100.4000015258789,128.60000610351562,True,False,0.7640920281410217,98.26223948258303,GRU,1
test_16,A3,test,16,28.299999237060547,282,118.21446990966797,0.7799378037452698,1.0,100.30000305175781,128.60000610351562,True,False,0.7648863792419434,98.36439303900988,GRU,1
test_16,A3,test,16,28.399999618530273,283,118.21446990966797,0.7791601419448853,1.0,100.19999694824219,128.60000610351562,True,False,0.7672037482261658,98.66240670452498,GRU,1
test_16,A3,test,16,28.5,284,118.21446990966797,0.7783825397491455,1.0,100.0999984741211,128.60000610351562,True,False,0.7669854760169983,98.63433689709382,GRU,1
test_16,A3,test,16,28.600000381469727,285,118.21446990966797,0.7776049375534058,1.0,100.0,128.60000610351562,True,False,0.760452926158905,97.7942509454715,GRU,1
test_16,A3,test,16,28.700000762939453,286,118.21446990966797,0.776827335357666,1.0,99.9000015258789,128.60000610351562,True,False,0.7530198693275452,96.83835979159085,GRU,1
test_16,A3,test,16,28.799999237060547,287,118.21446990966797,0.7760497331619263,1.0,99.80000305175781,128.60000610351562,True,False,0.7544144988059998,97.01770915103225,GRU,1
test_16,A3,test,16,28.899999618530273,288,118.21446990966797,0.7752721309661865,1.0,99.69999694824219,128.60000610351562,True,False,0.7553579211235046,97.13903326682157,GRU,1
test_16,A3,test,16,29.0,289,118.21446990966797,0.7744945287704468,1.0,99.5999984741211,128.60000610351562,True,False,0.7593068480491638,97.64686529356368,GRU,1
test_16,A3,test,16,29.100000381469727,290,118.21446990966797,0.773716926574707,1.0,99.5,128.60000610351562,True,False,0.7840667963027954,100.83099479010343,GRU,1
test_16,A3,test,16,29.200000762939453,291,118.21446990966797,0.7729393243789673,1.0,99.4000015258789,128.60000610351562,True,False,0.7911955714225769,101.74775531401792,GRU,1
test_16,A3,test,16,29.299999237060547,292,118.21446990966797,0.7721617221832275,1.0,99.30000305175781,128.60000610351562,True,False,0.7861359715461731,101.09709073903105,GRU,1
test_16,A3,test,16,29.399999618530273,293,118.21446990966797,0.771384060382843,1.0,99.19999694824219,128.60000610351562,True,False,0.7810923457145691,100.44848042630292,GRU,1
test_16,A3,test,16,29.5,294,118.21446990966797,0.7706064581871033,1.0,99.0999984741211,128.60000610351562,True,False,0.7706567049026489,99.10645695419589,GRU,1
test_16,A3,test,16,29.600000381469727,295,118.21446990966797,0.7698289155960083,1.0,99.0,128.60000610351562,True,False,0.7632201313972473,98.150113556012,GRU,1
test_16,A3,test,16,29.700000762939453,296,118.21446990966797,0.7690513134002686,1.0,98.9000015258789,128.60000610351562,True,False,0.7605045437812805,97.80088897202404,GRU,1
test_16,A3,test,16,29.799999237060547,297,118.21446990966797,0.7682737112045288,1.0,98.80000305175781,128.60000610351562,True,False,0.7546814680099487,97.05204139228954,GRU,1
test_16,A3,test,16,29.899999618530273,298,118.21446990966797,0.7674960494041443,1.0,98.69999694824219,128.60000610351562,True,False,0.7495742440223694,96.39525235631481,GRU,1
test_16,A3,test,16,30.0,299,118.21446990966797,0.7667184472084045,1.0,98.5999984741211,128.60000610351562,True,False,0.7481535077095032,96.21254565780873,GRU,1
test_16,A3,test,16,30.100000381469727,300,118.21446990966797,0.7659408450126648,1.0,98.5,128.60000610351562,True,False,0.747452437877655,96.12238807315407,GRU,1
test_16,A3,test,16,30.200000762939453,301,118.21446990966797,0.765163242816925,1.0,98.4000015258789,128.60000610351562,True,False,0.7435975670814514,95.62665166523402,GRU,1
test_16,A3,test,16,30.299999237060547,302,118.21446990966797,0.7643857002258301,0.9986602067947388,98.30000305175781,128.60000610351562,True,False,0.740394115447998,95.2146877656196,GRU,1
test_16,A3,test,16,30.399999618530273,303,118.21446990966797,0.7636080384254456,1.0,98.19999694824219,128.60000610351562,True,False,0.7405102849006653,95.22962715794165,GRU,1
test_16,A3,test,16,30.5,304,118.21446990966797,0.7628304362297058,0.9988173842430115,98.0999984741211,128.60000610351562,True,False,0.7368475794792175,94.75860321838809,GRU,1
test_16,A3,test,16,30.600000381469727,305,118.21446990966797,0.7620528340339661,0.9975593090057373,98.0,128.60000610351562,True,False,0.733833909034729,94.37104518083288,GRU,1
test_16,A3,test,16,30.700000762939453,306,118.21446990966797,0.7612752318382263,0.9975593090057373,97.9000015258789,128.60000610351562,True,False,0.7315369248390198,94.075652999245,GRU,1
test_16,A3,test,16,30.799999237060547,307,118.21446990966797,0.7604976296424866,1.0,97.80000305175781,128.60000610351562,True,False,0.7357696294784546,94.61997884171069,GRU,1
test_16,A3,test,16,30.899999618530273,308,118.21446990966797,0.7597200274467468,0.9986602067947388,97.69999694824219,128.60000610351562,True,False,0.7381319403648376,94.92377203611795,GRU,1
test_16,A3,test,16,31.0,309,118.21446990966797,0.7589424252510071,1.0,97.5999984741211,128.60000610351562,True,False,0.7420178055763245,95.4234943260326,GRU,1
test_16,A3,test,16,31.100000381469727,310,118.21446990966797,0.7581648230552673,1.0,97.5,128.60000610351562,True,False,0.7438241839408875,95.65579459474066,GRU,1
test_16,A3,test,16,31.200000762939453,311,118.21446990966797,0.7573872208595276,0.9986602067947388,97.4000015258789,128.60000610351562,True,False,0.7396312355995178,95.1165814124488,GRU,1
test_16,A3,test,16,31.299999237060547,312,118.21446990966797,0.7566096186637878,1.0,97.30000305175781,128.60000610351562,True,False,0.7418168187141418,95.39764741432919,GRU,1
test_16,A3,test,16,31.399999618530273,313,118.21446990966797,0.7558319568634033,0.9986602067947388,97.19999694824219,128.60000610351562,True,False,0.7412055134773254,95.31903355714348,GRU,1
test_16,A3,test,16,31.5,314,118.21446990966797,0.7550544142723083,0.9986602067947388,97.0999984741211,128.60000610351562,True,False,0.7368782758712769,94.76255077459427,GRU,1
test_16,A3,test,16,31.600000381469727,315,118.21446990966797,0.7542768120765686,0.9986602067947388,97.0,128.60000610351562,True,False,0.7360363602638245,94.65428042233725,GRU,1
test_16,A3,test,16,31.700000762939453,316,118.21446990966797,0.7534992098808289,0.9975593090057373,96.9000015258789,128.60000610351562,True,False,0.7352887988090515,94.5581440146907,GRU,1
test_16,A3,test,16,31.799999237060547,317,118.21446990966797,0.7527216076850891,0.9975593090057373,96.80000305175781,128.60000610351562,True,False,0.734126627445221,94.40868877020876,GRU,1
test_16,A3,test,16,31.899999618530273,318,118.21446990966797,0.7519439458847046,0.9975593090057373,96.69999694824219,128.60000610351562,True,False,0.733510434627533,94.32944637009314,GRU,1
test_16,A3,test,16,32.0,319,118.21446990966797,0.7511663436889648,0.9975593090057373,96.5999984741211,128.60000610351562,True,False,0.7338584661483765,94.37420322579783,GRU,1
test_16,A3,test,16,32.099998474121094,320,118.21446990966797,0.7503887414932251,0.9975593090057373,96.5,128.60000610351562,True,False,0.7341133952140808,94.40698710520337,GRU,1
test_16,A3,test,16,32.20000076293945,321,118.21446990966797,0.7496111989021301,0.9953578114509583,96.4000015258789,128.60000610351562,True,False,0.7300572991371155,93.88537312494918,GRU,1
test_16,A3,test,16,32.29999923706055,322,118.21446990966797,0.7488335967063904,0.9953578114509583,96.30000305175781,128.60000610351562,True,False,0.7272379398345947,93.52280350143701,GRU,1
test_16,A3,test,16,32.400001525878906,323,118.21446990966797,0.7480559349060059,0.9953578114509583,96.19999694824219,128.60000610351562,True,False,0.7263929843902588,93.41414222613821,GRU,1
test_16,A3,test,16,32.5,324,118.21446990966797,0.7472783327102661,0.9953578114509583,96.0999984741211,128.60000610351562,True,False,0.7286884188652039,93.70933511362637,GRU,1
test_16,A3,test,16,32.599998474121094,325,118.21446990966797,0.7465007305145264,0.9953578114509583,96.0,128.60000610351562,True,False,0.7288537621498108,93.730598261036,GRU,1
test_16,A3,test,16,32.70000076293945,326,118.21446990966797,0.7457231283187866,0.9953578114509583,95.9000015258789,128.60000610351562,True,False,0.7287861704826355,93.7219059722247,GRU,1
test_16,A3,test,16,32.79999923706055,327,118.21446990966797,0.7449455857276917,0.9953578114509583,95.80000305175781,128.60000610351562,True,False,0.7319916486740112,94.13413048720031,GRU,1
test_16,A3,test,16,32.900001525878906,328,118.21446990966797,0.7441679239273071,0.9953578114509583,95.69999694824219,128.60000610351562,True,False,0.7289263606071472,93.73993442309256,GRU,1
test_16,A3,test,16,33.0,329,118.21446990966797,0.7433903217315674,0.9967731237411499,95.5999984741211,128.60000610351562,True,False,0.7295166850090027,93.81585014477423,GRU,1
test_16,A3,test,16,33.099998474121094,330,118.21446990966797,0.7426127195358276,0.9975593090057373,95.5,128.60000610351562,True,False,0.7330102324485779,94.26512036682652,GRU,1
test_16,A3,test,16,33.20000076293945,331,118.21446990966797,0.7418351173400879,0.9975593090057373,95.4000015258789,128.60000610351562,True,False,0.7366306185722351,94.73070204442593,GRU,1
test_16,A3,test,16,33.29999923706055,332,118.21446990966797,0.7410575151443481,0.9953578114509583,95.30000305175781,128.60000610351562,True,False,0.7350314259529114,94.5250458638202,GRU,1
test_16,A3,test,16,33.400001525878906,333,118.21446990966797,0.7402798533439636,0.9920554757118225,95.19999694824219,128.60000610351562,True,False,0.723625898361206,93.05829494591308,GRU,1
test_16,A3,test,16,33.5,334,118.21446990966797,0.7395023107528687,0.9898538589477539,95.0999984741211,128.60000610351562,True,False,0.7166349291801453,92.15925626655917,GRU,1
test_16,A3,test,16,33.599998474121094,335,118.21446990966797,0.7387247085571289,0.9920554757118225,95.0,128.60000610351562,True,False,0.7172719240188599,92.24117380670577,GRU,1
test_16,A3,test,16,33.70000076293945,336,118.21446990966797,0.7379471063613892,0.9920554757118225,94.9000015258789,128.60000610351562,True,False,0.7163358926773071,92.12080017046901,GRU,1
test_16,A3,test,16,33.79999923706055,337,118.21446990966797,0.7371695041656494,0.9942569732666016,94.80000305175781,128.60000610351562,True,False,0.717940628528595,92.32716921073916,GRU,1
test_16,A3,test,16,33.900001525878906,338,118.21446990966797,0.7363918423652649,1.0,94.69999694824219,128.60000610351562,True,False,0.7305158972740173,93.94434884815382,GRU,1
test_16,A3,test,16,34.0,339,118.21446990966797,0.7356142401695251,1.0,94.5999984741211,128.60000610351562,True,False,0.746870219707489,96.04751481291714,GRU,1
test_16,A3,test,16,34.099998474121094,340,118.21446990966797,0.7348366975784302,1.0,94.5,128.60000610351562,True,False,0.7472798228263855,96.10018977650725,GRU,1
test_16,A3,test,16,34.20000076293945,341,118.21446990966797,0.7340590953826904,0.9953578114509583,94.4000015258789,128.60000610351562,True,False,0.7348260283470154,94.49863173044832,GRU,1
test_16,A3,test,16,34.29999923706055,342,118.21446990966797,0.7332814931869507,0.9953578114509583,94.30000305175781,128.60000610351562,True,False,0.7286023497581482,93.69826662593368,GRU,1
test_16,A3,test,16,34.400001525878906,343,118.21446990966797,0.7325038313865662,0.9920554757118225,94.19999694824219,128.60000610351562,True,False,0.7216929197311401,92.80971388228863,GRU,1
test_16,A3,test,16,34.5,344,118.21446990966797,0.7317262291908264,0.9898538589477539,94.0999984741211,128.60000610351562,True,False,0.7144726514816284,91.8811873413324,GRU,1
test_16,A3,test,16,34.599998474121094,345,118.21446990966797,0.7309486269950867,0.9898538589477539,94.0,128.60000610351562,True,False,0.713103711605072,91.70514166485191,GRU,1
test_16,A3,test,16,34.70000076293945,346,118.21446990966797,0.7301710247993469,0.9887529611587524,93.9000015258789,128.60000610351562,True,False,0.7103275656700134,91.34812928065912,GRU,1
test_16,A3,test,16,34.79999923706055,347,118.21446990966797,0.729393482208252,0.9865514636039734,93.80000305175781,128.60000610351562,True,False,0.7076394557952881,91.00243833436252,GRU,1
test_16,A3,test,16,34.900001525878906,348,118.21446990966797,0.7286158204078674,0.9865514636039734,93.69999694824219,128.60000610351562,True,False,0.7057306170463562,90.75696165959926,GRU,1
test_16,A3,test,16,35.0,349,118.21446990966797,0.7278382182121277,0.9854506254196167,93.5999984741211,128.60000610351562,True,False,0.700735867023468,90.1146367761703,GRU,1
test_16,A3,test,16,35.099998474121094,350,118.21446990966797,0.7270606160163879,0.9862369298934937,93.5,128.60000610351562,True,False,0.7007526159286499,90.11679068547892,GRU,1
test_16,A3,test,16,35.20000076293945,351,118.21446990966797,0.7262830138206482,0.9871804714202881,93.4000015258789,128.60000610351562,True,False,0.7028613686561584,90.38797629910732,GRU,1
test_16,A3,test,16,35.29999923706055,352,118.21446990966797,0.7255054116249084,0.9898538589477539,93.30000305175781,128.60000610351562,True,False,0.7071223855018616,90.93594309147193,GRU,1
test_16,A3,test,16,35.400001525878906,353,118.21446990966797,0.7247278094291687,0.9889102578163147,93.19999694824219,128.60000610351562,True,False,0.7088571786880493,91.15903750580401,GRU,1
test_16,A3,test,16,35.5,354,118.21446990966797,0.723950207233429,0.9874948859214783,93.0999984741211,128.60000610351562,True,False,0.7070683836936951,90.92899845861211,GRU,1
test_16,A3,test,16,35.599998474121094,355,118.21446990966797,0.7231726050376892,0.9867086410522461,93.0,128.60000610351562,True,False,0.7048086524009705,90.63839700057542,GRU,1
test_16,A3,test,16,35.70000076293945,356,118.21446990966797,0.7223950028419495,0.9867086410522461,92.9000015258789,128.60000610351562,True,False,0.7046715617179871,90.62076713790702,GRU,1
test_16,A3,test,16,35.79999923706055,357,118.21446990966797,0.7216174006462097,0.9889102578163147,92.80000305175781,128.60000610351562,True,False,0.7080164551734924,91.05092045670062,GRU,1
test_16,A3,test,16,35.900001525878906,358,118.21446990966797,0.7208397388458252,0.9898538589477539,92.69999694824219,128.60000610351562,True,False,0.7116758227348328,91.521515147424,GRU,1
test_16,A3,test,16,36.0,359,118.21446990966797,0.7200621366500854,0.9889102578163147,92.5999984741211,128.60000610351562,True,False,0.71236652135849,91.610338994642,GRU,1
test_16,A3,test,16,36.099998474121094,360,118.21446990966797,0.7192845940589905,0.9920554757118225,92.5,128.60000610351562,True,False,0.7135419845581055,91.76150356928702,GRU,1
test_16,A3,test,16,36.20000076293945,361,118.21446990966797,0.7185069918632507,0.9889102578163147,92.4000015258789,128.60000610351562,True,False,0.7108712792396545,91.41805084903353,GRU,1
test_16,A3,test,16,36.29999923706055,362,118.21446990966797,0.717729389667511,0.9889102578163147,92.30000305175781,128.60000610351562,True,False,0.7105293273925781,91.3740758394124,GRU,1
test_16,A3,test,16,36.400001525878906,363,118.21446990966797,0.7169517278671265,0.9898538589477539,92.19999694824219,128.60000610351562,True,False,0.710062563419342,91.31404998960534,GRU,1
test_16,A3,test,16,36.5,364,118.21446990966797,0.7161741256713867,0.9898538589477539,92.0999984741211,128.60000610351562,True,False,0.712683379650116,91.65108697287906,GRU,1
test_16,A3,test,16,36.599998474121094,365,118.21446990966797,0.715396523475647,0.9889102578163147,92.0,128.60000610351562,True,False,0.7126491665840149,91.64668717236964,GRU,1
test_16,A3,test,16,36.70000076293945,366,118.21446990966797,0.714618980884552,0.9889102578163147,91.9000015258789,128.60000610351562,True,False,0.7122202515602112,91.59152869769059,GRU,1
test_16,A3,test,16,36.79999923706055,367,118.21446990966797,0.7138413786888123,0.9867086410522461,91.80000305175781,128.60000610351562,True,False,0.7091470956802368,91.19632083276883,GRU,1
test_16,A3,test,16,36.900001525878906,368,118.21446990966797,0.7130637168884277,0.9889102578163147,91.69999694824219,128.60000610351562,True,False,0.7104904651641846,91.36907815660379,GRU,1
test_16,A3,test,16,37.0,369,118.21446990966797,0.712286114692688,0.9889102578163147,91.5999984741211,128.60000610351562,True,False,0.711571216583252,91.50806279569224,GRU,1
test_16,A3,test,16,37.099998474121094,370,118.21446990966797,0.7115085124969482,0.9889102578163147,91.5,128.60000610351562,True,False,0.7116653323173523,91.52016607967198,GRU,1
test_16,A3,test,16,37.20000076293945,371,118.21446990966797,0.7107309103012085,0.9887529611587524,91.4000015258789,128.60000610351562,True,False,0.7104699015617371,91.36643367720353,GRU,1
test_16,A3,test,16,37.29999923706055,372,118.21446990966797,0.7099533081054688,0.9837208390235901,91.30000305175781,128.60000610351562,True,False,0.7016480565071106,90.2319443493343,GRU,1
test_16,A3,test,16,37.400001525878906,373,118.21446990966797,0.709175705909729,0.9779022932052612,91.19999694824219,128.60000610351562,True,False,0.6868744492530823,88.33205836629531,GRU,1
test_16,A3,test,16,37.5,374,118.21446990966797,0.7083981037139893,0.9779022932052612,91.0999984741211,128.60000610351562,True,False,0.67856365442276,87.2632901003908,GRU,1
test_16,A3,test,16,37.599998474121094,375,118.21446990966797,0.7076205015182495,0.9812046885490417,91.0,128.60000610351562,True,False,0.682708740234375,87.79634816106409,GRU,1
test_16,A3,test,16,37.70000076293945,376,118.21446990966797,0.7068428993225098,0.9845070242881775,90.9000015258789,128.60000610351562,True,False,0.6910318732261658,88.86670311460875,GRU,1
test_16,A3,test,16,37.79999923706055,377,118.21446990966797,0.70606529712677,0.985607922077179,90.80000305175781,128.60000610351562,True,False,0.6989274024963379,89.88206822694337,GRU,1
test_16,A3,test,16,37.900001525878906,378,118.21446990966797,0.7052876353263855,0.985607922077179,90.69999694824219,128.60000610351562,True,False,0.699945867061615,90.01304277625422,GRU,1
test_16,A3,test,16,38.0,379,118.21446990966797,0.7045100927352905,0.9867086410522461,90.5999984741211,128.60000610351562,True,False,0.7009393572807312,90.14080562449635,GRU,1
test_16,A3,test,16,38.099998474121094,380,118.21446990966797,0.7037324905395508,0.985607922077179,90.5,128.60000610351562,True,False,0.7025402188301086,90.34667642951717,GRU,1
test_16,A3,test,16,38.20000076293945,381,118.21446990966797,0.702954888343811,0.985607922077179,90.4000015258789,128.60000610351562,True,False,0.7044427990913391,90.59134826272384,GRU,1
test_16,A3,test,16,38.29999923706055,382,118.21446990966797,0.7021772861480713,0.9834063053131104,90.30000305175781,128.60000610351562,True,False,0.70014888048172,90.03915030331882,GRU,1
test_16,A3,test,16,38.400001525878906,383,118.21446990966797,0.7013996243476868,0.9834063053131104,90.19999694824219,128.60000610351562,True,False,0.6948224902153015,89.3541764825477,GRU,1
test_16,A3,test,16,38.5,384,118.21446990966797,0.700622022151947,0.985607922077179,90.0999984741211,128.60000610351562,True,False,0.6962106823921204,89.53269800495946,GRU,1
test_16,A3,test,16,38.599998474121094,385,118.21446990966797,0.6998444199562073,0.9834063053131104,90.0,128.60000610351562,True,False,0.6970502734184265,89.64066941606688,GRU,1
test_16,A3,test,16,38.70000076293945,386,118.21446990966797,0.6990668773651123,0.9834063053131104,89.9000015258789,128.60000610351562,True,False,0.6949945092201233,89.3762981276177,GRU,1
test_16,A3,test,16,38.79999923706055,387,118.21446990966797,0.6982892751693726,0.9802611470222473,89.80000305175781,128.60000610351562,True,False,0.6895410418510437,88.67498219066874,GRU,1
test_16,A3,test,16,38.900001525878906,388,118.21446990966797,0.697511613368988,0.9801039099693298,89.69999694824219,128.60000610351562,True,False,0.6841737627983093,87.98475007172783,GRU,1
test_16,A3,test,16,39.0,389,118.21446990966797,0.6967340111732483,0.9812046885490417,89.5999984741211,128.60000610351562,True,False,0.6865814328193665,88.29437645113103,GRU,1
test_16,A3,test,16,39.099998474121094,390,118.21446990966797,0.6959564089775085,0.9867086410522461,89.5,128.60000610351562,True,False,0.6933168172836304,89.1605469343449,GRU,1
test_16,A3,test,16,39.20000076293945,391,118.21446990966797,0.6951788067817688,0.9889102578163147,89.4000015258789,128.60000610351562,True,False,0.703495442867279,90.46951824652751,GRU,1
test_16,A3,test,16,39.29999923706055,392,118.21446990966797,0.6944012641906738,0.9898538589477539,89.30000305175781,128.60000610351562,True,False,0.7121774554252625,91.58602511447498,GRU,1
test_16,A3,test,16,39.400001525878906,393,118.21446990966797,0.6936236023902893,0.9920554757118225,89.19999694824219,128.60000610351562,True,False,0.7172783017158508,92.24199397857774,GRU,1
test_16,A3,test,16,39.5,394,118.21446990966797,0.6928460001945496,0.9898538589477539,89.0999984741211,128.60000610351562,True,False,0.7142751216888428,91.85578500877455,GRU,1
test_16,A3,test,16,39.599998474121094,395,118.21446990966797,0.6920683979988098,0.9867086410522461,89.0,128.60000610351562,True,False,0.7075331807136536,90.98877135821567,GRU,1
test_16,A3,test,16,39.70000076293945,396,118.21446990966797,0.6912907958030701,0.985607922077179,88.9000015258789,128.60000610351562,True,False,0.7011974453926086,90.17399575725904,GRU,1
test_16,A3,test,16,39.79999923706055,397,118.21446990966797,0.6905131936073303,0.985607922077179,88.80000305175781,128.60000610351562,True,False,0.7023476958274841,90.3219179702046,GRU,1
test_16,A3,test,16,39.900001525878906,398,118.21446990966797,0.6897355318069458,0.9862369298934937,88.69999694824219,128.60000610351562,True,False,0.7011581659317017,90.16894441834665,GRU,1
test_16,A3,test,16,40.0,399,118.21446990966797,0.6889579892158508,0.9900110363960266,88.5999984741211,128.60000610351562,True,False,0.7075347900390625,90.98897831747308,GRU,1
test_16,A3,test,16,40.099998474121094,400,118.21446990966797,0.6881803870201111,0.9898538589477539,88.5,128.60000610351562,True,False,0.7153735160827637,91.99703853453684,GRU,1
test_16,A3,test,16,40.20000076293945,401,118.21446990966797,0.6874027848243713,0.9939424395561218,88.4000015258789,128.60000610351562,True,False,0.7183303236961365,92.3772840116635,GRU,1
test_16,A3,test,16,40.29999923706055,402,118.21446990966797,0.6866251826286316,0.9977166652679443,88.30000305175781,128.60000610351562,True,False,0.7287904024124146,93.72245019842012,GRU,1
test_16,A3,test,16,40.400001525878906,403,118.21446990966797,0.6858475208282471,0.9986602067947388,88.19999694824219,128.60000610351562,True,False,0.7381325364112854,94.92384868769477,GRU,1
test_16,A3,test,16,40.5,404,118.21446990966797,0.6850699186325073,0.9953578114509583,88.0999984741211,128.60000610351562,True,False,0.7344627976417542,94.45192025953475,GRU,1
test_16,A3,test,16,40.599998474121094,405,118.21446990966797,0.6842923760414124,0.9920554757118225,88.0,128.60000610351562,True,False,0.7259390950202942,93.35577205039044,GRU,1
test_16,A3,test,16,40.70000076293945,406,118.21446990966797,0.6835147738456726,0.9867086410522461,87.9000015258789,128.60000610351562,True,False,0.7120786309242249,91.57331628303837,GRU,1
test_16,A3,test,16,40.79999923706055,407,118.21446990966797,0.6827371716499329,0.985607922077179,87.80000305175781,128.60000610351562,True,False,0.7035128474235535,90.47175647257063,GRU,1
test_16,A3,test,16,40.900001525878906,408,118.21446990966797,0.6819595098495483,0.985607922077179,87.69999694824219,128.60000610351562,True,False,0.7003811001777649,90.06901375764755,GRU,1
test_16,A3,test,16,41.0,409,118.21446990966797,0.6811819076538086,0.9834063053131104,87.5999984741211,128.60000610351562,True,False,0.6964324116706848,89.56121239153617,GRU,1
test_16,A3,test,16,41.099998474121094,410,118.21446990966797,0.6804043054580688,0.9812046885490417,87.5,128.60000610351562,True,False,0.6913843750953674,88.91203485713959,GRU,1
test_16,A3,test,16,41.20000076293945,411,118.21446990966797,0.6796267032623291,0.9801039099693298,87.4000015258789,128.60000610351562,True,False,0.6873721480369568,88.39606243293929,GRU,1
test_16,A3,test,16,41.29999923706055,412,118.21446990966797,0.6788491606712341,0.9801039099693298,87.30000305175781,128.60000610351562,True,False,0.686905562877655,88.33605957860527,GRU,1
test_16,A3,test,16,41.400001525878906,413,118.21446990966797,0.6780714988708496,0.9779022932052612,87.19999694824219,128.60000610351562,True,False,0.6837100982666016,87.92512281012023,GRU,1
test_16,A3,test,16,41.5,414,118.21446990966797,0.6772938966751099,0.9812046885490417,87.0999984741211,128.60000610351562,True,False,0.6832711696624756,87.86867658895062,GRU,1
test_16,A3,test,16,41.599998474121094,415,118.21446990966797,0.6765162944793701,0.9834063053131104,87.0,128.60000610351562,True,False,0.6898932456970215,88.72027560741117,GRU,1
test_16,A3,test,16,41.70000076293945,416,118.21446990966797,0.6757386922836304,0.9812046885490417,86.9000015258789,128.60000610351562,True,False,0.6888571381568909,88.58703217142647,GRU,1
test_16,A3,test,16,41.79999923706055,417,118.21446990966797,0.6749610900878906,0.9812046885490417,86.80000305175781,128.60000610351562,True,False,0.6896187663078308,88.68497755628596,GRU,1
test_16,A3,test,16,41.900001525878906,418,118.21446990966797,0.6741834878921509,0.9723982810974121,86.69999694824219,128.60000610351562,True,False,0.670080304145813,86.17233120299716,GRU,1
test_16,A3,test,16,42.0,419,118.21446990966797,0.6734058856964111,0.9745999574661255,86.5999984741211,128.60000610351562,True,False,0.6654327511787415,85.57465586306535,GRU,1
test_16,A3,test,16,42.099998474121094,420,118.21446990966797,0.6726282835006714,0.9723982810974121,86.5,128.60000610351562,True,False,0.6644076704978943,85.4428304812518,GRU,1
test_16,A3,test,16,42.20000076293945,421,118.21446990966797,0.6718506813049316,0.9716120958328247,86.4000015258789,128.60000610351562,True,False,0.6604257225990295,84.93075195715392,GRU,1
test_16,A3,test,16,42.29999923706055,422,118.21446990966797,0.6710730791091919,0.9742854237556458,86.30000305175781,128.60000610351562,True,False,0.6629678606987,85.25767093228751,GRU,1
test_16,A3,test,16,42.400001525878906,423,118.21446990966797,0.6702954173088074,0.9772732853889465,86.19999694824219,128.60000610351562,True,False,0.6722316741943359,86.44899740436813,GRU,1
test_16,A3,test,16,42.5,424,118.21446990966797,0.6695178151130676,0.9768015742301941,86.0999984741211,128.60000610351562,True,False,0.6749134659767151,86.79387584395045,GRU,1
test_16,A3,test,16,42.599998474121094,425,118.21446990966797,0.6687402725219727,0.9768015742301941,86.0,128.60000610351562,True,False,0.6747234463691711,86.7694393212605,GRU,1
test_16,A3,test,16,42.70000076293945,426,118.21446990966797,0.6679626703262329,0.9785313606262207,85.9000015258789,128.60000610351562,True,False,0.6790675520896912,87.3280913434337,GRU,1
test_16,A3,test,16,42.79999923706055,427,118.21446990966797,0.6671850681304932,0.9801039099693298,85.80000305175781,128.60000610351562,True,False,0.6818507313728333,87.68600821623295,GRU,1
test_16,A3,test,16,42.900001525878906,428,118.21446990966797,0.6664074063301086,0.9801039099693298,85.69999694824219,128.60000610351562,True,False,0.6834379434585571,87.89012370014461,GRU,1
test_16,A3,test,16,43.0,429,118.21446990966797,0.6656298041343689,0.9779022932052612,85.5999984741211,128.60000610351562,True,False,0.6834352612495422,87.88977876804893,GRU,1
test_16,A3,test,16,43.099998474121094,430,118.21446990966797,0.6648522019386292,0.9780595898628235,85.5,128.60000610351562,True,False,0.6824126839637756,87.75827532285803,GRU,1
test_16,A3,test,16,43.20000076293945,431,118.21446990966797,0.6640746593475342,0.9747572541236877,85.4000015258789,128.60000610351562,True,False,0.676389753818512,86.98372646941607,GRU,1
test_16,A3,test,16,43.29999923706055,432,118.21446990966797,0.6632970571517944,0.9723982810974121,85.30000305175781,128.60000610351562,True,False,0.6667482256889343,85.74382589310517,GRU,1
test_16,A3,test,16,43.400001525878906,433,118.21446990966797,0.6625193953514099,0.9723982810974121,85.19999694824219,128.60000610351562,True,False,0.6641754508018494,85.41296702692307,GRU,1
test_16,A3,test,16,43.5,434,118.21446990966797,0.6617417931556702,0.9723982810974121,85.0999984741211,128.60000610351562,True,False,0.6622626185417175,85.16697678659511,GRU,1
test_16,A3,test,16,43.599998474121094,435,118.21446990966797,0.6609641909599304,0.9714548587799072,85.0,128.60000610351562,True,False,0.6628944277763367,85.2482274580234,GRU,1
test_16,A3,test,16,43.70000076293945,436,118.21446990966797,0.6601865887641907,0.9692532420158386,84.9000015258789,128.60000610351562,True,False,0.6589895486831665,84.74605998280822,GRU,1
test_16,A3,test,16,43.79999923706055,437,118.21446990966797,0.6594089865684509,0.9692532420158386,84.80000305175781,128.60000610351562,True,False,0.6570500135421753,84.49663575183877,GRU,1
test_16,A3,test,16,43.900001525878906,438,118.21446990966797,0.6586313843727112,0.9683097004890442,84.69999694824219,128.60000610351562,True,False,0.6551013588905334,84.24603875174398,GRU,1
test_16,A3,test,16,44.0,439,118.21446990966797,0.6578537821769714,0.9681524038314819,84.5999984741211,128.60000610351562,True,False,0.6548307538032532,84.2112389358681,GRU,1
test_16,A3,test,16,44.099998474121094,440,118.21446990966797,0.6570761799812317,0.9679951667785645,84.5,128.60000610351562,True,False,0.654234766960144,84.13459502420665,GRU,1
test_16,A3,test,16,44.20000076293945,441,118.21446990966797,0.6562985777854919,0.9692532420158386,84.4000015258789,128.60000610351562,True,False,0.6563636660575867,84.40837146113154,GRU,1
test_16,A3,test,16,44.29999923706055,442,118.21446990966797,0.6555209755897522,0.9681524038314819,84.30000305175781,128.60000610351562,True,False,0.6584912538528442,84.68197926458743,GRU,1
test_16,A3,test,16,44.400001525878906,443,118.21446990966797,0.6547433137893677,0.9692532420158386,84.19999694824219,128.60000610351562,True,False,0.6598338484764099,84.85463694137252,GRU,1
test_16,A3,test,16,44.5,444,118.21446990966797,0.6539657711982727,0.9692532420158386,84.0999984741211,128.60000610351562,True,False,0.6593628525733948,84.79406686537004,GRU,1
test_16,A3,test,16,44.599998474121094,445,118.21446990966797,0.653188169002533,0.9681524038314819,84.0,128.60000610351562,True,False,0.6554251909255981,84.28768355342982,GRU,1
test_16,A3,test,16,44.70000076293945,446,118.21446990966797,0.6524105668067932,0.9692532420158386,83.9000015258789,128.60000610351562,True,False,0.6568754315376282,84.47418450498844,GRU,1
test_16,A3,test,16,44.79999923706055,447,118.21446990966797,0.6516329646110535,0.9675233364105225,83.80000305175781,128.60000610351562,True,False,0.6559608578681946,84.35657032551717,GRU,1
test_16,A3,test,16,44.900001525878906,448,118.21446990966797,0.650855302810669,0.9692532420158386,83.69999694824219,128.60000610351562,True,False,0.6557649970054626,84.3313826173744,GRU,1
test_16,A3,test,16,45.0,449,118.21446990966797,0.6500777006149292,0.9681524038314819,83.5999984741211,128.60000610351562,True,False,0.6546469330787659,84.18759958957708,GRU,1
test_16,A3,test,16,45.099998474121094,450,118.21446990966797,0.6493000984191895,0.9690959453582764,83.5,128.60000610351562,True,False,0.6553621888160706,84.27958148176003,GRU,1
test_16,A3,test,16,45.20000076293945,451,118.21446990966797,0.6485225558280945,0.9675233364105225,83.4000015258789,128.60000610351562,True,False,0.6539393067359924,84.0965988375774,GRU,1
test_16,A3,test,16,45.29999923706055,452,118.21446990966797,0.6477449536323547,0.9662653803825378,83.30000305175781,128.60000610351562,True,False,0.6526311635971069,83.92837162193246,GRU,1
test_16,A3,test,16,45.400001525878906,453,118.21446990966797,0.6469672918319702,0.9681524038314819,83.19999694824219,128.60000610351562,True,False,0.6517998576164246,83.82146566774281,GRU,1
test_16,A3,test,16,45.5,454,118.21446990966797,0.6461896896362305,0.9661080837249756,83.0999984741211,128.60000610351562,True,False,0.6513623595237732,83.76520341035757,GRU,1
test_16,A3,test,16,45.599998474121094,455,118.21446990966797,0.6454120874404907,0.963906466960907,83.0,128.60000610351562,True,False,0.6465545892715454,83.14692412657678,GRU,1
test_16,A3,test,16,45.70000076293945,456,118.21446990966797,0.644634485244751,0.9637492299079895,82.9000015258789,128.60000610351562,True,False,0.6452578902244568,82.98016862120676,GRU,1
test_16,A3,test,16,45.79999923706055,457,118.21446990966797,0.643856942653656,0.9637492299079895,82.80000305175781,128.60000610351562,True,False,0.6423636674880981,82.6079715596461,GRU,1
test_16,A3,test,16,45.900001525878906,458,118.21446990966797,0.6430792808532715,0.9626485109329224,82.69999694824219,128.60000610351562,True,False,0.6422199606895447,82.58949086447501,GRU,1
test_16,A3,test,16,46.0,459,118.21446990966797,0.6423016786575317,0.9659508466720581,82.5999984741211,128.60000610351562,True,False,0.6457775831222534,83.04700113103536,GRU,1
test_16,A3,test,16,46.099998474121094,460,118.21446990966797,0.641524076461792,0.9637492299079895,82.5,128.60000610351562,True,False,0.6455780267715454,83.02133818311631,GRU,1
test_16,A3,test,16,46.20000076293945,461,118.21446990966797,0.6407464742660522,0.963906466960907,82.4000015258789,128.60000610351562,True,False,0.6442256569862366,82.84742342047139,GRU,1
test_16,A3,test,16,46.29999923706055,462,118.21446990966797,0.6399688720703125,0.9628056883811951,82.30000305175781,128.60000610351562,True,False,0.6424046158790588,82.61323752297358,GRU,1
test_16,A3,test,16,46.400001525878906,463,118.21446990966797,0.639191210269928,0.9626485109329224,82.19999694824219,128.60000610351562,True,False,0.6402990221977234,82.34245816270231,GRU,1
test_16,A3,test,16,46.5,464,118.21446990966797,0.638413667678833,0.9604468941688538,82.0999984741211,128.60000610351562,True,False,0.638495147228241,82.1104798306169,GRU,1
test_16,A3,test,16,46.599998474121094,465,118.21446990966797,0.6376360654830933,0.9593459963798523,82.0,128.60000610351562,True,False,0.6355409026145935,81.73056395527055,GRU,1
test_16,A3,test,16,46.70000076293945,466,118.21446990966797,0.6368584632873535,0.9604468941688538,81.9000015258789,128.60000610351562,True,False,0.6341009736061096,81.5453890759909,GRU,1
test_16,A3,test,16,46.79999923706055,467,118.21446990966797,0.6360808610916138,0.9626485109329224,81.80000305175781,128.60000610351562,True,False,0.6361934542655945,81.81448210157214,GRU,1
test_16,A3,test,16,46.900001525878906,468,118.21446990966797,0.6353031992912292,0.9593459963798523,81.69999694824219,128.60000610351562,True,False,0.6337873935699463,81.50506268142635,GRU,1
test_16,A3,test,16,47.0,469,118.21446990966797,0.6345255970954895,0.9628056883811951,81.5999984741211,128.60000610351562,True,False,0.636458694934845,81.84859205325665,GRU,1
test_16,A3,test,16,47.099998474121094,470,118.21446990966797,0.6337480545043945,0.9628056883811951,81.5,128.60000610351562,True,False,0.6409984230995178,82.43240112294188,GRU,1
test_16,A3,test,16,47.20000076293945,471,118.21446990966797,0.6329704523086548,0.9628056883811951,81.4000015258789,128.60000610351562,True,False,0.6433272957801819,82.73189416388959,GRU,1
test_16,A3,test,16,47.29999923706055,472,118.21446990966797,0.632192850112915,0.9626485109329224,81.30000305175781,128.60000610351562,True,False,0.6422325372695923,82.5911082127459,GRU,1
test_16,A3,test,16,47.400001525878906,473,118.21446990966797,0.6314151883125305,0.9626485109329224,81.19999694824219,128.60000610351562,True,False,0.6404667496681213,82.36402791641922,GRU,1
test_16,A3,test,16,47.5,474,118.21446990966797,0.6306375861167908,0.9620194435119629,81.0999984741211,128.60000610351562,True,False,0.6397116780281067,82.26692569890474,GRU,1
test_16,A3,test,16,47.599998474121094,475,118.21446990966797,0.629859983921051,0.9606040716171265,81.0,128.60000610351562,True,False,0.6380612254142761,82.05467748269257,GRU,1
test_16,A3,test,16,47.70000076293945,476,118.21446990966797,0.6290823817253113,0.9606040716171265,80.9000015258789,128.60000610351562,True,False,0.6354056000709534,81.71316404733261,GRU,1
test_16,A3,test,16,47.79999923706055,477,118.21446990966797,0.6283048391342163,0.9595033526420593,80.80000305175781,128.60000610351562,True,False,0.6349902749061584,81.65975322860504,GRU,1
test_16,A3,test,16,47.900001525878906,478,118.21446990966797,0.6275271773338318,0.9573017358779907,80.69999694824219,128.60000610351562,True,False,0.6314895153045654,81.20955552247324,GRU,1
test_16,A3,test,16,48.0,479,118.21446990966797,0.626749575138092,0.9549428820610046,80.5999984741211,128.60000610351562,True,False,0.625021755695343,80.37780159725116,GRU,1
test_16,A3,test,16,48.099998474121094,480,118.21446990966797,0.6259719729423523,0.9549428820610046,80.5,128.60000610351562,True,False,0.6233614683151245,80.16428863002147,GRU,1
test_16,A3,test,16,48.20000076293945,481,118.21446990966797,0.6251943707466125,0.9571444988250732,80.4000015258789,128.60000610351562,True,False,0.6255397796630859,80.44441948266467,GRU,1
test_16,A3,test,16,48.29999923706055,482,118.21446990966797,0.6244167685508728,0.9595033526420593,80.30000305175781,128.60000610351562,True,False,0.6300346255302429,81.02245668861542,GRU,1
test_16,A3,test,16,48.400001525878906,483,118.21446990966797,0.6236391663551331,0.9595033526420593,80.19999694824219,128.60000610351562,True,False,0.6332136392593384,81.43127787358026,GRU,1
test_16,A3,test,16,48.5,484,118.21446990966797,0.6228615641593933,0.9595033526420593,80.0999984741211,128.60000610351562,True,False,0.6349303126335144,81.65204207997704,GRU,1
test_16,A3,test,16,48.599998474121094,485,118.21446990966797,0.6220839619636536,0.9539993405342102,80.0,128.60000610351562,True,False,0.6266578435897827,80.588202510462,GRU,1
test_16,A3,test,16,48.70000076293945,486,118.21446990966797,0.6213063597679138,0.9593459963798523,79.9000015258789,128.60000610351562,True,False,0.6245324015617371,80.31487065268266,GRU,1
test_16,A3,test,16,48.79999923706055,487,118.21446990966797,0.6205287575721741,0.9571444988250732,79.80000305175781,128.60000610351562,True,False,0.6276673078536987,80.71801962096288,GRU,1
test_16,A3,test,16,48.900001525878906,488,118.21446990966797,0.6197510957717896,0.9549428820610046,79.69999694824219,128.60000610351562,True,False,0.6208356618881226,79.83946990809272,GRU,1
test_16,A3,test,16,49.0,489,118.21446990966797,0.6189734935760498,0.9517977237701416,79.5999984741211,128.60000610351562,True,False,0.6182951331138611,79.51275789221654,GRU,1
test_16,A3,test,16,49.099998474121094,490,118.21446990966797,0.6181959509849548,0.9429913759231567,79.5,128.60000610351562,True,False,0.6017886996269226,77.39003044504898,GRU,1
test_16,A3,test,16,49.20000076293945,491,118.21446990966797,0.6174183487892151,0.9551001191139221,79.4000015258789,128.60000610351562,True,False,0.5964027047157288,76.69739146659595,GRU,1
test_16,A3,test,16,49.29999923706055,492,118.21446990966797,0.6166407465934753,0.9551001191139221,79.30000305175781,128.60000610351562,True,False,0.6104531288146973,78.50427609148028,GRU,1
test_16,A3,test,16,49.400001525878906,493,118.21446990966797,0.6158630847930908,0.9541566371917725,79.19999694824219,128.60000610351562,True,False,0.6142244935035706,78.98927361348797,GRU,1
test_16,A3,test,16,49.5,494,118.21446990966797,0.6150854825973511,0.9522695541381836,79.0999984741211,128.60000610351562,True,False,0.6147021651268005,79.05070218715082,GRU,1
test_16,A3,test,16,49.599998474121094,495,118.21446990966797,0.6143078804016113,0.9505396485328674,79.0,128.60000610351562,True,False,0.610261857509613,78.47967860047902,GRU,1
test_16,A3,test,16,49.70000076293945,496,118.21446990966797,0.6135303378105164,0.9451929926872253,78.9000015258789,128.60000610351562,True,False,0.6026838421821594,77.50514578311595,GRU,1
test_16,A3,test,16,49.79999923706055,497,118.21446990966797,0.6127527356147766,0.9451929926872253,78.80000305175781,128.60000610351562,True,False,0.598450243473053,76.96070496328502,GRU,1
test_16,A3,test,16,49.900001525878906,498,118.21446990966797,0.6119750738143921,0.9428341388702393,78.69999694824219,128.60000610351562,True,False,0.593716561794281,76.35195347050285,GRU,1
test_16,A3,test,16,50.0,499,118.21446990966797,0.6111974716186523,0.9423623085021973,78.5999984741211,128.60000610351562,True,False,0.5913206338882446,76.04383712716299,GRU,1
test_16,A3,test,16,50.099998474121094,500,118.21446990966797,0.6104198694229126,0.9429913759231567,78.5,128.60000610351562,True,False,0.5910546183586121,76.00962752842861,GRU,1
test_16,A3,test,16,50.20000076293945,501,118.21446990966797,0.6096422672271729,0.9451929926872253,78.4000015258789,128.60000610351562,True,False,0.5927064418792725,76.22205204326747,GRU,1
test_16,A3,test,16,50.29999923706055,502,118.21446990966797,0.6088646650314331,0.9451929926872253,78.30000305175781,128.60000610351562,True,False,0.5986595749855042,76.9876249970639,GRU,1
test_16,A3,test,16,50.400001525878906,503,118.21446990966797,0.6080870628356934,0.9429913759231567,78.19999694824219,128.60000610351562,True,False,0.5946653485298157,76.47396745048354,GRU,1
test_16,A3,test,16,50.5,504,118.21446990966797,0.6073094606399536,0.9418905973434448,78.0999984741211,128.60000610351562,True,False,0.5913674235343933,76.04985427594329,GRU,1
test_16,A3,test,16,50.599998474121094,505,118.21446990966797,0.6065318584442139,0.947394609451294,78.0,128.60000610351562,True,False,0.5936208367347717,76.3396432272657,GRU,1
test_16,A3,test,16,50.70000076293945,506,118.21446990966797,0.6057542562484741,0.943148672580719,77.9000015258789,128.60000610351562,True,False,0.5942233204841614,76.41712264111447,GRU,1
test_16,A3,test,16,50.79999923706055,507,118.21446990966797,0.6049766540527344,0.9420478343963623,77.80000305175781,128.60000610351562,True,False,0.5906589031219482,75.95873854657839,GRU,1
test_16,A3,test,16,50.900001525878906,508,118.21446990966797,0.6041989922523499,0.9418905973434448,77.69999694824219,128.60000610351562,True,False,0.5874857306480408,75.55066854706638,GRU,1
test_16,A3,test,16,51.0,509,118.21446990966797,0.6034214496612549,0.9396889805793762,77.5999984741211,128.60000610351562,True,False,0.5874374508857727,75.54445976934403,GRU,1
test_16,A3,test,16,51.099998474121094,510,118.21446990966797,0.6026438474655151,0.9396889805793762,77.5,128.60000610351562,True,False,0.5862396359443665,75.3904207605683,GRU,1
test_16,A3,test,16,51.20000076293945,511,118.21446990966797,0.6018662452697754,0.9396889805793762,77.4000015258789,128.60000610351562,True,False,0.5845219492912292,75.16952624649093,GRU,1
test_16,A3,test,16,51.29999923706055,512,118.21446990966797,0.6010886430740356,0.9387454390525818,77.30000305175781,128.60000610351562,True,False,0.5838245749473572,75.07984390161255,GRU,1
test_16,A3,test,16,51.400001525878906,513,118.21446990966797,0.6003109812736511,0.9367011189460754,77.19999694824219,128.60000610351562,True,False,0.580306887626648,74.62746929069908,GRU,1
test_16,A3,test,16,51.5,514,118.21446990966797,0.5995333790779114,0.9367011189460754,77.0999984741211,128.60000610351562,True,False,0.5795548558235168,74.53075799622638,GRU,1
test_16,A3,test,16,51.599998474121094,515,118.21446990966797,0.5987557768821716,0.9385882019996643,77.0,128.60000610351562,True,False,0.5781034827232361,74.3441114066718,GRU,1
test_16,A3,test,16,51.70000076293945,516,118.21446990966797,0.5979782342910767,0.9418905973434448,76.9000015258789,128.60000610351562,True,False,0.5843937397003174,75.15303849231714,GRU,1
test_16,A3,test,16,51.79999923706055,517,118.21446990966797,0.5972006320953369,0.9418905973434448,76.80000305175781,128.60000610351562,True,False,0.59035724401474,75.91994518355023,GRU,1
test_16,A3,test,16,51.900001525878906,518,118.21446990966797,0.5964229702949524,0.9385882019996643,76.69999694824219,128.60000610351562,True,False,0.5855007767677307,75.29540346594331,GRU,1
test_16,A3,test,16,52.0,519,118.21446990966797,0.5956453680992126,0.9393744468688965,76.5999984741211,128.60000610351562,True,False,0.5838098526000977,75.07795060766512,GRU,1
test_16,A3,test,16,52.099998474121094,520,118.21446990966797,0.5948677659034729,0.9396889805793762,76.5,128.60000610351562,True,False,0.5865767002105713,75.43376722725952,GRU,1
test_16,A3,test,16,52.20000076293945,521,118.21446990966797,0.5940901637077332,0.9387454390525818,76.4000015258789,128.60000610351562,True,False,0.5851100087165833,75.24515069218069,GRU,1
test_16,A3,test,16,52.29999923706055,522,118.21446990966797,0.5933126211166382,0.9387454390525818,76.30000305175781,128.60000610351562,True,False,0.5839887261390686,75.10095374586854,GRU,1
test_16,A3,test,16,52.400001525878906,523,118.21446990966797,0.5925349593162537,0.9371728301048279,76.19999694824219,128.60000610351562,True,False,0.5809922814369202,74.7156109388834,GRU,1
test_16,A3,test,16,52.5,524,118.21446990966797,0.5917573571205139,0.9359148740768433,76.0999984741211,128.60000610351562,True,False,0.5805386304855347,74.65727142376636,GRU,1
test_16,A3,test,16,52.599998474121094,525,118.21446990966797,0.5909797549247742,0.9343423247337341,76.0,128.60000610351562,True,False,0.5764110684394836,74.12646691945156,GRU,1
test_16,A3,test,16,52.70000076293945,526,118.21446990966797,0.5902021527290344,0.9343423247337341,75.9000015258789,128.60000610351562,True,False,0.573072612285614,73.6971414376876,GRU,1
test_16,A3,test,16,52.79999923706055,527,118.21446990966797,0.5894245505332947,0.9343423247337341,75.80000305175781,128.60000610351562,True,False,0.5726360082626343,73.64099415766759,GRU,1
test_16,A3,test,16,52.900001525878906,528,118.21446990966797,0.5886468887329102,0.9333987832069397,75.69999694824219,128.60000610351562,True,False,0.5737590789794922,73.7854210587102,GRU,1
test_16,A3,test,16,53.0,529,118.21446990966797,0.5878693461418152,0.9333987832069397,75.5999984741211,128.60000610351562,True,False,0.5734503865242004,73.74572320707557,GRU,1
test_16,A3,test,16,53.099998474121094,530,118.21446990966797,0.5870917439460754,0.9333987832069397,75.5,128.60000610351562,True,False,0.5719850659370422,73.55728297062342,GRU,1
test_16,A3,test,16,53.20000076293945,531,118.21446990966797,0.5863141417503357,0.9333987832069397,75.4000015258789,128.60000610351562,True,False,0.5730162858963013,73.6898978636782,GRU,1
test_16,A3,test,16,53.29999923706055,532,118.21446990966797,0.585536539554596,0.9343423247337341,75.30000305175781,128.60000610351562,True,False,0.5733209252357483,73.72907448459046,GRU,1
test_16,A3,test,16,53.400001525878906,533,118.21446990966797,0.5847588777542114,0.9310399293899536,75.19999694824219,128.60000610351562,True,False,0.5699754357337952,73.29884451422004,GRU,1
test_16,A3,test,16,53.5,534,118.21446990966797,0.5839812755584717,0.9310399293899536,75.0999984741211,128.60000610351562,True,False,0.5658045411109924,72.76246744027048,GRU,1
test_16,A3,test,16,53.599998474121094,535,118.21446990966797,0.5832037329673767,0.9310399293899536,75.0,128.60000610351562,True,False,0.5650807619094849,72.66938943053901,GRU,1
test_16,A3,test,16,53.70000076293945,536,118.21446990966797,0.582426130771637,0.9311971664428711,74.9000015258789,128.60000610351562,True,False,0.5652742385864258,72.6942705323745,GRU,1
test_16,A3,test,16,53.79999923706055,537,118.21446990966797,0.5816485285758972,0.9311971664428711,74.80000305175781,128.60000610351562,True,False,0.5659443736076355,72.78044990019225,GRU,1
test_16,A3,test,16,53.900001525878906,538,118.21446990966797,0.5808708667755127,0.9311971664428711,74.69999694824219,128.60000610351562,True,False,0.5665311217308044,72.855905712413,GRU,1
test_16,A3,test,16,54.0,539,118.21446990966797,0.580093264579773,0.9332415461540222,74.5999984741211,128.60000610351562,True,False,0.5703094005584717,73.3417923927118,GRU,1
test_16,A3,test,16,54.099998474121094,540,118.21446990966797,0.5793156623840332,0.9385882019996643,74.5,128.60000610351562,True,False,0.5758117437362671,74.04939375895992,GRU,1
test_16,A3,test,16,54.20000076293945,541,118.21446990966797,0.5785380601882935,0.9365439414978027,74.4000015258789,128.60000610351562,True,False,0.5797132849693298,74.55113198534491,GRU,1
test_16,A3,test,16,54.29999923706055,542,118.21446990966797,0.5777605175971985,0.9343423247337341,74.30000305175781,128.60000610351562,True,False,0.5755804181098938,74.01964528199642,GRU,1
test_16,A3,test,16,54.400001525878906,543,118.21446990966797,0.576982855796814,0.9332415461540222,74.19999694824219,128.60000610351562,True,False,0.5745770335197449,73.89061001757909,GRU,1
test_16,A3,test,16,54.5,544,118.21446990966797,0.5762052536010742,0.9333987832069397,74.0999984741211,128.60000610351562,True,False,0.570533275604248,73.37058272496506,GRU,1
test_16,A3,test,16,54.599998474121094,545,118.21446990966797,0.5754276514053345,0.9310399293899536,74.0,128.60000610351562,True,False,0.5689632296562195,73.16867480646579,GRU,1
test_16,A3,test,16,54.70000076293945,546,118.21446990966797,0.5746500492095947,0.9396889805793762,73.9000015258789,128.60000610351562,True,False,0.5709649920463562,73.42610146205516,GRU,1
test_16,A3,test,16,54.79999923706055,547,118.21446990966797,0.573872447013855,0.9365439414978027,73.80000305175781,128.60000610351562,True,False,0.577268123626709,74.23668422175979,GRU,1
test_16,A3,test,16,54.900001525878906,548,118.21446990966797,0.5730948448181152,0.9425196647644043,73.69999694824219,128.60000610351562,True,False,0.5803181529045105,74.62891800550096,GRU,1
test_16,A3,test,16,55.0,549,118.21446990966797,0.5723172426223755,0.9434632062911987,73.5999984741211,128.60000610351562,True,False,0.5924692153930664,76.19154471569345,GRU,1
test_16,A3,test,16,55.099998474121094,550,118.21446990966797,0.5715396404266357,0.9396889805793762,73.5,128.60000610351562,True,False,0.5897162556648254,75.83751407783893,GRU,1
test_16,A3,test,16,55.20000076293945,551,118.21446990966797,0.570762038230896,0.9343423247337341,73.4000015258789,128.60000610351562,True,False,0.5794671177864075,74.51947488411861,GRU,1
test_16,A3,test,16,55.29999923706055,552,118.21446990966797,0.5699844360351562,0.9255359172821045,73.30000305175781,128.60000610351562,True,False,0.5596281886100769,71.96818847095528,GRU,1
test_16,A3,test,16,55.39999771118164,553,118.21446990966797,0.5692068811677363,,73.20000839233398,128.60000610351562,False,True,,,GRU,1
test_16,A3,test,16,55.5,554,118.21446990966797,0.5684292584300059,,73.10000610351562,128.60000610351562,False,True,,,GRU,1
test_16,A3,test,16,55.60000228881836,555,118.21446990966797,0.5676516356922756,,73.00000381469727,128.60000610351562,False,True,,,GRU,1
test_16,A3,test,16,55.70000457763672,556,118.21446990966797,0.5668740129545452,,72.9000015258789,128.60000610351562,False,True,,,GRU,1
test_16,A3,test,16,55.80000686645508,557,118.21446990966797,0.5660963902168148,,72.79999923706055,128.60000610351562,False,True,,,GRU,1
test_16,A3,test,16,55.90000915527344,558,118.21446990966797,0.5653187674790844,,72.69999694824219,128.60000610351562,False,True,,,GRU,1
test_16,A3,test,16,56.0000114440918,559,118.21446990966797,0.5645411447413541,,72.59999465942383,128.60000610351562,False,True,,,GRU,1
test_16,A3,test,16,56.100013732910156,560,118.21446990966797,0.5637635220036237,,72.49999237060547,128.60000610351562,False,True,,,GRU,1
test_16,A3,test,16,56.200016021728516,561,118.21446990966797,0.5629858992658933,,72.39999008178711,128.60000610351562,False,True,,,GRU,1
test_16,A3,test,16,56.300018310546875,562,118.21446990966797,0.5622082765281629,,72.29998779296875,128.60000610351562,False,True,,,GRU,1
test_16,A3,test,16,56.400020599365234,563,118.21446990966797,0.5614306537904326,,72.19998550415039,128.60000610351562,False,True,,,GRU,1
test_16,A3,test,16,56.500022888183594,564,118.21446990966797,0.5606530310527021,,72.09998321533203,128.60000610351562,False,True,,,GRU,1
test_16,A3,test,16,56.60002517700195,565,118.21446990966797,0.5598754083149717,,71.99998092651367,128.60000610351562,False,True,,,GRU,1
test_16,A3,test,16,56.70002746582031,566,118.21446990966797,0.5590977855772414,,71.89997863769531,128.60000610351562,False,True,,,GRU,1
test_16,A3,test,16,56.80002975463867,567,118.21446990966797,0.558320162839511,,71.79997634887695,128.60000610351562,False,True,,,GRU,1
test_16,A3,test,16,56.90003204345703,568,118.21446990966797,0.5575425401017806,,71.6999740600586,128.60000610351562,False,True,,,GRU,1
test_16,A3,test,16,57.00003433227539,569,118.21446990966797,0.5567649173640502,,71.59997177124023,128.60000610351562,False,True,,,GRU,1
test_16,A3,test,16,57.10003662109375,570,118.21446990966797,0.5559872946263199,,71.49996948242188,128.60000610351562,False,True,,,GRU,1
test_16,A3,test,16,57.20003890991211,571,118.21446990966797,0.5552096718885895,,71.39996719360352,128.60000610351562,False,True,,,GRU,1
test_16,A3,test,16,57.30004119873047,572,118.21446990966797,0.5544320491508591,,71.29996490478516,128.60000610351562,False,True,,,GRU,1
test_16,A3,test,16,57.40004348754883,573,118.21446990966797,0.5536544264131287,,71.1999626159668,128.60000610351562,False,True,,,GRU,1
test_16,A3,test,16,57.50004577636719,574,118.21446990966797,0.5528768036753984,,71.09996032714844,128.60000610351562,False,True,,,GRU,1
test_16,A3,test,16,57.60004806518555,575,118.21446990966797,0.552099180937668,,70.99995803833008,128.60000610351562,False,True,,,GRU,1
test_16,A3,test,16,57.700050354003906,576,118.21446990966797,0.5513215581999376,,70.89995574951172,128.60000610351562,False,True,,,GRU,1
test_16,A3,test,16,57.800052642822266,577,118.21446990966797,0.5505439354622073,,70.79995346069336,128.60000610351562,False,True,,,GRU,1
test_16,A3,test,16,57.900054931640625,578,118.21446990966797,0.5497663127244768,,70.699951171875,128.60000610351562,False,True,,,GRU,1
test_16,A3,test,16,58.000057220458984,579,118.21446990966797,0.5489886899867464,,70.59994888305664,128.60000610351562,False,True,,,GRU,1
test_16,A3,test,16,58.100059509277344,580,118.21446990966797,0.548211067249016,,70.49994659423828,128.60000610351562,False,True,,,GRU,1
test_16,A3,test,16,58.2000617980957,581,118.21446990966797,0.5474334445112857,,70.39994430541992,128.60000610351562,False,True,,,GRU,1
test_16,A3,test,16,58.30006408691406,582,118.21446990966797,0.5466558217735553,,70.29994201660156,128.60000610351562,False,True,,,GRU,1
test_16,A3,test,16,58.40006637573242,583,118.21446990966797,0.5458781990358249,,70.1999397277832,128.60000610351562,False,True,,,GRU,1
test_16,A3,test,16,58.50006866455078,584,118.21446990966797,0.5451005762980945,,70.09993743896484,128.60000610351562,False,True,,,GRU,1
test_16,A3,test,16,58.60007095336914,585,118.21446990966797,0.5443229535603642,,69.99993515014648,128.60000610351562,False,True,,,GRU,1
test_16,A3,test,16,58.7000732421875,586,118.21446990966797,0.5435453308226338,,69.89993286132812,128.60000610351562,False,True,,,GRU,1
test_16,A3,test,16,58.80007553100586,587,118.21446990966797,0.5427677080849034,,69.79993057250977,128.60000610351562,False,True,,,GRU,1
test_16,A3,test,16,58.90007781982422,588,118.21446990966797,0.5419900853471731,,69.6999282836914,128.60000610351562,False,True,,,GRU,1
test_16,A3,test,16,59.00008010864258,589,118.21446990966797,0.5412124626094427,,69.59992599487305,128.60000610351562,False,True,,,GRU,1
test_16,A3,test,16,59.10008239746094,590,118.21446990966797,0.5404348398717123,,69.49992370605469,128.60000610351562,False,True,,,GRU,1
test_16,A3,test,16,59.2000846862793,591,118.21446990966797,0.5396572171339818,,69.39992141723633,128.60000610351562,False,True,,,GRU,1
test_16,A3,test,16,59.300086975097656,592,118.21446990966797,0.5388795943962515,,69.29991912841797,128.60000610351562,False,True,,,GRU,1
test_16,A3,test,16,59.400089263916016,593,118.21446990966797,0.5381019716585211,,69.19991683959961,128.60000610351562,False,True,,,GRU,1
test_16,A3,test,16,59.500091552734375,594,118.21446990966797,0.5373243489207907,,69.09991455078125,128.60000610351562,False,True,,,GRU,1
test_16,A3,test,16,59.600093841552734,595,118.21446990966797,0.5365467261830603,,68.99991226196289,128.60000610351562,False,True,,,GRU,1
test_16,A3,test,16,59.700096130371094,596,118.21446990966797,0.53576910344533,,68.89990997314453,128.60000610351562,False,True,,,GRU,1
test_16,A3,test,16,59.80009841918945,597,118.21446990966797,0.5349914807075996,,68.79990768432617,128.60000610351562,False,True,,,GRU,1
test_16,A3,test,16,59.90010070800781,598,118.21446990966797,0.5342138579698692,,68.69990539550781,128.60000610351562,False,True,,,GRU,1
test_16,A3,test,16,60.00010299682617,599,118.21446990966797,0.5334362352321389,,68.59990310668945,128.60000610351562,False,True,,,GRU,1
test_16,A3,test,16,60.10010528564453,600,118.21446990966797,0.5326586124944085,,68.4999008178711,128.60000610351562,False,True,,,GRU,1
test_16,A3,test,16,60.20010757446289,601,118.21446990966797,0.5318809897566781,,68.39989852905273,128.60000610351562,False,True,,,GRU,1
test_16,A3,test,16,60.30010986328125,602,118.21446990966797,0.5311033670189477,,68.29989624023438,128.60000610351562,False,True,,,GRU,1
test_16,A3,test,16,60.40011215209961,603,118.21446990966797,0.5303257442812174,,68.19989395141602,128.60000610351562,False,True,,,GRU,1
test_16,A3,test,16,60.50011444091797,604,118.21446990966797,0.529548121543487,,68.09989166259766,128.60000610351562,False,True,,,GRU,1
test_16,A3,test,16,60.60011672973633,605,118.21446990966797,0.5287704988057566,,67.9998893737793,128.60000610351562,False,True,,,GRU,1
test_16,A3,test,16,60.70011901855469,606,118.21446990966797,0.5279928760680261,,67.89988708496094,128.60000610351562,False,True,,,GRU,1
test_16,A3,test,16,60.80012130737305,607,118.21446990966797,0.5272152533302958,,67.79988479614258,128.60000610351562,False,True,,,GRU,1
test_16,A3,test,16,60.900123596191406,608,118.21446990966797,0.5264376305925654,,67.69988250732422,128.60000610351562,False,True,,,GRU,1
test_16,A3,test,16,61.000125885009766,609,118.21446990966797,0.525660007854835,,67.59988021850586,128.60000610351562,False,True,,,GRU,1
test_16,A3,test,16,61.100128173828125,610,118.21446990966797,0.5248823851171047,,67.4998779296875,128.60000610351562,False,True,,,GRU,1
test_16,A3,test,16,61.200130462646484,611,118.21446990966797,0.5241047623793743,,67.39987564086914,128.60000610351562,False,True,,,GRU,1
test_16,A3,test,16,61.300132751464844,612,118.21446990966797,0.5233271396416439,,67.29987335205078,128.60000610351562,False,True,,,GRU,1
test_16,A3,test,16,61.4001350402832,613,118.21446990966797,0.5225495169039135,,67.19987106323242,128.60000610351562,False,True,,,GRU,1
test_16,A3,test,16,61.50013732910156,614,118.21446990966797,0.5217718941661832,,67.09986877441406,128.60000610351562,False,True,,,GRU,1
test_16,A3,test,16,61.60013961791992,615,118.21446990966797,0.5209942714284528,,66.9998664855957,128.60000610351562,False,True,,,GRU,1
test_16,A3,test,16,61.70014190673828,616,118.21446990966797,0.5202166486907224,,66.89986419677734,128.60000610351562,False,True,,,GRU,1
test_16,A3,test,16,61.80014419555664,617,118.21446990966797,0.519439025952992,,66.79986190795898,128.60000610351562,False,True,,,GRU,1
test_16,A3,test,16,61.900146484375,618,118.21446990966797,0.5186614032152617,,66.69985961914062,128.60000610351562,False,True,,,GRU,1
test_16,A3,test,16,62.00014877319336,619,118.21446990966797,0.5178837804775313,,66.59985733032227,128.60000610351562,False,True,,,GRU,1
test_16,A3,test,16,62.10015106201172,620,118.21446990966797,0.5171061577398008,,66.4998550415039,128.60000610351562,False,True,,,GRU,1
test_16,A3,test,16,62.20015335083008,621,118.21446990966797,0.5163285350020705,,66.39985275268555,128.60000610351562,False,True,,,GRU,1
test_16,A3,test,16,62.30015563964844,622,118.21446990966797,0.5155509122643401,,66.29985046386719,128.60000610351562,False,True,,,GRU,1
test_16,A3,test,16,62.4001579284668,623,118.21446990966797,0.5147732895266097,,66.19984817504883,128.60000610351562,False,True,,,GRU,1
test_16,A3,test,16,62.500160217285156,624,118.21446990966797,0.5139956667888793,,66.09984588623047,128.60000610351562,False,True,,,GRU,1
test_16,A3,test,16,62.600162506103516,625,118.21446990966797,0.513218044051149,,65.99984359741211,128.60000610351562,False,True,,,GRU,1
test_16,A3,test,16,62.700164794921875,626,118.21446990966797,0.5124404213134186,,65.89984130859375,128.60000610351562,False,True,,,GRU,1
test_16,A3,test,16,62.800167083740234,627,118.21446990966797,0.5116627985756882,,65.79983901977539,128.60000610351562,False,True,,,GRU,1
test_16,A3,test,16,62.900169372558594,628,118.21446990966797,0.5108851758379578,,65.69983673095703,128.60000610351562,False,True,,,GRU,1
test_16,A3,test,16,63.00017166137695,629,118.21446990966797,0.5101075531002275,,65.59983444213867,128.60000610351562,False,True,,,GRU,1
test_16,A3,test,16,63.10017395019531,630,118.21446990966797,0.5093299303624971,,65.49983215332031,128.60000610351562,False,True,,,GRU,1
test_16,A3,test,16,63.20017623901367,631,118.21446990966797,0.5085523076247667,,65.39982986450195,128.60000610351562,False,True,,,GRU,1
test_16,A3,test,16,63.30017852783203,632,118.21446990966797,0.5077746848870364,,65.2998275756836,128.60000610351562,False,True,,,GRU,1
test_16,A3,test,16,63.40018081665039,633,118.21446990966797,0.506997062149306,,65.19982528686523,128.60000610351562,False,True,,,GRU,1
test_16,A3,test,16,63.50018310546875,634,118.21446990966797,0.5062194394115755,,65.09982299804688,128.60000610351562,False,True,,,GRU,1
test_16,A3,test,16,63.60018539428711,635,118.21446990966797,0.5054418166738451,,64.99982070922852,128.60000610351562,False,True,,,GRU,1
test_16,A3,test,16,63.70018768310547,636,118.21446990966797,0.5046641939361148,,64.89981842041016,128.60000610351562,False,True,,,GRU,1
test_16,A3,test,16,63.80018997192383,637,118.21446990966797,0.5038865711983844,,64.7998161315918,128.60000610351562,False,True,,,GRU,1
test_16,A3,test,16,63.90019226074219,638,118.21446990966797,0.503108948460654,,64.69981384277344,128.60000610351562,False,True,,,GRU,1
test_16,A3,test,16,64.00019836425781,639,118.21446990966797,0.5023312960596493,,64.59980773925781,128.60000610351562,False,True,,,GRU,1
test_16,A3,test,16,64.1001968383789,640,118.21446990966797,0.5015537029851933,,64.49980926513672,128.60000610351562,False,True,,,GRU,1
test_16,A3,test,16,64.2001953125,641,118.21446990966797,0.5007761099107373,,64.39981079101562,128.60000610351562,False,True,,,GRU,1
test_16,A3,test,16,64.30020141601562,642,118.21446990966797,0.49999845750973254,,64.2998046875,128.60000610351562,False,True,,,GRU,1
test_16,A3,test,16,64.40020751953125,643,118.21446990966797,0.49922080510872774,,64.19979858398438,128.60000610351562,False,True,,,GRU,1
test_16,A3,test,16,64.50020599365234,644,118.21446990966797,0.4984432120342718,,64.09980010986328,128.60000610351562,False,True,,,GRU,1
test_16,A3,test,16,64.60020446777344,645,118.21446990966797,0.49766561895981576,,63.99980163574219,128.60000610351562,False,True,,,GRU,1
test_16,A3,test,16,64.70021057128906,646,118.21446990966797,0.496887966558811,,63.89979553222656,128.60000610351562,False,True,,,GRU,1
test_16,A3,test,16,64.80021667480469,647,118.21446990966797,0.49611031415780626,,63.79978942871094,128.60000610351562,False,True,,,GRU,1
test_16,A3,test,16,64.90021514892578,648,118.21446990966797,0.49533272108335025,,63.699790954589844,128.60000610351562,False,True,,,GRU,1
test_16,A3,test,16,65.00021362304688,649,118.21446990966797,0.49455512800889423,,63.59979248046875,128.60000610351562,False,True,,,GRU,1
test_16,A3,test,16,65.1002197265625,650,118.21446990966797,0.4937774756078895,,63.499786376953125,128.60000610351562,False,True,,,GRU,1
test_16,A3,test,16,65.20022583007812,651,118.21446990966797,0.49299982320688474,,63.3997802734375,128.60000610351562,False,True,,,GRU,1
test_16,A3,test,16,65.30022430419922,652,118.21446990966797,0.4922222301324287,,63.299781799316406,128.60000610351562,False,True,,,GRU,1
test_16,A3,test,16,65.40022277832031,653,118.21446990966797,0.4914446370579727,,63.19978332519531,128.60000610351562,False,True,,,GRU,1
test_16,A3,test,16,65.50022888183594,654,118.21446990966797,0.49066698465696795,,63.09977722167969,128.60000610351562,False,True,,,GRU,1
test_16,A3,test,16,65.60023498535156,655,118.21446990966797,0.4898893322559632,,62.99977111816406,128.60000610351562,False,True,,,GRU,1
test_16,A3,test,16,65.70023345947266,656,118.21446990966797,0.4891117391815072,,62.89977264404297,128.60000610351562,False,True,,,GRU,1
test_16,A3,test,16,65.80023193359375,657,118.21446990966797,0.48833414610705117,,62.799774169921875,128.60000610351562,False,True,,,GRU,1
test_16,A3,test,16,65.90023803710938,658,118.21446990966797,0.4875564937060464,,62.69976806640625,128.60000610351562,False,True,,,GRU,1
test_16,A3,test,16,66.000244140625,659,118.21446990966797,0.4867788413050417,,62.599761962890625,128.60000610351562,False,True,,,GRU,1
test_16,A3,test,16,66.1002426147461,660,118.21446990966797,0.48600124823058566,,62.49976348876953,128.60000610351562,False,True,,,GRU,1
test_16,A3,test,16,66.20024108886719,661,118.21446990966797,0.4852236551561297,,62.39976501464844,128.60000610351562,False,True,,,GRU,1
test_16,A3,test,16,66.30024719238281,662,118.21446990966797,0.48444600275512495,,62.29975891113281,128.60000610351562,False,True,,,GRU,1
test_16,A3,test,16,66.40025329589844,663,118.21446990966797,0.48366835035412015,,62.19975280761719,128.60000610351562,False,True,,,GRU,1
test_16,A3,test,16,66.50025177001953,664,118.21446990966797,0.4828907572796642,,62.099754333496094,128.60000610351562,False,True,,,GRU,1
test_16,A3,test,16,66.60025024414062,665,118.21446990966797,0.48211316420520817,,61.999755859375,128.60000610351562,False,True,,,GRU,1
test_16,A3,test,16,66.70025634765625,666,118.21446990966797,0.4813355118042034,,61.899749755859375,128.60000610351562,False,True,,,GRU,1
test_16,A3,test,16,66.80026245117188,667,118.21446990966797,0.4805578594031987,,61.79974365234375,128.60000610351562,False,True,,,GRU,1
test_16,A3,test,16,66.90026092529297,668,118.21446990966797,0.47978026632874266,,61.699745178222656,128.60000610351562,False,True,,,GRU,1
test_16,A3,test,16,67.00025939941406,669,118.21446990966797,0.47900267325428664,,61.59974670410156,128.60000610351562,False,True,,,GRU,1
test_16,A3,test,16,67.10026550292969,670,118.21446990966797,0.4782250208532819,,61.49974060058594,128.60000610351562,False,True,,,GRU,1
test_16,A3,test,16,67.20027160644531,671,118.21446990966797,0.47744736845227714,,61.39973449707031,128.60000610351562,False,True,,,GRU,1
test_16,A3,test,16,67.3002700805664,672,118.21446990966797,0.4766697753778211,,61.29973602294922,128.60000610351562,False,True,,,GRU,1
test_16,A3,test,16,67.4002685546875,673,118.21446990966797,0.4758921823033651,,61.199737548828125,128.60000610351562,False,True,,,GRU,1
test_16,A3,test,16,67.50027465820312,674,118.21446990966797,0.47511452990236036,,61.0997314453125,128.60000610351562,False,True,,,GRU,1
test_16,A3,test,16,67.60028076171875,675,118.21446990966797,0.4743368775013556,,60.999725341796875,128.60000610351562,False,True,,,GRU,1
test_16,A3,test,16,67.70027923583984,676,118.21446990966797,0.4735592844268996,,60.89972686767578,128.60000610351562,False,True,,,GRU,1
test_16,A3,test,16,67.80027770996094,677,118.21446990966797,0.4727816913524436,,60.79972839355469,128.60000610351562,False,True,,,GRU,1
test_16,A3,test,16,67.90028381347656,678,118.21446990966797,0.47200403895143883,,60.69972229003906,128.60000610351562,False,True,,,GRU,1
test_16,A3,test,16,68.00028991699219,679,118.21446990966797,0.4712263865504341,,60.59971618652344,128.60000610351562,False,True,,,GRU,1
test_16,A3,test,16,68.10028839111328,680,118.21446990966797,0.47044879347597807,,60.499717712402344,128.60000610351562,False,True,,,GRU,1
test_16,A3,test,16,68.20028686523438,681,118.21446990966797,0.4696712004015221,,60.39971923828125,128.60000610351562,False,True,,,GRU,1
test_16,A3,test,16,68.30029296875,682,118.21446990966797,0.4688935480005173,,60.299713134765625,128.60000610351562,False,True,,,GRU,1
test_16,A3,test,16,68.40029907226562,683,118.21446990966797,0.46811589559951255,,60.19970703125,128.60000610351562,False,True,,,GRU,1
test_16,A3,test,16,68.50029754638672,684,118.21446990966797,0.4673383025250566,,60.099708557128906,128.60000610351562,False,True,,,GRU,1
test_16,A3,test,16,68.60029602050781,685,118.21446990966797,0.4665607094506006,,59.99971008300781,128.60000610351562,False,True,,,GRU,1
test_16,A3,test,16,68.70030212402344,686,118.21446990966797,0.46578305704959583,,59.89970397949219,128.60000610351562,False,True,,,GRU,1
test_16,A3,test,16,68.80030822753906,687,118.21446990966797,0.4650054046485911,,59.79969787597656,128.60000610351562,False,True,,,GRU,1
test_16,A3,test,16,68.90030670166016,688,118.21446990966797,0.46422781157413506,,59.69969940185547,128.60000610351562,False,True,,,GRU,1
test_16,A3,test,16,69.00030517578125,689,118.21446990966797,0.46345021849967905,,59.599700927734375,128.60000610351562,False,True,,,GRU,1
test_16,A3,test,16,69.10031127929688,690,118.21446990966797,0.4626725660986743,,59.49969482421875,128.60000610351562,False,True,,,GRU,1
test_16,A3,test,16,69.2003173828125,691,118.21446990966797,0.46189491369766955,,59.399688720703125,128.60000610351562,False,True,,,GRU,1
test_16,A3,test,16,69.3003158569336,692,118.21446990966797,0.46111732062321353,,59.29969024658203,128.60000610351562,False,True,,,GRU,1
test_16,A3,test,16,69.40031433105469,693,118.21446990966797,0.4603397275487575,,59.19969177246094,128.60000610351562,False,True,,,GRU,1
test_16,A3,test,16,69.50032043457031,694,118.21446990966797,0.45956207514775277,,59.09968566894531,128.60000610351562,False,True,,,GRU,1
test_16,A3,test,16,69.60032653808594,695,118.21446990966797,0.458784422746748,,58.99967956542969,128.60000610351562,False,True,,,GRU,1
test_16,A3,test,16,69.70032501220703,696,118.21446990966797,0.458006829672292,,58.899681091308594,128.60000610351562,False,True,,,GRU,1
test_16,A3,test,16,69.80032348632812,697,118.21446990966797,0.457229236597836,,58.7996826171875,128.60000610351562,False,True,,,GRU,1
test_16,A3,test,16,69.90032958984375,698,118.21446990966797,0.45645158419683124,,58.699676513671875,128.60000610351562,False,True,,,GRU,1
test_16,A3,test,16,70.00033569335938,699,118.21446990966797,0.4556739317958265,,58.59967041015625,128.60000610351562,False,True,,,GRU,1
test_16,A3,test,16,70.10033416748047,700,118.21446990966797,0.4548963387213705,,58.499671936035156,128.60000610351562,False,True,,,GRU,1
test_16,A3,test,16,70.20033264160156,701,118.21446990966797,0.4541187456469145,,58.39967346191406,128.60000610351562,False,True,,,GRU,1
test_16,A3,test,16,70.30033874511719,702,118.21446990966797,0.4533410932459097,,58.29966735839844,128.60000610351562,False,True,,,GRU,1
test_16,A3,test,16,70.40034484863281,703,118.21446990966797,0.45256344084490496,,58.19966125488281,128.60000610351562,False,True,,,GRU,1
test_16,A3,test,16,70.5003433227539,704,118.21446990966797,0.45178584777044895,,58.09966278076172,128.60000610351562,False,True,,,GRU,1
test_16,A3,test,16,70.600341796875,705,118.21446990966797,0.451008254695993,,57.999664306640625,128.60000610351562,False,True,,,GRU,1
test_16,A3,test,16,70.70034790039062,706,118.21446990966797,0.45023060229498824,,57.899658203125,128.60000610351562,False,True,,,GRU,1
test_16,A3,test,16,70.80035400390625,707,118.21446990966797,0.44945294989398343,,57.799652099609375,128.60000610351562,False,True,,,GRU,1
test_16,A3,test,16,70.90035247802734,708,118.21446990966797,0.44867535681952747,,57.69965362548828,128.60000610351562,False,True,,,GRU,1
test_16,A3,test,16,71.00035095214844,709,118.21446990966797,0.44789776374507145,,57.59965515136719,128.60000610351562,False,True,,,GRU,1
test_16,A3,test,16,71.10035705566406,710,118.21446990966797,0.4471201113440667,,57.49964904785156,128.60000610351562,False,True,,,GRU,1
test_16,A3,test,16,71.20036315917969,711,118.21446990966797,0.44634245894306196,,57.39964294433594,128.60000610351562,False,True,,,GRU,1
test_16,A3,test,16,71.30036163330078,712,118.21446990966797,0.44556486586860594,,57.299644470214844,128.60000610351562,False,True,,,GRU,1
test_16,A3,test,16,71.40036010742188,713,118.21446990966797,0.4447872727941499,,57.19964599609375,128.60000610351562,False,True,,,GRU,1
test_16,A3,test,16,71.5003662109375,714,118.21446990966797,0.4440096203931452,,57.099639892578125,128.60000610351562,False,True,,,GRU,1
test_16,A3,test,16,71.60037231445312,715,118.21446990966797,0.44323196799214043,,56.9996337890625,128.60000610351562,False,True,,,GRU,1
test_16,A3,test,16,71.70037078857422,716,118.21446990966797,0.4424543749176844,,56.899635314941406,128.60000610351562,False,True,,,GRU,1
test_16,A3,test,16,71.80036926269531,717,118.21446990966797,0.4416767818432284,,56.79963684082031,128.60000610351562,False,True,,,GRU,1
test_16,A3,test,16,71.90037536621094,718,118.21446990966797,0.44089912944222365,,56.69963073730469,128.60000610351562,False,True,,,GRU,1
test_16,A3,test,16,72.00038146972656,719,118.21446990966797,0.4401214770412189,,56.59962463378906,128.60000610351562,False,True,,,GRU,1
test_16,A3,test,16,72.10037994384766,720,118.21446990966797,0.4393438839667629,,56.49962615966797,128.60000610351562,False,True,,,GRU,1
test_16,A3,test,16,72.20037841796875,721,118.21446990966797,0.43856629089230686,,56.399627685546875,128.60000610351562,False,True,,,GRU,1
test_16,A3,test,16,72.30038452148438,722,118.21446990966797,0.4377886384913021,,56.29962158203125,128.60000610351562,False,True,,,GRU,1
test_16,A3,test,16,72.400390625,723,118.21446990966797,0.43701098609029737,,56.199615478515625,128.60000610351562,False,True,,,GRU,1
test_16,A3,test,16,72.5003890991211,724,118.21446990966797,0.43623339301584135,,56.09961700439453,128.60000610351562,False,True,,,GRU,1
test_16,A3,test,16,72.60038757324219,725,118.21446990966797,0.4354557999413854,,55.99961853027344,128.60000610351562,False,True,,,GRU,1
test_16,A3,test,16,72.70039367675781,726,118.21446990966797,0.4346781475403806,,55.89961242675781,128.60000610351562,False,True,,,GRU,1
test_16,A3,test,16,72.80039978027344,727,118.21446990966797,0.43390049513937584,,55.79960632324219,128.60000610351562,False,True,,,GRU,1
test_16,A3,test,16,72.90039825439453,728,118.21446990966797,0.4331229020649199,,55.699607849121094,128.60000610351562,False,True,,,GRU,1
test_16,A3,test,16,73.00039672851562,729,118.21446990966797,0.43234530899046386,,55.599609375,128.60000610351562,False,True,,,GRU,1
test_16,A3,test,16,73.10040283203125,730,118.21446990966797,0.4315676565894591,,55.499603271484375,128.60000610351562,False,True,,,GRU,1
test_16,A3,test,16,73.20040893554688,731,118.21446990966797,0.43079000418845437,,55.39959716796875,128.60000610351562,False,True,,,GRU,1
test_16,A3,test,16,73.30040740966797,732,118.21446990966797,0.43001241111399835,,55.299598693847656,128.60000610351562,False,True,,,GRU,1
test_16,A3,test,16,73.40040588378906,733,118.21446990966797,0.42923481803954233,,55.19960021972656,128.60000610351562,False,True,,,GRU,1
test_16,A3,test,16,73.50041198730469,734,118.21446990966797,0.4284571656385376,,55.09959411621094,128.60000610351562,False,True,,,GRU,1
test_16,A3,test,16,73.60041809082031,735,118.21446990966797,0.42767951323753284,,54.99958801269531,128.60000610351562,False,True,,,GRU,1
test_16,A3,test,16,73.7004165649414,736,118.21446990966797,0.4269019201630768,,54.89958953857422,128.60000610351562,False,True,,,GRU,1
test_16,A3,test,16,73.8004150390625,737,118.21446990966797,0.4261243270886208,,54.799591064453125,128.60000610351562,False,True,,,GRU,1
test_16,A3,test,16,73.90042114257812,738,118.21446990966797,0.42534667468761606,,54.6995849609375,128.60000610351562,False,True,,,GRU,1
test_16,A3,test,16,74.00042724609375,739,118.21446990966797,0.4245690222866113,,54.599578857421875,128.60000610351562,False,True,,,GRU,1
test_16,A3,test,16,74.10042572021484,740,118.21446990966797,0.4237914292121553,,54.49958038330078,128.60000610351562,False,True,,,GRU,1
test_16,A3,test,16,74.20042419433594,741,118.21446990966797,0.4230138361376993,,54.39958190917969,128.60000610351562,False,True,,,GRU,1
test_16,A3,test,16,74.30043029785156,742,118.21446990966797,0.4222361837366945,,54.29957580566406,128.60000610351562,False,True,,,GRU,1
test_16,A3,test,16,74.40043640136719,743,118.21446990966797,0.4214585313356898,,54.19956970214844,128.60000610351562,False,True,,,GRU,1
test_16,A3,test,16,74.50043487548828,744,118.21446990966797,0.42068093826123376,,54.099571228027344,128.60000610351562,False,True,,,GRU,1
test_16,A3,test,16,74.60043334960938,745,118.21446990966797,0.4199033451867778,,53.99957275390625,128.60000610351562,False,True,,,GRU,1
test_16,A3,test,16,74.700439453125,746,118.21446990966797,0.419125692785773,,53.899566650390625,128.60000610351562,False,True,,,GRU,1
test_16,A3,test,16,74.80044555664062,747,118.21446990966797,0.41834804038476825,,53.799560546875,128.60000610351562,False,True,,,GRU,1
test_16,A3,test,16,74.90044403076172,748,118.21446990966797,0.41757044731031223,,53.699562072753906,128.60000610351562,False,True,,,GRU,1
test_16,A3,test,16,75.00044250488281,749,118.21446990966797,0.41679285423585627,,53.59956359863281,128.60000610351562,False,True,,,GRU,1
test_16,A3,test,16,75.10044860839844,750,118.21446990966797,0.4160152018348515,,53.49955749511719,128.60000610351562,False,True,,,GRU,1
test_16,A3,test,16,75.20045471191406,751,118.21446990966797,0.4152375494338467,,53.39955139160156,128.60000610351562,False,True,,,GRU,1
test_16,A3,test,16,75.30045318603516,752,118.21446990966797,0.41445995635939076,,53.29955291748047,128.60000610351562,False,True,,,GRU,1
test_16,A3,test,16,75.40045166015625,753,118.21446990966797,0.41368236328493474,,53.199554443359375,128.60000610351562,False,True,,,GRU,1
test_16,A3,test,16,75.50045776367188,754,118.21446990966797,0.41290471088393,,53.09954833984375,128.60000610351562,False,True,,,GRU,1
test_16,A3,test,16,75.6004638671875,755,118.21446990966797,0.41212705848292525,,52.999542236328125,128.60000610351562,False,True,,,GRU,1
test_16,A3,test,16,75.7004623413086,756,118.21446990966797,0.41134946540846923,,52.89954376220703,128.60000610351562,False,True,,,GRU,1
test_16,A3,test,16,75.80046081542969,757,118.21446990966797,0.4105718723340132,,52.79954528808594,128.60000610351562,False,True,,,GRU,1
test_16,A3,test,16,75.90046691894531,758,118.21446990966797,0.40979421993300846,,52.69953918457031,128.60000610351562,False,True,,,GRU,1
test_16,A3,test,16,76.00047302246094,759,118.21446990966797,0.4090165675320037,,52.59953308105469,128.60000610351562,False,True,,,GRU,1
test_16,A3,test,16,76.10047149658203,760,118.21446990966797,0.4082389744575477,,52.499534606933594,128.60000610351562,False,True,,,GRU,1
test_16,A3,test,16,76.20046997070312,761,118.21446990966797,0.4074613813830917,,52.3995361328125,128.60000610351562,False,True,,,GRU,1
test_16,A3,test,16,76.30047607421875,762,118.21446990966797,0.40668372898208693,,52.299530029296875,128.60000610351562,False,True,,,GRU,1
test_16,A3,test,16,76.40048217773438,763,118.21446990966797,0.4059060765810822,,52.19952392578125,128.60000610351562,False,True,,,GRU,1
test_16,A3,test,16,76.50048065185547,764,118.21446990966797,0.40512848350662617,,52.099525451660156,128.60000610351562,False,True,,,GRU,1
test_16,A3,test,16,76.60047912597656,765,118.21446990966797,0.40435089043217015,,51.99952697753906,128.60000610351562,False,True,,,GRU,1
test_16,A3,test,16,76.70048522949219,766,118.21446990966797,0.4035732380311654,,51.89952087402344,128.60000610351562,False,True,,,GRU,1
test_16,A3,test,16,76.80049133300781,767,118.21446990966797,0.40279558563016066,,51.79951477050781,128.60000610351562,False,True,,,GRU,1
test_16,A3,test,16,76.9004898071289,768,118.21446990966797,0.40201799255570464,,51.69951629638672,128.60000610351562,False,True,,,GRU,1
test_16,A3,test,16,77.00048828125,769,118.21446990966797,0.4012403994812487,,51.599517822265625,128.60000610351562,False,True,,,GRU,1
test_16,A3,test,16,77.10049438476562,770,118.21446990966797,0.40046274708024393,,51.49951171875,128.60000610351562,False,True,,,GRU,1
test_16,A3,test,16,77.20050048828125,771,118.21446990966797,0.39968509467923913,,51.399505615234375,128.60000610351562,False,True,,,GRU,1
test_16,A3,test,16,77.30049896240234,772,118.21446990966797,0.39890750160478317,,51.29950714111328,128.60000610351562,False,True,,,GRU,1
test_16,A3,test,16,77.40049743652344,773,118.21446990966797,0.39812990853032715,,51.19950866699219,128.60000610351562,False,True,,,GRU,1
test_16,A3,test,16,77.50050354003906,774,118.21446990966797,0.3973522561293224,,51.09950256347656,128.60000610351562,False,True,,,GRU,1
test_16,A3,test,16,77.60050964355469,775,118.21446990966797,0.39657460372831765,,50.99949645996094,128.60000610351562,False,True,,,GRU,1
test_16,A3,test,16,77.70050811767578,776,118.21446990966797,0.39579701065386164,,50.899497985839844,128.60000610351562,False,True,,,GRU,1
test_16,A3,test,16,77.80050659179688,777,118.21446990966797,0.3950194175794056,,50.79949951171875,128.60000610351562,False,True,,,GRU,1
test_16,A3,test,16,77.9005126953125,778,118.21446990966797,0.39424176517840087,,50.699493408203125,128.60000610351562,False,True,,,GRU,1
test_16,A3,test,16,78.00051879882812,779,118.21446990966797,0.3934641127773961,,50.5994873046875,128.60000610351562,False,True,,,GRU,1
test_16,A3,test,16,78.10051727294922,780,118.21446990966797,0.3926865197029401,,50.499488830566406,128.60000610351562,False,True,,,GRU,1
test_16,A3,test,16,78.20051574707031,781,118.21446990966797,0.3919089266284841,,50.39949035644531,128.60000610351562,False,True,,,GRU,1
test_16,A3,test,16,78.30052185058594,782,118.21446990966797,0.39113127422747934,,50.29948425292969,128.60000610351562,False,True,,,GRU,1
test_16,A3,test,16,78.40052795410156,783,118.21446990966797,0.3903536218264746,,50.19947814941406,128.60000610351562,False,True,,,GRU,1
test_16,A3,test,16,78.50052642822266,784,118.21446990966797,0.3895760287520186,,50.09947967529297,128.60000610351562,False,True,,,GRU,1
test_16,A3,test,16,78.60052490234375,785,118.21446990966797,0.38879843567756256,,49.999481201171875,128.60000610351562,False,True,,,GRU,1
test_16,A3,test,16,78.70053100585938,786,118.21446990966797,0.3880207832765578,,49.89947509765625,128.60000610351562,False,True,,,GRU,1
test_16,A3,test,16,78.800537109375,787,118.21446990966797,0.38724313087555307,,49.799468994140625,128.60000610351562,False,True,,,GRU,1
test_16,A3,test,16,78.9005355834961,788,118.21446990966797,0.38646553780109705,,49.69947052001953,128.60000610351562,False,True,,,GRU,1
test_16,A3,test,16,79.00053405761719,789,118.21446990966797,0.3856879447266411,,49.59947204589844,128.60000610351562,False,True,,,GRU,1
test_16,A3,test,16,79.10054016113281,790,118.21446990966797,0.3849102923256363,,49.49946594238281,128.60000610351562,False,True,,,GRU,1
test_16,A3,test,16,79.20054626464844,791,118.21446990966797,0.38413263992463154,,49.39945983886719,128.60000610351562,False,True,,,GRU,1
test_16,A3,test,16,79.30054473876953,792,118.21446990966797,0.3833550468501756,,49.299461364746094,128.60000610351562,False,True,,,GRU,1
test_16,A3,test,16,79.40054321289062,793,118.21446990966797,0.38257745377571956,,49.199462890625,128.60000610351562,False,True,,,GRU,1
test_16,A3,test,16,79.50054931640625,794,118.21446990966797,0.3817998013747148,,49.099456787109375,128.60000610351562,False,True,,,GRU,1
test_16,A3,test,16,79.60055541992188,795,118.21446990966797,0.38102214897371,,48.99945068359375,128.60000610351562,False,True,,,GRU,1
test_16,A3,test,16,79.70055389404297,796,118.21446990966797,0.38024455589925404,,48.899452209472656,128.60000610351562,False,True,,,GRU,1
test_16,A3,test,16,79.80055236816406,797,118.21446990966797,0.379466962824798,,48.79945373535156,128.60000610351562,False,True,,,GRU,1
test_16,A3,test,16,79.90055847167969,798,118.21446990966797,0.3786893104237933,,48.69944763183594,128.60000610351562,False,True,,,GRU,1
test_16,A3,test,16,80.00056457519531,799,118.21446990966797,0.37791165802278853,,48.59944152832031,128.60000610351562,False,True,,,GRU,1
test_16,A3,test,16,80.1005630493164,800,118.21446990966797,0.3771340649483325,,48.49944305419922,128.60000610351562,False,True,,,GRU,1
test_16,A3,test,16,80.2005615234375,801,118.21446990966797,0.3763564718738765,,48.399444580078125,128.60000610351562,False,True,,,GRU,1
test_16,A3,test,16,80.30056762695312,802,118.21446990966797,0.37557881947287175,,48.2994384765625,128.60000610351562,False,True,,,GRU,1
test_16,A3,test,16,80.40057373046875,803,118.21446990966797,0.374801167071867,,48.199432373046875,128.60000610351562,False,True,,,GRU,1
test_16,A3,test,16,80.50057220458984,804,118.21446990966797,0.374023573997411,,48.09943389892578,128.60000610351562,False,True,,,GRU,1
test_16,A3,test,16,80.60057067871094,805,118.21446990966797,0.37324598092295497,,47.99943542480469,128.60000610351562,False,True,,,GRU,1
test_16,A3,test,16,80.70057678222656,806,118.21446990966797,0.3724683285219502,,47.89942932128906,128.60000610351562,False,True,,,GRU,1
test_16,A3,test,16,80.80058288574219,807,118.21446990966797,0.3716906761209455,,47.79942321777344,128.60000610351562,False,True,,,GRU,1
test_16,A3,test,16,80.90058135986328,808,118.21446990966797,0.37091308304648946,,47.699424743652344,128.60000610351562,False,True,,,GRU,1
test_16,A3,test,16,81.00057983398438,809,118.21446990966797,0.37013548997203344,,47.59942626953125,128.60000610351562,False,True,,,GRU,1
test_16,A3,test,16,81.1005859375,810,118.21446990966797,0.3693578375710287,,47.499420166015625,128.60000610351562,False,True,,,GRU,1
test_16,A3,test,16,81.20059204101562,811,118.21446990966797,0.36858018517002394,,47.3994140625,128.60000610351562,False,True,,,GRU,1
test_16,A3,test,16,81.30059051513672,812,118.21446990966797,0.3678025920955679,,47.299415588378906,128.60000610351562,False,True,,,GRU,1
test_16,A3,test,16,81.40058898925781,813,118.21446990966797,0.36702499902111196,,47.19941711425781,128.60000610351562,False,True,,,GRU,1
test_16,A3,test,16,81.50059509277344,814,118.21446990966797,0.3662473466201072,,47.09941101074219,128.60000610351562,False,True,,,GRU,1
test_16,A3,test,16,81.60060119628906,815,118.21446990966797,0.3654696942191024,,46.99940490722656,128.60000610351562,False,True,,,GRU,1
test_16,A3,test,16,81.70059967041016,816,118.21446990966797,0.36469210114464645,,46.89940643310547,128.60000610351562,False,True,,,GRU,1
test_16,A3,test,16,81.80059814453125,817,118.21446990966797,0.36391450807019043,,46.799407958984375,128.60000610351562,False,True,,,GRU,1
test_16,A3,test,16,81.90060424804688,818,118.21446990966797,0.3631368556691857,,46.69940185546875,128.60000610351562,False,True,,,GRU,1
test_16,A3,test,16,82.0006103515625,819,118.21446990966797,0.36235920326818094,,46.599395751953125,128.60000610351562,False,True,,,GRU,1
test_16,A3,test,16,82.1006088256836,820,118.21446990966797,0.3615816101937249,,46.49939727783203,128.60000610351562,False,True,,,GRU,1
test_16,A3,test,16,82.20060729980469,821,118.21446990966797,0.3608040171192689,,46.39939880371094,128.60000610351562,False,True,,,GRU,1
test_16,A3,test,16,82.30061340332031,822,118.21446990966797,0.36002636471826416,,46.29939270019531,128.60000610351562,False,True,,,GRU,1
test_16,A3,test,16,82.40061950683594,823,118.21446990966797,0.3592487123172594,,46.19938659667969,128.60000610351562,False,True,,,GRU,1
test_16,A3,test,16,82.50061798095703,824,118.21446990966797,0.3584711192428034,,46.099388122558594,128.60000610351562,False,True,,,GRU,1
test_16,A3,test,16,82.60061645507812,825,118.21446990966797,0.3576935261683474,,45.9993896484375,128.60000610351562,False,True,,,GRU,1
test_16,A3,test,16,82.70062255859375,826,118.21446990966797,0.35691587376734263,,45.899383544921875,128.60000610351562,False,True,,,GRU,1
test_16,A3,test,16,82.80062866210938,827,118.21446990966797,0.3561382213663379,,45.79937744140625,128.60000610351562,False,True,,,GRU,1
test_16,A3,test,16,82.90062713623047,828,118.21446990966797,0.35536062829188186,,45.699378967285156,128.60000610351562,False,True,,,GRU,1
test_16,A3,test,16,83.00062561035156,829,118.21446990966797,0.35458303521742585,,45.59938049316406,128.60000610351562,False,True,,,GRU,1
test_16,A3,test,16,83.10063171386719,830,118.21446990966797,0.3538053828164211,,45.49937438964844,128.60000610351562,False,True,,,GRU,1
test_16,A3,test,16,83.20063781738281,831,118.21446990966797,0.35302773041541635,,45.39936828613281,128.60000610351562,False,True,,,GRU,1
test_16,A3,test,16,83.3006362915039,832,118.21446990966797,0.35225013734096033,,45.29936981201172,128.60000610351562,False,True,,,GRU,1
test_16,A3,test,16,83.400634765625,833,118.21446990966797,0.35147254426650437,,45.199371337890625,128.60000610351562,False,True,,,GRU,1
test_16,A3,test,16,83.50064086914062,834,118.21446990966797,0.35069489186549957,,45.099365234375,128.60000610351562,False,True,,,GRU,1
test_16,A3,test,16,83.60064697265625,835,118.21446990966797,0.3499172394644948,,44.999359130859375,128.60000610351562,False,True,,,GRU,1
test_16,A3,test,16,83.70064544677734,836,118.21446990966797,0.34913964639003886,,44.89936065673828,128.60000610351562,False,True,,,GRU,1
test_16,A3,test,16,83.80064392089844,837,118.21446990966797,0.34836205331558284,,44.79936218261719,128.60000610351562,False,True,,,GRU,1
test_16,A3,test,16,83.90065002441406,838,118.21446990966797,0.3475844009145781,,44.69935607910156,128.60000610351562,False,True,,,GRU,1
test_16,A3,test,16,84.00065612792969,839,118.21446990966797,0.34680674851357335,,44.59934997558594,128.60000610351562,False,True,,,GRU,1
test_16,A3,test,16,84.10065460205078,840,118.21446990966797,0.34602915543911733,,44.499351501464844,128.60000610351562,False,True,,,GRU,1
test_16,A3,test,16,84.20065307617188,841,118.21446990966797,0.3452515623646613,,44.39935302734375,128.60000610351562,False,True,,,GRU,1
test_16,A3,test,16,84.3006591796875,842,118.21446990966797,0.34447390996365657,,44.299346923828125,128.60000610351562,False,True,,,GRU,1
test_16,A3,test,16,84.40066528320312,843,118.21446990966797,0.3436962575626518,,44.1993408203125,128.60000610351562,False,True,,,GRU,1
test_16,A3,test,16,84.50066375732422,844,118.21446990966797,0.3429186644881958,,44.099342346191406,128.60000610351562,False,True,,,GRU,1
test_16,A3,test,16,84.60066223144531,845,118.21446990966797,0.3421410714137398,,43.99934387207031,128.60000610351562,False,True,,,GRU,1
test_16,A3,test,16,84.70066833496094,846,118.21446990966797,0.34136341901273504,,43.89933776855469,128.60000610351562,False,True,,,GRU,1
test_16,A3,test,16,84.80067443847656,847,118.21446990966797,0.3405857666117303,,43.79933166503906,128.60000610351562,False,True,,,GRU,1
test_16,A3,test,16,84.90067291259766,848,118.21446990966797,0.33980817353727427,,43.69933319091797,128.60000610351562,False,True,,,GRU,1
test_16,A3,test,16,85.00067138671875,849,118.21446990966797,0.33903058046281825,,43.599334716796875,128.60000610351562,False,True,,,GRU,1
test_16,A3,test,16,85.10067749023438,850,118.21446990966797,0.3382529280618135,,43.49932861328125,128.60000610351562,False,True,,,GRU,1
test_16,A3,test,16,85.20068359375,851,118.21446990966797,0.33747527566080876,,43.399322509765625,128.60000610351562,False,True,,,GRU,1
test_16,A3,test,16,85.3006820678711,852,118.21446990966797,0.33669768258635274,,43.29932403564453,128.60000610351562,False,True,,,GRU,1
test_16,A3,test,16,85.40068054199219,853,118.21446990966797,0.3359200895118968,,43.19932556152344,128.60000610351562,False,True,,,GRU,1
test_16,A3,test,16,85.50068664550781,854,118.21446990966797,0.335142437110892,,43.09931945800781,128.60000610351562,False,True,,,GRU,1
test_16,A3,test,16,85.60069274902344,855,118.21446990966797,0.33436478470988723,,42.99931335449219,128.60000610351562,False,True,,,GRU,1
test_16,A3,test,16,85.70069122314453,856,118.21446990966797,0.3335871916354312,,42.899314880371094,128.60000610351562,False,True,,,GRU,1
test_16,A3,test,16,85.80068969726562,857,118.21446990966797,0.33280959856097525,,42.79931640625,128.60000610351562,False,True,,,GRU,1
test_16,A3,test,16,85.90069580078125,858,118.21446990966797,0.3320319461599705,,42.699310302734375,128.60000610351562,False,True,,,GRU,1
test_16,A3,test,16,86.00070190429688,859,118.21446990966797,0.3312542937589657,,42.59930419921875,128.60000610351562,False,True,,,GRU,1
test_16,A3,test,16,86.10070037841797,860,118.21446990966797,0.33047670068450974,,42.499305725097656,128.60000610351562,False,True,,,GRU,1
test_16,A3,test,16,86.20069885253906,861,118.21446990966797,0.3296991076100537,,42.39930725097656,128.60000610351562,False,True,,,GRU,1
test_16,A3,test,16,86.30070495605469,862,118.21446990966797,0.328921455209049,,42.29930114746094,128.60000610351562,False,True,,,GRU,1
test_16,A3,test,16,86.40071105957031,863,118.21446990966797,0.3281438028080442,,42.19929504394531,128.60000610351562,False,True,,,GRU,1
test_16,A3,test,16,86.5007095336914,864,118.21446990966797,0.3273662097335882,,42.09929656982422,128.60000610351562,False,True,,,GRU,1
test_16,A3,test,16,86.6007080078125,865,118.21446990966797,0.3265886166591322,,41.999298095703125,128.60000610351562,False,True,,,GRU,1
test_16,A3,test,16,86.70071411132812,866,118.21446990966797,0.32581096425812744,,41.8992919921875,128.60000610351562,False,True,,,GRU,1
test_16,A3,test,16,86.80072021484375,867,118.21446990966797,0.3250333118571227,,41.799285888671875,128.60000610351562,False,True,,,GRU,1
test_16,A3,test,16,86.90071868896484,868,118.21446990966797,0.3242557187826667,,41.69928741455078,128.60000610351562,False,True,,,GRU,1
test_16,A3,test,16,87.00071716308594,869,118.21446990966797,0.32347812570821066,,41.59928894042969,128.60000610351562,False,True,,,GRU,1
test_16,A3,test,16,87.10072326660156,870,118.21446990966797,0.3227004733072059,,41.49928283691406,128.60000610351562,False,True,,,GRU,1
test_16,A3,test,16,87.20072937011719,871,118.21446990966797,0.32192282090620117,,41.39927673339844,128.60000610351562,False,True,,,GRU,1
test_16,A3,test,16,87.30072784423828,872,118.21446990966797,0.32114522783174515,,41.299278259277344,128.60000610351562,False,True,,,GRU,1
test_16,A3,test,16,87.40072631835938,873,118.21446990966797,0.32036763475728913,,41.19927978515625,128.60000610351562,False,True,,,GRU,1
test_16,A3,test,16,87.500732421875,874,118.21446990966797,0.3195899823562844,,41.099273681640625,128.60000610351562,False,True,,,GRU,1
test_16,A3,test,16,87.60073852539062,875,118.21446990966797,0.31881232995527964,,40.999267578125,128.60000610351562,False,True,,,GRU,1
test_16,A3,test,16,87.70073699951172,876,118.21446990966797,0.3180347368808236,,40.899269104003906,128.60000610351562,False,True,,,GRU,1
test_16,A3,test,16,87.80073547363281,877,118.21446990966797,0.31725714380636766,,40.79927062988281,128.60000610351562,False,True,,,GRU,1
test_16,A3,test,16,87.90074157714844,878,118.21446990966797,0.31647949140536286,,40.69926452636719,128.60000610351562,False,True,,,GRU,1
test_16,A3,test,16,88.00074768066406,879,118.21446990966797,0.3157018390043581,,40.59925842285156,128.60000610351562,False,True,,,GRU,1
test_16,A3,test,16,88.10074615478516,880,118.21446990966797,0.31492424592990215,,40.49925994873047,128.60000610351562,False,True,,,GRU,1
test_16,A3,test,16,88.20074462890625,881,118.21446990966797,0.31414665285544613,,40.399261474609375,128.60000610351562,False,True,,,GRU,1
test_16,A3,test,16,88.30075073242188,882,118.21446990966797,0.3133690004544414,,40.29925537109375,128.60000610351562,False,True,,,GRU,1
test_16,A3,test,16,88.4007568359375,883,118.21446990966797,0.31259134805343664,,40.199249267578125,128.60000610351562,False,True,,,GRU,1
test_16,A3,test,16,88.5007553100586,884,118.21446990966797,0.3118137549789806,,40.09925079345703,128.60000610351562,False,True,,,GRU,1
test_16,A3,test,16,88.60075378417969,885,118.21446990966797,0.3110361619045246,,39.99925231933594,128.60000610351562,False,True,,,GRU,1
test_16,A3,test,16,88.70075988769531,886,118.21446990966797,0.31025850950351985,,39.89924621582031,128.60000610351562,False,True,,,GRU,1
test_16,A3,test,16,88.80076599121094,887,118.21446990966797,0.3094808571025151,,39.79924011230469,128.60000610351562,False,True,,,GRU,1
test_16,A3,test,16,88.90076446533203,888,118.21446990966797,0.3087032640280591,,39.699241638183594,128.60000610351562,False,True,,,GRU,1
test_16,A3,test,16,89.00076293945312,889,118.21446990966797,0.30792567095360307,,39.5992431640625,128.60000610351562,False,True,,,GRU,1
test_16,A3,test,16,89.10076904296875,890,118.21446990966797,0.3071480185525983,,39.499237060546875,128.60000610351562,False,True,,,GRU,1
test_16,A3,test,16,89.20077514648438,891,118.21446990966797,0.3063703661515936,,39.39923095703125,128.60000610351562,False,True,,,GRU,1
test_16,A3,test,16,89.30077362060547,892,118.21446990966797,0.30559277307713756,,39.299232482910156,128.60000610351562,False,True,,,GRU,1
test_16,A3,test,16,89.40077209472656,893,118.21446990966797,0.30481518000268154,,39.19923400878906,128.60000610351562,False,True,,,GRU,1
test_16,A3,test,16,89.50077819824219,894,118.21446990966797,0.3040375276016768,,39.09922790527344,128.60000610351562,False,True,,,GRU,1
test_16,A3,test,16,89.60078430175781,895,118.21446990966797,0.30325987520067205,,38.99922180175781,128.60000610351562,False,True,,,GRU,1
test_16,A3,test,16,89.7007827758789,896,118.21446990966797,0.30248228212621603,,38.89922332763672,128.60000610351562,False,True,,,GRU,1
test_16,A3,test,16,89.80078125,897,118.21446990966797,0.30170468905176007,,38.799224853515625,128.60000610351562,False,True,,,GRU,1
test_16,A3,test,16,89.90078735351562,898,118.21446990966797,0.30092703665075526,,38.69921875,128.60000610351562,False,True,,,GRU,1
test_16,A3,test,16,90.00079345703125,899,118.21446990966797,0.3001493842497505,,38.599212646484375,128.60000610351562,False,True,,,GRU,1
test_16,A3,test,16,90.10079193115234,900,118.21446990966797,0.2993717911752945,,38.49921417236328,128.60000610351562,False,True,,,GRU,1
test_16,A3,test,16,90.20079040527344,901,118.21446990966797,0.29859419810083854,,38.39921569824219,128.60000610351562,False,True,,,GRU,1
test_16,A3,test,16,90.30079650878906,902,118.21446990966797,0.2978165456998338,,38.29920959472656,128.60000610351562,False,True,,,GRU,1
test_16,A3,test,16,90.40080261230469,903,118.21446990966797,0.297038893298829,,38.19920349121094,128.60000610351562,False,True,,,GRU,1
test_16,A3,test,16,90.50080108642578,904,118.21446990966797,0.296261300224373,,38.099205017089844,128.60000610351562,False,True,,,GRU,1
test_16,A3,test,16,90.60079956054688,905,118.21446990966797,0.295483707149917,,37.99920654296875,128.60000610351562,False,True,,,GRU,1
test_16,A3,test,16,90.7008056640625,906,118.21446990966797,0.29470605474891226,,37.899200439453125,128.60000610351562,False,True,,,GRU,1
test_16,A3,test,16,90.80081176757812,907,118.21446990966797,0.2939284023479075,,37.7991943359375,128.60000610351562,False,True,,,GRU,1
test_16,A3,test,16,90.90081024169922,908,118.21446990966797,0.2931508092734515,,37.699195861816406,128.60000610351562,False,True,,,GRU,1
test_16,A3,test,16,91.00080871582031,909,118.21446990966797,0.2923732161989955,,37.59919738769531,128.60000610351562,False,True,,,GRU,1
test_16,A3,test,16,91.10081481933594,910,118.21446990966797,0.29159556379799073,,37.49919128417969,128.60000610351562,False,True,,,GRU,1
test_16,A3,test,16,91.20082092285156,911,118.21446990966797,0.290817911396986,,37.39918518066406,128.60000610351562,False,True,,,GRU,1
test_16,A3,test,16,91.30081939697266,912,118.21446990966797,0.29004031832252997,,37.29918670654297,128.60000610351562,False,True,,,GRU,1
test_16,A3,test,16,91.40081787109375,913,118.21446990966797,0.28926272524807395,,37.199188232421875,128.60000610351562,False,True,,,GRU,1
test_16,A3,test,16,91.50082397460938,914,118.21446990966797,0.2884850728470692,,37.09918212890625,128.60000610351562,False,True,,,GRU,1
test_16,A3,test,16,91.600830078125,915,118.21446990966797,0.28770742044606445,,36.999176025390625,128.60000610351562,False,True,,,GRU,1
test_16,A3,test,16,91.7008285522461,916,118.21446990966797,0.28692982737160844,,36.89917755126953,128.60000610351562,False,True,,,GRU,1
test_16,A3,test,16,91.80082702636719,917,118.21446990966797,0.2861522342971524,,36.79917907714844,128.60000610351562,False,True,,,GRU,1
test_16,A3,test,16,91.90083312988281,918,118.21446990966797,0.28537458189614767,,36.69917297363281,128.60000610351562,False,True,,,GRU,1
test_16,A3,test,16,92.00083923339844,919,118.21446990966797,0.2845969294951429,,36.59916687011719,128.60000610351562,False,True,,,GRU,1
test_16,A3,test,16,92.10083770751953,920,118.21446990966797,0.2838193364206869,,36.499168395996094,128.60000610351562,False,True,,,GRU,1
test_16,A3,test,16,92.20083618164062,921,118.21446990966797,0.28304174334623095,,36.399169921875,128.60000610351562,False,True,,,GRU,1
test_16,A3,test,16,92.30084228515625,922,118.21446990966797,0.2822640909452262,,36.299163818359375,128.60000610351562,False,True,,,GRU,1
test_16,A3,test,16,92.40084838867188,923,118.21446990966797,0.2814864385442214,,36.19915771484375,128.60000610351562,False,True,,,GRU,1
test_16,A3,test,16,92.50084686279297,924,118.21446990966797,0.28070884546976543,,36.099159240722656,128.60000610351562,False,True,,,GRU,1
test_16,A3,test,16,92.60084533691406,925,118.21446990966797,0.2799312523953094,,35.99916076660156,128.60000610351562,False,True,,,GRU,1
test_16,A3,test,16,92.70085144042969,926,118.21446990966797,0.27915359999430467,,35.89915466308594,128.60000610351562,False,True,,,GRU,1
test_16,A3,test,16,92.80085754394531,927,118.21446990966797,0.2783759475932999,,35.79914855957031,128.60000610351562,False,True,,,GRU,1
test_16,A3,test,16,92.9008560180664,928,118.21446990966797,0.2775983545188439,,35.69915008544922,128.60000610351562,False,True,,,GRU,1
test_16,A3,test,16,93.0008544921875,929,118.21446990966797,0.2768207614443879,,35.599151611328125,128.60000610351562,False,True,,,GRU,1
test_16,A3,test,16,93.10086059570312,930,118.21446990966797,0.27604310904338314,,35.4991455078125,128.60000610351562,False,True,,,GRU,1
test_16,A3,test,16,93.20086669921875,931,118.21446990966797,0.2752654566423784,,35.399139404296875,128.60000610351562,False,True,,,GRU,1
test_16,A3,test,16,93.30086517333984,932,118.21446990966797,0.2744878635679224,,35.29914093017578,128.60000610351562,False,True,,,GRU,1
test_16,A3,test,16,93.40086364746094,933,118.21446990966797,0.27371027049346636,,35.19914245605469,128.60000610351562,False,True,,,GRU,1
test_16,A3,test,16,93.50086975097656,934,118.21446990966797,0.2729326180924616,,35.09913635253906,128.60000610351562,False,True,,,GRU,1
test_16,A3,test,16,93.60087585449219,935,118.21446990966797,0.27215496569145686,,34.99913024902344,128.60000610351562,False,True,,,GRU,1
test_16,A3,test,16,93.70087432861328,936,118.21446990966797,0.27137737261700084,,34.899131774902344,128.60000610351562,False,True,,,GRU,1
test_16,A3,test,16,93.80087280273438,937,118.21446990966797,0.2705997795425448,,34.79913330078125,128.60000610351562,False,True,,,GRU,1
test_16,A3,test,16,93.90087890625,938,118.21446990966797,0.2698221271415401,,34.699127197265625,128.60000610351562,False,True,,,GRU,1
test_16,A3,test,16,94.00088500976562,939,118.21446990966797,0.26904447474053533,,34.59912109375,128.60000610351562,False,True,,,GRU,1
test_16,A3,test,16,94.10088348388672,940,118.21446990966797,0.2682668816660793,,34.499122619628906,128.60000610351562,False,True,,,GRU,1
test_16,A3,test,16,94.20088195800781,941,118.21446990966797,0.26748928859162335,,34.39912414550781,128.60000610351562,False,True,,,GRU,1
test_16,A3,test,16,94.30088806152344,942,118.21446990966797,0.26671163619061855,,34.29911804199219,128.60000610351562,False,True,,,GRU,1
test_16,A3,test,16,94.40089416503906,943,118.21446990966797,0.2659339837896138,,34.19911193847656,128.60000610351562,False,True,,,GRU,1
test_16,A3,test,16,94.50089263916016,944,118.21446990966797,0.26515639071515784,,34.09911346435547,128.60000610351562,False,True,,,GRU,1
test_16,A3,test,16,94.60089111328125,945,118.21446990966797,0.2643787976407018,,33.999114990234375,128.60000610351562,False,True,,,GRU,1
test_16,A3,test,16,94.70089721679688,946,118.21446990966797,0.2636011452396971,,33.89910888671875,128.60000610351562,False,True,,,GRU,1
test_16,A3,test,16,94.8009033203125,947,118.21446990966797,0.2628234928386923,,33.799102783203125,128.60000610351562,False,True,,,GRU,1
test_16,A3,test,16,94.9009017944336,948,118.21446990966797,0.2620458997642363,,33.69910430908203,128.60000610351562,False,True,,,GRU,1
test_16,A3,test,16,95.00090026855469,949,118.21446990966797,0.2612683066897803,,33.59910583496094,128.60000610351562,False,True,,,GRU,1
test_16,A3,test,16,95.10090637207031,950,118.21446990966797,0.26049065428877555,,33.49909973144531,128.60000610351562,False,True,,,GRU,1
test_16,A3,test,16,95.20091247558594,951,118.21446990966797,0.2597130018877708,,33.39909362792969,128.60000610351562,False,True,,,GRU,1
test_16,A3,test,16,95.30091094970703,952,118.21446990966797,0.2589354088133148,,33.299095153808594,128.60000610351562,False,True,,,GRU,1
test_16,A3,test,16,95.40090942382812,953,118.21446990966797,0.25815781573885876,,33.1990966796875,128.60000610351562,False,True,,,GRU,1
test_16,A3,test,16,95.50091552734375,954,118.21446990966797,0.257380163337854,,33.099090576171875,128.60000610351562,False,True,,,GRU,1
test_16,A3,test,16,95.60092163085938,955,118.21446990966797,0.25660251093684927,,32.99908447265625,128.60000610351562,False,True,,,GRU,1
test_16,A3,test,16,95.70092010498047,956,118.21446990966797,0.25582491786239325,,32.899085998535156,128.60000610351562,False,True,,,GRU,1
test_16,A3,test,16,95.80091857910156,957,118.21446990966797,0.25504732478793724,,32.79908752441406,128.60000610351562,False,True,,,GRU,1
test_16,A3,test,16,95.90092468261719,958,118.21446990966797,0.2542696723869325,,32.69908142089844,128.60000610351562,False,True,,,GRU,1
test_16,A3,test,16,96.00093078613281,959,118.21446990966797,0.25349201998592774,,32.59907531738281,128.60000610351562,False,True,,,GRU,1
test_16,A3,test,16,96.1009292602539,960,118.21446990966797,0.2527144269114717,,32.49907684326172,128.60000610351562,False,True,,,GRU,1
test_16,A3,test,16,96.200927734375,961,118.21446990966797,0.2519368338370157,,32.399078369140625,128.60000610351562,False,True,,,GRU,1
test_16,A3,test,16,96.30093383789062,962,118.21446990966797,0.25115918143601096,,32.299072265625,128.60000610351562,False,True,,,GRU,1
test_16,A3,test,16,96.40093994140625,963,118.21446990966797,0.2503815290350062,,32.199066162109375,128.60000610351562,False,True,,,GRU,1
test_16,A3,test,16,96.50093841552734,964,118.21446990966797,0.24960393596055022,,32.09906768798828,128.60000610351562,False,True,,,GRU,1
test_16,A3,test,16,96.60093688964844,965,118.21446990966797,0.2488263428860942,,31.999069213867188,128.60000610351562,False,True,,,GRU,1
test_16,A3,test,16,96.70094299316406,966,118.21446990966797,0.24804869048508946,,31.899063110351562,128.60000610351562,False,True,,,GRU,1
test_16,A3,test,16,96.80094909667969,967,118.21446990966797,0.2472710380840847,,31.799057006835938,128.60000610351562,False,True,,,GRU,1
test_16,A3,test,16,96.90094757080078,968,118.21446990966797,0.2464934450096287,,31.699058532714844,128.60000610351562,False,True,,,GRU,1
test_16,A3,test,16,97.00094604492188,969,118.21446990966797,0.2457158519351727,,31.59906005859375,128.60000610351562,False,True,,,GRU,1
test_16,A3,test,16,97.1009521484375,970,118.21446990966797,0.24493819953416793,,31.499053955078125,128.60000610351562,False,True,,,GRU,1
test_16,A3,test,16,97.20095825195312,971,118.21446990966797,0.24416054713316318,,31.3990478515625,128.60000610351562,False,True,,,GRU,1
test_16,A3,test,16,97.30095672607422,972,118.21446990966797,0.2433829540587072,,31.299049377441406,128.60000610351562,False,True,,,GRU,1
test_16,A3,test,16,97.40095520019531,973,118.21446990966797,0.24260536098425117,,31.199050903320312,128.60000610351562,False,True,,,GRU,1
test_16,A3,test,16,97.50096130371094,974,118.21446990966797,0.24182770858324643,,31.099044799804688,128.60000610351562,False,True,,,GRU,1
test_16,A3,test,16,97.60096740722656,975,118.21446990966797,0.24105005618224168,,30.999038696289062,128.60000610351562,False,True,,,GRU,1
test_16,A3,test,16,97.70096588134766,976,118.21446990966797,0.24027246310778566,,30.89904022216797,128.60000610351562,False,True,,,GRU,1
test_16,A3,test,16,97.80096435546875,977,118.21446990966797,0.23949487003332964,,30.799041748046875,128.60000610351562,False,True,,,GRU,1
test_16,A3,test,16,97.90097045898438,978,118.21446990966797,0.2387172176323249,,30.69903564453125,128.60000610351562,False,True,,,GRU,1
test_16,A3,test,16,98.0009765625,979,118.21446990966797,0.23793956523132015,,30.599029541015625,128.60000610351562,False,True,,,GRU,1
test_16,A3,test,16,98.1009750366211,980,118.21446990966797,0.23716197215686413,,30.49903106689453,128.60000610351562,False,True,,,GRU,1
test_16,A3,test,16,98.20097351074219,981,118.21446990966797,0.23638437908240814,,30.399032592773438,128.60000610351562,False,True,,,GRU,1
test_16,A3,test,16,98.30097961425781,982,118.21446990966797,0.2356067266814034,,30.299026489257812,128.60000610351562,False,True,,,GRU,1
test_16,A3,test,16,98.40098571777344,983,118.21446990966797,0.23482907428039862,,30.199020385742188,128.60000610351562,False,True,,,GRU,1
test_16,A3,test,16,98.50098419189453,984,118.21446990966797,0.23405148120594263,,30.099021911621094,128.60000610351562,False,True,,,GRU,1
test_16,A3,test,16,98.60098266601562,985,118.21446990966797,0.2332738881314866,,29.9990234375,128.60000610351562,False,True,,,GRU,1
test_16,A3,test,16,98.70098876953125,986,118.21446990966797,0.23249623573048186,,29.899017333984375,128.60000610351562,False,True,,,GRU,1
test_16,A3,test,16,98.80099487304688,987,118.21446990966797,0.23171858332947712,,29.79901123046875,128.60000610351562,False,True,,,GRU,1
test_16,A3,test,16,98.90099334716797,988,118.21446990966797,0.2309409902550211,,29.699012756347656,128.60000610351562,False,True,,,GRU,1
test_16,A3,test,16,99.00099182128906,989,118.21446990966797,0.2301633971805651,,29.599014282226562,128.60000610351562,False,True,,,GRU,1
test_16,A3,test,16,99.10099792480469,990,118.21446990966797,0.22938574477956034,,29.499008178710938,128.60000610351562,False,True,,,GRU,1
test_16,A3,test,16,99.20100402832031,991,118.21446990966797,0.2286080923785556,,29.399002075195312,128.60000610351562,False,True,,,GRU,1
test_16,A3,test,16,99.3010025024414,992,118.21446990966797,0.22783049930409957,,29.29900360107422,128.60000610351562,False,True,,,GRU,1
test_16,A3,test,16,99.4010009765625,993,118.21446990966797,0.22705290622964358,,29.199005126953125,128.60000610351562,False,True,,,GRU,1
test_16,A3,test,16,99.50100708007812,994,118.21446990966797,0.22627525382863883,,29.0989990234375,128.60000610351562,False,True,,,GRU,1
test_16,A3,test,16,99.60101318359375,995,118.21446990966797,0.22549760142763406,,28.998992919921875,128.60000610351562,False,True,,,GRU,1
test_16,A3,test,16,99.70101165771484,996,118.21446990966797,0.22472000835317807,,28.89899444580078,128.60000610351562,False,True,,,GRU,1
test_16,A3,test,16,99.80101013183594,997,118.21446990966797,0.22394241527872205,,28.798995971679688,128.60000610351562,False,True,,,GRU,1
test_16,A3,test,16,99.90101623535156,998,118.21446990966797,0.2231647628777173,,28.698989868164062,128.60000610351562,False,True,,,GRU,1
test_16,A3,test,16,100.00102233886719,999,118.21446990966797,0.22238711047671256,,28.598983764648438,128.60000610351562,False,True,,,GRU,1
test_16,A3,test,16,100.10102081298828,1000,118.21446990966797,0.22160951740225654,,28.498985290527344,128.60000610351562,False,True,,,GRU,1
test_16,A3,test,16,100.20101928710938,1001,118.21446990966797,0.22083192432780055,,28.39898681640625,128.60000610351562,False,True,,,GRU,1
test_16,A3,test,16,100.301025390625,1002,118.21446990966797,0.22005427192679577,,28.298980712890625,128.60000610351562,False,True,,,GRU,1
test_16,A3,test,16,100.40103149414062,1003,118.21446990966797,0.21927661952579103,,28.198974609375,128.60000610351562,False,True,,,GRU,1
test_16,A3,test,16,100.50102996826172,1004,118.21446990966797,0.21849902645133504,,28.098976135253906,128.60000610351562,False,True,,,GRU,1
test_16,A3,test,16,100.60102844238281,1005,118.21446990966797,0.21772143337687902,,27.998977661132812,128.60000610351562,False,True,,,GRU,1
test_16,A3,test,16,100.70103454589844,1006,118.21446990966797,0.21694378097587427,,27.898971557617188,128.60000610351562,False,True,,,GRU,1
test_16,A3,test,16,100.80104064941406,1007,118.21446990966797,0.2161661285748695,,27.798965454101562,128.60000610351562,False,True,,,GRU,1
test_16,A3,test,16,100.90103912353516,1008,118.21446990966797,0.2153885355004135,,27.69896697998047,128.60000610351562,False,True,,,GRU,1
test_16,A3,test,16,101.00103759765625,1009,118.21446990966797,0.2146109424259575,,27.598968505859375,128.60000610351562,False,True,,,GRU,1
test_16,A3,test,16,101.10104370117188,1010,118.21446990966797,0.21383329002495274,,27.49896240234375,128.60000610351562,False,True,,,GRU,1
test_16,A3,test,16,101.2010498046875,1011,118.21446990966797,0.213055637623948,,27.398956298828125,128.60000610351562,False,True,,,GRU,1
test_16,A3,test,16,101.3010482788086,1012,118.21446990966797,0.21227804454949198,,27.29895782470703,128.60000610351562,False,True,,,GRU,1
test_16,A3,test,16,101.40104675292969,1013,118.21446990966797,0.211500451475036,,27.198959350585938,128.60000610351562,False,True,,,GRU,1
test_16,A3,test,16,101.50105285644531,1014,118.21446990966797,0.21072279907403121,,27.098953247070312,128.60000610351562,False,True,,,GRU,1
test_16,A3,test,16,101.60105895996094,1015,118.21446990966797,0.20994514667302647,,26.998947143554688,128.60000610351562,False,True,,,GRU,1
test_16,A3,test,16,101.70105743408203,1016,118.21446990966797,0.20916755359857048,,26.898948669433594,128.60000610351562,False,True,,,GRU,1
test_16,A3,test,16,101.80105590820312,1017,118.21446990966797,0.20838996052411446,,26.7989501953125,128.60000610351562,False,True,,,GRU,1
test_16,A3,test,16,101.90106201171875,1018,118.21446990966797,0.2076123081231097,,26.698944091796875,128.60000610351562,False,True,,,GRU,1
test_16,A3,test,16,102.00106811523438,1019,118.21446990966797,0.20683465572210497,,26.59893798828125,128.60000610351562,False,True,,,GRU,1
test_16,A3,test,16,102.10106658935547,1020,118.21446990966797,0.20605706264764895,,26.498939514160156,128.60000610351562,False,True,,,GRU,1
test_16,A3,test,16,102.20106506347656,1021,118.21446990966797,0.20527946957319293,,26.398941040039062,128.60000610351562,False,True,,,GRU,1
test_16,A3,test,16,102.30107116699219,1022,118.21446990966797,0.20450181717218818,,26.298934936523438,128.60000610351562,False,True,,,GRU,1
test_16,A3,test,16,102.40107727050781,1023,118.21446990966797,0.20372416477118344,,26.198928833007812,128.60000610351562,False,True,,,GRU,1
test_16,A3,test,16,102.5010757446289,1024,118.21446990966797,0.20294657169672742,,26.09893035888672,128.60000610351562,False,True,,,GRU,1
test_16,A3,test,16,102.60107421875,1025,118.21446990966797,0.20216897862227143,,25.998931884765625,128.60000610351562,False,True,,,GRU,1
test_16,A3,test,16,102.70108032226562,1026,118.21446990966797,0.20139132622126668,,25.89892578125,128.60000610351562,False,True,,,GRU,1
test_16,A3,test,16,102.80108642578125,1027,118.21446990966797,0.2006136738202619,,25.798919677734375,128.60000610351562,False,True,,,GRU,1
test_16,A3,test,16,102.90108489990234,1028,118.21446990966797,0.19983608074580592,,25.69892120361328,128.60000610351562,False,True,,,GRU,1
test_16,A3,test,16,103.00108337402344,1029,118.21446990966797,0.1990584876713499,,25.598922729492188,128.60000610351562,False,True,,,GRU,1
test_16,A3,test,16,103.10108947753906,1030,118.21446990966797,0.19828083527034515,,25.498916625976562,128.60000610351562,False,True,,,GRU,1
test_16,A3,test,16,103.20109558105469,1031,118.21446990966797,0.1975031828693404,,25.398910522460938,128.60000610351562,False,True,,,GRU,1
test_16,A3,test,16,103.30109405517578,1032,118.21446990966797,0.1967255897948844,,25.298912048339844,128.60000610351562,False,True,,,GRU,1
test_16,A3,test,16,103.40109252929688,1033,118.21446990966797,0.1959479967204284,,25.19891357421875,128.60000610351562,False,True,,,GRU,1
test_16,A3,test,16,103.5010986328125,1034,118.21446990966797,0.19517034431942362,,25.098907470703125,128.60000610351562,False,True,,,GRU,1
test_16,A3,test,16,103.60110473632812,1035,118.21446990966797,0.19439269191841888,,24.9989013671875,128.60000610351562,False,True,,,GRU,1
test_16,A3,test,16,103.70110321044922,1036,118.21446990966797,0.19361509884396286,,24.898902893066406,128.60000610351562,False,True,,,GRU,1
test_16,A3,test,16,103.80110168457031,1037,118.21446990966797,0.19283750576950687,,24.798904418945312,128.60000610351562,False,True,,,GRU,1
test_16,A3,test,16,103.90110778808594,1038,118.21446990966797,0.19205985336850212,,24.698898315429688,128.60000610351562,False,True,,,GRU,1
test_16,A3,test,16,104.00111389160156,1039,118.21446990966797,0.19128220096749735,,24.598892211914062,128.60000610351562,False,True,,,GRU,1
test_16,A3,test,16,104.10111236572266,1040,118.21446990966797,0.19050460789304136,,24.49889373779297,128.60000610351562,False,True,,,GRU,1
test_16,A3,test,16,104.20111083984375,1041,118.21446990966797,0.18972701481858534,,24.398895263671875,128.60000610351562,False,True,,,GRU,1
test_16,A3,test,16,104.30111694335938,1042,118.21446990966797,0.1889493624175806,,24.29888916015625,128.60000610351562,False,True,,,GRU,1
test_16,A3,test,16,104.401123046875,1043,118.21446990966797,0.18817171001657584,,24.198883056640625,128.60000610351562,False,True,,,GRU,1
test_16,A3,test,16,104.5011215209961,1044,118.21446990966797,0.18739411694211983,,24.09888458251953,128.60000610351562,False,True,,,GRU,1
test_16,A3,test,16,104.60111999511719,1045,118.21446990966797,0.18661652386766384,,23.998886108398438,128.60000610351562,False,True,,,GRU,1
test_16,A3,test,16,104.70112609863281,1046,118.21446990966797,0.18583887146665906,,23.898880004882812,128.60000610351562,False,True,,,GRU,1
test_16,A3,test,16,104.80113220214844,1047,118.21446990966797,0.18506121906565431,,23.798873901367188,128.60000610351562,False,True,,,GRU,1
test_16,A3,test,16,104.90113067626953,1048,118.21446990966797,0.18428362599119832,,23.698875427246094,128.60000610351562,False,True,,,GRU,1
test_16,A3,test,16,105.00112915039062,1049,118.21446990966797,0.1835060329167423,,23.598876953125,128.60000610351562,False,True,,,GRU,1
test_16,A3,test,16,105.10113525390625,1050,118.21446990966797,0.18272838051573756,,23.498870849609375,128.60000610351562,False,True,,,GRU,1
test_16,A3,test,16,105.20114135742188,1051,118.21446990966797,0.1819507281147328,,23.39886474609375,128.60000610351562,False,True,,,GRU,1
test_16,A3,test,16,105.30113983154297,1052,118.21446990966797,0.1811731350402768,,23.298866271972656,128.60000610351562,False,True,,,GRU,1
test_16,A3,test,16,105.40113830566406,1053,118.21446990966797,0.18039554196582078,,23.198867797851562,128.60000610351562,False,True,,,GRU,1
test_16,A3,test,16,105.50114440917969,1054,118.21446990966797,0.17961788956481603,,23.098861694335938,128.60000610351562,False,True,,,GRU,1
test_16,A3,test,16,105.60115051269531,1055,118.21446990966797,0.17884023716381128,,22.998855590820312,128.60000610351562,False,True,,,GRU,1
test_16,A3,test,16,105.7011489868164,1056,118.21446990966797,0.17806264408935527,,22.89885711669922,128.60000610351562,False,True,,,GRU,1
test_16,A3,test,16,105.8011474609375,1057,118.21446990966797,0.17728505101489928,,22.798858642578125,128.60000610351562,False,True,,,GRU,1
test_16,A3,test,16,105.90115356445312,1058,118.21446990966797,0.17650739861389453,,22.6988525390625,128.60000610351562,False,True,,,GRU,1
test_16,A3,test,16,106.00115966796875,1059,118.21446990966797,0.17572974621288975,,22.598846435546875,128.60000610351562,False,True,,,GRU,1
test_16,A3,test,16,106.10115814208984,1060,118.21446990966797,0.17495215313843376,,22.49884796142578,128.60000610351562,False,True,,,GRU,1
test_16,A3,test,16,106.20115661621094,1061,118.21446990966797,0.17417456006397775,,22.398849487304688,128.60000610351562,False,True,,,GRU,1
test_16,A3,test,16,106.30116271972656,1062,118.21446990966797,0.173396907662973,,22.298843383789062,128.60000610351562,False,True,,,GRU,1
test_16,A3,test,16,106.40116882324219,1063,118.21446990966797,0.17261925526196825,,22.198837280273438,128.60000610351562,False,True,,,GRU,1
test_16,A3,test,16,106.50116729736328,1064,118.21446990966797,0.17184166218751223,,22.098838806152344,128.60000610351562,False,True,,,GRU,1
test_16,A3,test,16,106.60116577148438,1065,118.21446990966797,0.17106406911305624,,21.99884033203125,128.60000610351562,False,True,,,GRU,1
test_16,A3,test,16,106.701171875,1066,118.21446990966797,0.17028641671205147,,21.898834228515625,128.60000610351562,False,True,,,GRU,1
test_16,A3,test,16,106.80117797851562,1067,118.21446990966797,0.16950876431104672,,21.798828125,128.60000610351562,False,True,,,GRU,1
test_16,A3,test,16,106.90117645263672,1068,118.21446990966797,0.1687311712365907,,21.698829650878906,128.60000610351562,False,True,,,GRU,1
test_16,A3,test,16,107.00117492675781,1069,118.21446990966797,0.16795357816213471,,21.598831176757812,128.60000610351562,False,True,,,GRU,1
test_16,A3,test,16,107.10118103027344,1070,118.21446990966797,0.16717592576112997,,21.498825073242188,128.60000610351562,False,True,,,GRU,1
test_16,A3,test,16,107.20118713378906,1071,118.21446990966797,0.1663982733601252,,21.398818969726562,128.60000610351562,False,True,,,GRU,1
test_16,A3,test,16,107.30118560791016,1072,118.21446990966797,0.1656206802856692,,21.29882049560547,128.60000610351562,False,True,,,GRU,1
test_16,A3,test,16,107.40118408203125,1073,118.21446990966797,0.16484308721121319,,21.198822021484375,128.60000610351562,False,True,,,GRU,1
test_16,A3,test,16,107.50119018554688,1074,118.21446990966797,0.16406543481020844,,21.09881591796875,128.60000610351562,False,True,,,GRU,1
test_16,A3,test,16,107.6011962890625,1075,118.21446990966797,0.1632877824092037,,20.998809814453125,128.60000610351562,False,True,,,GRU,1
test_16,A3,test,16,107.7011947631836,1076,118.21446990966797,0.16251018933474767,,20.89881134033203,128.60000610351562,False,True,,,GRU,1
test_16,A3,test,16,107.80119323730469,1077,118.21446990966797,0.16173259626029168,,20.798812866210938,128.60000610351562,False,True,,,GRU,1
test_16,A3,test,16,107.90119934082031,1078,118.21446990966797,0.1609549438592869,,20.698806762695312,128.60000610351562,False,True,,,GRU,1
test_16,A3,test,16,108.00120544433594,1079,118.21446990966797,0.16017729145828216,,20.598800659179688,128.60000610351562,False,True,,,GRU,1
test_16,A3,test,16,108.10120391845703,1080,118.21446990966797,0.15939969838382617,,20.498802185058594,128.60000610351562,False,True,,,GRU,1
test_16,A3,test,16,108.20120239257812,1081,118.21446990966797,0.15862210530937015,,20.3988037109375,128.60000610351562,False,True,,,GRU,1
test_16,A3,test,16,108.30120849609375,1082,118.21446990966797,0.1578444529083654,,20.298797607421875,128.60000610351562,False,True,,,GRU,1
test_16,A3,test,16,108.40121459960938,1083,118.21446990966797,0.15706680050736063,,20.19879150390625,128.60000610351562,False,True,,,GRU,1
test_16,A3,test,16,108.50121307373047,1084,118.21446990966797,0.15628920743290464,,20.098793029785156,128.60000610351562,False,True,,,GRU,1
test_16,A3,test,16,108.60121154785156,1085,118.21446990966797,0.15551161435844862,,19.998794555664062,128.60000610351562,False,True,,,GRU,1
test_16,A3,test,16,108.70121765136719,1086,118.21446990966797,0.15473396195744388,,19.898788452148438,128.60000610351562,False,True,,,GRU,1
test_16,A3,test,16,108.80122375488281,1087,118.21446990966797,0.15395630955643913,,19.798782348632812,128.60000610351562,False,True,,,GRU,1
test_16,A3,test,16,108.9012222290039,1088,118.21446990966797,0.1531787164819831,,19.69878387451172,128.60000610351562,False,True,,,GRU,1
test_16,A3,test,16,109.001220703125,1089,118.21446990966797,0.15240112340752712,,19.598785400390625,128.60000610351562,False,True,,,GRU,1
test_16,A3,test,16,109.10122680664062,1090,118.21446990966797,0.15162347100652235,,19.498779296875,128.60000610351562,False,True,,,GRU,1
test_16,A3,test,16,109.20123291015625,1091,118.21446990966797,0.1508458186055176,,19.398773193359375,128.60000610351562,False,True,,,GRU,1
test_16,A3,test,16,109.30123138427734,1092,118.21446990966797,0.1500682255310616,,19.29877471923828,128.60000610351562,False,True,,,GRU,1
test_16,A3,test,16,109.40122985839844,1093,118.21446990966797,0.1492906324566056,,19.198776245117188,128.60000610351562,False,True,,,GRU,1
test_16,A3,test,16,109.50123596191406,1094,118.21446990966797,0.14851298005560085,,19.098770141601562,128.60000610351562,False,True,,,GRU,1
test_16,A3,test,16,109.60124206542969,1095,118.21446990966797,0.1477353276545961,,18.998764038085938,128.60000610351562,False,True,,,GRU,1
test_16,A3,test,16,109.70124053955078,1096,118.21446990966797,0.14695773458014008,,18.898765563964844,128.60000610351562,False,True,,,GRU,1
test_16,A3,test,16,109.80123901367188,1097,118.21446990966797,0.14618014150568406,,18.79876708984375,128.60000610351562,False,True,,,GRU,1
test_16,A3,test,16,109.9012451171875,1098,118.21446990966797,0.14540248910467932,,18.698760986328125,128.60000610351562,False,True,,,GRU,1
test_16,A3,test,16,110.00125122070312,1099,118.21446990966797,0.14462483670367457,,18.5987548828125,128.60000610351562,False,True,,,GRU,1
test_16,A3,test,16,110.10124969482422,1100,118.21446990966797,0.14384724362921855,,18.498756408691406,128.60000610351562,False,True,,,GRU,1
test_16,A3,test,16,110.20124816894531,1101,118.21446990966797,0.14306965055476256,,18.398757934570312,128.60000610351562,False,True,,,GRU,1
test_16,A3,test,16,110.30125427246094,1102,118.21446990966797,0.14229199815375781,,18.298751831054688,128.60000610351562,False,True,,,GRU,1
test_16,A3,test,16,110.40126037597656,1103,118.21446990966797,0.14151434575275304,,18.198745727539062,128.60000610351562,False,True,,,GRU,1
test_16,A3,test,16,110.50125885009766,1104,118.21446990966797,0.14073675267829705,,18.09874725341797,128.60000610351562,False,True,,,GRU,1
test_16,A3,test,16,110.60125732421875,1105,118.21446990966797,0.13995915960384103,,17.998748779296875,128.60000610351562,False,True,,,GRU,1
test_16,A3,test,16,110.70126342773438,1106,118.21446990966797,0.13918150720283629,,17.89874267578125,128.60000610351562,False,True,,,GRU,1
test_16,A3,test,16,110.80126953125,1107,118.21446990966797,0.13840385480183154,,17.798736572265625,128.60000610351562,False,True,,,GRU,1
test_16,A3,test,16,110.9012680053711,1108,118.21446990966797,0.13762626172737552,,17.69873809814453,128.60000610351562,False,True,,,GRU,1
test_16,A3,test,16,111.00126647949219,1109,118.21446990966797,0.13684866865291953,,17.598739624023438,128.60000610351562,False,True,,,GRU,1
test_16,A3,test,16,111.10127258300781,1110,118.21446990966797,0.13607101625191476,,17.498733520507812,128.60000610351562,False,True,,,GRU,1
test_16,A3,test,16,111.20127868652344,1111,118.21446990966797,0.13529336385091,,17.398727416992188,128.60000610351562,False,True,,,GRU,1
test_16,A3,test,16,111.30127716064453,1112,118.21446990966797,0.134515770776454,,17.298728942871094,128.60000610351562,False,True,,,GRU,1
test_16,A3,test,16,111.40127563476562,1113,118.21446990966797,0.133738177701998,,17.19873046875,128.60000610351562,False,True,,,GRU,1
test_16,A3,test,16,111.50128173828125,1114,118.21446990966797,0.13296052530099325,,17.098724365234375,128.60000610351562,False,True,,,GRU,1
test_16,A3,test,16,111.60128784179688,1115,118.21446990966797,0.13218287289998848,,16.99871826171875,128.60000610351562,False,True,,,GRU,1
test_16,A3,test,16,111.70128631591797,1116,118.21446990966797,0.1314052798255325,,16.898719787597656,128.60000610351562,False,True,,,GRU,1
test_16,A3,test,16,111.80128479003906,1117,118.21446990966797,0.13062768675107647,,16.798721313476562,128.60000610351562,False,True,,,GRU,1
test_16,A3,test,16,111.90129089355469,1118,118.21446990966797,0.12985003435007172,,16.698715209960938,128.60000610351562,False,True,,,GRU,1
test_16,A3,test,16,112.00129699707031,1119,118.21446990966797,0.12907238194906698,,16.598709106445312,128.60000610351562,False,True,,,GRU,1
test_16,A3,test,16,112.1012954711914,1120,118.21446990966797,0.12829478887461096,,16.49871063232422,128.60000610351562,False,True,,,GRU,1
test_16,A3,test,16,112.2012939453125,1121,118.21446990966797,0.12751719580015497,,16.398712158203125,128.60000610351562,False,True,,,GRU,1
test_16,A3,test,16,112.30130004882812,1122,118.21446990966797,0.1267395433991502,,16.2987060546875,128.60000610351562,False,True,,,GRU,1
test_16,A3,test,16,112.40130615234375,1123,118.21446990966797,0.12596189099814545,,16.198699951171875,128.60000610351562,False,True,,,GRU,1
test_16,A3,test,16,112.50130462646484,1124,118.21446990966797,0.12518429792368946,,16.09870147705078,128.60000610351562,False,True,,,GRU,1
test_16,A3,test,16,112.60130310058594,1125,118.21446990966797,0.12440670484923344,,15.998703002929688,128.60000610351562,False,True,,,GRU,1
test_16,A3,test,16,112.70130920410156,1126,118.21446990966797,0.1236290524482287,,15.898696899414062,128.60000610351562,False,True,,,GRU,1
test_16,A3,test,16,112.80131530761719,1127,118.21446990966797,0.12285140004722393,,15.798690795898438,128.60000610351562,False,True,,,GRU,1
test_16,A3,test,16,112.90131378173828,1128,118.21446990966797,0.12207380697276793,,15.698692321777344,128.60000610351562,False,True,,,GRU,1
test_16,A3,test,16,113.00131225585938,1129,118.21446990966797,0.12129621389831192,,15.59869384765625,128.60000610351562,False,True,,,GRU,1
test_16,A3,test,16,113.101318359375,1130,118.21446990966797,0.12051856149730716,,15.498687744140625,128.60000610351562,False,True,,,GRU,1
test_16,A3,test,16,113.20132446289062,1131,118.21446990966797,0.11974090909630242,,15.398681640625,128.60000610351562,False,True,,,GRU,1
test_16,A3,test,16,113.30132293701172,1132,118.21446990966797,0.11896331602184641,,15.298683166503906,128.60000610351562,False,True,,,GRU,1
test_16,A3,test,16,113.40132141113281,1133,118.21446990966797,0.11818572294739041,,15.198684692382812,128.60000610351562,False,True,,,GRU,1
test_16,A3,test,16,113.50132751464844,1134,118.21446990966797,0.11740807054638565,,15.098678588867188,128.60000610351562,False,True,,,GRU,1
test_16,A3,test,16,113.60133361816406,1135,118.21446990966797,0.11663041814538089,,14.998672485351562,128.60000610351562,False,True,,,GRU,1
test_16,A3,test,16,113.70133209228516,1136,118.21446990966797,0.11585282507092488,,14.898674011230469,128.60000610351562,False,True,,,GRU,1
test_16,A3,test,16,113.80133056640625,1137,118.21446990966797,0.11507523199646888,,14.798675537109375,128.60000610351562,False,True,,,GRU,1
test_16,A3,test,16,113.90133666992188,1138,118.21446990966797,0.11429757959546413,,14.69866943359375,128.60000610351562,False,True,,,GRU,1
test_16,A3,test,16,114.0013427734375,1139,118.21446990966797,0.11351992719445937,,14.598663330078125,128.60000610351562,False,True,,,GRU,1
test_16,A3,test,16,114.1013412475586,1140,118.21446990966797,0.11274233412000337,,14.498664855957031,128.60000610351562,False,True,,,GRU,1
test_16,A3,test,16,114.20133972167969,1141,118.21446990966797,0.11196474104554736,,14.398666381835938,128.60000610351562,False,True,,,GRU,1
test_16,A3,test,16,114.30134582519531,1142,118.21446990966797,0.1111870886445426,,14.298660278320312,128.60000610351562,False,True,,,GRU,1
test_16,A3,test,16,114.40135192871094,1143,118.21446990966797,0.11040943624353786,,14.198654174804688,128.60000610351562,False,True,,,GRU,1
test_16,A3,test,16,114.50135040283203,1144,118.21446990966797,0.10963184316908185,,14.098655700683594,128.60000610351562,False,True,,,GRU,1
test_16,A3,test,16,114.60134887695312,1145,118.21446990966797,0.10885425009462585,,13.9986572265625,128.60000610351562,False,True,,,GRU,1
test_16,A3,test,16,114.70135498046875,1146,118.21446990966797,0.10807659769362109,,13.898651123046875,128.60000610351562,False,True,,,GRU,1
test_16,A3,test,16,114.80136108398438,1147,118.21446990966797,0.10729894529261634,,13.79864501953125,128.60000610351562,False,True,,,GRU,1
test_16,A3,test,16,114.90135955810547,1148,118.21446990966797,0.10652135221816034,,13.698646545410156,128.60000610351562,False,True,,,GRU,1
test_16,A3,test,16,115.00135803222656,1149,118.21446990966797,0.10574375914370433,,13.598648071289062,128.60000610351562,False,True,,,GRU,1
test_16,A3,test,16,115.10136413574219,1150,118.21446990966797,0.10496610674269957,,13.498641967773438,128.60000610351562,False,True,,,GRU,1
test_16,A3,test,16,115.20137023925781,1151,118.21446990966797,0.10418845434169481,,13.398635864257812,128.60000610351562,False,True,,,GRU,1
test_16,A3,test,16,115.3013687133789,1152,118.21446990966797,0.10341086126723881,,13.298637390136719,128.60000610351562,False,True,,,GRU,1
test_16,A3,test,16,115.4013671875,1153,118.21446990966797,0.1026332681927828,,13.198638916015625,128.60000610351562,False,True,,,GRU,1
test_16,A3,test,16,115.50137329101562,1154,118.21446990966797,0.10185561579177806,,13.0986328125,128.60000610351562,False,True,,,GRU,1
test_16,A3,test,16,115.60137939453125,1155,118.21446990966797,0.1010779633907733,,12.998626708984375,128.60000610351562,False,True,,,GRU,1
test_16,A3,test,16,115.70137786865234,1156,118.21446990966797,0.10030037031631729,,12.898628234863281,128.60000610351562,False,True,,,GRU,1
test_16,A3,test,16,115.80137634277344,1157,118.21446990966797,0.09952277724186129,,12.798629760742188,128.60000610351562,False,True,,,GRU,1
test_16,A3,test,16,115.90138244628906,1158,118.21446990966797,0.09874512484085653,,12.698623657226562,128.60000610351562,False,True,,,GRU,1
test_16,A3,test,16,116.00138854980469,1159,118.21446990966797,0.09796747243985178,,12.598617553710938,128.60000610351562,False,True,,,GRU,1
test_16,A3,test,16,116.10138702392578,1160,118.21446990966797,0.09718987936539578,,12.498619079589844,128.60000610351562,False,True,,,GRU,1
test_16,A3,test,16,116.20138549804688,1161,118.21446990966797,0.09641228629093977,,12.39862060546875,128.60000610351562,False,True,,,GRU,1
test_16,A3,test,16,116.3013916015625,1162,118.21446990966797,0.09563463388993501,,12.298614501953125,128.60000610351562,False,True,,,GRU,1
test_16,A3,test,16,116.40139770507812,1163,118.21446990966797,0.09485698148893026,,12.1986083984375,128.60000610351562,False,True,,,GRU,1
test_16,A3,test,16,116.50139617919922,1164,118.21446990966797,0.09407938841447426,,12.098609924316406,128.60000610351562,False,True,,,GRU,1
test_16,A3,test,16,116.60139465332031,1165,118.21446990966797,0.09330179534001824,,11.998611450195312,128.60000610351562,False,True,,,GRU,1
test_16,A3,test,16,116.70140075683594,1166,118.21446990966797,0.0925241429390135,,11.898605346679688,128.60000610351562,False,True,,,GRU,1
test_16,A3,test,16,116.80140686035156,1167,118.21446990966797,0.09174649053800873,,11.798599243164062,128.60000610351562,False,True,,,GRU,1
test_16,A3,test,16,116.90140533447266,1168,118.21446990966797,0.09096889746355273,,11.698600769042969,128.60000610351562,False,True,,,GRU,1
test_16,A3,test,16,117.00140380859375,1169,118.21446990966797,0.09019130438909673,,11.598602294921875,128.60000610351562,False,True,,,GRU,1
test_16,A3,test,16,117.10140991210938,1170,118.21446990966797,0.08941365198809198,,11.49859619140625,128.60000610351562,False,True,,,GRU,1
test_16,A3,test,16,117.201416015625,1171,118.21446990966797,0.08863599958708722,,11.398590087890625,128.60000610351562,False,True,,,GRU,1
test_16,A3,test,16,117.3014144897461,1172,118.21446990966797,0.08785840651263122,,11.298591613769531,128.60000610351562,False,True,,,GRU,1
test_16,A3,test,16,117.40141296386719,1173,118.21446990966797,0.08708081343817521,,11.198593139648438,128.60000610351562,False,True,,,GRU,1
test_16,A3,test,16,117.50141906738281,1174,118.21446990966797,0.08630316103717045,,11.098587036132812,128.60000610351562,False,True,,,GRU,1
test_16,A3,test,16,117.60142517089844,1175,118.21446990966797,0.0855255086361657,,10.998580932617188,128.60000610351562,False,True,,,GRU,1
test_16,A3,test,16,117.70142364501953,1176,118.21446990966797,0.0847479155617097,,10.898582458496094,128.60000610351562,False,True,,,GRU,1
test_16,A3,test,16,117.80142211914062,1177,118.21446990966797,0.0839703224872537,,10.798583984375,128.60000610351562,False,True,,,GRU,1
test_16,A3,test,16,117.90142822265625,1178,118.21446990966797,0.08319267008624893,,10.698577880859375,128.60000610351562,False,True,,,GRU,1
test_16,A3,test,16,118.00143432617188,1179,118.21446990966797,0.08241501768524419,,10.59857177734375,128.60000610351562,False,True,,,GRU,1
test_16,A3,test,16,118.10143280029297,1180,118.21446990966797,0.08163742461078817,,10.498573303222656,128.60000610351562,False,True,,,GRU,1
test_16,A3,test,16,118.20143127441406,1181,118.21446990966797,0.08085983153633217,,10.398574829101562,128.60000610351562,False,True,,,GRU,1
test_16,A3,test,16,118.30143737792969,1182,118.21446990966797,0.08008217913532742,,10.298568725585938,128.60000610351562,False,True,,,GRU,1
test_16,A3,test,16,118.40144348144531,1183,118.21446990966797,0.07930452673432266,,10.198562622070312,128.60000610351562,False,True,,,GRU,1
test_16,A3,test,16,118.5014419555664,1184,118.21446990966797,0.07852693365986665,,10.098564147949219,128.60000610351562,False,True,,,GRU,1
test_16,A3,test,16,118.6014404296875,1185,118.21446990966797,0.07774934058541065,,9.998565673828125,128.60000610351562,False,True,,,GRU,1
test_16,A3,test,16,118.70144653320312,1186,118.21446990966797,0.0769716881844059,,9.8985595703125,128.60000610351562,False,True,,,GRU,1
test_16,A3,test,16,118.80145263671875,1187,118.21446990966797,0.07619403578340114,,9.798553466796875,128.60000610351562,False,True,,,GRU,1
test_16,A3,test,16,118.90145111083984,1188,118.21446990966797,0.07541644270894514,,9.698554992675781,128.60000610351562,False,True,,,GRU,1
test_16,A3,test,16,119.00144958496094,1189,118.21446990966797,0.07463884963448914,,9.598556518554688,128.60000610351562,False,True,,,GRU,1
test_16,A3,test,16,119.10145568847656,1190,118.21446990966797,0.07386119723348437,,9.498550415039062,128.60000610351562,False,True,,,GRU,1
test_16,A3,test,16,119.20146179199219,1191,118.21446990966797,0.07308354483247963,,9.398544311523438,128.60000610351562,False,True,,,GRU,1
test_16,A3,test,16,119.30146026611328,1192,118.21446990966797,0.07230595175802362,,9.298545837402344,128.60000610351562,False,True,,,GRU,1
test_16,A3,test,16,119.40145874023438,1193,118.21446990966797,0.07152835868356762,,9.19854736328125,128.60000610351562,False,True,,,GRU,1
test_16,A3,test,16,119.50146484375,1194,118.21446990966797,0.07075070628256286,,9.098541259765625,128.60000610351562,False,True,,,GRU,1
test_16,A3,test,16,119.60147094726562,1195,118.21446990966797,0.06997305388155811,,8.99853515625,128.60000610351562,False,True,,,GRU,1
test_16,A3,test,16,119.70146179199219,1196,118.21446990966797,0.06919552013365085,,8.898544311523438,128.60000610351562,False,True,,,GRU,1
test_16,A3,test,16,119.80146789550781,1197,118.21446990966797,0.06841786773264609,,8.798538208007812,128.60000610351562,False,True,,,GRU,1
test_16,A3,test,16,119.90147399902344,1198,118.21446990966797,0.06764021533164134,,8.698532104492188,128.60000610351562,False,True,,,GRU,1
test_16,A3,test,16,120.00148010253906,1199,118.21446990966797,0.06686256293063658,,8.598526000976562,128.60000610351562,False,True,,,GRU,1
test_16,A3,test,16,120.10147094726562,1200,118.21446990966797,0.06608502918272934,,8.49853515625,128.60000610351562,False,True,,,GRU,1
test_16,A3,test,16,120.20147705078125,1201,118.21446990966797,0.06530737678172457,,8.398529052734375,128.60000610351562,False,True,,,GRU,1
test_16,A3,test,16,120.30148315429688,1202,118.21446990966797,0.06452972438071983,,8.29852294921875,128.60000610351562,False,True,,,GRU,1
test_16,A3,test,16,120.4014892578125,1203,118.21446990966797,0.06375207197971507,,8.198516845703125,128.60000610351562,False,True,,,GRU,1
test_16,A3,test,16,120.50148010253906,1204,118.21446990966797,0.0629745382318078,,8.098526000976562,128.60000610351562,False,True,,,GRU,1
test_16,A3,test,16,120.60148620605469,1205,118.21446990966797,0.06219688583080306,,7.9985198974609375,128.60000610351562,False,True,,,GRU,1
test_16,A3,test,16,120.70149230957031,1206,118.21446990966797,0.061419233429798305,,7.8985137939453125,128.60000610351562,False,True,,,GRU,1
test_16,A3,test,16,120.80149841308594,1207,118.21446990966797,0.060641581028793544,,7.7985076904296875,128.60000610351562,False,True,,,GRU,1
test_16,A3,test,16,120.9014892578125,1208,118.21446990966797,0.05986404728088629,,7.698516845703125,128.60000610351562,False,True,,,GRU,1
test_16,A3,test,16,121.00149536132812,1209,118.21446990966797,0.059086394879881536,,7.5985107421875,128.60000610351562,False,True,,,GRU,1
test_16,A3,test,16,121.10150146484375,1210,118.21446990966797,0.05830874247887678,,7.498504638671875,128.60000610351562,False,True,,,GRU,1
test_16,A3,test,16,121.20150756835938,1211,118.21446990966797,0.05753109007787203,,7.39849853515625,128.60000610351562,False,True,,,GRU,1
test_16,A3,test,16,121.30149841308594,1212,118.21446990966797,0.056753556329964774,,7.2985076904296875,128.60000610351562,False,True,,,GRU,1
test_16,A3,test,16,121.40150451660156,1213,118.21446990966797,0.05597590392896002,,7.1985015869140625,128.60000610351562,False,True,,,GRU,1
test_16,A3,test,16,121.50151062011719,1214,118.21446990966797,0.05519825152795526,,7.0984954833984375,128.60000610351562,False,True,,,GRU,1
test_16,A3,test,16,121.60151672363281,1215,118.21446990966797,0.054420599126950506,,6.9984893798828125,128.60000610351562,False,True,,,GRU,1
test_16,A3,test,16,121.70150756835938,1216,118.21446990966797,0.05364306537904325,,6.89849853515625,128.60000610351562,False,True,,,GRU,1
test_16,A3,test,16,121.801513671875,1217,118.21446990966797,0.0528654129780385,,6.798492431640625,128.60000610351562,False,True,,,GRU,1
test_16,A3,test,16,121.90151977539062,1218,118.21446990966797,0.052087760577033744,,6.698486328125,128.60000610351562,False,True,,,GRU,1
test_16,A3,test,16,122.00152587890625,1219,118.21446990966797,0.05131010817602899,,6.598480224609375,128.60000610351562,False,True,,,GRU,1
test_16,A3,test,16,122.10151672363281,1220,118.21446990966797,0.050532574428121736,,6.4984893798828125,128.60000610351562,False,True,,,GRU,1
test_16,A3,test,16,122.20152282714844,1221,118.21446990966797,0.04975492202711698,,6.3984832763671875,128.60000610351562,False,True,,,GRU,1
test_16,A3,test,16,122.30152893066406,1222,118.21446990966797,0.04897726962611222,,6.2984771728515625,128.60000610351562,False,True,,,GRU,1
test_16,A3,test,16,122.40153503417969,1223,118.21446990966797,0.04819961722510747,,6.1984710693359375,128.60000610351562,False,True,,,GRU,1
test_16,A3,test,16,122.50152587890625,1224,118.21446990966797,0.047422083477200214,,6.098480224609375,128.60000610351562,False,True,,,GRU,1
test_16,A3,test,16,122.60153198242188,1225,118.21446990966797,0.04664443107619546,,5.99847412109375,128.60000610351562,False,True,,,GRU,1
test_16,A3,test,16,122.7015380859375,1226,118.21446990966797,0.045866778675190706,,5.898468017578125,128.60000610351562,False,True,,,GRU,1
test_16,A3,test,16,122.80154418945312,1227,118.21446990966797,0.04508912627418595,,5.7984619140625,128.60000610351562,False,True,,,GRU,1
test_16,A3,test,16,122.90153503417969,1228,118.21446990966797,0.0443115925262787,,5.6984710693359375,128.60000610351562,False,True,,,GRU,1
test_16,A3,test,16,123.00154113769531,1229,118.21446990966797,0.04353394012527394,,5.5984649658203125,128.60000610351562,False,True,,,GRU,1
test_16,A3,test,16,123.10154724121094,1230,118.21446990966797,0.04275628772426918,,5.4984588623046875,128.60000610351562,False,True,,,GRU,1
test_16,A3,test,16,123.20155334472656,1231,118.21446990966797,0.04197863532326443,,5.3984527587890625,128.60000610351562,False,True,,,GRU,1
test_16,A3,test,16,123.30154418945312,1232,118.21446990966797,0.041201101575357175,,5.2984619140625,128.60000610351562,False,True,,,GRU,1
test_16,A3,test,16,123.40155029296875,1233,118.21446990966797,0.04042344917435242,,5.198455810546875,128.60000610351562,False,True,,,GRU,1
test_16,A3,test,16,123.50155639648438,1234,118.21446990966797,0.03964579677334767,,5.09844970703125,128.60000610351562,False,True,,,GRU,1
test_16,A3,test,16,123.6015625,1235,118.21446990966797,0.038868144372342914,,4.998443603515625,128.60000610351562,False,True,,,GRU,1
test_16,A3,test,16,123.70155334472656,1236,118.21446990966797,0.03809061062443565,,4.8984527587890625,128.60000610351562,False,True,,,GRU,1
test_16,A3,test,16,123.80155944824219,1237,118.21446990966797,0.0373129582234309,,4.7984466552734375,128.60000610351562,False,True,,,GRU,1
test_16,A3,test,16,123.90156555175781,1238,118.21446990966797,0.036535305822426145,,4.6984405517578125,128.60000610351562,False,True,,,GRU,1
test_16,A3,test,16,124.00157165527344,1239,118.21446990966797,0.03575765342142139,,4.5984344482421875,128.60000610351562,False,True,,,GRU,1
test_16,A3,test,16,124.1015625,1240,118.21446990966797,0.03498011967351414,,4.498443603515625,128.60000610351562,False,True,,,GRU,1
test_16,A3,test,16,124.20156860351562,1241,118.21446990966797,0.03420246727250938,,4.3984375,128.60000610351562,False,True,,,GRU,1
test_16,A3,test,16,124.30157470703125,1242,118.21446990966797,0.03342481487150463,,4.298431396484375,128.60000610351562,False,True,,,GRU,1
test_16,A3,test,16,124.40158081054688,1243,118.21446990966797,0.032647162470499876,,4.19842529296875,128.60000610351562,False,True,,,GRU,1
test_16,A3,test,16,124.50157165527344,1244,118.21446990966797,0.031869628722592615,,4.0984344482421875,128.60000610351562,False,True,,,GRU,1
test_16,A3,test,16,124.60157775878906,1245,118.21446990966797,0.031091976321587864,,3.9984283447265625,128.60000610351562,False,True,,,GRU,1
test_16,A3,test,16,124.70158386230469,1246,118.21446990966797,0.03031432392058311,,3.8984222412109375,128.60000610351562,False,True,,,GRU,1
test_16,A3,test,16,124.80158996582031,1247,118.21446990966797,0.029536671519578353,,3.7984161376953125,128.60000610351562,False,True,,,GRU,1
test_16,A3,test,16,124.90158081054688,1248,118.21446990966797,0.0287591377716711,,3.69842529296875,128.60000610351562,False,True,,,GRU,1
test_16,A3,test,16,125.0015869140625,1249,118.21446990966797,0.027981485370666345,,3.598419189453125,128.60000610351562,False,True,,,GRU,1
test_16,A3,test,16,125.10159301757812,1250,118.21446990966797,0.027203832969661588,,3.4984130859375,128.60000610351562,False,True,,,GRU,1
test_16,A3,test,16,125.20159912109375,1251,118.21446990966797,0.026426180568656834,,3.398406982421875,128.60000610351562,False,True,,,GRU,1
test_16,A3,test,16,125.30158996582031,1252,118.21446990966797,0.02564864682074958,,3.2984161376953125,128.60000610351562,False,True,,,GRU,1
test_16,A3,test,16,125.40159606933594,1253,118.21446990966797,0.024870994419744826,,3.1984100341796875,128.60000610351562,False,True,,,GRU,1
test_16,A3,test,16,125.50160217285156,1254,118.21446990966797,0.02409334201874007,,3.0984039306640625,128.60000610351562,False,True,,,GRU,1
test_16,A3,test,16,125.60160827636719,1255,118.21446990966797,0.023315689617735315,,2.9983978271484375,128.60000610351562,False,True,,,GRU,1
test_16,A3,test,16,125.70159912109375,1256,118.21446990966797,0.02253815586982806,,2.898406982421875,128.60000610351562,False,True,,,GRU,1
test_16,A3,test,16,125.80160522460938,1257,118.21446990966797,0.021760503468823307,,2.79840087890625,128.60000610351562,False,True,,,GRU,1
test_16,A3,test,16,125.901611328125,1258,118.21446990966797,0.02098285106781855,,2.698394775390625,128.60000610351562,False,True,,,GRU,1
test_16,A3,test,16,126.00161743164062,1259,118.21446990966797,0.020205198666813796,,2.598388671875,128.60000610351562,False,True,,,GRU,1
test_16,A3,test,16,126.10160827636719,1260,118.21446990966797,0.019427664918906542,,2.4983978271484375,128.60000610351562,False,True,,,GRU,1
test_16,A3,test,16,126.20161437988281,1261,118.21446990966797,0.018650012517901784,,2.3983917236328125,128.60000610351562,False,True,,,GRU,1
test_16,A3,test,16,126.30162048339844,1262,118.21446990966797,0.01787236011689703,,2.2983856201171875,128.60000610351562,False,True,,,GRU,1
test_16,A3,test,16,126.40162658691406,1263,118.21446990966797,0.017094707715892277,,2.1983795166015625,128.60000610351562,False,True,,,GRU,1
test_16,A3,test,16,126.50161743164062,1264,118.21446990966797,0.016317173967985023,,2.098388671875,128.60000610351562,False,True,,,GRU,1
test_16,A3,test,16,126.60162353515625,1265,118.21446990966797,0.015539521566980267,,1.998382568359375,128.60000610351562,False,True,,,GRU,1
test_16,A3,test,16,126.70162963867188,1266,118.21446990966797,0.014761869165975513,,1.89837646484375,128.60000610351562,False,True,,,GRU,1
test_16,A3,test,16,126.8016357421875,1267,118.21446990966797,0.013984216764970758,,1.798370361328125,128.60000610351562,False,True,,,GRU,1
test_16,A3,test,16,126.90162658691406,1268,118.21446990966797,0.013206683017063502,,1.6983795166015625,128.60000610351562,False,True,,,GRU,1
test_16,A3,test,16,127.00163269042969,1269,118.21446990966797,0.012429030616058748,,1.5983734130859375,128.60000610351562,False,True,,,GRU,1
test_16,A3,test,16,127.10163879394531,1270,118.21446990966797,0.011651378215053992,,1.4983673095703125,128.60000610351562,False,True,,,GRU,1
test_16,A3,test,16,127.20164489746094,1271,118.21446990966797,0.010873725814049238,,1.3983612060546875,128.60000610351562,False,True,,,GRU,1
test_16,A3,test,16,127.3016357421875,1272,118.21446990966797,0.010096192066141983,,1.298370361328125,128.60000610351562,False,True,,,GRU,1
test_16,A3,test,16,127.40164184570312,1273,118.21446990966797,0.009318539665137229,,1.1983642578125,128.60000610351562,False,True,,,GRU,1
test_16,A3,test,16,127.50164794921875,1274,118.21446990966797,0.008540887264132473,,1.098358154296875,128.60000610351562,False,True,,,GRU,1
test_16,A3,test,16,127.60165405273438,1275,118.21446990966797,0.007763234863127719,,0.99835205078125,128.60000610351562,False,True,,,GRU,1
test_16,A3,test,16,127.70164489746094,1276,118.21446990966797,0.006985701115220464,,0.8983612060546875,128.60000610351562,False,True,,,GRU,1
test_16,A3,test,16,127.80165100097656,1277,118.21446990966797,0.006208048714215709,,0.7983551025390625,128.60000610351562,False,True,,,GRU,1
test_16,A3,test,16,127.90165710449219,1278,118.21446990966797,0.005430396313210954,,0.6983489990234375,128.60000610351562,False,True,,,GRU,1
test_16,A3,test,16,128.0016632080078,1279,118.21446990966797,0.0046527439122062,,0.5983428955078125,128.60000610351562,False,True,,,GRU,1
test_16,A3,test,16,128.10165405273438,1280,118.21446990966797,0.0038752101642989443,,0.49835205078125,128.60000610351562,False,True,,,GRU,1
test_16,A3,test,16,128.20166015625,1281,118.21446990966797,0.0030975577632941895,,0.398345947265625,128.60000610351562,False,True,,,GRU,1
test_16,A3,test,16,128.30166625976562,1282,118.21446990966797,0.002319905362289435,,0.29833984375,128.60000610351562,False,True,,,GRU,1
test_16,A3,test,16,128.40167236328125,1283,118.21446990966797,0.0015422529612846808,,0.198333740234375,128.60000610351562,False,True,,,GRU,1
test_16,A3,test,16,128.5016632080078,1284,118.21446990966797,0.0007647192133774249,,0.0983428955078125,128.60000610351562,False,True,,,GRU,1
test_16,A3,test,16,128.60166931152344,1285,118.21446990966797,0.0,,0.0,128.60000610351562,False,True,,,GRU,1
