time,event,maint_mode,maint_seq_global,maint_seq_machine,mid,state,action,kind,duration,h,dh,eta,slack_pressure,im_count,im_damage,risk_h,risk_trend,im_longterm_penalty,opportunity_cost,p_fail,expected_fail_cost,downtime_cost,delta_t_since_last_maint,lambda_hat,ddt_hat,goal,rule,dispatched,op,job_due,overdue,local_urgency,breakdown_flag,breakdown_cost,t_e,t_l,window_violation,risk_t,mat_cost,scrap_part_cost
0.17010162510487903,scheduling,DQN,,,,"[6.0,1.0,1.0,1.0,200.0,2.0,79.40615844726562,79.40615844726562,0.0,0.0,0.0,0.0]",,,,,,,,,,,,,,,,,,200.0,2.0,1,1,True,"{""mid"":1,""t0"":0.17010162510487903,""t1"":11.053498677682152,""jid"":0,""oid"":0}",158.98242047021344,False,,False,0.0,,,,,,0.0
11.053498677682152,maintenance,DQN,1,1,1,"[0.9740637540817261,0.0,100.0,0.0,0.0,79.40615844726562,200.0,2.0,0.00015992627595551312,0.0,119.92326354980469,0.9740637540817261,0.009999999776482582,11.053498268127441,0.002057429403066635,0.011591116897761822,0.0015780794201418757]",2,CM,20.0,0.9740637643603837,0.0,100.0,0.0,0,0.0,0.00015992628259597777,0.0,0.0,0.0,0.00015992628259597777,0.0,0.0,11.053498677682152,200.0,2.0,,,,,,,0.0,False,0.0,11.053498677682152,130.97675861016052,False,0.00015992628259597777,2.0,0.0
11.053498677682152,scheduling,DQN,,,,"[5.0,1.0,1.0,1.0,200.0,2.0,79.40615844726562,79.40615844726562,0.0,0.0,0.0,0.0]",,,,,,,,,,,,,,,,,,200.0,2.0,0,4,True,"{""mid"":2,""t0"":11.053498677682152,""t1"":31.136279618688285,""jid"":0,""oid"":1}",158.98242047021344,False,,False,0.0,,,,,,0.0
31.136279618688285,maintenance,DQN,2,1,2,"[0.9660456776618958,0.0,100.0,0.0,0.0,95.77413940429688,200.0,2.0,0.00017327512614428997,0.0,119.91685485839844,0.9660456776618958,0.009999999776482582,31.136280059814453,0.0021715196780860424,0.011591116897761822,0.0015780794201418757]",2,CM,20.0,0.9660456632023515,0.0,100.0,0.0,0,0.0,0.00017327512267877157,0.0,0.0,0.0,0.00017327512267877157,0.0,0.0,31.136279618688285,200.0,2.0,,,,,,,0.0,False,0.0,31.136279618688285,151.0531363764419,False,0.00017327512267877157,2.0,0.0
31.136279618688285,scheduling,DQN,,,,"[5.0,1.0,1.0,1.0,200.0,2.0,95.77413940429688,95.77413940429688,0.0,0.0,0.0,0.0]",,,,,,,,,,,,,,,,,,200.0,2.0,0,4,True,"{""mid"":0,""t0"":31.136279618688285,""t1"":84.36858030148596,""jid"":0,""oid"":2}",158.98242047021344,False,,False,0.0,,,,,,0.0
84.36858030148596,maintenance,DQN,3,1,0,"[0.9749557971954346,0.0,100.0,0.0,0.0,150.0,200.0,2.0,0.00015850622730795294,0.0,119.92394256591797,0.9749557971954346,0.009999999776482582,84.36858367919922,0.002277373569086194,0.011591116897761822,0.0015780794201418757]",2,CM,20.0,0.9749558128874052,0.0,100.0,0.0,0,0.0,0.0001585062318634552,0.0,0.0,0.0,0.0001585062318634552,0.0,0.0,84.36858030148596,200.0,2.0,,,,,,,0.0,False,0.0,84.36858030148596,204.29252142435143,False,0.0001585062318634552,2.0,0.0
84.63525098203837,scheduling,DQN,,,,"[5.0,1.0,1.0,2.0,84.46514892578125,2.0,84.5216064453125,84.5216064453125,0.0,0.0,0.0,0.0]",,,,,,,,,,,,,,,,,,84.4651493569335,2.0,0,4,True,"{""mid"":2,""t0"":84.63525098203837,""t1"":117.78964355222595,""jid"":1,""oid"":0}",253.67846086667407,False,,False,0.0,,,,,,0.0
86.96413149066838,scheduling,DQN,,,,"[4.0,2.0,1.0,3.0,43.39701461791992,2.0,87.88198852539062,83.33057403564453,0.0,0.1666666716337204,0.0,0.0]",,,,,,,,,,,,,,,,,,43.39701493278175,2.0,0,4,True,"{""mid"":1,""t0"":86.96413149066838,""t1"":97.65138408829957,""jid"":2,""oid"":0}",274.1066324972041,False,,False,0.0,,,,,,0.0
97.65138408829957,maintenance,DQN,4,2,1,"[0.9763328433036804,-0.02366716042160988,37.027374267578125,0.0,0.0,84.77265930175781,43.39701461791992,2.0,0.00015633885050192475,0.0,119.92498016357422,0.9763328433036804,0.009999999776482582,66.59788513183594,0.0019785251934081316,0.011591116897761822,0.0015780794201418757]",2,CM,20.0,0.9763328394995976,-0.023667160500402407,37.027375526721826,0.0,0,0.0,0.00015633885701758784,0.0,0.0,0.0,0.00015633885701758784,0.0,0.0,66.59788541061741,43.39701493278175,2.0,,,,,,,0.0,False,0.0,97.65138408829957,217.5763648962054,False,0.00015633885701758784,2.0,0.0
97.65138408829957,scheduling,DQN,,,,"[3.0,2.0,1.0,3.0,43.39701461791992,2.0,84.77265930175781,74.1589126586914,0.0,0.1666666716337204,0.0,0.0]",,,,,,,,,,,,,,,,,,43.39701493278175,2.0,0,4,True,"{""mid"":4,""t0"":97.65138408829957,""t1"":113.6112724980628,""jid"":2,""oid"":1}",274.1066324972041,False,,False,0.0,,,,,,0.0
113.6112724980628,maintenance,DQN,5,1,4,"[0.9830148220062256,0.0,100.0,0.0,0.0,81.28267669677734,43.39701461791992,2.0,0.00014623513561673462,0.0,119.92982482910156,0.9830148220062256,0.009999999776482582,113.61127471923828,0.0019502976210787892,0.011591116897761822,0.0015780794201418757]",2,CM,20.0,0.983014848747027,0.0,100.0,0.0,0,0.0,0.00014623513276952051,0.0,0.0,0.0,0.00014623513276952051,0.0,0.0,113.6112724980628,43.39701493278175,2.0,,,,,,,0.0,False,0.0,113.6112724980628,233.5411001596567,False,0.00014623513276952051,2.0,0.0
113.6112724980628,scheduling,DQN,,,,"[3.0,2.0,1.0,3.0,43.39701461791992,2.0,81.28267669677734,60.69300079345703,0.0,0.1666666716337204,0.0,0.0]",,,,,,,,,,,,,,,,,,43.39701493278175,2.0,0,4,True,"{""mid"":0,""t0"":113.6112724980628,""t1"":166.6294783594367,""jid"":2,""oid"":2}",274.1066324972041,False,,False,0.0,,,,,,0.0
117.78964355222595,maintenance,DQN,6,2,2,"[0.9592639207839966,-0.040736060589551926,21.093446731567383,0.0,0.0,90.87928009033203,43.39701461791992,2.0,0.00018543153419159353,0.0,119.91102600097656,0.9592639207839966,0.009999999776482582,66.65336608886719,0.0022691020276397467,0.011591116897761822,0.0015780794201418757]",2,CM,20.0,0.9592639381152342,-0.04073606188476575,21.093446404954946,0.0,0,0.0,0.00018543153457746902,0.0,0.0,0.0,0.00018543153457746902,0.0,0.0,66.65336393353766,43.39701493278175,2.0,,,,,,,0.0,False,0.0,117.78964355222595,237.7006694169288,False,0.00018543153457746902,2.0,0.0
117.78964355222595,scheduling,DQN,,,,"[3.0,2.0,1.0,3.0,43.39701461791992,2.0,90.87928009033203,81.30957794189453,0.0,0.1666666716337204,0.0,0.0]",,,,,,,,,,,,,,,,,,43.39701493278175,2.0,0,4,True,"{""mid"":1,""t0"":117.78964355222595,""t1"":128.23516550685167,""jid"":1,""oid"":1}",253.67846086667407,False,,False,0.0,,,,,,0.0
128.23516550685167,maintenance,DQN,7,3,1,"[0.9809129238128662,-0.019087059423327446,46.152366638183594,0.0,0.0,95.0896987915039,43.39701461791992,2.0,0.0001493409217800945,0.0,119.92833709716797,0.9809129238128662,0.009999999776482582,10.583781242370605,0.0020750947296619415,0.011591116897761822,0.0015780794201418757]",2,CM,20.0,0.9809129406536601,-0.01908705934633992,46.15236557236259,0.0,0,0.0,0.00014934092796276815,0.0,0.0,0.0,0.00014934092796276815,0.0,0.0,10.583781418552107,43.39701493278175,2.0,,,,,,,0.0,False,0.0,128.23516550685167,248.16350326777112,False,0.00014934092796276815,2.0,0.0
128.23516550685167,scheduling,DQN,,,,"[2.0,2.0,1.0,3.0,43.39701461791992,2.0,95.0896987915039,92.93463897705078,0.0,0.1666666716337204,0.0,0.0]",,,,,,,,,,,,,,,,,,43.39701493278175,2.0,0,5,True,"{""mid"":3,""t0"":128.23516550685167,""t1"":160.50581648199773,""jid"":1,""oid"":2}",253.67846086667407,False,,False,0.0,,,,,,0.0
160.50581648199773,maintenance,DQN,8,1,3,"[0.9750802516937256,0.0,100.0,0.0,0.0,60.12522888183594,43.39701461791992,2.0,0.00015830915072001517,0.0,119.92403411865234,0.9750802516937256,0.009999999776482582,160.5058135986328,0.0020672823302447796,0.011591116897761822,0.0015780794201418757]",2,CM,20.0,0.9750802461551795,0.0,100.0,0.0,0,0.0,0.00015830915124590076,0.0,0.0,0.0,0.00015830915124590076,0.0,0.0,160.50581648199773,43.39701493278175,2.0,,,,,,,0.0,False,0.0,160.50581648199773,280.42985214363796,False,0.00015830915124590076,2.0,0.0
166.6294783594367,maintenance,DQN,9,2,0,"[0.9798658490180969,-0.02013413980603218,43.700199127197266,0.0,0.0,86.84861755371094,43.39701461791992,2.0,0.00015091263048816472,0.0,119.92758178710938,0.9798658490180969,0.009999999776482582,62.26089859008789,0.002035165671259165,0.011591116897761822,0.0015780794201418757]",2,CM,20.0,0.9798658609654481,-0.020134139034551857,43.70019793026785,0.0,0,0.0,0.0001509126245991811,0.0,0.0,0.0,0.0001509126245991811,0.0,0.0,62.260898057950726,43.39701493278175,2.0,,,,,,,0.0,False,0.0,166.6294783594367,286.55706215886585,False,0.0001509126245991811,2.0,0.0
166.6294783594367,scheduling,DQN,,,,"[4.0,1.0,1.0,3.0,43.39701461791992,2.0,86.84861755371094,86.84861755371094,0.0,0.0,0.0,0.0]",,,,,,,,,,,,,,,,,,43.39701493278175,2.0,0,1,True,"{""mid"":5,""t0"":166.6294783594367,""t1"":172.02496977276766,""jid"":2,""oid"":3}",274.1066324972041,False,,False,0.0,,,,,,0.0
172.02496977276766,maintenance,DQN,10,1,5,"[1.0,0.0,100.0,0.0,0.0,86.84861755371094,43.39701461791992,2.0,0.00012339458044152707,0.0,119.94078826904297,1.0,0.009999999776482582,172.02496337890625,0.0017206865595653653,0.011591116897761822,0.0015780794201418757]",2,CM,20.0,1.0,0.0,100.0,0.0,0,0.0,0.00012339457598623172,0.0,0.0,0.0,0.00012339457598623172,0.0,0.0,172.02496977276766,43.39701493278175,2.0,,,,,,,0.0,False,0.0,172.02496977276766,291.96575499106217,False,0.00012339457598623172,2.0,0.0
172.02496977276766,scheduling,DQN,,,,"[3.0,1.0,1.0,3.0,43.39701461791992,2.0,86.84861755371094,86.84861755371094,0.0,0.0,0.0,0.0]",,,,,,,,,,,,,,,,,,43.39701493278175,2.0,0,2,True,"{""mid"":4,""t0"":172.02496977276766,""t1"":180.70778851886652,""jid"":2,""oid"":4}",274.1066324972041,False,,False,0.0,,,,,,0.0
180.70778851886652,maintenance,DQN,11,2,4,"[0.9888972640037537,-0.01110271830111742,80.06122589111328,0.0,0.0,150.0,43.39701461791992,2.0,0.00013788221986033022,0.0,119.933837890625,0.9888972640037537,0.009999999776482582,47.09651565551758,0.0018255403265357018,0.011591116897761822,0.0015780794201418757]",2,CM,20.0,0.9888972813809979,-0.011102718619002139,80.06122751410302,0.0,0,0.0,0.00013788222137191383,0.0,0.0,0.0,0.00013788222137191383,0.0,0.0,47.096516020803705,43.39701493278175,2.0,,,,,,,0.0,False,0.0,180.70778851886652,300.64162330029984,False,0.00013788222137191383,2.0,0.0
208.56602866285385,scheduling,DQN,,,,"[6.0,1.0,1.0,3.0,61.965389251708984,2.0,66.92859649658203,66.92859649658203,0.0,0.0,0.0,0.0]",,,,,,,,,,,,,,,,,,61.96538884040774,2.0,1,2,True,"{""mid"":0,""t0"":208.56602866285385,""t1"":229.86588546283647,""jid"":3,""oid"":0}",342.42322330176546,False,,False,0.0,,,,,,0.0
229.86588546283647,maintenance,DQN,12,3,0,"[1.0,0.0,100.0,0.0,0.0,72.012939453125,61.965389251708984,2.0,0.00012339458044152707,0.0,119.94078826904297,1.0,0.009999999776482582,43.23640823364258,0.0019898281898349524,0.011591116897761822,0.0015780794201418757]",2,CM,20.0,1.0,0.0,100.0,0.0,0,0.0,0.00012339457598623172,0.0,0.0,0.0,0.00012339457598623172,0.0,0.0,43.236407103399785,61.96538884040774,2.0,,,,,,,0.0,False,0.0,229.86588546283647,349.806670681131,False,0.00012339457598623172,2.0,0.0
229.86588546283647,scheduling,DQN,,,,"[5.0,1.0,1.0,3.0,61.965389251708984,2.0,72.012939453125,72.012939453125,0.0,0.0,0.0,0.0]",,,,,,,,,,,,,,,,,,61.96538884040774,2.0,0,4,True,"{""mid"":1,""t0"":229.86588546283647,""t1"":240.48683230076918,""jid"":3,""oid"":1}",342.42322330176546,False,,False,0.0,,,,,,0.0
240.48683230076918,maintenance,DQN,13,4,1,"[0.9852699637413025,-0.01473004836589098,60.0995979309082,0.0,0.0,78.51407623291016,61.965389251708984,2.0,0.00014297474990598857,0.0,119.93138885498047,0.9852699637413025,0.009999999776482582,92.25166320800781,0.0020052974577993155,0.011591116897761822,0.0015780794201418757]",2,CM,20.0,0.9852699518699896,-0.014730048130010442,60.09959669217741,0.0,0,0.0,0.00014297475186556837,0.0,0.0,0.0,0.00014297475186556837,0.0,0.0,92.25166679391751,61.96538884040774,2.0,,,,,,,0.0,False,0.0,240.48683230076918,360.41822404024174,False,0.00014297475186556837,2.0,0.0
240.48683230076918,scheduling,DQN,,,,"[4.0,1.0,1.0,3.0,61.965389251708984,2.0,78.51407623291016,78.51407623291016,0.0,0.0,0.0,0.0]",,,,,,,,,,,,,,,,,,61.96538884040774,2.0,0,4,True,"{""mid"":2,""t0"":240.48683230076918,""t1"":254.19828087778984,""jid"":3,""oid"":2}",342.42322330176546,False,,False,0.0,,,,,,0.0
254.19828087778984,maintenance,DQN,14,3,2,"[0.9813725352287292,-0.018627438694238663,47.315818786621094,0.0,0.0,79.8021011352539,61.965389251708984,2.0,0.00014865621051285416,0.0,119.92866516113281,0.9813725352287292,0.009999999776482582,116.40863800048828,0.0021214804146438837,0.011591116897761822,0.0015780794201418757]",2,CM,20.0,0.981372560381973,-0.018627439618027042,47.31581894534817,0.0,0,0.0,0.00014865620440076662,0.0,0.0,0.0,0.00014865620440076662,0.0,0.0,116.40863732556389,61.96538884040774,2.0,,,,,,,0.0,False,0.0,254.19828087778984,374.12694711019356,False,0.00014865620440076662,2.0,0.0
254.19828087778984,scheduling,DQN,,,,"[4.0,1.0,1.0,3.0,61.965389251708984,2.0,79.8021011352539,79.8021011352539,0.0,0.0,0.0,0.0]",,,,,,,,,,,,,,,,,,61.96538884040774,2.0,0,1,True,"{""mid"":4,""t0"":254.19828087778984,""t1"":262.62111842456227,""jid"":3,""oid"":3}",342.42322330176546,False,,False,0.0,,,,,,0.0
262.62111842456227,maintenance,DQN,15,3,4,"[0.987213671207428,-0.012786355800926685,69.38753509521484,0.0,0.0,150.0,61.965389251708984,2.0,0.0001402229827363044,0.0,119.93270874023438,0.987213671207428,0.009999999776482582,61.913330078125,0.0017908631125465035,0.011591116897761822,0.0015780794201418757]",2,CM,20.0,0.9872136445904444,-0.012786355409555639,69.38753195671397,0.0,0,0.0,0.00014022298131467092,0.0,0.0,0.0,0.00014022298131467092,0.0,0.0,61.91332990569575,61.96538884040774,2.0,,,,,,,0.0,False,0.0,262.62111842456227,382.5538302659877,False,0.00014022298131467092,2.0,0.0
277.8595566747493,scheduling,DQN,,,,"[5.0,1.0,1.0,4.0,64.4081039428711,2.0,168.44017028808594,168.44017028808594,0.0,0.0,0.0,0.0]",,,,,,,,,,,,,,,,,,64.4081018975703,2.0,0,1,True,"{""mid"":0,""t0"":277.8595566747493,""t1"":336.3006755634536,""jid"":4,""oid"":0}",614.7398906225498,False,,False,0.0,,,,,,0.0
331.71052646079966,scheduling,DQN,,,,"[5.0,2.0,1.0,3.0,61.57225036621094,2.0,124.66107940673828,116.60357666015625,0.0,0.1666666716337204,0.0,0.0]",,,,,,,,,,,,,,,,,,61.5722488989729,2.0,1,2,True,"{""mid"":3,""t0"":331.71052646079966,""t1"":350.353742333265,""jid"":5,""oid"":0}",601.1764362549043,False,,False,0.0,,,,,,0.0
336.3006755634536,maintenance,DQN,16,4,0,"[0.9737783670425415,-0.02622164785861969,33.32278823852539,0.0,0.0,149.29148864746094,61.57225036621094,2.0,0.00016038330795709044,0.0,119.92304229736328,0.9737783670425415,0.009999999776482582,86.4347915649414,0.001931478618644178,0.011591116897761822,0.0015780794201418757]",2,CM,20.0,0.9737783529131993,-0.026221647086800748,33.32278670446431,0.0,0,0.0,0.00016038330919981408,0.0,0.0,0.0,0.00016038330919981408,0.0,0.0,86.4347901006171,61.5722488989729,2.0,,,,,,,0.0,False,0.0,336.3006755634536,456.2237162636515,False,0.00016038330919981408,2.0,0.0
350.353742333265,maintenance,DQN,17,2,3,"[0.9844182133674622,-0.015581757761538029,56.759849548339844,0.0,0.0,146.16622924804688,61.57225036621094,2.0,0.00014419750368688256,0.0,119.93080139160156,0.9844182133674622,0.009999999776482582,169.84793090820312,0.0018970377277582884,0.011591116897761822,0.0015780794201418757]",2,CM,20.0,0.9844182423722144,-0.015581757627785575,56.75985107065902,0.0,0,0.0,0.00014419750557617976,0.0,0.0,0.0,0.00014419750557617976,0.0,0.0,169.8479258512673,61.5722488989729,2.0,,,,,,,0.0,False,0.0,350.353742333265,470.28454748795497,False,0.00014419750557617976,2.0,0.0
350.353742333265,scheduling,DQN,,,,"[4.0,2.0,2.0,3.0,61.57225036621094,2.0,146.16622924804688,139.58953857421875,0.0,0.0,0.0,0.0]",,,,,,,,,,,,,,,,,,61.5722488989729,2.0,0,1,True,"{""mid"":5,""t0"":350.353742333265,""t1"":355.54416084796077,""jid"":5,""oid"":1}",601.1764362549043,False,,False,0.0,,,,,,0.0
355.54416084796077,maintenance,DQN,18,2,5,"[0.9815676808357239,-0.01843234710395336,47.827205657958984,0.0,0.0,146.06309509277344,61.57225036621094,2.0,0.00014836651098448783,0.0,119.92880249023438,0.9815676808357239,0.009999999776482582,163.51919555664062,0.0016837840666994452,0.011591116897761822,0.0015780794201418757]",2,CM,20.0,0.9815676532338412,-0.01843234676615879,47.8272064006723,0.0,0,0.0,0.00014836651247702776,0.0,0.0,0.0,0.00014836651247702776,0.0,0.0,163.5191910751931,61.5722488989729,2.0,,,,,,,0.0,False,0.0,355.54416084796077,475.47296604990913,False,0.00014836651247702776,2.0,0.0
356.3006755634536,scheduling,DQN,,,,"[4.0,2.0,2.0,3.0,61.57225036621094,2.0,145.30657958984375,142.79971313476562,0.0,0.0,0.0,0.0]",,,,,,,,,,,,,,,,,,61.5722488989729,2.0,0,1,True,"{""mid"":0,""t0"":356.3006755634536,""t1"":402.76287218090096,""jid"":5,""oid"":2}",601.1764362549043,False,,False,0.0,,,,,,0.0
402.76287218090096,maintenance,DQN,19,5,0,"[0.9738135933876038,-0.0261863861232996,33.36900329589844,0.0,0.0,122.07548522949219,61.57225036621094,2.0,0.00016032677376642823,0.0,119.92306518554688,0.9738135933876038,0.009999999776482582,46.462196350097656,0.0019948307890444994,0.011591116897761822,0.0015780794201418757]",2,CM,20.0,0.97381361410133,-0.02618638589866995,33.369003935197966,0.0,0,0.0,0.00016032677517426662,0.0,0.0,0.0,0.00016032677517426662,0.0,0.0,46.462196617447376,61.5722488989729,2.0,,,,,,,0.0,False,0.0,402.76287218090096,522.6859400000309,False,0.00016032677517426662,2.0,0.0
402.76287218090096,scheduling,DQN,,,,"[5.0,2.0,2.0,3.0,61.57225036621094,2.0,122.07548522949219,105.99747467041016,0.0,0.0,0.0,0.0]",,,,,,,,,,,,,,,,,,61.5722488989729,2.0,0,4,True,"{""mid"":2,""t0"":402.76287218090096,""t1"":411.2178791563493,""jid"":5,""oid"":3}",601.1764362549043,False,,False,0.0,,,,,,0.0
411.2178791563493,maintenance,DQN,20,4,2,"[0.9968400597572327,-0.003159963758662343,283.8133850097656,0.0,0.0,127.3675765991211,53.85097122192383,2.0,0.0001273555535590276,0.0,119.93888854980469,0.9968400597572327,0.009999999776482582,137.01959228515625,0.0020136511884629726,0.011591116897761822,0.0015780794201418757]",2,CM,20.0,0.9968400362115243,-0.003159963788475717,283.8133903566459,0.0,0,0.0,0.00012735555649807674,0.0,0.0,0.0,0.00012735555649807674,0.0,0.0,137.01959827855944,53.85096978605037,2.0,,,,,,,0.0,False,0.0,411.2178791563493,531.1567640572468,False,0.00012735555649807674,2.0,0.0
411.2178791563493,scheduling,DQN,,,,"[4.0,2.0,2.0,2.0,53.85097122192383,2.0,127.3675765991211,100.29188537597656,0.0,0.0,0.0,0.0]",,,,,,,,,,,,,,,,,,53.85096978605037,2.0,0,4,True,"{""mid"":3,""t0"":411.2178791563493,""t1"":451.79449485760557,""jid"":5,""oid"":4}",601.1764362549043,False,,False,0.0,,,,,,0.0
422.76287218090096,scheduling,DQN,,,,"[4.0,2.0,1.0,2.0,53.85097122192383,2.0,115.82258605957031,88.74689483642578,0.0,0.1666666716337204,0.0,0.0]",,,,,,,,,,,,,,,,,,53.85096978605037,2.0,0,4,True,"{""mid"":0,""t0"":422.76287218090096,""t1"":450.47469797533114,""jid"":4,""oid"":1}",614.7398906225498,False,,False,0.0,,,,,,0.0
450.47469797533114,maintenance,DQN,21,6,0,"[0.9808578491210938,-0.019142135977745056,46.01669692993164,0.0,0.0,101.96666717529297,53.85097122192383,2.0,0.00014942318375688046,0.0,119.92829895019531,0.9808578491210938,0.009999999776482582,27.71182632446289,0.0019765598699450493,0.011591116897761822,0.0015780794201418757]",2,CM,20.0,0.9808578644894397,-0.01914213551056032,46.01669777144188,0.0,0,0.0,0.0001494231895784482,0.0,0.0,0.0,0.0001494231895784482,0.0,0.0,27.711825794430183,53.85096978605037,2.0,,,,,,,0.0,False,0.0,450.47469797533114,570.4029962742618,False,0.0001494231895784482,2.0,0.0
450.47469797533114,scheduling,DQN,,,,"[4.0,2.0,1.0,2.0,53.85097122192383,2.0,101.96666717529297,85.9757080078125,0.0,0.1666666716337204,0.0,0.0]",,,,,,,,,,,,,,,,,,53.85096978605037,2.0,0,4,True,"{""mid"":4,""t0"":450.47469797533114,""t1"":481.951577831048,""jid"":4,""oid"":2}",614.7398906225498,False,,False,0.0,,,,,,0.0
451.79449485760557,maintenance,DQN,22,3,3,"[0.9600476622581482,-0.03995232284069061,21.5268497467041,0.0,0.0,80.65817260742188,53.85097122192383,2.0,0.00018398418615106493,0.0,119.9117202758789,0.9600476622581482,0.009999999776482582,81.44075012207031,0.002031739568337798,0.011591116897761822,0.0015780794201418757]",2,CM,20.0,0.9600476753979204,-0.03995232460207965,21.526849412741107,0.0,0,0.0,0.00018398418500825602,0.0,0.0,0.0,0.00018398418500825602,0.0,0.0,81.44075252434055,53.85096978605037,2.0,,,,,,,0.0,False,0.0,451.79449485760557,571.7062149370045,False,0.00018398418500825602,2.0,0.0
481.951577831048,maintenance,DQN,23,4,4,"[0.9327103495597839,-0.06728963553905487,12.375016212463379,0.0,0.0,75.05513000488281,200.0,2.0,0.00024181310436688364,0.0,119.88398742675781,0.9327103495597839,0.009999999776482582,199.33045959472656,0.002124450169503689,0.011591116897761822,0.0015780794201418757]",2,CM,20.0,0.9327103607698338,-0.06728963923016618,12.375015980120263,0.0,0,0.0,0.0002418130985991461,0.0,0.0,0.0,0.0002418130985991461,0.0,0.0,199.33045940648572,200.0,2.0,,,,,,,0.0,False,0.0,481.951577831048,601.8355636602577,False,0.0002418130985991461,2.0,0.0
481.951577831048,scheduling,DQN,,,,"[5.0,1.0,1.0,1.0,200.0,2.0,75.05513000488281,75.05513000488281,0.0,0.0,0.0,0.0]",,,,,,,,,,,,,,,,,,200.0,2.0,0,2,True,"{""mid"":5,""t0"":481.951577831048,""t1"":487.5079193288153,""jid"":4,""oid"":3}",614.7398906225498,False,,False,0.0,,,,,,0.0
487.5079193288153,maintenance,DQN,24,3,5,"[0.9966648817062378,-0.0033350952435284853,268.85736083984375,0.0,0.0,92.37373352050781,200.0,2.0,0.00012757876538671553,0.0,119.93877410888672,0.9966648817062378,0.009999999776482582,111.96376037597656,0.001666398486122489,0.011591116897761822,0.0015780794201418757]",2,CM,20.0,0.9966649047882292,-0.0033350952117707777,268.857363239157,0.0,0,0.0,0.0001275787630370457,0.0,0.0,0.0,0.0001275787630370457,0.0,0.0,111.96375848085455,200.0,2.0,,,,,,,0.0,False,0.0,487.5079193288153,607.446697145187,False,0.0001275787630370457,2.0,0.0
487.5079193288153,scheduling,DQN,,,,"[4.0,1.0,1.0,1.0,200.0,2.0,92.37373352050781,92.37373352050781,0.0,0.0,0.0,0.0]",,,,,,,,,,,,,,,,,,200.0,2.0,0,1,True,"{""mid"":3,""t0"":487.5079193288153,""t1"":514.7019877179023,""jid"":4,""oid"":4}",614.7398906225498,False,,False,0.0,,,,,,0.0
501.56626286174026,scheduling,DQN,,,,"[3.0,2.0,1.0,2.0,169.85574340820312,2.0,83.10368347167969,79.2730484008789,0.0,0.1666666716337204,0.0,0.0]",,,,,,,,,,,,,,,,,,169.8557364009406,2.0,0,4,True,"{""mid"":1,""t0"":501.56626286174026,""t1"":533.9735267514505,""jid"":6,""oid"":0}",677.3502352736114,False,,False,0.0,,,,,,0.0
513.506900496551,scheduling,DQN,,,,"[4.0,3.0,1.0,3.0,90.89818572998047,2.0,71.3138656616211,67.42289733886719,0.0,0.3333333432674408,0.0,0.0]",,,,,,,,,,,,,,,,,,90.89818701787567,2.0,1,4,True,"{""mid"":2,""t0"":513.506900496551,""t1"":517.6490182800036,""jid"":7,""oid"":0}",656.7378807874077,False,,False,0.0,,,,,,0.0
514.7019877179023,maintenance,DQN,25,4,3,"[0.9976555109024048,-0.002344464184716344,382.8830261230469,0.0,0.0,72.58833312988281,90.89818572998047,2.0,0.00012632131983991712,0.0,119.93938446044922,0.9976555109024048,0.009999999776482582,42.907493591308594,0.001937761320732534,0.011591116897761822,0.0015780794201418757]",2,CM,20.0,0.9976555357621237,-0.002344464237876265,382.8830149165619,0.0,0,0.0,0.00012632132650464546,0.0,0.0,0.0,0.00012632132650464546,0.0,0.0,42.90749286029671,90.89818701787567,2.0,,,,,,,0.0,False,0.0,514.7019877179023,634.6413687973946,False,0.00012632132650464546,2.0,0.0
517.6490182800036,maintenance,DQN,26,5,2,"[1.0,0.0,100.0,0.0,0.0,79.51536560058594,90.89818572998047,2.0,0.00012339458044152707,0.0,119.94078826904297,1.0,0.009999999776482582,86.43113708496094,0.0019797016866505146,0.011591116897761822,0.0015780794201418757]",2,CM,20.0,1.0,0.0,100.0,0.0,0,0.0,0.00012339457598623172,0.0,0.0,0.0,0.00012339457598623172,0.0,0.0,86.4311391236543,90.89818701787567,2.0,,,,,,,0.0,False,0.0,517.6490182800036,637.5898034982981,False,0.00012339457598623172,2.0,0.0
517.6490182800036,scheduling,DQN,,,,"[3.0,2.0,1.0,3.0,90.89818572998047,2.0,79.51536560058594,73.35045623779297,0.0,0.1666666716337204,0.0,0.0]",,,,,,,,,,,,,,,,,,90.89818701787567,2.0,0,4,True,"{""mid"":4,""t0"":517.6490182800036,""t1"":542.4708763650999,""jid"":7,""oid"":1}",656.7378807874077,False,,False,0.0,,,,,,0.0
533.9735267514505,maintenance,DQN,27,5,1,"[0.9117875099182129,-0.08821248263120651,9.202637672424316,0.0,0.0,82.63134765625,11.940637588500977,2.0,0.00029807264218106866,0.0,119.85700988769531,0.9117875099182129,0.009999999776482582,273.4866943359375,0.0022514057345688343,0.011591116897761822,0.0015780794201418757]",2,CM,20.0,0.911787518323113,-0.088212481676887,9.202637800131335,0.0,0,0.0,0.000298072652655446,0.0,0.0,0.0,0.000298072652655446,0.0,0.0,273.4866944506814,11.940637634810741,2.0,,,,,,,0.0,False,0.0,533.9735267514505,653.8305371377019,False,0.000298072652655446,2.0,0.0
534.7019877179023,scheduling,DQN,,,,"[3.0,2.0,1.0,2.0,11.940637588500977,2.0,81.90288543701172,72.5154037475586,0.0,0.1666666716337204,0.0,1.0]",,,,,,,,,,,,,,,,,,11.940637634810741,2.0,0,4,True,"{""mid"":3,""t0"":534.7019877179023,""t1"":583.7129987024566,""jid"":6,""oid"":1}",677.3502352736114,False,,False,0.0,,,,,,0.0
542.4708763650999,maintenance,DQN,28,5,4,"[0.9611439108848572,-0.03885610029101372,22.16238784790039,0.0,0.0,86.1614990234375,11.940637588500977,2.0,0.0001819786848500371,0.0,119.91268157958984,0.9611439108848572,0.009999999776482582,40.5192985534668,0.0021338590886443853,0.011591116897761822,0.0015780794201418757]",2,CM,20.0,0.961143901015313,-0.038856098984687004,22.16238694869203,0.0,0,0.0,0.00018197868276796016,0.0,0.0,0.0,0.00018197868276796016,0.0,0.0,40.51929853405193,11.940637634810741,2.0,,,,,,,0.0,False,0.0,542.4708763650999,662.3835583812502,False,0.00018197868276796016,2.0,0.0
561.8509121226901,scheduling,DQN,,,,"[4.0,3.0,2.0,3.0,30.142324447631836,2.0,81.13406372070312,66.6055679321289,0.0,0.1666666716337204,0.0,1.0]",,,,,,,,,,,,,,,,,,30.142324630474945,2.0,0,4,True,"{""mid"":0,""t0"":561.8509121226901,""t1"":617.4608916395833,""jid"":8,""oid"":0}",781.5294515301348,False,,False,0.0,,,,,,0.0
562.4708763650999,scheduling,DQN,,,,"[4.0,3.0,1.0,3.0,30.142324447631836,2.0,80.51409912109375,65.98560333251953,0.0,0.3333333432674408,0.0,1.0]",,,,,,,,,,,,,,,,,,30.142324630474945,2.0,0,4,True,"{""mid"":4,""t0"":562.4708763650999,""t1"":590.2832377363894,""jid"":7,""oid"":2}",656.7378807874077,False,,False,0.0,,,,,,0.0
583.7129987024566,maintenance,DQN,29,5,3,"[0.9598225355148315,-0.040177445858716965,21.40062713623047,0.0,0.0,56.86102294921875,20.70258331298828,2.0,0.00018439875566400588,0.0,119.9115219116211,0.9598225355148315,0.009999999776482582,49.011009216308594,0.002027742099016905,0.011591116897761822,0.0015780794201418757]",2,CM,20.0,0.9598225545568083,-0.040177445443191684,21.40062776695303,0.0,0,0.0,0.00018439876185188773,0.0,0.0,0.0,0.00018439876185188773,0.0,0.0,49.01101098455433,20.702583438289707,2.0,,,,,,,0.0,False,0.0,583.7129987024566,703.6245199315307,False,0.00018439876185188773,2.0,0.0
590.2832377363894,maintenance,DQN,30,6,4,"[0.9524765610694885,-0.047523435205221176,17.938024520874023,0.0,0.0,56.11503219604492,20.70258331298828,2.0,0.0001984518312383443,0.0,119.90477752685547,0.9524765610694885,0.009999999776482582,27.812360763549805,0.0021560878958553076,0.011591116897761822,0.0015780794201418757]",2,CM,20.0,0.9524765657774177,-0.04752343422258232,17.938025307361638,0.0,0,0.0,0.00019845183555812916,0.0,0.0,0.0,0.00019845183555812916,0.0,0.0,27.812361371289512,20.702583438289707,2.0,,,,,,,0.0,False,0.0,590.2832377363894,710.1880186531253,False,0.00019845183555812916,2.0,0.0
605.0611291193671,scheduling,DQN,,,,"[4.0,3.0,2.0,5.0,25.873716354370117,2.0,36.85291290283203,18.413076400756836,0.0,0.1666666716337204,0.0,1.0]",,,,,,,,,,,,,,,,,,25.87371656440672,2.0,0,1,True,"{""mid"":3,""t0"":605.0611291193671,""t1"":636.3415248671844,""jid"":10,""oid"":0}",688.7145029953481,False,,False,0.0,,,,,,0.0
610.2832377363894,scheduling,DQN,,,,"[4.0,3.0,1.0,5.0,25.873716354370117,2.0,31.63080596923828,13.190967559814453,0.0,0.3333333432674408,0.0,1.0]",,,,,,,,,,,,,,,,,,25.87371656440672,2.0,3,3,True,"{""mid"":4,""t0"":610.2832377363894,""t1"":643.1127779200083,""jid"":9,""oid"":0}",735.971054610125,False,,False,0.0,,,,,,0.0
617.4608916395833,maintenance,DQN,31,7,0,"[0.9695240259170532,-0.03047599270939827,28.53144073486328,0.0,0.0,34.5775146484375,25.873716354370117,2.0,0.00016735262761358172,0.0,119.9197006225586,0.9695240259170532,0.009999999776482582,146.98619079589844,0.0019671095069497824,0.011591116897761822,0.0015780794201418757]",2,CM,20.0,0.969524006604401,-0.030475993395599033,28.531440971173296,0.0,0,0.0,0.00016735262701914947,0.0,0.0,0.0,0.00016735262701914947,0.0,0.0,146.9861936642522,25.87371656440672,2.0,,,,,,,0.0,False,0.0,617.4608916395833,737.3805892592414,False,0.00016735262701914947,2.0,0.0
617.4608916395833,scheduling,DQN,,,,"[3.0,3.0,1.0,5.0,25.873716354370117,2.0,34.5775146484375,6.013314247131348,0.0,0.3333333432674408,0.0,1.0]",,,,,,,,,,,,,,,,,,25.87371656440672,2.0,0,4,True,"{""mid"":2,""t0"":617.4608916395833,""t1"":644.2117744197492,""jid"":8,""oid"":1}",781.5294515301348,False,,False,0.0,,,,,,0.0
624.363656079313,scheduling,DQN,,,,"[2.0,4.0,1.0,6.0,24.559478759765625,2.0,26.4202880859375,0.29447227716445923,0.0,0.5,0.25,1.0]",,,,,,,,,,,,,,,,,,24.55947864351456,2.0,0,1,True,"{""mid"":1,""t0"":624.363656079313,""t1"":631.8051104603355,""jid"":11,""oid"":0}",692.3343472838901,False,,False,0.0,,,,,,0.0
631.8051104603355,maintenance,DQN,32,6,1,"[0.9707945585250854,-0.029205434024333954,29.81618309020996,0.0,0.0,30.703943252563477,21.59779167175293,2.0,0.00016524011152796447,0.0,119.92070770263672,0.9707945585250854,0.009999999776482582,77.83158111572266,0.0022181596141308546,0.011591116897761822,0.0015780794201418757]",2,CM,20.0,0.9707945653228968,-0.029205434677103237,29.816182328749615,0.0,0,0.0,0.00016524011375775445,0.0,0.0,0.0,0.00016524011375775445,0.0,0.0,77.83158370888498,21.597791613756005,2.0,,,,,,,0.0,False,0.0,631.8051104603355,751.7258214120811,False,0.00016524011375775445,2.0,0.0
636.3415248671844,maintenance,DQN,33,6,3,"[0.9898794889450073,-0.010120538994669914,87.92807006835938,0.0,0.0,32.82129669189453,21.59779167175293,2.0,0.0001365347852697596,0.0,119.93447875976562,0.9898794889450073,0.009999999776482582,32.62852478027344,0.001992862205952406,0.011591116897761822,0.0015780794201418757]",2,CM,20.0,0.989879461283789,-0.010120538716210992,87.9280724314001,0.0,0,0.0,0.000136534782774074,0.0,0.0,0.0,0.000136534782774074,0.0,0.0,32.62852616472776,21.597791613756005,2.0,,,,,,,0.0,False,0.0,636.3415248671844,756.2760060642723,False,0.000136534782774074,2.0,0.0
637.4608916395833,scheduling,DQN,,,,"[2.0,5.0,3.0,7.0,21.59779167175293,2.0,31.701929092407227,1.1691312789916992,0.0,0.3333333432674408,0.20000000298023224,1.0]",,,,,,,,,,,,,,,,,,21.597791613756005,2.0,0,0,True,"{""mid"":0,""t0"":637.4608916395833,""t1"":670.1253707324182,""jid"":10,""oid"":1}",688.7145029953481,False,,False,0.0,,,,,,0.0
643.1127779200083,maintenance,DQN,34,7,4,"[0.9428382515907288,-0.05716174468398094,14.744795799255371,0.0,0.0,32.61595153808594,21.59779167175293,2.0,0.0002185269695473835,0.0,119.89514923095703,0.9428382515907288,0.009999999776482582,32.82954025268555,0.0021516215056180954,0.011591116897761822,0.0015780794201418757]",2,CM,20.0,0.9428382538157836,-0.05716174618421643,14.744795428389294,0.0,0,0.0,0.000218526976454571,0.0,0.0,0.0,0.000218526976454571,0.0,0.0,32.82954018361886,21.597791613756005,2.0,,,,,,,0.0,False,0.0,643.1127779200083,763.0079308018334,False,0.000218526976454571,2.0,0.0
644.2117744197492,maintenance,DQN,35,6,2,"[0.9448977112770081,-0.05510230362415314,15.333255767822266,0.0,0.0,36.274845123291016,21.59779167175293,2.0,0.00021407351596280932,0.0,119.89728546142578,0.9448977112770081,0.009999999776482582,106.56275939941406,0.002012972254306078,0.011591116897761822,0.0015780794201418757]",2,CM,20.0,0.9448976977794608,-0.055102302220539245,15.333255848328735,0.0,0,0.0,0.0002140735149295147,0.0,0.0,0.0,0.0002140735149295147,0.0,0.0,106.5627561397456,21.597791613756005,2.0,,,,,,,0.0,False,0.0,644.2117744197492,764.1090631143993,False,0.0002140735149295147,2.0,0.0
644.2117744197492,scheduling,DQN,,,,"[1.0,5.0,4.0,7.0,21.59779167175293,2.0,36.274845123291016,14.115972518920898,0.0,0.1666666716337204,0.0,1.0]",,,,,,,,,,,,,,,,,,21.597791613756005,2.0,0,5,True,"{""mid"":5,""t0"":644.2117744197492,""t1"":675.506212141416,""jid"":8,""oid"":2}",781.5294515301348,False,,False,0.0,,,,,,0.0
651.8051104603355,scheduling,DQN,,,,"[1.0,6.0,4.0,8.0,21.344207763671875,2.0,30.458589553833008,7.620598316192627,0.0,0.3333333432674408,0.0,1.0]",,,,,,,,,,,,,,,,,,21.34420729946633,2.0,0,0,True,"{""mid"":1,""t0"":651.8051104603355,""t1"":684.3207321211937,""jid"":13,""oid"":0}",771.4958896435253,False,,False,0.0,,,,,,0.0
656.3415248671844,scheduling,DQN,,,,"[1.0,6.0,3.0,8.0,21.344207763671875,2.0,25.92217445373535,3.084183692932129,0.0,0.5,0.1666666716337204,1.0]",,,,,,,,,,,,,,,,,,21.34420729946633,2.0,0,0,True,"{""mid"":3,""t0"":656.3415248671844,""t1"":668.734829609009,""jid"":11,""oid"":1}",692.3343472838901,False,,False,0.0,,,,,,0.0
663.1127779200083,scheduling,DQN,,,,"[1.0,7.0,3.0,9.0,20.171947479248047,2.0,21.524309158325195,-2.5891075134277344,0.0,0.6666666865348816,0.1428571492433548,1.0]",,,,,,,,,,,,,,,,,,20.17194720630937,2.0,0,0,True,"{""mid"":4,""t0"":663.1127779200083,""t1"":694.2521084438331,""jid"":9,""oid"":1}",735.971054610125,False,,False,0.0,,,,,,0.0
664.2117744197492,scheduling,DQN,,,,"[1.0,7.0,2.0,9.0,20.171947479248047,1.5,20.425312042236328,-3.6881041526794434,0.0,0.8333333134651184,0.1428571492433548,1.0]",,,,,,,,,,,,,,,,,,20.17194720630937,1.5,2,0,True,"{""mid"":2,""t0"":664.2117744197492,""t1"":689.5793951480445,""jid"":12,""oid"":0}",812.2375534546304,False,,False,0.0,,,,,,0.0
668.734829609009,maintenance,DQN,36,7,3,"[0.9850749373435974,-0.014925053343176842,59.301292419433594,0.0,0.0,17.6727294921875,20.171947479248047,1.5,0.00014325379743240774,0.0,119.93125915527344,0.9850749373435974,0.009999999776482582,12.393304824829102,0.0020060611423105,0.011591116897761822,0.0015780794201418757]",2,CM,20.0,0.9850749466154516,-0.014925053384548415,59.30129184876153,0.0,0,0.0,0.00014325379218724484,0.0,0.0,0.0,0.00014325379218724484,0.0,0.0,12.393304741824636,20.17194720630937,1.5,,,,,,,0.0,False,0.0,668.734829609009,788.6660874857797,False,0.00014325379218724484,2.0,0.0
670.1253707324182,maintenance,DQN,37,8,0,"[0.9792466759681702,-0.020753344520926476,42.36650085449219,0.0,0.0,19.6477108001709,20.171947479248047,1.5,0.0001518498465884477,0.0,119.92713165283203,0.9792466759681702,0.009999999776482582,32.66447830200195,0.001986065413802862,0.011591116897761822,0.0015780794201418757]",2,CM,20.0,0.9792466546553437,-0.020753345344656338,42.36650236641178,0.0,0,0.0,0.00015184984185542455,0.0,0.0,0.0,0.00015184984185542455,0.0,0.0,32.66447909283488,20.17194720630937,1.5,,,,,,,0.0,False,0.0,670.1253707324182,790.052504939886,False,0.00015184984185542455,2.0,0.0
675.506212141416,maintenance,DQN,38,4,5,"[0.9028909802436829,-0.09710899740457535,8.267935752868652,0.0,0.0,20.322484970092773,20.171947479248047,2.0,0.000325797067489475,0.0,119.84371948242188,0.9028909802436829,0.009999999776482582,167.998291015625,0.001863914425484836,0.011591116897761822,0.0015780794201418757]",2,CM,20.0,0.902890999904233,-0.09710900009576695,8.267936021506122,0.0,0,0.0,0.0003257970719178096,0.0,0.0,0.0,0.0003257970719178096,0.0,0.0,167.99829281260065,20.17194720630937,2.0,,,,,,,0.0,False,0.0,675.506212141416,795.3499314006285,False,0.0003257970719178096,2.0,0.0
684.3207321211937,maintenance,DQN,39,7,1,"[0.9284213781356812,-0.07157864421606064,11.573582649230957,0.0,0.0,18.947402954101562,20.174278259277344,1.5,0.0002524074225220829,0.0,119.87890625,0.9284213781356812,0.009999999776482582,32.515621185302734,0.0022231261245906353,0.011591116897761822,0.0015780794201418757]",2,CM,20.0,0.9284213544237889,-0.07157864557621108,11.573582424687734,0.0,0,0.0,0.00025240743171632356,0.0,0.0,0.0,0.00025240743171632356,0.0,0.0,32.51562166085819,20.174278954298227,1.5,,,,,,,0.0,False,0.0,684.3207321211937,804.1996376945228,False,0.00025240743171632356,2.0,0.0
688.734829609009,scheduling,DQN,,,,"[1.0,7.0,5.0,10.0,20.174278259277344,1.5,14.533304214477539,-20.775177001953125,0.0,0.3333333432674408,0.2857142984867096,1.0]",,,,,,,,,,,,,,,,,,20.174278954298227,1.5,0,2,True,"{""mid"":3,""t0"":688.734829609009,""t1"":703.7603553405028,""jid"":11,""oid"":2}",692.3343472838901,True,,False,0.0,,,,,,0.0
689.5793951480445,maintenance,DQN,40,7,2,"[0.9660578966140747,-0.03394211456179619,25.515731811523438,0.0,0.0,17.312685012817383,20.174278259277344,1.5,0.0001732539531076327,0.0,119.9168701171875,0.9660578966140747,0.009999999776482582,25.36762046813965,0.0020134220831096172,0.011591116897761822,0.0015780794201418757]",2,CM,20.0,0.9660578860019721,-0.033942113998027934,25.51573205052257,0.0,0,0.0,0.0001732539485711529,0.0,0.0,0.0,0.0001732539485711529,0.0,0.0,25.367620728295265,20.174278954298227,1.5,,,,,,,0.0,False,0.0,689.5793951480445,809.4962620623282,False,0.0001732539485711529,2.0,0.0
690.1253707324182,scheduling,DQN,,,,"[1.0,7.0,5.0,10.0,20.174278259277344,1.5,16.76671028137207,-22.16571807861328,0.0,0.3333333432674408,0.2857142984867096,1.0]",,,,,,,,,,,,,,,,,,20.174278954298227,1.5,0,2,True,"{""mid"":0,""t0"":690.1253707324182,""t1"":712.3296990024298,""jid"":13,""oid"":1}",771.4958896435253,False,,False,0.0,,,,,,0.0
694.2521084438331,scheduling,DQN,,,,"[1.0,7.0,5.0,10.0,20.174278259277344,1.5,18.369701385498047,-6.9021759033203125,0.0,0.3333333432674408,0.2857142984867096,1.0]",,,,,,,,,,,,,,,,,,20.174278954298227,1.5,0,0,True,"{""mid"":4,""t0"":694.2521084438331,""t1"":716.2449241502567,""jid"":9,""oid"":2}",735.971054610125,False,,False,0.0,,,,,,0.0
695.506212141416,scheduling,DQN,,,,"[1.0,7.0,4.0,10.0,20.174278259277344,1.5,17.115596771240234,-8.156279563903809,0.0,0.5,0.2857142984867096,1.0]",,,,,,,,,,,,,,,,,,20.174278954298227,1.5,0,0,True,"{""mid"":5,""t0"":695.506212141416,""t1"":729.6125222287785,""jid"":14,""oid"":0}",770.7485481342092,False,,False,0.0,,,,,,0.0
703.7603553405028,maintenance,DQN,41,8,3,"[0.9896122217178345,-0.010387763381004333,85.6404037475586,0.0,0.0,14.746952056884766,21.20348358154297,1.5,0.0001369000819977373,0.0,119.9343032836914,0.9896122217178345,0.009999999776482582,15.02552604675293,0.0019480951596051455,0.011591116897761822,0.0015780794201418757]",2,CM,20.0,0.9896122364063168,-0.010387763593683208,85.64040068714014,0.0,0,0.0,0.00013690007559064853,0.0,0.0,0.0,0.00013690007559064853,0.0,0.0,15.025525731493758,21.20348411923416,1.5,,,,,,,0.0,False,0.0,703.7603553405028,823.6946612929011,False,0.00013690007559064853,2.0,0.0
704.3207321211937,scheduling,DQN,,,,"[1.0,6.0,3.0,9.0,21.20348358154297,1.5,14.186574935913086,-7.8600239753723145,0.0,0.5,0.3333333432674408,1.0]",,,,,,,,,,,,,,,,,,21.20348411923416,1.5,0,0,True,"{""mid"":1,""t0"":704.3207321211937,""t1"":721.4500591606625,""jid"":12,""oid"":1}",812.2375534546304,False,,False,0.0,,,,,,0.0
709.5793951480445,scheduling,DQN,,,,"[1.0,6.0,2.0,9.0,21.20348358154297,1.5,8.927912712097168,-13.11868667602539,0.0,0.6666666865348816,0.3333333432674408,1.0]",,,,,,,,,,,,,,,,,,21.20348411923416,1.5,0,0,True,"{""mid"":2,""t0"":709.5793951480445,""t1"":718.5687167537245,""jid"":15,""oid"":0}",785.0786858371079,False,,False,0.0,,,,,,0.0
712.3296990024298,maintenance,DQN,42,9,0,"[0.9885357618331909,-0.011464222334325314,77.5051040649414,0.0,0.0,9.545744895935059,21.20348358154297,1.5,0.00013838151062373072,0.0,119.93359375,0.9885357618331909,0.009999999776482582,22.204328536987305,0.0019620920065790415,0.011591116897761822,0.0015780794201418757]",2,CM,20.0,0.988535777806447,-0.01146422219355303,77.50510787431529,0.0,0,0.0,0.00013838150347228107,0.0,0.0,0.0,0.00013838150347228107,0.0,0.0,22.204328270011615,21.20348411923416,1.5,,,,,,,0.0,False,0.0,712.3296990024298,832.2632942608345,False,0.00013838150347228107,2.0,0.0
716.2449241502567,maintenance,DQN,43,8,4,"[0.9464927315711975,-0.05350726470351219,15.820146560668945,0.0,0.0017341842176392674,18.369701385498047,20.174278259277344,1.5,0.00021068676142022014,0.06936737149953842,119.89891052246094,0.9464927315711975,0.009999999776482582,31.13932991027832,0.002173198154196143,0.011591116897761822,0.0015780794201418757]",2,CM,20.0,0.8982338858933437,0.0,0.0,0.0,0,0.0,0.0003413233667054971,0.0,0.0,0.0,0.0003413233667054971,0.0,0.0,53.132146230248395,19.19142937440141,1.5,,,,,,,0.0803119291976183,False,0.0,694.3214758130375,814.1510214006495,False,0.0003413233667054971,2.0,0.0
718.5687167537245,maintenance,DQN,44,8,2,"[0.9948232769966125,-0.005176748614758253,172.85430908203125,0.0,0.0,16.507097244262695,19.191429138183594,1.5,0.00012994978169444948,0.0,119.93763732910156,0.9948232769966125,0.009999999776482582,8.9893217086792,0.001973666250705719,0.011591116897761822,0.0015780794201418757]",2,CM,20.0,0.9948232515383924,-0.00517674846160765,172.85430385012432,0.0,0,0.0,0.00012994978210866936,0.0,0.0,0.0,0.00012994978210866936,0.0,0.0,8.989321605680061,19.19142937440141,1.5,,,,,,,0.0,False,0.0,718.5687167537245,838.5063570669719,False,0.00012994978210866936,2.0,0.0
721.4500591606625,scheduling,DQN,,,,"[1.0,7.0,6.0,9.0,19.191429138183594,1.5,18.130290985107422,-17.934598922729492,0.0,0.1666666716337204,0.2857142984867096,1.0]",,,,,,,,,,,,,,,,,,19.19142937440141,1.5,0,2,True,"{""mid"":1,""t0"":721.4500591606625,""t1"":727.1654793814082,""jid"":9,""oid"":3}",735.971054610125,False,,False,0.0,,,,,,0.0
723.7603553405028,scheduling,DQN,,,,"[1.0,7.0,5.0,9.0,19.191429138183594,1.5,15.819994926452637,-20.244895935058594,0.0,0.3333333432674408,0.2857142984867096,1.0]",,,,,,,,,,,,,,,,,,19.19142937440141,1.5,0,2,True,"{""mid"":3,""t0"":723.7603553405028,""t1"":743.086610978437,""jid"":8,""oid"":3}",781.5294515301348,False,,False,0.0,,,,,,0.0
727.1654793814082,maintenance,DQN,45,8,1,"[0.9613271355628967,-0.03867283836007118,22.27214813232422,0.0,0.12368805706501007,18.130290985107422,19.191429138183594,1.5,0.0001816455478547141,4.947522163391113,119.912841796875,0.9613271355628967,0.009999999776482582,17.12932777404785,0.0022580523509532213,0.011591116897761822,0.0015780794201418757]",2,CM,20.0,0.9528446104336398,0.0,0.0,0.0,0,0.0,0.00019772293076766417,0.0,0.0,0.0,0.00019772293076766417,0.0,0.0,22.84474726021449,18.062605108405744,2.0,,,,,,,0.0,False,0.0,726.3975813320358,841.3629009633364,False,0.00019772293076766417,2.0,0.0
729.6125222287785,maintenance,DQN,46,5,5,"[0.9154602289199829,-0.08453978598117828,9.645874977111816,0.0,0.0,21.331464767456055,18.062604904174805,2.0,0.00028732704231515527,0.0,119.8621597290039,0.9154602289199829,0.009999999776482582,34.1063117980957,0.00193594244774431,0.011591116897761822,0.0015780794201418757]",2,CM,20.0,0.915460214847602,-0.08453978515239802,9.645875174364233,0.0,0,0.0,0.0002873270290727654,0.0,0.0,0.0,0.0002873270290727654,0.0,0.0,34.106310087362544,18.062605108405744,2.0,,,,,,,0.0,False,0.0,729.6125222287785,849.4746844790185,False,0.0002873270290727654,2.0,0.0
732.3296990024298,scheduling,DQN,,,,"[1.0,7.0,6.0,10.0,18.062604904174805,1.5,18.614286422729492,2.107407569885254,0.0,0.1666666716337204,0.1428571492433548,1.0]",,,,,,,,,,,,,,,,,,18.062605108405744,1.5,2,0,True,"{""mid"":0,""t0"":732.3296990024298,""t1"":750.043159317311,""jid"":17,""oid"":0}",837.6437822301227,False,,False,0.0,,,,,,0.0
736.2449241502567,scheduling,DQN,,,,"[1.0,7.0,5.0,10.0,18.062604904174805,1.5,14.69906234741211,-1.8078176975250244,0.0,0.3333333432674408,0.1428571492433548,1.0]",,,,,,,,,,,,,,,,,,18.062605108405744,1.5,0,0,True,"{""mid"":4,""t0"":736.2449241502567,""t1"":766.3418973993416,""jid"":13,""oid"":2}",771.4958896435253,False,,False,0.0,,,,,,0.0
738.5687167537245,scheduling,DQN,,,,"[1.0,7.0,4.0,10.0,18.062604904174805,1.5,12.375269889831543,-4.13161039352417,0.0,0.5,0.1428571492433548,1.0]",,,,,,,,,,,,,,,,,,18.062605108405744,1.5,0,0,True,"{""mid"":2,""t0"":738.5687167537245,""t1"":759.8944982071565,""jid"":15,""oid"":1}",785.0786858371079,False,,False,0.0,,,,,,0.0
743.086610978437,maintenance,DQN,47,9,3,"[0.9608137607574463,-0.0391862653195858,21.96722984313965,0.0,0.0,5.983636379241943,18.062604904174805,1.0,0.00018258040654473007,0.0,119.91239166259766,0.9608137607574463,0.009999999776482582,19.326255798339844,0.002017478458583355,0.011591116897761822,0.0015780794201418757]",2,CM,20.0,0.9608137330698451,-0.03918626693015492,21.967229861526437,0.0,0,0.0,0.00018258040113927542,0.0,0.0,0.0,0.00018258040113927542,0.0,0.0,19.326255637934196,18.062605108405744,1.0,,,,,,,0.0,False,0.0,743.086610978437,862.9990043802796,False,0.00018258040113927542,2.0,0.0
747.1654793814082,scheduling,DQN,,,,"[1.0,6.0,3.0,10.0,18.062604904174805,1.0,1.9047679901123047,-14.655747413635254,0.0,0.5,0.5,1.0]",,,,,,,,,,,,,,,,,,18.062605108405744,1.0,0,2,True,"{""mid"":1,""t0"":747.1654793814082,""t1"":777.2121016039807,""jid"":14,""oid"":1}",770.7485481342092,True,,False,0.0,,,,,,0.0
749.6125222287785,scheduling,DQN,,,,"[1.0,6.0,2.0,10.0,18.062604904174805,1.0,-0.5422748923301697,-17.10279083251953,0.013465391471982002,0.6666666865348816,0.6666666865348816,1.0]",,,,,,,,,,,,,,,,,,18.062605108405744,1.0,0,5,True,"{""mid"":5,""t0"":749.6125222287785,""t1"":775.6521730985665,""jid"":12,""oid"":2}",812.2375534546304,False,,False,0.0,,,,,,0.0
750.043159317311,maintenance,DQN,48,10,0,"[0.9855201840400696,-0.014479802921414375,61.155540466308594,0.0,0.0,1.7899608612060547,18.062604904174805,1.0,0.00014261745673138648,0.0,119.93156433105469,0.9855201840400696,0.009999999776482582,17.71346092224121,0.001996418694034219,0.011591116897761822,0.0015780794201418757]",2,CM,20.0,0.9855201970650405,-0.01447980293495954,61.1555420362159,0.0,0,0.0,0.00014261746268158767,0.0,0.0,0.0,0.00014261746268158767,0.0,0.0,17.713460314881218,18.062605108405744,1.0,,,,,,,0.0,False,0.0,750.043159317311,869.9747224576624,False,0.00014261746268158767,2.0,0.0
759.8944982071565,maintenance,DQN,49,9,2,"[0.9694944620132446,-0.030505536124110222,28.50284194946289,0.037015095353126526,0.0,-1.5087016820907593,19.409873962402344,1.0,0.00016740206046961248,0.0,119.91967010498047,0.9694944620132446,0.009999999776482582,21.325780868530273,0.0020645707845687866,0.011943887919187546,0.0016264162259176373]",2,CM,20.0,0.9694944633627313,-0.030505536637268738,28.50284109739169,0.037015094215962274,0,0.0,0.0001674020674363907,0.0,0.0,0.0,0.0001674020674363907,0.0,0.0,21.325781453432,19.40987486888016,1.0,,,,,,,0.0,False,0.0,759.8944982071565,879.8141721112975,False,0.0001674020674363907,2.0,0.0
763.086610978437,scheduling,DQN,,,,"[1.0,7.0,4.0,10.0,21.36396026611328,1.0,-4.700814247131348,-28.649503707885742,0.11087758839130402,0.5,0.5714285969734192,1.0]",,,,,,,,,,,,,,,,,,21.363960848320264,1.0,1,3,True,"{""mid"":3,""t0"":763.086610978437,""t1"":775.4977828839834,""jid"":15,""oid"":2}",785.0786858371079,False,,False,0.0,,,,,,0.0
766.3418973993416,maintenance,DQN,50,9,4,"[0.9469081163406372,-0.05309188738465309,15.951743125915527,0.12299205362796783,0.0,-5.249568939208984,18.861066818237305,1.0,0.00020981361740268767,0.0,119.89933013916016,0.9469081163406372,0.009999999776482582,30.096973419189453,0.002429537707939744,0.012812148779630661,0.0017454668413847685]",2,CM,20.0,0.9469081141298408,-0.05309188587015923,15.951742912297886,0.12299205486249665,0,0.0,0.0002098136133306713,0.0,0.0,0.0,0.0002098136133306713,0.0,0.0,30.096973249084954,18.861066461515577,1.0,,,,,,,0.0,False,0.0,766.3418973993416,886.2412291140051,False,0.0002098136133306713,2.0,0.0
770.043159317311,scheduling,DQN,,,,"[1.0,6.0,3.0,9.0,18.861066818237305,1.0,-8.950831413269043,-34.399784088134766,0.20050162076950073,0.5,0.5,1.0]",,,,,,,,,,,,,,,,,,18.861066461515577,1.0,0,3,True,"{""mid"":0,""t0"":770.043159317311,""t1"":790.4151871004764,""jid"":18,""oid"":0}",834.6607530241951,False,,False,0.0,,,,,,0.0
775.4977828839834,maintenance,DQN,51,10,3,"[0.9930442571640015,-0.006955728866159916,128.38973999023438,0.30612680315971375,0.0,-14.61864185333252,18.861066818237305,1.0,0.0001322819443885237,0.0,119.9365234375,0.9930442571640015,0.009999999776482582,12.411171913146973,0.0025703294668346643,0.014914123341441154,0.002034159377217293]",2,CM,20.0,0.9930442709812527,-0.006955729018747303,128.38974442136708,0.3061268030233243,0,0.0,0.00013228194047554,0.0,0.0,0.0,0.00013228194047554,0.0,0.0,12.41117190554644,18.861066461515577,1.0,,,,,,,0.0,False,0.0,775.4977828839834,895.434304348164,False,0.00013228194047554,2.0,0.0
775.6521730985665,scheduling,DQN,,,,"[1.0,5.0,3.0,9.0,18.861066818237305,1.0,-11.256072998046875,-35.52898406982422,0.24527499079704285,0.3333333432674408,0.6000000238418579,1.0]",,,,,,,,,,,,,,,,,,18.861066461515577,1.0,0,0,True,"{""mid"":5,""t0"":775.6521730985665,""t1"":802.5675232224495,""jid"":12,""oid"":3}",812.2375534546304,False,,False,0.0,,,,,,0.0
777.2121016039807,scheduling,DQN,,,,"[1.0,5.0,3.0,9.0,18.861066818237305,1.0,-6.806676864624023,-19.060937881469727,0.1564759910106659,0.3333333432674408,0.6000000238418579,1.0]",,,,,,,,,,,,,,,,,,18.861066461515577,1.0,0,0,True,"{""mid"":1,""t0"":777.2121016039807,""t1"":805.4744788590027,""jid"":17,""oid"":1}",837.6437822301227,False,,False,0.0,,,,,,0.0
786.3418973993416,scheduling,DQN,,,,"[2.0,5.0,2.0,9.0,18.861066818237305,1.0,-15.93647289276123,-28.19073486328125,0.3286145031452179,0.5,1.0,1.0]",,,,,,,,,,,,,,,,,,18.861066461515577,1.0,0,5,True,"{""mid"":4,""t0"":786.3418973993416,""t1"":796.1538950499423,""jid"":14,""oid"":2}",770.7485481342092,True,,False,0.0,,,,,,0.0
787.1390618556563,scheduling,DQN,,,,"[1.0,6.0,2.0,10.0,20.230880737304688,1.0,-0.9428285956382751,-27.679977416992188,0.023295095190405846,0.6666666865348816,0.8333333134651184,1.0]",,,,,,,,,,,,,,,,,,20.230881415143244,1.0,1,0,True,"{""mid"":2,""t0"":787.1390618556563,""t1"":817.7092152642115,""jid"":19,""oid"":0}",1021.1727043327045,False,,False,0.0,,,,,,0.0
790.4151871004764,scheduling,DQN,,,,"[1.0,6.0,2.0,10.0,20.230880737304688,1.0,0.6423347592353821,-30.95610237121582,0.0,0.6666666865348816,0.6666666865348816,1.0]",,,,,,,,,,,,,,,,,,20.230881415143244,1.0,1,2,True,"{""mid"":0,""t0"":790.4151871004764,""t1"":809.4622207530666,""jid"":16,""oid"":0}",885.7978896589702,False,,False,0.0,,,,,,0.0
796.1538950499423,maintenance,DQN,52,10,4,"[0.9692915678024292,-0.03070841357111931,28.30792999267578,0.0,0.0,2.5312352180480957,20.230880737304688,1.0,0.0001677419786574319,0.0,119.91950988769531,0.9692915678024292,0.009999999776482582,9.811997413635254,0.0022167374845594168,0.011591116897761822,0.0015780794201418757]",2,CM,20.0,0.9692915866482237,-0.03070841335177632,28.30792905807814,0.0,0,0.0,0.00016774197496235014,0.0,0.0,0.0,0.00016774197496235014,0.0,0.0,9.811997650600688,20.230881415143244,1.0,,,,,,,0.0,False,0.0,796.1538950499423,916.0734059077954,False,0.00016774197496235014,2.0,0.0
802.5675232224495,maintenance,DQN,53,6,5,"[0.9099757671356201,-0.09002421051263809,8.997310638427734,0.24527499079704285,0.08044570684432983,-11.256072998046875,18.861066818237305,1.0,0.0003035204717889428,3.2178282737731934,119.85440063476562,0.9099757671356201,0.009999999776482582,26.039649963378906,0.0023901942186057568,0.014174839481711388,0.0019325453322380781]",2,CM,20.0,0.8351322260814168,0.0,0.0,0.0,0,0.0,0.0006413316768834175,0.0,0.0,0.0,0.0006413316768834175,0.0,0.0,52.95500099367098,20.230881415143244,1.0,,,,,,,0.0,False,0.0,778.8700013913185,895.506571671491,False,0.0006413316768834175,2.0,0.0
805.4744788590027,maintenance,DQN,54,9,1,"[0.8999013304710388,-0.1000986397266388,7.991130828857422,0.1564759910106659,0.04187144711613655,-6.806676864624023,18.861066818237305,1.0,0.0003356809902470559,1.6748578548431396,119.83898162841797,0.8999013304710388,0.009999999776482582,30.046621322631836,0.0026203319430351257,0.013169768266379833,0.0017945352010428905]",2,CM,20.0,0.8260797524069827,0.0,0.0,0.0,0,0.0,0.0007020542870752401,0.0,0.0,0.0,0.0007020542870752401,0.0,0.0,58.30899947759451,20.34692572204291,1.0,,,,,,,0.08938682435491879,False,0.0,778.8869594836661,897.0510828600179,False,0.0007020542870752401,2.0,0.0
805.4744788590027,scheduling,DQN,,,,"[1.0,5.0,3.0,9.0,20.346925735473633,1.0,5.453799724578857,-24.262737274169922,0.0,0.3333333432674408,0.4000000059604645,1.0]",,,,,,,,,,,,,,,,,,20.34692572204291,1.0,0,2,True,"{""mid"":3,""t0"":805.4744788590027,""t1"":815.6857694486828,""jid"":17,""oid"":2}",837.6437822301227,False,,False,0.0,,,,,,0.0
809.4622207530666,maintenance,DQN,55,11,0,"[0.9930134415626526,-0.006986567284911871,127.8186264038086,0.0,0.15189716219902039,0.6423347592353821,20.230880737304688,1.0,0.0001323227334069088,6.075886249542236,119.9365005493164,0.9930134415626526,0.009999999776482582,20.372028350830078,0.0019724727608263493,0.011591116897761822,0.0015780794201418757]",2,CM,20.0,0.9719995795561631,0.0,0.0,0.0,0,0.0,0.00016326121887628108,0.0,0.0,0.0,0.00016326121887628108,0.0,0.0,39.419061435755566,20.34692572204291,1.0,,,,,,,0.15894232676365713,False,0.0,796.4910734789937,910.3516889937764,False,0.00016326121887628108,2.0,0.0
815.6857694486828,scheduling,DQN,,,,"[1.0,4.0,3.0,9.0,20.346925735473633,1.0,-0.27529430389404297,-23.98895263671875,0.006858728360384703,0.1666666716337204,0.75,1.0]",,,,,,,,,,,,,,,,,,20.34692572204291,1.0,0,0,True,"{""mid"":3,""t0"":815.6857694486828,""t1"":835.9143057956373,""jid"":16,""oid"":1}",885.7978896589702,False,,False,0.0,,,,,,0.0
817.6804036900677,scheduling,DQN,,,,"[1.0,5.0,3.0,10.0,21.479639053344727,1.0,4.69846773147583,-25.54769515991211,0.0,0.3333333432674408,0.6000000238418579,1.0]",,,,,,,,,,,,,,,,,,21.479638623417184,1.0,0,2,True,"{""mid"":4,""t0"":817.6804036900677,""t1"":834.7847854536128,""jid"":20,""oid"":0}",915.3965606111815,False,,False,0.0,,,,,,0.0
817.7092152642115,scheduling,DQN,,,,"[1.0,5.0,3.0,10.0,21.479639053344727,1.5,9.83500862121582,-25.576505661010742,0.0,0.3333333432674408,0.6000000238418579,1.0]",,,,,,,,,,,,,,,,,,21.479638623417184,1.5,0,2,True,"{""mid"":2,""t0"":817.7092152642115,""t1"":844.5084925781546,""jid"":12,""oid"":4}",812.2375534546304,True,,False,0.0,,,,,,0.0
829.4622207530666,scheduling,DQN,,,,"[3.0,5.0,2.0,9.0,23.3159236907959,1.0,-1.917996883392334,-37.32951354980469,0.046818479895591736,0.5,0.6000000238418579,1.0]",,,,,,,,,,,,,,,,,,23.315923893223925,1.0,2,5,True,"{""mid"":0,""t0"":829.4622207530666,""t1"":852.768550698741,""jid"":18,""oid"":1}",834.6607530241951,True,,False,0.0,,,,,,0.0
834.7847854536128,maintenance,DQN,56,11,4,"[0.9466874003410339,-0.05331258475780487,15.88156795501709,0.07406430691480637,0.0,-3.078019618988037,23.81495475769043,1.0,0.00021027708135079592,0.0,119.89910888671875,0.9466874003410339,0.009999999776482582,18.630889892578125,0.002334407763555646,0.012309454381465912,0.0016765263862907887]",2,CM,20.0,0.9466874162165739,-0.05331258378342607,15.881567842521148,0.07406430501194394,0,0.0,0.00021027708147147999,0.0,0.0,0.0,0.00021027708147147999,0.0,0.0,18.63089040367049,23.814955676009017,1.0,,,,,,,0.0,False,0.0,834.7847854536128,954.6838948904009,False,0.00021027708147147999,2.0,0.0
834.7847854536128,scheduling,DQN,,,,"[2.0,5.0,2.0,8.0,23.81495475769043,1.0,-3.078019618988037,-42.652076721191406,0.07406430691480637,0.5,0.6000000238418579,1.0]",,,,,,,,,,,,,,,,,,23.814955676009017,1.0,0,2,True,"{""mid"":1,""t0"":834.7847854536128,""t1"":861.6070334758152,""jid"":20,""oid"":1}",915.3965606111815,False,,False,0.0,,,,,,0.0
835.9143057956373,maintenance,DQN,57,11,3,"[0.9875876903533936,-0.012412302196025848,71.50871276855469,0.006858728360384703,0.2108052372932434,-0.27529430389404297,20.346925735473633,1.0,0.0001396995212417096,8.432209014892578,119.9329605102539,0.9875876903533936,0.009999999776482582,20.187986373901367,0.0019569003488868475,0.011655564419925213,0.0015869085909798741]",2,CM,20.0,0.967654699613963,0.0,0.0,0.0170821629695177,0,0.0,0.00017050984507656878,0.0,0.0,0.0,0.00017050984507656878,0.0,0.0,40.41652291165394,23.814955676009017,1.0,,,,,,,0.0,False,0.0,824.1179787511011,935.6187324085121,False,0.00017050984507656878,2.0,0.0
844.5084925781546,maintenance,DQN,58,10,2,"[0.9207350611686707,-0.07926496118307114,10.354323387145996,0.0,0.19134296476840973,9.83500862121582,21.479639053344727,1.5,0.00027256784960627556,7.6537184715271,119.8692398071289,0.9207350611686707,0.009999999776482582,37.81471633911133,0.0020831660367548466,0.011591116897761822,0.0015780794201418757]",2,CM,20.0,0.8886875762818977,0.0,0.0,0.0,0,0.0,0.00037550028280433374,0.0,0.0,0.0,0.00037550028280433374,0.0,0.0,64.61399437099806,23.70021295074126,1.5,,,,,,,0.0,False,0.0,825.3629337068112,937.5784539921965,False,0.00037550028280433374,2.0,0.0
852.768550698741,scheduling,DQN,,,,"[2.0,4.0,3.0,8.0,25.376510620117188,1.5,10.449675559997559,-25.862377166748047,0.0,0.1666666716337204,0.25,1.0]",,,,,,,,,,,,,,,,,,25.376511007388494,1.5,0,4,True,"{""mid"":0,""t0"":852.768550698741,""t1"":888.5081809397132,""jid"":19,""oid"":1}",1021.1727043327045,False,,False,0.0,,,,,,0.0
854.7847854536128,scheduling,DQN,,,,"[2.0,5.0,3.0,9.0,23.806682586669922,2.0,17.010896682739258,-21.5701847076416,0.0,0.3333333432674408,0.20000000298023224,1.0]",,,,,,,,,,,,,,,,,,23.806681686159948,2.0,0,4,True,"{""mid"":4,""t0"":854.7847854536128,""t1"":867.5843181005132,""jid"":22,""oid"":0}",1011.5259149886522,False,,False,0.0,,,,,,0.0
861.6070334758152,maintenance,DQN,59,10,1,"[0.9440502524375916,-0.055949773639440536,15.085855484008789,0.0,0.0,13.901512145996094,23.806682586669922,1.5,0.00021589503739960492,0.0,119.89641571044922,0.9440502524375916,0.009999999776482582,36.13255310058594,0.0023215084802359343,0.011591116897761822,0.0015780794201418757]",2,CM,20.0,0.9440502259121689,-0.05594977408783108,15.08585583539912,0.0,0,0.0,0.00021589504363400675,0.0,0.0,0.0,0.00021589504363400675,0.0,0.0,36.13255461681251,23.806681686159948,1.5,,,,,,,0.0,False,0.0,861.6070334758152,981.5034485882361,False,0.00021589504363400675,2.0,0.0
864.5084925781546,scheduling,DQN,,,,"[3.0,5.0,3.0,8.0,24.32293128967285,1.5,11.000053405761719,-26.580034255981445,0.0,0.3333333432674408,0.20000000298023224,1.0]",,,,,,,,,,,,,,,,,,24.322931507295785,1.5,0,2,True,"{""mid"":2,""t0"":864.5084925781546,""t1"":884.7102007627088,""jid"":20,""oid"":2}",915.3965606111815,False,,False,0.0,,,,,,0.0
867.5843181005132,maintenance,DQN,60,12,4,"[0.9662832021713257,-0.03371680527925491,25.69291877746582,0.0,0.0,13.701643943786621,24.32293128967285,1.5,0.00017286410729866475,0.0,119.91705322265625,0.9662832021713257,0.009999999776482582,12.799532890319824,0.0022100070491433144,0.011591116897761822,0.0015780794201418757]",2,CM,20.0,0.9662831936871845,-0.033716806312815484,25.692919597723506,0.0,0,0.0,0.0001728641009316244,0.0,0.0,0.0,0.0001728641009316244,0.0,0.0,12.799532646900388,24.322931507295785,1.5,,,,,,,0.0,False,0.0,867.5843181005132,987.5013720121729,False,0.0001728641009316244,2.0,0.0
876.2583694958983,scheduling,DQN,,,,"[2.0,6.0,4.0,9.0,24.14044952392578,1.5,15.21702766418457,-30.843019485473633,0.0,0.3333333432674408,0.1666666716337204,1.0]",,,,,,,,,,,,,,,,,,24.140449505684245,1.5,0,2,True,"{""mid"":3,""t0"":876.2583694958983,""t1"":905.7610715859759,""jid"":23,""oid"":0}",1074.750984438193,False,,False,0.0,,,,,,0.0
881.6070334758152,scheduling,DQN,,,,"[2.0,6.0,3.0,9.0,24.14044952392578,1.5,9.868364334106445,-36.191680908203125,0.0,0.5,0.1666666716337204,1.0]",,,,,,,,,,,,,,,,,,24.140449505684245,1.5,1,2,True,"{""mid"":1,""t0"":881.6070334758152,""t1"":892.8013846427305,""jid"":21,""oid"":0}",967.3945937923951,False,,False,0.0,,,,,,0.0
884.7102007627088,maintenance,DQN,61,11,2,"[0.95698082447052,-0.04301915317773819,19.920913696289062,0.0,0.0,7.134378433227539,22.982288360595703,1.5,0.0001897129841381684,0.0,119.90897369384766,0.95698082447052,0.009999999776482582,20.20170783996582,0.002046838402748108,0.011591116897761822,0.0015780794201418757]",2,CM,20.0,0.9569808476230794,-0.043019152376920555,19.920914296834056,0.0,0,0.0,0.00018971298992550014,0.0,0.0,0.0,0.00018971298992550014,0.0,0.0,20.201708184554263,22.982288911142405,1.5,,,,,,,0.0,False,0.0,884.7102007627088,1004.6191730701843,False,0.00018971298992550014,2.0,0.0
887.5843181005132,scheduling,DQN,,,,"[2.0,5.0,2.0,8.0,22.982288360595703,1.0,4.260261058807373,-49.65585708618164,0.0,0.5,0.4000000059604645,1.0]",,,,,,,,,,,,,,,,,,22.982288911142405,1.0,0,2,True,"{""mid"":4,""t0"":887.5843181005132,""t1"":909.0096773298957,""jid"":22,""oid"":1}",1011.5259149886522,False,,False,0.0,,,,,,0.0
888.5081809397132,maintenance,DQN,62,12,0,"[0.992218017578125,-0.007781998720020056,114.65151977539062,0.0,0.3732304871082306,10.449675559997559,25.376510620117188,1.5,0.0001333793334197253,14.929219245910645,119.93599700927734,0.992218017578125,0.009999999776482582,23.30632972717285,0.001974147977307439,0.011591116897761822,0.0015780794201418757]",2,CM,20.0,0.9607943757577692,0.0,0.0,0.0,0,0.0,0.00018261574076347808,0.0,0.0,0.0,0.00018261574076347808,0.0,0.0,59.04596018664654,22.982288911142405,1.5,,,,,,,0.6710607401002885,False,0.0,867.6977702224285,972.7045456967508,False,0.00018261574076347808,2.0,0.0
892.8013846427305,maintenance,DQN,63,11,1,"[0.9605470895767212,-0.03945288807153702,21.8120174407959,0.0,0.0,6.608946800231934,22.982288360595703,1.5,0.0001830677647376433,0.0,119.91216278076172,0.9605470895767212,0.009999999776482582,11.194351196289062,0.002298093866556883,0.011591116897761822,0.0015780794201418757]",2,CM,20.0,0.9605471116899782,-0.039452888310021805,21.812018043591056,0.0,0,0.0,0.00018306775981958182,0.0,0.0,0.0,0.00018306775981958182,0.0,0.0,11.194351166915226,22.982288911142405,1.5,,,,,,,0.0,False,0.0,892.8013846427305,1012.7135442834178,False,0.00018306775981958182,2.0,0.0
904.7102007627088,scheduling,DQN,,,,"[2.0,5.0,3.0,8.0,22.982288360595703,1.0,-5.299869060516357,-59.871742248535156,0.12409420311450958,0.3333333432674408,0.4000000059604645,1.0]",,,,,,,,,,,,,,,,,,22.982288911142405,1.0,0,2,True,"{""mid"":2,""t0"":904.7102007627088,""t1"":934.2598932455377,""jid"":21,""oid"":1}",967.3945937923951,False,,False,0.0,,,,,,0.0
905.7610715859759,maintenance,DQN,64,12,3,"[0.9841482639312744,-0.015851764008402824,55.77601623535156,0.00797466840595007,0.0,-0.32026544213294983,22.982288360595703,1.0,0.00014458732039202005,0.0,119.93061828613281,0.9841482639312744,0.009999999776482582,49.84676742553711,0.001883070101030171,0.011666089296340942,0.0015883506275713444]",2,CM,20.0,0.9841482364191335,-0.015851763580866485,55.77601709164555,0.007974668174454691,0,0.0,0.00014458731715194547,0.0,0.0,0.0,0.00014458731715194547,0.0,0.0,49.84676579033851,22.982288911142405,1.0,,,,,,,0.0,False,0.0,905.7610715859759,1025.691689739147,False,0.00014458731715194547,2.0,0.0
908.5081809397132,scheduling,DQN,,,,"[2.0,5.0,3.0,8.0,22.982288360595703,1.0,-3.0673747062683105,-63.66972351074219,0.07381786406040192,0.3333333432674408,0.4000000059604645,1.0]",,,,,,,,,,,,,,,,,,22.982288911142405,1.0,0,2,True,"{""mid"":0,""t0"":908.5081809397132,""t1"":948.4871754286117,""jid"":16,""oid"":2}",885.7978896589702,True,,False,0.0,,,,,,0.0
909.0096773298957,maintenance,DQN,65,13,4,"[0.9509221911430359,-0.04907781630754471,17.338224411010742,0.0,0.0,0.7162006497383118,22.982288360595703,1.0,0.00020156000391580164,0.0,119.90328979492188,0.9509221911430359,0.009999999776482582,21.42535972595215,0.002205743920058012,0.011591116897761822,0.0015780794201418757]",2,CM,20.0,0.9509221845547979,-0.049077815445202067,17.33822454882689,0.0,0,0.0,0.00020156000570057,0.0,0.0,0.0,0.00020156000570057,0.0,0.0,21.42535922938248,22.982288911142405,1.0,,,,,,,0.0,False,0.0,909.0096773298957,1028.9129675180584,False,0.00020156000570057,2.0,0.0
909.0096773298957,scheduling,DQN,,,,"[1.0,5.0,3.0,8.0,22.982288360595703,1.0,0.7162006497383118,-64.17121887207031,0.0,0.3333333432674408,0.4000000059604645,1.0]",,,,,,,,,,,,,,,,,,22.982288911142405,1.0,0,4,True,"{""mid"":5,""t0"":909.0096773298957,""t1"":913.5808661199372,""jid"":22,""oid"":2}",1011.5259149886522,False,,False,0.0,,,,,,0.0
912.8013846427305,scheduling,DQN,,,,"[1.0,5.0,2.0,8.0,22.982288360595703,1.0,-3.0755066871643066,-67.96292877197266,0.07400613278150558,0.5,0.6000000238418579,1.0]",,,,,,,,,,,,,,,,,,22.982288911142405,1.0,0,2,True,"{""mid"":1,""t0"":912.8013846427305,""t1"":943.8102019980524,""jid"":23,""oid"":1}",1074.750984438193,False,,False,0.0,,,,,,0.0
913.5808661199372,maintenance,DQN,66,7,5,"[0.9792947769165039,-0.02070520631968975,42.46732711791992,0.0,0.0,1.2532131671905518,22.982288360595703,1.0,0.00015177676687017083,0.0,119.92716979980469,0.9792947769165039,0.009999999776482582,91.01334381103516,0.0019541140645742416,0.011591116897761822,0.0015780794201418757]",2,CM,20.0,0.9792947931600341,-0.020705206839965906,42.467327177953564,0.0,0,0.0,0.00015177677229550365,0.0,0.0,0.0,0.00015177677229550365,0.0,0.0,91.01334289748775,22.982288911142405,1.0,,,,,,,0.0,False,0.0,913.5808661199372,1033.5080353795017,False,0.00015177677229550365,2.0,0.0
925.7610715859759,scheduling,DQN,,,,"[1.0,5.0,2.0,6.0,24.06174087524414,1.0,-10.926992416381836,-80.92261505126953,0.23904024064540863,0.5,0.6000000238418579,1.0]",,,,,,,,,,,,,,,,,,24.0617417368813,1.0,0,2,True,"{""mid"":3,""t0"":925.7610715859759,""t1"":969.3382552332,""jid"":22,""oid"":3}",1011.5259149886522,False,,False,0.0,,,,,,0.0
929.0096773298957,scheduling,DQN,,,,"[1.0,5.0,1.0,6.0,24.06174087524414,1.0,-14.17559814453125,-84.17121887207031,0.2983986735343933,0.6666666865348816,0.6000000238418579,1.0]",,,,,,,,,,,,,,,,,,24.0617417368813,1.0,0,2,True,"{""mid"":4,""t0"":929.0096773298957,""t1"":949.2743117582355,""jid"":19,""oid"":2}",1021.1727043327045,False,,False,0.0,,,,,,0.0
934.2598932455377,scheduling,DQN,,,,"[2.0,5.0,1.0,6.0,24.06174087524414,1.0,-15.121256828308105,-84.85903930664062,0.3147910237312317,0.6666666865348816,0.6000000238418579,1.0]",,,,,,,,,,,,,,,,,,24.0617417368813,1.0,0,4,True,"{""mid"":2,""t0"":934.2598932455377,""t1"":972.0347108202402,""jid"":21,""oid"":2}",967.3945937923951,True,,False,0.0,,,,,,0.0
943.8102019980524,maintenance,DQN,67,12,1,"[0.874971866607666,-0.1250281184911728,6.198380470275879,0.32989704608917236,0.0,-16.012956619262695,24.06174087524414,1.0,0.00043067813385277987,0.0,119.79344940185547,0.874971866607666,0.009999999776482582,31.008817672729492,0.0031031586695462465,0.015214730054140091,0.002075502183288336]",2,CM,20.0,0.8749718764582058,-0.12502812354179416,6.1983804483728795,0.3298970448234777,0,0.0,0.0004306781340967833,0.0,0.0,0.0,0.0004306781340967833,0.0,0.0,31.00881735532198,24.0617417368813,1.0,,,,,,,0.0,False,0.0,943.8102019980524,1063.6036544557878,False,0.0004306781340967833,2.0,0.0
948.4871754286117,scheduling,DQN,,,,"[2.0,5.0,2.0,6.0,24.06174087524414,1.0,-12.694130897521973,-75.09892272949219,0.27192649245262146,0.5,0.6000000238418579,1.0]",,,,,,,,,,,,,,,,,,24.0617417368813,1.0,0,2,True,"{""mid"":5,""t0"":948.4871754286117,""t1"":958.0372648089542,""jid"":16,""oid"":3}",885.7978896589702,True,,False,0.0,,,,,,0.0
949.2743117582355,scheduling,DQN,,,,"[2.0,5.0,2.0,6.0,24.06174087524414,1.0,-9.428340911865234,-71.83934020996094,0.20998908579349518,0.5,0.6000000238418579,1.0]",,,,,,,,,,,,,,,,,,24.0617417368813,1.0,0,2,True,"{""mid"":4,""t0"":949.2743117582355,""t1"":953.4453591038822,""jid"":19,""oid"":3}",1021.1727043327045,False,,False,0.0,,,,,,0.0
953.4453591038822,scheduling,DQN,,,,"[2.0,5.0,2.0,6.0,24.06174087524414,1.0,-8.464961051940918,-76.01039123535156,0.19073110818862915,0.5,0.4000000059604645,1.0]",,,,,,,,,,,,,,,,,,24.0617417368813,1.0,0,2,True,"{""mid"":0,""t0"":953.4453591038822,""t1"":1017.1504910748992,""jid"":19,""oid"":4}",1021.1727043327045,False,,False,0.0,,,,,,0.0
958.0372648089542,scheduling,DQN,,,,"[2.0,5.0,2.0,5.0,22.279827117919922,1.0,-9.416382789611816,-69.68083953857422,0.2097528725862503,0.5,0.6000000238418579,1.0]",,,,,,,,,,,,,,,,,,22.27982691006048,1.0,0,2,True,"{""mid"":5,""t0"":958.0372648089542,""t1"":982.5759459104244,""jid"":16,""oid"":4}",885.7978896589702,True,,False,0.0,,,,,,0.0
963.8102019980524,scheduling,DQN,,,,"[2.0,5.0,1.0,5.0,22.279827117919922,1.0,-15.189319610595703,-75.45378112792969,0.3159559667110443,0.6666666865348816,0.6000000238418579,1.0]",,,,,,,,,,,,,,,,,,22.27982691006048,1.0,0,4,True,"{""mid"":1,""t0"":963.8102019980524,""t1"":995.7442614189222,""jid"":23,""oid"":2}",1074.750984438193,False,,False,0.0,,,,,,0.0
969.3382552332,maintenance,DQN,68,13,3,"[0.9465999603271484,-0.05340006574988365,15.853912353515625,0.516303300857544,0.0,-29.051889419555664,22.279827117919922,1.0,0.0002104610757669434,0.0,119.8990249633789,0.9465999603271484,0.009999999776482582,43.57718276977539,0.0030129433143883944,0.01782452128827572,0.002435026690363884]",2,CM,20.0,0.9465999349847699,-0.05340006501523009,15.853912064401296,0.5163033017255885,0,0.0,0.0002104610762063064,0.0,0.0,0.0,0.0002104610762063064,0.0,0.0,43.57718364722416,22.27982691006048,1.0,,,,,,,0.0,False,0.0,969.3382552332,1089.2372764268011,False,0.0002104610762063064,2.0,0.0
972.0347108202402,maintenance,DQN,69,12,2,"[0.9257821440696716,-0.07421786338090897,11.126461029052734,0.3147910237312317,0.10510250926017761,-15.121256828308105,24.06174087524414,1.0,0.0002591559605207294,4.204100131988525,119.87567138671875,0.9257821440696716,0.009999999776482582,29.549692153930664,0.002756053116172552,0.015022906474769115,0.0020491189789026976]",2,CM,20.0,0.8278990875070317,0.0,0.0,0.46897660194710655,0,0.0,0.0006894057808368984,0.0,0.0,0.0,0.0006894057808368984,0.0,0.0,67.32451005753137,22.27982691006048,1.0,,,,,,,0.20554676138879416,False,0.0,938.4639935894853,1054.135562842433,False,0.0006894057808368984,2.0,0.0
973.1575042150484,scheduling,DQN,,,,"[1.0,5.0,2.0,6.0,37.20368957519531,1.0,-9.128246307373047,-74.51248168945312,0.20403984189033508,0.5,0.6000000238418579,1.0]",,,,,,,,,,,,,,,,,,37.20368847187842,1.0,0,2,True,"{""mid"":4,""t0"":973.1575042150484,""t1"":982.6319568056427,""jid"":24,""oid"":0}",1153.5229492492178,False,,False,0.0,,,,,,0.0
982.5759459104244,scheduling,DQN,,,,"[1.0,4.0,1.0,6.0,37.20368957519531,1.5,5.920049667358398,-32.177303314208984,0.0,0.5,0.5,1.0]",,,,,,,,,,,,,,,,,,37.20368847187842,1.5,0,2,True,"{""mid"":5,""t0"":982.5759459104244,""t1"":1015.8136973055545,""jid"":21,""oid"":3}",967.3945937923951,True,,False,0.0,,,,,,0.0
982.6319568056427,maintenance,DQN,70,14,4,"[0.9580586552619934,-0.041941314935684204,20.458553314208984,0.20998908579349518,0.1456572711467743,-9.428340911865234,24.06174087524414,1.0,0.00018767955771181732,5.826290607452393,119.90995025634766,0.9580586552619934,0.009999999776482582,20.26463508605957,0.0026365360245108604,0.013765311799943447,0.0018762927502393723]",2,CM,20.0,0.9190679562644871,0.0,0.0,0.0,0,0.0,0.0002771485955307706,0.0,0.0,0.0,0.0002771485955307706,0.0,0.0,53.622279475747064,37.20368847187842,1.5,,,,,,,0.0,False,0.0,955.1006025113701,1069.184259376848,False,0.0002771485955307706,2.0,0.0
995.7442614189222,maintenance,DQN,71,13,1,"[0.9147378206253052,-0.08526217192411423,9.555678367614746,0.0,0.0,3.323227643966675,38.8692741394043,1.0,0.0002894095377996564,0.0,119.86116027832031,0.9147378206253052,0.009999999776482582,31.934059143066406,0.0023606619797647,0.011591116897761822,0.0015780794201418757]",2,CM,20.0,0.9147378314529054,-0.08526216854709456,9.555678037943464,0.0,0,0.0,0.00028940954393467835,0.0,0.0,0.0,0.00028940954393467835,0.0,0.0,31.934059420869744,38.86927513124519,1.0,,,,,,,0.0,False,0.0,995.7442614189222,1115.6054252143836,False,0.00028940954393467835,2.0,0.0
995.7442614189222,scheduling,DQN,,,,"[2.0,4.0,2.0,5.0,38.8692741394043,1.0,3.323227643966675,-45.345619201660156,0.0,0.3333333432674408,0.5,1.0]",,,,,,,,,,,,,,,,,,38.86927513124519,1.0,0,2,True,"{""mid"":2,""t0"":995.7442614189222,""t1"":1027.3071095974437,""jid"":23,""oid"":3}",1074.750984438193,False,,False,0.0,,,,,,0.0
1002.6319568056427,scheduling,DQN,,,,"[2.0,4.0,1.0,5.0,38.8692741394043,1.0,-3.5644679069519043,-52.233314514160156,0.08525660634040833,0.5,0.5,1.0]",,,,,,,,,,,,,,,,,,38.86927513124519,1.0,0,2,True,"{""mid"":4,""t0"":1002.6319568056427,""t1"":1015.5112151755267,""jid"":24,""oid"":1}",1153.5229492492178,False,,False,0.0,,,,,,0.0
1015.5112151755267,maintenance,DQN,72,15,4,"[0.973649263381958,-0.02635076269507408,33.15460968017578,0.0846068263053894,0.0,-3.536064386367798,37.23822784423828,1.0,0.0001605904835741967,0.0,119.92294311523438,0.973649263381958,0.009999999776482582,12.879258155822754,0.002377572935074568,0.012415824458003044,0.001691110897809267]",2,CM,20.0,0.9736492374163961,-0.026350762583603915,33.15460926963844,0.08460682704143763,0,0.0,0.00016059048937331832,0.0,0.0,0.0,0.00016059048937331832,0.0,0.0,12.879258369883928,37.238228191884424,1.0,,,,,,,0.0,False,0.0,1015.5112151755267,1135.4341564930603,False,0.00016059048937331832,2.0,0.0
1015.8136973055545,maintenance,DQN,73,8,5,"[0.9717578887939453,-0.028242111206054688,30.867305755615234,0.2097528725862503,0.7656246423721313,-9.416382789611816,22.279827117919922,1.0,0.0001636562228668481,30.624984741210938,119.92147064208984,0.9717578887939453,0.009999999776482582,24.456398010253906,0.0023241653107106686,0.01376261655241251,0.0018759225495159626]",2,CM,20.0,0.7970798523077524,0.0,0.0,0.0,0,0.0,0.0009380221591078521,0.0,0.0,0.0,0.0009380221591078521,0.0,0.0,82.23283118561721,37.238228191884424,1.5,,,,,,,0.0,False,0.0,988.6622500064583,1077.9587355298954,False,0.0009380221591078521,2.0,0.0
1017.1504910748992,maintenance,DQN,74,13,0,"[0.961255669593811,-0.03874434158205986,22.229196548461914,0.27192649245262146,0.837727427482605,-12.694130897521973,24.06174087524414,1.0,0.00018177546735387295,33.509098052978516,119.91278076171875,0.961255669593811,0.009999999776482582,39.97899627685547,0.0024935074616223574,0.014493371360003948,0.0019763170275837183]",2,CM,20.0,0.9110632223438073,0.0,0.0,0.0,0,0.0,0.0003002387677728267,0.0,0.0,0.0,0.0003002387677728267,0.0,0.0,108.642310135186,37.238228191884424,2.0,,,,,,,0.0,False,0.0,981.99627169929,1068.3999549198224,False,0.0003002387677728267,2.0,0.0
1027.3071095974437,maintenance,DQN,75,13,2,"[0.9501668810844421,-0.04983310028910637,17.060285568237305,0.0,0.0,26.12591552734375,40.82353210449219,2.0,0.00020308780949562788,0.0,119.90255737304688,0.9501668810844421,0.009999999776482582,35.27239990234375,0.0021557887084782124,0.011591116897761822,0.0015780794201418757]",2,CM,20.0,0.9501668995538303,-0.04983310044616973,17.060285070405964,0.0,0,0.0,0.000203087811401122,0.0,0.0,0.0,0.000203087811401122,0.0,0.0,35.272398777203534,40.82353177138879,2.0,,,,,,,0.0,False,0.0,1027.3071095974437,1147.2096670321246,False,0.000203087811401122,2.0,0.0
1035.5112151755266,scheduling,DQN,,,,"[3.0,2.0,2.0,5.0,40.82353210449219,1.5,17.921810150146484,16.830419540405273,0.0,0.0,0.0,0.0]",,,,,,,,,,,,,,,,,,40.82353177138879,1.5,0,3,True,"{""mid"":4,""t0"":1035.5112151755266,""t1"":1066.9087555790911,""jid"":25,""oid"":0}",1148.463269983674,False,,False,0.0,,,,,,0.0
1035.8136973055543,scheduling,DQN,,,,"[3.0,2.0,1.0,5.0,40.82353210449219,1.5,17.619327545166016,16.527936935424805,0.0,0.1666666716337204,0.0,0.0]",,,,,,,,,,,,,,,,,,40.82353177138879,1.5,0,4,True,"{""mid"":5,""t0"":1035.8136973055543,""t1"":1069.534105235537,""jid"":24,""oid"":2}",1153.5229492492178,False,,False,0.0,,,,,,0.0
1066.9087555790911,scheduling,DQN,,,,"[5.0,2.0,1.0,3.0,63.80658721923828,1.0,-6.086556911468506,-10.90650463104248,0.1411525160074234,0.1666666716337204,1.0,0.0]",,,,,,,,,,,,,,,,,,63.80658757679578,1.0,1,0,True,"{""mid"":0,""t0"":1066.9087555790911,""t1"":1123.2780782383406,""jid"":25,""oid"":1}",1148.463269983674,False,,False,0.0,,,,,,0.0
1069.534105235537,maintenance,DQN,76,9,5,"[0.904762864112854,-0.09523715823888779,8.450093269348145,0.0,0.0,2.2211010456085205,63.80658721923828,1.0,0.0003197573241777718,0.0,119.84661102294922,0.904762864112854,0.009999999776482582,33.72040939331055,0.001966136274859309,0.011591116897761822,0.0015780794201418757]",2,CM,20.0,0.9047628417443421,-0.09523715825565793,8.45009297299704,0.0,0,0.0,0.0003197573196757418,0.0,0.0,0.0,0.0003197573196757418,0.0,0.0,33.720407929982684,63.80658757679578,1.0,,,,,,,0.0,False,0.0,1069.534105235537,1189.3807198352122,False,0.0003197573196757418,2.0,0.0
1069.534105235537,scheduling,DQN,,,,"[4.0,2.0,1.0,3.0,63.80658721923828,1.0,2.2211010456085205,-1.7053570747375488,0.0,0.1666666716337204,0.5,0.0]",,,,,,,,,,,,,,,,,,63.80658757679578,1.0,3,2,True,"{""mid"":2,""t0"":1069.534105235537,""t1"":1081.7008387871485,""jid"":24,""oid"":3}",1153.5229492492178,False,,False,0.0,,,,,,0.0
1079.0392414292069,scheduling,DQN,,,,"[3.0,3.0,1.0,3.0,52.94086837768555,1.0,2.2298686504364014,-10.22887897491455,0.0,0.3333333432674408,0.6666666865348816,0.0]",,,,,,,,,,,,,,,,,,52.94086860707921,1.0,0,2,True,"{""mid"":3,""t0"":1079.0392414292069,""t1"":1099.8501055115455,""jid"":26,""oid"":0}",1142.812270289394,False,,False,0.0,,,,,,0.0
1081.7008387871485,maintenance,DQN,77,14,2,"[0.9927049875259399,-0.007295005023479462,122.37208557128906,0.0,0.0,12.049535751342773,52.94086837768555,1.5,0.00013273143849801272,0.0,119.9363021850586,0.9927049875259399,0.009999999776482582,34.39373016357422,0.0021293009631335735,0.011591116897761822,0.0015780794201418757]",2,CM,20.0,0.992704994930274,-0.007295005069726024,122.3720869824976,0.0,0,0.0,0.00013273144394698017,0.0,0.0,0.0,0.00013273144394698017,0.0,0.0,34.3937291897048,52.94086860707921,1.5,,,,,,,0.0,False,0.0,1081.7008387871485,1201.637144603992,False,0.00013273144394698017,2.0,0.0
1081.7008387871485,scheduling,DQN,,,,"[2.0,3.0,1.0,3.0,52.94086837768555,1.5,12.049535751342773,-8.163748741149902,0.0,0.3333333432674408,0.3333333432674408,0.0]",,,,,,,,,,,,,,,,,,52.94086860707921,1.5,0,2,True,"{""mid"":4,""t0"":1081.7008387871485,""t1"":1111.423504080101,""jid"":24,""oid"":4}",1153.5229492492178,False,,False,0.0,,,,,,0.0
1096.344622363724,scheduling,DQN,,,,"[2.0,4.0,1.0,4.0,41.062374114990234,1.5,17.726341247558594,-19.462553024291992,0.0,0.5,0.25,0.0]",,,,,,,,,,,,,,,,,,41.062372716225205,1.5,0,2,True,"{""mid"":5,""t0"":1096.344622363724,""t1"":1128.766805420479,""jid"":27,""oid"":0}",1332.4089483768878,False,,False,0.0,,,,,,0.0
1099.8501055115455,maintenance,DQN,78,14,3,"[0.9704201817512512,-0.02957981452345848,29.42615509033203,0.0,0.0,19.302467346191406,41.062374114990234,1.5,0.00016585979028604925,0.0,119.92041015625,0.9704201817512512,0.009999999776482582,110.51184844970703,0.0020318811293691397,0.011591116897761822,0.0015780794201418757]",2,CM,20.0,0.9704201859080039,-0.02957981409199606,29.426154714864456,0.0,0,0.0,0.00016585979538022633,0.0,0.0,0.0,0.00016585979538022633,0.0,0.0,110.51185027834549,41.062372716225205,1.5,,,,,,,0.0,False,0.0,1099.8501055115455,1219.7705192130165,False,0.00016585979538022633,2.0,0.0
1110.7761219301378,scheduling,DQN,,,,"[2.0,5.0,2.0,5.0,34.40465545654297,1.5,12.064126968383789,-25.025012969970703,0.0,0.5,0.20000000298023224,1.0]",,,,,,,,,,,,,,,,,,34.404654428772346,1.5,0,2,True,"{""mid"":1,""t0"":1110.7761219301378,""t1"":1117.152250556669,""jid"":28,""oid"":0}",1191.220618117002,False,,False,0.0,,,,,,0.0
1111.423504080101,maintenance,DQN,79,16,4,"[0.9279569387435913,-0.07204309105873108,11.492523193359375,0.1411525160074234,0.0005135161918587983,-6.086556911468506,63.80658721923828,1.0,0.00025358214043080807,0.020540649071335793,119.87834167480469,0.9279569387435913,0.009999999776482582,31.397541046142578,0.0024931817315518856,0.013004706241190434,0.001771884853951633]",2,CM,20.0,0.8689608152007865,0.0,0.0,0.0,0,0.0,0.00045734816652042847,0.0,0.0,0.0,0.00045734816652042847,0.0,0.0,75.91228890457455,34.404654428772346,1.5,,,,,,,0.0,False,0.0,1066.9292962272498,1186.7870978561823,False,0.00045734816652042847,2.0,0.0
1117.152250556669,maintenance,DQN,80,14,1,"[1.0,0.0,100.0,0.0,0.0,13.590033531188965,28.765363693237305,1.5,0.00012339458044152707,0.0,119.94078826904297,1.0,0.009999999776482582,101.40798950195312,0.0023630785290151834,0.011591116897761822,0.0015780794201418757]",2,CM,20.0,1.0,0.0,100.0,0.0,0,0.0,0.00012339457598623172,0.0,0.0,0.0,0.00012339457598623172,0.0,0.0,101.40798913774688,28.765363733767163,1.5,,,,,,,0.0,False,0.0,1117.152250556669,1237.0930357749635,False,0.00012339457598623172,2.0,0.0
1119.8501055115455,scheduling,DQN,,,,"[2.0,6.0,4.0,7.0,24.142717361450195,1.5,13.08867073059082,-26.1148624420166,0.0,0.3333333432674408,0.1666666716337204,1.0]",,,,,,,,,,,,,,,,,,24.142717642332475,1.5,0,2,True,"{""mid"":3,""t0"":1119.8501055115455,""t1"":1142.7558220692838,""jid"":30,""oid"":0}",1195.7360894870303,False,,False,0.0,,,,,,0.0
1123.2780782383406,scheduling,DQN,,,,"[2.0,6.0,4.0,7.0,24.142717361450195,1.5,15.984917640686035,-10.57017707824707,0.0,0.3333333432674408,0.3333333432674408,1.0]",,,,,,,,,,,,,,,,,,24.142717642332475,1.5,0,0,True,"{""mid"":0,""t0"":1123.2780782383406,""t1"":1145.4669956858415,""jid"":26,""oid"":1}",1142.812270289394,True,,False,0.0,,,,,,0.0
1128.766805420479,scheduling,DQN,,,,"[2.0,6.0,4.0,7.0,24.142717361450195,1.5,18.315351486206055,-16.05890464782715,0.0,0.3333333432674408,0.3333333432674408,1.0]",,,,,,,,,,,,,,,,,,24.142717642332475,1.5,0,0,True,"{""mid"":5,""t0"":1128.766805420479,""t1"":1147.2475111391868,""jid"":25,""oid"":2}",1148.463269983674,False,,False,0.0,,,,,,0.0
1128.766805420479,scheduling,DQN,,,,"[1.0,6.0,3.0,7.0,24.142717361450195,1.5,18.315351486206055,-16.05890464782715,0.0,0.5,0.3333333432674408,1.0]",,,,,,,,,,,,,,,,,,24.142717642332475,1.5,0,2,True,"{""mid"":2,""t0"":1128.766805420479,""t1"":1140.7606513894527,""jid"":27,""oid"":1}",1332.4089483768878,False,,False,0.0,,,,,,0.0
1131.423504080101,scheduling,DQN,,,,"[1.0,6.0,2.0,7.0,24.142717361450195,1.5,15.658652305603027,-18.71560287475586,0.0,0.6666666865348816,0.3333333432674408,1.0]",,,,,,,,,,,,,,,,,,24.142717642332475,1.5,0,0,True,"{""mid"":4,""t0"":1131.423504080101,""t1"":1142.9394884598635,""jid"":28,""oid"":1}",1191.220618117002,False,,False,0.0,,,,,,0.0
1137.152250556669,scheduling,DQN,,,,"[1.0,7.0,2.0,8.0,22.825620651245117,1.5,16.178485870361328,-22.86125946044922,0.0,0.8333333134651184,0.4285714328289032,1.0]",,,,,,,,,,,,,,,,,,22.825619989587786,1.5,0,0,True,"{""mid"":1,""t0"":1137.152250556669,""t1"":1165.4155283714274,""jid"":31,""oid"":0}",1306.5929759791366,False,,False,0.0,,,,,,0.0
1140.7606513894527,maintenance,DQN,81,15,2,"[0.9762197136878967,-0.023780284449458122,36.84647750854492,0.0,0.0,16.810291290283203,22.825620651245117,1.5,0.00015651578723918647,0.0,119.92489624023438,0.9762197136878967,0.009999999776482582,39.059814453125,0.0021190322004258633,0.011591116897761822,0.0015780794201418757]",2,CM,20.0,0.9762197159397255,-0.023780284060274548,36.84647810424891,0.0,0,0.0,0.00015651578547235665,0.0,0.0,0.0,0.00015651578547235665,0.0,0.0,39.05981260230419,22.825619989587786,1.5,,,,,,,0.0,False,0.0,1140.7606513894527,1260.6855473248224,False,0.00015651578547235665,2.0,0.0
1142.7558220692838,maintenance,DQN,82,15,3,"[0.9823212027549744,-0.017678802832961082,49.908424377441406,0.0,0.0,18.087366104125977,22.825620651245117,1.5,0.00014725286746397614,0.0,119.92933654785156,0.9823212027549744,0.009999999776482582,22.905715942382812,0.0020077815279364586,0.011591116897761822,0.0015780794201418757]",2,CM,20.0,0.9823211974209377,-0.01767880257906229,49.90842527230355,0.0,0,0.0,0.00014725287103624758,0.0,0.0,0.0,0.00014725287103624758,0.0,0.0,22.905716557738288,22.825619989587786,1.5,,,,,,,0.0,False,0.0,1142.7558220692838,1262.6851615031717,False,0.00014725287103624758,2.0,0.0
1142.9394884598635,maintenance,DQN,83,17,4,"[0.964729905128479,-0.03527010604739189,24.517358779907227,0.0,0.0,21.704692840576172,22.825620651245117,2.0,0.00017556968668941408,0.0,119.91575622558594,0.964729905128479,0.009999999776482582,11.515984535217285,0.0022244774736464024,0.011591116897761822,0.0015780794201418757]",2,CM,20.0,0.9647298924220024,-0.035270107577997645,24.517359084026214,0.0,0,0.0,0.00017556968833905772,0.0,0.0,0.0,0.00017556968833905772,0.0,0.0,11.515984379762358,22.825619989587786,2.0,,,,,,,0.0,False,0.0,1142.9394884598635,1262.8552445942616,False,0.00017556968833905772,2.0,0.0
1145.4669956858415,maintenance,DQN,84,14,0,"[0.9601030945777893,-0.039896927773952484,21.558128356933594,0.0,0.022122710943222046,15.984917640686035,24.142717361450195,1.5,0.00018388230819255114,0.8849084377288818,119.9117660522461,0.9601030945777893,0.009999999776482582,86.1275863647461,0.001987788127735257,0.011591116897761822,0.0015780794201418757]",2,CM,20.0,0.9535860752906137,0.0,0.0,0.0,0,0.0,0.00019626259308759794,0.0,0.0,0.0,0.00019626259308759794,0.0,0.0,108.3165046109425,22.825619989587786,2.0,,,,,,,0.0,False,0.0,1124.1629867038232,1243.1898471829763,False,0.00019626259308759794,2.0,0.0
1147.2475111391868,maintenance,DQN,85,10,5,"[0.9196591973304749,-0.08034081757068634,10.202276229858398,0.0,0.19978629052639008,18.315351486206055,24.142717361450195,1.5,0.0002755153109319508,7.991451740264893,119.86782836914062,0.9196591973304749,0.009999999776482582,39.23270034790039,0.00196817796677351,0.011591116897761822,0.0015780794201418757]",2,CM,20.0,0.8850152643643824,0.0,0.0,0.0,0,0.0,0.0003895406785595827,0.0,0.0,0.0,0.0003895406785595827,0.0,0.0,57.7134059036498,22.825619989587786,2.0,,,,,,,0.10515364585400183,False,0.0,1136.75825728962,1248.634630920515,False,0.0003895406785595827,2.0,0.0
1160.7606513894527,scheduling,DQN,,,,"[1.0,6.0,5.0,8.0,22.825620651245117,1.5,13.176536560058594,-35.1812858581543,0.0,0.1666666716337204,0.3333333432674408,1.0]",,,,,,,,,,,,,,,,,,22.825619989587786,1.5,0,2,True,"{""mid"":2,""t0"":1160.7606513894527,""t1"":1196.9247097809848,""jid"":27,""oid"":2}",1332.4089483768878,False,,False,0.0,,,,,,0.0
1162.7558220692838,scheduling,DQN,,,,"[1.0,6.0,4.0,8.0,22.825620651245117,1.5,11.181365966796875,-37.17646026611328,0.0,0.3333333432674408,0.3333333432674408,1.0]",,,,,,,,,,,,,,,,,,22.825619989587786,1.5,0,4,True,"{""mid"":3,""t0"":1162.7558220692838,""t1"":1191.1451721873618,""jid"":30,""oid"":1}",1195.7360894870303,False,,False,0.0,,,,,,0.0
1162.9394884598635,scheduling,DQN,,,,"[1.0,6.0,3.0,8.0,22.825620651245117,1.5,10.997698783874512,-37.36012649536133,0.0,0.5,0.3333333432674408,1.0]",,,,,,,,,,,,,,,,,,22.825619989587786,1.5,0,2,True,"{""mid"":4,""t0"":1162.9394884598635,""t1"":1194.8731047642998,""jid"":25,""oid"":3}",1148.463269983674,True,,False,0.0,,,,,,0.0
1165.4155283714274,maintenance,DQN,86,15,1,"[0.9330292344093323,-0.06697074323892593,12.438704490661621,0.0,0.0,12.759254455566406,22.825620651245117,1.5,0.00024104338081087917,0.0,119.88435363769531,0.9330292344093323,0.009999999776482582,28.263277053833008,0.002356588374823332,0.011591116897761822,0.0015780794201418757]",2,CM,20.0,0.9330292565715632,-0.06697074342843679,12.438704035915578,0.0,0,0.0,0.0002410433806073836,0.0,0.0,0.0,0.0002410433806073836,0.0,0.0,28.26327781475834,22.825619989587786,1.5,,,,,,,0.0,False,0.0,1165.4155283714274,1285.2998833086485,False,0.0002410433806073836,2.0,0.0
1165.4669956858415,scheduling,DQN,,,,"[1.0,6.0,3.0,8.0,22.825620651245117,1.5,12.70778751373291,-39.887630462646484,0.0,0.5,0.3333333432674408,1.0]",,,,,,,,,,,,,,,,,,22.825619989587786,1.5,0,2,True,"{""mid"":0,""t0"":1165.4669956858415,""t1"":1193.353577626874,""jid"":31,""oid"":1}",1306.5929759791366,False,,False,0.0,,,,,,0.0
1167.2475111391868,scheduling,DQN,,,,"[1.0,6.0,2.0,8.0,22.825620651245117,1.5,10.927271842956543,-41.668148040771484,0.0,0.6666666865348816,0.5,1.0]",,,,,,,,,,,,,,,,,,22.825619989587786,1.5,0,4,True,"{""mid"":5,""t0"":1167.2475111391868,""t1"":1185.9744017185387,""jid"":29,""oid"":0}",1169.9185751423515,True,,False,0.0,,,,,,0.0
1185.9744017185387,scheduling,DQN,,,,"[2.0,6.0,2.0,7.0,21.510883331298828,1.0,-4.678470134735107,-51.031593322753906,0.11038078367710114,0.6666666865348816,0.6666666865348816,1.0]",,,,,,,,,,,,,,,,,,21.510883248778857,1.0,0,4,True,"{""mid"":5,""t0"":1185.9744017185387,""t1"":1194.00893548146,""jid"":28,""oid"":2}",1191.220618117002,True,,False,0.0,,,,,,0.0
1191.1451721873618,maintenance,DQN,87,16,3,"[0.9883609414100647,-0.011639069765806198,76.32576751708984,0.1596074104309082,0.0,-6.955444812774658,21.510883331298828,1.0,0.00013862363994121552,0.0,119.93347930908203,0.9883609414100647,0.009999999776482582,28.38935089111328,0.0022333632223308086,0.013203793205320835,0.0017992048524320126]",2,CM,20.0,0.9883609298331788,-0.011639070166821197,76.32576461009543,0.15960740524136763,0,0.0,0.00013862363880816158,0.0,0.0,0.0,0.00013862363880816158,0.0,0.0,28.389350118078028,21.510883248778857,1.0,,,,,,,0.0,False,0.0,1191.1451721873618,1311.0786512851773,False,0.00013862363880816158,2.0,0.0
1193.353577626874,scheduling,DQN,,,,"[2.0,5.0,2.0,7.0,21.510883331298828,1.0,-4.067572116851807,-62.09339904785156,0.09668983519077301,0.5,0.6000000238418579,1.0]",,,,,,,,,,,,,,,,,,21.510883248778857,1.0,0,2,True,"{""mid"":0,""t0"":1193.353577626874,""t1"":1226.7606856028492,""jid"":29,""oid"":1}",1169.9185751423515,True,,False,0.0,,,,,,0.0
1193.353577626874,scheduling,DQN,,,,"[1.0,5.0,1.0,7.0,21.510883331298828,1.0,-4.067572116851807,-62.09339904785156,0.09668983519077301,0.6666666865348816,0.6000000238418579,1.0]",,,,,,,,,,,,,,,,,,21.510883248778857,1.0,0,4,True,"{""mid"":1,""t0"":1193.353577626874,""t1"":1207.8801282188572,""jid"":31,""oid"":2}",1306.5929759791366,False,,False,0.0,,,,,,0.0
1194.00893548146,maintenance,DQN,88,11,5,"[0.9498464465141296,-0.05015353485941887,16.944896697998047,0.11038078367710114,0.023235978558659554,-4.678470134735107,21.510883331298828,1.0,0.00020373948791529983,0.929439127445221,119.9022445678711,0.9498464465141296,0.009999999776482582,18.726890563964844,0.002154028043150902,0.012680355459451675,0.0017273887060582638]",2,CM,20.0,0.907445013058755,0.0,0.0,0.07683633685837943,0,0.0,0.00031129751084120304,0.0,0.0,0.0,0.00031129751084120304,0.0,0.0,26.76142434227313,21.510883248778857,1.0,,,,,,,0.0,False,0.0,1186.9038408400247,1305.8766466041127,False,0.00031129751084120304,2.0,0.0
1194.8731047642998,maintenance,DQN,89,18,4,"[0.9450320601463318,-0.05496792122721672,15.373186111450195,0.0,0.0,20.69832420349121,21.510883331298828,2.0,0.00021378610108513385,0.0,119.89742279052734,0.9450320601463318,0.009999999776482582,31.933616638183594,0.002220321213826537,0.011591116897761822,0.0015780794201418757]",2,CM,20.0,0.945032079354925,-0.05496792064507505,15.373186204572887,0.0,0,0.0,0.0002137860942319769,0.0,0.0,0.0,0.0002137860942319769,0.0,0.0,31.933616304436327,21.510883248778857,2.0,,,,,,,0.0,False,0.0,1194.8731047642998,1314.7705313028787,False,0.0002137860942319769,2.0,0.0
1196.9247097809848,maintenance,DQN,90,16,2,"[0.934413492679596,-0.06558652967214584,12.722330093383789,0.0,0.0,25.050132751464844,21.510883331298828,2.0,0.00023773059365339577,0.0,119.88594055175781,0.934413492679596,0.009999999776482582,36.164058685302734,0.002157769398763776,0.011591116897761822,0.0015780794201418757]",2,CM,20.0,0.9344134716613232,-0.06558652833867684,12.722330222337193,0.0,0,0.0,0.000237730595890622,0.0,0.0,0.0,0.000237730595890622,0.0,0.0,36.16405839153208,21.510883248778857,2.0,,,,,,,0.0,False,0.0,1196.9247097809848,1316.8106533329667,False,0.000237730595890622,2.0,0.0
1207.8801282188572,maintenance,DQN,91,16,1,"[0.9453874230384827,-0.05461258441209793,15.479718208312988,0.0,0.0,18.936899185180664,10.779520988464355,1.5,0.00021302794630173594,0.0,119.89778900146484,0.9453874230384827,0.009999999776482582,22.464599609375,0.0023615602403879166,0.011591116897761822,0.0015780794201418757]",2,CM,20.0,0.9453874145391741,-0.054612585460825924,15.479717860008252,0.0,0,0.0,0.00021302794662866322,0.0,0.0,0.0,0.00021302794662866322,0.0,0.0,22.46459984742978,10.779520542591218,1.5,,,,,,,0.0,False,0.0,1207.8801282188572,1327.7779183577736,False,0.00021302794662866322,2.0,0.0
1214.00893548146,scheduling,DQN,,,,"[2.0,3.0,2.0,6.0,10.779520988464355,1.5,12.808091163635254,-40.07301712036133,0.0,0.1666666716337204,0.3333333432674408,1.0]",,,,,,,,,,,,,,,,,,10.779520542591218,1.5,0,4,True,"{""mid"":5,""t0"":1214.00893548146,""t1"":1222.4555863000885,""jid"":27,""oid"":3}",1332.4089483768878,False,,False,0.0,,,,,,0.0
1216.9247097809848,scheduling,DQN,,,,"[3.0,3.0,1.0,6.0,10.779520988464355,1.5,9.892316818237305,-42.988792419433594,0.0,0.3333333432674408,0.3333333432674408,1.0]",,,,,,,,,,,,,,,,,,10.779520542591218,1.5,1,1,True,"{""mid"":2,""t0"":1216.9247097809848,""t1"":1232.29382380253,""jid"":31,""oid"":3}",1306.5929759791366,False,,False,0.0,,,,,,0.0
1217.4676200664755,scheduling,DQN,,,,"[2.0,4.0,1.0,7.0,23.071395874023438,1.5,15.391033172607422,-34.82338333129883,0.0,0.5,0.25,1.0]",,,,,,,,,,,,,,,,,,23.07139643954478,1.5,0,4,True,"{""mid"":4,""t0"":1217.4676200664755,""t1"":1225.034007931902,""jid"":32,""oid"":0}",1318.0153600259152,False,,False,0.0,,,,,,0.0
1222.4555863000885,maintenance,DQN,92,12,5,"[0.9829112887382507,-0.01708868332207203,51.66643142700195,0.0,0.0,16.110797882080078,23.071395874023438,1.5,0.00014638659195043147,0.0,119.92975616455078,0.9829112887382507,0.009999999776482582,8.446650505065918,0.001969344913959503,0.011591116897761822,0.0015780794201418757]",2,CM,20.0,0.9829113157630637,-0.017088684236936325,51.66643045897563,0.0,0,0.0,0.00014638659059378956,0.0,0.0,0.0,0.00014638659059378956,0.0,0.0,8.446650818628541,23.07139643954478,1.5,,,,,,,0.0,False,0.0,1222.4555863000885,1342.3853413044615,False,0.00014638659059378956,2.0,0.0
1222.4555863000885,scheduling,DQN,,,,"[1.0,4.0,1.0,7.0,23.071395874023438,1.5,16.110797882080078,-39.81135177612305,0.0,0.5,0.25,1.0]",,,,,,,,,,,,,,,,,,23.07139643954478,1.5,0,4,True,"{""mid"":3,""t0"":1222.4555863000885,""t1"":1278.4428436889232,""jid"":27,""oid"":4}",1332.4089483768878,False,,False,0.0,,,,,,0.0
1225.034007931902,maintenance,DQN,93,19,4,"[0.988021194934845,-0.011978826485574245,74.132568359375,0.0,0.0,20.304916381835938,23.071395874023438,2.0,0.00013909535482525826,0.0,119.9332504272461,0.988021194934845,0.009999999776482582,10.160902976989746,0.0022261906415224075,0.011591116897761822,0.0015780794201418757]",2,CM,20.0,0.9880211739723271,-0.011978826027672862,74.13257124870724,0.0,0,0.0,0.00013909535612398273,0.0,0.0,0.0,0.00013909535612398273,0.0,0.0,10.1609031676021,23.07139643954478,2.0,,,,,,,0.0,False,0.0,1225.034007931902,1344.9672607311356,False,0.00013909535612398273,2.0,0.0
1226.7606856028492,maintenance,DQN,94,15,0,"[0.9785459637641907,-0.021454041823744774,40.950138092041016,0.09668983519077301,0.3333134353160858,-4.067572116851807,21.510883331298828,1.0,0.00015291741874534637,13.332537651062012,119.92662048339844,0.9785459637641907,0.009999999776482582,27.886581420898438,0.002161195268854499,0.012539039365947247,0.0017080074176192284]",2,CM,20.0,0.9707466374428305,0.0,0.0,0.0,0,0.0,0.00016531931572705166,0.0,0.0,0.0,0.00016531931572705166,0.0,0.0,61.29368991700767,23.07139643954478,2.0,,,,,,,0.0,False,0.0,1206.6861154304793,1313.2801997081333,False,0.00016531931572705166,2.0,0.0
1227.8801282188572,scheduling,DQN,,,,"[1.0,3.0,1.0,7.0,23.071395874023438,2.0,48.119781494140625,32.739200592041016,0.0,0.3333333432674408,0.0,1.0]",,,,,,,,,,,,,,,,,,23.07139643954478,2.0,0,5,True,"{""mid"":1,""t0"":1227.8801282188572,""t1"":1251.6228227671222,""jid"":32,""oid"":1}",1318.0153600259152,False,,False,0.0,,,,,,0.0
1232.29382380253,maintenance,DQN,95,17,2,"[0.9683611392974854,-0.03163883835077286,27.446048736572266,0.0,0.0,51.181941986083984,23.071395874023438,2.0,0.00016930971469264477,0.0,119.91876220703125,0.9683611392974854,0.009999999776482582,15.36911392211914,0.0021725052502006292,0.011591116897761822,0.0015780794201418757]",2,CM,20.0,0.9683611602946256,-0.0316388397053744,27.446049487937433,0.0,0,0.0,0.00016930970825120557,0.0,0.0,0.0,0.00016930970825120557,0.0,0.0,15.369114021545101,23.07139643954478,2.0,,,,,,,0.0,False,0.0,1232.29382380253,1352.2125826555043,False,0.00016930970825120557,2.0,0.0
1246.7606856028492,scheduling,DQN,,,,"[3.0,3.0,1.0,7.0,23.071395874023438,2.0,36.71508026123047,31.434932708740234,0.0,0.3333333432674408,0.0,1.0]",,,,,,,,,,,,,,,,,,23.07139643954478,2.0,0,1,True,"{""mid"":0,""t0"":1246.7606856028492,""t1"":1292.276844634357,""jid"":31,""oid"":4}",1306.5929759791366,False,,False,0.0,,,,,,0.0
1251.6228227671222,maintenance,DQN,96,17,1,"[0.9671372175216675,-0.032862771302461624,26.386611938476562,0.0,0.0,38.65725326538086,23.071395874023438,2.0,0.000171394320204854,0.0,119.91775512695312,0.9671372175216675,0.009999999776482582,23.742694854736328,0.0023622307926416397,0.011591116897761822,0.0015780794201418757]",2,CM,20.0,0.967137227113339,-0.03286277288666095,26.386611686846162,0.0,0,0.0,0.0001713943218958273,0.0,0.0,0.0,0.0001713943218958273,0.0,0.0,23.742694548265035,23.07139643954478,2.0,,,,,,,0.0,False,0.0,1251.6228227671222,1371.5405816871416,False,0.0001713943218958273,2.0,0.0
1251.6228227671222,scheduling,DQN,,,,"[2.0,3.0,1.0,7.0,23.071395874023438,2.0,38.65725326538086,30.057878494262695,0.0,0.3333333432674408,0.0,1.0]",,,,,,,,,,,,,,,,,,23.07139643954478,2.0,0,1,True,"{""mid"":5,""t0"":1251.6228227671222,""t1"":1267.937228062662,""jid"":32,""oid"":2}",1318.0153600259152,False,,False,0.0,,,,,,0.0
1255.0799202785938,scheduling,DQN,,,,"[2.0,4.0,1.0,8.0,25.14866828918457,2.0,39.26837158203125,28.0994815826416,0.0,0.5,0.0,1.0]",,,,,,,,,,,,,,,,,,25.14866840705528,2.0,1,2,True,"{""mid"":2,""t0"":1255.0799202785938,""t1"":1287.2868925722844,""jid"":33,""oid"":0}",1409.4989841014603,False,,False,0.0,,,,,,0.0
1267.937228062662,maintenance,DQN,97,13,5,"[0.9547346830368042,-0.045265305787324905,18.88277816772461,0.0,0.0,25.031620025634766,25.14866828918457,2.0,0.00019402161706238985,0.0,119.90690612792969,0.9547346830368042,0.009999999776482582,25.48164176940918,0.0019684697035700083,0.011591116897761822,0.0015780794201418757]",2,CM,20.0,0.9547346957139197,-0.04526530428608033,18.88277808345059,0.0,0,0.0,0.00019402161306070705,0.0,0.0,0.0,0.00019402161306070705,0.0,0.0,25.481641762573418,25.14866840705528,2.0,,,,,,,0.0,False,0.0,1267.937228062662,1387.8441338176565,False,0.00019402161306070705,2.0,0.0
1274.8236987086655,scheduling,DQN,,,,"[2.0,4.0,1.0,9.0,24.47305679321289,2.0,20.58258819580078,8.35570240020752,0.0,0.5,0.0,1.0]",,,,,,,,,,,,,,,,,,24.473057159932324,2.0,0,2,True,"{""mid"":4,""t0"":1274.8236987086655,""t1"":1287.8370421565046,""jid"":34,""oid"":0}",1358.508410059959,False,,False,0.0,,,,,,0.0
1278.4428436889232,maintenance,DQN,98,17,3,"[0.9570316672325134,-0.04296833276748657,19.94565773010254,0.0,0.0,17.542104721069336,24.47305679321289,2.0,0.00018961662135552615,0.0,119.90901947021484,0.9570316672325134,0.009999999776482582,67.29766845703125,0.0020067193545401096,0.011591116897761822,0.0015780794201418757]",2,CM,20.0,0.9570316667535187,-0.042968333246481305,19.945657697199632,0.0,0,0.0,0.00018961662220341464,0.0,0.0,0.0,0.00018961662220341464,0.0,0.0,67.29767150156135,24.473057159932324,2.0,,,,,,,0.0,False,0.0,1278.4428436889232,1398.3518622178256,False,0.00018961662220341464,2.0,0.0
1287.2868925722844,maintenance,DQN,99,18,2,"[0.9380832314491272,-0.06191675737500191,13.53564453125,0.0,0.0,22.089929580688477,25.497011184692383,2.0,0.00022916652960702777,0.0,119.89005279541016,0.9380832314491272,0.009999999776482582,34.99306869506836,0.0021709490101784468,0.011591116897761822,0.0015780794201418757]",2,CM,20.0,0.9380832425326235,-0.06191675746737646,13.535644901530967,0.0,0,0.0,0.00022916652893154369,0.0,0.0,0.0,0.00022916652893154369,0.0,0.0,34.99306876975447,25.4970109064202,2.0,,,,,,,0.0,False,0.0,1287.2868925722844,1407.1769430396018,False,0.00022916652893154369,2.0,0.0
1287.2868925722844,scheduling,DQN,,,,"[1.0,3.0,1.0,8.0,25.497011184692383,2.0,22.089929580688477,-3.7965309619903564,0.0,0.3333333432674408,0.3333333432674408,1.0]",,,,,,,,,,,,,,,,,,25.4970109064202,2.0,2,0,True,"{""mid"":1,""t0"":1287.2868925722844,""t1"":1291.2072813771645,""jid"":33,""oid"":1}",1409.4989841014603,False,,False,0.0,,,,,,0.0
1287.8370421565046,maintenance,DQN,100,20,4,"[0.9847484827041626,-0.015251509845256805,58.01055145263672,0.0,0.0,31.493406295776367,25.497011184692383,2.0,0.00014372215082403272,0.0,119.9310302734375,0.9847484827041626,0.009999999776482582,42.803035736083984,0.0022071409039199352,0.011591116897761822,0.0015780794201418757]",2,CM,20.0,0.984748490234553,-0.01525150976544698,58.01055133826769,0.0,0,0.0,0.00014372215019580042,0.0,0.0,0.0,0.00014372215019580042,0.0,0.0,42.8030342246027,25.4970109064202,2.0,,,,,,,0.0,False,0.0,1287.8370421565046,1407.7680753504253,False,0.00014372215019580042,2.0,0.0
1287.937228062662,scheduling,DQN,,,,"[1.0,3.0,1.0,8.0,25.497011184692383,2.0,31.393218994140625,1.5253090858459473,0.0,0.3333333432674408,0.3333333432674408,1.0]",,,,,,,,,,,,,,,,,,25.4970109064202,2.0,2,0,True,"{""mid"":5,""t0"":1287.937228062662,""t1"":1296.265342621283,""jid"":34,""oid"":1}",1358.508410059959,False,,False,0.0,,,,,,0.0
1291.2072813771645,maintenance,DQN,101,18,1,"[0.9974519610404968,-0.002548066433519125,352.208984375,0.0,0.0,38.251007080078125,25.497011184692383,2.0,0.00012657874322030693,0.0,119.93925476074219,0.9974519610404968,0.009999999776482582,19.58445930480957,0.0023592133074998856,0.011591116897761822,0.0015780794201418757]",2,CM,20.0,0.9974519334653673,-0.002548066534632687,352.20898719378937,0.0,0,0.0,0.00012657874904169097,0.0,0.0,0.0,0.00012657874904169097,0.0,0.0,19.584458610042248,25.4970109064202,2.0,,,,,,,0.0,False,0.0,1291.2072813771645,1411.1465389563214,False,0.00012657874904169097,2.0,0.0
1292.276844634357,maintenance,DQN,102,16,0,"[0.969322919845581,-0.0306770708411932,28.337873458862305,0.0,0.0,62.56893539428711,25.497011184692383,2.0,0.00016768941713962704,0.0,119.9195327758789,0.969322919845581,0.009999999776482582,45.51615905761719,0.001991407247260213,0.011591116897761822,0.0015780794201418757]",2,CM,20.0,0.9693229290571086,-0.030677070942891405,28.337872630520845,0.0,0,0.0,0.00016768941763964794,0.0,0.0,0.0,0.00016768941763964794,0.0,0.0,45.51615903150787,25.4970109064202,2.0,,,,,,,0.0,False,0.0,1292.276844634357,1412.1963807028064,False,0.00016768941763964794,2.0,0.0
1296.265342621283,maintenance,DQN,103,14,5,"[1.0,0.0,100.0,0.0,0.0,80.84674072265625,25.497011184692383,2.0,0.00012339458044152707,0.0,119.94078826904297,1.0,0.009999999776482582,8.32811450958252,0.00196817796677351,0.011591116897761822,0.0015780794201418757]",2,CM,20.0,1.0,0.0,100.0,0.0,0,0.0,0.00012339457598623172,0.0,0.0,0.0,0.00012339457598623172,0.0,0.0,8.32811455862111,25.4970109064202,2.0,,,,,,,0.0,False,0.0,1296.265342621283,1416.2061278395774,False,0.00012339457598623172,2.0,0.0
1298.4428436889232,scheduling,DQN,,,,"[1.0,2.0,2.0,8.0,26.73516845703125,2.0,43.07951354980469,14.607731819152832,0.0,0.0,0.0,1.0]",,,,,,,,,,,,,,,,,,26.735168228126017,2.0,0,5,True,"{""mid"":3,""t0"":1298.4428436889232,""t1"":1339.8356880343517,""jid"":33,""oid"":2}",1409.4989841014603,False,,False,0.0,,,,,,0.0
1311.2072813771645,scheduling,DQN,,,,"[3.0,2.0,1.0,7.0,30.156330108642578,2.0,30.315074920654297,1.8432942628860474,0.0,0.1666666716337204,0.5,1.0]",,,,,,,,,,,,,,,,,,30.156329440522615,2.0,2,0,True,"{""mid"":1,""t0"":1311.2072813771645,""t1"":1319.535472348086,""jid"":35,""oid"":0}",1321.9532919603478,False,,False,0.0,,,,,,0.0
1319.535472348086,scheduling,DQN,,,,"[5.0,2.0,1.0,5.0,41.24636459350586,2.0,25.469913482666016,-0.21544316411018372,0.0,0.1666666716337204,0.5,0.0]",,,,,,,,,,,,,,,,,,41.24636384621425,2.0,1,1,True,"{""mid"":2,""t0"":1319.535472348086,""t1"":1324.0417180333452,""jid"":35,""oid"":1}",1321.9532919603478,True,,False,0.0,,,,,,0.0
1324.0417180333452,maintenance,DQN,104,19,2,"[0.9835928082466125,-0.01640719547867775,53.85397720336914,0.0,0.0,53.07036590576172,41.24636459350586,2.0,0.00014539252151735127,0.0,119.93022918701172,0.9835928082466125,0.009999999776482582,16.754825592041016,0.0021921878214925528,0.011591116897761822,0.0015780794201418757]",2,CM,20.0,0.9835928037415592,-0.01640719625844078,53.8539790603766,0.0,0,0.0,0.000145392519705428,0.0,0.0,0.0,0.000145392519705428,0.0,0.0,16.75482546106082,41.24636384621425,2.0,,,,,,,0.0,False,0.0,1324.0417180333452,1443.9719499133785,False,0.000145392519705428,2.0,0.0
1339.8356880343517,maintenance,DQN,105,18,3,"[0.954160213470459,-0.0458398163318634,18.633586883544922,0.0,0.0,150.0,26.818225860595703,2.0,0.00019513927691150457,0.0,119.9063720703125,0.954160213470459,0.009999999776482582,41.392845153808594,0.0020058397203683853,0.011591116897761822,0.0015780794201418757]",2,CM,20.0,0.9541601853651718,-0.045839814634828224,18.63358724658099,0.0,0,0.0,0.00019513927726392394,0.0,0.0,0.0,0.00019513927726392394,0.0,0.0,41.39284434542856,26.818226486848136,2.0,,,,,,,0.0,False,0.0,1339.8356880343517,1459.7420577279195,False,0.00019513927726392394,2.0,0.0
1391.780690281737,scheduling,DQN,,,,"[6.0,1.0,1.0,5.0,43.57826614379883,2.0,37.673927307128906,37.673927307128906,0.0,0.0,0.0,0.0]",,,,,,,,,,,,,,,,,,43.57826755381535,2.0,3,4,True,"{""mid"":1,""t0"":1391.780690281737,""t1"":1400.6114105624638,""jid"":36,""oid"":0}",1467.1285420937427,False,,False,0.0,,,,,,0.0
1400.6114105624638,maintenance,DQN,106,19,1,"[0.9931873679161072,-0.006812631152570248,131.1075439453125,0.0,0.05530652031302452,25.469913482666016,41.24636459350586,2.0,0.00013209281314630061,2.2122607231140137,119.93661499023438,0.9931873679161072,0.009999999776482582,8.328190803527832,0.002360820071771741,0.011591116897761822,0.0015780794201418757]",2,CM,20.0,0.9731754562235532,0.0,0.0,0.0,0,0.0,0.0001613530190792186,0.0,0.0,0.0,0.0001613530190792186,0.0,0.0,89.40412918529933,43.57826755381535,2.0,,,,,,,0.0,False,0.0,1321.7477331838081,1439.472084547858,False,0.0001613530190792186,2.0,0.0
1400.6114105624638,scheduling,DQN,,,,"[5.0,1.0,1.0,5.0,43.57826614379883,2.0,45.41384506225586,45.41384506225586,0.0,0.0,0.0,0.0]",,,,,,,,,,,,,,,,,,43.57826755381535,2.0,0,2,True,"{""mid"":5,""t0"":1400.6114105624638,""t1"":1415.3706197379354,""jid"":36,""oid"":1}",1467.1285420937427,False,,False,0.0,,,,,,0.0
1415.3706197379354,maintenance,DQN,107,15,5,"[0.9635545015335083,-0.036445502191782,23.694406509399414,0.0,0.0,150.0,43.57826614379883,2.0,0.00017764512449502945,0.0,119.91476440429688,0.9635545015335083,0.009999999776482582,99.10527801513672,0.001971386605873704,0.011591116897761822,0.0015780794201418757]",2,CM,20.0,0.9635544991635996,-0.03644550083640041,23.69440615015814,0.0,0,0.0,0.00017764512942802254,0.0,0.0,0.0,0.00017764512942802254,0.0,0.0,99.10527711665236,43.57826755381535,2.0,,,,,,,0.0,False,0.0,1415.3706197379354,1535.2853803641158,False,0.00017764512942802254,2.0,0.0
1429.3421603831866,scheduling,DQN,,,,"[5.0,1.0,1.0,5.0,43.56555938720703,2.0,35.53044509887695,35.53044509887695,0.0,0.0,0.0,0.0]",,,,,,,,,,,,,,,,,,43.565560026148205,2.0,0,2,True,"{""mid"":1,""t0"":1429.3421603831866,""t1"":1441.855727617979,""jid"":37,""oid"":0}",1500.4030503352642,False,,False,0.0,,,,,,0.0
1441.855727617979,maintenance,DQN,108,20,1,"[0.9839282631874084,-0.016071759164333344,54.99884796142578,0.0,0.0,35.53044509887695,43.56555938720703,2.0,0.00014490570174530149,0.0,119.93046569824219,0.9839282631874084,0.009999999776482582,21.24431800842285,0.0023647358175367117,0.011591116897761822,0.0015780794201418757]",2,CM,20.0,0.9839282409803058,-0.016071759019694154,54.998848595051115,0.0,0,0.0,0.0001449057066551793,0.0,0.0,0.0,0.0001449057066551793,0.0,0.0,21.24431705551524,43.565560026148205,2.0,,,,,,,0.0,False,0.0,1441.855727617979,1561.7861930326478,False,0.0001449057066551793,2.0,0.0
1441.855727617979,scheduling,DQN,,,,"[5.0,1.0,1.0,5.0,43.56555938720703,2.0,35.53044509887695,35.53044509887695,0.0,0.0,0.0,0.0]",,,,,,,,,,,,,,,,,,43.565560026148205,2.0,0,2,True,"{""mid"":0,""t0"":1441.855727617979,""t1"":1458.201859414264,""jid"":37,""oid"":1}",1500.4030503352642,False,,False,0.0,,,,,,0.0
1458.201859414264,maintenance,DQN,109,17,0,"[0.9793670773506165,-0.02063293382525444,42.61958694458008,0.0,0.0,150.0,51.50615310668945,2.0,0.00015166713274084032,0.0,119.9272232055664,0.9793670773506165,0.009999999776482582,145.92501831054688,0.001988692907616496,0.011591116897761822,0.0015780794201418757]",2,CM,20.0,0.979367066839593,-0.02063293316040704,42.619585882584474,0.0,0,0.0,0.00015166713389914863,0.0,0.0,0.0,0.00015166713389914863,0.0,0.0,145.92501477990686,51.50615389150706,2.0,,,,,,,0.0,False,0.0,1458.201859414264,1578.12908126833,False,0.00015166713389914863,2.0,0.0
1539.0434139358933,scheduling,DQN,,,,"[6.0,1.0,1.0,3.0,73.63136291503906,2.0,140.3947296142578,140.3947296142578,0.0,0.0,0.0,0.0]",,,,,,,,,,,,,,,,,,73.6313618270782,2.0,0,1,True,"{""mid"":4,""t0"":1539.0434139358933,""t1"":1547.4793902936904,""jid"":38,""oid"":0}",1819.8328711076445,False,,False,0.0,,,,,,0.0
1547.4793902936904,maintenance,DQN,110,21,4,"[0.9779713749885559,-0.022028639912605286,39.85590362548828,0.0,0.0,147.37020874023438,73.63136291503906,2.0,0.00015379847900476307,0.0,119.92620086669922,0.9779713749885559,0.009999999776482582,239.64234924316406,0.002209171885624528,0.011591116897761822,0.0015780794201418757]",2,CM,20.0,0.9779713594940603,-0.022028640505939667,39.855903012141376,0.0,0,0.0,0.00015379847671808465,0.0,0.0,0.0,0.00015379847671808465,0.0,0.0,239.64234813718576,73.6313618270782,2.0,,,,,,,0.0,False,0.0,1547.4793902936904,1667.4055897280225,False,0.00015379847671808465,2.0,0.0
1547.4793902936904,scheduling,DQN,,,,"[5.0,1.0,1.0,3.0,73.63136291503906,2.0,147.37020874023438,147.37020874023438,0.0,0.0,0.0,0.0]",,,,,,,,,,,,,,,,,,73.6313618270782,2.0,0,1,True,"{""mid"":3,""t0"":1547.4793902936904,""t1"":1597.3624397578105,""jid"":38,""oid"":1}",1819.8328711076445,False,,False,0.0,,,,,,0.0
1580.1777341724583,scheduling,DQN,,,,"[5.0,2.0,1.0,4.0,62.799015045166016,2.0,124.9768295288086,116.73286437988281,0.0,0.1666666716337204,0.0,0.0]",,,,,,,,,,,,,,,,,,62.799014630240436,2.0,1,2,True,"{""mid"":2,""t0"":1580.1777341724583,""t1"":1584.7312696914248,""jid"":39,""oid"":0}",1850.7413199656842,False,,False,0.0,,,,,,0.0
1584.7312696914248,maintenance,DQN,111,20,2,"[1.0,0.0,100.0,0.0,0.0,134.60804748535156,62.799015045166016,2.0,0.00012339458044152707,0.0,119.94078826904297,1.0,0.009999999776482582,240.68954467773438,0.00216726609505713,0.011591116897761822,0.0015780794201418757]",2,CM,20.0,1.0,0.0,100.0,0.0,0,0.0,0.00012339457598623172,0.0,0.0,0.0,0.00012339457598623172,0.0,0.0,240.6895516580796,62.799014630240436,2.0,,,,,,,0.0,False,0.0,1584.7312696914248,1704.6720549097192,False,0.00012339457598623172,2.0,0.0
1597.3624397578105,maintenance,DQN,112,19,3,"[0.958754301071167,-0.04124566912651062,20.820472717285156,0.0,0.0,148.72459411621094,75.41778564453125,2.0,0.00018637874745763838,0.0,119.91056823730469,0.958754301071167,0.009999999776482582,237.52674865722656,0.0020343109499663115,0.011591116897761822,0.0015780794201418757]",2,CM,20.0,0.958754329430797,-0.04124567056920303,20.820472005418296,0.0,0,0.0,0.00018637874514178742,0.0,0.0,0.0,0.00018637874514178742,0.0,0.0,237.5267517234588,75.41778689463581,2.0,,,,,,,0.0,False,0.0,1597.3624397578105,1717.2730112994122,False,0.00018637874514178742,2.0,0.0
1597.3624397578105,scheduling,DQN,,,,"[4.0,2.0,2.0,3.0,75.41778564453125,2.0,148.72459411621094,146.91819763183594,0.0,0.0,0.0,0.0]",,,,,,,,,,,,,,,,,,75.41778689463581,2.0,0,1,True,"{""mid"":1,""t0"":1597.3624397578105,""t1"":1614.760053056419,""jid"":38,""oid"":2}",1819.8328711076445,False,,False,0.0,,,,,,0.0
1614.760053056419,maintenance,DQN,113,21,1,"[0.9540761113166809,-0.045923881232738495,18.597646713256836,0.0,0.0,142.87014770507812,75.41778564453125,2.0,0.00019530336430761963,0.0,119.90628814697266,0.9540761113166809,0.009999999776482582,152.90432739257812,0.002363729989156127,0.011591116897761822,0.0015780794201418757]",2,CM,20.0,0.9540761182200068,-0.04592388177999318,18.597646477525917,0.0,0,0.0,0.00019530336220538493,0.0,0.0,0.0,0.00019530336220538493,0.0,0.0,152.90432543844008,75.41778689463581,2.0,,,,,,,0.0,False,0.0,1614.760053056419,1734.666344050694,False,0.00019530336220538493,2.0,0.0
1614.760053056419,scheduling,DQN,,,,"[4.0,2.0,2.0,3.0,75.41778564453125,2.0,142.87014770507812,131.8292236328125,0.0,0.0,0.0,0.0]",,,,,,,,,,,,,,,,,,75.41778689463581,2.0,0,1,True,"{""mid"":5,""t0"":1614.760053056419,""t1"":1627.5729699374951,""jid"":38,""oid"":3}",1819.8328711076445,False,,False,0.0,,,,,,0.0
1617.3624397578105,scheduling,DQN,,,,"[4.0,2.0,1.0,3.0,75.41778564453125,2.0,140.26776123046875,129.22683715820312,0.0,0.1666666716337204,0.0,0.0]",,,,,,,,,,,,,,,,,,75.41778689463581,2.0,0,4,True,"{""mid"":3,""t0"":1617.3624397578105,""t1"":1680.8321150714462,""jid"":39,""oid"":1}",1850.7413199656842,False,,False,0.0,,,,,,0.0
1627.5729699374951,maintenance,DQN,114,16,5,"[0.9789689183235168,-0.021031107753515244,41.79375076293945,0.0,0.0,137.8448028564453,75.41778564453125,2.0,0.0001522721431683749,0.0,119.92693328857422,0.9789689183235168,0.009999999776482582,192.2023468017578,0.0019719700794667006,0.011591116897761822,0.0015780794201418757]",2,CM,20.0,0.9789688916118996,-0.021031108388100406,41.79375025755791,0.0,0,0.0,0.0001522721466036094,0.0,0.0,0.0,0.0001522721466036094,0.0,0.0,192.20235019955976,75.41778689463581,2.0,,,,,,,0.0,False,0.0,1627.5729699374951,1747.4999015619412,False,0.0001522721466036094,2.0,0.0
1627.5729699374951,scheduling,DQN,,,,"[3.0,2.0,1.0,3.0,75.41778564453125,2.0,137.8448028564453,120.57382202148438,0.0,0.1666666716337204,0.0,0.0]",,,,,,,,,,,,,,,,,,75.41778689463581,2.0,0,4,True,"{""mid"":2,""t0"":1627.5729699374951,""t1"":1661.013785780236,""jid"":38,""oid"":4}",1819.8328711076445,False,,False,0.0,,,,,,0.0
1634.760053056419,scheduling,DQN,,,,"[3.0,3.0,1.0,3.0,47.22355651855469,2.0,126.19087982177734,110.70663452148438,0.0,0.3333333432674408,0.0,0.0]",,,,,,,,,,,,,,,,,,47.22355723359101,2.0,0,2,True,"{""mid"":1,""t0"":1634.760053056419,""t1"":1651.6176341594676,""jid"":40,""oid"":0}",1870.543983182007,False,,False,0.0,,,,,,0.0
1651.6176341594676,maintenance,DQN,115,22,1,"[0.9610689878463745,-0.038931023329496384,22.11781120300293,0.0,0.0,113.8574447631836,47.22355651855469,2.0,0.00018211505084764212,0.0,119.91261291503906,0.9610689878463745,0.009999999776482582,16.857580184936523,0.0023623888846486807,0.011591116897761822,0.0015780794201418757]",2,CM,20.0,0.9610689776802873,-0.03893102231971268,22.11781058840281,0.0,0,0.0,0.00018211505351611713,0.0,0.0,0.0,0.00018211505351611713,0.0,0.0,16.85758110304846,47.22355723359101,2.0,,,,,,,0.0,False,0.0,1651.6176341594676,1771.530250765307,False,0.00018211505351611713,2.0,0.0
1651.6176341594676,scheduling,DQN,,,,"[3.0,3.0,1.0,3.0,47.22355651855469,2.0,113.8574447631836,96.56354522705078,0.0,0.3333333432674408,0.0,0.0]",,,,,,,,,,,,,,,,,,47.22355723359101,2.0,0,4,True,"{""mid"":0,""t0"":1651.6176341594676,""t1"":1703.1690472391529,""jid"":40,""oid"":1}",1870.543983182007,False,,False,0.0,,,,,,0.0
1661.013785780236,maintenance,DQN,116,21,2,"[0.9511356949806213,-0.04886431246995926,17.418350219726562,0.0,0.0,93.69558715820312,47.22355651855469,2.0,0.00020113021309953183,0.0,119.90349578857422,0.9511356949806213,0.009999999776482582,56.28251647949219,0.002166217193007469,0.011591116897761822,0.0015780794201418757]",2,CM,20.0,0.9511356890212233,-0.04886431097877675,17.418350365994055,0.0,0,0.0,0.0002011302116182163,0.0,0.0,0.0,0.0002011302116182163,0.0,0.0,56.282516088811235,47.22355723359101,2.0,,,,,,,0.0,False,0.0,1661.013785780236,1780.9172821034745,False,0.0002011302116182163,2.0,0.0
1680.8321150714462,maintenance,DQN,117,20,3,"[0.9415621757507324,-0.05843781307339668,14.400986671447754,0.0,0.0,105.61209869384766,47.22355651855469,2.0,0.00022133276797831059,0.0,119.89380645751953,0.9415621757507324,0.009999999776482582,63.46967697143555,0.0020984329748898745,0.011591116897761822,0.0015780794201418757]",2,CM,20.0,0.9415621867417913,-0.05843781325820874,14.400986960674429,0.0,0,0.0,0.00022133277390660723,0.0,0.0,0.0,0.00022133277390660723,0.0,0.0,63.46967531363566,47.22355723359101,2.0,,,,,,,0.0,False,0.0,1680.8321150714462,1800.7259223547644,False,0.00022133277390660723,2.0,0.0
1680.8321150714462,scheduling,DQN,,,,"[3.0,2.0,1.0,3.0,47.22355651855469,2.0,105.61209869384766,88.92849731445312,0.0,0.1666666716337204,0.0,0.0]",,,,,,,,,,,,,,,,,,47.22355723359101,2.0,0,4,True,"{""mid"":1,""t0"":1680.8321150714462,""t1"":1696.5080668524743,""jid"":39,""oid"":2}",1850.7413199656842,False,,False,0.0,,,,,,0.0
1696.5080668524743,maintenance,DQN,118,23,1,"[0.9780702590942383,-0.021929727867245674,40.04018020629883,0.0,0.0,102.39485931396484,47.22355651855469,2.0,0.00015364645514637232,0.0,119.92626953125,0.9780702590942383,0.009999999776482582,24.890432357788086,0.0023596372921019793,0.011591116897761822,0.0015780794201418757]",2,CM,20.0,0.9780702714512264,-0.02192972854877362,40.04017968112655,0.0,0,0.0,0.0001536464502067437,0.0,0.0,0.0,0.0001536464502067437,0.0,0.0,24.890432693006687,47.22355723359101,2.0,,,,,,,0.0,False,0.0,1696.5080668524743,1816.4343392146754,False,0.0001536464502067437,2.0,0.0
1696.5080668524743,scheduling,DQN,,,,"[3.0,2.0,1.0,3.0,47.22355651855469,2.0,102.39485931396484,75.7442855834961,0.0,0.1666666716337204,0.0,0.0]",,,,,,,,,,,,,,,,,,47.22355723359101,2.0,0,4,True,"{""mid"":4,""t0"":1696.5080668524743,""t1"":1700.8279025733034,""jid"":39,""oid"":3}",1850.7413199656842,False,,False,0.0,,,,,,0.0
1700.8279025733034,maintenance,DQN,119,22,4,"[0.992900013923645,-0.007099992595613003,125.76069641113281,0.0,0.0,64.76181030273438,47.22355651855469,2.0,0.00013247289462015033,0.0,119.93643188476562,0.992900013923645,0.009999999776482582,133.3485107421875,0.0022157516796141863,0.011591116897761822,0.0015780794201418757]",2,CM,20.0,0.9929000073081528,-0.007099992691847246,125.76069385725549,0.0,0,0.0,0.00013247288768189285,0.0,0.0,0.0,0.00013247288768189285,0.0,0.0,133.34851227961303,47.22355723359101,2.0,,,,,,,0.0,False,0.0,1700.8279025733034,1820.764332431344,False,0.00013247288768189285,2.0,0.0
1703.1690472391529,maintenance,DQN,120,18,0,"[0.9616001844406128,-0.038399823009967804,22.43760871887207,0.0,0.0,92.92810821533203,47.22355651855469,2.0,0.00018115040438715369,0.0,119.91307830810547,0.9616001844406128,0.009999999776482582,224.96719360351562,0.0019932168070226908,0.011591116897761822,0.0015780794201418757]",2,CM,20.0,0.9616001776716702,-0.038399822328329836,22.437608442683246,0.0,0,0.0,0.0001811503980048786,0.0,0.0,0.0,0.0001811503980048786,0.0,0.0,224.96718782488892,47.22355723359101,2.0,,,,,,,0.0,False,0.0,1703.1690472391529,1823.082126543351,False,0.0001811503980048786,2.0,0.0
1703.1690472391529,scheduling,DQN,,,,"[3.0,1.0,1.0,3.0,47.22355651855469,2.0,92.92810821533203,92.92810821533203,0.0,0.0,0.0,0.0]",,,,,,,,,,,,,,,,,,47.22355723359101,2.0,0,2,True,"{""mid"":2,""t0"":1703.1690472391529,""t1"":1727.9769905217847,""jid"":40,""oid"":2}",1870.543983182007,False,,False,0.0,,,,,,0.0
1727.9769905217847,maintenance,DQN,121,22,2,"[0.9626404047012329,-0.03735962137579918,23.090179443359375,0.0,0.0,102.75109100341797,47.22355651855469,2.0,0.00017927617591340095,0.0,119.91397857666016,0.9626404047012329,0.009999999776482582,46.96320343017578,0.002165580401197076,0.011591116897761822,0.0015780794201418757]",2,CM,20.0,0.9626403792049282,-0.037359620795071824,23.09018027609961,0.0,0,0.0,0.0001792761713693035,0.0,0.0,0.0,0.0001792761713693035,0.0,0.0,46.96320474154868,47.22355723359101,2.0,,,,,,,0.0,False,0.0,1727.9769905217847,1847.8909688065014,False,0.0001792761713693035,2.0,0.0
1727.9769905217847,scheduling,DQN,,,,"[5.0,1.0,1.0,3.0,47.22355651855469,2.0,102.75109100341797,102.75109100341797,0.0,0.0,0.0,0.0]",,,,,,,,,,,,,,,,,,47.22355723359101,2.0,0,3,True,"{""mid"":0,""t0"":1727.9769905217847,""t1"":1767.7389265040515,""jid"":40,""oid"":3}",1870.543983182007,False,,False,0.0,,,,,,0.0
1767.7389265040515,maintenance,DQN,122,19,0,"[0.9849562644958496,-0.015043740160763264,58.82554626464844,0.0,0.0,150.0,53.31279373168945,2.0,0.00014342389476951212,0.0,119.9311752319336,0.9849562644958496,0.009999999776482582,44.56987762451172,0.001991407247260213,0.011591116897761822,0.0015780794201418757]",2,CM,20.0,0.9849562597086341,-0.015043740291365904,58.825547541294604,0.0,0,0.0,0.00014342389221992508,0.0,0.0,0.0,0.00014342389221992508,0.0,0.0,44.569879264898645,53.3127942306171,2.0,,,,,,,0.0,False,0.0,1767.7389265040515,1887.6701027796064,False,0.00014342389221992508,2.0,0.0
1779.385127886039,scheduling,DQN,,,,"[5.0,1.0,1.0,3.0,99.60369873046875,2.0,69.34037017822266,69.34037017822266,0.0,0.0,0.0,0.0]",,,,,,,,,,,,,,,,,,99.6036968567904,2.0,0,4,True,"{""mid"":2,""t0"":1779.385127886039,""t1"":1798.0855744683083,""jid"":41,""oid"":0}",1918.0658715578502,False,,False,0.0,,,,,,0.0
1798.0855744683083,maintenance,DQN,123,23,2,"[0.9788734912872314,-0.02112652361392975,41.60047912597656,0.0,0.0,67.83627319335938,145.89459228515625,2.0,0.00015241748769767582,0.0,119.92686462402344,0.9788734912872314,0.009999999776482582,50.108585357666016,0.002154091838747263,0.011591116897761822,0.0015780794201418757]",2,CM,20.0,0.9788734764252143,-0.021126523574785727,41.60047786916254,0.0,0,0.0,0.0001524174845379142,0.0,0.0,0.0,0.0001524174845379142,0.0,0.0,50.108583946523595,145.8945994829637,2.0,,,,,,,0.0,False,0.0,1798.0855744683083,1918.0124363730445,False,0.0001524174845379142,2.0,0.0
1798.0855744683083,scheduling,DQN,,,,"[5.0,1.0,1.0,2.0,145.89459228515625,2.0,67.83627319335938,67.83627319335938,0.0,0.0,0.0,0.0]",,,,,,,,,,,,,,,,,,145.8945994829637,2.0,0,4,True,"{""mid"":3,""t0"":1798.0855744683083,""t1"":1813.5947907311463,""jid"":41,""oid"":1}",1918.0658715578502,False,,False,0.0,,,,,,0.0
1813.5947907311463,maintenance,DQN,124,21,3,"[0.9699469804763794,-0.030053026974201202,28.947065353393555,0.0,0.0,70.83831787109375,145.89459228515625,2.0,0.00016664639406371862,0.0,119.92003631591797,0.9699469804763794,0.009999999776482582,112.7626724243164,0.002121289260685444,0.011591116897761822,0.0015780794201418757]",2,CM,20.0,0.9699469726889902,-0.030053027311009783,28.947066253464897,0.0,0,0.0,0.00016664639473936937,0.0,0.0,0.0,0.00016664639473936937,0.0,0.0,112.76267565970011,145.8945994829637,2.0,,,,,,,0.0,False,0.0,1813.5947907311463,1933.5148271159287,False,0.00016664639473936937,2.0,0.0
1813.5947907311463,scheduling,DQN,,,,"[4.0,1.0,1.0,2.0,145.89459228515625,2.0,70.83831787109375,70.83831787109375,0.0,0.0,0.0,0.0]",,,,,,,,,,,,,,,,,,145.8945994829637,2.0,0,3,True,"{""mid"":4,""t0"":1813.5947907311463,""t1"":1819.1458094124387,""jid"":41,""oid"":2}",1918.0658715578502,False,,False,0.0,,,,,,0.0
1819.1458094124387,maintenance,DQN,125,23,4,"[1.0,0.0,100.0,0.0,0.0,78.13504791259766,145.89459228515625,2.0,0.00012339458044152707,0.0,119.94078826904297,1.0,0.009999999776482582,98.31790924072266,0.002207814482972026,0.011591116897761822,0.0015780794201418757]",2,CM,20.0,1.0,0.0,100.0,0.0,0,0.0,0.00012339457598623172,0.0,0.0,0.0,0.00012339457598623172,0.0,0.0,98.31790683913528,145.8945994829637,2.0,,,,,,,0.0,False,0.0,1819.1458094124387,1939.086594630733,False,0.00012339457598623172,2.0,0.0
1819.1458094124387,scheduling,DQN,,,,"[4.0,1.0,1.0,2.0,145.89459228515625,2.0,78.13504791259766,78.13504791259766,0.0,0.0,0.0,0.0]",,,,,,,,,,,,,,,,,,145.8945994829637,2.0,0,3,True,"{""mid"":1,""t0"":1819.1458094124387,""t1"":1823.7973127109458,""jid"":41,""oid"":3}",1918.0658715578502,False,,False,0.0,,,,,,0.0
1823.7973127109458,maintenance,DQN,126,24,1,"[0.9949995875358582,-0.005000411067157984,178.98521423339844,0.0,0.0,150.0,145.89459228515625,2.0,0.00012972086551599205,0.0,119.93775177001953,0.9949995875358582,0.009999999776482582,107.28924560546875,0.0023600419517606497,0.011591116897761822,0.0015780794201418757]",2,CM,20.0,0.9949995890800954,-0.005000410919904552,178.98520809909343,0.0,0,0.0,0.00012972086347708096,0.0,0.0,0.0,0.00012972086347708096,0.0,0.0,107.28924585847153,145.8945994829637,2.0,,,,,,,0.0,False,0.0,1823.7973127109458,1943.7350628480854,False,0.00012972086347708096,2.0,0.0
1836.3297521238321,scheduling,DQN,,,,"[4.0,1.0,1.0,2.0,56.94462585449219,2.0,103.0114974975586,103.0114974975586,0.0,0.0,0.0,0.0]",,,,,,,,,,,,,,,,,,56.94462423779305,2.0,0,1,True,"{""mid"":0,""t0"":1836.3297521238321,""t1"":1899.4001039255243,""jid"":42,""oid"":0}",2042.3527536458066,False,,False,0.0,,,,,,0.0
1852.6128708581678,scheduling,DQN,,,,"[5.0,2.0,1.0,3.0,36.61387252807617,2.0,93.02766418457031,87.98823547363281,0.0,0.1666666716337204,0.0,1.0]",,,,,,,,,,,,,,,,,,36.61387148606434,2.0,0,4,True,"{""mid"":1,""t0"":1852.6128708581678,""t1"":1869.9064049231984,""jid"":43,""oid"":0}",2051.266755980829,False,,False,0.0,,,,,,0.0
1869.9064049231984,maintenance,DQN,127,25,1,"[0.9633306860923767,-0.03666932135820389,23.543678283691406,0.0,0.0,90.2897720336914,36.61387252807617,2.0,0.00017804310482461005,0.0,119.91456604003906,0.9633306860923767,0.009999999776482582,26.109092712402344,0.0023636415135115385,0.011591116897761822,0.0015780794201418757]",2,CM,20.0,0.9633306789844129,-0.036669321015587064,23.54367779587291,0.0,0,0.0,0.00017804310949779,0.0,0.0,0.0,0.00017804310949779,0.0,0.0,26.109092212252563,36.61387148606434,2.0,,,,,,,0.0,False,0.0,1869.9064049231984,1989.8209746547914,False,0.00017804310949779,2.0,0.0
1869.9064049231984,scheduling,DQN,,,,"[4.0,2.0,1.0,3.0,36.61387252807617,2.0,90.2897720336914,73.6058349609375,0.0,0.1666666716337204,0.0,1.0]",,,,,,,,,,,,,,,,,,36.61387148606434,2.0,0,4,True,"{""mid"":4,""t0"":1869.9064049231984,""t1"":1904.0478881077663,""jid"":43,""oid"":1}",2051.266755980829,False,,False,0.0,,,,,,0.0
1899.4001039255243,maintenance,DQN,128,20,0,"[0.951814591884613,-0.048185430467128754,17.677845001220703,0.0,0.0,84.58430480957031,36.61387252807617,2.0,0.00019976966723334044,0.0,119.9041519165039,0.951814591884613,0.009999999776482582,111.66117858886719,0.0019950263667851686,0.011591116897761822,0.0015780794201418757]",2,CM,20.0,0.9518145708988838,-0.04818542910111623,17.67784549788623,0.0,0,0.0,0.0001997696712900997,0.0,0.0,0.0,0.0001997696712900997,0.0,0.0,111.66117742147276,36.61387148606434,2.0,,,,,,,0.0,False,0.0,1899.4001039255243,2019.3042527847072,False,0.0001997696712900997,2.0,0.0
1899.4001039255243,scheduling,DQN,,,,"[4.0,2.0,1.0,3.0,36.61387252807617,2.0,84.58430480957031,82.23765563964844,0.0,0.1666666716337204,0.0,1.0]",,,,,,,,,,,,,,,,,,36.61387148606434,2.0,0,4,True,"{""mid"":1,""t0"":1899.4001039255243,""t1"":1910.926431288085,""jid"":42,""oid"":1}",2042.3527536458066,False,,False,0.0,,,,,,0.0
1904.0478881077663,maintenance,DQN,129,24,4,"[0.9225162267684937,-0.07748379558324814,10.615331649780273,0.0,0.0,96.41535186767578,36.61387252807617,2.0,0.0002677572483662516,0.0,119.87154388427734,0.9225162267684937,0.009999999776482582,64.9020767211914,0.0022097239270806313,0.011591116897761822,0.0015780794201418757]",2,CM,20.0,0.9225162033272488,-0.07748379667275118,10.615331703492842,0.0,0,0.0,0.0002677572353119543,0.0,0.0,0.0,0.0002677572353119543,0.0,0.0,64.90207869532765,36.61387148606434,2.0,,,,,,,0.0,False,0.0,1904.0478881077663,2023.919433436431,False,0.0002677572353119543,2.0,0.0
1910.926431288085,maintenance,DQN,130,26,1,"[0.9574774503707886,-0.04252256080508232,20.165233612060547,0.0,0.0,102.61332702636719,36.61387252807617,2.0,0.00018877341062761843,0.0,119.909423828125,0.9574774503707886,0.009999999776482582,21.02002716064453,0.0023629709612578154,0.011591116897761822,0.0015780794201418757]",2,CM,20.0,0.9574774375208812,-0.042522562479118786,20.165234349222388,0.0,0,0.0,0.0001887734070928659,0.0,0.0,0.0,0.0001887734070928659,0.0,0.0,21.02002636488669,36.61387148606434,2.0,,,,,,,0.0,False,0.0,1910.926431288085,2030.8358542540548,False,0.0001887734070928659,2.0,0.0
1910.926431288085,scheduling,DQN,,,,"[3.0,2.0,2.0,3.0,36.61387252807617,2.0,102.61332702636719,102.2381362915039,0.0,0.0,0.0,1.0]",,,,,,,,,,,,,,,,,,36.61387148606434,2.0,0,2,True,"{""mid"":5,""t0"":1910.926431288085,""t1"":1926.9103456353805,""jid"":42,""oid"":2}",2042.3527536458066,False,,False,0.0,,,,,,0.0
1926.9103456353805,maintenance,DQN,131,17,5,"[0.9571325778961182,-0.04286741092801094,19.994970321655273,0.0,0.0,87.0984115600586,36.61387252807617,2.0,0.00018942538008559495,0.0,119.90911102294922,0.9571325778961182,0.009999999776482582,279.3373718261719,0.0019716783426702023,0.011591116897761822,0.0015780794201418757]",2,CM,20.0,0.9571325907785713,-0.04286740922142873,19.994970686264484,0.0,0,0.0,0.00018942538624395943,0.0,0.0,0.0,0.00018942538624395943,0.0,0.0,279.33737569788536,36.61387148606434,2.0,,,,,,,0.0,False,0.0,1926.9103456353805,2046.8194558879827,False,0.00018942538624395943,2.0,0.0
1930.926431288085,scheduling,DQN,,,,"[5.0,1.0,1.0,3.0,36.61387252807617,2.0,83.08232116699219,83.08232116699219,0.0,0.0,0.0,1.0]",,,,,,,,,,,,,,,,,,36.61387148606434,2.0,0,3,True,"{""mid"":1,""t0"":1930.926431288085,""t1"":1946.4689788921241,""jid"":43,""oid"":2}",2051.266755980829,False,,False,0.0,,,,,,0.0
1946.4689788921241,maintenance,DQN,132,27,1,"[0.9684985876083374,-0.03150142356753349,27.57013702392578,0.0,0.0,83.08232116699219,36.61387252807617,2.0,0.00016907724784687161,0.0,119.91886901855469,0.9684985876083374,0.009999999776482582,15.542547225952148,0.0023653176613152027,0.011591116897761822,0.0015780794201418757]",2,CM,20.0,0.9684985753839354,-0.031501424616064644,27.570136461099317,0.0,0,0.0,0.00016907725025418376,0.0,0.0,0.0,0.00016907725025418376,0.0,0.0,15.5425476040391,36.61387148606434,2.0,,,,,,,0.0,False,0.0,1946.4689788921241,2066.387849249448,False,0.00016907725025418376,2.0,0.0
1946.4689788921241,scheduling,DQN,,,,"[4.0,1.0,1.0,3.0,36.61387252807617,2.0,83.08232116699219,83.08232116699219,0.0,0.0,0.0,1.0]",,,,,,,,,,,,,,,,,,36.61387148606434,2.0,0,1,True,"{""mid"":3,""t0"":1946.4689788921241,""t1"":1968.1844327771137,""jid"":43,""oid"":3}",2051.266755980829,False,,False,0.0,,,,,,0.0
1968.1844327771137,maintenance,DQN,133,22,3,"[0.9775177836418152,-0.02248220331966877,39.03166198730469,0.0,0.0,150.0,36.61387252807617,2.0,0.00015449752390850335,0.0,119.92586517333984,0.9775177836418152,0.009999999776482582,134.5896453857422,0.0021290734875947237,0.011591116897761822,0.0015780794201418757]",2,CM,20.0,0.9775177958040407,-0.022482204195959254,39.03166202723832,0.0,0,0.0,0.00015449752711179122,0.0,0.0,0.0,0.00015449752711179122,0.0,0.0,134.58964204596737,36.61387148606434,2.0,,,,,,,0.0,False,0.0,1968.1844327771137,2088.110296874087,False,0.00015449752711179122,2.0,0.0
2026.695827929481,scheduling,DQN,,,,"[6.0,1.0,1.0,3.0,95.18303680419922,2.0,99.31607055664062,99.31607055664062,0.0,0.0,0.0,0.0]",,,,,,,,,,,,,,,,,,95.18303790282448,2.0,1,2,True,"{""mid"":2,""t0"":2026.695827929481,""t1"":2037.1540456069458,""jid"":44,""oid"":0}",2225.327967743635,False,,False,0.0,,,,,,0.0
2037.1540456069458,maintenance,DQN,134,24,2,"[0.9927758574485779,-0.007224156055599451,123.58202362060547,0.0,0.0,99.31607055664062,174.0829620361328,2.0,0.0001326374476775527,0.0,119.93634796142578,0.9927758574485779,0.009999999776482582,219.06846618652344,0.0021136444993317127,0.011591116897761822,0.0015780794201418757]",2,CM,20.0,0.9927758439207057,-0.007224156079294275,123.58202593096807,0.0,0,0.0,0.00013263745083255468,0.0,0.0,0.0,0.00013263745083255468,0.0,0.0,219.0684711386375,174.08295707131333,2.0,,,,,,,0.0,False,0.0,2037.1540456069458,2157.0903965165453,False,0.00013263745083255468,2.0,0.0
2037.1540456069458,scheduling,DQN,,,,"[5.0,1.0,1.0,2.0,174.0829620361328,2.0,99.31607055664062,99.31607055664062,0.0,0.0,0.0,0.0]",,,,,,,,,,,,,,,,,,174.08295707131333,2.0,0,3,True,"{""mid"":5,""t0"":2037.1540456069458,""t1"":2060.81306301503,""jid"":44,""oid"":1}",2225.327967743635,False,,False,0.0,,,,,,0.0
2060.81306301503,maintenance,DQN,135,18,5,"[0.9396606087684631,-0.060339391231536865,13.915629386901855,0.0,0.0,105.10502624511719,200.0,2.0,0.0002255808940390125,0.0,119.89176940917969,0.9396606087684631,0.009999999776482582,113.90271759033203,0.0019728452898561954,0.011591116897761822,0.0015780794201418757]",2,CM,20.0,0.9396606094357092,-0.06033939056429083,13.915629600883387,0.0,0,0.0,0.00022558090097897447,0.0,0.0,0.0,0.00022558090097897447,0.0,0.0,113.9027173796494,200.0,2.0,,,,,,,0.0,False,0.0,2060.81306301503,2180.7048330191433,False,0.00022558090097897447,2.0,0.0
2060.81306301503,scheduling,DQN,,,,"[5.0,1.0,1.0,1.0,200.0,2.0,105.10502624511719,105.10502624511719,0.0,0.0,0.0,0.0]",,,,,,,,,,,,,,,,,,200.0,2.0,0,3,True,"{""mid"":2,""t0"":2060.81306301503,""t1"":2068.640151221736,""jid"":44,""oid"":2}",2225.327967743635,False,,False,0.0,,,,,,0.0
2068.640151221736,maintenance,DQN,136,25,2,"[0.9712703227996826,-0.028729671612381935,30.32649803161621,0.0,0.0,125.30996704101562,200.0,2.0,0.00016445595247205347,0.0,119.92108917236328,0.9712703227996826,0.009999999776482582,11.486105918884277,0.002091356785967946,0.011591116897761822,0.0015780794201418757]",2,CM,20.0,0.9712703292686099,-0.0287296707313901,30.326498949974322,0.0,0,0.0,0.0001644559570068381,0.0,0.0,0.0,0.0001644559570068381,0.0,0.0,11.486105614789722,200.0,2.0,,,,,,,0.0,False,0.0,2068.640151221736,2188.5612383206117,False,0.0001644559570068381,2.0,0.0
2068.640151221736,scheduling,DQN,,,,"[4.0,1.0,1.0,1.0,200.0,2.0,125.30996704101562,125.30996704101562,0.0,0.0,0.0,0.0]",,,,,,,,,,,,,,,,,,200.0,2.0,0,1,True,"{""mid"":1,""t0"":2068.640151221736,""t1"":2094.730075211059,""jid"":44,""oid"":3}",2225.327967743635,False,,False,0.0,,,,,,0.0
2094.730075211059,maintenance,DQN,137,28,1,"[0.946806788444519,-0.05319320410490036,15.919454574584961,0.0,0.0,123.57138061523438,200.0,2.0,0.00021002624998800457,0.0,119.89923095703125,0.946806788444519,0.009999999776482582,128.26109313964844,0.002361629856750369,0.011591116897761822,0.0015780794201418757]",2,CM,20.0,0.9468067959606616,-0.05319320403933836,15.919454585484575,0.0,0,0.0,0.00021002625569963704,0.0,0.0,0.0,0.00021002625569963704,0.0,0.0,128.26109631893496,200.0,2.0,,,,,,,0.0,False,0.0,2094.730075211059,2214.629304943054,False,0.00021002625569963704,2.0,0.0
2114.730075211059,scheduling,DQN,,,,"[6.0,1.0,1.0,1.0,200.0,2.0,103.57138061523438,103.57138061523438,0.0,0.0,0.0,0.0]",,,,,,,,,,,,,,,,,,200.0,2.0,2,1,True,"{""mid"":1,""t0"":2114.730075211059,""t1"":2121.7565875486753,""jid"":44,""oid"":4}",2225.327967743635,False,,False,0.0,,,,,,0.0
2121.7565875486753,maintenance,DQN,138,29,1,"[0.9780977368354797,-0.021902257576584816,40.091651916503906,0.0,0.0,150.0,200.0,2.0,0.00015360425459221005,0.0,119.9262924194336,0.9780977368354797,0.009999999776482582,7.026512145996094,0.002362300409004092,0.011591116897761822,0.0015780794201418757]",2,CM,20.0,0.9780977419457975,-0.02190225805420254,40.0916535533792,0.0,0,0.0,0.00015360425504609847,0.0,0.0,0.0,0.00015360425504609847,0.0,0.0,7.026512337616168,200.0,2.0,,,,,,,0.0,False,0.0,2121.7565875486753,2241.6828801521115,False,0.00015360425504609847,2.0,0.0
2138.8504387690537,scheduling,DQN,,,,"[5.0,1.0,1.0,2.0,112.15460968017578,2.0,75.43110656738281,75.43110656738281,0.0,0.0,0.0,0.0]",,,,,,,,,,,,,,,,,,112.15461083957257,2.0,0,4,True,"{""mid"":0,""t0"":2138.8504387690537,""t1"":2162.525857168134,""jid"":45,""oid"":0}",2289.712655064267,False,,False,0.0,,,,,,0.0
2162.525857168134,maintenance,DQN,139,21,0,"[1.0,0.0,100.0,0.0,0.0,66.666259765625,112.15460968017578,2.0,0.00012339458044152707,0.0,119.94078826904297,1.0,0.009999999776482582,243.12574768066406,0.001988692907616496,0.011591116897761822,0.0015780794201418757]",2,CM,20.0,1.0,0.0,100.0,0.0,0,0.0,0.00012339457598623172,0.0,0.0,0.0,0.00012339457598623172,0.0,0.0,243.12575324260956,112.15461083957257,2.0,,,,,,,0.0,False,0.0,2162.525857168134,2282.4666423864282,False,0.00012339457598623172,2.0,0.0
2162.525857168134,scheduling,DQN,,,,"[5.0,1.0,1.0,2.0,112.15460968017578,2.0,66.666259765625,66.666259765625,0.0,0.0,0.0,0.0]",,,,,,,,,,,,,,,,,,112.15461083957257,2.0,0,4,True,"{""mid"":2,""t0"":2162.525857168134,""t1"":2178.7277921327536,""jid"":45,""oid"":1}",2289.712655064267,False,,False,0.0,,,,,,0.0
2169.6402844991526,scheduling,DQN,,,,"[4.0,2.0,1.0,3.0,71.47222900390625,2.0,79.70661163330078,63.58279037475586,0.0,0.1666666716337204,0.0,0.0]",,,,,,,,,,,,,,,,,,71.47222828483575,2.0,0,4,True,"{""mid"":1,""t0"":2169.6402844991526,""t1"":2193.796589386192,""jid"":46,""oid"":0}",2369.3630567967834,False,,False,0.0,,,,,,0.0
2175.740366274683,scheduling,DQN,,,,"[3.0,3.0,1.0,4.0,49.68151092529297,2.0,70.81423950195312,55.807334899902344,0.0,0.3333333432674408,0.0,0.0]",,,,,,,,,,,,,,,,,,49.68151278173392,2.0,0,4,True,"{""mid"":4,""t0"":2175.740366274683,""t1"":2205.6459660954415,""jid"":47,""oid"":0}",2306.199669931337,False,,False,0.0,,,,,,0.0
2178.7277921327536,maintenance,DQN,140,26,2,"[0.9669592380523682,-0.033040743321180344,26.23909568786621,0.0,0.0,73.22745513916016,49.68151092529297,2.0,0.00017169957573059946,0.0,119.91761016845703,0.9669592380523682,0.009999999776482582,90.08763885498047,0.002092343522235751,0.011591116897761822,0.0015780794201418757]",2,CM,20.0,0.9669592554730263,-0.0330407445269737,26.239095634339016,0.0,0,0.0,0.00017169957435865936,0.0,0.0,0.0,0.00017169957435865936,0.0,0.0,90.08764091101784,49.68151278173392,2.0,,,,,,,0.0,False,0.0,2178.7277921327536,2298.6454046320973,False,0.00017169957435865936,2.0,0.0
2178.7277921327536,scheduling,DQN,,,,"[2.0,3.0,1.0,4.0,49.68151092529297,2.0,73.22745513916016,63.12703323364258,0.0,0.3333333432674408,0.0,0.0]",,,,,,,,,,,,,,,,,,49.68151278173392,2.0,0,4,True,"{""mid"":5,""t0"":2178.7277921327536,""t1"":2184.1704172907016,""jid"":45,""oid"":2}",2289.712655064267,False,,False,0.0,,,,,,0.0
2184.1704172907016,maintenance,DQN,141,19,5,"[0.9760404229164124,-0.023959554731845856,36.56330108642578,0.0,0.0,76.20089721679688,49.68151092529297,2.0,0.00015679658099543303,0.0,119.92475891113281,0.9760404229164124,0.009999999776482582,103.35735321044922,0.001972261816263199,0.011591116897761822,0.0015780794201418757]",2,CM,20.0,0.9760404454035633,-0.023959554596436727,36.563302622238574,0.0,0,0.0,0.00015679657978064811,0.0,0.0,0.0,0.00015679657978064811,0.0,0.0,103.3573542756717,49.68151278173392,2.0,,,,,,,0.0,False,0.0,2184.1704172907016,2304.095178529234,False,0.00015679657978064811,2.0,0.0
2184.1704172907016,scheduling,DQN,,,,"[2.0,3.0,1.0,4.0,49.68151092529297,2.0,76.20089721679688,62.50593185424805,0.0,0.3333333432674408,0.0,0.0]",,,,,,,,,,,,,,,,,,49.68151278173392,2.0,0,4,True,"{""mid"":0,""t0"":2184.1704172907016,""t1"":2222.637158925136,""jid"":45,""oid"":3}",2289.712655064267,False,,False,0.0,,,,,,0.0
2193.796589386192,maintenance,DQN,142,30,1,"[0.9237726926803589,-0.07622731477022171,10.806791305541992,0.0,0.0,72.09357452392578,49.68151092529297,2.0,0.00026441484806127846,0.0,119.8731460571289,0.9237726926803589,0.009999999776482582,52.040000915527344,0.0023636415135115385,0.011591116897761822,0.0015780794201418757]",2,CM,20.0,0.923772683638115,-0.07622731636188496,10.80679109477369,0.0,0,0.0,0.0002644148501235407,0.0,0.0,0.0,0.0002644148501235407,0.0,0.0,52.040001837516684,49.68151278173392,2.0,,,,,,,0.0,False,0.0,2193.796589386192,2313.6697373530806,False,0.0002644148501235407,2.0,0.0
2193.796589386192,scheduling,DQN,,,,"[1.0,3.0,1.0,4.0,49.68151092529297,2.0,72.09357452392578,53.107879638671875,0.0,0.3333333432674408,0.0,0.0]",,,,,,,,,,,,,,,,,,49.68151278173392,2.0,0,4,True,"{""mid"":3,""t0"":2193.796589386192,""t1"":2206.463751829609,""jid"":46,""oid"":1}",2369.3630567967834,False,,False,0.0,,,,,,0.0
2200.7317881264917,scheduling,DQN,,,,"[1.0,4.0,1.0,5.0,43.50899124145508,2.0,71.24034881591797,49.1399040222168,0.0,0.5,0.0,0.0]",,,,,,,,,,,,,,,,,,43.508990049252645,2.0,0,4,True,"{""mid"":2,""t0"":2200.7317881264917,""t1"":2237.536615120748,""jid"":48,""oid"":0}",2379.7043274087364,False,,False,0.0,,,,,,0.0
2205.6459660954415,maintenance,DQN,143,25,4,"[0.9474952220916748,-0.0525047592818737,16.14130210876465,0.0,0.0,71.85456848144531,43.50899124145508,2.0,0.00020858561038039625,0.0,119.89991760253906,0.9474952220916748,0.009999999776482582,281.59808349609375,0.0022035001311451197,0.011591116897761822,0.0015780794201418757]",2,CM,20.0,0.9474952393647647,-0.05250476063523535,16.141302790665808,0.0,0,0.0,0.00020858561009661752,0.0,0.0,0.0,0.00020858561009661752,0.0,0.0,281.5980779876752,43.508990049252645,2.0,,,,,,,0.0,False,0.0,2205.6459660954415,2325.54588675862,False,0.00020858561009661752,2.0,0.0
2205.6459660954415,scheduling,DQN,,,,"[1.0,4.0,1.0,5.0,43.50899124145508,2.0,71.85456848144531,59.70524215698242,0.0,0.5,0.0,0.0]",,,,,,,,,,,,,,,,,,43.508990049252645,2.0,0,4,True,"{""mid"":5,""t0"":2205.6459660954415,""t1"":2209.9649564925317,""jid"":47,""oid"":1}",2306.199669931337,False,,False,0.0,,,,,,0.0
2206.463751829609,maintenance,DQN,144,23,3,"[0.9816394448280334,-0.018360527232289314,48.01820373535156,0.0,0.0,74.20357513427734,43.50899124145508,2.0,0.00014826000551693141,0.0,119.9288558959961,0.9816394448280334,0.009999999776482582,218.27931213378906,0.0021187474485486746,0.011591116897761822,0.0015780794201418757]",2,CM,20.0,0.9816394735382598,-0.018360526461740245,48.018202276248694,0.0,0,0.0,0.0001482600092443458,0.0,0.0,0.0,0.0001482600092443458,0.0,0.0,218.27931905249534,43.508990049252645,2.0,,,,,,,0.0,False,0.0,2206.463751829609,2326.39260812279,False,0.0001482600092443458,2.0,0.0
2209.9649564925317,maintenance,DQN,145,20,5,"[1.0,0.0,100.0,0.0,0.0,75.15179443359375,43.50899124145508,2.0,0.00012339458044152707,0.0,119.94078826904297,1.0,0.009999999776482582,5.794538974761963,0.001972553553059697,0.011591116897761822,0.0015780794201418757]",2,CM,20.0,1.0,0.0,100.0,0.0,0,0.0,0.00012339457598623172,0.0,0.0,0.0,0.00012339457598623172,0.0,0.0,5.794539201830048,43.508990049252645,2.0,,,,,,,0.0,False,0.0,2209.9649564925317,2329.905741710826,False,0.00012339457598623172,2.0,0.0
2213.796589386192,scheduling,DQN,,,,"[1.0,4.0,2.0,5.0,43.50899124145508,2.0,71.32015991210938,59.917388916015625,0.0,0.3333333432674408,0.0,0.0]",,,,,,,,,,,,,,,,,,43.508990049252645,2.0,0,4,True,"{""mid"":1,""t0"":2213.796589386192,""t1"":2243.7223293212783,""jid"":47,""oid"":2}",2306.199669931337,False,,False,0.0,,,,,,0.0
2222.637158925136,maintenance,DQN,146,22,0,"[0.974094808101654,-0.025905221700668335,33.74203109741211,0.0,0.0,67.3044204711914,43.50899124145508,2.0,0.00015987669758033007,0.0,119.92328643798828,0.974094808101654,0.009999999776482582,40.11130142211914,0.001989597687497735,0.011591116897761822,0.0015780794201418757]",2,CM,20.0,0.9740947790487907,-0.025905220951209285,33.74203141116181,0.0,0,0.0,0.00015987669757745263,0.0,0.0,0.0,0.00015987669757745263,0.0,0.0,40.111301757002366,43.508990049252645,2.0,,,,,,,0.0,False,0.0,2222.637158925136,2342.560442643205,False,0.00015987669757745263,2.0,0.0
2225.6459660954415,scheduling,DQN,,,,"[1.0,3.0,1.0,5.0,43.50899124145508,2.0,64.29560852050781,57.102691650390625,0.0,0.3333333432674408,0.0,0.0]",,,,,,,,,,,,,,,,,,43.508990049252645,2.0,0,4,True,"{""mid"":4,""t0"":2225.6459660954415,""t1"":2255.2439294399587,""jid"":46,""oid"":2}",2369.3630567967834,False,,False,0.0,,,,,,0.0
2237.536615120748,maintenance,DQN,147,27,2,"[0.9400286674499512,-0.05997135490179062,14.00716495513916,0.0,0.0,61.071693420410156,20.627117156982422,2.0,0.00022475239529740065,0.0,119.89216613769531,0.9400286674499512,0.009999999776482582,38.80882263183594,0.0021285281982272863,0.011591116897761822,0.0015780794201418757]",2,CM,20.0,0.9400286448537641,-0.05997135514623586,14.007164633939226,0.0,0,0.0,0.00022475239549239257,0.0,0.0,0.0,0.00022475239549239257,0.0,0.0,38.80882298799452,20.62711645247934,2.0,,,,,,,0.0,False,0.0,2237.536615120748,2357.428782449477,False,0.00022475239549239257,2.0,0.0
2237.536615120748,scheduling,DQN,,,,"[2.0,3.0,1.0,4.0,20.627117156982422,2.0,61.071693420410156,46.91350555419922,0.0,0.3333333432674408,0.0,1.0]",,,,,,,,,,,,,,,,,,20.62711645247934,2.0,0,4,True,"{""mid"":5,""t0"":2237.536615120748,""t1"":2261.2722683966945,""jid"":48,""oid"":1}",2379.7043274087364,False,,False,0.0,,,,,,0.0
2243.7223293212783,maintenance,DQN,148,31,1,"[0.9161895513534546,-0.08381042629480362,9.738520622253418,0.0,0.0,63.74947738647461,20.627117156982422,2.0,0.0002852395991794765,0.0,119.86316680908203,0.9161895513534546,0.009999999776482582,29.925739288330078,0.0023636415135115385,0.011591116897761822,0.0015780794201418757]",2,CM,20.0,0.9161895713774093,-0.0838104286225907,9.738520429871771,0.0,0,0.0,0.000285239610000606,0.0,0.0,0.0,0.000285239610000606,0.0,0.0,29.925739935086312,20.62711645247934,2.0,,,,,,,0.0,False,0.0,2243.7223293212783,2363.5854923859506,False,0.000285239610000606,2.0,0.0
2255.2439294399587,maintenance,DQN,149,26,4,"[0.9463273286819458,-0.053672682493925095,15.768306732177734,0.0,0.0,65.71448516845703,20.627117156982422,2.0,0.00021103548351675272,0.0,119.89874267578125,0.9463273286819458,0.009999999776482582,29.597963333129883,0.0022096193861216307,0.011591116897761822,0.0015780794201418757]",2,CM,20.0,0.9463273183039258,-0.0536726816960742,15.768306921877336,0.0,0,0.0,0.0002110354897425002,0.0,0.0,0.0,0.0002110354897425002,0.0,0.0,29.59796334451721,20.62711645247934,2.0,,,,,,,0.0,False,0.0,2255.2439294399587,2375.142675147393,False,0.0002110354897425002,2.0,0.0
2257.536615120748,scheduling,DQN,,,,"[3.0,2.0,1.0,4.0,20.627117156982422,2.0,63.42180252075195,59.62966537475586,0.0,0.1666666716337204,0.0,1.0]",,,,,,,,,,,,,,,,,,20.62711645247934,2.0,0,4,True,"{""mid"":2,""t0"":2257.536615120748,""t1"":2267.531633765995,""jid"":46,""oid"":3}",2369.3630567967834,False,,False,0.0,,,,,,0.0
2261.2722683966945,maintenance,DQN,150,21,5,"[0.9358927607536316,-0.0641072541475296,13.038971900939941,0.0,0.0,75.82380676269531,20.627117156982422,2.0,0.00023424062237609178,0.0,119.88761901855469,0.9358927607536316,0.009999999776482582,31.30731201171875,0.001972261816263199,0.011591116897761822,0.0015780794201418757]",2,CM,20.0,0.9358927424438684,-0.06410725755613156,13.038972096286768,0.0,0,0.0,0.00023424061715220836,0.0,0.0,0.0,0.00023424061715220836,0.0,0.0,31.307311904162816,20.62711645247934,2.0,,,,,,,0.0,False,0.0,2261.2722683966945,2381.159885557934,False,0.00023424061715220836,2.0,0.0
2263.7223293212783,scheduling,DQN,,,,"[3.0,2.0,1.0,4.0,20.627117156982422,2.0,73.37374114990234,64.25575256347656,0.0,0.1666666716337204,0.0,1.0]",,,,,,,,,,,,,,,,,,20.62711645247934,2.0,0,4,True,"{""mid"":1,""t0"":2263.7223293212783,""t1"":2294.9330956736153,""jid"":48,""oid"":2}",2379.7043274087364,False,,False,0.0,,,,,,0.0
2267.271993342697,scheduling,DQN,,,,"[2.0,3.0,1.0,5.0,32.10538864135742,2.0,76.77936553955078,62.98558807373047,0.0,0.3333333432674408,0.0,1.0]",,,,,,,,,,,,,,,,,,32.10538864341083,2.0,0,4,True,"{""mid"":3,""t0"":2267.271993342697,""t1"":2289.3746807625803,""jid"":49,""oid"":0}",2448.651856063102,False,,False,0.0,,,,,,0.0
2267.531633765995,maintenance,DQN,151,28,2,"[0.9914180636405945,-0.008581934496760368,103.87146759033203,0.0,0.0,79.85139465332031,32.10538864135742,2.0,0.000134450412588194,0.0,119.93547821044922,0.9914180636405945,0.009999999776482582,9.99501895904541,0.0021455767564475536,0.011591116897761822,0.0015780794201418757]",2,CM,20.0,0.9914180658497029,-0.008581934150297066,103.87146419887716,0.0,0,0.0,0.0001344504110548889,0.0,0.0,0.0,0.0001344504110548889,0.0,0.0,9.995018645247,32.10538864341083,2.0,,,,,,,0.0,False,0.0,2267.531633765995,2387.4671149194146,False,0.0001344504110548889,2.0,0.0
2267.531633765995,scheduling,DQN,,,,"[1.0,3.0,1.0,5.0,32.10538864135742,2.0,79.85139465332031,70.72196197509766,0.0,0.3333333432674408,0.0,1.0]",,,,,,,,,,,,,,,,,,32.10538864341083,2.0,0,4,True,"{""mid"":0,""t0"":2267.531633765995,""t1"":2307.6195993829706,""jid"":46,""oid"":4}",2369.3630567967834,False,,False,0.0,,,,,,0.0
2289.3746807625803,maintenance,DQN,152,24,3,"[0.987636148929596,-0.012363827787339687,71.7929916381836,0.0,0.0,62.861968994140625,32.10538864135742,2.0,0.00013963182573206723,0.0,119.93299865722656,0.987636148929596,0.009999999776482582,62.91093063354492,0.0020713359117507935,0.011591116897761822,0.0015780794201418757]",2,CM,20.0,0.9876361723058678,-0.012363827694132246,71.7929911565438,0.0,0,0.0,0.00013963183284696276,0.0,0.0,0.0,0.00013963183284696276,0.0,0.0,62.910928932971274,32.10538864341083,2.0,,,,,,,0.0,False,0.0,2289.3746807625803,2409.3076761964962,False,0.00013963183284696276,2.0,0.0
2289.3746807625803,scheduling,DQN,,,,"[3.0,3.0,1.0,5.0,32.10538864135742,2.0,62.861968994140625,48.8789176940918,0.0,0.3333333432674408,0.0,1.0]",,,,,,,,,,,,,,,,,,32.10538864341083,2.0,0,4,True,"{""mid"":4,""t0"":2289.3746807625803,""t1"":2305.6449214932163,""jid"":49,""oid"":1}",2448.651856063102,False,,False,0.0,,,,,,0.0
2294.9330956736153,maintenance,DQN,153,32,1,"[0.9138259291648865,-0.08617405593395233,9.443978309631348,0.0,0.0,59.17509841918945,32.10538864135742,2.0,0.00029205993632785976,0.0,119.85989379882812,0.9138259291648865,0.009999999776482582,31.210765838623047,0.0023686704225838184,0.011591116897761822,0.0015780794201418757]",2,CM,20.0,0.9138259442071828,-0.08617405579281723,9.443978662949467,0.0,0,0.0,0.000292059927771977,0.0,0.0,0.0,0.000292059927771977,0.0,0.0,31.210766352337032,32.10538864341083,2.0,,,,,,,0.0,False,0.0,2294.9330956736153,2414.7929887634473,False,0.000292059927771977,2.0,0.0
2305.6449214932163,maintenance,DQN,154,27,4,"[0.9804433584213257,-0.019556663930416107,45.020118713378906,0.0,0.0,58.06237030029297,32.10538864135742,2.0,0.00015004377928562462,0.0,119.9280014038086,0.9804433584213257,0.009999999776482582,30.400991439819336,0.002209319733083248,0.011591116897761822,0.0015780794201418757]",2,CM,20.0,0.9804433366343703,-0.019556663365629667,45.020120261502626,0.0,0,0.0,0.00015004378276110305,0.0,0.0,0.0,0.00015004378276110305,0.0,0.0,30.400992053257596,32.10538864341083,2.0,,,,,,,0.0,False,0.0,2305.6449214932163,2425.5729220857793,False,0.00015004378276110305,2.0,0.0
2305.6449214932163,scheduling,DQN,,,,"[2.0,2.0,1.0,5.0,32.10538864135742,2.0,58.06237030029297,35.65142059326172,0.0,0.1666666716337204,0.0,1.0]",,,,,,,,,,,,,,,,,,32.10538864341083,2.0,0,2,True,"{""mid"":2,""t0"":2305.6449214932163,""t1"":2343.2292804193335,""jid"":49,""oid"":2}",2448.651856063102,False,,False,0.0,,,,,,0.0
2307.6195993829706,maintenance,DQN,155,23,0,"[0.9840745329856873,-0.01592548005282879,55.513214111328125,0.0,0.0,84.10137939453125,32.10538864135742,2.0,0.00014469392772298306,0.0,119.9305648803711,0.9840745329856873,0.009999999776482582,64.98243713378906,0.001990502467378974,0.011591116897761822,0.0015780794201418757]",2,CM,20.0,0.9840745208164112,-0.015925479183588775,55.513213173984184,0.0,0,0.0,0.00014469392443054344,0.0,0.0,0.0,0.00014469392443054344,0.0,0.0,64.9824404578344,32.10538864341083,2.0,,,,,,,0.0,False,0.0,2307.6195993829706,2427.5501663942455,False,0.00014469392443054344,2.0,0.0
2321.761586829828,scheduling,DQN,,,,"[3.0,2.0,1.0,6.0,36.58222961425781,2.0,75.57351684570312,71.08221435546875,0.0,0.1666666716337204,0.0,1.0]",,,,,,,,,,,,,,,,,,36.582229612154876,2.0,0,1,True,"{""mid"":3,""t0"":2321.761586829828,""t1"":2328.528310435687,""jid"":50,""oid"":0}",2484.1368670874667,False,,False,0.0,,,,,,0.0
2328.528310435687,maintenance,DQN,156,25,3,"[0.9914681315422058,-0.008531874977052212,104.48677825927734,0.0,0.0,78.59709930419922,36.58222961425781,2.0,0.00013438313908409327,0.0,119.93551635742188,0.9914681315422058,0.009999999776482582,19.153629302978516,0.00205860729329288,0.011591116897761822,0.0015780794201418757]",2,CM,20.0,0.9914681252522832,-0.008531874747716772,104.48678064464676,0.0,0,0.0,0.00013438313186819891,0.0,0.0,0.0,0.00013438313186819891,0.0,0.0,19.153629673106934,36.582229612154876,2.0,,,,,,,0.0,False,0.0,2328.528310435687,2448.4638238657576,False,0.00013438313186819891,2.0,0.0
2328.528310435687,scheduling,DQN,,,,"[4.0,2.0,1.0,6.0,36.58222961425781,2.0,78.59709930419922,66.27355194091797,0.0,0.1666666716337204,0.0,1.0]",,,,,,,,,,,,,,,,,,36.582229612154876,2.0,0,4,True,"{""mid"":0,""t0"":2328.528310435687,""t1"":2362.6198640528282,""jid"":50,""oid"":1}",2484.1368670874667,False,,False,0.0,,,,,,0.0
2332.728294905399,scheduling,DQN,,,,"[3.0,3.0,1.0,7.0,32.3129768371582,2.0,85.46048736572266,65.15445709228516,0.0,0.3333333432674408,0.0,1.0]",,,,,,,,,,,,,,,,,,32.31297602272419,2.0,0,4,True,"{""mid"":1,""t0"":2332.728294905399,""t1"":2365.5601944594237,""jid"":51,""oid"":0}",2547.9027293202316,False,,False,0.0,,,,,,0.0
2343.2292804193335,maintenance,DQN,157,29,2,"[0.9373109936714172,-0.06268899142742157,13.356588363647461,0.0,0.0,86.27684020996094,32.61760330200195,2.0,0.00023094266362022609,0.0,119.88919830322266,0.9373109936714172,0.009999999776482582,55.69764709472656,0.0021492214873433113,0.011591116897761822,0.0015780794201418757]",2,CM,20.0,0.9373110122575647,-0.06268898774243525,13.356588492029111,0.0,0,0.0,0.0002309426626452174,0.0,0.0,0.0,0.0002309426626452174,0.0,0.0,55.697646653338325,32.617602081249245,2.0,,,,,,,0.0,False,0.0,2343.2292804193335,2463.118479126634,False,0.0002309426626452174,2.0,0.0
2343.2292804193335,scheduling,DQN,,,,"[2.0,3.0,1.0,6.0,32.61760330200195,2.0,86.27684020996094,79.92919921875,0.0,0.3333333432674408,0.0,1.0]",,,,,,,,,,,,,,,,,,32.617602081249245,2.0,0,4,True,"{""mid"":4,""t0"":2343.2292804193335,""t1"":2349.2804008317094,""jid"":49,""oid"":3}",2448.651856063102,False,,False,0.0,,,,,,0.0
2349.2804008317094,maintenance,DQN,158,28,4,"[0.9907335042953491,-0.009266496635973454,96.12408447265625,0.0,0.0,82.14228057861328,32.61760330200195,2.0,0.00013537384802475572,0.0,119.9350357055664,0.9907335042953491,0.009999999776482582,23.635478973388672,0.002215190790593624,0.011591116897761822,0.0015780794201418757]",2,CM,20.0,0.9907335030355143,-0.009266496964485671,96.12408080953315,0.0,0,0.0,0.00013537384109789827,0.0,0.0,0.0,0.00013537384109789827,0.0,0.0,23.63547933849304,32.617602081249245,2.0,,,,,,,0.0,False,0.0,2349.2804008317094,2469.215438977841,False,0.00013537384109789827,2.0,0.0
2362.6198640528282,maintenance,DQN,159,24,0,"[0.9960098266601562,-0.0039901575073599815,224.55499267578125,0.0,0.0,85.84859466552734,32.61760330200195,2.0,0.00012841711577493697,0.0,119.9383773803711,0.9960098266601562,0.009999999776482582,35.00026321411133,0.0019850737880915403,0.011591116897761822,0.0015780794201418757]",2,CM,20.0,0.9960098422966935,-0.003990157703306463,224.55499479487008,0.0,0,0.0,0.00012841711922061564,0.0,0.0,0.0,0.00012841711922061564,0.0,0.0,35.00026466985764,32.617602081249245,2.0,,,,,,,0.0,False,0.0,2362.6198640528282,2482.5582396642103,False,0.00012841711922061564,2.0,0.0
2365.5601944594237,maintenance,DQN,160,33,1,"[0.918737530708313,-0.08126246184110641,10.075224876403809,0.0,0.0,99.32421112060547,32.61760330200195,2.0,0.000278065592283383,0.0,119.8666000366211,0.918737530708313,0.009999999776482582,50.627098083496094,0.002365988213568926,0.011591116897761822,0.0015780794201418757]",2,CM,20.0,0.9187375383301082,-0.08126246166989182,10.075224421037381,0.0,0,0.0,0.00027806560370251357,0.0,0.0,0.0,0.00027806560370251357,0.0,0.0,50.62709878580836,32.617602081249245,2.0,,,,,,,0.0,False,0.0,2365.5601944594237,2485.4267971697946,False,0.00027806560370251357,2.0,0.0
2365.5601944594237,scheduling,DQN,,,,"[3.0,2.0,2.0,6.0,32.61760330200195,2.0,99.32421112060547,92.71380615234375,0.0,0.0,0.0,1.0]",,,,,,,,,,,,,,,,,,32.617602081249245,2.0,0,5,True,"{""mid"":2,""t0"":2365.5601944594237,""t1"":2401.6214024011315,""jid"":51,""oid"":1}",2547.9027293202316,False,,False,0.0,,,,,,0.0
2382.6198640528282,scheduling,DQN,,,,"[4.0,2.0,1.0,4.0,43.998836517333984,2.0,82.26454162597656,75.65413665771484,0.0,0.1666666716337204,0.0,0.0]",,,,,,,,,,,,,,,,,,43.998835592969044,2.0,0,4,True,"{""mid"":0,""t0"":2382.6198640528282,""t1"":2394.787853176303,""jid"":50,""oid"":2}",2484.1368670874667,False,,False,0.0,,,,,,0.0
2394.787853176303,maintenance,DQN,161,25,0,"[0.9911207556724548,-0.008879239670932293,100.36003112792969,0.0,0.0,74.72332000732422,43.998836517333984,2.0,0.00013485067756846547,0.0,119.93528747558594,0.9911207556724548,0.009999999776482582,12.167988777160645,0.001991407247260213,0.011591116897761822,0.0015780794201418757]",2,CM,20.0,0.9911207606829052,-0.008879239317094778,100.36003410419097,0.0,0,0.0,0.00013485067988526516,0.0,0.0,0.0,0.00013485067988526516,0.0,0.0,12.167989123474854,43.998835592969044,2.0,,,,,,,0.0,False,0.0,2394.787853176303,2514.7231423041376,False,0.00013485067988526516,2.0,0.0
2394.787853176303,scheduling,DQN,,,,"[4.0,2.0,1.0,4.0,43.998836517333984,2.0,74.72332000732422,71.8143310546875,0.0,0.1666666716337204,0.0,0.0]",,,,,,,,,,,,,,,,,,43.998835592969044,2.0,0,4,True,"{""mid"":3,""t0"":2394.787853176303,""t1"":2414.019030274236,""jid"":50,""oid"":3}",2484.1368670874667,False,,False,0.0,,,,,,0.0
2396.195751814221,scheduling,DQN,,,,"[3.0,3.0,1.0,5.0,48.865989685058594,2.0,83.12315368652344,71.13367462158203,0.0,0.3333333432674408,0.0,0.0]",,,,,,,,,,,,,,,,,,48.86599092193228,2.0,0,4,True,"{""mid"":1,""t0"":2396.195751814221,""t1"":2430.3402388475206,""jid"":52,""oid"":0}",2601.6729902588377,False,,False,0.0,,,,,,0.0
2401.6214024011315,maintenance,DQN,162,30,2,"[0.9370175004005432,-0.06298251450061798,13.289680480957031,0.0,0.0,90.6883316040039,42.974586486816406,2.0,0.00023162137949839234,0.0,119.88887023925781,0.9370175004005432,0.009999999776482582,38.392120361328125,0.00215426879003644,0.011591116897761822,0.0015780794201418757]",2,CM,20.0,0.9370174863136894,-0.06298251368631058,13.289680537085605,0.0,0,0.0,0.0002316213778801852,0.0,0.0,0.0,0.0002316213778801852,0.0,0.0,38.39212198179803,42.9745861571746,2.0,,,,,,,0.0,False,0.0,2401.6214024011315,2521.5102756263714,False,0.0002316213778801852,2.0,0.0
2401.6214024011315,scheduling,DQN,,,,"[2.0,3.0,1.0,4.0,42.974586486816406,2.0,90.6883316040039,70.86541748046875,0.0,0.3333333432674408,0.0,0.0]",,,,,,,,,,,,,,,,,,42.9745861571746,2.0,0,4,True,"{""mid"":4,""t0"":2401.6214024011315,""t1"":2408.9848894786574,""jid"":51,""oid"":2}",2547.9027293202316,False,,False,0.0,,,,,,0.0
2408.9848894786574,maintenance,DQN,163,29,4,"[0.9886070489883423,-0.011392958462238312,77.99616241455078,0.0,0.0,89.1980972290039,42.974586486816406,2.0,0.00013828293594997376,0.0,119.93363952636719,0.9886070489883423,0.009999999776482582,39.70448684692383,0.002212894381955266,0.011591116897761822,0.0015780794201418757]",2,CM,20.0,0.9886070417959747,-0.011392958204025305,77.9961644625376,0.0,0,0.0,0.00013828293605478188,0.0,0.0,0.0,0.00013828293605478188,0.0,0.0,39.70448864694799,42.9745861571746,2.0,,,,,,,0.0,False,0.0,2408.9848894786574,2528.9185320232505,False,0.00013828293605478188,2.0,0.0
2414.019030274236,maintenance,DQN,164,26,3,"[0.9873919486999512,-0.012608075514435768,70.38282012939453,0.0,0.0,100.31798553466797,42.974586486816406,2.0,0.0001399732573190704,0.0,119.93283081054688,0.9873919486999512,0.009999999776482582,65.49072265625,0.00203134398907423,0.011591116897761822,0.0015780794201418757]",2,CM,20.0,0.9873919241326587,-0.01260807586734125,70.38281919220312,0.0,0,0.0,0.00013997325009324478,0.0,0.0,0.0,0.00013997325009324478,0.0,0.0,65.49071983854856,42.9745861571746,2.0,,,,,,,0.0,False,0.0,2414.019030274236,2533.9518619194914,False,0.00013997325009324478,2.0,0.0
2430.3402388475206,maintenance,DQN,165,34,1,"[0.9066764712333679,-0.09332355111837387,8.643868446350098,0.0,0.0,95.46666717529297,42.974586486816406,2.0,0.000313698488753289,0.0,119.84951782226562,0.9066764712333679,0.009999999776482582,44.78004455566406,0.0023679998703300953,0.011591116897761822,0.0015780794201418757]",2,CM,20.0,0.9066764505518257,-0.09332354944817434,8.64386808390523,0.0,0,0.0,0.0003136984909638196,0.0,0.0,0.0,0.0003136984909638196,0.0,0.0,44.78004438809694,42.9745861571746,2.0,,,,,,,0.0,False,0.0,2430.3402388475206,2550.1897580028303,False,0.0003136984909638196,2.0,0.0
2430.3402388475206,scheduling,DQN,,,,"[4.0,2.0,2.0,4.0,42.974586486816406,2.0,95.46666717529297,92.3204574584961,0.0,0.0,0.0,0.0]",,,,,,,,,,,,,,,,,,42.9745861571746,2.0,0,1,True,"{""mid"":4,""t0"":2430.3402388475206,""t1"":2435.473215506607,""jid"":52,""oid"":1}",2601.6729902588377,False,,False,0.0,,,,,,0.0
2434.019030274236,scheduling,DQN,,,,"[4.0,2.0,1.0,4.0,42.974586486816406,2.0,91.78787231445312,88.64167022705078,0.0,0.1666666716337204,0.0,0.0]",,,,,,,,,,,,,,,,,,42.9745861571746,2.0,0,4,True,"{""mid"":3,""t0"":2434.019030274236,""t1"":2452.182100579879,""jid"":51,""oid"":3}",2547.9027293202316,False,,False,0.0,,,,,,0.0
2435.473215506607,maintenance,DQN,166,30,4,"[0.9803164005279541,-0.019683586433529854,44.72337341308594,0.0,0.0,92.90017700195312,42.974586486816406,2.0,0.00015023432206362486,0.0,119.92790985107422,0.9803164005279541,0.009999999776482582,6.488326072692871,0.002212511608377099,0.011591116897761822,0.0015780794201418757]",2,CM,20.0,0.9803164133306063,-0.019683586669393738,44.723374256756856,0.0,0,0.0,0.00015023431556626126,0.0,0.0,0.0,0.00015023431556626126,0.0,0.0,6.4883260279498245,42.9745861571746,2.0,,,,,,,0.0,False,0.0,2435.473215506607,2555.4011246983314,False,0.00015023431556626126,2.0,0.0
2435.473215506607,scheduling,DQN,,,,"[3.0,2.0,1.0,4.0,42.974586486816406,2.0,92.90017700195312,91.80715942382812,0.0,0.1666666716337204,0.0,0.0]",,,,,,,,,,,,,,,,,,42.9745861571746,2.0,0,1,True,"{""mid"":5,""t0"":2435.473215506607,""t1"":2449.2033132038346,""jid"":52,""oid"":2}",2601.6729902588377,False,,False,0.0,,,,,,0.0
2449.2033132038346,maintenance,DQN,167,22,5,"[0.9749244451522827,-0.025075571611523628,34.89150619506836,0.0,0.0,88.81552124023438,42.974586486816406,2.0,0.00015855598030611873,0.0,119.92391967773438,0.9749244451522827,0.009999999776482582,167.93104553222656,0.001971386605873704,0.011591116897761822,0.0015780794201418757]",2,CM,20.0,0.9749244282229662,-0.02507557177703379,34.89150460865231,0.0,0,0.0,0.00015855597843079992,0.0,0.0,0.0,0.00015855597843079992,0.0,0.0,167.9310448071401,42.9745861571746,2.0,,,,,,,0.0,False,0.0,2449.2033132038346,2569.127230463485,False,0.00015855597843079992,2.0,0.0
2449.2033132038346,scheduling,DQN,,,,"[2.0,2.0,1.0,4.0,42.974586486816406,2.0,88.81552124023438,82.19217681884766,0.0,0.1666666716337204,0.0,0.0]",,,,,,,,,,,,,,,,,,42.9745861571746,2.0,0,4,True,"{""mid"":0,""t0"":2449.2033132038346,""t1"":2500.3470006173584,""jid"":52,""oid"":3}",2601.6729902588377,False,,False,0.0,,,,,,0.0
2452.182100579879,maintenance,DQN,168,27,3,"[0.9795279502868652,-0.020472019910812378,42.96244430541992,0.0,0.0,94.11590576171875,42.974586486816406,2.0,0.00015142331540118903,0.0,119.92733764648438,0.9795279502868652,0.009999999776482582,18.163070678710938,0.0020005516707897186,0.011591116897761822,0.0015780794201418757]",2,CM,20.0,0.9795279800701829,-0.020472019929817065,42.96244254770234,0.0,0,0.0,0.00015142331459085763,0.0,0.0,0.0,0.00015142331459085763,0.0,0.0,18.163070305643032,42.9745861571746,2.0,,,,,,,0.0,False,0.0,2452.182100579879,2572.1094393962912,False,0.00015142331459085763,2.0,0.0
2500.3470006173584,maintenance,DQN,169,26,0,"[0.9668464660644531,-0.03315352648496628,26.146432876586914,0.0,0.0,76.51294708251953,37.21708297729492,2.0,0.00017189329082611948,0.0,119.91751861572266,0.9668464660644531,0.009999999776482582,85.55915069580078,0.001989597687497735,0.011591116897761822,0.0015780794201418757]",2,CM,20.0,0.9668464725558261,-0.03315352744417388,26.146432653824846,0.0,0,0.0,0.00017189329808378392,0.0,0.0,0.0,0.00017189329808378392,0.0,0.0,85.5591474410553,37.21708249219637,2.0,,,,,,,0.0,False,0.0,2500.3470006173584,2620.264520193192,False,0.00017189329808378392,2.0,0.0
2500.3470006173584,scheduling,DQN,,,,"[5.0,1.0,1.0,3.0,37.21708297729492,2.0,76.51294708251953,76.51294708251953,0.0,0.0,0.0,1.0]",,,,,,,,,,,,,,,,,,37.21708249219637,2.0,0,3,True,"{""mid"":4,""t0"":2500.3470006173584,""t1"":2515.7161633098767,""jid"":52,""oid"":4}",2601.6729902588377,False,,False,0.0,,,,,,0.0
2515.7161633098767,maintenance,DQN,170,31,4,"[0.9642592668533325,-0.03574073314666748,24.181350708007812,0.0,0.0,150.0,37.21708297729492,2.0,0.0001763977634254843,0.0,119.91535949707031,0.9642592668533325,0.009999999776482582,60.24294662475586,0.0022098675835877657,0.011591116897761822,0.0015780794201418757]",2,CM,20.0,0.9642592650431938,-0.035740734956806186,24.18135122536452,0.0,0,0.0,0.0001763977686654321,0.0,0.0,0.0,0.0001763977686654321,0.0,0.0,60.242947803269544,37.21708249219637,2.0,,,,,,,0.0,False,0.0,2515.7161633098767,2635.6315222454186,False,0.0001763977686654321,2.0,0.0
2605.4676751717607,scheduling,DQN,,,,"[6.0,1.0,1.0,1.0,200.0,2.0,33.18861389160156,33.18861389160156,0.0,0.0,0.0,0.0]",,,,,,,,,,,,,,,,,,200.0,2.0,1,0,True,"{""mid"":2,""t0"":2605.4676751717607,""t1"":2612.3412573392607,""jid"":53,""oid"":0}",2671.8449031327887,False,,False,0.0,,,,,,0.0
2612.3412573392607,maintenance,DQN,171,31,2,"[0.9855383038520813,-0.014461666345596313,61.233489990234375,0.0,0.0,51.43503189086914,200.0,2.0,0.00014259159797802567,0.0,119.93157196044922,0.9855383038520813,0.009999999776482582,190.7198486328125,0.0021350220777094364,0.011591116897761822,0.0015780794201418757]",2,CM,20.0,0.9855383334928347,-0.014461666507165294,61.23349152423607,0.0,0,0.0,0.0001425916030017619,0.0,0.0,0.0,0.0001425916030017619,0.0,0.0,190.71985493812917,200.0,2.0,,,,,,,0.0,False,0.0,2612.3412573392607,2732.27283288518,False,0.0001425916030017619,2.0,0.0
2612.3412573392607,scheduling,DQN,,,,"[5.0,1.0,1.0,1.0,200.0,2.0,51.43503189086914,51.43503189086914,0.0,0.0,0.0,0.0]",,,,,,,,,,,,,,,,,,200.0,2.0,0,2,True,"{""mid"":5,""t0"":2612.3412573392607,""t1"":2615.995397504215,""jid"":53,""oid"":1}",2671.8449031327887,False,,False,0.0,,,,,,0.0
2615.995397504215,maintenance,DQN,172,23,5,"[0.9851006269454956,-0.014899392612278461,59.405147552490234,0.0,0.0,150.0,200.0,2.0,0.00014321703929454088,0.0,119.9312744140625,0.9851006269454956,0.009999999776482582,146.79208374023438,0.0019702198915183544,0.011591116897761822,0.0015780794201418757]",2,CM,20.0,0.9851006071753406,-0.014899392824659352,59.40514607484194,0.0,0,0.0,0.0001432170424420233,0.0,0.0,0.0,0.0001432170424420233,0.0,0.0,146.79208430038034,200.0,2.0,,,,,,,0.0,False,0.0,2615.995397504215,2735.9266730107597,False,0.0001432170424420233,2.0,0.0
2623.1304927783144,scheduling,DQN,,,,"[4.0,1.0,1.0,2.0,17.662817001342773,2.0,64.84027099609375,64.84027099609375,0.0,0.0,0.0,1.0]",,,,,,,,,,,,,,,,,,17.662817606553745,2.0,0,4,True,"{""mid"":3,""t0"":2623.1304927783144,""t1"":2660.6649199331014,""jid"":54,""oid"":0}",2817.6512986224166,False,,False,0.0,,,,,,0.0
2638.130268010744,scheduling,DQN,,,,"[5.0,2.0,1.0,3.0,16.331296920776367,2.0,36.192787170410156,25.27462387084961,0.0,0.1666666716337204,0.0,1.0]",,,,,,,,,,,,,,,,,,16.331296419491764,2.0,1,0,True,"{""mid"":1,""t0"":2638.130268010744,""t1"":2646.4799758274617,""jid"":55,""oid"":0}",2705.765515300827,False,,False,0.0,,,,,,0.0
2646.4799758274617,maintenance,DQN,173,35,1,"[0.9681934118270874,-0.031806569546461105,27.29604148864746,0.0,0.0,32.0179328918457,16.331296920776367,2.0,0.00016959388449322432,0.0,119.91862487792969,0.9681934118270874,0.009999999776482582,196.13973999023438,0.0023730287794023752,0.011591116897761822,0.0015780794201418757]",2,CM,20.0,0.9681934311025817,-0.031806568897418286,27.29604170455029,0.0,0,0.0,0.00016959388014832244,0.0,0.0,0.0,0.00016959388014832244,0.0,0.0,196.13973697994106,16.331296419491764,2.0,,,,,,,0.0,False,0.0,2646.4799758274617,2766.3985983703487,False,0.00016959388014832244,2.0,0.0
2646.4799758274617,scheduling,DQN,,,,"[4.0,2.0,1.0,3.0,16.331296920776367,2.0,32.0179328918457,24.439653396606445,0.0,0.1666666716337204,0.0,1.0]",,,,,,,,,,,,,,,,,,16.331296419491764,2.0,0,1,True,"{""mid"":2,""t0"":2646.4799758274617,""t1"":2651.1136438323088,""jid"":55,""oid"":1}",2705.765515300827,False,,False,0.0,,,,,,0.0
2651.1136438323088,maintenance,DQN,174,32,2,"[0.9900729060173035,-0.009927086532115936,89.66104125976562,0.0,0.0,36.85711669921875,16.331296920776367,2.0,0.00013627094449475408,0.0,119.93460845947266,0.9900729060173035,0.009999999776482582,18.77238655090332,0.0021401080302894115,0.011591116897761822,0.0015780794201418757]",2,CM,20.0,0.990072913779301,-0.009927086220699044,89.66104393486611,0.0,0,0.0,0.00013627094410631826,0.0,0.0,0.0,0.00013627094410631826,0.0,0.0,18.77238649304809,16.331296419491764,2.0,,,,,,,0.0,False,0.0,2651.1136438323088,2771.0482516028783,False,0.00013627094410631826,2.0,0.0
2651.7250498938693,scheduling,DQN,,,,"[3.0,2.0,1.0,4.0,15.419124603271484,2.0,46.69123840332031,38.334815979003906,0.0,0.1666666716337204,0.0,1.0]",,,,,,,,,,,,,,,,,,15.419124907369527,2.0,0,4,True,"{""mid"":0,""t0"":2651.7250498938693,""t1"":2713.720074521797,""jid"":56,""oid"":0}",2823.1353466429105,False,,False,0.0,,,,,,0.0
2660.6649199331014,maintenance,DQN,175,28,3,"[0.9521026611328125,-0.0478973425924778,17.790185928344727,0.0,0.0,56.51858139038086,15.419124603271484,2.0,0.0001991950994124636,0.0,119.90442657470703,0.9521026611328125,0.009999999776482582,188.48281860351562,0.002008768729865551,0.011591116897761822,0.0015780794201418757]",2,CM,20.0,0.9521026578851415,-0.04789734211485852,17.790186683882936,0.0,0,0.0,0.00019919510352833734,0.0,0.0,0.0,0.00019919510352833734,0.0,0.0,188.48281935322257,15.419124907369527,2.0,,,,,,,0.0,False,0.0,2660.6649199331014,2780.5693443648347,False,0.00019919510352833734,2.0,0.0
2660.6649199331014,scheduling,DQN,,,,"[2.0,2.0,1.0,4.0,15.419124603271484,2.0,56.51858139038086,49.86123275756836,0.0,0.1666666716337204,0.0,1.0]",,,,,,,,,,,,,,,,,,15.419124907369527,2.0,0,4,True,"{""mid"":4,""t0"":2660.6649199331014,""t1"":2672.567858858246,""jid"":54,""oid"":1}",2817.6512986224166,False,,False,0.0,,,,,,0.0
2672.567858858246,maintenance,DQN,176,32,4,"[0.9829365611076355,-0.017063431441783905,51.7443733215332,0.0,0.0,57.56743621826172,15.419124603271484,2.0,0.00014634963008575141,0.0,119.92977142333984,0.9829365611076355,0.009999999776482582,136.85169982910156,0.002208875957876444,0.011591116897761822,0.0015780794201418757]",2,CM,20.0,0.9829365689399164,-0.017063431060083567,51.74437461205369,0.0,0,0.0,0.00014634963340595222,0.0,0.0,0.0,0.00014634963340595222,0.0,0.0,136.8516955483692,15.419124907369527,2.0,,,,,,,0.0,False,0.0,2672.567858858246,2792.497631591686,False,0.00014634963340595222,2.0,0.0
2672.567858858246,scheduling,DQN,,,,"[3.0,2.0,1.0,4.0,15.419124603271484,2.0,57.56743621826172,40.54865264892578,0.0,0.1666666716337204,0.0,1.0]",,,,,,,,,,,,,,,,,,15.419124907369527,2.0,0,4,True,"{""mid"":1,""t0"":2672.567858858246,""t1"":2679.999421986708,""jid"":54,""oid"":2}",2817.6512986224166,False,,False,0.0,,,,,,0.0
2677.1830251866736,scheduling,DQN,,,,"[2.0,4.0,2.0,6.0,14.343070030212402,2.0,52.32688903808594,20.734304428100586,0.0,0.3333333432674408,0.0,1.0]",,,,,,,,,,,,,,,,,,14.343070002982586,2.0,0,4,True,"{""mid"":2,""t0"":2677.1830251866736,""t1"":2705.201853955168,""jid"":58,""oid"":0}",2939.260659910316,False,,False,0.0,,,,,,0.0
2679.999421986708,maintenance,DQN,177,36,1,"[0.9837561845779419,-0.016243841499090195,54.40561294555664,0.0,0.0,55.55385208129883,14.343070030212402,2.0,0.00014515523798763752,0.0,119.93034362792969,0.9837561845779419,0.009999999776482582,13.51944637298584,0.0023676645942032337,0.011591116897761822,0.0015780794201418757]",2,CM,20.0,0.9837561582689114,-0.016243841731088615,54.40561247143379,0.0,0,0.0,0.00014515524277126287,0.0,0.0,0.0,0.00014515524277126287,0.0,0.0,13.5194461592464,14.343070002982586,2.0,,,,,,,0.0,False,0.0,2679.999421986708,2799.929767693506,False,0.00014515524277126287,2.0,0.0
2705.201853955168,maintenance,DQN,178,33,2,"[0.9335106611251831,-0.0664893239736557,12.53600788116455,0.0,0.0,36.599021911621094,14.343070030212402,2.0,0.00023988600878510624,0.0,119.8849105834961,0.9335106611251831,0.009999999776482582,34.08821105957031,0.002167419297620654,0.011591116897761822,0.0015780794201418757]",2,CM,20.0,0.9335106768834438,-0.0664893231165562,12.53600785531076,0.0,0,0.0,0.00023988601531516575,0.0,0.0,0.0,0.00023988601531516575,0.0,0.0,34.08821012285944,14.343070002982586,2.0,,,,,,,0.0,False,0.0,2705.201853955168,2825.0867638936397,False,0.00023988601531516575,2.0,0.0
2705.201853955168,scheduling,DQN,,,,"[4.0,4.0,3.0,6.0,14.343070030212402,2.0,36.599021911621094,-7.284524917602539,0.0,0.1666666716337204,0.25,1.0]",,,,,,,,,,,,,,,,,,14.343070002982586,2.0,2,2,True,"{""mid"":3,""t0"":2705.201853955168,""t1"":2724.064821566704,""jid"":58,""oid"":1}",2939.260659910316,False,,False,0.0,,,,,,0.0
2713.720074521797,scheduling,DQN,,,,"[4.0,4.0,3.0,6.0,14.343070030212402,2.0,37.815528869628906,-4.121074676513672,0.0,0.1666666716337204,0.25,1.0]",,,,,,,,,,,,,,,,,,14.343070002982586,2.0,2,2,True,"{""mid"":0,""t0"":2713.720074521797,""t1"":2736.6781335029555,""jid"":57,""oid"":0}",2730.488374034863,True,,False,0.0,,,,,,0.0
2713.720074521797,scheduling,DQN,,,,"[3.0,4.0,2.0,6.0,14.343070030212402,2.0,37.815528869628906,-4.121074676513672,0.0,0.3333333432674408,0.25,1.0]",,,,,,,,,,,,,,,,,,14.343070002982586,2.0,2,1,True,"{""mid"":4,""t0"":2713.720074521797,""t1"":2725.693806169325,""jid"":56,""oid"":1}",2823.1353466429105,False,,False,0.0,,,,,,0.0
2714.845736240669,scheduling,DQN,,,,"[2.0,5.0,2.0,7.0,18.229677200317383,2.0,35.04289627075195,-1.5893312692642212,0.0,0.5,0.20000000298023224,1.0]",,,,,,,,,,,,,,,,,,18.229676844818034,2.0,0,1,True,"{""mid"":1,""t0"":2714.845736240669,""t1"":2725.6610368728184,""jid"":59,""oid"":0}",2800.210806756578,False,,False,0.0,,,,,,0.0
2724.064821566704,maintenance,DQN,179,29,3,"[0.9831849932670593,-0.016815029084682465,52.52354431152344,0.0,0.0,30.408123016357422,16.685890197753906,2.0,0.00014598660345654935,0.0,119.92994689941406,0.9831849932670593,0.009999999776482582,43.39990234375,0.0020410935394465923,0.011591116897761822,0.0015780794201418757]",2,CM,20.0,0.9831849703982573,-0.016815029601742748,52.52354538268086,0.0,0,0.0,0.00014598660292665052,0.0,0.0,0.0,0.00014598660292665052,0.0,0.0,43.39990163360244,16.685889981390055,2.0,,,,,,,0.0,False,0.0,2724.064821566704,2843.994768452922,False,0.00014598660292665052,2.0,0.0
2725.201853955168,scheduling,DQN,,,,"[2.0,6.0,3.0,8.0,16.685890197753906,2.0,29.271089553833008,-6.938056468963623,0.0,0.5,0.1666666716337204,1.0]",,,,,,,,,,,,,,,,,,16.685889981390055,2.0,0,0,True,"{""mid"":2,""t0"":2725.201853955168,""t1"":2759.608172550357,""jid"":60,""oid"":0}",2820.8931380988447,False,,False,0.0,,,,,,0.0
2725.6610368728184,maintenance,DQN,180,37,1,"[0.9768295884132385,-0.023170385509729385,37.84268569946289,0.0,0.0,30.614458084106445,16.685890197753906,2.0,0.00015556425205431879,0.0,119.92535400390625,0.9768295884132385,0.009999999776482582,25.6616153717041,0.0023663234896957874,0.011591116897761822,0.0015780794201418757]",2,CM,20.0,0.9768296139550231,-0.0231703860449769,37.84268472061607,0.0,0,0.0,0.00015556425194430428,0.0,0.0,0.0,0.00015556425194430428,0.0,0.0,25.66161488611033,16.685889981390055,2.0,,,,,,,0.0,False,0.0,2725.6610368728184,2845.5863892592943,False,0.00015556425194430428,2.0,0.0
2725.693806169325,maintenance,DQN,181,33,4,"[0.9609778523445129,-0.03902212157845497,22.063840866088867,0.0,0.0,33.40791320800781,16.685890197753906,2.0,0.00018228100088890642,0.0,119.91253662109375,0.9609778523445129,0.009999999776482582,33.125946044921875,0.002212511608377099,0.011591116897761822,0.0015780794201418757]",2,CM,20.0,0.9609778796193403,-0.039022120380659664,22.063841514006054,0.0,0,0.0,0.0001822810021340564,0.0,0.0,0.0,0.0001822810021340564,0.0,0.0,33.12594731107902,16.685889981390055,2.0,,,,,,,0.0,False,0.0,2725.693806169325,2845.606343177859,False,0.0001822810021340564,2.0,0.0
2736.6781335029555,maintenance,DQN,182,27,0,"[0.9757750034332275,-0.02422497235238552,36.1517448425293,0.0,0.17077699303627014,37.815528869628906,14.343070030212402,2.0,0.00015721323143225163,6.831079959869385,119.924560546875,0.9757750034332275,0.009999999776482582,193.37307739257812,0.001977835549041629,0.011591116897761822,0.0015780794201418757]",2,CM,20.0,0.9536352630748783,0.0,0.0,0.0,0,0.0,0.00019616609853775877,0.0,0.0,0.0,0.00019616609853775877,0.0,0.0,216.33113288559707,16.685889981390055,2.0,,,,,,,0.0,False,0.0,2720.5511543291655,2833.644635891956,False,0.00019616609853775877,2.0,0.0
2736.6781335029555,scheduling,DQN,,,,"[1.0,6.0,5.0,8.0,16.685890197753906,2.0,26.249929428100586,-1.5276563167572021,0.0,0.1666666716337204,0.1666666716337204,1.0]",,,,,,,,,,,,,,,,,,16.685889981390055,2.0,0,0,True,"{""mid"":5,""t0"":2736.6781335029555,""t1"":2751.9153217263765,""jid"":57,""oid"":1}",2730.488374034863,True,,False,0.0,,,,,,0.0
2744.064821566704,scheduling,DQN,,,,"[1.0,8.0,6.0,10.0,15.150547981262207,2.0,27.233745574951172,-1.3281110525131226,0.0,0.3333333432674408,0.125,1.0]",,,,,,,,,,,,,,,,,,15.15054839779542,2.0,0,0,True,"{""mid"":3,""t0"":2744.064821566704,""t1"":2787.7822081888717,""jid"":56,""oid"":2}",2823.1353466429105,False,,False,0.0,,,,,,0.0
2745.6610368728184,scheduling,DQN,,,,"[1.0,8.0,5.0,10.0,15.150547981262207,2.0,25.637529373168945,-2.9243264198303223,0.0,0.5,0.125,1.0]",,,,,,,,,,,,,,,,,,15.15054839779542,2.0,0,0,True,"{""mid"":1,""t0"":2745.6610368728184,""t1"":2771.2041061866034,""jid"":59,""oid"":1}",2800.210806756578,False,,False,0.0,,,,,,0.0
2745.693806169325,scheduling,DQN,,,,"[1.0,8.0,4.0,10.0,15.150547981262207,2.0,25.604761123657227,-2.9570956230163574,0.0,0.6666666865348816,0.125,1.0]",,,,,,,,,,,,,,,,,,15.15054839779542,2.0,0,0,True,"{""mid"":4,""t0"":2745.693806169325,""t1"":2769.5871000939883,""jid"":62,""oid"":0}",2859.2807246129914,False,,False,0.0,,,,,,0.0
2751.9153217263765,maintenance,DQN,183,24,5,"[0.9590763449668884,-0.04092365503311157,20.992170333862305,0.0,0.0,34.52735900878906,14.499763488769531,2.0,0.00018577964510768652,0.0,119.91085815429688,0.9590763449668884,0.009999999776482582,115.919921875,0.001971386605873704,0.011591116897761822,0.0015780794201418757]",2,CM,20.0,0.9590763463066391,-0.04092365369336093,20.99217124511069,0.0,0,0.0,0.00018577965073924007,0.0,0.0,0.0,0.00018577965073924007,0.0,0.0,115.91992422216163,14.499763727836944,2.0,,,,,,,0.0,False,0.0,2751.9153217263765,2871.8261806193314,False,0.00018577965073924007,2.0,0.0
2756.6781335029555,scheduling,DQN,,,,"[1.0,8.0,4.0,11.0,14.499763488769531,2.0,29.764545440673828,-1.8427608013153076,0.0,0.6666666865348816,0.25,1.0]",,,,,,,,,,,,,,,,,,14.499763727836944,2.0,0,0,True,"{""mid"":0,""t0"":2756.6781335029555,""t1"":2777.0754522587345,""jid"":54,""oid"":3}",2817.6512986224166,False,,False,0.0,,,,,,0.0
2759.608172550357,maintenance,DQN,184,34,2,"[0.9390862584114075,-0.060913752764463425,13.774988174438477,0.0,0.0,31.135295867919922,14.499763488769531,2.0,0.00022687998716719449,0.0,119.89114379882812,0.9390862584114075,0.009999999776482582,34.40631866455078,0.002179420553147793,0.011591116897761822,0.0015780794201418757]",2,CM,20.0,0.9390862460801961,-0.060913753919803915,13.774988275798865,0.0,0,0.0,0.0002268799882224713,0.0,0.0,0.0,0.0002268799882224713,0.0,0.0,34.40631859518862,14.499763727836944,2.0,,,,,,,0.0,False,0.0,2759.608172550357,2879.4993195566126,False,0.0002268799882224713,2.0,0.0
2769.5871000939883,maintenance,DQN,185,34,4,"[0.9503430724143982,-0.0496569462120533,17.124351501464844,0.0,0.0,23.4871768951416,14.499763488769531,2.0,0.00020273045811336488,0.0,119.90272521972656,0.9503430724143982,0.009999999776482582,23.893293380737305,0.0022138336207717657,0.011591116897761822,0.0015780794201418757]",2,CM,20.0,0.9503430523426794,-0.04965694765732065,17.124352028458155,0.0,0,0.0,0.0002027304539232888,0.0,0.0,0.0,0.0002027304539232888,0.0,0.0,23.89329392466334,14.499763727836944,2.0,,,,,,,0.0,False,0.0,2769.5871000939883,2889.4898289210937,False,0.0002027304539232888,2.0,0.0
2771.2041061866034,maintenance,DQN,186,38,1,"[0.9412773847579956,-0.058722637593746185,14.326287269592285,0.0,0.0,25.06305503845215,14.499763488769531,2.0,0.00022196394274942577,0.0,119.89350128173828,0.9412773847579956,0.009999999776482582,25.54306983947754,0.002364311832934618,0.011591116897761822,0.0015780794201418757]",2,CM,20.0,0.9412773631116305,-0.05872263688836954,14.326287232483795,0.0,0,0.0,0.00022196394044916788,0.0,0.0,0.0,0.00022196394044916788,0.0,0.0,25.543069313785054,14.499763727836944,2.0,,,,,,,0.0,False,0.0,2771.2041061866034,2891.0976107784645,False,0.00022196394044916788,2.0,0.0
2771.9153217263765,scheduling,DQN,,,,"[1.0,8.0,6.0,11.0,14.499763488769531,2.0,24.351839065551758,0.4196450412273407,0.0,0.3333333432674408,0.125,1.0]",,,,,,,,,,,,,,,,,,14.499763727836944,2.0,0,0,True,"{""mid"":5,""t0"":2771.9153217263765,""t1"":2785.940254167108,""jid"":59,""oid"":2}",2800.210806756578,False,,False,0.0,,,,,,0.0
2777.0754522587345,maintenance,DQN,187,28,0,"[0.9898495674133301,-0.010150420479476452,87.6662826538086,0.0,0.0,21.74137306213379,14.499763488769531,2.0,0.00013657558884005994,0.0,119.93446350097656,0.9898495674133301,0.009999999776482582,20.39731788635254,0.0019805498886853456,0.011591116897761822,0.0015780794201418757]",2,CM,20.0,0.9898495797483703,-0.01015042025162971,87.66627959128093,0.0,0,0.0,0.0001365755819868547,0.0,0.0,0.0,0.0001365755819868547,0.0,0.0,20.397318755778997,14.499763727836944,2.0,,,,,,,0.0,False,0.0,2777.0754522587345,2897.0099138828946,False,0.0001365755819868547,2.0,0.0
2779.608172550357,scheduling,DQN,,,,"[1.0,8.0,6.0,11.0,14.499763488769531,2.0,19.20865249633789,-4.419360160827637,0.0,0.3333333432674408,0.125,1.0]",,,,,,,,,,,,,,,,,,14.499763727836944,2.0,0,0,True,"{""mid"":2,""t0"":2779.608172550357,""t1"":2813.659409200778,""jid"":54,""oid"":4}",2817.6512986224166,False,,False,0.0,,,,,,0.0
2785.940254167108,maintenance,DQN,188,25,5,"[0.9539257884025574,-0.04607418179512024,18.533716201782227,0.0,0.0,27.97764015197754,15.942296981811523,2.0,0.00019559706561267376,0.0,119.9061508178711,0.9539257884025574,0.009999999776482582,14.024932861328125,0.001972553553059697,0.011591116897761822,0.0015780794201418757]",2,CM,20.0,0.9539258176252863,-0.046074182374713724,18.53371614238205,0.0,0,0.0,0.0001955970675694756,0.0,0.0,0.0,0.0001955970675694756,0.0,0.0,14.02493244073139,15.942296696373143,2.0,,,,,,,0.0,False,0.0,2785.940254167108,2905.8464042929822,False,0.0001955970675694756,2.0,0.0
2787.7822081888717,maintenance,DQN,189,30,3,"[0.9728960990905762,-0.027103904634714127,32.20554733276367,0.0,0.0,31.114133834838867,15.942296981811523,2.0,0.00016180433158297092,0.0,119.92235565185547,0.9728960990905762,0.009999999776482582,43.71738815307617,0.001988598145544529,0.011591116897761822,0.0015780794201418757]",2,CM,20.0,0.972896096109608,-0.027103903890391967,32.20554867813858,0.0,0,0.0,0.00016180433222384808,0.0,0.0,0.0,0.00016180433222384808,0.0,0.0,43.71738662216785,15.942296696373143,2.0,,,,,,,0.0,False,0.0,2787.7822081888717,2907.7045672373993,False,0.00016180433222384808,2.0,0.0
2789.5871000939883,scheduling,DQN,,,,"[1.0,8.0,7.0,12.0,15.942296981811523,2.0,29.309242248535156,4.463558673858643,0.0,0.1666666716337204,0.125,1.0]",,,,,,,,,,,,,,,,,,15.942296696373143,2.0,0,2,True,"{""mid"":4,""t0"":2789.5871000939883,""t1"":2806.411491763851,""jid"":60,""oid"":1}",2820.8931380988447,False,,False,0.0,,,,,,0.0
2791.2041061866034,scheduling,DQN,,,,"[1.0,8.0,6.0,12.0,15.942296981811523,2.0,27.692235946655273,2.8465523719787598,0.0,0.3333333432674408,0.125,1.0]",,,,,,,,,,,,,,,,,,15.942296696373143,2.0,0,0,True,"{""mid"":1,""t0"":2791.2041061866034,""t1"":2808.8818963710974,""jid"":56,""oid"":3}",2823.1353466429105,False,,False,0.0,,,,,,0.0
2797.0754522587345,scheduling,DQN,,,,"[1.0,8.0,5.0,12.0,15.942296981811523,2.0,21.820890426635742,-3.0247936248779297,0.0,0.5,0.25,1.0]",,,,,,,,,,,,,,,,,,15.942296696373143,2.0,0,0,True,"{""mid"":0,""t0"":2797.0754522587345,""t1"":2855.1776892078706,""jid"":62,""oid"":1}",2859.2807246129914,False,,False,0.0,,,,,,0.0
2805.940254167108,scheduling,DQN,,,,"[1.0,8.0,4.0,11.0,15.770244598388672,1.5,12.956088066101074,-11.889595985412598,0.0,0.6666666865348816,0.5,1.0]",,,,,,,,,,,,,,,,,,15.770244605355083,1.5,0,2,True,"{""mid"":5,""t0"":2805.940254167108,""t1"":2825.354568053015,""jid"":63,""oid"":0}",2924.210267482355,False,,False,0.0,,,,,,0.0
2806.411491763851,maintenance,DQN,190,35,4,"[0.9616753458976746,-0.03832468017935753,22.483562469482422,0.0,0.0,14.802008628845215,15.770244598388672,1.5,0.00018101435853168368,0.0,119.91314697265625,0.9616753458976746,0.009999999776482582,16.824392318725586,0.0022111895959824324,0.011591116897761822,0.0015780794201418757]",2,CM,20.0,0.9616753199769352,-0.03832468002306477,22.48356201430402,0.0,0,0.0,0.00018101435317961095,0.0,0.0,0.0,0.00018101435317961095,0.0,0.0,16.824391669862507,15.770244605355083,1.5,,,,,,,0.0,False,0.0,2806.411491763851,2926.3246363222825,False,0.00018101435317961095,2.0,0.0
2807.7822081888717,scheduling,DQN,,,,"[1.0,8.0,4.0,11.0,15.770244598388672,1.5,13.431292533874512,-9.253104209899902,0.0,0.6666666865348816,0.375,1.0]",,,,,,,,,,,,,,,,,,15.770244605355083,1.5,0,0,True,"{""mid"":3,""t0"":2807.7822081888717,""t1"":2842.175168149713,""jid"":58,""oid"":2}",2939.260659910316,False,,False,0.0,,,,,,0.0
2808.8818963710974,maintenance,DQN,191,39,1,"[0.9569904804229736,-0.043009527027606964,19.925596237182617,0.0,0.0,14.707011222839355,15.770244598388672,1.5,0.00018969473603647202,0.0,119.90898132324219,0.9569904804229736,0.009999999776482582,17.67778968811035,0.002367329318076372,0.011591116897761822,0.0015780794201418757]",2,CM,20.0,0.9569904738446454,-0.04300952615535458,19.92559673289849,0.0,0,0.0,0.00018969473207577716,0.0,0.0,0.0,0.00018969473207577716,0.0,0.0,17.677790184493915,15.770244605355083,1.5,,,,,,,0.0,False,0.0,2808.8818963710974,2928.790877435693,False,0.00018969473207577716,2.0,0.0
2813.659409200778,scheduling,DQN,,,,"[1.0,6.0,3.0,11.0,15.770244598388672,1.5,14.531062126159668,-9.804899215698242,0.0,0.5,0.6666666865348816,1.0]",,,,,,,,,,,,,,,,,,15.770244605355083,1.5,0,1,True,"{""mid"":2,""t0"":2813.659409200778,""t1"":2826.4653076562518,""jid"":60,""oid"":2}",2820.8931380988447,True,,False,0.0,,,,,,0.0
2825.354568053015,maintenance,DQN,192,26,5,"[0.9410186409950256,-0.058981359004974365,14.259057998657227,0.0,0.0,6.071622371673584,15.855852127075195,1.5,0.00022253883071243763,0.0,119.89322662353516,0.9410186409950256,0.009999999776482582,19.41431427001953,0.001972553553059697,0.011591116897761822,0.0015780794201418757]",2,CM,20.0,0.941018640510382,-0.058981359489618024,14.259058248028671,0.0,0,0.0,0.000222538826892065,0.0,0.0,0.0,0.000222538826892065,0.0,0.0,19.414313885907177,15.855852313457895,1.5,,,,,,,0.0,False,0.0,2825.354568053015,2945.2477969445918,False,0.000222538826892065,2.0,0.0
2826.411491763851,scheduling,DQN,,,,"[1.0,6.0,3.0,10.0,15.855852127075195,1.0,5.014698505401611,-22.556982040405273,0.0,0.5,0.6666666865348816,1.0]",,,,,,,,,,,,,,,,,,15.855852313457895,1.0,0,4,True,"{""mid"":4,""t0"":2826.411491763851,""t1"":2843.4751615426053,""jid"":64,""oid"":0}",3020.1024218058524,False,,False,0.0,,,,,,0.0
2826.4653076562518,maintenance,DQN,193,35,2,"[0.9427077770233154,-0.05729220435023308,14.708943367004395,0.0,0.04643474519252777,14.531062126159668,15.770244598388672,1.5,0.00021881218708585948,1.8573898077011108,119.89501953125,0.9427077770233154,0.009999999776482582,34.05123519897461,0.0021695790346711874,0.011591116897761822,0.0015780794201418757]",2,CM,20.0,0.9194083918314069,0.0,0.0,0.0,0,0.0,0.0002762069475048869,0.0,0.0,0.0,0.0002762069475048869,0.0,0.0,46.85713510589494,15.855852313457895,1.5,,,,,,,0.0,False,0.0,2815.5167990532473,2933.5544253014878,False,0.0002762069475048869,2.0,0.0
2828.8818963710974,scheduling,DQN,,,,"[1.0,5.0,2.0,10.0,15.855852127075195,1.5,7.21208381652832,-24.395429611206055,0.0,0.5,0.6000000238418579,1.0]",,,,,,,,,,,,,,,,,,15.855852313457895,1.5,0,4,True,"{""mid"":1,""t0"":2828.8818963710974,""t1"":2836.03886004584,""jid"":63,""oid"":1}",2924.210267482355,False,,False,0.0,,,,,,0.0
2836.03886004584,maintenance,DQN,194,40,1,"[0.9635469317436218,-0.036453086882829666,23.689268112182617,0.0,0.0,3.3480489253997803,15.855852127075195,1.0,0.00017765859956853092,0.0,119.91475677490234,0.9635469317436218,0.009999999776482582,7.15696382522583,0.002362635685130954,0.011591116897761822,0.0015780794201418757]",2,CM,20.0,0.9635469143080361,-0.03645308569196393,23.689267943053853,0.0,0,0.0,0.00017765860167162948,0.0,0.0,0.0,0.00017765860167162948,0.0,0.0,7.156963674742656,15.855852313457895,1.0,,,,,,,0.0,False,0.0,2836.03886004584,2955.953614209937,False,0.00017765860167162948,2.0,0.0
2842.175168149713,scheduling,DQN,,,,"[1.0,5.0,3.0,9.0,16.138486862182617,1.0,3.8093600273132324,-37.66416549682617,0.0,0.3333333432674408,0.4000000059604645,1.0]",,,,,,,,,,,,,,,,,,16.1384861172495,1.0,0,4,True,"{""mid"":3,""t0"":2842.175168149713,""t1"":2874.6666069706125,""jid"":61,""oid"":0}",2957.92101035563,False,,False,0.0,,,,,,0.0
2843.4751615426053,maintenance,DQN,195,36,4,"[0.968505322933197,-0.031494658440351486,27.576274871826172,0.0,0.0,6.3455915451049805,16.138486862182617,1.5,0.00016906581004150212,0.0,119.91887664794922,0.968505322933197,0.009999999776482582,17.063669204711914,0.0022098675835877657,0.011591116897761822,0.0015780794201418757]",2,CM,20.0,0.9685053414272764,-0.0314946585727236,27.576274225098537,0.0,0,0.0,0.0001690658127351756,0.0,0.0,0.0,0.0001690658127351756,0.0,0.0,17.0636697787545,16.1384861172495,1.5,,,,,,,0.0,False,0.0,2843.4751615426053,2963.394037386227,False,0.0001690658127351756,2.0,0.0
2845.354568053015,scheduling,DQN,,,,"[1.0,5.0,3.0,9.0,16.138486862182617,1.0,4.466185092926025,-40.843563079833984,0.0,0.3333333432674408,0.6000000238418579,1.0]",,,,,,,,,,,,,,,,,,16.1384861172495,1.0,0,4,True,"{""mid"":5,""t0"":2845.354568053015,""t1"":2854.3728567123967,""jid"":64,""oid"":1}",3020.1024218058524,False,,False,0.0,,,,,,0.0
2846.4653076562518,scheduling,DQN,,,,"[1.0,5.0,2.0,9.0,16.138486862182617,1.0,3.355445384979248,-41.95430374145508,0.0,0.5,0.6000000238418579,1.0]",,,,,,,,,,,,,,,,,,16.1384861172495,1.0,0,4,True,"{""mid"":2,""t0"":2846.4653076562518,""t1"":2869.81502133101,""jid"":58,""oid"":3}",2939.260659910316,False,,False,0.0,,,,,,0.0
2854.3728567123967,maintenance,DQN,196,27,5,"[0.9795228838920593,-0.020477091893553734,42.95155334472656,0.0,0.0,1.344188928604126,15.176695823669434,1.0,0.0001514309988124296,0.0,119.92733764648438,0.9795228838920593,0.009999999776482582,9.018288612365723,0.0019728452898561954,0.011591116897761822,0.0015780794201418757]",2,CM,20.0,0.9795229078406947,-0.020477092159305266,42.95155293526474,0.0,0,0.0,0.0001514309941605618,0.0,0.0,0.0,0.0001514309941605618,0.0,0.0,9.018288659381597,15.176696171394399,1.0,,,,,,,0.0,False,0.0,2854.3728567123967,2974.3001918448476,False,0.0001514309941605618,2.0,0.0
2855.1776892078706,scheduling,DQN,,,,"[1.0,5.0,3.0,8.0,15.176695823669434,1.5,6.651729106903076,-35.99732971191406,0.0,0.3333333432674408,0.6000000238418579,1.0]",,,,,,,,,,,,,,,,,,15.176696171394399,1.5,0,4,True,"{""mid"":0,""t0"":2855.1776892078706,""t1"":2897.1813237966157,""jid"":64,""oid"":2}",3020.1024218058524,False,,False,0.0,,,,,,0.0
2869.81502133101,scheduling,DQN,,,,"[3.0,5.0,3.0,8.0,15.176695823669434,1.0,-1.6908035278320312,-50.63465881347656,0.041389163583517075,0.3333333432674408,0.4000000059604645,1.0]",,,,,,,,,,,,,,,,,,15.176696171394399,1.0,2,2,True,"{""mid"":2,""t0"":2869.81502133101,""t1"":2883.1132135402554,""jid"":62,""oid"":2}",2859.2807246129914,True,,False,0.0,,,,,,0.0
2874.6666069706125,maintenance,DQN,197,31,3,"[0.9667187333106995,-0.033281274139881134,26.042234420776367,0.0,0.25275275111198425,3.8093600273132324,16.138486862182617,1.0,0.00017211298109032214,10.110109329223633,119.91741180419922,0.9667187333106995,0.009999999776482582,34.39295959472656,0.001996037783101201,0.011591116897761822,0.0015780794201418757]",2,CM,20.0,0.9490983879501728,0.0,0.0,0.0011019265238232379,0,0.0,0.00020526901524984333,0.0,0.0,0.0,0.00020526901524984333,0.0,0.0,66.88439878174086,17.274985607531942,1.0,,,,,,,0.012082169666098253,False,0.0,2852.2852777796425,2962.092582347692,False,0.00020526901524984333,2.0,0.0
2883.1132135402554,maintenance,DQN,198,36,2,"[0.9514933824539185,-0.048506613820791245,17.554170608520508,0.041389163583517075,0.3302614688873291,-1.6908035278320312,15.176695823669434,1.0,0.00020041220705024898,13.21045970916748,119.90383911132812,0.9514933824539185,0.009999999776482582,23.349714279174805,0.0022694324143230915,0.011986387893557549,0.0016322409501299262]",2,CM,20.0,0.9307955741890839,0.0,0.0,0.0,0,0.0,0.0002464867646470824,0.0,0.0,0.0,0.0002464867646470824,0.0,0.0,36.64790588400365,13.197440518239272,1.0,,,,,,,0.32314112882858886,False,0.0,2883.0254806170256,2989.7188620221154,False,0.0002464867646470824,2.0,0.0
2894.6666069706125,scheduling,DQN,,,,"[4.0,4.0,3.0,6.0,13.197440147399902,1.0,-8.934386253356934,-41.66618728637695,0.20017285645008087,0.1666666716337204,0.75,1.0]",,,,,,,,,,,,,,,,,,13.197440518239272,1.0,0,2,True,"{""mid"":3,""t0"":2894.6666069706125,""t1"":2945.660127842287,""jid"":63,""oid"":2}",2924.210267482355,True,,False,0.0,,,,,,0.0
2897.1813237966157,maintenance,DQN,199,29,0,"[0.9600936770439148,-0.03990630432963371,21.552827835083008,0.0,0.2082837074995041,6.651729106903076,15.176695823669434,1.5,0.00018389955221209675,8.331348419189453,119.91175842285156,0.9600936770439148,0.009999999776482582,58.102237701416016,0.001989597687497735,0.011591116897761822,0.0015780794201418757]",2,CM,20.0,0.9269969184506591,0.0,0.0,0.10443755475316174,0,0.0,0.0002560276158463062,0.0,0.0,0.0,0.0002560276158463062,0.0,0.0,100.10587153788128,13.197440518239272,1.0,,,,,,,0.0,False,0.0,2863.509037786173,2975.0894498828247,False,0.0002560276158463062,2.0,0.0
2897.1813237966157,scheduling,DQN,,,,"[3.0,4.0,3.0,6.0,13.197440147399902,1.0,-4.41213321685791,-44.180904388427734,0.10443755239248276,0.1666666716337204,0.75,1.0]",,,,,,,,,,,,,,,,,,13.197440518239272,1.0,0,2,True,"{""mid"":4,""t0"":2897.1813237966157,""t1"":2907.9731729277255,""jid"":64,""oid"":3}",3020.1024218058524,False,,False,0.0,,,,,,0.0
2903.1132135402554,scheduling,DQN,,,,"[3.0,4.0,2.0,6.0,13.197440147399902,1.0,-10.344022750854492,-50.112796783447266,0.22786863148212433,0.3333333432674408,0.75,1.0]",,,,,,,,,,,,,,,,,,13.197440518239272,1.0,0,2,True,"{""mid"":2,""t0"":2903.1132135402554,""t1"":2934.6914148547403,""jid"":61,""oid"":1}",2957.92101035563,False,,False,0.0,,,,,,0.0
2907.9731729277255,maintenance,DQN,200,37,4,"[0.9850587248802185,-0.014941294677555561,59.23574447631836,0.2192605882883072,0.0,-9.900553703308105,13.197440147399902,1.0,0.00014327705139294267,0.0,119.93124389648438,0.9850587248802185,0.009999999776482582,44.49801254272461,0.0026500807143747807,0.013871594332158566,0.001890889136120677]",2,CM,20.0,0.9850587053962838,-0.014941294603716182,59.235744215642,0.2192605878385846,0,0.0,0.00014327705690527864,0.0,0.0,0.0,0.00014327705690527864,0.0,0.0,44.49801138512021,13.197440518239272,1.0,,,,,,,0.0,False,0.0,2907.9731729277255,3027.904419643829,False,0.00014327705690527864,2.0,0.0
2927.9731729277255,scheduling,DQN,,,,"[4.0,4.0,2.0,4.0,14.00872802734375,1.0,-29.900554656982422,-74.9727554321289,0.5264576077461243,0.3333333432674408,0.75,1.0]",,,,,,,,,,,,,,,,,,14.008728373264299,1.0,1,1,True,"{""mid"":4,""t0"":2927.9731729277255,""t1"":2949.58373477451,""jid"":64,""oid"":4}",3020.1024218058524,False,,False,0.0,,,,,,0.0
2934.6914148547403,scheduling,DQN,,,,"[4.0,4.0,2.0,4.0,14.00872802734375,1.0,-28.724245071411133,-60.665348052978516,0.5123250484466553,0.3333333432674408,0.75,1.0]",,,,,,,,,,,,,,,,,,14.008728373264299,1.0,3,0,True,"{""mid"":2,""t0"":2934.6914148547403,""t1"":2966.3578616026757,""jid"":61,""oid"":2}",2957.92101035563,True,,False,0.0,,,,,,0.0
2945.660127842287,scheduling,DQN,,,,"[4.0,3.0,1.0,2.0,30.367626190185547,1.0,-28.776151657104492,-69.67942810058594,0.5129574537277222,0.3333333432674408,0.6666666865348816,1.0]",,,,,,,,,,,,,,,,,,30.367626381735136,1.0,2,0,True,"{""mid"":3,""t0"":2945.660127842287,""t1"":3008.675195736018,""jid"":58,""oid"":4}",2939.260659910316,True,,False,0.0,,,,,,0.0
2949.58373477451,maintenance,DQN,201,38,4,"[0.9275542497634888,-0.07244578003883362,11.423084259033203,0.8407997488975525,0.0,-73.50370025634766,30.367626190185547,1.0,0.0002546051109675318,0.0,119.87785339355469,0.9275542497634888,0.009999999776482582,21.61056137084961,0.004531399812549353,0.023651033639907837,0.0032416237518191338]",2,CM,20.0,0.9275542213910566,-0.07244577860894341,11.423084095184192,0.8407997566056555,0,0.0,0.00025460509724888026,0.0,0.0,0.0,0.00025460509724888026,0.0,0.0,21.61056184678455,30.367626381735136,1.0,,,,,,,0.0,False,0.0,2949.58373477451,3069.4615865375154,False,0.00025460509724888026,2.0,0.0
2966.3578616026757,maintenance,DQN,202,37,2,"[0.924418032169342,-0.07558196038007736,10.90760326385498,0.5123250484466553,0.48980778455734253,-28.724245071411133,14.00872802734375,1.0,0.0002627143694553524,19.59231185913086,119.87396240234375,0.924418032169342,0.009999999776482582,31.578201293945312,0.003382378024980426,0.017763813957571983,0.002426651306450367]",2,CM,20.0,0.810758355282792,0.0,0.0,0.8514773766523245,0,0.0,0.0008182013609710029,0.0,0.0,0.0,0.0008182013609710029,0.0,0.0,63.24464806242031,200.0,1.0,,,,,,,0.520409744494062,False,0.0,2954.2837266745505,3054.565378188201,False,0.0008182013609710029,2.0,0.0
2966.3578616026757,scheduling,DQN,,,,"[3.0,2.0,1.0,1.0,200.0,1.0,-76.28071594238281,-87.34596252441406,0.8514773845672607,0.1666666716337204,1.0,1.0]",,,,,,,,,,,,,,,,,,200.0,1.0,0,3,True,"{""mid"":1,""t0"":2966.3578616026757,""t1"":2978.0981825589374,""jid"":61,""oid"":3}",2957.92101035563,True,,False,0.0,,,,,,0.0
2978.0981825589374,maintenance,DQN,203,41,1,"[0.9402062296867371,-0.059793755412101746,14.051738739013672,0.8412640690803528,0.0,-73.62052154541016,200.0,1.0,0.00022435368737205863,0.0,119.8923568725586,0.9402062296867371,0.009999999776482582,122.059326171875,0.004862322937697172,0.023660752922296524,0.003242973703891039]",2,CM,20.0,0.9402062441775905,-0.05979375582240953,14.05173889181749,0.8412640447253201,0,0.0,0.00022435368047283576,0.0,0.0,0.0,0.00022435368047283576,0.0,0.0,122.05932251309741,200.0,1.0,,,,,,,0.0,False,0.0,2978.0981825589374,3097.99054109905,False,0.00022435368047283576,2.0,0.0
2978.0981825589374,scheduling,DQN,,,,"[3.0,2.0,1.0,1.0,200.0,1.0,-73.62052154541016,-96.2061767578125,0.8412640690803528,0.1666666716337204,1.0,1.0]",,,,,,,,,,,,,,,,,,200.0,1.0,0,2,True,"{""mid"":4,""t0"":2978.0981825589374,""t1"":2997.529950327125,""jid"":61,""oid"":4}",2957.92101035563,True,,False,0.0,,,,,,0.0
2997.529950327125,maintenance,DQN,204,39,4,"[0.9359079599380493,-0.06409206241369247,13.042301177978516,0.9517861604690552,0.0,-121.28435516357422,60.0,1.0,0.0002342050283914432,0.0,119.88763427734375,0.9359079599380493,0.009999999776482582,27.94621467590332,0.005007934290915728,0.026103848591446877,0.0035828386899083853]",2,CM,20.0,0.9359079386024167,-0.06409206139758328,13.042300721410973,0.9517861501427498,0,0.0,0.0002342050326171142,0.0,0.0,0.0,0.0002342050326171142,0.0,0.0,27.94621555261483,60.0,1.0,,,,,,,0.0,False,0.0,2997.529950327125,3117.417584552946,False,0.0002342050326171142,2.0,0.0
3008.675195736018,maintenance,DQN,205,32,3,"[0.9341844320297241,-0.06581553816795349,12.674581527709961,0.5129574537277222,0.5784544944763184,-28.776151657104492,30.367626190185547,1.0,0.00023827551922295243,23.1381778717041,119.88568115234375,0.9341844320297241,0.009999999776482582,50.99352264404297,0.003153969068080187,0.017773449420928955,0.002427980536594987]",2,CM,20.0,0.8034117835644433,0.0,0.0,0.0,0,0.0,0.0008805192719141549,0.0,0.0,0.0,0.0008805192719141549,0.0,0.0,114.00858876540542,60.0,2.0,,,,,,,0.0,False,0.0,2968.798306450854,3065.545810079145,False,0.0008805192719141549,2.0,0.0
3019.6397151497404,scheduling,DQN,,,,"[5.0,1.0,1.0,1.0,200.0,2.0,83.80030059814453,83.80030059814453,0.0,0.0,0.0,0.0]",,,,,,,,,,,,,,,,,,200.0,2.0,0,2,True,"{""mid"":0,""t0"":3019.6397151497404,""t1"":3071.075731931065,""jid"":65,""oid"":0}",3187.240320942422,False,,False,0.0,,,,,,0.0
3021.880683557871,scheduling,DQN,,,,"[4.0,2.0,1.0,2.0,2.2409684658050537,2.0,86.40909576416016,82.52928924560547,0.0,0.1666666716337204,0.0,1.0]",,,,,,,,,,,,,,,,,,2.2409684081308114,2.0,0,4,True,"{""mid"":1,""t0"":3021.880683557871,""t1"":3025.909135635367,""jid"":66,""oid"":0}",3204.3984008406665,False,,False,0.0,,,,,,0.0
3025.909135635367,maintenance,DQN,206,42,1,"[1.0,0.0,100.0,0.0,0.0,87.46278381347656,2.2409684658050537,2.0,0.00012339458044152707,0.0,119.94078826904297,1.0,0.009999999776482582,27.81095314025879,0.002367329318076372,0.011591116897761822,0.0015780794201418757]",2,CM,20.0,1.0,0.0,100.0,0.0,0,0.0,0.00012339457598623172,0.0,0.0,0.0,0.00012339457598623172,0.0,0.0,27.81095307642954,2.2409684081308114,2.0,,,,,,,0.0,False,0.0,3025.909135635367,3145.8499208536614,False,0.00012339457598623172,2.0,0.0
3025.909135635367,scheduling,DQN,,,,"[3.0,2.0,1.0,2.0,2.2409684658050537,2.0,87.46278381347656,79.51726531982422,0.0,0.1666666716337204,0.0,1.0]",,,,,,,,,,,,,,,,,,2.2409684081308114,2.0,0,4,True,"{""mid"":2,""t0"":3025.909135635367,""t1"":3043.596825734455,""jid"":66,""oid"":1}",3204.3984008406665,False,,False,0.0,,,,,,0.0
3043.596825734455,maintenance,DQN,207,38,2,"[0.963127613067627,-0.036872368305921555,23.408523559570312,0.0,0.0,86.49917602539062,2.2409684658050537,2.0,0.00017840492364484817,0.0,119.91439819335938,0.963127613067627,0.009999999776482582,57.23896408081055,0.0022063488140702248,0.011591116897761822,0.0015780794201418757]",2,CM,20.0,0.9631276332913092,-0.03687236670869076,23.40852270510402,0.0,0,0.0,0.00017840492106563027,0.0,0.0,0.0,0.00017840492106563027,0.0,0.0,57.238964131779085,2.2409684081308114,2.0,,,,,,,0.0,False,0.0,3043.596825734455,3163.5112219202597,False,0.00017840492106563027,2.0,0.0
3043.596825734455,scheduling,DQN,,,,"[3.0,2.0,1.0,2.0,2.2409684658050537,2.0,86.49917602539062,65.17439270019531,0.0,0.1666666716337204,0.0,1.0]",,,,,,,,,,,,,,,,,,2.2409684081308114,2.0,0,2,True,"{""mid"":4,""t0"":3043.596825734455,""t1"":3078.5391992194045,""jid"":66,""oid"":2}",3204.3984008406665,False,,False,0.0,,,,,,0.0
3071.075731931065,maintenance,DQN,208,30,0,"[0.9742149710655212,-0.025785043835639954,33.903953552246094,0.0,0.0,84.73828125,2.2409684658050537,2.0,0.00015968471416272223,0.0,119.92337799072266,0.9742149710655212,0.009999999776482582,153.8944091796875,0.0019841690082103014,0.011591116897761822,0.0015780794201418757]",2,CM,20.0,0.9742149565943028,-0.025785043405697206,33.90395520533213,0.0,0,0.0,0.00015968470775505703,0.0,0.0,0.0,0.00015968470775505703,0.0,0.0,153.89440813444935,2.2409684081308114,2.0,,,,,,,0.0,False,0.0,3071.075731931065,3190.999107745369,False,0.00015968470775505703,2.0,0.0
3071.075731931065,scheduling,DQN,,,,"[4.0,2.0,1.0,2.0,2.2409684658050537,2.0,84.73828125,83.98789978027344,0.0,0.1666666716337204,0.0,1.0]",,,,,,,,,,,,,,,,,,2.2409684081308114,2.0,0,4,True,"{""mid"":1,""t0"":3071.075731931065,""t1"":3078.128613314976,""jid"":65,""oid"":1}",3187.240320942422,False,,False,0.0,,,,,,0.0
3078.128613314976,maintenance,DQN,209,43,1,"[0.9799009561538696,-0.020099032670259476,43.77827453613281,0.0,0.0,81.21183776855469,2.2409684658050537,2.0,0.00015085966151673347,0.0,119.9276123046875,0.9799009561538696,0.009999999776482582,32.219478607177734,0.0023663234896957874,0.011591116897761822,0.0015780794201418757]",2,CM,20.0,0.9799009679759375,-0.02009903202406249,43.7782758354991,0.0,0,0.0,0.00015085966097843137,0.0,0.0,0.0,0.00015085966097843137,0.0,0.0,32.2194776796091,2.2409684081308114,2.0,,,,,,,0.0,False,0.0,3078.128613314976,3198.056222521604,False,0.00015085966097843137,2.0,0.0
3078.128613314976,scheduling,DQN,,,,"[3.0,2.0,1.0,2.0,2.2409684658050537,2.0,81.21183776855469,79.14106750488281,0.0,0.1666666716337204,0.0,1.0]",,,,,,,,,,,,,,,,,,2.2409684081308114,2.0,0,4,True,"{""mid"":3,""t0"":3078.128613314976,""t1"":3095.0709715208395,""jid"":65,""oid"":2}",3187.240320942422,False,,False,0.0,,,,,,0.0
3078.2555770176577,scheduling,DQN,,,,"[2.0,3.0,1.0,3.0,29.30792999267578,2.0,85.09790802001953,79.53179168701172,0.0,0.3333333432674408,0.0,1.0]",,,,,,,,,,,,,,,,,,29.307930933958687,2.0,0,4,True,"{""mid"":2,""t0"":3078.2555770176577,""t1"":3104.635641366382,""jid"":67,""oid"":0}",3264.503516366265,False,,False,0.0,,,,,,0.0
3078.5391992194045,maintenance,DQN,210,40,4,"[0.925834596157074,-0.07416541129350662,11.135037422180176,0.0,0.0,88.11503601074219,29.30792999267578,2.0,0.00025902007473632693,0.0,119.875732421875,0.925834596157074,0.009999999776482582,61.00925064086914,0.0022062319330871105,0.011591116897761822,0.0015780794201418757]",2,CM,20.0,0.925834590491612,-0.07416540950838801,11.135037154998937,0.0,0,0.0,0.00025902008304653216,0.0,0.0,0.0,0.00025902008304653216,0.0,0.0,61.00924889227963,29.307930933958687,2.0,,,,,,,0.0,False,0.0,3078.5391992194045,3198.414933965051,False,0.00025902008304653216,2.0,0.0
3095.0709715208395,maintenance,DQN,211,33,3,"[0.9738549590110779,-0.02614501491189003,33.42338943481445,0.0,0.0,76.30857849121094,29.30792999267578,2.0,0.0001602604752406478,0.0,119.92310333251953,0.9738549590110779,0.009999999776482582,66.3957748413086,0.002056750003248453,0.011591116897761822,0.0015780794201418757]",2,CM,20.0,0.9738549851412257,-0.026145014858774296,33.42338835382069,0.0,0,0.0,0.00016026047066641726,0.0,0.0,0.0,0.00016026047066641726,0.0,0.0,66.39577578482158,29.307930933958687,2.0,,,,,,,0.0,False,0.0,3095.0709715208395,3214.994071145734,False,0.00016026047066641726,2.0,0.0
3104.635641366382,maintenance,DQN,212,39,2,"[0.9519481062889099,-0.04805188998579979,17.729751586914062,0.0,0.0,85.67024230957031,29.30792999267578,2.0,0.00019950313435401767,0.0,119.9042739868164,0.9519481062889099,0.009999999776482582,41.038814544677734,0.0022020291071385145,0.011591116897761822,0.0015780794201418757]",2,CM,20.0,0.9519481100915829,-0.048051889908417134,17.72975239299275,0.0,0,0.0,0.000199503131712422,0.0,0.0,0.0,0.000199503131712422,0.0,0.0,41.038815631927264,29.307930933958687,2.0,,,,,,,0.0,False,0.0,3104.635641366382,3224.5399180624377,False,0.000199503131712422,2.0,0.0
3104.635641366382,scheduling,DQN,,,,"[4.0,1.0,1.0,3.0,29.30792999267578,2.0,85.67024230957031,85.67024230957031,0.0,0.0,0.0,1.0]",,,,,,,,,,,,,,,,,,29.307930933958687,2.0,0,4,True,"{""mid"":1,""t0"":3104.635641366382,""t1"":3128.922089165463,""jid"":67,""oid"":1}",3264.503516366265,False,,False,0.0,,,,,,0.0
3121.0913824911895,scheduling,DQN,,,,"[4.0,2.0,1.0,4.0,33.817222595214844,2.0,63.666019439697266,59.227237701416016,0.0,0.1666666716337204,0.0,1.0]",,,,,,,,,,,,,,,,,,33.81722244714971,2.0,0,4,True,"{""mid"":0,""t0"":3121.0913824911895,""t1"":3157.1991151328093,""jid"":68,""oid"":0}",3237.326464926732,False,,False,0.0,,,,,,0.0
3128.922089165463,maintenance,DQN,213,44,1,"[0.9266753792762756,-0.07332459092140198,11.274189949035645,0.0,0.0,67.20311737060547,33.817222595214844,2.0,0.0002568518975749612,0.0,119.87677764892578,0.9266753792762756,0.009999999776482582,30.793476104736328,0.0023656529374420643,0.011591116897761822,0.0015780794201418757]",2,CM,20.0,0.9266754075697512,-0.0733245924302488,11.274190284196118,0.0,0,0.0,0.00025685188540817565,0.0,0.0,0.0,0.00025685188540817565,0.0,0.0,30.793475850487084,33.81722244714971,2.0,,,,,,,0.0,False,0.0,3128.922089165463,3248.7988635727584,False,0.00025685188540817565,2.0,0.0
3128.922089165463,scheduling,DQN,,,,"[4.0,2.0,1.0,4.0,33.817222595214844,2.0,67.20311737060547,53.67008972167969,0.0,0.1666666716337204,0.0,1.0]",,,,,,,,,,,,,,,,,,33.81722244714971,2.0,0,4,True,"{""mid"":2,""t0"":3128.922089165463,""t1"":3144.5746775911603,""jid"":67,""oid"":2}",3264.503516366265,False,,False,0.0,,,,,,0.0
3134.1595174520507,scheduling,DQN,,,,"[3.0,3.0,1.0,5.0,28.62995147705078,2.0,55.95783615112305,44.16358947753906,0.0,0.3333333432674408,0.0,1.0]",,,,,,,,,,,,,,,,,,28.629950575577595,2.0,0,1,True,"{""mid"":5,""t0"":3134.1595174520507,""t1"":3156.0626273361017,""jid"":69,""oid"":0}",3222.043788745831,False,,False,0.0,,,,,,0.0
3144.5746775911603,maintenance,DQN,214,40,2,"[0.9608156085014343,-0.039184365421533585,21.96834373474121,0.0,0.0,50.67020797729492,28.62995147705078,2.0,0.0001825769286369905,0.0,119.91239166259766,0.9608156085014343,0.009999999776482582,19.939035415649414,0.0021977094002068043,0.011591116897761822,0.0015780794201418757]",2,CM,20.0,0.9608156334616882,-0.03918436653831181,21.968343742906782,0.0,0,0.0,0.0001825769320626831,0.0,0.0,0.0,0.0001825769320626831,0.0,0.0,19.939036224778192,28.629950575577595,2.0,,,,,,,0.0,False,0.0,3144.5746775911603,3264.4870726569443,False,0.0001825769320626831,2.0,0.0
3149.1142383552556,scheduling,DQN,,,,"[3.0,4.0,2.0,6.0,25.89490509033203,2.0,45.312278747558594,29.319595336914062,0.0,0.3333333432674408,0.0,1.0]",,,,,,,,,,,,,,,,,,25.89490464110304,2.0,0,1,True,"{""mid"":3,""t0"":3149.1142383552556,""t1"":3213.663208095596,""jid"":70,""oid"":0}",3234.828591771977,False,,False,0.0,,,,,,0.0
3156.0626273361017,maintenance,DQN,215,28,5,"[0.9400023221969604,-0.05999770015478134,14.000575065612793,0.0,0.0,45.021236419677734,25.89490509033203,2.0,0.00022481160704046488,0.0,119.89213562011719,0.9400023221969604,0.009999999776482582,281.68975830078125,0.001972553553059697,0.011591116897761822,0.0015780794201418757]",2,CM,20.0,0.940002300231052,-0.059997699768947976,14.000575079809947,0.0,0,0.0,0.00022481160015016776,0.0,0.0,0.0,0.00022481160015016776,0.0,0.0,281.68977062370504,25.89490464110304,2.0,,,,,,,0.0,False,0.0,3156.0626273361017,3275.9547662721347,False,0.00022481160015016776,2.0,0.0
3156.0626273361017,scheduling,DQN,,,,"[2.0,4.0,2.0,6.0,25.89490509033203,2.0,45.021236419677734,26.97504425048828,0.0,0.3333333432674408,0.0,1.0]",,,,,,,,,,,,,,,,,,25.89490464110304,2.0,0,1,True,"{""mid"":4,""t0"":3156.0626273361017,""t1"":3173.3753790635815,""jid"":69,""oid"":1}",3222.043788745831,False,,False,0.0,,,,,,0.0
3157.1991151328093,maintenance,DQN,216,31,0,"[0.9860379099845886,-0.013962098397314548,63.460227966308594,0.0,0.0,49.68369674682617,25.89490509033203,2.0,0.00014188114437274635,0.0,119.93191528320312,0.9860379099845886,0.009999999776482582,66.12338256835938,0.0019787403289228678,0.011591116897761822,0.0015780794201418757]",2,CM,20.0,0.9860379020040495,-0.013962097995950495,63.460226554851,0.0,0,0.0,0.0001418811374302497,0.0,0.0,0.0,0.0001418811374302497,0.0,0.0,66.12338320174422,25.89490464110304,2.0,,,,,,,0.0,False,0.0,3157.1991151328093,3277.131031508234,False,0.0001418811374302497,2.0,0.0
3157.1991151328093,scheduling,DQN,,,,"[1.0,4.0,2.0,6.0,25.89490509033203,2.0,49.68369674682617,37.90229415893555,0.0,0.3333333432674408,0.0,1.0]",,,,,,,,,,,,,,,,,,25.89490464110304,2.0,0,4,True,"{""mid"":1,""t0"":3157.1991151328093,""t1"":3190.7031004267806,""jid"":68,""oid"":1}",3237.326464926732,False,,False,0.0,,,,,,0.0
3173.3753790635815,maintenance,DQN,217,41,4,"[0.9590873718261719,-0.04091263562440872,20.99809455871582,0.0,0.0,34.224693298339844,25.89490509033203,2.0,0.00018575918511487544,0.0,119.9108657836914,0.9590873718261719,0.009999999776482582,74.836181640625,0.002208545571193099,0.011591116897761822,0.0015780794201418757]",2,CM,20.0,0.959087365676491,-0.040912634323509,20.998094595508526,0.0,0,0.0,0.00018575918392290855,0.0,0.0,0.0,0.00018575918392290855,0.0,0.0,74.83617984417697,25.89490464110304,2.0,,,,,,,0.0,False,0.0,3173.3753790635815,3293.2862477733106,False,0.00018575918392290855,2.0,0.0
3177.1991151328093,scheduling,DQN,,,,"[3.0,3.0,1.0,6.0,25.89490509033203,2.0,30.400957107543945,16.85896110534668,0.0,0.3333333432674408,0.0,1.0]",,,,,,,,,,,,,,,,,,25.89490464110304,2.0,1,3,True,"{""mid"":0,""t0"":3177.1991151328093,""t1"":3194.886804962346,""jid"":67,""oid"":3}",3264.503516366265,False,,False,0.0,,,,,,0.0
3190.7031004267806,maintenance,DQN,218,45,1,"[0.9171523451805115,-0.08284766972064972,9.863310813903809,0.0,0.0,19.494646072387695,25.89490509033203,2.0,0.00028250738978385925,0.0,119.86447143554688,0.9171523451805115,0.009999999776482582,41.781009674072266,0.0023653176613152027,0.011591116897761822,0.0015780794201418757]",2,CM,20.0,0.9171523311897255,-0.0828476688102745,9.863311097636883,0.0,0,0.0,0.00028250738695766365,0.0,0.0,0.0,0.00028250738695766365,0.0,0.0,41.78101126131742,25.89490464110304,2.0,,,,,,,0.0,False,0.0,3190.7031004267806,3310.5675734701954,False,0.00028250738695766365,2.0,0.0
3194.886804962346,maintenance,DQN,219,32,0,"[0.9826250672340393,-0.017374910414218903,50.798828125,0.0,0.0,24.154787063598633,25.89490509033203,2.0,0.00014680612366646528,0.0,119.92955017089844,0.9826250672340393,0.009999999776482582,17.68769073486328,0.0019832642283290625,0.011591116897761822,0.0015780794201418757]",2,CM,20.0,0.9826250889736768,-0.01737491102632316,50.79882640184409,0.0,0,0.0,0.00014680612684686865,0.0,0.0,0.0,0.00014680612684686865,0.0,0.0,17.687689829536794,25.89490464110304,2.0,,,,,,,0.0,False,0.0,3194.886804962346,3314.8163587073677,False,0.00014680612684686865,2.0,0.0
3194.886804962346,scheduling,DQN,,,,"[3.0,2.0,1.0,6.0,25.89490509033203,2.0,24.154787063598633,2.498645305633545,0.0,0.1666666716337204,0.5,1.0]",,,,,,,,,,,,,,,,,,25.89490464110304,2.0,2,0,True,"{""mid"":4,""t0"":3194.886804962346,""t1"":3200.5841390482938,""jid"":67,""oid"":4}",3264.503516366265,False,,False,0.0,,,,,,0.0
3200.5841390482938,maintenance,DQN,220,42,4,"[0.9864870309829712,-0.013512959703803062,65.60272979736328,0.19371508061885834,0.0,-8.612724304199219,25.89490509033203,1.0,0.00014124541485216469,0.0,119.93222045898438,0.9864870309829712,0.009999999776482582,7.208759784698486,0.002583328867331147,0.01358100026845932,0.0018509841756895185]",2,CM,20.0,0.9864870401361759,-0.013512959863824059,65.60272871892533,0.19371507954426836,0,0.0,0.00014124541385448147,0.0,0.0,0.0,0.00014124541385448147,0.0,0.0,7.208759984712287,25.89490464110304,1.0,,,,,,,0.0,False,0.0,3200.5841390482938,3320.5163603982933,False,0.00014124541385448147,2.0,0.0
3213.663208095596,maintenance,DQN,221,34,3,"[0.9227198958396912,-0.07728010416030884,10.645947456359863,0.0,0.0,6.213400363922119,25.89490509033203,1.5,0.00026721254107542336,0.0,119.8718032836914,0.9227198958396912,0.009999999776482582,98.59223937988281,0.0021358460653573275,0.011591116897761822,0.0015780794201418757]",2,CM,20.0,0.9227198972493315,-0.07728010275066854,10.645947248591284,0.0,0,0.0,0.00026721253079013387,0.0,0.0,0.0,0.00026721253079013387,0.0,0.0,98.5922365747565,25.89490464110304,1.5,,,,,,,0.0,False,0.0,3213.663208095596,3333.5350146028363,False,0.00026721253079013387,2.0,0.0
3213.663208095596,scheduling,DQN,,,,"[3.0,1.0,1.0,6.0,25.89490509033203,1.5,6.213400363922119,6.213400363922119,0.0,0.0,0.0,1.0]",,,,,,,,,,,,,,,,,,25.89490464110304,1.5,0,2,True,"{""mid"":2,""t0"":3213.663208095596,""t1"":3219.5409267485534,""jid"":70,""oid"":1}",3234.828591771977,False,,False,0.0,,,,,,0.0
3219.5409267485534,maintenance,DQN,222,41,2,"[0.9901270866394043,-0.009872937574982643,90.15827941894531,0.0,0.0,150.0,25.89490509033203,2.0,0.00013619718083646148,0.0,119.93464660644531,0.9901270866394043,0.009999999776482582,54.96624755859375,0.0021998693700879812,0.011591116897761822,0.0015780794201418757]",2,CM,20.0,0.9901270626400365,-0.00987293735996353,90.15828118687918,0.0,0,0.0,0.0001361971849641173,0.0,0.0,0.0,0.0001361971849641173,0.0,0.0,54.96624915739312,25.89490464110304,2.0,,,,,,,0.0,False,0.0,3219.5409267485534,3339.4755699042234,False,0.0001361971849641173,2.0,0.0
3570.871776769514,scheduling,DQN,,,,"[6.0,1.0,1.0,1.0,200.0,2.0,68.77059173583984,68.77059173583984,0.0,0.0,0.0,0.0]",,,,,,,,,,,,,,,,,,200.0,2.0,1,1,True,"{""mid"":0,""t0"":3570.871776769514,""t1"":3578.4851758200853,""jid"":71,""oid"":0}",3708.4129593416255,False,,False,0.0,,,,,,0.0
3574.9458119868787,scheduling,DQN,,,,"[5.0,2.0,1.0,2.0,4.074035167694092,2.0,32.3482780456543,6.469655513763428,0.0,0.1666666716337204,0.0,1.0]",,,,,,,,,,,,,,,,,,4.074035217364781,2.0,1,5,True,"{""mid"":1,""t0"":3574.9458119868787,""t1"":3588.8623635084036,""jid"":72,""oid"":0}",3731.885429002852,False,,False,0.0,,,,,,0.0
3578.4851758200853,maintenance,DQN,223,33,0,"[1.0,0.0,100.0,0.0,0.0,40.16712951660156,4.074035167694092,2.0,0.00012339458044152707,0.0,119.94078826904297,1.0,0.009999999776482582,363.5983581542969,0.0019787403289228678,0.011591116897761822,0.0015780794201418757]",2,CM,20.0,1.0,0.0,100.0,0.0,0,0.0,0.00012339457598623172,0.0,0.0,0.0,0.00012339457598623172,0.0,0.0,363.59837085773916,4.074035217364781,2.0,,,,,,,0.0,False,0.0,3578.4851758200853,3698.4259610383797,False,0.00012339457598623172,2.0,0.0
3578.4851758200853,scheduling,DQN,,,,"[4.0,2.0,1.0,2.0,4.074035167694092,2.0,40.16712951660156,5.201934814453125,0.0,0.1666666716337204,0.5,1.0]",,,,,,,,,,,,,,,,,,4.074035217364781,2.0,0,0,True,"{""mid"":2,""t0"":3578.4851758200853,""t1"":3598.0854573961033,""jid"":71,""oid"":1}",3708.4129593416255,False,,False,0.0,,,,,,0.0
3588.8623635084036,maintenance,DQN,224,46,1,"[0.9717041254043579,-0.02829589694738388,30.806732177734375,0.0,0.0,42.66160583496094,4.074035167694092,2.0,0.0001637442474020645,0.0,119.92142486572266,0.9717041254043579,0.009999999776482582,378.1592712402344,0.0023639765568077564,0.011591116897761822,0.0015780794201418757]",2,CM,20.0,0.971704103729041,-0.028295896270958965,30.806732374959278,0.0,0,0.0,0.00016374425059286898,0.0,0.0,0.0,0.00016374425059286898,0.0,0.0,378.15926308162307,4.074035217364781,2.0,,,,,,,0.0,False,0.0,3588.8623635084036,3708.783792002193,False,0.00016374425059286898,2.0,0.0
3588.8623635084036,scheduling,DQN,,,,"[3.0,2.0,1.0,2.0,4.074035167694092,2.0,42.66160583496094,17.993738174438477,0.0,0.1666666716337204,0.0,1.0]",,,,,,,,,,,,,,,,,,4.074035217364781,2.0,0,2,True,"{""mid"":4,""t0"":3588.8623635084036,""t1"":3605.0401406340393,""jid"":72,""oid"":1}",3731.885429002852,False,,False,0.0,,,,,,0.0
3597.6483697445874,scheduling,DQN,,,,"[2.0,3.0,1.0,3.0,13.388296127319336,2.0,22.58373260498047,0.608153223991394,0.0,0.3333333432674408,0.0,1.0]",,,,,,,,,,,,,,,,,,13.388296487536763,2.0,0,4,True,"{""mid"":3,""t0"":3597.6483697445874,""t1"":3607.794381033194,""jid"":73,""oid"":0}",3657.474947678609,False,,False,0.0,,,,,,0.0
3598.0854573961033,maintenance,DQN,225,42,2,"[0.9809010028839111,-0.019098998978734016,46.12289047241211,0.0,0.0,26.604000091552734,13.388296127319336,2.0,0.00014935876242816448,0.0,119.92832946777344,0.9809010028839111,0.009999999776482582,358.5445251464844,0.002204188844189048,0.011591116897761822,0.0015780794201418757]",2,CM,20.0,0.9809010011738335,-0.019098998826166502,46.12288891116946,0.0,0,0.0,0.0001493587568939088,0.0,0.0,0.0,0.0001493587568939088,0.0,0.0,358.5445306475499,13.388296487536763,2.0,,,,,,,0.0,False,0.0,3598.0854573961033,3718.013786604247,False,0.0001493587568939088,2.0,0.0
3605.0401406340393,maintenance,DQN,226,43,4,"[0.9734159708023071,-0.026584003120660782,32.85494613647461,0.0,0.0,27.717321395874023,13.388296127319336,2.0,0.0001609654282219708,0.0,119.92276000976562,0.9734159708023071,0.009999999776482582,384.45599365234375,0.002202596515417099,0.011591116897761822,0.0015780794201418757]",2,CM,20.0,0.9734159964816597,-0.026584003518340338,32.854945865437045,0.0,0,0.0,0.0001609654289264578,0.0,0.0,0.0,0.0001609654289264578,0.0,0.0,384.4560015857455,13.388296487536763,2.0,,,,,,,0.0,False,0.0,3605.0401406340393,3724.9629020962916,False,0.0001609654289264578,2.0,0.0
3607.794381033194,maintenance,DQN,227,35,3,"[1.0,0.0,100.0,0.0,0.0,29.571142196655273,13.388296127319336,2.0,0.00012339458044152707,0.0,119.94078826904297,1.0,0.009999999776482582,374.13116455078125,0.0021080307196825743,0.011591116897761822,0.0015780794201418757]",2,CM,20.0,1.0,0.0,100.0,0.0,0,0.0,0.00012339457598623172,0.0,0.0,0.0,0.00012339457598623172,0.0,0.0,374.13117293759797,13.388296487536763,2.0,,,,,,,0.0,False,0.0,3607.794381033194,3727.7351662514884,False,0.00012339457598623172,2.0,0.0
3607.794381033194,scheduling,DQN,,,,"[2.0,3.0,3.0,3.0,13.388296127319336,2.0,29.571142196655273,6.362293243408203,0.0,0.0,0.0,1.0]",,,,,,,,,,,,,,,,,,13.388296487536763,2.0,0,0,True,"{""mid"":5,""t0"":3607.794381033194,""t1"":3628.047164043067,""jid"":73,""oid"":1}",3657.474947678609,False,,False,0.0,,,,,,0.0
3608.8623635084036,scheduling,DQN,,,,"[2.0,3.0,2.0,3.0,13.388296127319336,2.0,28.50316047668457,5.294311046600342,0.0,0.1666666716337204,0.0,1.0]",,,,,,,,,,,,,,,,,,13.388296487536763,2.0,0,0,True,"{""mid"":1,""t0"":3608.8623635084036,""t1"":3615.3891091766845,""jid"":72,""oid"":2}",3731.885429002852,False,,False,0.0,,,,,,0.0
3614.8598082718977,scheduling,DQN,,,,"[1.0,5.0,3.0,5.0,10.997008323669434,2.0,12.336673736572266,-4.855166912078857,0.0,0.3333333432674408,0.4000000059604645,1.0]",,,,,,,,,,,,,,,,,,10.997007875595955,2.0,0,0,True,"{""mid"":0,""t0"":3614.8598082718977,""t1"":3672.0660287165383,""jid"":75,""oid"":0}",3715.324086572333,False,,False,0.0,,,,,,0.0
3615.3891091766845,maintenance,DQN,228,47,1,"[0.9885988831520081,-0.01140108797699213,77.93983459472656,0.0,0.0,16.206100463867188,10.997008323669434,2.0,0.0001382941845804453,0.0,119.93363952636719,0.9885988831520081,0.009999999776482582,6.526745796203613,0.00236900569871068,0.011591116897761822,0.0015780794201418757]",2,CM,20.0,0.9885989115731971,-0.011401088426802874,77.939831558905,0.0,0,0.0,0.00013829417766772286,0.0,0.0,0.0,0.00013829417766772286,0.0,0.0,6.52674566828091,10.997007875595955,2.0,,,,,,,0.0,False,0.0,3615.3891091766845,3735.3227463282874,False,0.00013829417766772286,2.0,0.0
3625.0401406340393,scheduling,DQN,,,,"[2.0,5.0,3.0,5.0,10.997008323669434,1.5,6.555069446563721,-15.035499572753906,0.0,0.3333333432674408,0.6000000238418579,1.0]",,,,,,,,,,,,,,,,,,10.997007875595955,1.5,0,2,True,"{""mid"":4,""t0"":3625.0401406340393,""t1"":3657.722231859607,""jid"":71,""oid"":2}",3708.4129593416255,False,,False,0.0,,,,,,0.0
3627.794381033194,scheduling,DQN,,,,"[2.0,5.0,2.0,5.0,10.997008323669434,1.5,3.8008289337158203,-17.78973960876465,0.0,0.5,0.6000000238418579,1.0]",,,,,,,,,,,,,,,,,,10.997007875595955,1.5,0,2,True,"{""mid"":3,""t0"":3627.794381033194,""t1"":3672.7681195785462,""jid"":72,""oid"":3}",3731.885429002852,False,,False,0.0,,,,,,0.0
3628.047164043067,scheduling,DQN,,,,"[2.0,5.0,2.0,5.0,10.997008323669434,1.5,6.7729034423828125,-16.6876220703125,0.0,0.5,0.6000000238418579,1.0]",,,,,,,,,,,,,,,,,,10.997007875595955,1.5,0,0,True,"{""mid"":2,""t0"":3628.047164043067,""t1"":3655.488537995973,""jid"":73,""oid"":2}",3657.474947678609,False,,False,0.0,,,,,,0.0
3628.047164043067,scheduling,DQN,,,,"[1.0,5.0,1.0,5.0,10.997008323669434,1.5,6.7729034423828125,-16.6876220703125,0.0,0.6666666865348816,0.6000000238418579,1.0]",,,,,,,,,,,,,,,,,,10.997007875595955,1.5,0,0,True,"{""mid"":5,""t0"":3628.047164043067,""t1"":3644.2810185620147,""jid"":74,""oid"":0}",3664.6633173337086,False,,False,0.0,,,,,,0.0
3644.2810185620147,maintenance,DQN,229,29,5,"[0.9508767127990723,-0.04912330582737923,17.32124137878418,0.0,0.15850943326950073,6.7729034423828125,10.997008323669434,1.5,0.00020165169553365558,6.340377330780029,119.90324401855469,0.9508767127990723,0.009999999776482582,451.9845275878906,0.00197313679382205,0.011591116897761822,0.0015780794201418757]",2,CM,20.0,0.893457304256024,0.0,0.0,0.14388836654129245,0,0.0,0.0003580166288672822,0.0,0.0,0.0,0.0003580166288672822,0.0,0.0,468.2183912259129,10.997007875595955,1.0,,,,,,,0.0,False,0.0,3634.3875415031453,3747.9504102534806,False,0.0003580166288672822,2.0,0.0
3649.816922379172,scheduling,DQN,,,,"[1.0,7.0,3.0,7.0,13.157524108886719,1.0,-8.925758361816406,-28.71706771850586,0.2000003308057785,0.6666666865348816,0.7142857313156128,1.0]",,,,,,,,,,,,,,,,,,13.157524268276347,1.0,0,2,True,"{""mid"":1,""t0"":3649.816922379172,""t1"":3668.8269566932554,""jid"":77,""oid"":0}",3693.9663085307393,False,,False,0.0,,,,,,0.0
3655.488537995973,scheduling,DQN,,,,"[1.0,6.0,2.0,7.0,13.157524108886719,1.0,-12.381653785705566,-35.42869186401367,0.26621657609939575,0.6666666865348816,0.8333333134651184,1.0]",,,,,,,,,,,,,,,,,,13.157524268276347,1.0,0,3,True,"{""mid"":2,""t0"":3655.488537995973,""t1"":3678.62952460794,""jid"":74,""oid"":1}",3664.6633173337086,True,,False,0.0,,,,,,0.0
3657.722231859607,scheduling,DQN,,,,"[1.0,6.0,2.0,8.0,12.159900665283203,1.0,-17.905311584472656,-37.662384033203125,0.360860675573349,0.6666666865348816,1.0,1.0]",,,,,,,,,,,,,,,,,,12.15990085432564,1.0,0,3,True,"{""mid"":4,""t0"":3657.722231859607,""t1"":3665.362705282692,""jid"":76,""oid"":0}",3696.74033054507,False,,False,0.0,,,,,,0.0
3665.362705282692,maintenance,DQN,230,44,4,"[0.9281491637229919,-0.07185083627700806,11.52595043182373,0.360860675573349,0.09695998579263687,-17.905311584472656,12.159900665283203,1.0,0.00025309520424343646,3.878399610519409,119.87857818603516,0.9281491637229919,0.009999999776482582,32.682090759277344,0.002974543021991849,0.015616662800312042,0.0021308024879544973]",2,CM,20.0,0.8953296483956136,0.0,0.0,0.43887262332540233,0,0.0,0.0003513780235984405,0.0,0.0,0.0,0.0003513780235984405,0.0,0.0,40.32256464865259,12.15990085432564,1.0,,,,,,,0.07809685444082107,False,0.0,3661.6006314268943,3777.6008076297703,False,0.0003513780235984405,2.0,0.0
3665.362705282692,scheduling,DQN,,,,"[1.0,6.0,2.0,8.0,12.159900665283203,1.0,-23.112293243408203,-45.3028564453125,0.43887263536453247,0.6666666865348816,1.0,1.0]",,,,,,,,,,,,,,,,,,12.15990085432564,1.0,1,2,True,"{""mid"":5,""t0"":3665.362705282692,""t1"":3697.543905900202,""jid"":76,""oid"":1}",3696.74033054507,True,,False,0.0,,,,,,0.0
3668.8269566932554,maintenance,DQN,231,48,1,"[0.9271525144577026,-0.07284747809171677,11.354580879211426,0.39758971333503723,0.0,-20.272661209106445,12.06197452545166,1.0,0.00025562962400726974,0.0,119.87735748291016,0.9271525144577026,0.009999999776482582,33.43784713745117,0.0032970707397907972,0.016109097748994827,0.0021985890343785286]",2,CM,20.0,0.9271525239764987,-0.07284747602350128,11.354580407283454,0.3975897063033106,0,0.0,0.0002556296342904104,0.0,0.0,0.0,0.0002556296342904104,0.0,0.0,33.437847516570855,12.061974130075612,1.0,,,,,,,0.0,False,0.0,3668.8269566932554,3788.704317180069,False,0.0002556296342904104,2.0,0.0
3672.0660287165383,scheduling,DQN,,,,"[1.0,7.0,4.0,9.0,12.06197452545166,1.0,-18.194597244262695,-33.83000183105469,0.36546632647514343,0.5,1.0,1.0]",,,,,,,,,,,,,,,,,,12.061974130075612,1.0,0,3,True,"{""mid"":0,""t0"":3672.0660287165383,""t1"":3689.626040321715,""jid"":77,""oid"":1}",3693.9663085307393,False,,False,0.0,,,,,,0.0
3672.7681195785462,maintenance,DQN,232,36,3,"[0.9545321464538574,-0.045467838644981384,18.794212341308594,0.2782430052757263,0.0,-13.042670249938965,12.06197452545166,1.0,0.0001944148971233517,0.0,119.9067153930664,0.9545321464538574,0.009999999776482582,44.97373962402344,0.0027032068464905024,0.014570053666830063,0.0019868568051606417]",2,CM,20.0,0.9545321618654281,-0.04546783813457189,18.794211401392243,0.2782429907290558,0,0.0,0.0001944148942326865,0.0,0.0,0.0,0.0001944148942326865,0.0,0.0,44.97373854535226,12.061974130075612,1.0,,,,,,,0.0,False,0.0,3672.7681195785462,3792.6748367051755,False,0.0001944148942326865,2.0,0.0
3678.62952460794,maintenance,DQN,233,43,2,"[0.9277881383895874,-0.07221183180809021,11.46333122253418,0.26621657609939575,0.2519054412841797,-12.381653785705566,13.157524108886719,1.0,0.00025401031598448753,10.076217651367188,119.87813568115234,0.9277881383895874,0.009999999776482582,37.403079986572266,0.002744243713095784,0.014424447901546955,0.0019668443128466606]",2,CM,20.0,0.8939460659402975,0.0,0.0,0.2803536443935378,0,0.0,0.00035627167199739715,0.0,0.0,0.0,0.00035627167199739715,0.0,0.0,60.54406721183659,12.061974130075612,1.0,,,,,,,0.22124809480930024,False,0.0,3665.5647552673704,3775.3666749679783,False,0.00035627167199739715,2.0,0.0
3685.362705282692,scheduling,DQN,,,,"[1.0,6.0,4.0,9.0,12.06197452545166,1.0,-19.892995834350586,-31.327287673950195,0.39184463024139404,0.3333333432674408,0.8333333134651184,1.0]",,,,,,,,,,,,,,,,,,12.061974130075612,1.0,0,0,True,"{""mid"":4,""t0"":3685.362705282692,""t1"":3708.4255007757674,""jid"":72,""oid"":4}",3731.885429002852,False,,False,0.0,,,,,,0.0
3688.8269566932554,scheduling,DQN,,,,"[1.0,6.0,3.0,9.0,12.06197452545166,1.0,-23.35724639892578,-34.79153823852539,0.44229835271835327,0.5,1.0,1.0]",,,,,,,,,,,,,,,,,,12.061974130075612,1.0,0,3,True,"{""mid"":1,""t0"":3688.8269566932554,""t1"":3701.336094050222,""jid"":75,""oid"":1}",3715.324086572333,False,,False,0.0,,,,,,0.0
3689.626040321715,maintenance,DQN,234,34,0,"[0.9565817713737488,-0.04341819882392883,19.728633880615234,0.36546632647514343,0.02699226699769497,-18.194597244262695,12.06197452545166,1.0,0.00019047140085604042,1.07969069480896,119.90860748291016,0.9565817713737488,0.009999999776482582,73.58085632324219,0.0026930817402899265,0.015677468851208687,0.002139170654118061]",2,CM,20.0,0.9352135349472341,0.0,0.0,0.4624290274576306,0,0.0,0.00023583663577614783,0.0,0.0,0.0,0.00023583663577614783,0.0,0.0,91.14086450162995,12.061974130075612,1.0,,,,,,,0.0,False,0.0,3673.145719390966,3791.974637261872,False,0.00023583663577614783,2.0,0.0
3697.543905900202,maintenance,DQN,235,30,5,"[0.8886866569519043,-0.1113133653998375,7.085282802581787,0.5063846707344055,0.0,-28.23995018005371,12.06197452545166,1.0,0.00037550381966866553,0.0,119.81989288330078,0.8886866569519043,0.009999999776482582,33.26288604736328,0.0030181840993463993,0.017673596739768982,0.0024142060428857803]",2,CM,20.0,0.8886866373543423,-0.11131336264565772,7.085282652586442,0.5063846815332351,0,0.0,0.0003755038071726004,0.0,0.0,0.0,0.0003755038071726004,0.0,0.0,33.262887338187284,12.061974130075612,1.0,,,,,,,0.0,False,0.0,3697.543905900202,3817.3637993679968,False,0.0003755038071726004,2.0,0.0
3698.62952460794,scheduling,DQN,,,,"[2.0,5.0,3.0,9.0,12.06197452545166,1.0,-29.32556915283203,-44.9852409362793,0.5196014642715454,0.3333333432674408,1.0,1.0]",,,,,,,,,,,,,,,,,,12.061974130075612,1.0,0,2,True,"{""mid"":2,""t0"":3698.62952460794,""t1"":3705.0625064237615,""jid"":78,""oid"":0}",3735.3593840882013,False,,False,0.0,,,,,,0.0
3701.336094050222,scheduling,DQN,,,,"[2.0,5.0,3.0,9.0,12.06197452545166,1.0,-27.581541061401367,-40.79441833496094,0.4981924295425415,0.3333333432674408,1.0,1.0]",,,,,,,,,,,,,,,,,,12.061974130075612,1.0,0,3,True,"{""mid"":1,""t0"":3701.336094050222,""t1"":3714.8599702262604,""jid"":76,""oid"":2}",3696.74033054507,True,,False,0.0,,,,,,0.0
3701.336094050222,scheduling,DQN,,,,"[1.0,5.0,2.0,9.0,12.06197452545166,1.0,-27.581541061401367,-40.79441833496094,0.4981924295425415,0.5,1.0,1.0]",,,,,,,,,,,,,,,,,,12.061974130075612,1.0,0,3,True,"{""mid"":3,""t0"":3701.336094050222,""t1"":3742.32743847181,""jid"":75,""oid"":2}",3715.324086572333,True,,False,0.0,,,,,,0.0
3705.0625064237615,scheduling,DQN,,,,"[1.0,5.0,2.0,9.0,12.06197452545166,1.0,-29.769208908081055,-39.904598236083984,0.5249001383781433,0.5,1.0,1.0]",,,,,,,,,,,,,,,,,,12.061974130075612,1.0,0,3,True,"{""mid"":2,""t0"":3705.0625064237615,""t1"":3711.5065733654546,""jid"":78,""oid"":1}",3735.3593840882013,False,,False,0.0,,,,,,0.0
3708.4255007757674,scheduling,DQN,,,,"[1.0,4.0,1.0,9.0,12.06197452545166,1.0,-36.275108337402344,-43.635868072509766,0.5962170362472534,0.5,1.0,1.0]",,,,,,,,,,,,,,,,,,12.061974130075612,1.0,0,4,True,"{""mid"":4,""t0"":3708.4255007757674,""t1"":3712.789439170953,""jid"":79,""oid"":0}",3784.2220287469077,False,,False,0.0,,,,,,0.0
3711.5065733654546,scheduling,DQN,,,,"[2.0,4.0,1.0,9.0,12.06197452545166,1.0,-31.114906311035156,-42.04945373535156,0.5406177639961243,0.5,1.0,1.0]",,,,,,,,,,,,,,,,,,12.061974130075612,1.0,0,0,True,"{""mid"":2,""t0"":3711.5065733654546,""t1"":3718.330039466961,""jid"":78,""oid"":2}",3735.3593840882013,False,,False,0.0,,,,,,0.0
3712.789439170953,scheduling,DQN,,,,"[2.0,4.0,1.0,9.0,12.06197452545166,1.0,-31.306787490844727,-40.27756118774414,0.542816162109375,0.5,1.0,1.0]",,,,,,,,,,,,,,,,,,12.061974130075612,1.0,0,0,True,"{""mid"":0,""t0"":3712.789439170953,""t1"":3742.6884106411003,""jid"":79,""oid"":1}",3784.2220287469077,False,,False,0.0,,,,,,0.0
3714.8599702262604,maintenance,DQN,236,49,1,"[0.9667726755142212,-0.0332273468375206,26.086122512817383,0.4981924295425415,0.15099699795246124,-27.581541061401367,12.06197452545166,1.0,0.0001720202126307413,6.03987979888916,119.9174575805664,0.9667726755142212,0.009999999776482582,12.509137153625488,0.0035976816434413195,0.017550021409988403,0.002397160744294524]",2,CM,20.0,0.9088523435494136,0.0,0.0,0.5721066547937127,0,0.0,0.00030694854473310403,0.0,0.0,0.0,0.00030694854473310403,0.0,0.0,26.033013533005033,12.061974130075612,1.0,,,,,,,0.0,False,0.0,3707.3759739439524,3821.253552747415,False,0.00030694854473310403,2.0,0.0
3718.330039466961,scheduling,DQN,,,,"[3.0,3.0,1.0,9.0,12.06197452545166,1.0,-35.04397201538086,-46.078285217285156,0.5835959911346436,0.3333333432674408,1.0,1.0]",,,,,,,,,,,,,,,,,,12.061974130075612,1.0,0,4,True,"{""mid"":5,""t0"":3718.330039466961,""t1"":3745.113982209833,""jid"":78,""oid"":3}",3735.3593840882013,True,,False,0.0,,,,,,0.0
3742.32743847181,maintenance,DQN,237,37,3,"[0.9484859108924866,-0.05151411518454552,16.47093963623047,0.7443939447402954,0.0,-54.5647087097168,12.06197452545166,1.0,0.00020652989041991532,0.0,119.90090942382812,0.9484859108924866,0.009999999776482582,49.55931854248047,0.004067121539264917,0.021725118160247803,0.0029743993654847145]",2,CM,20.0,0.9484858858755889,-0.05151411412441109,16.470940057833882,0.7443939150134575,0,0.0,0.00020652989006174146,0.0,0.0,0.0,0.00020652989006174146,0.0,0.0,49.559318893263935,12.061974130075612,1.0,,,,,,,0.0,False,0.0,3742.32743847181,3862.2283450617183,False,0.00020652989006174146,2.0,0.0
3742.6884106411003,maintenance,DQN,238,35,0,"[0.9641886949539185,-0.035811278969049454,24.131746292114258,0.6860395073890686,0.0,-46.33952331542969,12.06197452545166,1.0,0.00017652222595643252,0.0,119.91529846191406,0.9641886949539185,0.009999999776482582,33.06237030029297,0.0035346231888979673,0.0206439271569252,0.0028246468864381313]",2,CM,20.0,0.964188720005381,-0.03581127999461897,24.13174620218084,0.6860394819761855,0,0.0,0.00017652223046728507,0.0,0.0,0.0,0.00017652223046728507,0.0,0.0,33.06237031938508,12.061974130075612,1.0,,,,,,,0.0,False,0.0,3742.6884106411003,3862.6037098771308,False,0.00017652223046728507,2.0,0.0
3742.6884106411003,scheduling,DQN,,,,"[3.0,2.0,1.0,9.0,12.06197452545166,1.0,-46.33952331542969,-52.295570373535156,0.6860395073890686,0.1666666716337204,1.0,1.0]",,,,,,,,,,,,,,,,,,12.061974130075612,1.0,0,4,True,"{""mid"":2,""t0"":3742.6884106411003,""t1"":3778.094600555201,""jid"":79,""oid"":2}",3784.2220287469077,False,,False,0.0,,,,,,0.0
3745.113982209833,maintenance,DQN,239,31,5,"[0.8863654136657715,-0.11363457888364792,6.920124530792236,0.7546952366828918,0.0,-56.21015167236328,12.06197452545166,1.0,0.0003843186132144183,0.0,119.81566619873047,0.8863654136657715,0.009999999776482582,27.57007598876953,0.003752359887585044,0.021922413259744644,0.0030017464887350798]",2,CM,20.0,0.886365424161792,-0.11363457583820802,6.920124604340607,0.7546952149535993,0,0.0,0.0003843186106760016,0.0,0.0,0.0,0.0003843186106760016,0.0,0.0,27.570076309631077,12.061974130075612,1.0,,,,,,,0.0,False,0.0,3745.113982209833,3864.9296509968412,False,0.0003843186106760016,2.0,0.0
3778.094600555201,maintenance,DQN,240,44,2,"[0.9753116369247437,-0.024688340723514557,35.4544563293457,0.5249001383781433,0.3448142111301422,-29.769208908081055,12.06197452545166,1.0,0.00015794328646734357,13.79256820678711,119.92420959472656,0.9753116369247437,0.009999999776482582,6.432981967926025,0.0034191140439361334,0.017956502735614777,0.002453237073495984]",2,CM,20.0,0.8590203690892521,0.0,0.0,0.7393598430023056,0,0.0,0.0005051228245480221,0.0,0.0,0.0,0.0005051228245480221,0.0,0.0,79.46507594726108,11.619866677588561,1.0,,,,,,,0.0,False,0.0,3718.855074326661,3824.986717590933,False,0.0005051228245480221,2.0,0.0
3778.094600555201,scheduling,DQN,,,,"[5.0,1.0,1.0,7.0,11.619866371154785,1.0,-53.78458023071289,-53.78458023071289,0.7393598556518555,0.0,1.0,1.0]",,,,,,,,,,,,,,,,,,11.619866677588561,1.0,0,4,True,"{""mid"":0,""t0"":3778.094600555201,""t1"":3828.445465407205,""jid"":79,""oid"":3}",3784.2220287469077,True,,False,0.0,,,,,,0.0
3828.445465407205,maintenance,DQN,241,36,0,"[0.9224390387535095,-0.07756095379590988,10.603776931762695,0.8501134514808655,0.0,-75.9150619506836,7.093512058258057,1.0,0.00026796385645866394,0.0,119.87144470214844,0.9224390387535095,0.009999999776482582,65.7570571899414,0.004112603142857552,0.023846833035349846,0.0032688251230865717]",2,CM,20.0,0.9224390468001386,-0.07756095319986145,10.603776937615146,0.8501134356885526,0,0.0,0.0002679638518353871,0.0,0.0,0.0,0.0002679638518353871,0.0,0.0,65.75705476610483,7.093512217458131,1.0,,,,,,,0.0,False,0.0,3828.445465407205,3948.316911666143,False,0.0002679638518353871,2.0,0.0
3828.445465407205,scheduling,DQN,,,,"[5.0,1.0,1.0,4.0,7.093512058258057,1.0,-75.9150619506836,-75.9150619506836,0.8501134514808655,0.0,1.0,1.0]",,,,,,,,,,,,,,,,,,7.093512217458131,1.0,1,3,True,"{""mid"":2,""t0"":3828.445465407205,""t1"":3860.137089102976,""jid"":79,""oid"":4}",3784.2220287469077,True,,False,0.0,,,,,,0.0
3860.137089102976,maintenance,DQN,242,45,2,"[0.915116012096405,-0.08488399535417557,9.602705955505371,0.0,0.0,150.0,200.0,2.0,0.0002883174456655979,0.0,119.86168670654297,0.915116012096405,0.009999999776482582,62.04248809814453,0.0022063488140702248,0.011591116897761822,0.0015780794201418757]",2,CM,20.0,0.9151160056842259,-0.08488399431577409,9.602705577825901,0.0,0,0.0,0.0002883174534759067,0.0,0.0,0.0,0.0002883174534759067,0.0,0.0,62.042488547775065,200.0,2.0,,,,,,,0.0,False,0.0,3860.137089102976,3979.9987764965144,False,0.0002883174534759067,2.0,0.0
