sequence_id,family,source_split,data_no,time,end_index,dust_feed,health_remaining_true,dp_proxy_health,rul_true,total_life,sequence_total_life,window_count,is_observed,is_tail_reference,health_remaining_pred,rul_pred,health_remaining_pred_raw,rul_pred_raw,model,fold,window,hidden_dim,dropout
test_01,A3,test,1,0.10000000149011612,0,236.42893981933594,0.998305082321167,1.0,58.900001525878906,59.0,59.0,366.0,True,False,0.8790987730026245,51.86682891845703,0.8790987730026245,51.866827607154846,LSTM,2,48,64,0.1
test_01,A3,test,1,0.20000000298023224,1,236.42893981933594,0.996610164642334,1.0,58.79999923706055,59.0,59.0,366.0,True,False,0.8790987730026245,51.86682891845703,0.8809463977813721,51.97583746910095,LSTM,2,48,64,0.1
test_01,A3,test,1,0.30000001192092896,2,236.42893981933594,0.994915246963501,1.0,58.70000076293945,59.0,59.0,366.0,True,False,0.8790987730026245,51.86682891845703,0.8798148036003113,51.909073412418365,LSTM,2,48,64,0.1
test_01,A3,test,1,0.4000000059604645,3,236.42893981933594,0.993220329284668,1.0,58.599998474121094,59.0,59.0,366.0,True,False,0.8726472854614258,51.48619079589844,0.8726472854614258,51.48618984222412,LSTM,2,48,64,0.1
test_01,A3,test,1,0.5,4,236.42893981933594,0.991525411605835,1.0,58.5,59.0,59.0,366.0,True,False,0.8625073432922363,50.88793182373047,0.8625073432922363,50.88793325424194,LSTM,2,48,64,0.1
test_01,A3,test,1,0.6000000238418579,5,236.42893981933594,0.9898305535316467,1.0,58.400001525878906,59.0,59.0,366.0,True,False,0.856662392616272,50.5430793762207,0.856662392616272,50.543081164360046,LSTM,2,48,64,0.1
test_01,A3,test,1,0.699999988079071,6,236.42893981933594,0.988135576248169,1.0,58.29999923706055,59.0,59.0,366.0,True,False,0.8529579639434814,50.324520111083984,0.8529579639434814,50.324519872665405,LSTM,2,48,64,0.1
test_01,A3,test,1,0.800000011920929,7,236.42893981933594,0.9864407181739807,1.0,58.20000076293945,59.0,59.0,366.0,True,False,0.8500964045524597,50.15568923950195,0.8500964045524597,50.15568786859512,LSTM,2,48,64,0.1
test_01,A3,test,1,0.8999999761581421,8,236.42893981933594,0.9847457408905029,1.0,58.099998474121094,59.0,59.0,366.0,True,False,0.8440941572189331,49.80155563354492,0.8440941572189331,49.80155527591705,LSTM,2,48,64,0.1
test_01,A3,test,1,1.0,9,236.42893981933594,0.9830508232116699,1.0,58.0,59.0,59.0,366.0,True,False,0.8426045179367065,49.71366500854492,0.8426045179367065,49.713666558265686,LSTM,2,48,64,0.1
test_01,A3,test,1,1.100000023841858,10,236.42893981933594,0.9813559651374817,1.0,57.900001525878906,59.0,59.0,366.0,True,False,0.842191219329834,49.68928146362305,0.842191219329834,49.689281940460205,LSTM,2,48,64,0.1
test_01,A3,test,1,1.2000000476837158,11,236.42893981933594,0.9796609878540039,1.0,57.79999923706055,59.0,59.0,366.0,True,False,0.8401833176612854,49.57081604003906,0.8401833176612854,49.57081574201584,LSTM,2,48,64,0.1
test_01,A3,test,1,1.2999999523162842,12,236.42893981933594,0.9779661297798157,1.0,57.70000076293945,59.0,59.0,366.0,True,False,0.8385814428329468,49.4763069152832,0.8385814428329468,49.47630512714386,LSTM,2,48,64,0.1
test_01,A3,test,1,1.399999976158142,13,236.42893981933594,0.9762711524963379,1.0,57.599998474121094,59.0,59.0,366.0,True,False,0.8343808650970459,49.22846984863281,0.8343808650970459,49.22847104072571,LSTM,2,48,64,0.1
test_01,A3,test,1,1.5,14,236.42893981933594,0.9745762944221497,1.0,57.5,59.0,59.0,366.0,True,False,0.8312274217605591,49.04241943359375,0.8312274217605591,49.042417883872986,LSTM,2,48,64,0.1
test_01,A3,test,1,1.600000023841858,15,236.42893981933594,0.9728813767433167,1.0,57.400001525878906,59.0,59.0,366.0,True,False,0.8291839957237244,48.92185592651367,0.8291839957237244,48.92185574769974,LSTM,2,48,64,0.1
test_01,A3,test,1,1.7000000476837158,16,236.42893981933594,0.9711863994598389,1.0,57.29999923706055,59.0,59.0,366.0,True,False,0.8277631998062134,48.83802795410156,0.8277631998062134,48.83802878856659,LSTM,2,48,64,0.1
test_01,A3,test,1,1.7999999523162842,17,236.42893981933594,0.9694915413856506,1.0,57.20000076293945,59.0,59.0,366.0,True,False,0.8266299962997437,48.77117156982422,0.8266299962997437,48.771169781684875,LSTM,2,48,64,0.1
test_01,A3,test,1,1.899999976158142,18,236.42893981933594,0.9677965641021729,1.0,57.099998474121094,59.0,59.0,366.0,True,False,0.825369119644165,48.69677734375,0.825369119644165,48.69677805900574,LSTM,2,48,64,0.1
test_01,A3,test,1,2.0,19,236.42893981933594,0.9661017060279846,1.0,57.0,59.0,59.0,366.0,True,False,0.8234295845031738,48.58234405517578,0.8234295845031738,48.582345485687256,LSTM,2,48,64,0.1
test_01,A3,test,1,2.0999999046325684,20,236.42893981933594,0.9644067883491516,1.0,56.900001525878906,59.0,59.0,366.0,True,False,0.8213485479354858,48.459564208984375,0.8213485479354858,48.459564328193665,LSTM,2,48,64,0.1
test_01,A3,test,1,2.200000047683716,21,236.42893981933594,0.9627118706703186,1.0,56.79999923706055,59.0,59.0,366.0,True,False,0.820294201374054,48.39735794067383,0.820294201374054,48.39735788106918,LSTM,2,48,64,0.1
test_01,A3,test,1,2.299999952316284,22,236.42893981933594,0.9610169529914856,1.0,56.70000076293945,59.0,59.0,366.0,True,False,0.820294201374054,48.39735794067383,0.8205294609069824,48.41123819351196,LSTM,2,48,64,0.1
test_01,A3,test,1,2.4000000953674316,23,236.42893981933594,0.9593220353126526,1.0,56.599998474121094,59.0,59.0,366.0,True,False,0.820294201374054,48.39735794067383,0.8211274147033691,48.44651746749878,LSTM,2,48,64,0.1
test_01,A3,test,1,2.5,24,236.42893981933594,0.9576271176338196,1.0,56.5,59.0,59.0,366.0,True,False,0.820294201374054,48.39735794067383,0.8211100101470947,48.44549059867859,LSTM,2,48,64,0.1
test_01,A3,test,1,2.5999999046325684,25,236.42893981933594,0.9559321999549866,1.0,56.400001525878906,59.0,59.0,366.0,True,False,0.820294201374054,48.39735794067383,0.8207038044929504,48.421524465084076,LSTM,2,48,64,0.1
test_01,A3,test,1,2.700000047683716,26,236.42893981933594,0.9542372822761536,1.0,56.29999923706055,59.0,59.0,366.0,True,False,0.820294201374054,48.39735794067383,0.8204803466796875,48.40834045410156,LSTM,2,48,64,0.1
test_01,A3,test,1,2.799999952316284,27,236.42893981933594,0.9525423645973206,1.0,56.20000076293945,59.0,59.0,366.0,True,False,0.820294201374054,48.39735794067383,0.8207895159721375,48.42658144235611,LSTM,2,48,64,0.1
test_01,A3,test,1,2.9000000953674316,28,236.42893981933594,0.9508474469184875,1.0,56.099998474121094,59.0,59.0,366.0,True,False,0.8190445303916931,48.32362747192383,0.8190445303916931,48.323627293109894,LSTM,2,48,64,0.1
test_01,A3,test,1,3.0,29,236.42893981933594,0.9491525292396545,1.0,56.0,59.0,59.0,366.0,True,False,0.8178018927574158,48.25031280517578,0.8178018927574158,48.25031167268753,LSTM,2,48,64,0.1
test_01,A3,test,1,3.0999999046325684,30,236.42893981933594,0.9474576711654663,1.0,55.900001525878906,59.0,59.0,366.0,True,False,0.8178018927574158,48.25031280517578,0.8185420036315918,48.293978214263916,LSTM,2,48,64,0.1
test_01,A3,test,1,3.200000047683716,31,236.42893981933594,0.9457626938819885,1.0,55.79999923706055,59.0,59.0,366.0,True,False,0.8178018927574158,48.25031280517578,0.818673312664032,48.30172544717789,LSTM,2,48,64,0.1
test_01,A3,test,1,3.299999952316284,32,236.42893981933594,0.9440678358078003,1.0,55.70000076293945,59.0,59.0,366.0,True,False,0.8178018927574158,48.25031280517578,0.821357011795044,48.46006369590759,LSTM,2,48,64,0.1
test_01,A3,test,1,3.4000000953674316,33,236.42893981933594,0.9423728585243225,1.0,55.599998474121094,59.0,59.0,366.0,True,False,0.8178018927574158,48.25031280517578,0.8212786316871643,48.455439269542694,LSTM,2,48,64,0.1
test_01,A3,test,1,3.5,34,236.42893981933594,0.9406779408454895,1.0,55.5,59.0,59.0,366.0,True,False,0.8178018927574158,48.25031280517578,0.8195072412490845,48.350927233695984,LSTM,2,48,64,0.1
test_01,A3,test,1,3.5999999046325684,35,236.42893981933594,0.9389830827713013,1.0,55.400001525878906,59.0,59.0,366.0,True,False,0.8178018927574158,48.25031280517578,0.8182579278945923,48.277217745780945,LSTM,2,48,64,0.1
test_01,A3,test,1,3.700000047683716,36,236.42893981933594,0.9372881054878235,1.0,55.29999923706055,59.0,59.0,366.0,True,False,0.8178018927574158,48.25031280517578,0.8183452486991882,48.282369673252106,LSTM,2,48,64,0.1
test_01,A3,test,1,3.799999952316284,37,236.42893981933594,0.9355932474136353,1.0,55.20000076293945,59.0,59.0,366.0,True,False,0.8177187442779541,48.24540710449219,0.8177187442779541,48.24540591239929,LSTM,2,48,64,0.1
test_01,A3,test,1,3.9000000953674316,38,236.42893981933594,0.9338982701301575,1.0,55.099998474121094,59.0,59.0,366.0,True,False,0.8161604404449463,48.153465270996094,0.8161604404449463,48.15346598625183,LSTM,2,48,64,0.1
test_01,A3,test,1,4.0,39,236.42893981933594,0.9322034120559692,1.0,55.0,59.0,59.0,366.0,True,False,0.8161091804504395,48.15044021606445,0.8161091804504395,48.15044164657593,LSTM,2,48,64,0.1
test_01,A3,test,1,4.099999904632568,40,236.42893981933594,0.9305084943771362,1.0,54.900001525878906,59.0,59.0,366.0,True,False,0.8154916167259216,48.11400604248047,0.8154916167259216,48.114005386829376,LSTM,2,48,64,0.1
test_01,A3,test,1,4.199999809265137,41,236.42893981933594,0.9288135170936584,1.0,54.79999923706055,59.0,59.0,366.0,True,False,0.8150280714035034,48.08665466308594,0.8150280714035034,48.0866562128067,LSTM,2,48,64,0.1
test_01,A3,test,1,4.300000190734863,42,236.42893981933594,0.9271186590194702,1.0,54.70000076293945,59.0,59.0,366.0,True,False,0.8122851848602295,47.924827575683594,0.8122851848602295,47.92482590675354,LSTM,2,48,64,0.1
test_01,A3,test,1,4.400000095367432,43,236.42893981933594,0.9254236817359924,1.0,54.599998474121094,59.0,59.0,366.0,True,False,0.8122851848602295,47.924827575683594,0.8125226497650146,47.938836336135864,LSTM,2,48,64,0.1
test_01,A3,test,1,4.5,44,236.42893981933594,0.9237288236618042,1.0,54.5,59.0,59.0,366.0,True,False,0.8122851848602295,47.924827575683594,0.8136698007583618,48.00651824474335,LSTM,2,48,64,0.1
test_01,A3,test,1,4.599999904632568,45,236.42893981933594,0.9220339059829712,1.0,54.400001525878906,59.0,59.0,366.0,True,False,0.8122851848602295,47.924827575683594,0.8148046731948853,48.07347571849823,LSTM,2,48,64,0.1
test_01,A3,test,1,4.699999809265137,46,236.42893981933594,0.9203389883041382,1.0,54.29999923706055,59.0,59.0,366.0,True,False,0.8122851848602295,47.924827575683594,0.8146849870681763,48.0664142370224,LSTM,2,48,64,0.1
test_01,A3,test,1,4.800000190734863,47,236.42893981933594,0.9186440706253052,1.0,54.20000076293945,59.0,59.0,366.0,True,False,0.8108876943588257,47.84237289428711,0.8108876943588257,47.842373967170715,LSTM,2,48,64,0.1
test_01,A3,test,1,4.900000095367432,48,236.42893981933594,0.9169491529464722,1.0,54.099998474121094,59.0,59.0,366.0,True,False,0.8085873126983643,47.70664978027344,0.8085873126983643,47.70665144920349,LSTM,2,48,64,0.1
test_01,A3,test,1,5.0,49,236.42893981933594,0.9152542352676392,1.0,54.0,59.0,59.0,366.0,True,False,0.8080891370773315,47.6772575378418,0.8080891370773315,47.67725908756256,LSTM,2,48,64,0.1
test_01,A3,test,1,5.099999904632568,50,236.42893981933594,0.9135593771934509,1.0,53.900001525878906,59.0,59.0,366.0,True,False,0.8072755336761475,47.62925720214844,0.8072755336761475,47.6292564868927,LSTM,2,48,64,0.1
test_01,A3,test,1,5.199999809265137,51,236.42893981933594,0.9118643999099731,1.0,53.79999923706055,59.0,59.0,366.0,True,False,0.8066951632499695,47.59501647949219,0.8066951632499695,47.5950146317482,LSTM,2,48,64,0.1
test_01,A3,test,1,5.300000190734863,52,236.42893981933594,0.9101694822311401,1.0,53.70000076293945,59.0,59.0,366.0,True,False,0.8066951632499695,47.59501647949219,0.8067485690116882,47.598165571689606,LSTM,2,48,64,0.1
test_01,A3,test,1,5.400000095367432,53,236.42893981933594,0.9084745645523071,1.0,53.599998474121094,59.0,59.0,366.0,True,False,0.8066951632499695,47.59501647949219,0.8096134066581726,47.767190992832184,LSTM,2,48,64,0.1
test_01,A3,test,1,5.5,54,236.42893981933594,0.9067796468734741,1.0,53.5,59.0,59.0,366.0,True,False,0.8066951632499695,47.59501647949219,0.812685489654541,47.94844388961792,LSTM,2,48,64,0.1
test_01,A3,test,1,5.599999904632568,55,236.42893981933594,0.9050847887992859,1.0,53.400001525878906,59.0,59.0,366.0,True,False,0.8066951632499695,47.59501647949219,0.8130389451980591,47.969297766685486,LSTM,2,48,64,0.1
test_01,A3,test,1,5.699999809265137,56,236.42893981933594,0.9033898115158081,1.0,53.29999923706055,59.0,59.0,366.0,True,False,0.8066951632499695,47.59501647949219,0.8134235739707947,47.991990864276886,LSTM,2,48,64,0.1
test_01,A3,test,1,5.800000190734863,57,236.42893981933594,0.9016949534416199,1.0,53.20000076293945,59.0,59.0,366.0,True,False,0.8066951632499695,47.59501647949219,0.814245879650116,48.04050689935684,LSTM,2,48,64,0.1
test_01,A3,test,1,5.900000095367432,58,236.42893981933594,0.8999999761581421,1.0,53.099998474121094,59.0,59.0,366.0,True,False,0.8066951632499695,47.59501647949219,0.8108822703361511,47.842053949832916,LSTM,2,48,64,0.1
test_01,A3,test,1,6.0,59,236.42893981933594,0.8983050584793091,1.0,53.0,59.0,59.0,366.0,True,False,0.8066951632499695,47.59501647949219,0.8111938238143921,47.86043560504913,LSTM,2,48,64,0.1
test_01,A3,test,1,6.099999904632568,60,236.42893981933594,0.8966102004051208,1.0,52.900001525878906,59.0,59.0,366.0,True,False,0.8066951632499695,47.59501647949219,0.8135592937469482,47.999998331069946,LSTM,2,48,64,0.1
test_01,A3,test,1,6.199999809265137,61,236.42893981933594,0.8949152231216431,1.0,52.79999923706055,59.0,59.0,366.0,True,False,0.8066951632499695,47.59501647949219,0.8137273788452148,48.009915351867676,LSTM,2,48,64,0.1
test_01,A3,test,1,6.300000190734863,62,236.42893981933594,0.8932203650474548,1.0,52.70000076293945,59.0,59.0,366.0,True,False,0.8066951632499695,47.59501647949219,0.8144845962524414,48.05459117889404,LSTM,2,48,64,0.1
test_01,A3,test,1,6.400000095367432,63,236.42893981933594,0.891525387763977,1.0,52.599998474121094,59.0,59.0,366.0,True,False,0.8066951632499695,47.59501647949219,0.8155245184898376,48.11594659090042,LSTM,2,48,64,0.1
test_01,A3,test,1,6.5,64,236.42893981933594,0.8898305296897888,1.0,52.5,59.0,59.0,366.0,True,False,0.8066951632499695,47.59501647949219,0.8148050904273987,48.07350033521652,LSTM,2,48,64,0.1
test_01,A3,test,1,6.599999904632568,65,236.42893981933594,0.8881356120109558,1.0,52.400001525878906,59.0,59.0,366.0,True,False,0.8066951632499695,47.59501647949219,0.817744255065918,48.24691104888916,LSTM,2,48,64,0.1
test_01,A3,test,1,6.699999809265137,66,236.42893981933594,0.8864406943321228,1.0,52.29999923706055,59.0,59.0,366.0,True,False,0.8066951632499695,47.59501647949219,0.8195191025733948,48.35162705183029,LSTM,2,48,64,0.1
test_01,A3,test,1,6.800000190734863,67,236.42893981933594,0.8847457766532898,1.0,52.20000076293945,59.0,59.0,366.0,True,False,0.8066951632499695,47.59501647949219,0.8165373206138611,48.175701916217804,LSTM,2,48,64,0.1
test_01,A3,test,1,6.900000095367432,68,236.42893981933594,0.883050799369812,1.0,52.099998474121094,59.0,59.0,366.0,True,False,0.8066951632499695,47.59501647949219,0.8165996074676514,48.17937684059143,LSTM,2,48,64,0.1
test_01,A3,test,1,7.0,69,236.42893981933594,0.8813559412956238,1.0,52.0,59.0,59.0,366.0,True,False,0.8066951632499695,47.59501647949219,0.818443775177002,48.288182735443115,LSTM,2,48,64,0.1
test_01,A3,test,1,7.099999904632568,70,236.42893981933594,0.8796610236167908,1.0,51.900001525878906,59.0,59.0,366.0,True,False,0.8066951632499695,47.59501647949219,0.8212381601333618,48.45305144786835,LSTM,2,48,64,0.1
test_01,A3,test,1,7.199999809265137,71,236.42893981933594,0.8779661059379578,1.0,51.79999923706055,59.0,59.0,366.0,True,False,0.8066951632499695,47.59501647949219,0.8208954930305481,48.43283408880234,LSTM,2,48,64,0.1
test_01,A3,test,1,7.300000190734863,72,236.42893981933594,0.8762711882591248,1.0,51.70000076293945,59.0,59.0,366.0,True,False,0.8066951632499695,47.59501647949219,0.8183026313781738,48.279855251312256,LSTM,2,48,64,0.1
test_01,A3,test,1,7.400000095367432,73,236.42893981933594,0.8745762705802917,1.0,51.599998474121094,59.0,59.0,366.0,True,False,0.8066951632499695,47.59501647949219,0.821625828742981,48.47592389583588,LSTM,2,48,64,0.1
test_01,A3,test,1,7.5,74,236.42893981933594,0.8728813529014587,1.0,51.5,59.0,59.0,366.0,True,False,0.8066951632499695,47.59501647949219,0.8278999328613281,48.84609603881836,LSTM,2,48,64,0.1
test_01,A3,test,1,7.599999904632568,75,236.42893981933594,0.8711864948272705,1.0,51.400001525878906,59.0,59.0,366.0,True,False,0.8066951632499695,47.59501647949219,0.8321578502655029,49.09731316566467,LSTM,2,48,64,0.1
test_01,A3,test,1,7.699999809265137,76,236.42893981933594,0.8694915175437927,1.0,51.29999923706055,59.0,59.0,366.0,True,False,0.8066951632499695,47.59501647949219,0.8120702505111694,47.912144780159,LSTM,2,48,64,0.1
test_01,A3,test,1,7.800000190734863,77,236.42893981933594,0.8677965998649597,1.0,51.20000076293945,59.0,59.0,366.0,True,False,0.8062580227851868,47.56922149658203,0.8062580227851868,47.56922334432602,LSTM,2,48,64,0.1
test_01,A3,test,1,7.900000095367432,78,236.42893981933594,0.8661016821861267,1.0,51.099998474121094,59.0,59.0,366.0,True,False,0.8062580227851868,47.56922149658203,0.8134821653366089,47.995447754859924,LSTM,2,48,64,0.1
test_01,A3,test,1,8.0,79,236.42893981933594,0.8644067645072937,1.0,51.0,59.0,59.0,366.0,True,False,0.8062580227851868,47.56922149658203,0.8133480548858643,47.98753523826599,LSTM,2,48,64,0.1
test_01,A3,test,1,8.100000381469727,80,236.42893981933594,0.8627119064331055,1.0,50.900001525878906,59.0,59.0,366.0,True,False,0.8062580227851868,47.56922149658203,0.8100090622901917,47.79053467512131,LSTM,2,48,64,0.1
test_01,A3,test,1,8.199999809265137,81,236.42893981933594,0.8610169291496277,1.0,50.79999923706055,59.0,59.0,366.0,True,False,0.8062580227851868,47.56922149658203,0.8081375956535339,47.6801181435585,LSTM,2,48,64,0.1
test_01,A3,test,1,8.300000190734863,82,236.42893981933594,0.8593220710754395,1.0,50.70000076293945,59.0,59.0,366.0,True,False,0.8062580227851868,47.56922149658203,0.8112514615058899,47.863836228847504,LSTM,2,48,64,0.1
test_01,A3,test,1,8.399999618530273,83,236.42893981933594,0.8576270937919617,1.0,50.599998474121094,59.0,59.0,366.0,True,False,0.8062580227851868,47.56922149658203,0.8155579566955566,48.11791944503784,LSTM,2,48,64,0.1
test_01,A3,test,1,8.5,84,236.42893981933594,0.8559321761131287,1.0,50.5,59.0,59.0,366.0,True,False,0.8062580227851868,47.56922149658203,0.8114346265792847,47.874642968177795,LSTM,2,48,64,0.1
test_01,A3,test,1,8.600000381469727,85,236.42893981933594,0.8542373180389404,1.0,50.400001525878906,59.0,59.0,366.0,True,False,0.8062580227851868,47.56922149658203,0.8064212203025818,47.578851997852325,LSTM,2,48,64,0.1
test_01,A3,test,1,8.699999809265137,86,236.42893981933594,0.8525423407554626,1.0,50.29999923706055,59.0,59.0,366.0,True,False,0.7989895343780518,47.140380859375,0.7989895343780518,47.140382528305054,LSTM,2,48,64,0.1
test_01,A3,test,1,8.800000190734863,87,236.42893981933594,0.8508474826812744,1.0,50.20000076293945,59.0,59.0,366.0,True,False,0.7962788939476013,46.98045349121094,0.7962788939476013,46.98045474290848,LSTM,2,48,64,0.1
test_01,A3,test,1,8.899999618530273,88,236.42893981933594,0.8491525053977966,1.0,50.099998474121094,59.0,59.0,366.0,True,False,0.78692227602005,46.42841339111328,0.78692227602005,46.42841428518295,LSTM,2,48,64,0.1
test_01,A3,test,1,9.0,89,236.42893981933594,0.8474576473236084,1.0,50.0,59.0,59.0,366.0,True,False,0.7761296629905701,45.791648864746094,0.7761296629905701,45.791650116443634,LSTM,2,48,64,0.1
test_01,A3,test,1,9.100000381469727,90,236.42893981933594,0.8457627296447754,1.0,49.900001525878906,59.0,59.0,366.0,True,False,0.7761296629905701,45.791648864746094,0.7873792052268982,46.45537310838699,LSTM,2,48,64,0.1
test_01,A3,test,1,9.199999809265137,91,236.42893981933594,0.8440678119659424,1.0,49.79999923706055,59.0,59.0,366.0,True,False,0.7761296629905701,45.791648864746094,0.7962985038757324,46.98161172866821,LSTM,2,48,64,0.1
test_01,A3,test,1,9.300000190734863,92,236.42893981933594,0.8423728942871094,1.0,49.70000076293945,59.0,59.0,366.0,True,False,0.7761296629905701,45.791648864746094,0.7989618182182312,47.13874727487564,LSTM,2,48,64,0.1
test_01,A3,test,1,9.399999618530273,93,236.42893981933594,0.8406779170036316,1.0,49.599998474121094,59.0,59.0,366.0,True,False,0.7761296629905701,45.791648864746094,0.7966487407684326,47.002275705337524,LSTM,2,48,64,0.1
test_01,A3,test,1,9.5,94,236.42893981933594,0.8389830589294434,1.0,49.5,59.0,59.0,366.0,True,False,0.7761296629905701,45.791648864746094,0.7969727516174316,47.02139234542847,LSTM,2,48,64,0.1
test_01,A3,test,1,9.600000381469727,95,236.42893981933594,0.8372881412506104,1.0,49.400001525878906,59.0,59.0,366.0,True,False,0.7761296629905701,45.791648864746094,0.8002817630767822,47.21662402153015,LSTM,2,48,64,0.1
test_01,A3,test,1,9.699999809265137,96,236.42893981933594,0.8355932235717773,1.0,49.29999923706055,59.0,59.0,366.0,True,False,0.7761296629905701,45.791648864746094,0.8009409308433533,47.25551491975784,LSTM,2,48,64,0.1
test_01,A3,test,1,9.800000190734863,97,236.42893981933594,0.8338983058929443,1.0,49.20000076293945,59.0,59.0,366.0,True,False,0.7761296629905701,45.791648864746094,0.7986451387405396,47.12006318569183,LSTM,2,48,64,0.1
test_01,A3,test,1,9.899999618530273,98,236.42893981933594,0.8322033882141113,1.0,49.099998474121094,59.0,59.0,366.0,True,False,0.7761296629905701,45.791648864746094,0.7979511022567749,47.07911503314972,LSTM,2,48,64,0.1
test_01,A3,test,1,10.0,99,236.42893981933594,0.8305084705352783,1.0,49.0,59.0,59.0,366.0,True,False,0.7761296629905701,45.791648864746094,0.7979398369789124,47.07845038175583,LSTM,2,48,64,0.1
test_01,A3,test,1,10.100000381469727,100,236.42893981933594,0.8288136124610901,1.0,48.900001525878906,59.0,59.0,366.0,True,False,0.7761296629905701,45.791648864746094,0.7881014943122864,46.497988164424896,LSTM,2,48,64,0.1
test_01,A3,test,1,10.199999809265137,101,236.42893981933594,0.8271186351776123,1.0,48.79999923706055,59.0,59.0,366.0,True,False,0.7717341184616089,45.53231430053711,0.7717341184616089,45.532312989234924,LSTM,2,48,64,0.1
test_01,A3,test,1,10.300000190734863,102,236.42893981933594,0.8254237174987793,1.0,48.70000076293945,59.0,59.0,366.0,True,False,0.7717341184616089,45.53231430053711,0.7783607840538025,45.92328625917435,LSTM,2,48,64,0.1
test_01,A3,test,1,10.399999618530273,103,236.42893981933594,0.8237287998199463,1.0,48.599998474121094,59.0,59.0,366.0,True,False,0.7717341184616089,45.53231430053711,0.7819138765335083,46.13291871547699,LSTM,2,48,64,0.1
test_01,A3,test,1,10.5,104,236.42893981933594,0.8220338821411133,1.0,48.5,59.0,59.0,366.0,True,False,0.7717341184616089,45.53231430053711,0.7813527584075928,46.099812746047974,LSTM,2,48,64,0.1
test_01,A3,test,1,10.600000381469727,105,236.42893981933594,0.820339024066925,1.0,48.400001525878906,59.0,59.0,366.0,True,False,0.7717341184616089,45.53231430053711,0.7803316116333008,46.039565086364746,LSTM,2,48,64,0.1
test_01,A3,test,1,10.699999809265137,106,236.42893981933594,0.8186440467834473,1.0,48.29999923706055,59.0,59.0,366.0,True,False,0.7717341184616089,45.53231430053711,0.7816203236579895,46.11559909582138,LSTM,2,48,64,0.1
test_01,A3,test,1,10.800000190734863,107,236.42893981933594,0.816949188709259,1.0,48.20000076293945,59.0,59.0,366.0,True,False,0.7717341184616089,45.53231430053711,0.7886892557144165,46.532666087150574,LSTM,2,48,64,0.1
test_01,A3,test,1,10.899999618530273,108,236.42893981933594,0.8152542114257812,1.0,48.099998474121094,59.0,59.0,366.0,True,False,0.7717341184616089,45.53231430053711,0.7943947315216064,46.86928915977478,LSTM,2,48,64,0.1
test_01,A3,test,1,11.0,109,236.42893981933594,0.8135592937469482,1.0,48.0,59.0,59.0,366.0,True,False,0.7717341184616089,45.53231430053711,0.7915103435516357,46.69911026954651,LSTM,2,48,64,0.1
test_01,A3,test,1,11.100000381469727,110,236.42893981933594,0.81186443567276,1.0,47.900001525878906,59.0,59.0,366.0,True,False,0.7717341184616089,45.53231430053711,0.792034924030304,46.73006051778793,LSTM,2,48,64,0.1
test_01,A3,test,1,11.199999809265137,111,236.42893981933594,0.8101694583892822,1.0,47.79999923706055,59.0,59.0,366.0,True,False,0.7717341184616089,45.53231430053711,0.7953230738639832,46.924061357975006,LSTM,2,48,64,0.1
test_01,A3,test,1,11.300000190734863,112,236.42893981933594,0.808474600315094,1.0,47.70000076293945,59.0,59.0,366.0,True,False,0.7717341184616089,45.53231430053711,0.7963775992393494,46.98627835512161,LSTM,2,48,64,0.1
test_01,A3,test,1,11.399999618530273,113,236.42893981933594,0.8067796230316162,1.0,47.599998474121094,59.0,59.0,366.0,True,False,0.7717341184616089,45.53231430053711,0.7973188161849976,47.041810154914856,LSTM,2,48,64,0.1
test_01,A3,test,1,11.5,114,236.42893981933594,0.805084764957428,1.0,47.5,59.0,59.0,366.0,True,False,0.7717341184616089,45.53231430053711,0.7981149554252625,47.088782370090485,LSTM,2,48,64,0.1
test_01,A3,test,1,11.600000381469727,115,236.42893981933594,0.803389847278595,1.0,47.400001525878906,59.0,59.0,366.0,True,False,0.7717341184616089,45.53231430053711,0.7980184555053711,47.083088874816895,LSTM,2,48,64,0.1
test_01,A3,test,1,11.699999809265137,116,236.42893981933594,0.801694929599762,1.0,47.29999923706055,59.0,59.0,366.0,True,False,0.7717341184616089,45.53231430053711,0.7971144318580627,47.0297514796257,LSTM,2,48,64,0.1
test_01,A3,test,1,11.800000190734863,117,236.42893981933594,0.800000011920929,1.0,47.20000076293945,59.0,59.0,366.0,True,False,0.7717341184616089,45.53231430053711,0.7978408932685852,47.07261270284653,LSTM,2,48,64,0.1
test_01,A3,test,1,11.899999618530273,118,236.42893981933594,0.7983050346374512,1.0,47.099998474121094,59.0,59.0,366.0,True,False,0.7717341184616089,45.53231430053711,0.802661120891571,47.35700613260269,LSTM,2,48,64,0.1
test_01,A3,test,1,12.0,119,236.42893981933594,0.7966101765632629,1.0,47.0,59.0,59.0,366.0,True,False,0.7717341184616089,45.53231430053711,0.8123357892036438,47.927811563014984,LSTM,2,48,64,0.1
test_01,A3,test,1,12.100000381469727,120,236.42893981933594,0.7949152588844299,1.0,46.900001525878906,59.0,59.0,366.0,True,False,0.7717341184616089,45.53231430053711,0.8198418617248535,48.37066984176636,LSTM,2,48,64,0.1
test_01,A3,test,1,12.199999809265137,121,236.42893981933594,0.7932203412055969,1.0,46.79999923706055,59.0,59.0,366.0,True,False,0.7717341184616089,45.53231430053711,0.8200815916061401,48.38481390476227,LSTM,2,48,64,0.1
test_01,A3,test,1,12.300000190734863,122,236.42893981933594,0.7915254235267639,1.0,46.70000076293945,59.0,59.0,366.0,True,False,0.7717341184616089,45.53231430053711,0.8194199800491333,48.345778822898865,LSTM,2,48,64,0.1
test_01,A3,test,1,12.399999618530273,123,236.42893981933594,0.7898305058479309,1.0,46.599998474121094,59.0,59.0,366.0,True,False,0.7717341184616089,45.53231430053711,0.8230867385864258,48.56211757659912,LSTM,2,48,64,0.1
test_01,A3,test,1,12.5,124,236.42893981933594,0.7881355881690979,1.0,46.5,59.0,59.0,366.0,True,False,0.7717341184616089,45.53231430053711,0.8277170658111572,48.835306882858276,LSTM,2,48,64,0.1
test_01,A3,test,1,12.600000381469727,125,236.42893981933594,0.7864407300949097,1.0,46.400001525878906,59.0,59.0,366.0,True,False,0.7717341184616089,45.53231430053711,0.8368699550628662,49.375327348709106,LSTM,2,48,64,0.1
test_01,A3,test,1,12.699999809265137,126,236.42893981933594,0.7847457528114319,1.0,46.29999923706055,59.0,59.0,366.0,True,False,0.7717341184616089,45.53231430053711,0.8349912762641907,49.26448529958725,LSTM,2,48,64,0.1
test_01,A3,test,1,12.800000190734863,127,236.42893981933594,0.7830508351325989,1.0,46.20000076293945,59.0,59.0,366.0,True,False,0.7717341184616089,45.53231430053711,0.8248053193092346,48.66351383924484,LSTM,2,48,64,0.1
test_01,A3,test,1,12.899999618530273,128,236.42893981933594,0.7813559174537659,1.0,46.099998474121094,59.0,59.0,366.0,True,False,0.7717341184616089,45.53231430053711,0.8250863552093506,48.680094957351685,LSTM,2,48,64,0.1
test_01,A3,test,1,13.0,129,236.42893981933594,0.7796609997749329,1.0,46.0,59.0,59.0,366.0,True,False,0.7717341184616089,45.53231430053711,0.8111695647239685,47.85900431871414,LSTM,2,48,64,0.1
test_01,A3,test,1,13.100000381469727,130,236.42893981933594,0.7779661417007446,1.0,45.900001525878906,59.0,59.0,366.0,True,False,0.7717341184616089,45.53231430053711,0.8022356033325195,47.33190059661865,LSTM,2,48,64,0.1
test_01,A3,test,1,13.199999809265137,131,236.42893981933594,0.7762711644172668,1.0,45.79999923706055,59.0,59.0,366.0,True,False,0.7717341184616089,45.53231430053711,0.7952398657798767,46.919152081012726,LSTM,2,48,64,0.1
test_01,A3,test,1,13.300000190734863,132,236.42893981933594,0.7745763063430786,1.0,45.70000076293945,59.0,59.0,366.0,True,False,0.7717341184616089,45.53231430053711,0.7894092202186584,46.57514399290085,LSTM,2,48,64,0.1
test_01,A3,test,1,13.399999618530273,133,236.42893981933594,0.7728813290596008,1.0,45.599998474121094,59.0,59.0,366.0,True,False,0.7717341184616089,45.53231430053711,0.7933266162872314,46.806270360946655,LSTM,2,48,64,0.1
test_01,A3,test,1,13.5,134,236.42893981933594,0.7711864113807678,1.0,45.5,59.0,59.0,366.0,True,False,0.7717341184616089,45.53231430053711,0.7946398258209229,46.88374972343445,LSTM,2,48,64,0.1
test_01,A3,test,1,13.600000381469727,135,236.42893981933594,0.7694915533065796,1.0,45.400001525878906,59.0,59.0,366.0,True,False,0.7717341184616089,45.53231430053711,0.7903098464012146,46.62828093767166,LSTM,2,48,64,0.1
test_01,A3,test,1,13.699999809265137,136,236.42893981933594,0.7677965760231018,1.0,45.29999923706055,59.0,59.0,366.0,True,False,0.7717341184616089,45.53231430053711,0.7854411602020264,46.341028451919556,LSTM,2,48,64,0.1
test_01,A3,test,1,13.800000190734863,137,236.42893981933594,0.7661017179489136,1.0,45.20000076293945,59.0,59.0,366.0,True,False,0.7717341184616089,45.53231430053711,0.7866116762161255,46.410088896751404,LSTM,2,48,64,0.1
test_01,A3,test,1,13.899999618530273,138,236.42893981933594,0.7644067406654358,1.0,45.099998474121094,59.0,59.0,366.0,True,False,0.7717341184616089,45.53231430053711,0.7904280424118042,46.63525450229645,LSTM,2,48,64,0.1
test_01,A3,test,1,14.0,139,236.42893981933594,0.7627118825912476,1.0,45.0,59.0,59.0,366.0,True,False,0.7717341184616089,45.53231430053711,0.7930309772491455,46.788827657699585,LSTM,2,48,64,0.1
test_01,A3,test,1,14.100000381469727,140,236.42893981933594,0.7610169649124146,1.0,44.900001525878906,59.0,59.0,366.0,True,False,0.7717341184616089,45.53231430053711,0.7890351414680481,46.55307334661484,LSTM,2,48,64,0.1
test_01,A3,test,1,14.199999809265137,141,236.42893981933594,0.7593220472335815,1.0,44.79999923706055,59.0,59.0,366.0,True,False,0.7717341184616089,45.53231430053711,0.7797207832336426,46.00352621078491,LSTM,2,48,64,0.1
test_01,A3,test,1,14.300000190734863,142,236.42893981933594,0.7576271295547485,1.0,44.70000076293945,59.0,59.0,366.0,True,False,0.7709658741950989,45.48698806762695,0.7709658741950989,45.486986577510834,LSTM,2,48,64,0.1
test_01,A3,test,1,14.399999618530273,143,236.42893981933594,0.7559321522712708,1.0,44.599998474121094,59.0,59.0,366.0,True,False,0.7626656889915466,44.997276306152344,0.7626656889915466,44.99727565050125,LSTM,2,48,64,0.1
test_01,A3,test,1,14.5,144,236.42893981933594,0.7542372941970825,1.0,44.5,59.0,59.0,366.0,True,False,0.753388524055481,44.44992446899414,0.753388524055481,44.44992291927338,LSTM,2,48,64,0.1
test_01,A3,test,1,14.600000381469727,145,236.42893981933594,0.7525423765182495,1.0,44.400001525878906,59.0,59.0,366.0,True,False,0.749355673789978,44.21198654174805,0.749355673789978,44.211984753608704,LSTM,2,48,64,0.1
test_01,A3,test,1,14.699999809265137,146,236.42893981933594,0.7508474588394165,1.0,44.29999923706055,59.0,59.0,366.0,True,False,0.749355673789978,44.21198654174805,0.7539555430412292,44.483377039432526,LSTM,2,48,64,0.1
test_01,A3,test,1,14.800000190734863,147,236.42893981933594,0.7491525411605835,1.0,44.20000076293945,59.0,59.0,366.0,True,False,0.749355673789978,44.21198654174805,0.7550779581069946,44.54959952831268,LSTM,2,48,64,0.1
test_01,A3,test,1,14.899999618530273,148,236.42893981933594,0.7474576234817505,1.0,44.099998474121094,59.0,59.0,366.0,True,False,0.749355673789978,44.21198654174805,0.752392590045929,44.39116281270981,LSTM,2,48,64,0.1
test_01,A3,test,1,15.0,149,236.42893981933594,0.7457627058029175,1.0,44.0,59.0,59.0,366.0,True,False,0.7491331100463867,44.1988525390625,0.7491331100463867,44.198853492736816,LSTM,2,48,64,0.1
test_01,A3,test,1,15.100000381469727,150,236.42893981933594,0.7440678477287292,1.0,43.900001525878906,59.0,59.0,366.0,True,False,0.7491331100463867,44.1988525390625,0.7495819926261902,44.22533756494522,LSTM,2,48,64,0.1
test_01,A3,test,1,15.199999809265137,151,236.42893981933594,0.7423728704452515,1.0,43.79999923706055,59.0,59.0,366.0,True,False,0.7491331100463867,44.1988525390625,0.7500777244567871,44.25458574295044,LSTM,2,48,64,0.1
test_01,A3,test,1,15.300000190734863,152,236.42893981933594,0.7406779527664185,1.0,43.70000076293945,59.0,59.0,366.0,True,False,0.7491331100463867,44.1988525390625,0.7531952857971191,44.43852186203003,LSTM,2,48,64,0.1
test_01,A3,test,1,15.399999618530273,153,236.42893981933594,0.7389830350875854,1.0,43.599998474121094,59.0,59.0,366.0,True,False,0.7491331100463867,44.1988525390625,0.7501214146614075,44.25716346502304,LSTM,2,48,64,0.1
test_01,A3,test,1,15.5,154,236.42893981933594,0.7372881174087524,1.0,43.5,59.0,59.0,366.0,True,False,0.7416478395462036,43.75722122192383,0.7416478395462036,43.75722253322601,LSTM,2,48,64,0.1
test_01,A3,test,1,15.600000381469727,155,236.42893981933594,0.7355932593345642,1.0,43.400001525878906,59.0,59.0,366.0,True,False,0.736839234828949,43.473514556884766,0.736839234828949,43.47351485490799,LSTM,2,48,64,0.1
test_01,A3,test,1,15.699999809265137,156,236.42893981933594,0.7338982820510864,1.0,43.29999923706055,59.0,59.0,366.0,True,False,0.7363057136535645,43.44203567504883,0.7363057136535645,43.4420371055603,LSTM,2,48,64,0.1
test_01,A3,test,1,15.800000190734863,157,236.42893981933594,0.7322034239768982,1.0,43.20000076293945,59.0,59.0,366.0,True,False,0.7355313301086426,43.39634704589844,0.7355313301086426,43.39634847640991,LSTM,2,48,64,0.1
test_01,A3,test,1,15.899999618530273,158,236.42893981933594,0.7305084466934204,1.0,43.099998474121094,59.0,59.0,366.0,True,False,0.7331972718238831,43.25864028930664,0.7331972718238831,43.2586390376091,LSTM,2,48,64,0.1
test_01,A3,test,1,16.0,159,236.42893981933594,0.7288135886192322,1.0,43.0,59.0,59.0,366.0,True,False,0.7331972718238831,43.25864028930664,0.7360349893569946,43.42606437206268,LSTM,2,48,64,0.1
test_01,A3,test,1,16.100000381469727,160,236.42893981933594,0.7271186709403992,1.0,42.900001525878906,59.0,59.0,366.0,True,False,0.7331972718238831,43.25864028930664,0.7419397830963135,43.774447202682495,LSTM,2,48,64,0.1
test_01,A3,test,1,16.200000762939453,161,236.42893981933594,0.7254236936569214,1.0,42.79999923706055,59.0,59.0,366.0,True,False,0.7331972718238831,43.25864028930664,0.7408948540687561,43.71279639005661,LSTM,2,48,64,0.1
test_01,A3,test,1,16.299999237060547,162,236.42893981933594,0.7237288355827332,1.0,42.70000076293945,59.0,59.0,366.0,True,False,0.7331972718238831,43.25864028930664,0.7342956066131592,43.32344079017639,LSTM,2,48,64,0.1
test_01,A3,test,1,16.399999618530273,163,236.42893981933594,0.7220338582992554,1.0,42.599998474121094,59.0,59.0,366.0,True,False,0.7331972718238831,43.25864028930664,0.7439119815826416,43.890806913375854,LSTM,2,48,64,0.1
test_01,A3,test,1,16.5,164,236.42893981933594,0.7203390002250671,1.0,42.5,59.0,59.0,366.0,True,False,0.7331972718238831,43.25864028930664,0.7489094138145447,44.185655415058136,LSTM,2,48,64,0.1
test_01,A3,test,1,16.600000381469727,165,236.42893981933594,0.7186440825462341,1.0,42.400001525878906,59.0,59.0,366.0,True,False,0.7331972718238831,43.25864028930664,0.756084680557251,44.60899615287781,LSTM,2,48,64,0.1
test_01,A3,test,1,16.700000762939453,166,236.42893981933594,0.7169491648674011,1.0,42.29999923706055,59.0,59.0,366.0,True,False,0.7331972718238831,43.25864028930664,0.7553502321243286,44.56566369533539,LSTM,2,48,64,0.1
test_01,A3,test,1,16.799999237060547,167,236.42893981933594,0.7152542471885681,1.0,42.20000076293945,59.0,59.0,366.0,True,False,0.7331972718238831,43.25864028930664,0.7450522780418396,43.958084404468536,LSTM,2,48,64,0.1
test_01,A3,test,1,16.899999618530273,168,236.42893981933594,0.7135592699050903,1.0,42.099998474121094,59.0,59.0,366.0,True,False,0.7331972718238831,43.25864028930664,0.7427695989608765,43.82340633869171,LSTM,2,48,64,0.1
test_01,A3,test,1,17.0,169,236.42893981933594,0.7118644118309021,1.0,42.0,59.0,59.0,366.0,True,False,0.7331972718238831,43.25864028930664,0.7366057634353638,43.45974004268646,LSTM,2,48,64,0.1
test_01,A3,test,1,17.100000381469727,170,236.42893981933594,0.7101694941520691,1.0,41.900001525878906,59.0,59.0,366.0,True,False,0.7311183214187622,43.135982513427734,0.7311183214187622,43.13598096370697,LSTM,2,48,64,0.1
test_01,A3,test,1,17.200000762939453,171,236.42893981933594,0.7084745764732361,1.0,41.79999923706055,59.0,59.0,366.0,True,False,0.7276464104652405,42.93113708496094,0.7276464104652405,42.93113821744919,LSTM,2,48,64,0.1
test_01,A3,test,1,17.299999237060547,172,236.42893981933594,0.7067796587944031,1.0,41.70000076293945,59.0,59.0,366.0,True,False,0.7185930013656616,42.39698791503906,0.7185930013656616,42.396987080574036,LSTM,2,48,64,0.1
test_01,A3,test,1,17.399999618530273,173,236.42893981933594,0.7050847411155701,1.0,41.599998474121094,59.0,59.0,366.0,True,False,0.7093563675880432,41.85202407836914,0.7093563675880432,41.85202568769455,LSTM,2,48,64,0.1
test_01,A3,test,1,17.5,174,236.42893981933594,0.7033898234367371,1.0,41.5,59.0,59.0,366.0,True,False,0.7077680230140686,41.7583122253418,0.7077680230140686,41.75831335783005,LSTM,2,48,64,0.1
test_01,A3,test,1,17.600000381469727,175,236.42893981933594,0.7016949653625488,1.0,41.400001525878906,59.0,59.0,366.0,True,False,0.7061758041381836,41.664371490478516,0.7061758041381836,41.66437244415283,LSTM,2,48,64,0.1
test_01,A3,test,1,17.700000762939453,176,236.42893981933594,0.699999988079071,1.0,41.29999923706055,59.0,59.0,366.0,True,False,0.7046399116516113,41.573753356933594,0.7046399116516113,41.57375478744507,LSTM,2,48,64,0.1
test_01,A3,test,1,17.799999237060547,177,236.42893981933594,0.698305070400238,1.0,41.20000076293945,59.0,59.0,366.0,True,False,0.7012776732444763,41.37538146972656,0.7012776732444763,41.3753827214241,LSTM,2,48,64,0.1
test_01,A3,test,1,17.899999618530273,178,236.42893981933594,0.696610152721405,1.0,41.099998474121094,59.0,59.0,366.0,True,False,0.6986604332923889,41.22096633911133,0.6986604332923889,41.220965564250946,LSTM,2,48,64,0.1
test_01,A3,test,1,18.0,179,236.42893981933594,0.694915235042572,1.0,41.0,59.0,59.0,366.0,True,False,0.697108268737793,41.12938690185547,0.697108268737793,41.129387855529785,LSTM,2,48,64,0.1
test_01,A3,test,1,18.100000381469727,180,236.42893981933594,0.6932203769683838,1.0,40.900001525878906,59.0,59.0,366.0,True,False,0.697108268737793,41.12938690185547,0.6995236873626709,41.27189755439758,LSTM,2,48,64,0.1
test_01,A3,test,1,18.200000762939453,181,236.42893981933594,0.691525399684906,1.0,40.79999923706055,59.0,59.0,366.0,True,False,0.697108268737793,41.12938690185547,0.7003448009490967,41.320343255996704,LSTM,2,48,64,0.1
test_01,A3,test,1,18.299999237060547,182,236.42893981933594,0.6898305416107178,0.9937852621078491,40.70000076293945,59.0,59.0,366.0,True,False,0.6901722550392151,40.72016143798828,0.6901722550392151,40.72016304731369,LSTM,2,48,64,0.1
test_01,A3,test,1,18.399999618530273,183,236.42893981933594,0.68813556432724,0.9969303011894226,40.599998474121094,59.0,59.0,366.0,True,False,0.6844889521598816,40.384849548339844,0.6844889521598816,40.384848177433014,LSTM,2,48,64,0.1
test_01,A3,test,1,18.5,184,236.42893981933594,0.6864407062530518,1.0,40.5,59.0,59.0,366.0,True,False,0.6844889521598816,40.384849548339844,0.6952755451202393,41.021257162094116,LSTM,2,48,64,0.1
test_01,A3,test,1,18.600000381469727,185,236.42893981933594,0.6847457885742188,1.0,40.400001525878906,59.0,59.0,366.0,True,False,0.6844889521598816,40.384849548339844,0.6971624493598938,41.132584512233734,LSTM,2,48,64,0.1
test_01,A3,test,1,18.700000762939453,186,236.42893981933594,0.683050811290741,0.9980311393737793,40.29999923706055,59.0,59.0,366.0,True,False,0.6844889521598816,40.384849548339844,0.6907677054405212,40.75529462099075,LSTM,2,48,64,0.1
test_01,A3,test,1,18.799999237060547,187,236.42893981933594,0.6813559532165527,1.0,40.20000076293945,59.0,59.0,366.0,True,False,0.6844889521598816,40.384849548339844,0.7003017067909241,41.31780070066452,LSTM,2,48,64,0.1
test_01,A3,test,1,18.899999618530273,188,236.42893981933594,0.679660975933075,0.9980311393737793,40.099998474121094,59.0,59.0,366.0,True,False,0.6844889521598816,40.384849548339844,0.6953176856040955,41.02374345064163,LSTM,2,48,64,0.1
test_01,A3,test,1,19.0,189,236.42893981933594,0.6779661178588867,0.9980311393737793,40.0,59.0,59.0,366.0,True,False,0.6844889521598816,40.384849548339844,0.6867557168006897,40.51858729124069,LSTM,2,48,64,0.1
test_01,A3,test,1,19.100000381469727,190,236.42893981933594,0.6762712001800537,0.9980311393737793,39.900001525878906,59.0,59.0,366.0,True,False,0.6844889521598816,40.384849548339844,0.685293436050415,40.43231272697449,LSTM,2,48,64,0.1
test_01,A3,test,1,19.200000762939453,191,236.42893981933594,0.6745762825012207,0.9980311393737793,39.79999923706055,59.0,59.0,366.0,True,False,0.6838496923446655,40.34713363647461,0.6838496923446655,40.347131848335266,LSTM,2,48,64,0.1
test_01,A3,test,1,19.299999237060547,192,236.42893981933594,0.6728813648223877,0.9980311393737793,39.70000076293945,59.0,59.0,366.0,True,False,0.682380199432373,40.260433197021484,0.682380199432373,40.26043176651001,LSTM,2,48,64,0.1
test_01,A3,test,1,19.399999618530273,193,236.42893981933594,0.6711863875389099,0.9969303011894226,39.599998474121094,59.0,59.0,366.0,True,False,0.6799672842025757,40.11806869506836,0.6799672842025757,40.118069767951965,LSTM,2,48,64,0.1
test_01,A3,test,1,19.5,194,236.42893981933594,0.6694915294647217,0.9915836453437805,39.5,59.0,59.0,366.0,True,False,0.6728899478912354,39.70050811767578,0.6728899478912354,39.700506925582886,LSTM,2,48,64,0.1
test_01,A3,test,1,19.600000381469727,195,236.42893981933594,0.6677966117858887,0.9928416609764099,39.400001525878906,59.0,59.0,366.0,True,False,0.6698858737945557,39.52326583862305,0.6698858737945557,39.523266553878784,LSTM,2,48,64,0.1
test_01,A3,test,1,19.700000762939453,196,236.42893981933594,0.6661016941070557,0.9933134317398071,39.29999923706055,59.0,59.0,366.0,True,False,0.6691583395004272,39.480342864990234,0.6691583395004272,39.48034203052521,LSTM,2,48,64,0.1
test_01,A3,test,1,19.799999237060547,197,236.42893981933594,0.6644067764282227,0.9915836453437805,39.20000076293945,59.0,59.0,366.0,True,False,0.6658380627632141,39.284446716308594,0.6658380627632141,39.28444570302963,LSTM,2,48,64,0.1
test_01,A3,test,1,19.899999618530273,198,236.42893981933594,0.6627118587493896,0.98828125,39.099998474121094,59.0,59.0,366.0,True,False,0.6602577567100525,38.95520782470703,0.6602577567100525,38.9552076458931,LSTM,2,48,64,0.1
test_01,A3,test,1,20.0,199,236.42893981933594,0.6610169410705566,0.98828125,39.0,59.0,59.0,366.0,True,False,0.6568406224250793,38.753597259521484,0.6568406224250793,38.75359672307968,LSTM,2,48,64,0.1
test_01,A3,test,1,20.100000381469727,200,236.42893981933594,0.6593220829963684,0.9889102578163147,38.900001525878906,59.0,59.0,366.0,True,False,0.6558159589767456,38.69314193725586,0.6558159589767456,38.69314157962799,LSTM,2,48,64,0.1
test_01,A3,test,1,20.200000762939453,201,236.42893981933594,0.6576271057128906,0.991426408290863,38.79999923706055,59.0,59.0,366.0,True,False,0.6558159589767456,38.69314193725586,0.6570822596549988,38.76785331964493,LSTM,2,48,64,0.1
test_01,A3,test,1,20.299999237060547,202,236.42893981933594,0.6559321880340576,0.9970875978469849,38.70000076293945,59.0,59.0,366.0,True,False,0.6558159589767456,38.69314193725586,0.6624680161476135,39.0856129527092,LSTM,2,48,64,0.1
test_01,A3,test,1,20.399999618530273,203,236.42893981933594,0.6542372703552246,0.991426408290863,38.599998474121094,59.0,59.0,366.0,True,False,0.6558159589767456,38.69314193725586,0.6596376299858093,38.91862016916275,LSTM,2,48,64,0.1
test_01,A3,test,1,20.5,204,236.42893981933594,0.6525423526763916,0.9972448348999023,38.5,59.0,59.0,366.0,True,False,0.6558159589767456,38.69314193725586,0.6640032529830933,39.1761919260025,LSTM,2,48,64,0.1
test_01,A3,test,1,20.600000381469727,205,236.42893981933594,0.6508474946022034,0.9981883764266968,38.400001525878906,59.0,59.0,366.0,True,False,0.6558159589767456,38.69314193725586,0.6663995981216431,39.31757628917694,LSTM,2,48,64,0.1
test_01,A3,test,1,20.700000762939453,206,236.42893981933594,0.6491525173187256,0.9948859810829163,38.29999923706055,59.0,59.0,366.0,True,False,0.6558159589767456,38.69314193725586,0.6646556258201599,39.214681923389435,LSTM,2,48,64,0.1
test_01,A3,test,1,20.799999237060547,207,236.42893981933594,0.6474576592445374,0.9969303011894226,38.20000076293945,59.0,59.0,366.0,True,False,0.6558159589767456,38.69314193725586,0.6659954190254211,39.29372972249985,LSTM,2,48,64,0.1
test_01,A3,test,1,20.899999618530273,208,236.42893981933594,0.6457626819610596,0.9969303011894226,38.099998474121094,59.0,59.0,366.0,True,False,0.6558159589767456,38.69314193725586,0.6673073172569275,39.37113171815872,LSTM,2,48,64,0.1
test_01,A3,test,1,21.0,209,236.42893981933594,0.6440678238868713,0.991426408290863,38.0,59.0,59.0,366.0,True,False,0.6558159589767456,38.69314193725586,0.6630533933639526,39.120150208473206,LSTM,2,48,64,0.1
test_01,A3,test,1,21.100000381469727,210,236.42893981933594,0.6423729062080383,0.98828125,37.900001525878906,59.0,59.0,366.0,True,False,0.6558159589767456,38.69314193725586,0.6567116379737854,38.74598664045334,LSTM,2,48,64,0.1
test_01,A3,test,1,21.200000762939453,211,236.42893981933594,0.6406779289245605,0.9860796332359314,37.79999923706055,59.0,59.0,366.0,True,False,0.6521941423416138,38.479454040527344,0.6521941423416138,38.47945439815521,LSTM,2,48,64,0.1
test_01,A3,test,1,21.299999237060547,212,236.42893981933594,0.6389830708503723,0.9827772378921509,37.70000076293945,59.0,59.0,366.0,True,False,0.6467012763023376,38.15537643432617,0.6467012763023376,38.15537530183792,LSTM,2,48,64,0.1
test_01,A3,test,1,21.399999618530273,213,236.42893981933594,0.6372880935668945,0.9794749021530151,37.599998474121094,59.0,59.0,366.0,True,False,0.6404699087142944,37.787723541259766,0.6404699087142944,37.78772461414337,LSTM,2,48,64,0.1
test_01,A3,test,1,21.5,214,236.42893981933594,0.6355932354927063,0.9827772378921509,37.5,59.0,59.0,366.0,True,False,0.6404699087142944,37.787723541259766,0.6410107612609863,37.81963491439819,LSTM,2,48,64,0.1
test_01,A3,test,1,21.600000381469727,215,236.42893981933594,0.6338983178138733,0.9805756211280823,37.400001525878906,59.0,59.0,366.0,True,False,0.6374698281288147,37.610721588134766,0.6374698281288147,37.61071985960007,LSTM,2,48,64,0.1
test_01,A3,test,1,21.700000762939453,216,236.42893981933594,0.6322034001350403,0.9805756211280823,37.29999923706055,59.0,59.0,366.0,True,False,0.6345862746238708,37.440589904785156,0.6345862746238708,37.44059020280838,LSTM,2,48,64,0.1
test_01,A3,test,1,21.799999237060547,217,236.42893981933594,0.6305084824562073,0.9893820285797119,37.20000076293945,59.0,59.0,366.0,True,False,0.6345862746238708,37.440589904785156,0.6431494355201721,37.945816695690155,LSTM,2,48,64,0.1
test_01,A3,test,1,21.899999618530273,218,236.42893981933594,0.6288135051727295,0.9892247915267944,37.099998474121094,59.0,59.0,366.0,True,False,0.6345862746238708,37.440589904785156,0.6425808668136597,37.91227114200592,LSTM,2,48,64,0.1
test_01,A3,test,1,22.0,219,236.42893981933594,0.6271186470985413,0.991426408290863,37.0,59.0,59.0,366.0,True,False,0.6345862746238708,37.440589904785156,0.6448723077774048,38.04746615886688,LSTM,2,48,64,0.1
test_01,A3,test,1,22.100000381469727,220,236.42893981933594,0.6254237294197083,0.9823055267333984,36.900001525878906,59.0,59.0,366.0,True,False,0.6345862746238708,37.440589904785156,0.6395891904830933,37.7357622385025,LSTM,2,48,64,0.1
test_01,A3,test,1,22.200000762939453,221,236.42893981933594,0.6237288117408752,0.977116048336029,36.79999923706055,59.0,59.0,366.0,True,False,0.6297945380210876,37.15787887573242,0.6297945380210876,37.15787774324417,LSTM,2,48,64,0.1
test_01,A3,test,1,22.299999237060547,222,236.42893981933594,0.6220338940620422,0.9849788546562195,36.70000076293945,59.0,59.0,366.0,True,False,0.6297945380210876,37.15787887573242,0.637646496295929,37.62114328145981,LSTM,2,48,64,0.1
test_01,A3,test,1,22.399999618530273,223,236.42893981933594,0.6203389763832092,0.9881240725517273,36.599998474121094,59.0,59.0,366.0,True,False,0.6297945380210876,37.15787887573242,0.6407308578491211,37.803120613098145,LSTM,2,48,64,0.1
test_01,A3,test,1,22.5,224,236.42893981933594,0.6186440587043762,0.9829345941543579,36.5,59.0,59.0,366.0,True,False,0.6297945380210876,37.15787887573242,0.6370774507522583,37.58756959438324,LSTM,2,48,64,0.1
test_01,A3,test,1,22.600000381469727,225,236.42893981933594,0.616949200630188,0.9801039099693298,36.400001525878906,59.0,59.0,366.0,True,False,0.6297945380210876,37.15787887573242,0.6319244503974915,37.283542573451996,LSTM,2,48,64,0.1
test_01,A3,test,1,22.700000762939453,226,236.42893981933594,0.6152542233467102,0.9827772378921509,36.29999923706055,59.0,59.0,366.0,True,False,0.6297945380210876,37.15787887573242,0.6329337358474731,37.343090415000916,LSTM,2,48,64,0.1
test_01,A3,test,1,22.799999237060547,227,236.42893981933594,0.6135593056678772,0.9827772378921509,36.20000076293945,59.0,59.0,366.0,True,False,0.6297945380210876,37.15787887573242,0.632758378982544,37.33274435997009,LSTM,2,48,64,0.1
test_01,A3,test,1,22.899999618530273,228,236.42893981933594,0.6118643879890442,0.9805756211280823,36.099998474121094,59.0,59.0,366.0,True,False,0.6297945380210876,37.15787887573242,0.630230188369751,37.18358111381531,LSTM,2,48,64,0.1
test_01,A3,test,1,23.0,229,236.42893981933594,0.6101694703102112,0.9708258509635925,36.0,59.0,59.0,366.0,True,False,0.6211915016174316,36.650299072265625,0.6211915016174316,36.65029859542847,LSTM,2,48,64,0.1
test_01,A3,test,1,23.100000381469727,230,236.42893981933594,0.608474612236023,0.9620194435119629,35.900001525878906,59.0,59.0,366.0,True,False,0.6063339710235596,35.773704528808594,0.6063339710235596,35.773704290390015,LSTM,2,48,64,0.1
test_01,A3,test,1,23.200000762939453,231,236.42893981933594,0.6067796349525452,0.9675233364105225,35.79999923706055,59.0,59.0,366.0,True,False,0.6063339710235596,35.773704528808594,0.6085497736930847,35.904436647892,LSTM,2,48,64,0.1
test_01,A3,test,1,23.299999237060547,232,236.42893981933594,0.6050847768783569,0.9686242341995239,35.70000076293945,59.0,59.0,366.0,True,False,0.6063339710235596,35.773704528808594,0.6082308888435364,35.885622441768646,LSTM,2,48,64,0.1
test_01,A3,test,1,23.399999618530273,233,236.42893981933594,0.6033897995948792,0.9686242341995239,35.599998474121094,59.0,59.0,366.0,True,False,0.6058939099311829,35.74774169921875,0.6058939099311829,35.74774068593979,LSTM,2,48,64,0.1
test_01,A3,test,1,23.5,234,236.42893981933594,0.6016949415206909,0.9686242341995239,35.5,59.0,59.0,366.0,True,False,0.6034253239631653,35.60209274291992,0.6034253239631653,35.60209411382675,LSTM,2,48,64,0.1
test_01,A3,test,1,23.600000381469727,235,236.42893981933594,0.6000000238418579,0.9686242341995239,35.400001525878906,59.0,59.0,366.0,True,False,0.6015577912330627,35.49190902709961,0.6015577912330627,35.4919096827507,LSTM,2,48,64,0.1
test_01,A3,test,1,23.700000762939453,236,236.42893981933594,0.5983050465583801,0.9620194435119629,35.29999923706055,59.0,59.0,366.0,True,False,0.5953369140625,35.1248779296875,0.5953369140625,35.1248779296875,LSTM,2,48,64,0.1
test_01,A3,test,1,23.799999237060547,237,236.42893981933594,0.5966101884841919,0.9620194435119629,35.20000076293945,59.0,59.0,366.0,True,False,0.5919893383979797,34.927371978759766,0.5919893383979797,34.927370965480804,LSTM,2,48,64,0.1
test_01,A3,test,1,23.899999618530273,238,236.42893981933594,0.5949152112007141,0.9533703327178955,35.099998474121094,59.0,59.0,366.0,True,False,0.5839593410491943,34.4536018371582,0.5839593410491943,34.453601121902466,LSTM,2,48,64,0.1
test_01,A3,test,1,24.0,239,236.42893981933594,0.5932203531265259,0.9620194435119629,35.0,59.0,59.0,366.0,True,False,0.5839593410491943,34.4536018371582,0.5904470682144165,34.836377024650574,LSTM,2,48,64,0.1
test_01,A3,test,1,24.100000381469727,240,236.42893981933594,0.5915254354476929,0.9708258509635925,34.900001525878906,59.0,59.0,366.0,True,False,0.5839593410491943,34.4536018371582,0.5964673161506653,35.19157165288925,LSTM,2,48,64,0.1
test_01,A3,test,1,24.200000762939453,241,236.42893981933594,0.5898305177688599,0.9675233364105225,34.79999923706055,59.0,59.0,366.0,True,False,0.5839593410491943,34.4536018371582,0.5919710397720337,34.92629134654999,LSTM,2,48,64,0.1
test_01,A3,test,1,24.299999237060547,242,236.42893981933594,0.5881356000900269,0.9675233364105225,34.70000076293945,59.0,59.0,366.0,True,False,0.5839593410491943,34.4536018371582,0.5918177962303162,34.917249977588654,LSTM,2,48,64,0.1
test_01,A3,test,1,24.399999618530273,243,236.42893981933594,0.5864406228065491,0.9620194435119629,34.599998474121094,59.0,59.0,366.0,True,False,0.5839593410491943,34.4536018371582,0.5876749157905579,34.672820031642914,LSTM,2,48,64,0.1
test_01,A3,test,1,24.5,244,236.42893981933594,0.5847457647323608,0.9706684947013855,34.5,59.0,59.0,366.0,True,False,0.5839593410491943,34.4536018371582,0.5963148474693298,35.18257600069046,LSTM,2,48,64,0.1
test_01,A3,test,1,24.600000381469727,245,236.42893981933594,0.5830508470535278,0.9761725068092346,34.400001525878906,59.0,59.0,366.0,True,False,0.5839593410491943,34.4536018371582,0.6000423431396484,35.40249824523926,LSTM,2,48,64,0.1
test_01,A3,test,1,24.700000762939453,246,236.42893981933594,0.5813559293746948,0.9717692732810974,34.29999923706055,59.0,59.0,366.0,True,False,0.5839593410491943,34.4536018371582,0.5979286432266235,35.27778995037079,LSTM,2,48,64,0.1
test_01,A3,test,1,24.799999237060547,247,236.42893981933594,0.5796610116958618,0.973970890045166,34.20000076293945,59.0,59.0,366.0,True,False,0.5839593410491943,34.4536018371582,0.6004961133003235,35.429270684719086,LSTM,2,48,64,0.1
test_01,A3,test,1,24.899999618530273,248,236.42893981933594,0.5779660940170288,0.9717692732810974,34.099998474121094,59.0,59.0,366.0,True,False,0.5839593410491943,34.4536018371582,0.5996842980384827,35.38137358427048,LSTM,2,48,64,0.1
test_01,A3,test,1,25.0,249,236.42893981933594,0.5762711763381958,0.9698823094367981,34.0,59.0,59.0,366.0,True,False,0.5839593410491943,34.4536018371582,0.5985375642776489,35.31371629238129,LSTM,2,48,64,0.1
test_01,A3,test,1,25.100000381469727,250,236.42893981933594,0.5745763182640076,0.9684668779373169,33.900001525878906,59.0,59.0,366.0,True,False,0.5839593410491943,34.4536018371582,0.5973895788192749,35.24598515033722,LSTM,2,48,64,0.1
test_01,A3,test,1,25.200000762939453,251,236.42893981933594,0.5728813409805298,0.9686242341995239,33.79999923706055,59.0,59.0,366.0,True,False,0.5839593410491943,34.4536018371582,0.5974159240722656,35.24753952026367,LSTM,2,48,64,0.1
test_01,A3,test,1,25.299999237060547,252,236.42893981933594,0.5711864829063416,0.9631202220916748,33.70000076293945,59.0,59.0,366.0,True,False,0.5839593410491943,34.4536018371582,0.5930923223495483,34.99244701862335,LSTM,2,48,64,0.1
test_01,A3,test,1,25.399999618530273,253,236.42893981933594,0.5694915056228638,0.9631202220916748,33.599998474121094,59.0,59.0,366.0,True,False,0.5839593410491943,34.4536018371582,0.5911327600479126,34.87683284282684,LSTM,2,48,64,0.1
test_01,A3,test,1,25.5,254,236.42893981933594,0.5677965879440308,0.9620194435119629,33.5,59.0,59.0,366.0,True,False,0.5839593410491943,34.4536018371582,0.5892243981361389,34.764239490032196,LSTM,2,48,64,0.1
test_01,A3,test,1,25.600000381469727,255,236.42893981933594,0.5661017298698425,0.9565154910087585,33.400001525878906,59.0,59.0,366.0,True,False,0.5838093161582947,34.44474792480469,0.5838093161582947,34.444749653339386,LSTM,2,48,64,0.1
test_01,A3,test,1,25.700000762939453,256,236.42893981933594,0.5644067525863647,0.9511687159538269,33.29999923706055,59.0,59.0,366.0,True,False,0.5766597390174866,34.022926330566406,0.5766597390174866,34.02292460203171,LSTM,2,48,64,0.1
test_01,A3,test,1,25.799999237060547,257,236.42893981933594,0.5627118945121765,0.9565154910087585,33.20000076293945,59.0,59.0,366.0,True,False,0.5766597390174866,34.022926330566406,0.5799368023872375,34.216271340847015,LSTM,2,48,64,0.1
test_01,A3,test,1,25.899999618530273,258,236.42893981933594,0.5610169172286987,0.9543138742446899,33.099998474121094,59.0,59.0,366.0,True,False,0.5759429335594177,33.98063278198242,0.5759429335594177,33.980633080005646,LSTM,2,48,64,0.1
test_01,A3,test,1,26.0,259,236.42893981933594,0.5593220591545105,0.953213095664978,33.0,59.0,59.0,366.0,True,False,0.5730541944503784,33.81019592285156,0.5730541944503784,33.81019747257233,LSTM,2,48,64,0.1
test_01,A3,test,1,26.100000381469727,260,236.42893981933594,0.5576271414756775,0.953213095664978,32.900001525878906,59.0,59.0,366.0,True,False,0.5715336799621582,33.72048568725586,0.5715336799621582,33.720487117767334,LSTM,2,48,64,0.1
test_01,A3,test,1,26.200000762939453,261,236.42893981933594,0.5559321641921997,0.9477090835571289,32.79999923706055,59.0,59.0,366.0,True,False,0.5664511322975159,33.420616149902344,0.5664511322975159,33.420616805553436,LSTM,2,48,64,0.1
test_01,A3,test,1,26.299999237060547,262,236.42893981933594,0.5542373061180115,0.9445639252662659,32.70000076293945,59.0,59.0,366.0,True,False,0.5616018176078796,33.13450622558594,0.5616018176078796,33.1345072388649,LSTM,2,48,64,0.1
test_01,A3,test,1,26.399999618530273,263,236.42893981933594,0.5525423288345337,0.950067937374115,32.599998474121094,59.0,59.0,366.0,True,False,0.5616018176078796,33.13450622558594,0.5656726360321045,33.374685525894165,LSTM,2,48,64,0.1
test_01,A3,test,1,26.5,264,236.42893981933594,0.5508474707603455,0.9412615895271301,32.5,59.0,59.0,366.0,True,False,0.5580637454986572,32.92576217651367,0.5580637454986572,32.925760984420776,LSTM,2,48,64,0.1
test_01,A3,test,1,26.600000381469727,265,236.42893981933594,0.5491525530815125,0.9379591941833496,32.400001525878906,59.0,59.0,366.0,True,False,0.5522431135177612,32.58234405517578,0.5522431135177612,32.58234369754791,LSTM,2,48,64,0.1
test_01,A3,test,1,26.700000762939453,266,236.42893981933594,0.5474576354026794,0.9379591941833496,32.29999923706055,59.0,59.0,366.0,True,False,0.550176739692688,32.460426330566406,0.550176739692688,32.46042764186859,LSTM,2,48,64,0.1
test_01,A3,test,1,26.799999237060547,267,236.42893981933594,0.5457627177238464,0.9365439414978027,32.20000076293945,59.0,59.0,366.0,True,False,0.5473778247833252,32.295291900634766,0.5473778247833252,32.29529166221619,LSTM,2,48,64,0.1
test_01,A3,test,1,26.899999618530273,268,236.42893981933594,0.5440678000450134,0.9359148740768433,32.099998474121094,59.0,59.0,366.0,True,False,0.5452741384506226,32.171173095703125,0.5452741384506226,32.17117416858673,LSTM,2,48,64,0.1
test_01,A3,test,1,27.0,269,236.42893981933594,0.5423728823661804,0.9359148740768433,32.0,59.0,59.0,366.0,True,False,0.5437994003295898,32.084163665771484,0.5437994003295898,32.0841646194458,LSTM,2,48,64,0.1
test_01,A3,test,1,27.100000381469727,270,236.42893981933594,0.5406779646873474,0.9326125383377075,31.899999618530273,59.0,59.0,366.0,True,False,0.5402007699012756,31.871845245361328,0.5402007699012756,31.871845424175262,LSTM,2,48,64,0.1
test_01,A3,test,1,27.200000762939453,271,236.42893981933594,0.5389830470085144,0.9310399293899536,31.799999237060547,59.0,59.0,366.0,True,False,0.5380281805992126,31.743661880493164,0.5380281805992126,31.743662655353546,LSTM,2,48,64,0.1
test_01,A3,test,1,27.299999237060547,272,236.42893981933594,0.5372881293296814,0.9294673204421997,31.700000762939453,59.0,59.0,366.0,True,False,0.5355044603347778,31.594762802124023,0.5355044603347778,31.594763159751892,LSTM,2,48,64,0.1
test_01,A3,test,1,27.399999618530273,273,236.42893981933594,0.5355932116508484,0.9271085262298584,31.600000381469727,59.0,59.0,366.0,True,False,0.5325726866722107,31.421789169311523,0.5325726866722107,31.42178851366043,LSTM,2,48,64,0.1
test_01,A3,test,1,27.5,274,236.42893981933594,0.5338982939720154,0.9293100237846375,31.5,59.0,59.0,366.0,True,False,0.5325726866722107,31.421789169311523,0.5335705280303955,31.480661153793335,LSTM,2,48,64,0.1
test_01,A3,test,1,27.600000381469727,275,236.42893981933594,0.5322033762931824,0.9293100237846375,31.399999618530273,59.0,59.0,366.0,True,False,0.5319391489028931,31.384408950805664,0.5319391489028931,31.38440978527069,LSTM,2,48,64,0.1
test_01,A3,test,1,27.700000762939453,276,236.42893981933594,0.5305084586143494,0.9337132573127747,31.299999237060547,59.0,59.0,366.0,True,False,0.5319391489028931,31.384408950805664,0.5346093773841858,31.54195326566696,LSTM,2,48,64,0.1
test_01,A3,test,1,27.799999237060547,277,236.42893981933594,0.5288136005401611,0.9390599727630615,31.200000762939453,59.0,59.0,366.0,True,False,0.5319391489028931,31.384408950805664,0.5370290875434875,31.684716165065765,LSTM,2,48,64,0.1
test_01,A3,test,1,27.899999618530273,278,236.42893981933594,0.5271186232566833,0.9304109215736389,31.100000381469727,59.0,59.0,366.0,True,False,0.5316575765609741,31.3677978515625,0.5316575765609741,31.367797017097473,LSTM,2,48,64,0.1
test_01,A3,test,1,28.0,279,236.42893981933594,0.5254237055778503,0.9293100237846375,31.0,59.0,59.0,366.0,True,False,0.531333327293396,31.34866714477539,0.531333327293396,31.348666310310364,LSTM,2,48,64,0.1
test_01,A3,test,1,28.100000381469727,280,236.42893981933594,0.5237287878990173,0.9293100237846375,30.899999618530273,59.0,59.0,366.0,True,False,0.5308827757835388,31.322084426879883,0.5308827757835388,31.32208377122879,LSTM,2,48,64,0.1
test_01,A3,test,1,28.200000762939453,281,236.42893981933594,0.5220338702201843,0.9239633679389954,30.799999237060547,59.0,59.0,366.0,True,False,0.5272164344787598,31.105770111083984,0.5272164344787598,31.105769634246826,LSTM,2,48,64,0.1
test_01,A3,test,1,28.299999237060547,282,236.42893981933594,0.5203390121459961,0.9249069094657898,30.700000762939453,59.0,59.0,366.0,True,False,0.5272164344787598,31.105770111083984,0.5277609825134277,31.137897968292236,LSTM,2,48,64,0.1
test_01,A3,test,1,28.399999618530273,283,236.42893981933594,0.5186440944671631,0.9205037951469421,30.600000381469727,59.0,59.0,366.0,True,False,0.523727297782898,30.89990997314453,0.523727297782898,30.89991056919098,LSTM,2,48,64,0.1
test_01,A3,test,1,28.5,284,236.42893981933594,0.5169491767883301,0.9205037951469421,30.5,59.0,59.0,366.0,True,False,0.5230810046195984,30.861780166625977,0.5230810046195984,30.861779272556305,LSTM,2,48,64,0.1
test_01,A3,test,1,28.600000381469727,285,236.42893981933594,0.5152542591094971,0.9206609725952148,30.399999618530273,59.0,59.0,366.0,True,False,0.5220199823379517,30.799179077148438,0.5220199823379517,30.799178957939148,LSTM,2,48,64,0.1
test_01,A3,test,1,28.700000762939453,286,236.42893981933594,0.5135592818260193,0.9205037951469421,30.299999237060547,59.0,59.0,366.0,True,False,0.5211600065231323,30.74843978881836,0.5211600065231323,30.748440384864807,LSTM,2,48,64,0.1
test_01,A3,test,1,28.799999237060547,287,236.42893981933594,0.511864423751831,0.9238060712814331,30.200000762939453,59.0,59.0,366.0,True,False,0.5211600065231323,30.74843978881836,0.5231058597564697,30.863245725631714,LSTM,2,48,64,0.1
test_01,A3,test,1,28.899999618530273,288,236.42893981933594,0.510169506072998,0.9098103046417236,30.100000381469727,59.0,59.0,366.0,True,False,0.5152460336685181,30.39951515197754,0.5152460336685181,30.399515986442566,LSTM,2,48,64,0.1
test_01,A3,test,1,29.0,289,236.42893981933594,0.508474588394165,0.9010039567947388,30.0,59.0,59.0,366.0,True,False,0.5074695348739624,29.940702438354492,0.5074695348739624,29.94070255756378,LSTM,2,48,64,0.1
test_01,A3,test,1,29.100000381469727,290,236.42893981933594,0.506779670715332,0.9074513912200928,29.899999618530273,59.0,59.0,366.0,True,False,0.5074695348739624,29.940702438354492,0.5126100182533264,30.24399107694626,LSTM,2,48,64,0.1
test_01,A3,test,1,29.200000762939453,291,236.42893981933594,0.505084753036499,0.9096530079841614,29.799999237060547,59.0,59.0,366.0,True,False,0.5074695348739624,29.940702438354492,0.5100902915000916,30.0953271985054,LSTM,2,48,64,0.1
test_01,A3,test,1,29.299999237060547,292,236.42893981933594,0.503389835357666,0.9080803990364075,29.700000762939453,59.0,59.0,366.0,True,False,0.5068879127502441,29.906387329101562,0.5068879127502441,29.906386852264404,LSTM,2,48,64,0.1
test_01,A3,test,1,29.399999618530273,293,236.42893981933594,0.501694917678833,0.91185462474823,29.600000381469727,59.0,59.0,366.0,True,False,0.5068879127502441,29.906387329101562,0.509497344493866,30.060343325138092,LSTM,2,48,64,0.1
test_01,A3,test,1,29.5,294,236.42893981933594,0.5,0.9074513912200928,29.5,59.0,59.0,366.0,True,False,0.5049693584442139,29.79319190979004,0.5049693584442139,29.793192148208618,LSTM,2,48,64,0.1
test_01,A3,test,1,29.600000381469727,295,236.42893981933594,0.498305082321167,0.9063506126403809,29.399999618530273,59.0,59.0,366.0,True,False,0.5049005150794983,29.78913116455078,0.5049005150794983,29.7891303896904,LSTM,2,48,64,0.1
test_01,A3,test,1,29.700000762939453,296,236.42893981933594,0.496610164642334,0.9039918184280396,29.299999237060547,59.0,59.0,366.0,True,False,0.5030713677406311,29.681211471557617,0.5030713677406311,29.681210696697235,LSTM,2,48,64,0.1
test_01,A3,test,1,29.799999237060547,297,236.42893981933594,0.49491527676582336,0.9024192094802856,29.200000762939453,59.0,59.0,366.0,True,False,0.5018466711044312,29.60895347595215,0.5018466711044312,29.608953595161438,LSTM,2,48,64,0.1
test_01,A3,test,1,29.899999618530273,298,236.42893981933594,0.49322035908699036,0.9010039567947388,29.100000381469727,59.0,59.0,366.0,True,False,0.5005111694335938,29.53015899658203,0.5005111694335938,29.53015899658203,LSTM,2,48,64,0.1
test_01,A3,test,1,30.0,299,236.42893981933594,0.49152541160583496,0.8977015614509583,29.0,59.0,59.0,366.0,True,False,0.49809807538986206,29.387786865234375,0.49809807538986206,29.38778644800186,LSTM,2,48,64,0.1
test_01,A3,test,1,30.100000381469727,300,236.42893981933594,0.48983049392700195,0.8977015614509583,28.899999618530273,59.0,59.0,366.0,True,False,0.49809807538986206,29.387786865234375,0.49817925691604614,29.392576158046722,LSTM,2,48,64,0.1
test_01,A3,test,1,30.200000762939453,301,236.42893981933594,0.48813557624816895,0.8961290121078491,28.799999237060547,59.0,59.0,366.0,True,False,0.4960269331932068,29.265588760375977,0.4960269331932068,29.2655890583992,LSTM,2,48,64,0.1
test_01,A3,test,1,30.299999237060547,302,236.42893981933594,0.4864406883716583,0.8977015614509583,28.700000762939453,59.0,59.0,366.0,True,False,0.4960269331932068,29.265588760375977,0.496515691280365,29.294425785541534,LSTM,2,48,64,0.1
test_01,A3,test,1,30.399999618530273,303,236.42893981933594,0.4847457706928253,0.8899959921836853,28.600000381469727,59.0,59.0,366.0,True,False,0.4908265173435211,28.958765029907227,0.4908265173435211,28.958764523267746,LSTM,2,48,64,0.1
test_01,A3,test,1,30.5,304,236.42893981933594,0.4830508530139923,0.8921976089477539,28.5,59.0,59.0,366.0,True,False,0.4908265173435211,28.958765029907227,0.49327442049980164,29.103190809488297,LSTM,2,48,64,0.1
test_01,A3,test,1,30.600000381469727,305,236.42893981933594,0.4813559353351593,0.8899959921836853,28.399999618530273,59.0,59.0,366.0,True,False,0.48988956212997437,28.903484344482422,0.48988956212997437,28.903484165668488,LSTM,2,48,64,0.1
test_01,A3,test,1,30.700000762939453,306,236.42893981933594,0.4796610176563263,0.8899959921836853,28.299999237060547,59.0,59.0,366.0,True,False,0.48988956212997437,28.903484344482422,0.48999252915382385,28.909559220075607,LSTM,2,48,64,0.1
test_01,A3,test,1,30.799999237060547,307,236.42893981933594,0.4779660999774933,0.8833912014961243,28.200000762939453,59.0,59.0,366.0,True,False,0.4854673147201538,28.6425724029541,0.4854673147201538,28.642571568489075,LSTM,2,48,64,0.1
test_01,A3,test,1,30.899999618530273,308,236.42893981933594,0.4762711822986603,0.8866935968399048,28.100000381469727,59.0,59.0,366.0,True,False,0.4854673147201538,28.6425724029541,0.48880887031555176,28.839723348617554,LSTM,2,48,64,0.1
test_01,A3,test,1,31.0,309,236.42893981933594,0.47457626461982727,0.8855927586555481,28.0,59.0,59.0,366.0,True,False,0.485329806804657,28.634458541870117,0.485329806804657,28.634458601474762,LSTM,2,48,64,0.1
test_01,A3,test,1,31.100000381469727,310,236.42893981933594,0.47288134694099426,0.8855927586555481,27.899999618530273,59.0,59.0,366.0,True,False,0.48511216044425964,28.621618270874023,0.48511216044425964,28.62161746621132,LSTM,2,48,64,0.1
test_01,A3,test,1,31.200000762939453,311,236.42893981933594,0.47118642926216125,0.8811895847320557,27.799999237060547,59.0,59.0,366.0,True,False,0.4818968176841736,28.43191146850586,0.4818968176841736,28.43191224336624,LSTM,2,48,64,0.1
test_01,A3,test,1,31.299999237060547,312,236.42893981933594,0.46949154138565063,0.8855927586555481,27.700000762939453,59.0,59.0,366.0,True,False,0.4818968176841736,28.43191146850586,0.4861065745353699,28.680287897586823,LSTM,2,48,64,0.1
test_01,A3,test,1,31.399999618530273,313,236.42893981933594,0.4677966237068176,0.8866935968399048,27.600000381469727,59.0,59.0,366.0,True,False,0.4818968176841736,28.43191146850586,0.48380929231643677,28.54474824666977,LSTM,2,48,64,0.1
test_01,A3,test,1,31.5,314,236.42893981933594,0.4661017060279846,0.8800888657569885,27.5,59.0,59.0,366.0,True,False,0.4797850251197815,28.307315826416016,0.4797850251197815,28.307316482067108,LSTM,2,48,64,0.1
test_01,A3,test,1,31.600000381469727,315,236.42893981933594,0.4644067585468292,0.8646777272224426,27.399999618530273,59.0,59.0,366.0,True,False,0.47339069843292236,27.930051803588867,0.47339069843292236,27.93005120754242,LSTM,2,48,64,0.1
test_01,A3,test,1,31.700000762939453,316,236.42893981933594,0.4627118408679962,0.8659356236457825,27.299999237060547,59.0,59.0,366.0,True,False,0.47339069843292236,27.930051803588867,0.47573208808898926,28.068193197250366,LSTM,2,48,64,0.1
test_01,A3,test,1,31.799999237060547,317,236.42893981933594,0.4610169529914856,0.8648349642753601,27.200000762939453,59.0,59.0,366.0,True,False,0.4723842144012451,27.870668411254883,0.4723842144012451,27.870668649673462,LSTM,2,48,64,0.1
test_01,A3,test,1,31.899999618530273,318,236.42893981933594,0.4593220353126526,0.8659356236457825,27.100000381469727,59.0,59.0,366.0,True,False,0.4723842144012451,27.870668411254883,0.47250908613204956,27.878036081790924,LSTM,2,48,64,0.1
test_01,A3,test,1,32.0,319,236.42893981933594,0.4576271176338196,0.8692380785942078,27.0,59.0,59.0,366.0,True,False,0.4723842144012451,27.870668411254883,0.4729773998260498,27.90566658973694,LSTM,2,48,64,0.1
test_01,A3,test,1,32.099998474121094,320,236.42893981933594,0.4559321999549866,0.8659356236457825,26.899999618530273,59.0,59.0,366.0,True,False,0.46835896372795105,27.6331787109375,0.46835896372795105,27.633178859949112,LSTM,2,48,64,0.1
test_01,A3,test,1,32.20000076293945,321,236.42893981933594,0.45423728227615356,0.8635768890380859,26.799999237060547,59.0,59.0,366.0,True,False,0.46800553798675537,27.612327575683594,0.46800553798675537,27.612326741218567,LSTM,2,48,64,0.1
test_01,A3,test,1,32.29999923706055,322,236.42893981933594,0.45254239439964294,0.8609035015106201,26.700000762939453,59.0,59.0,366.0,True,False,0.4666985869407654,27.53521728515625,0.4666985869407654,27.535216629505157,LSTM,2,48,64,0.1
test_01,A3,test,1,32.400001525878906,323,236.42893981933594,0.45084747672080994,0.8571293950080872,26.600000381469727,59.0,59.0,366.0,True,False,0.46480074524879456,27.42324447631836,0.46480074524879456,27.42324396967888,LSTM,2,48,64,0.1
test_01,A3,test,1,32.5,324,236.42893981933594,0.44915252923965454,0.8604317903518677,26.5,59.0,59.0,366.0,True,False,0.46480074524879456,27.42324447631836,0.4681159257888794,27.618839621543884,LSTM,2,48,64,0.1
test_01,A3,test,1,32.599998474121094,325,236.42893981933594,0.44745761156082153,0.8553996682167053,26.399999618530273,59.0,59.0,366.0,True,False,0.4624674916267395,27.285581588745117,0.4624674916267395,27.28558200597763,LSTM,2,48,64,0.1
test_01,A3,test,1,32.70000076293945,326,236.42893981933594,0.4457626938819885,0.8527262806892395,26.299999237060547,59.0,59.0,366.0,True,False,0.46232154965400696,27.2769718170166,0.46232154965400696,27.27697142958641,LSTM,2,48,64,0.1
test_01,A3,test,1,32.79999923706055,327,236.42893981933594,0.4440678060054779,0.8505246639251709,26.200000762939453,59.0,59.0,366.0,True,False,0.46088844537734985,27.192419052124023,0.46088844537734985,27.19241827726364,LSTM,2,48,64,0.1
test_01,A3,test,1,32.900001525878906,328,236.42893981933594,0.4423728883266449,0.8450207114219666,26.100000381469727,59.0,59.0,366.0,True,False,0.45737984776496887,26.985410690307617,0.45737984776496887,26.985411018133163,LSTM,2,48,64,0.1
test_01,A3,test,1,33.0,329,236.42893981933594,0.4406779706478119,0.8385730385780334,26.0,59.0,59.0,366.0,True,False,0.4544134736061096,26.810394287109375,0.4544134736061096,26.810394942760468,LSTM,2,48,64,0.1
test_01,A3,test,1,33.099998474121094,330,236.42893981933594,0.4389830529689789,0.8451778888702393,25.899999618530273,59.0,59.0,366.0,True,False,0.4544134736061096,26.810394287109375,0.46146106719970703,27.226202964782715,LSTM,2,48,64,0.1
test_01,A3,test,1,33.20000076293945,331,236.42893981933594,0.4372881352901459,0.8483229875564575,25.799999237060547,59.0,59.0,366.0,True,False,0.4544134736061096,26.810394287109375,0.4574623703956604,26.990279853343964,LSTM,2,48,64,0.1
test_01,A3,test,1,33.29999923706055,332,236.42893981933594,0.43559324741363525,0.8450207114219666,25.700000762939453,59.0,59.0,366.0,True,False,0.4534021317958832,26.7507266998291,0.4534021317958832,26.750725775957108,LSTM,2,48,64,0.1
test_01,A3,test,1,33.400001525878906,333,236.42893981933594,0.43389829993247986,0.8385730385780334,25.600000381469727,59.0,59.0,366.0,True,False,0.4516898989677429,26.649703979492188,0.4516898989677429,26.649704039096832,LSTM,2,48,64,0.1
test_01,A3,test,1,33.5,334,236.42893981933594,0.43220338225364685,0.8310248851776123,25.5,59.0,59.0,366.0,True,False,0.4492985010147095,26.50861167907715,0.4492985010147095,26.50861155986786,LSTM,2,48,64,0.1
test_01,A3,test,1,33.599998474121094,335,236.42893981933594,0.43050846457481384,0.8363714814186096,25.399999618530273,59.0,59.0,366.0,True,False,0.4492985010147095,26.50861167907715,0.4558248519897461,26.89366626739502,LSTM,2,48,64,0.1
test_01,A3,test,1,33.70000076293945,336,236.42893981933594,0.42881354689598083,0.8297668099403381,25.299999237060547,59.0,59.0,366.0,True,False,0.44663289189338684,26.351341247558594,0.44663289189338684,26.351340621709824,LSTM,2,48,64,0.1
test_01,A3,test,1,33.79999923706055,337,236.42893981933594,0.4271186590194702,0.824262797832489,25.200000762939453,59.0,59.0,366.0,True,False,0.44550570845603943,26.28483772277832,0.44550570845603943,26.284836798906326,LSTM,2,48,64,0.1
test_01,A3,test,1,33.900001525878906,338,236.42893981933594,0.4254237413406372,0.8209603428840637,25.100000381469727,59.0,59.0,366.0,True,False,0.4445967674255371,26.23120880126953,0.4445967674255371,26.23120927810669,LSTM,2,48,64,0.1
test_01,A3,test,1,34.0,339,236.42893981933594,0.4237288236618042,0.8167144060134888,25.0,59.0,59.0,366.0,True,False,0.44195470213890076,26.075326919555664,0.44195470213890076,26.075327426195145,LSTM,2,48,64,0.1
test_01,A3,test,1,34.099998474121094,340,236.42893981933594,0.4220339059829712,0.8101097345352173,24.899999618530273,59.0,59.0,366.0,True,False,0.43822425603866577,25.8552303314209,0.43822425603866577,25.85523110628128,LSTM,2,48,64,0.1
test_01,A3,test,1,34.20000076293945,341,236.42893981933594,0.4203389585018158,0.806807279586792,24.799999237060547,59.0,59.0,366.0,True,False,0.4376368224620819,25.820571899414062,0.4376368224620819,25.820572525262833,LSTM,2,48,64,0.1
test_01,A3,test,1,34.29999923706055,342,236.42893981933594,0.4186440706253052,0.7992590069770813,24.700000762939453,59.0,59.0,366.0,True,False,0.4324358105659485,25.51371192932129,0.4324358105659485,25.51371282339096,LSTM,2,48,64,0.1
test_01,A3,test,1,34.400001525878906,343,236.42893981933594,0.41694915294647217,0.8035048842430115,24.600000381469727,59.0,59.0,366.0,True,False,0.4324358105659485,25.51371192932129,0.43904542922973633,25.903680324554443,LSTM,2,48,64,0.1
test_01,A3,test,1,34.5,344,236.42893981933594,0.41525423526763916,0.7991017699241638,24.5,59.0,59.0,366.0,True,False,0.43109065294265747,25.434349060058594,0.43109065294265747,25.43434852361679,LSTM,2,48,64,0.1
test_01,A3,test,1,34.599998474121094,345,236.42893981933594,0.41355931758880615,0.7981582283973694,24.399999618530273,59.0,59.0,366.0,True,False,0.43109065294265747,25.434349060058594,0.4323327839374542,25.5076342523098,LSTM,2,48,64,0.1
test_01,A3,test,1,34.70000076293945,346,236.42893981933594,0.41186439990997314,0.7931260466575623,24.299999237060547,59.0,59.0,366.0,True,False,0.42824384570121765,25.266386032104492,0.42824384570121765,25.26638689637184,LSTM,2,48,64,0.1
test_01,A3,test,1,34.79999923706055,347,236.42893981933594,0.4101695120334625,0.7906099557876587,24.200000762939453,59.0,59.0,366.0,True,False,0.42824384570121765,25.266386032104492,0.4285200834274292,25.282684922218323,LSTM,2,48,64,0.1
test_01,A3,test,1,34.900001525878906,348,236.42893981933594,0.4084745943546295,0.7891945838928223,24.100000381469727,59.0,59.0,366.0,True,False,0.4278661906719208,25.244104385375977,0.4278661906719208,25.244105249643326,LSTM,2,48,64,0.1
test_01,A3,test,1,35.0,349,236.42893981933594,0.4067796468734741,0.7869930267333984,24.0,59.0,59.0,366.0,True,False,0.4263935387134552,25.15721893310547,0.4263935387134552,25.157218784093857,LSTM,2,48,64,0.1
test_01,A3,test,1,35.099998474121094,350,236.42893981933594,0.4050847291946411,0.7869930267333984,23.899999618530273,59.0,59.0,366.0,True,False,0.4263935387134552,25.15721893310547,0.42709529399871826,25.198622345924377,LSTM,2,48,64,0.1
test_01,A3,test,1,35.20000076293945,351,236.42893981933594,0.4033898115158081,0.7869930267333984,23.799999237060547,59.0,59.0,366.0,True,False,0.42595887184143066,25.131572723388672,0.42595887184143066,25.13157343864441,LSTM,2,48,64,0.1
test_01,A3,test,1,35.29999923706055,352,236.42893981933594,0.4016949236392975,0.7836906313896179,23.700000762939453,59.0,59.0,366.0,True,False,0.42310014367103577,24.962907791137695,0.42310014367103577,24.96290847659111,LSTM,2,48,64,0.1
test_01,A3,test,1,35.400001525878906,353,236.42893981933594,0.4000000059604645,0.7869930267333984,23.600000381469727,59.0,59.0,366.0,True,False,0.42310014367103577,24.962907791137695,0.42753779888153076,25.224730134010315,LSTM,2,48,64,0.1
test_01,A3,test,1,35.5,354,236.42893981933594,0.39830508828163147,0.7803881764411926,23.5,59.0,59.0,366.0,True,False,0.42018723487854004,24.791046142578125,0.42018723487854004,24.791046857833862,LSTM,2,48,64,0.1
test_01,A3,test,1,35.599998474121094,355,236.42893981933594,0.39661017060279846,0.7715819478034973,23.399999618530273,59.0,59.0,366.0,True,False,0.41814300417900085,24.67043685913086,0.41814300417900085,24.67043724656105,LSTM,2,48,64,0.1
test_01,A3,test,1,35.70000076293945,356,236.42893981933594,0.39491525292396545,0.7715819478034973,23.299999237060547,59.0,59.0,366.0,True,False,0.41814300417900085,24.67043685913086,0.42238229513168335,24.920555412769318,LSTM,2,48,64,0.1
test_01,A3,test,1,35.79999923706055,357,236.42893981933594,0.39322036504745483,0.7662351131439209,23.200000762939453,59.0,59.0,366.0,True,False,0.4162520170211792,24.558868408203125,0.4162520170211792,24.558869004249573,LSTM,2,48,64,0.1
test_01,A3,test,1,35.900001525878906,358,236.42893981933594,0.39152541756629944,0.7652916312217712,23.100000381469727,59.0,59.0,366.0,True,False,0.4162520170211792,24.558868408203125,0.418005108833313,24.662301421165466,LSTM,2,48,64,0.1
test_01,A3,test,1,36.0,359,236.42893981933594,0.38983049988746643,0.7607311606407166,23.0,59.0,59.0,366.0,True,False,0.4137550890445709,24.411550521850586,0.4137550890445709,24.411550253629684,LSTM,2,48,64,0.1
test_01,A3,test,1,36.099998474121094,360,236.42893981933594,0.3881355822086334,0.7607311606407166,22.899999618530273,59.0,59.0,366.0,True,False,0.4137550890445709,24.411550521850586,0.4161118268966675,24.55059778690338,LSTM,2,48,64,0.1
test_01,A3,test,1,36.20000076293945,361,236.42893981933594,0.3864406645298004,0.7649770975112915,22.799999237060547,59.0,59.0,366.0,True,False,0.4137550890445709,24.411550521850586,0.41825664043426514,24.677141785621643,LSTM,2,48,64,0.1
test_01,A3,test,1,36.29999923706055,362,236.42893981933594,0.3847457766532898,0.7627754807472229,22.700000762939453,59.0,59.0,366.0,True,False,0.41248619556427,24.336685180664062,0.41248619556427,24.33668553829193,LSTM,2,48,64,0.1
test_01,A3,test,1,36.400001525878906,363,236.42893981933594,0.3830508589744568,0.7607311606407166,22.600000381469727,59.0,59.0,366.0,True,False,0.41248619556427,24.336685180664062,0.4130480885505676,24.36983722448349,LSTM,2,48,64,0.1
test_01,A3,test,1,36.5,364,236.42893981933594,0.3813559412956238,0.7607311606407166,22.5,59.0,59.0,366.0,True,False,0.41248619556427,24.336685180664062,0.4143964648246765,24.449391424655914,LSTM,2,48,64,0.1
test_01,A3,test,1,36.599998474121094,365,236.42893981933594,0.37966102361679077,0.7574288845062256,22.399999618530273,59.0,59.0,366.0,True,False,0.41162368655204773,24.285797119140625,0.41162368655204773,24.285797506570816,LSTM,2,48,64,0.1
test_01,A3,test,1,36.69999694824219,366,236.42893981933594,0.3779661534196239,,22.300003051757812,59.0,,,False,True,,,,,LSTM,2,48,64,0.1
test_01,A3,test,1,36.79999923706055,367,236.42893981933594,0.37627119937185516,,22.200000762939453,59.0,,,False,True,,,,,LSTM,2,48,64,0.1
test_01,A3,test,1,36.900001525878906,368,236.42893981933594,0.37457624532408634,,22.099998474121094,59.0,,,False,True,,,,,LSTM,2,48,64,0.1
test_01,A3,test,1,37.000003814697266,369,236.42893981933594,0.37288129127631753,,21.999996185302734,59.0,,,False,True,,,,,LSTM,2,48,64,0.1
test_01,A3,test,1,37.100006103515625,370,236.42893981933594,0.3711863372285487,,21.899993896484375,59.0,,,False,True,,,,,LSTM,2,48,64,0.1
test_01,A3,test,1,37.200008392333984,371,236.42893981933594,0.36949138318077995,,21.799991607666016,59.0,,,False,True,,,,,LSTM,2,48,64,0.1
test_01,A3,test,1,37.300010681152344,372,236.42893981933594,0.36779642913301114,,21.699989318847656,59.0,,,False,True,,,,,LSTM,2,48,64,0.1
test_01,A3,test,1,37.4000129699707,373,236.42893981933594,0.3661014750852423,,21.599987030029297,59.0,,,False,True,,,,,LSTM,2,48,64,0.1
test_01,A3,test,1,37.50001525878906,374,236.42893981933594,0.3644065210374735,,21.499984741210938,59.0,,,False,True,,,,,LSTM,2,48,64,0.1
test_01,A3,test,1,37.60001754760742,375,236.42893981933594,0.3627115669897047,,21.399982452392578,59.0,,,False,True,,,,,LSTM,2,48,64,0.1
test_01,A3,test,1,37.70001983642578,376,236.42893981933594,0.36101661294193593,,21.29998016357422,59.0,,,False,True,,,,,LSTM,2,48,64,0.1
test_01,A3,test,1,37.80002212524414,377,236.42893981933594,0.3593216588941671,,21.19997787475586,59.0,,,False,True,,,,,LSTM,2,48,64,0.1
test_01,A3,test,1,37.9000244140625,378,236.42893981933594,0.3576267048463983,,21.0999755859375,59.0,,,False,True,,,,,LSTM,2,48,64,0.1
test_01,A3,test,1,38.00002670288086,379,236.42893981933594,0.3559317507986295,,20.99997329711914,59.0,,,False,True,,,,,LSTM,2,48,64,0.1
test_01,A3,test,1,38.10002899169922,380,236.42893981933594,0.35423679675086067,,20.89997100830078,59.0,,,False,True,,,,,LSTM,2,48,64,0.1
test_01,A3,test,1,38.20003128051758,381,236.42893981933594,0.3525418427030919,,20.799968719482422,59.0,,,False,True,,,,,LSTM,2,48,64,0.1
test_01,A3,test,1,38.30003356933594,382,236.42893981933594,0.3508468886553231,,20.699966430664062,59.0,,,False,True,,,,,LSTM,2,48,64,0.1
test_01,A3,test,1,38.4000358581543,383,236.42893981933594,0.3491519346075543,,20.599964141845703,59.0,,,False,True,,,,,LSTM,2,48,64,0.1
test_01,A3,test,1,38.500038146972656,384,236.42893981933594,0.34745698055978547,,20.499961853027344,59.0,,,False,True,,,,,LSTM,2,48,64,0.1
test_01,A3,test,1,38.600040435791016,385,236.42893981933594,0.3457620265120167,,20.399959564208984,59.0,,,False,True,,,,,LSTM,2,48,64,0.1
test_01,A3,test,1,38.700042724609375,386,236.42893981933594,0.3440670724642479,,20.299957275390625,59.0,,,False,True,,,,,LSTM,2,48,64,0.1
test_01,A3,test,1,38.800045013427734,387,236.42893981933594,0.3423721184164791,,20.199954986572266,59.0,,,False,True,,,,,LSTM,2,48,64,0.1
test_01,A3,test,1,38.900047302246094,388,236.42893981933594,0.34067716436871026,,20.099952697753906,59.0,,,False,True,,,,,LSTM,2,48,64,0.1
test_01,A3,test,1,39.00004959106445,389,236.42893981933594,0.33898221032094145,,19.999950408935547,59.0,,,False,True,,,,,LSTM,2,48,64,0.1
test_01,A3,test,1,39.10005187988281,390,236.42893981933594,0.3372872562731727,,19.899948120117188,59.0,,,False,True,,,,,LSTM,2,48,64,0.1
test_01,A3,test,1,39.20005416870117,391,236.42893981933594,0.33559230222540387,,19.799945831298828,59.0,,,False,True,,,,,LSTM,2,48,64,0.1
test_01,A3,test,1,39.30005645751953,392,236.42893981933594,0.33389734817763506,,19.69994354248047,59.0,,,False,True,,,,,LSTM,2,48,64,0.1
test_01,A3,test,1,39.40005874633789,393,236.42893981933594,0.33220239412986624,,19.59994125366211,59.0,,,False,True,,,,,LSTM,2,48,64,0.1
test_01,A3,test,1,39.50006103515625,394,236.42893981933594,0.3305074400820975,,19.49993896484375,59.0,,,False,True,,,,,LSTM,2,48,64,0.1
test_01,A3,test,1,39.60006332397461,395,236.42893981933594,0.32881248603432867,,19.39993667602539,59.0,,,False,True,,,,,LSTM,2,48,64,0.1
test_01,A3,test,1,39.70006561279297,396,236.42893981933594,0.32711753198655985,,19.29993438720703,59.0,,,False,True,,,,,LSTM,2,48,64,0.1
test_01,A3,test,1,39.80006790161133,397,236.42893981933594,0.32542257793879104,,19.199932098388672,59.0,,,False,True,,,,,LSTM,2,48,64,0.1
test_01,A3,test,1,39.90007019042969,398,236.42893981933594,0.3237276238910222,,19.099929809570312,59.0,,,False,True,,,,,LSTM,2,48,64,0.1
test_01,A3,test,1,40.00007247924805,399,236.42893981933594,0.32203266984325346,,18.999927520751953,59.0,,,False,True,,,,,LSTM,2,48,64,0.1
test_01,A3,test,1,40.100074768066406,400,236.42893981933594,0.32033771579548465,,18.899925231933594,59.0,,,False,True,,,,,LSTM,2,48,64,0.1
test_01,A3,test,1,40.200077056884766,401,236.42893981933594,0.31864276174771583,,18.799922943115234,59.0,,,False,True,,,,,LSTM,2,48,64,0.1
test_01,A3,test,1,40.300079345703125,402,236.42893981933594,0.316947807699947,,18.699920654296875,59.0,,,False,True,,,,,LSTM,2,48,64,0.1
test_01,A3,test,1,40.400081634521484,403,236.42893981933594,0.31525285365217826,,18.599918365478516,59.0,,,False,True,,,,,LSTM,2,48,64,0.1
test_01,A3,test,1,40.500083923339844,404,236.42893981933594,0.31355789960440944,,18.499916076660156,59.0,,,False,True,,,,,LSTM,2,48,64,0.1
test_01,A3,test,1,40.6000862121582,405,236.42893981933594,0.3118629455566406,,18.399913787841797,59.0,,,False,True,,,,,LSTM,2,48,64,0.1
test_01,A3,test,1,40.70008850097656,406,236.42893981933594,0.3101679915088718,,18.299911499023438,59.0,,,False,True,,,,,LSTM,2,48,64,0.1
test_01,A3,test,1,40.80009078979492,407,236.42893981933594,0.308473037461103,,18.199909210205078,59.0,,,False,True,,,,,LSTM,2,48,64,0.1
test_01,A3,test,1,40.90009307861328,408,236.42893981933594,0.30677808341333423,,18.09990692138672,59.0,,,False,True,,,,,LSTM,2,48,64,0.1
test_01,A3,test,1,41.00009536743164,409,236.42893981933594,0.3050831293655654,,17.99990463256836,59.0,,,False,True,,,,,LSTM,2,48,64,0.1
test_01,A3,test,1,41.10009765625,410,236.42893981933594,0.3033881753177966,,17.89990234375,59.0,,,False,True,,,,,LSTM,2,48,64,0.1
test_01,A3,test,1,41.20009994506836,411,236.42893981933594,0.3016932212700278,,17.79990005493164,59.0,,,False,True,,,,,LSTM,2,48,64,0.1
test_01,A3,test,1,41.30010223388672,412,236.42893981933594,0.29999826722225903,,17.69989776611328,59.0,,,False,True,,,,,LSTM,2,48,64,0.1
test_01,A3,test,1,41.40010452270508,413,236.42893981933594,0.2983033131744902,,17.599895477294922,59.0,,,False,True,,,,,LSTM,2,48,64,0.1
test_01,A3,test,1,41.50010681152344,414,236.42893981933594,0.2966083591267214,,17.499893188476562,59.0,,,False,True,,,,,LSTM,2,48,64,0.1
test_01,A3,test,1,41.6001091003418,415,236.42893981933594,0.2949134050789526,,17.399890899658203,59.0,,,False,True,,,,,LSTM,2,48,64,0.1
test_01,A3,test,1,41.700111389160156,416,236.42893981933594,0.29321845103118377,,17.299888610839844,59.0,,,False,True,,,,,LSTM,2,48,64,0.1
test_01,A3,test,1,41.800113677978516,417,236.42893981933594,0.291523496983415,,17.199886322021484,59.0,,,False,True,,,,,LSTM,2,48,64,0.1
test_01,A3,test,1,41.900115966796875,418,236.42893981933594,0.2898285429356462,,17.099884033203125,59.0,,,False,True,,,,,LSTM,2,48,64,0.1
test_01,A3,test,1,42.000118255615234,419,236.42893981933594,0.2881335888878774,,16.999881744384766,59.0,,,False,True,,,,,LSTM,2,48,64,0.1
test_01,A3,test,1,42.100120544433594,420,236.42893981933594,0.28643863484010856,,16.899879455566406,59.0,,,False,True,,,,,LSTM,2,48,64,0.1
test_01,A3,test,1,42.20012283325195,421,236.42893981933594,0.2847436807923398,,16.799877166748047,59.0,,,False,True,,,,,LSTM,2,48,64,0.1
test_01,A3,test,1,42.30012512207031,422,236.42893981933594,0.283048726744571,,16.699874877929688,59.0,,,False,True,,,,,LSTM,2,48,64,0.1
test_01,A3,test,1,42.40012741088867,423,236.42893981933594,0.2813537726968022,,16.599872589111328,59.0,,,False,True,,,,,LSTM,2,48,64,0.1
test_01,A3,test,1,42.50012969970703,424,236.42893981933594,0.27965881864903336,,16.49987030029297,59.0,,,False,True,,,,,LSTM,2,48,64,0.1
test_01,A3,test,1,42.60013198852539,425,236.42893981933594,0.27796386460126454,,16.39986801147461,59.0,,,False,True,,,,,LSTM,2,48,64,0.1
test_01,A3,test,1,42.70013427734375,426,236.42893981933594,0.2762689105534958,,16.29986572265625,59.0,,,False,True,,,,,LSTM,2,48,64,0.1
test_01,A3,test,1,42.80013656616211,427,236.42893981933594,0.27457395650572697,,16.19986343383789,59.0,,,False,True,,,,,LSTM,2,48,64,0.1
test_01,A3,test,1,42.90013885498047,428,236.42893981933594,0.27287900245795815,,16.09986114501953,59.0,,,False,True,,,,,LSTM,2,48,64,0.1
test_01,A3,test,1,43.00014114379883,429,236.42893981933594,0.27118404841018934,,15.999858856201172,59.0,,,False,True,,,,,LSTM,2,48,64,0.1
test_01,A3,test,1,43.10014343261719,430,236.42893981933594,0.2694890943624206,,15.899856567382812,59.0,,,False,True,,,,,LSTM,2,48,64,0.1
test_01,A3,test,1,43.20014572143555,431,236.42893981933594,0.26779414031465176,,15.799854278564453,59.0,,,False,True,,,,,LSTM,2,48,64,0.1
test_01,A3,test,1,43.300148010253906,432,236.42893981933594,0.26609918626688295,,15.699851989746094,59.0,,,False,True,,,,,LSTM,2,48,64,0.1
test_01,A3,test,1,43.400150299072266,433,236.42893981933594,0.26440423221911413,,15.599849700927734,59.0,,,False,True,,,,,LSTM,2,48,64,0.1
test_01,A3,test,1,43.500152587890625,434,236.42893981933594,0.2627092781713453,,15.499847412109375,59.0,,,False,True,,,,,LSTM,2,48,64,0.1
test_01,A3,test,1,43.600154876708984,435,236.42893981933594,0.26101432412357656,,15.399845123291016,59.0,,,False,True,,,,,LSTM,2,48,64,0.1
test_01,A3,test,1,43.700157165527344,436,236.42893981933594,0.25931937007580774,,15.299842834472656,59.0,,,False,True,,,,,LSTM,2,48,64,0.1
test_01,A3,test,1,43.8001594543457,437,236.42893981933594,0.2576244160280389,,15.199840545654297,59.0,,,False,True,,,,,LSTM,2,48,64,0.1
test_01,A3,test,1,43.90016174316406,438,236.42893981933594,0.2559294619802701,,15.099838256835938,59.0,,,False,True,,,,,LSTM,2,48,64,0.1
test_01,A3,test,1,44.00016403198242,439,236.42893981933594,0.2542345079325013,,14.999835968017578,59.0,,,False,True,,,,,LSTM,2,48,64,0.1
test_01,A3,test,1,44.10016632080078,440,236.42893981933594,0.25253955388473254,,14.899833679199219,59.0,,,False,True,,,,,LSTM,2,48,64,0.1
test_01,A3,test,1,44.20016860961914,441,236.42893981933594,0.2508445998369637,,14.79983139038086,59.0,,,False,True,,,,,LSTM,2,48,64,0.1
test_01,A3,test,1,44.3001708984375,442,236.42893981933594,0.2491496457891949,,14.6998291015625,59.0,,,False,True,,,,,LSTM,2,48,64,0.1
test_01,A3,test,1,44.40017318725586,443,236.42893981933594,0.24745469174142612,,14.59982681274414,59.0,,,False,True,,,,,LSTM,2,48,64,0.1
test_01,A3,test,1,44.50017547607422,444,236.42893981933594,0.2457597376936573,,14.499824523925781,59.0,,,False,True,,,,,LSTM,2,48,64,0.1
test_01,A3,test,1,44.60017776489258,445,236.42893981933594,0.24406478364588852,,14.399822235107422,59.0,,,False,True,,,,,LSTM,2,48,64,0.1
test_01,A3,test,1,44.70018005371094,446,236.42893981933594,0.2423698295981197,,14.299819946289062,59.0,,,False,True,,,,,LSTM,2,48,64,0.1
test_01,A3,test,1,44.8001823425293,447,236.42893981933594,0.24067487555035091,,14.199817657470703,59.0,,,False,True,,,,,LSTM,2,48,64,0.1
test_01,A3,test,1,44.900184631347656,448,236.42893981933594,0.2389799215025821,,14.099815368652344,59.0,,,False,True,,,,,LSTM,2,48,64,0.1
test_01,A3,test,1,45.000186920166016,449,236.42893981933594,0.23728496745481328,,13.999813079833984,59.0,,,False,True,,,,,LSTM,2,48,64,0.1
test_01,A3,test,1,45.100189208984375,450,236.42893981933594,0.2355900134070445,,13.899810791015625,59.0,,,False,True,,,,,LSTM,2,48,64,0.1
test_01,A3,test,1,45.200191497802734,451,236.42893981933594,0.23389505935927568,,13.799808502197266,59.0,,,False,True,,,,,LSTM,2,48,64,0.1
test_01,A3,test,1,45.300193786621094,452,236.42893981933594,0.2322001053115069,,13.699806213378906,59.0,,,False,True,,,,,LSTM,2,48,64,0.1
test_01,A3,test,1,45.40019607543945,453,236.42893981933594,0.23050515126373808,,13.599803924560547,59.0,,,False,True,,,,,LSTM,2,48,64,0.1
test_01,A3,test,1,45.50019836425781,454,236.42893981933594,0.2288101972159693,,13.499801635742188,59.0,,,False,True,,,,,LSTM,2,48,64,0.1
test_01,A3,test,1,45.60020065307617,455,236.42893981933594,0.22711524316820048,,13.399799346923828,59.0,,,False,True,,,,,LSTM,2,48,64,0.1
test_01,A3,test,1,45.70020294189453,456,236.42893981933594,0.22542028912043166,,13.299797058105469,59.0,,,False,True,,,,,LSTM,2,48,64,0.1
test_01,A3,test,1,45.80020523071289,457,236.42893981933594,0.22372533507266287,,13.19979476928711,59.0,,,False,True,,,,,LSTM,2,48,64,0.1
test_01,A3,test,1,45.90020751953125,458,236.42893981933594,0.22203038102489406,,13.09979248046875,59.0,,,False,True,,,,,LSTM,2,48,64,0.1
test_01,A3,test,1,46.00020980834961,459,236.42893981933594,0.22033542697712527,,12.99979019165039,59.0,,,False,True,,,,,LSTM,2,48,64,0.1
test_01,A3,test,1,46.10021209716797,460,236.42893981933594,0.21864047292935646,,12.899787902832031,59.0,,,False,True,,,,,LSTM,2,48,64,0.1
test_01,A3,test,1,46.20021438598633,461,236.42893981933594,0.21694551888158767,,12.799785614013672,59.0,,,False,True,,,,,LSTM,2,48,64,0.1
test_01,A3,test,1,46.30021667480469,462,236.42893981933594,0.21525056483381885,,12.699783325195312,59.0,,,False,True,,,,,LSTM,2,48,64,0.1
test_01,A3,test,1,46.40021896362305,463,236.42893981933594,0.21355561078605007,,12.599781036376953,59.0,,,False,True,,,,,LSTM,2,48,64,0.1
test_01,A3,test,1,46.500221252441406,464,236.42893981933594,0.21186065673828125,,12.499778747558594,59.0,,,False,True,,,,,LSTM,2,48,64,0.1
test_01,A3,test,1,46.600223541259766,465,236.42893981933594,0.21016570269051243,,12.399776458740234,59.0,,,False,True,,,,,LSTM,2,48,64,0.1
test_01,A3,test,1,46.700225830078125,466,236.42893981933594,0.20847074864274365,,12.299774169921875,59.0,,,False,True,,,,,LSTM,2,48,64,0.1
test_01,A3,test,1,46.800228118896484,467,236.42893981933594,0.20677579459497483,,12.199771881103516,59.0,,,False,True,,,,,LSTM,2,48,64,0.1
test_01,A3,test,1,46.900230407714844,468,236.42893981933594,0.20508084054720604,,12.099769592285156,59.0,,,False,True,,,,,LSTM,2,48,64,0.1
test_01,A3,test,1,47.0002326965332,469,236.42893981933594,0.20338588649943723,,11.999767303466797,59.0,,,False,True,,,,,LSTM,2,48,64,0.1
test_01,A3,test,1,47.10023498535156,470,236.42893981933594,0.20169093245166844,,11.899765014648438,59.0,,,False,True,,,,,LSTM,2,48,64,0.1
test_01,A3,test,1,47.20023727416992,471,236.42893981933594,0.19999597840389963,,11.799762725830078,59.0,,,False,True,,,,,LSTM,2,48,64,0.1
test_01,A3,test,1,47.30023956298828,472,236.42893981933594,0.19830102435613084,,11.699760437011719,59.0,,,False,True,,,,,LSTM,2,48,64,0.1
test_01,A3,test,1,47.40024185180664,473,236.42893981933594,0.19660607030836202,,11.59975814819336,59.0,,,False,True,,,,,LSTM,2,48,64,0.1
test_01,A3,test,1,47.500244140625,474,236.42893981933594,0.1949111162605932,,11.499755859375,59.0,,,False,True,,,,,LSTM,2,48,64,0.1
test_01,A3,test,1,47.60024642944336,475,236.42893981933594,0.19321616221282442,,11.39975357055664,59.0,,,False,True,,,,,LSTM,2,48,64,0.1
test_01,A3,test,1,47.70024871826172,476,236.42893981933594,0.1915212081650556,,11.299751281738281,59.0,,,False,True,,,,,LSTM,2,48,64,0.1
test_01,A3,test,1,47.80025100708008,477,236.42893981933594,0.18982625411728682,,11.199748992919922,59.0,,,False,True,,,,,LSTM,2,48,64,0.1
test_01,A3,test,1,47.90025329589844,478,236.42893981933594,0.188131300069518,,11.099746704101562,59.0,,,False,True,,,,,LSTM,2,48,64,0.1
test_01,A3,test,1,48.0002555847168,479,236.42893981933594,0.18643634602174922,,10.999744415283203,59.0,,,False,True,,,,,LSTM,2,48,64,0.1
test_01,A3,test,1,48.100257873535156,480,236.42893981933594,0.1847413919739804,,10.899742126464844,59.0,,,False,True,,,,,LSTM,2,48,64,0.1
test_01,A3,test,1,48.200260162353516,481,236.42893981933594,0.18304643792621159,,10.799739837646484,59.0,,,False,True,,,,,LSTM,2,48,64,0.1
test_01,A3,test,1,48.300262451171875,482,236.42893981933594,0.1813514838784428,,10.699737548828125,59.0,,,False,True,,,,,LSTM,2,48,64,0.1
test_01,A3,test,1,48.400264739990234,483,236.42893981933594,0.17965652983067398,,10.599735260009766,59.0,,,False,True,,,,,LSTM,2,48,64,0.1
test_01,A3,test,1,48.500267028808594,484,236.42893981933594,0.1779615757829052,,10.499732971191406,59.0,,,False,True,,,,,LSTM,2,48,64,0.1
test_01,A3,test,1,48.60026931762695,485,236.42893981933594,0.17626662173513638,,10.399730682373047,59.0,,,False,True,,,,,LSTM,2,48,64,0.1
test_01,A3,test,1,48.70027160644531,486,236.42893981933594,0.1745716676873676,,10.299728393554688,59.0,,,False,True,,,,,LSTM,2,48,64,0.1
test_01,A3,test,1,48.80027389526367,487,236.42893981933594,0.17287671363959878,,10.199726104736328,59.0,,,False,True,,,,,LSTM,2,48,64,0.1
test_01,A3,test,1,48.90027618408203,488,236.42893981933594,0.17118175959183,,10.099723815917969,59.0,,,False,True,,,,,LSTM,2,48,64,0.1
test_01,A3,test,1,49.00027847290039,489,236.42893981933594,0.16948680554406118,,9.99972152709961,59.0,,,False,True,,,,,LSTM,2,48,64,0.1
test_01,A3,test,1,49.10028076171875,490,236.42893981933594,0.16779185149629236,,9.89971923828125,59.0,,,False,True,,,,,LSTM,2,48,64,0.1
test_01,A3,test,1,49.20028305053711,491,236.42893981933594,0.16609689744852357,,9.79971694946289,59.0,,,False,True,,,,,LSTM,2,48,64,0.1
test_01,A3,test,1,49.30028533935547,492,236.42893981933594,0.16440194340075476,,9.699714660644531,59.0,,,False,True,,,,,LSTM,2,48,64,0.1
test_01,A3,test,1,49.40028762817383,493,236.42893981933594,0.16270698935298597,,9.599712371826172,59.0,,,False,True,,,,,LSTM,2,48,64,0.1
test_01,A3,test,1,49.50028991699219,494,236.42893981933594,0.16101203530521715,,9.499710083007812,59.0,,,False,True,,,,,LSTM,2,48,64,0.1
test_01,A3,test,1,49.60029220581055,495,236.42893981933594,0.15931708125744837,,9.399707794189453,59.0,,,False,True,,,,,LSTM,2,48,64,0.1
test_01,A3,test,1,49.700294494628906,496,236.42893981933594,0.15762212720967955,,9.299705505371094,59.0,,,False,True,,,,,LSTM,2,48,64,0.1
test_01,A3,test,1,49.800296783447266,497,236.42893981933594,0.15592717316191076,,9.199703216552734,59.0,,,False,True,,,,,LSTM,2,48,64,0.1
test_01,A3,test,1,49.900299072265625,498,236.42893981933594,0.15423221911414195,,9.099700927734375,59.0,,,False,True,,,,,LSTM,2,48,64,0.1
test_01,A3,test,1,50.000301361083984,499,236.42893981933594,0.15253726506637313,,8.999698638916016,59.0,,,False,True,,,,,LSTM,2,48,64,0.1
test_01,A3,test,1,50.100303649902344,500,236.42893981933594,0.15084231101860435,,8.899696350097656,59.0,,,False,True,,,,,LSTM,2,48,64,0.1
test_01,A3,test,1,50.2003059387207,501,236.42893981933594,0.14914735697083553,,8.799694061279297,59.0,,,False,True,,,,,LSTM,2,48,64,0.1
test_01,A3,test,1,50.30030822753906,502,236.42893981933594,0.14745240292306674,,8.699691772460938,59.0,,,False,True,,,,,LSTM,2,48,64,0.1
test_01,A3,test,1,50.40031051635742,503,236.42893981933594,0.14575744887529793,,8.599689483642578,59.0,,,False,True,,,,,LSTM,2,48,64,0.1
test_01,A3,test,1,50.50031280517578,504,236.42893981933594,0.14406249482752914,,8.499687194824219,59.0,,,False,True,,,,,LSTM,2,48,64,0.1
test_01,A3,test,1,50.60031509399414,505,236.42893981933594,0.14236754077976033,,8.39968490600586,59.0,,,False,True,,,,,LSTM,2,48,64,0.1
test_01,A3,test,1,50.7003173828125,506,236.42893981933594,0.14067258673199154,,8.2996826171875,59.0,,,False,True,,,,,LSTM,2,48,64,0.1
test_01,A3,test,1,50.80031967163086,507,236.42893981933594,0.13897763268422272,,8.19968032836914,59.0,,,False,True,,,,,LSTM,2,48,64,0.1
test_01,A3,test,1,50.90032196044922,508,236.42893981933594,0.1372826786364539,,8.099678039550781,59.0,,,False,True,,,,,LSTM,2,48,64,0.1
test_01,A3,test,1,51.00032424926758,509,236.42893981933594,0.13558772458868512,,7.999675750732422,59.0,,,False,True,,,,,LSTM,2,48,64,0.1
test_01,A3,test,1,51.10032653808594,510,236.42893981933594,0.1338927705409163,,7.8996734619140625,59.0,,,False,True,,,,,LSTM,2,48,64,0.1
test_01,A3,test,1,51.2003288269043,511,236.42893981933594,0.13219781649314752,,7.799671173095703,59.0,,,False,True,,,,,LSTM,2,48,64,0.1
test_01,A3,test,1,51.300331115722656,512,236.42893981933594,0.1305028624453787,,7.699668884277344,59.0,,,False,True,,,,,LSTM,2,48,64,0.1
test_01,A3,test,1,51.400333404541016,513,236.42893981933594,0.12880790839760992,,7.599666595458984,59.0,,,False,True,,,,,LSTM,2,48,64,0.1
test_01,A3,test,1,51.500335693359375,514,236.42893981933594,0.1271129543498411,,7.499664306640625,59.0,,,False,True,,,,,LSTM,2,48,64,0.1
test_01,A3,test,1,51.600337982177734,515,236.42893981933594,0.12541800030207229,,7.399662017822266,59.0,,,False,True,,,,,LSTM,2,48,64,0.1
test_01,A3,test,1,51.700340270996094,516,236.42893981933594,0.1237230462543035,,7.299659729003906,59.0,,,False,True,,,,,LSTM,2,48,64,0.1
test_01,A3,test,1,51.80034255981445,517,236.42893981933594,0.1220280922065347,,7.199657440185547,59.0,,,False,True,,,,,LSTM,2,48,64,0.1
test_01,A3,test,1,51.90034484863281,518,236.42893981933594,0.1203331381587659,,7.0996551513671875,59.0,,,False,True,,,,,LSTM,2,48,64,0.1
test_01,A3,test,1,52.00034713745117,519,236.42893981933594,0.11863818411099708,,6.999652862548828,59.0,,,False,True,,,,,LSTM,2,48,64,0.1
test_01,A3,test,1,52.10034942626953,520,236.42893981933594,0.11694323006322828,,6.899650573730469,59.0,,,False,True,,,,,LSTM,2,48,64,0.1
test_01,A3,test,1,52.20035171508789,521,236.42893981933594,0.11524827601545948,,6.799648284912109,59.0,,,False,True,,,,,LSTM,2,48,64,0.1
test_01,A3,test,1,52.30035400390625,522,236.42893981933594,0.11355332196769068,,6.69964599609375,59.0,,,False,True,,,,,LSTM,2,48,64,0.1
test_01,A3,test,1,52.40035629272461,523,236.42893981933594,0.11185836791992188,,6.599643707275391,59.0,,,False,True,,,,,LSTM,2,48,64,0.1
test_01,A3,test,1,52.50035858154297,524,236.42893981933594,0.11016341387215307,,6.499641418457031,59.0,,,False,True,,,,,LSTM,2,48,64,0.1
test_01,A3,test,1,52.60036087036133,525,236.42893981933594,0.10846845982438427,,6.399639129638672,59.0,,,False,True,,,,,LSTM,2,48,64,0.1
test_01,A3,test,1,52.70036315917969,526,236.42893981933594,0.10677350577661547,,6.2996368408203125,59.0,,,False,True,,,,,LSTM,2,48,64,0.1
test_01,A3,test,1,52.80036544799805,527,236.42893981933594,0.10507855172884667,,6.199634552001953,59.0,,,False,True,,,,,LSTM,2,48,64,0.1
test_01,A3,test,1,52.900367736816406,528,236.42893981933594,0.10338359768107785,,6.099632263183594,59.0,,,False,True,,,,,LSTM,2,48,64,0.1
test_01,A3,test,1,53.000370025634766,529,236.42893981933594,0.10168864363330905,,5.999629974365234,59.0,,,False,True,,,,,LSTM,2,48,64,0.1
test_01,A3,test,1,53.100372314453125,530,236.42893981933594,0.09999368958554025,,5.899627685546875,59.0,,,False,True,,,,,LSTM,2,48,64,0.1
test_01,A3,test,1,53.200374603271484,531,236.42893981933594,0.09829873553777145,,5.799625396728516,59.0,,,False,True,,,,,LSTM,2,48,64,0.1
test_01,A3,test,1,53.300376892089844,532,236.42893981933594,0.09660378149000265,,5.699623107910156,59.0,,,False,True,,,,,LSTM,2,48,64,0.1
test_01,A3,test,1,53.4003791809082,533,236.42893981933594,0.09490882744223385,,5.599620819091797,59.0,,,False,True,,,,,LSTM,2,48,64,0.1
test_01,A3,test,1,53.50038146972656,534,236.42893981933594,0.09321387339446505,,5.4996185302734375,59.0,,,False,True,,,,,LSTM,2,48,64,0.1
test_01,A3,test,1,53.60038375854492,535,236.42893981933594,0.09151891934669625,,5.399616241455078,59.0,,,False,True,,,,,LSTM,2,48,64,0.1
test_01,A3,test,1,53.70038604736328,536,236.42893981933594,0.08982396529892743,,5.299613952636719,59.0,,,False,True,,,,,LSTM,2,48,64,0.1
test_01,A3,test,1,53.80038833618164,537,236.42893981933594,0.08812901125115863,,5.199611663818359,59.0,,,False,True,,,,,LSTM,2,48,64,0.1
test_01,A3,test,1,53.900390625,538,236.42893981933594,0.08643405720338983,,5.099609375,59.0,,,False,True,,,,,LSTM,2,48,64,0.1
test_01,A3,test,1,54.00039291381836,539,236.42893981933594,0.08473910315562103,,4.999607086181641,59.0,,,False,True,,,,,LSTM,2,48,64,0.1
test_01,A3,test,1,54.10039520263672,540,236.42893981933594,0.08304414910785222,,4.899604797363281,59.0,,,False,True,,,,,LSTM,2,48,64,0.1
test_01,A3,test,1,54.20039749145508,541,236.42893981933594,0.08134919506008342,,4.799602508544922,59.0,,,False,True,,,,,LSTM,2,48,64,0.1
test_01,A3,test,1,54.30039978027344,542,236.42893981933594,0.07965424101231462,,4.6996002197265625,59.0,,,False,True,,,,,LSTM,2,48,64,0.1
test_01,A3,test,1,54.4004020690918,543,236.42893981933594,0.07795928696454582,,4.599597930908203,59.0,,,False,True,,,,,LSTM,2,48,64,0.1
test_01,A3,test,1,54.500404357910156,544,236.42893981933594,0.07626433291677702,,4.499595642089844,59.0,,,False,True,,,,,LSTM,2,48,64,0.1
test_01,A3,test,1,54.600406646728516,545,236.42893981933594,0.0745693788690082,,4.399593353271484,59.0,,,False,True,,,,,LSTM,2,48,64,0.1
test_01,A3,test,1,54.700408935546875,546,236.42893981933594,0.0728744248212394,,4.299591064453125,59.0,,,False,True,,,,,LSTM,2,48,64,0.1
test_01,A3,test,1,54.800411224365234,547,236.42893981933594,0.0711794707734706,,4.199588775634766,59.0,,,False,True,,,,,LSTM,2,48,64,0.1
test_01,A3,test,1,54.900413513183594,548,236.42893981933594,0.0694845167257018,,4.099586486816406,59.0,,,False,True,,,,,LSTM,2,48,64,0.1
test_01,A3,test,1,55.00041580200195,549,236.42893981933594,0.067789562677933,,3.999584197998047,59.0,,,False,True,,,,,LSTM,2,48,64,0.1
test_01,A3,test,1,55.10041809082031,550,236.42893981933594,0.0660946086301642,,3.8995819091796875,59.0,,,False,True,,,,,LSTM,2,48,64,0.1
test_01,A3,test,1,55.20042037963867,551,236.42893981933594,0.0643996545823954,,3.799579620361328,59.0,,,False,True,,,,,LSTM,2,48,64,0.1
test_01,A3,test,1,55.30042266845703,552,236.42893981933594,0.0627047005346266,,3.6995773315429688,59.0,,,False,True,,,,,LSTM,2,48,64,0.1
test_01,A3,test,1,55.40042495727539,553,236.42893981933594,0.06100974648685779,,3.5995750427246094,59.0,,,False,True,,,,,LSTM,2,48,64,0.1
test_01,A3,test,1,55.50042724609375,554,236.42893981933594,0.059314792439088986,,3.49957275390625,59.0,,,False,True,,,,,LSTM,2,48,64,0.1
test_01,A3,test,1,55.60042953491211,555,236.42893981933594,0.05761983839132018,,3.3995704650878906,59.0,,,False,True,,,,,LSTM,2,48,64,0.1
test_01,A3,test,1,55.70043182373047,556,236.42893981933594,0.055924884343551376,,3.2995681762695312,59.0,,,False,True,,,,,LSTM,2,48,64,0.1
test_01,A3,test,1,55.80043411254883,557,236.42893981933594,0.054229930295782575,,3.199565887451172,59.0,,,False,True,,,,,LSTM,2,48,64,0.1
test_01,A3,test,1,55.90043640136719,558,236.42893981933594,0.05253497624801377,,3.0995635986328125,59.0,,,False,True,,,,,LSTM,2,48,64,0.1
test_01,A3,test,1,56.00043869018555,559,236.42893981933594,0.050840022200244965,,2.999561309814453,59.0,,,False,True,,,,,LSTM,2,48,64,0.1
test_01,A3,test,1,56.100440979003906,560,236.42893981933594,0.049145068152476164,,2.8995590209960938,59.0,,,False,True,,,,,LSTM,2,48,64,0.1
test_01,A3,test,1,56.200443267822266,561,236.42893981933594,0.04745011410470736,,2.7995567321777344,59.0,,,False,True,,,,,LSTM,2,48,64,0.1
test_01,A3,test,1,56.300445556640625,562,236.42893981933594,0.04575516005693856,,2.699554443359375,59.0,,,False,True,,,,,LSTM,2,48,64,0.1
test_01,A3,test,1,56.400447845458984,563,236.42893981933594,0.04406020600916976,,2.5995521545410156,59.0,,,False,True,,,,,LSTM,2,48,64,0.1
test_01,A3,test,1,56.500450134277344,564,236.42893981933594,0.04236525196140095,,2.4995498657226562,59.0,,,False,True,,,,,LSTM,2,48,64,0.1
test_01,A3,test,1,56.6004524230957,565,236.42893981933594,0.04067029791363215,,2.399547576904297,59.0,,,False,True,,,,,LSTM,2,48,64,0.1
test_01,A3,test,1,56.70045471191406,566,236.42893981933594,0.03897534386586335,,2.2995452880859375,59.0,,,False,True,,,,,LSTM,2,48,64,0.1
test_01,A3,test,1,56.80045700073242,567,236.42893981933594,0.03728038981809455,,2.199542999267578,59.0,,,False,True,,,,,LSTM,2,48,64,0.1
test_01,A3,test,1,56.90045928955078,568,236.42893981933594,0.03558543577032574,,2.0995407104492188,59.0,,,False,True,,,,,LSTM,2,48,64,0.1
test_01,A3,test,1,57.00046157836914,569,236.42893981933594,0.03389048172255694,,1.9995384216308594,59.0,,,False,True,,,,,LSTM,2,48,64,0.1
test_01,A3,test,1,57.1004638671875,570,236.42893981933594,0.03219552767478814,,1.8995361328125,59.0,,,False,True,,,,,LSTM,2,48,64,0.1
test_01,A3,test,1,57.20046615600586,571,236.42893981933594,0.030500573627019332,,1.7995338439941406,59.0,,,False,True,,,,,LSTM,2,48,64,0.1
test_01,A3,test,1,57.30046844482422,572,236.42893981933594,0.02880561957925053,,1.6995315551757812,59.0,,,False,True,,,,,LSTM,2,48,64,0.1
test_01,A3,test,1,57.40047073364258,573,236.42893981933594,0.027110665531481726,,1.5995292663574219,59.0,,,False,True,,,,,LSTM,2,48,64,0.1
test_01,A3,test,1,57.50047302246094,574,236.42893981933594,0.025415711483712924,,1.4995269775390625,59.0,,,False,True,,,,,LSTM,2,48,64,0.1
test_01,A3,test,1,57.6004753112793,575,236.42893981933594,0.02372075743594412,,1.3995246887207031,59.0,,,False,True,,,,,LSTM,2,48,64,0.1
test_01,A3,test,1,57.700477600097656,576,236.42893981933594,0.02202580338817532,,1.2995223999023438,59.0,,,False,True,,,,,LSTM,2,48,64,0.1
test_01,A3,test,1,57.800479888916016,577,236.42893981933594,0.020330849340406514,,1.1995201110839844,59.0,,,False,True,,,,,LSTM,2,48,64,0.1
test_01,A3,test,1,57.900482177734375,578,236.42893981933594,0.018635895292637712,,1.099517822265625,59.0,,,False,True,,,,,LSTM,2,48,64,0.1
test_01,A3,test,1,58.000484466552734,579,236.42893981933594,0.016940941244868907,,0.9995155334472656,59.0,,,False,True,,,,,LSTM,2,48,64,0.1
test_01,A3,test,1,58.100486755371094,580,236.42893981933594,0.015245987197100106,,0.8995132446289062,59.0,,,False,True,,,,,LSTM,2,48,64,0.1
test_01,A3,test,1,58.20048904418945,581,236.42893981933594,0.013551033149331303,,0.7995109558105469,59.0,,,False,True,,,,,LSTM,2,48,64,0.1
test_01,A3,test,1,58.30049133300781,582,236.42893981933594,0.0118560791015625,,0.6995086669921875,59.0,,,False,True,,,,,LSTM,2,48,64,0.1
test_01,A3,test,1,58.40049362182617,583,236.42893981933594,0.010161125053793697,,0.5995063781738281,59.0,,,False,True,,,,,LSTM,2,48,64,0.1
test_01,A3,test,1,58.50049591064453,584,236.42893981933594,0.008466171006024894,,0.49950408935546875,59.0,,,False,True,,,,,LSTM,2,48,64,0.1
test_01,A3,test,1,58.60049819946289,585,236.42893981933594,0.006771216958256091,,0.3995018005371094,59.0,,,False,True,,,,,LSTM,2,48,64,0.1
test_01,A3,test,1,58.70050048828125,586,236.42893981933594,0.005076262910487288,,0.29949951171875,59.0,,,False,True,,,,,LSTM,2,48,64,0.1
test_01,A3,test,1,58.80050277709961,587,236.42893981933594,0.003381308862718485,,0.19949722290039062,59.0,,,False,True,,,,,LSTM,2,48,64,0.1
test_01,A3,test,1,58.90050506591797,588,236.42893981933594,0.001686354814949682,,0.09949493408203125,59.0,,,False,True,,,,,LSTM,2,48,64,0.1
test_01,A3,test,1,59.00050735473633,589,236.42893981933594,0.0,,0.0,59.0,,,False,True,,,,,LSTM,2,48,64,0.1
test_03,A3,test,3,0.10000000149011612,0,316.9850769042969,0.9983333349227905,1.0,59.900001525878906,60.0,60.0,564.0,True,False,0.8975074291229248,53.85044479370117,0.8975074291229248,53.85044574737549,LSTM,2,48,64,0.1
test_03,A3,test,3,0.20000000298023224,1,316.9850769042969,0.996666669845581,1.0,59.79999923706055,60.0,60.0,564.0,True,False,0.8975074291229248,53.85044479370117,0.906116783618927,54.36700701713562,LSTM,2,48,64,0.1
test_03,A3,test,3,0.30000001192092896,2,316.9850769042969,0.9950000047683716,1.0,59.70000076293945,60.0,60.0,564.0,True,False,0.8851181268692017,53.107086181640625,0.8851181268692017,53.1070876121521,LSTM,2,48,64,0.1
test_03,A3,test,3,0.4000000059604645,3,316.9850769042969,0.9933332800865173,1.0,59.599998474121094,60.0,60.0,564.0,True,False,0.8697482347488403,52.18489456176758,0.8697482347488403,52.18489408493042,LSTM,2,48,64,0.1
test_03,A3,test,3,0.5,4,316.9850769042969,0.9916666746139526,1.0,59.5,60.0,60.0,564.0,True,False,0.8617137670516968,51.70282745361328,0.8617137670516968,51.70282602310181,LSTM,2,48,64,0.1
test_03,A3,test,3,0.6000000238418579,5,316.9850769042969,0.9900000095367432,1.0,59.400001525878906,60.0,60.0,564.0,True,False,0.8576861619949341,51.4611701965332,0.8576861619949341,51.461169719696045,LSTM,2,48,64,0.1
test_03,A3,test,3,0.699999988079071,6,316.9850769042969,0.9883333444595337,1.0,59.29999923706055,60.0,60.0,564.0,True,False,0.8576861619949341,51.4611701965332,0.8599809408187866,51.5988564491272,LSTM,2,48,64,0.1
test_03,A3,test,3,0.800000011920929,7,316.9850769042969,0.9866666793823242,1.0,59.20000076293945,60.0,60.0,564.0,True,False,0.8576861619949341,51.4611701965332,0.8646030426025391,51.876182556152344,LSTM,2,48,64,0.1
test_03,A3,test,3,0.8999999761581421,8,316.9850769042969,0.98499995470047,1.0,59.099998474121094,60.0,60.0,564.0,True,False,0.8576861619949341,51.4611701965332,0.8616306781768799,51.69784069061279,LSTM,2,48,64,0.1
test_03,A3,test,3,1.0,9,316.9850769042969,0.9833333492279053,1.0,59.0,60.0,60.0,564.0,True,False,0.8557813167572021,51.34687805175781,0.8557813167572021,51.34687900543213,LSTM,2,48,64,0.1
test_03,A3,test,3,1.100000023841858,10,316.9850769042969,0.9816666841506958,1.0,58.900001525878906,60.0,60.0,564.0,True,False,0.8486052751541138,50.916316986083984,0.8486052751541138,50.916316509246826,LSTM,2,48,64,0.1
test_03,A3,test,3,1.2000000476837158,11,316.9850769042969,0.9799999594688416,1.0,58.79999923706055,60.0,60.0,564.0,True,False,0.8443841934204102,50.66305160522461,0.8443841934204102,50.66305160522461,LSTM,2,48,64,0.1
test_03,A3,test,3,1.2999999523162842,12,316.9850769042969,0.9783333539962769,1.0,58.70000076293945,60.0,60.0,564.0,True,False,0.8392723798751831,50.35634231567383,0.8392723798751831,50.356342792510986,LSTM,2,48,64,0.1
test_03,A3,test,3,1.399999976158142,13,316.9850769042969,0.9766666293144226,1.0,58.599998474121094,60.0,60.0,564.0,True,False,0.8351134061813354,50.10680389404297,0.8351134061813354,50.10680437088013,LSTM,2,48,64,0.1
test_03,A3,test,3,1.5,14,316.9850769042969,0.9750000238418579,1.0,58.5,60.0,60.0,564.0,True,False,0.8328849077224731,49.97309494018555,0.8328849077224731,49.97309446334839,LSTM,2,48,64,0.1
test_03,A3,test,3,1.600000023841858,15,316.9850769042969,0.9733333587646484,1.0,58.400001525878906,60.0,60.0,564.0,True,False,0.8308027982711792,49.848167419433594,0.8308027982711792,49.84816789627075,LSTM,2,48,64,0.1
test_03,A3,test,3,1.7000000476837158,16,316.9850769042969,0.9716666340827942,1.0,58.29999923706055,60.0,60.0,564.0,True,False,0.828560471534729,49.713626861572266,0.828560471534729,49.71362829208374,LSTM,2,48,64,0.1
test_03,A3,test,3,1.7999999523162842,17,316.9850769042969,0.9700000286102295,1.0,58.20000076293945,60.0,60.0,564.0,True,False,0.828560471534729,49.713626861572266,0.8291933536529541,49.751601219177246,LSTM,2,48,64,0.1
test_03,A3,test,3,1.899999976158142,18,316.9850769042969,0.9683333039283752,1.0,58.099998474121094,60.0,60.0,564.0,True,False,0.828560471534729,49.713626861572266,0.8323003649711609,49.93802189826965,LSTM,2,48,64,0.1
test_03,A3,test,3,2.0,19,316.9850769042969,0.9666666388511658,1.0,58.0,60.0,60.0,564.0,True,False,0.828560471534729,49.713626861572266,0.8297687768936157,49.78612661361694,LSTM,2,48,64,0.1
test_03,A3,test,3,2.0999999046325684,20,316.9850769042969,0.9650000333786011,1.0,57.900001525878906,60.0,60.0,564.0,True,False,0.828560471534729,49.713626861572266,0.8304650783538818,49.82790470123291,LSTM,2,48,64,0.1
test_03,A3,test,3,2.200000047683716,21,316.9850769042969,0.9633333086967468,1.0,57.79999923706055,60.0,60.0,564.0,True,False,0.828560471534729,49.713626861572266,0.8336857557296753,50.02114534378052,LSTM,2,48,64,0.1
test_03,A3,test,3,2.299999952316284,22,316.9850769042969,0.9616667032241821,1.0,57.70000076293945,60.0,60.0,564.0,True,False,0.828560471534729,49.713626861572266,0.8311834335327148,49.87100601196289,LSTM,2,48,64,0.1
test_03,A3,test,3,2.4000000953674316,23,316.9850769042969,0.9599999785423279,1.0,57.599998474121094,60.0,60.0,564.0,True,False,0.828560471534729,49.713626861572266,0.8288276791572571,49.729660749435425,LSTM,2,48,64,0.1
test_03,A3,test,3,2.5,24,316.9850769042969,0.9583333134651184,1.0,57.5,60.0,60.0,564.0,True,False,0.8284313678741455,49.70588302612305,0.8284313678741455,49.70588207244873,LSTM,2,48,64,0.1
test_03,A3,test,3,2.5999999046325684,25,316.9850769042969,0.9566667079925537,1.0,57.400001525878906,60.0,60.0,564.0,True,False,0.8284313678741455,49.70588302612305,0.8285420536994934,49.712523221969604,LSTM,2,48,64,0.1
test_03,A3,test,3,2.700000047683716,26,316.9850769042969,0.9549999833106995,1.0,57.29999923706055,60.0,60.0,564.0,True,False,0.8284313678741455,49.70588302612305,0.8285008668899536,49.71005201339722,LSTM,2,48,64,0.1
test_03,A3,test,3,2.799999952316284,27,316.9850769042969,0.95333331823349,1.0,57.20000076293945,60.0,60.0,564.0,True,False,0.8284313678741455,49.70588302612305,0.830666720867157,49.84000325202942,LSTM,2,48,64,0.1
test_03,A3,test,3,2.9000000953674316,28,316.9850769042969,0.9516666531562805,1.0,57.099998474121094,60.0,60.0,564.0,True,False,0.8284313678741455,49.70588302612305,0.8329690098762512,49.97814059257507,LSTM,2,48,64,0.1
test_03,A3,test,3,3.0,29,316.9850769042969,0.949999988079071,1.0,57.0,60.0,60.0,564.0,True,False,0.8284313678741455,49.70588302612305,0.8323798179626465,49.94278907775879,LSTM,2,48,64,0.1
test_03,A3,test,3,3.0999999046325684,30,316.9850769042969,0.9483333826065063,1.0,56.900001525878906,60.0,60.0,564.0,True,False,0.8284313678741455,49.70588302612305,0.8307850360870361,49.84710216522217,LSTM,2,48,64,0.1
test_03,A3,test,3,3.200000047683716,31,316.9850769042969,0.9466666579246521,1.0,56.79999923706055,60.0,60.0,564.0,True,False,0.8284313678741455,49.70588302612305,0.8319476246833801,49.91685748100281,LSTM,2,48,64,0.1
test_03,A3,test,3,3.299999952316284,32,316.9850769042969,0.9449999928474426,1.0,56.70000076293945,60.0,60.0,564.0,True,False,0.8284313678741455,49.70588302612305,0.8334572315216064,50.00743389129639,LSTM,2,48,64,0.1
test_03,A3,test,3,3.4000000953674316,33,316.9850769042969,0.9433333277702332,1.0,56.599998474121094,60.0,60.0,564.0,True,False,0.8284313678741455,49.70588302612305,0.8337042331695557,50.02225399017334,LSTM,2,48,64,0.1
test_03,A3,test,3,3.5,34,316.9850769042969,0.9416666626930237,1.0,56.5,60.0,60.0,564.0,True,False,0.8284313678741455,49.70588302612305,0.8339320421218872,50.03592252731323,LSTM,2,48,64,0.1
test_03,A3,test,3,3.5999999046325684,35,316.9850769042969,0.9399999976158142,1.0,56.400001525878906,60.0,60.0,564.0,True,False,0.8284313678741455,49.70588302612305,0.8342885971069336,50.057315826416016,LSTM,2,48,64,0.1
test_03,A3,test,3,3.700000047683716,36,316.9850769042969,0.9383333325386047,1.0,56.29999923706055,60.0,60.0,564.0,True,False,0.8284313678741455,49.70588302612305,0.834868311882019,50.09209871292114,LSTM,2,48,64,0.1
test_03,A3,test,3,3.799999952316284,37,316.9850769042969,0.9366666674613953,1.0,56.20000076293945,60.0,60.0,564.0,True,False,0.8284313678741455,49.70588302612305,0.8353267908096313,50.11960744857788,LSTM,2,48,64,0.1
test_03,A3,test,3,3.9000000953674316,38,316.9850769042969,0.9350000023841858,1.0,56.099998474121094,60.0,60.0,564.0,True,False,0.8284313678741455,49.70588302612305,0.8366320729255676,50.19792437553406,LSTM,2,48,64,0.1
test_03,A3,test,3,4.0,39,316.9850769042969,0.9333333373069763,1.0,56.0,60.0,60.0,564.0,True,False,0.8284313678741455,49.70588302612305,0.8364208936691284,50.185253620147705,LSTM,2,48,64,0.1
test_03,A3,test,3,4.099999904632568,40,316.9850769042969,0.9316666722297668,1.0,55.900001525878906,60.0,60.0,564.0,True,False,0.8284313678741455,49.70588302612305,0.8355110883712769,50.13066530227661,LSTM,2,48,64,0.1
test_03,A3,test,3,4.199999809265137,41,316.9850769042969,0.9300000071525574,1.0,55.79999923706055,60.0,60.0,564.0,True,False,0.8284313678741455,49.70588302612305,0.8354817628860474,50.12890577316284,LSTM,2,48,64,0.1
test_03,A3,test,3,4.300000190734863,42,316.9850769042969,0.9283333420753479,1.0,55.70000076293945,60.0,60.0,564.0,True,False,0.8284313678741455,49.70588302612305,0.8331530094146729,49.98918056488037,LSTM,2,48,64,0.1
test_03,A3,test,3,4.400000095367432,43,316.9850769042969,0.9266666173934937,1.0,55.599998474121094,60.0,60.0,564.0,True,False,0.8284313678741455,49.70588302612305,0.8334748148918152,50.00848889350891,LSTM,2,48,64,0.1
test_03,A3,test,3,4.5,44,316.9850769042969,0.925000011920929,1.0,55.5,60.0,60.0,564.0,True,False,0.8284313678741455,49.70588302612305,0.8325852155685425,49.95511293411255,LSTM,2,48,64,0.1
test_03,A3,test,3,4.599999904632568,45,316.9850769042969,0.9233333468437195,1.0,55.400001525878906,60.0,60.0,564.0,True,False,0.827549934387207,49.65299606323242,0.827549934387207,49.65299606323242,LSTM,2,48,64,0.1
test_03,A3,test,3,4.699999809265137,46,316.9850769042969,0.92166668176651,1.0,55.29999923706055,60.0,60.0,564.0,True,False,0.8096245527267456,48.57747268676758,0.8096245527267456,48.577473163604736,LSTM,2,48,64,0.1
test_03,A3,test,3,4.800000190734863,47,316.9850769042969,0.9200000166893005,1.0,55.20000076293945,60.0,60.0,564.0,True,False,0.804332971572876,48.259979248046875,0.804332971572876,48.25997829437256,LSTM,2,48,64,0.1
test_03,A3,test,3,4.900000095367432,48,316.9850769042969,0.9183332920074463,1.0,55.099998474121094,60.0,60.0,564.0,True,False,0.804332971572876,48.259979248046875,0.8052836656570435,48.31701993942261,LSTM,2,48,64,0.1
test_03,A3,test,3,5.0,49,316.9850769042969,0.9166666865348816,1.0,55.0,60.0,60.0,564.0,True,False,0.804332971572876,48.259979248046875,0.8064327239990234,48.385963439941406,LSTM,2,48,64,0.1
test_03,A3,test,3,5.099999904632568,50,316.9850769042969,0.9150000214576721,1.0,54.900001525878906,60.0,60.0,564.0,True,False,0.804332971572876,48.259979248046875,0.8075714707374573,48.45428824424744,LSTM,2,48,64,0.1
test_03,A3,test,3,5.199999809265137,51,316.9850769042969,0.9133332967758179,1.0,54.79999923706055,60.0,60.0,564.0,True,False,0.804332971572876,48.259979248046875,0.8066015243530273,48.39609146118164,LSTM,2,48,64,0.1
test_03,A3,test,3,5.300000190734863,52,316.9850769042969,0.9116666913032532,1.0,54.70000076293945,60.0,60.0,564.0,True,False,0.804332971572876,48.259979248046875,0.8051384687423706,48.308308124542236,LSTM,2,48,64,0.1
test_03,A3,test,3,5.400000095367432,53,316.9850769042969,0.9099999666213989,1.0,54.599998474121094,60.0,60.0,564.0,True,False,0.804332971572876,48.259979248046875,0.8050719499588013,48.304316997528076,LSTM,2,48,64,0.1
test_03,A3,test,3,5.5,54,316.9850769042969,0.9083333611488342,1.0,54.5,60.0,60.0,564.0,True,False,0.804332971572876,48.259979248046875,0.8073118925094604,48.43871355056763,LSTM,2,48,64,0.1
test_03,A3,test,3,5.599999904632568,55,316.9850769042969,0.9066666960716248,1.0,54.400001525878906,60.0,60.0,564.0,True,False,0.804332971572876,48.259979248046875,0.8091197609901428,48.54718565940857,LSTM,2,48,64,0.1
test_03,A3,test,3,5.699999809265137,56,316.9850769042969,0.9049999713897705,1.0,54.29999923706055,60.0,60.0,564.0,True,False,0.804332971572876,48.259979248046875,0.809872567653656,48.59235405921936,LSTM,2,48,64,0.1
test_03,A3,test,3,5.800000190734863,57,316.9850769042969,0.9033333659172058,1.0,54.20000076293945,60.0,60.0,564.0,True,False,0.804332971572876,48.259979248046875,0.8113338947296143,48.680033683776855,LSTM,2,48,64,0.1
test_03,A3,test,3,5.900000095367432,58,316.9850769042969,0.9016666412353516,1.0,54.099998474121094,60.0,60.0,564.0,True,False,0.804332971572876,48.259979248046875,0.8115093111991882,48.690558671951294,LSTM,2,48,64,0.1
test_03,A3,test,3,6.0,59,316.9850769042969,0.8999999761581421,1.0,54.0,60.0,60.0,564.0,True,False,0.804332971572876,48.259979248046875,0.8110606670379639,48.66364002227783,LSTM,2,48,64,0.1
test_03,A3,test,3,6.099999904632568,60,316.9850769042969,0.8983333706855774,1.0,53.900001525878906,60.0,60.0,564.0,True,False,0.804332971572876,48.259979248046875,0.8124505281448364,48.747031688690186,LSTM,2,48,64,0.1
test_03,A3,test,3,6.199999809265137,61,316.9850769042969,0.8966666460037231,1.0,53.79999923706055,60.0,60.0,564.0,True,False,0.804332971572876,48.259979248046875,0.8124892711639404,48.749356269836426,LSTM,2,48,64,0.1
test_03,A3,test,3,6.300000190734863,62,316.9850769042969,0.8950000405311584,1.0,53.70000076293945,60.0,60.0,564.0,True,False,0.804332971572876,48.259979248046875,0.8119068741798401,48.714412450790405,LSTM,2,48,64,0.1
test_03,A3,test,3,6.400000095367432,63,316.9850769042969,0.8933333158493042,1.0,53.599998474121094,60.0,60.0,564.0,True,False,0.804332971572876,48.259979248046875,0.8130782246589661,48.784693479537964,LSTM,2,48,64,0.1
test_03,A3,test,3,6.5,64,316.9850769042969,0.8916666507720947,1.0,53.5,60.0,60.0,564.0,True,False,0.804332971572876,48.259979248046875,0.8130862712860107,48.785176277160645,LSTM,2,48,64,0.1
test_03,A3,test,3,6.599999904632568,65,316.9850769042969,0.89000004529953,1.0,53.400001525878906,60.0,60.0,564.0,True,False,0.804332971572876,48.259979248046875,0.8138614892959595,48.83168935775757,LSTM,2,48,64,0.1
test_03,A3,test,3,6.699999809265137,66,316.9850769042969,0.8883333206176758,1.0,53.29999923706055,60.0,60.0,564.0,True,False,0.804332971572876,48.259979248046875,0.8171563148498535,49.02937889099121,LSTM,2,48,64,0.1
test_03,A3,test,3,6.800000190734863,67,316.9850769042969,0.8866666555404663,1.0,53.20000076293945,60.0,60.0,564.0,True,False,0.804332971572876,48.259979248046875,0.8218382596969604,49.31029558181763,LSTM,2,48,64,0.1
test_03,A3,test,3,6.900000095367432,68,316.9850769042969,0.8849999904632568,1.0,53.099998474121094,60.0,60.0,564.0,True,False,0.804332971572876,48.259979248046875,0.8253490924835205,49.52094554901123,LSTM,2,48,64,0.1
test_03,A3,test,3,7.0,69,316.9850769042969,0.8833333253860474,1.0,53.0,60.0,60.0,564.0,True,False,0.804332971572876,48.259979248046875,0.8268325328826904,49.609951972961426,LSTM,2,48,64,0.1
test_03,A3,test,3,7.099999904632568,70,316.9850769042969,0.8816667199134827,1.0,52.900001525878906,60.0,60.0,564.0,True,False,0.804332971572876,48.259979248046875,0.8252475261688232,49.514851570129395,LSTM,2,48,64,0.1
test_03,A3,test,3,7.199999809265137,71,316.9850769042969,0.8799999952316284,1.0,52.79999923706055,60.0,60.0,564.0,True,False,0.804332971572876,48.259979248046875,0.8266541957855225,49.59925174713135,LSTM,2,48,64,0.1
test_03,A3,test,3,7.300000190734863,72,316.9850769042969,0.878333330154419,1.0,52.70000076293945,60.0,60.0,564.0,True,False,0.804332971572876,48.259979248046875,0.8306952714920044,49.841716289520264,LSTM,2,48,64,0.1
test_03,A3,test,3,7.400000095367432,73,316.9850769042969,0.8766666650772095,1.0,52.599998474121094,60.0,60.0,564.0,True,False,0.804332971572876,48.259979248046875,0.8332208395004272,49.993250370025635,LSTM,2,48,64,0.1
test_03,A3,test,3,7.5,74,316.9850769042969,0.875,1.0,52.5,60.0,60.0,564.0,True,False,0.804332971572876,48.259979248046875,0.8330293893814087,49.98176336288452,LSTM,2,48,64,0.1
test_03,A3,test,3,7.599999904632568,75,316.9850769042969,0.8733333349227905,1.0,52.400001525878906,60.0,60.0,564.0,True,False,0.804332971572876,48.259979248046875,0.8269995450973511,49.619972705841064,LSTM,2,48,64,0.1
test_03,A3,test,3,7.699999809265137,76,316.9850769042969,0.871666669845581,1.0,52.29999923706055,60.0,60.0,564.0,True,False,0.804332971572876,48.259979248046875,0.8219895362854004,49.31937217712402,LSTM,2,48,64,0.1
test_03,A3,test,3,7.800000190734863,77,316.9850769042969,0.8700000047683716,1.0,52.20000076293945,60.0,60.0,564.0,True,False,0.804332971572876,48.259979248046875,0.8201301693916321,49.207810163497925,LSTM,2,48,64,0.1
test_03,A3,test,3,7.900000095367432,78,316.9850769042969,0.8683332800865173,1.0,52.099998474121094,60.0,60.0,564.0,True,False,0.804332971572876,48.259979248046875,0.8191415667533875,49.14849400520325,LSTM,2,48,64,0.1
test_03,A3,test,3,8.0,79,316.9850769042969,0.8666666746139526,1.0,52.0,60.0,60.0,564.0,True,False,0.804332971572876,48.259979248046875,0.8185873031616211,49.115238189697266,LSTM,2,48,64,0.1
test_03,A3,test,3,8.100000381469727,80,316.9850769042969,0.8650000095367432,1.0,51.900001525878906,60.0,60.0,564.0,True,False,0.804332971572876,48.259979248046875,0.8190580606460571,49.14348363876343,LSTM,2,48,64,0.1
test_03,A3,test,3,8.199999809265137,81,316.9850769042969,0.8633333444595337,1.0,51.79999923706055,60.0,60.0,564.0,True,False,0.804332971572876,48.259979248046875,0.8201327323913574,49.207963943481445,LSTM,2,48,64,0.1
test_03,A3,test,3,8.300000190734863,82,316.9850769042969,0.8616666793823242,1.0,51.70000076293945,60.0,60.0,564.0,True,False,0.804332971572876,48.259979248046875,0.8221395611763,49.328373670578,LSTM,2,48,64,0.1
test_03,A3,test,3,8.399999618530273,83,316.9850769042969,0.85999995470047,1.0,51.599998474121094,60.0,60.0,564.0,True,False,0.804332971572876,48.259979248046875,0.8235477805137634,49.412866830825806,LSTM,2,48,64,0.1
test_03,A3,test,3,8.5,84,316.9850769042969,0.8583333492279053,1.0,51.5,60.0,60.0,564.0,True,False,0.804332971572876,48.259979248046875,0.8214229345321655,49.28537607192993,LSTM,2,48,64,0.1
test_03,A3,test,3,8.600000381469727,85,316.9850769042969,0.8566666841506958,1.0,51.400001525878906,60.0,60.0,564.0,True,False,0.804332971572876,48.259979248046875,0.8193849325180054,49.16309595108032,LSTM,2,48,64,0.1
test_03,A3,test,3,8.699999809265137,86,316.9850769042969,0.8549999594688416,1.0,51.29999923706055,60.0,60.0,564.0,True,False,0.804332971572876,48.259979248046875,0.8188055157661438,49.12833094596863,LSTM,2,48,64,0.1
test_03,A3,test,3,8.800000190734863,87,316.9850769042969,0.8533333539962769,1.0,51.20000076293945,60.0,60.0,564.0,True,False,0.804332971572876,48.259979248046875,0.818726658821106,49.12359952926636,LSTM,2,48,64,0.1
test_03,A3,test,3,8.899999618530273,88,316.9850769042969,0.8516666293144226,1.0,51.099998474121094,60.0,60.0,564.0,True,False,0.804332971572876,48.259979248046875,0.8185812830924988,49.11487698554993,LSTM,2,48,64,0.1
test_03,A3,test,3,9.0,89,316.9850769042969,0.8500000238418579,1.0,51.0,60.0,60.0,564.0,True,False,0.804332971572876,48.259979248046875,0.8172215223312378,49.03329133987427,LSTM,2,48,64,0.1
test_03,A3,test,3,9.100000381469727,90,316.9850769042969,0.8483333587646484,1.0,50.900001525878906,60.0,60.0,564.0,True,False,0.804332971572876,48.259979248046875,0.8160482048988342,48.962892293930054,LSTM,2,48,64,0.1
test_03,A3,test,3,9.199999809265137,91,316.9850769042969,0.8466666340827942,1.0,50.79999923706055,60.0,60.0,564.0,True,False,0.804332971572876,48.259979248046875,0.8153194189071655,48.91916513442993,LSTM,2,48,64,0.1
test_03,A3,test,3,9.300000190734863,92,316.9850769042969,0.8450000286102295,1.0,50.70000076293945,60.0,60.0,564.0,True,False,0.804332971572876,48.259979248046875,0.8107548356056213,48.64529013633728,LSTM,2,48,64,0.1
test_03,A3,test,3,9.399999618530273,93,316.9850769042969,0.8433333039283752,1.0,50.599998474121094,60.0,60.0,564.0,True,False,0.804332971572876,48.259979248046875,0.8086574077606201,48.51944446563721,LSTM,2,48,64,0.1
test_03,A3,test,3,9.5,94,316.9850769042969,0.8416666388511658,1.0,50.5,60.0,60.0,564.0,True,False,0.804332971572876,48.259979248046875,0.8085504174232483,48.5130250453949,LSTM,2,48,64,0.1
test_03,A3,test,3,9.600000381469727,95,316.9850769042969,0.8400000333786011,1.0,50.400001525878906,60.0,60.0,564.0,True,False,0.804332971572876,48.259979248046875,0.8078771829605103,48.472630977630615,LSTM,2,48,64,0.1
test_03,A3,test,3,9.699999809265137,96,316.9850769042969,0.8383333086967468,1.0,50.29999923706055,60.0,60.0,564.0,True,False,0.8033573031425476,48.201438903808594,0.8033573031425476,48.201438188552856,LSTM,2,48,64,0.1
test_03,A3,test,3,9.800000190734863,97,316.9850769042969,0.8366667032241821,1.0,50.20000076293945,60.0,60.0,564.0,True,False,0.7917420268058777,47.504520416259766,0.7917420268058777,47.50452160835266,LSTM,2,48,64,0.1
test_03,A3,test,3,9.899999618530273,98,316.9850769042969,0.8349999785423279,1.0,50.099998474121094,60.0,60.0,564.0,True,False,0.791300892829895,47.47805404663086,0.791300892829895,47.4780535697937,LSTM,2,48,64,0.1
test_03,A3,test,3,10.0,99,316.9850769042969,0.8333333134651184,1.0,50.0,60.0,60.0,564.0,True,False,0.791300892829895,47.47805404663086,0.7963759899139404,47.782559394836426,LSTM,2,48,64,0.1
test_03,A3,test,3,10.100000381469727,100,316.9850769042969,0.8316667079925537,1.0,49.900001525878906,60.0,60.0,564.0,True,False,0.791300892829895,47.47805404663086,0.7954704761505127,47.72822856903076,LSTM,2,48,64,0.1
test_03,A3,test,3,10.199999809265137,101,316.9850769042969,0.8299999833106995,1.0,49.79999923706055,60.0,60.0,564.0,True,False,0.7864982485771179,47.18989562988281,0.7864982485771179,47.189894914627075,LSTM,2,48,64,0.1
test_03,A3,test,3,10.300000190734863,102,316.9850769042969,0.82833331823349,1.0,49.70000076293945,60.0,60.0,564.0,True,False,0.7850146293640137,47.10087585449219,0.7850146293640137,47.10087776184082,LSTM,2,48,64,0.1
test_03,A3,test,3,10.399999618530273,103,316.9850769042969,0.8266666531562805,1.0,49.599998474121094,60.0,60.0,564.0,True,False,0.7850146293640137,47.10087585449219,0.7879320383071899,47.2759222984314,LSTM,2,48,64,0.1
test_03,A3,test,3,10.5,104,316.9850769042969,0.824999988079071,1.0,49.5,60.0,60.0,564.0,True,False,0.7850146293640137,47.10087585449219,0.7894040942192078,47.364245653152466,LSTM,2,48,64,0.1
test_03,A3,test,3,10.600000381469727,105,316.9850769042969,0.8233333826065063,1.0,49.400001525878906,60.0,60.0,564.0,True,False,0.7850146293640137,47.10087585449219,0.7882314324378967,47.293885946273804,LSTM,2,48,64,0.1
test_03,A3,test,3,10.699999809265137,106,316.9850769042969,0.8216666579246521,1.0,49.29999923706055,60.0,60.0,564.0,True,False,0.7850146293640137,47.10087585449219,0.787205159664154,47.23230957984924,LSTM,2,48,64,0.1
test_03,A3,test,3,10.800000190734863,107,316.9850769042969,0.8199999928474426,1.0,49.20000076293945,60.0,60.0,564.0,True,False,0.7850146293640137,47.10087585449219,0.7868065237998962,47.208391427993774,LSTM,2,48,64,0.1
test_03,A3,test,3,10.899999618530273,108,316.9850769042969,0.8183333277702332,1.0,49.099998474121094,60.0,60.0,564.0,True,False,0.7850146293640137,47.10087585449219,0.7876409292221069,47.258455753326416,LSTM,2,48,64,0.1
test_03,A3,test,3,11.0,109,316.9850769042969,0.8166666626930237,1.0,49.0,60.0,60.0,564.0,True,False,0.7850146293640137,47.10087585449219,0.7906173467636108,47.43704080581665,LSTM,2,48,64,0.1
test_03,A3,test,3,11.100000381469727,110,316.9850769042969,0.8149999976158142,1.0,48.900001525878906,60.0,60.0,564.0,True,False,0.7850146293640137,47.10087585449219,0.790463924407959,47.42783546447754,LSTM,2,48,64,0.1
test_03,A3,test,3,11.199999809265137,111,316.9850769042969,0.8133333325386047,1.0,48.79999923706055,60.0,60.0,564.0,True,False,0.7850146293640137,47.10087585449219,0.7890938520431519,47.34563112258911,LSTM,2,48,64,0.1
test_03,A3,test,3,11.300000190734863,112,316.9850769042969,0.8116666674613953,1.0,48.70000076293945,60.0,60.0,564.0,True,False,0.7850146293640137,47.10087585449219,0.7890107035636902,47.34064221382141,LSTM,2,48,64,0.1
test_03,A3,test,3,11.399999618530273,113,316.9850769042969,0.8100000023841858,1.0,48.599998474121094,60.0,60.0,564.0,True,False,0.7850146293640137,47.10087585449219,0.7924051284790039,47.544307708740234,LSTM,2,48,64,0.1
test_03,A3,test,3,11.5,114,316.9850769042969,0.8083333373069763,1.0,48.5,60.0,60.0,564.0,True,False,0.7850146293640137,47.10087585449219,0.7955468893051147,47.732813358306885,LSTM,2,48,64,0.1
test_03,A3,test,3,11.600000381469727,115,316.9850769042969,0.8066666722297668,1.0,48.400001525878906,60.0,60.0,564.0,True,False,0.7850146293640137,47.10087585449219,0.7997910976409912,47.98746585845947,LSTM,2,48,64,0.1
test_03,A3,test,3,11.699999809265137,116,316.9850769042969,0.8050000071525574,1.0,48.29999923706055,60.0,60.0,564.0,True,False,0.7850146293640137,47.10087585449219,0.8037310838699341,48.223865032196045,LSTM,2,48,64,0.1
test_03,A3,test,3,11.800000190734863,117,316.9850769042969,0.8033333420753479,1.0,48.20000076293945,60.0,60.0,564.0,True,False,0.7850146293640137,47.10087585449219,0.8045427799224854,48.27256679534912,LSTM,2,48,64,0.1
test_03,A3,test,3,11.899999618530273,118,316.9850769042969,0.8016666173934937,1.0,48.099998474121094,60.0,60.0,564.0,True,False,0.7850146293640137,47.10087585449219,0.804890513420105,48.2934308052063,LSTM,2,48,64,0.1
test_03,A3,test,3,12.0,119,316.9850769042969,0.800000011920929,1.0,48.0,60.0,60.0,564.0,True,False,0.7850146293640137,47.10087585449219,0.8031189441680908,48.18713665008545,LSTM,2,48,64,0.1
test_03,A3,test,3,12.100000381469727,120,316.9850769042969,0.7983333468437195,1.0,47.900001525878906,60.0,60.0,564.0,True,False,0.7850146293640137,47.10087585449219,0.8020248413085938,48.121490478515625,LSTM,2,48,64,0.1
test_03,A3,test,3,12.199999809265137,121,316.9850769042969,0.79666668176651,1.0,47.79999923706055,60.0,60.0,564.0,True,False,0.7850146293640137,47.10087585449219,0.8020636439323425,48.12381863594055,LSTM,2,48,64,0.1
test_03,A3,test,3,12.300000190734863,122,316.9850769042969,0.7950000166893005,1.0,47.70000076293945,60.0,60.0,564.0,True,False,0.7850146293640137,47.10087585449219,0.8011394739151001,48.068368434906006,LSTM,2,48,64,0.1
test_03,A3,test,3,12.399999618530273,123,316.9850769042969,0.7933332920074463,1.0,47.599998474121094,60.0,60.0,564.0,True,False,0.7850146293640137,47.10087585449219,0.7976040840148926,47.856245040893555,LSTM,2,48,64,0.1
test_03,A3,test,3,12.5,124,316.9850769042969,0.7916666865348816,1.0,47.5,60.0,60.0,564.0,True,False,0.7850146293640137,47.10087585449219,0.7941324710845947,47.647948265075684,LSTM,2,48,64,0.1
test_03,A3,test,3,12.600000381469727,125,316.9850769042969,0.7900000214576721,1.0,47.400001525878906,60.0,60.0,564.0,True,False,0.7850146293640137,47.10087585449219,0.7924302816390991,47.54581689834595,LSTM,2,48,64,0.1
test_03,A3,test,3,12.699999809265137,126,316.9850769042969,0.7883332967758179,1.0,47.29999923706055,60.0,60.0,564.0,True,False,0.7850146293640137,47.10087585449219,0.7924222946166992,47.54533767700195,LSTM,2,48,64,0.1
test_03,A3,test,3,12.800000190734863,127,316.9850769042969,0.7866666913032532,1.0,47.20000076293945,60.0,60.0,564.0,True,False,0.7845937013626099,47.07562255859375,0.7845937013626099,47.07562208175659,LSTM,2,48,64,0.1
test_03,A3,test,3,12.899999618530273,128,316.9850769042969,0.7849999666213989,1.0,47.099998474121094,60.0,60.0,564.0,True,False,0.782271146774292,46.9362678527832,0.782271146774292,46.93626880645752,LSTM,2,48,64,0.1
test_03,A3,test,3,13.0,129,316.9850769042969,0.7833333611488342,1.0,47.0,60.0,60.0,564.0,True,False,0.782271146774292,46.9362678527832,0.785112738609314,47.10676431655884,LSTM,2,48,64,0.1
test_03,A3,test,3,13.100000381469727,130,316.9850769042969,0.7816666960716248,1.0,46.900001525878906,60.0,60.0,564.0,True,False,0.782271146774292,46.9362678527832,0.7863063812255859,47.178382873535156,LSTM,2,48,64,0.1
test_03,A3,test,3,13.199999809265137,131,316.9850769042969,0.7799999713897705,1.0,46.79999923706055,60.0,60.0,564.0,True,False,0.782271146774292,46.9362678527832,0.7864688634872437,47.18813180923462,LSTM,2,48,64,0.1
test_03,A3,test,3,13.300000190734863,132,316.9850769042969,0.7783333659172058,1.0,46.70000076293945,60.0,60.0,564.0,True,False,0.782271146774292,46.9362678527832,0.7870307564735413,47.221845388412476,LSTM,2,48,64,0.1
test_03,A3,test,3,13.399999618530273,133,316.9850769042969,0.7766666412353516,1.0,46.599998474121094,60.0,60.0,564.0,True,False,0.782271146774292,46.9362678527832,0.7877396941184998,47.264381647109985,LSTM,2,48,64,0.1
test_03,A3,test,3,13.5,134,316.9850769042969,0.7749999761581421,1.0,46.5,60.0,60.0,564.0,True,False,0.7755237817764282,46.53142547607422,0.7755237817764282,46.53142690658569,LSTM,2,48,64,0.1
test_03,A3,test,3,13.600000381469727,135,316.9850769042969,0.7733333706855774,1.0,46.400001525878906,60.0,60.0,564.0,True,False,0.7687816619873047,46.12689971923828,0.7687816619873047,46.12689971923828,LSTM,2,48,64,0.1
test_03,A3,test,3,13.699999809265137,136,316.9850769042969,0.7716666460037231,1.0,46.29999923706055,60.0,60.0,564.0,True,False,0.7629938125610352,45.77962875366211,0.7629938125610352,45.77962875366211,LSTM,2,48,64,0.1
test_03,A3,test,3,13.800000190734863,137,316.9850769042969,0.7700000405311584,1.0,46.20000076293945,60.0,60.0,564.0,True,False,0.7616711258888245,45.70026779174805,0.7616711258888245,45.70026755332947,LSTM,2,48,64,0.1
test_03,A3,test,3,13.899999618530273,138,316.9850769042969,0.7683333158493042,1.0,46.099998474121094,60.0,60.0,564.0,True,False,0.7616711258888245,45.70026779174805,0.7624159455299377,45.744956731796265,LSTM,2,48,64,0.1
test_03,A3,test,3,14.0,139,316.9850769042969,0.7666666507720947,1.0,46.0,60.0,60.0,564.0,True,False,0.7616711258888245,45.70026779174805,0.7617068290710449,45.702409744262695,LSTM,2,48,64,0.1
test_03,A3,test,3,14.100000381469727,140,316.9850769042969,0.76500004529953,1.0,45.900001525878906,60.0,60.0,564.0,True,False,0.7527891993522644,45.16735076904297,0.7527891993522644,45.167351961135864,LSTM,2,48,64,0.1
test_03,A3,test,3,14.199999809265137,141,316.9850769042969,0.7633333206176758,1.0,45.79999923706055,60.0,60.0,564.0,True,False,0.7527891993522644,45.16735076904297,0.7547791600227356,45.286749601364136,LSTM,2,48,64,0.1
test_03,A3,test,3,14.300000190734863,142,316.9850769042969,0.7616666555404663,1.0,45.70000076293945,60.0,60.0,564.0,True,False,0.7527891993522644,45.16735076904297,0.7541981935501099,45.25189161300659,LSTM,2,48,64,0.1
test_03,A3,test,3,14.399999618530273,143,316.9850769042969,0.7599999904632568,1.0,45.599998474121094,60.0,60.0,564.0,True,False,0.7508037686347961,45.04822540283203,0.7508037686347961,45.04822611808777,LSTM,2,48,64,0.1
test_03,A3,test,3,14.5,144,316.9850769042969,0.7583333253860474,1.0,45.5,60.0,60.0,564.0,True,False,0.7491867542266846,44.95120620727539,0.7491867542266846,44.951205253601074,LSTM,2,48,64,0.1
test_03,A3,test,3,14.600000381469727,145,316.9850769042969,0.7566667199134827,1.0,45.400001525878906,60.0,60.0,564.0,True,False,0.7476136684417725,44.85681915283203,0.7476136684417725,44.85682010650635,LSTM,2,48,64,0.1
test_03,A3,test,3,14.699999809265137,146,316.9850769042969,0.7549999952316284,1.0,45.29999923706055,60.0,60.0,564.0,True,False,0.7462894320487976,44.777366638183594,0.7462894320487976,44.777365922927856,LSTM,2,48,64,0.1
test_03,A3,test,3,14.800000190734863,147,316.9850769042969,0.753333330154419,1.0,45.20000076293945,60.0,60.0,564.0,True,False,0.7462894320487976,44.777366638183594,0.7476391792297363,44.85835075378418,LSTM,2,48,64,0.1
test_03,A3,test,3,14.899999618530273,148,316.9850769042969,0.7516666650772095,1.0,45.099998474121094,60.0,60.0,564.0,True,False,0.743709146976471,44.6225471496582,0.743709146976471,44.62254881858826,LSTM,2,48,64,0.1
test_03,A3,test,3,15.0,149,316.9850769042969,0.75,1.0,45.0,60.0,60.0,564.0,True,False,0.7414875626564026,44.489253997802734,0.7414875626564026,44.489253759384155,LSTM,2,48,64,0.1
test_03,A3,test,3,15.100000381469727,150,316.9850769042969,0.7483333349227905,1.0,44.900001525878906,60.0,60.0,564.0,True,False,0.7414875626564026,44.489253997802734,0.7430887818336487,44.58532691001892,LSTM,2,48,64,0.1
test_03,A3,test,3,15.199999809265137,151,316.9850769042969,0.746666669845581,1.0,44.79999923706055,60.0,60.0,564.0,True,False,0.7414875626564026,44.489253997802734,0.7465978860855103,44.795873165130615,LSTM,2,48,64,0.1
test_03,A3,test,3,15.300000190734863,152,316.9850769042969,0.7450000047683716,1.0,44.70000076293945,60.0,60.0,564.0,True,False,0.7414875626564026,44.489253997802734,0.7508779764175415,45.05267858505249,LSTM,2,48,64,0.1
test_03,A3,test,3,15.399999618530273,153,316.9850769042969,0.7433332800865173,1.0,44.599998474121094,60.0,60.0,564.0,True,False,0.7414875626564026,44.489253997802734,0.752281665802002,45.13689994812012,LSTM,2,48,64,0.1
test_03,A3,test,3,15.5,154,316.9850769042969,0.7416666746139526,1.0,44.5,60.0,60.0,564.0,True,False,0.7414875626564026,44.489253997802734,0.7497846484184265,44.98707890510559,LSTM,2,48,64,0.1
test_03,A3,test,3,15.600000381469727,155,316.9850769042969,0.7400000095367432,1.0,44.400001525878906,60.0,60.0,564.0,True,False,0.7414875626564026,44.489253997802734,0.7439562082290649,44.6373724937439,LSTM,2,48,64,0.1
test_03,A3,test,3,15.699999809265137,156,316.9850769042969,0.7383333444595337,1.0,44.29999923706055,60.0,60.0,564.0,True,False,0.7414875626564026,44.489253997802734,0.747471809387207,44.84830856323242,LSTM,2,48,64,0.1
test_03,A3,test,3,15.800000190734863,157,316.9850769042969,0.7366666793823242,1.0,44.20000076293945,60.0,60.0,564.0,True,False,0.7414875626564026,44.489253997802734,0.7453680038452148,44.72208023071289,LSTM,2,48,64,0.1
test_03,A3,test,3,15.899999618530273,158,316.9850769042969,0.73499995470047,1.0,44.099998474121094,60.0,60.0,564.0,True,False,0.7414875626564026,44.489253997802734,0.7466372847557068,44.79823708534241,LSTM,2,48,64,0.1
test_03,A3,test,3,16.0,159,316.9850769042969,0.7333333492279053,1.0,44.0,60.0,60.0,564.0,True,False,0.7414875626564026,44.489253997802734,0.7465688586235046,44.79413151741028,LSTM,2,48,64,0.1
test_03,A3,test,3,16.100000381469727,160,316.9850769042969,0.7316666841506958,1.0,43.900001525878906,60.0,60.0,564.0,True,False,0.7414875626564026,44.489253997802734,0.7446317672729492,44.67790603637695,LSTM,2,48,64,0.1
test_03,A3,test,3,16.200000762939453,161,316.9850769042969,0.7299999594688416,1.0,43.79999923706055,60.0,60.0,564.0,True,False,0.7414875626564026,44.489253997802734,0.746252715587616,44.77516293525696,LSTM,2,48,64,0.1
test_03,A3,test,3,16.299999237060547,162,316.9850769042969,0.7283333539962769,1.0,43.70000076293945,60.0,60.0,564.0,True,False,0.7414875626564026,44.489253997802734,0.7489902973175049,44.93941783905029,LSTM,2,48,64,0.1
test_03,A3,test,3,16.399999618530273,163,316.9850769042969,0.7266666293144226,1.0,43.599998474121094,60.0,60.0,564.0,True,False,0.7414875626564026,44.489253997802734,0.7503582835197449,45.02149701118469,LSTM,2,48,64,0.1
test_03,A3,test,3,16.5,164,316.9850769042969,0.7250000238418579,1.0,43.5,60.0,60.0,564.0,True,False,0.7414875626564026,44.489253997802734,0.7446802854537964,44.68081712722778,LSTM,2,48,64,0.1
test_03,A3,test,3,16.600000381469727,165,316.9850769042969,0.7233333587646484,1.0,43.400001525878906,60.0,60.0,564.0,True,False,0.7414875626564026,44.489253997802734,0.7433391213417053,44.60034728050232,LSTM,2,48,64,0.1
test_03,A3,test,3,16.700000762939453,166,316.9850769042969,0.7216666340827942,1.0,43.29999923706055,60.0,60.0,564.0,True,False,0.7414875626564026,44.489253997802734,0.7441569566726685,44.64941740036011,LSTM,2,48,64,0.1
test_03,A3,test,3,16.799999237060547,167,316.9850769042969,0.7200000286102295,1.0,43.20000076293945,60.0,60.0,564.0,True,False,0.7414875626564026,44.489253997802734,0.7416083812713623,44.49650287628174,LSTM,2,48,64,0.1
test_03,A3,test,3,16.899999618530273,168,316.9850769042969,0.7183333039283752,1.0,43.099998474121094,60.0,60.0,564.0,True,False,0.7395381927490234,44.372291564941406,0.7395381927490234,44.372291564941406,LSTM,2,48,64,0.1
test_03,A3,test,3,17.0,169,316.9850769042969,0.7166666388511658,1.0,43.0,60.0,60.0,564.0,True,False,0.7395381927490234,44.372291564941406,0.7412903308868408,44.47741985321045,LSTM,2,48,64,0.1
test_03,A3,test,3,17.100000381469727,170,316.9850769042969,0.7150000333786011,1.0,42.900001525878906,60.0,60.0,564.0,True,False,0.7395381927490234,44.372291564941406,0.7443405985832214,44.660435914993286,LSTM,2,48,64,0.1
test_03,A3,test,3,17.200000762939453,171,316.9850769042969,0.7133333086967468,1.0,42.79999923706055,60.0,60.0,564.0,True,False,0.7395381927490234,44.372291564941406,0.7492226362228394,44.95335817337036,LSTM,2,48,64,0.1
test_03,A3,test,3,17.299999237060547,172,316.9850769042969,0.7116667032241821,1.0,42.70000076293945,60.0,60.0,564.0,True,False,0.7395381927490234,44.372291564941406,0.7527468800544739,45.16481280326843,LSTM,2,48,64,0.1
test_03,A3,test,3,17.399999618530273,173,316.9850769042969,0.7099999785423279,1.0,42.599998474121094,60.0,60.0,564.0,True,False,0.7395381927490234,44.372291564941406,0.7520374059677124,45.122244358062744,LSTM,2,48,64,0.1
test_03,A3,test,3,17.5,174,316.9850769042969,0.7083333134651184,1.0,42.5,60.0,60.0,564.0,True,False,0.7395381927490234,44.372291564941406,0.7504115104675293,45.02469062805176,LSTM,2,48,64,0.1
test_03,A3,test,3,17.600000381469727,175,316.9850769042969,0.7066667079925537,1.0,42.400001525878906,60.0,60.0,564.0,True,False,0.7395381927490234,44.372291564941406,0.747048020362854,44.82288122177124,LSTM,2,48,64,0.1
test_03,A3,test,3,17.700000762939453,176,316.9850769042969,0.7049999833106995,1.0,42.29999923706055,60.0,60.0,564.0,True,False,0.7395381927490234,44.372291564941406,0.7455947995185852,44.73568797111511,LSTM,2,48,64,0.1
test_03,A3,test,3,17.799999237060547,177,316.9850769042969,0.70333331823349,1.0,42.20000076293945,60.0,60.0,564.0,True,False,0.7395381927490234,44.372291564941406,0.7454448938369751,44.726693630218506,LSTM,2,48,64,0.1
test_03,A3,test,3,17.899999618530273,178,316.9850769042969,0.7016666531562805,1.0,42.099998474121094,60.0,60.0,564.0,True,False,0.7395381927490234,44.372291564941406,0.7433390617370605,44.60034370422363,LSTM,2,48,64,0.1
test_03,A3,test,3,18.0,179,316.9850769042969,0.699999988079071,1.0,42.0,60.0,60.0,564.0,True,False,0.7395381927490234,44.372291564941406,0.7398930788040161,44.39358472824097,LSTM,2,48,64,0.1
test_03,A3,test,3,18.100000381469727,180,316.9850769042969,0.6983333826065063,1.0,41.900001525878906,60.0,60.0,564.0,True,False,0.739288330078125,44.3572998046875,0.739288330078125,44.3572998046875,LSTM,2,48,64,0.1
test_03,A3,test,3,18.200000762939453,181,316.9850769042969,0.6966666579246521,1.0,41.79999923706055,60.0,60.0,564.0,True,False,0.738892674446106,44.333560943603516,0.738892674446106,44.33356046676636,LSTM,2,48,64,0.1
test_03,A3,test,3,18.299999237060547,182,316.9850769042969,0.6949999928474426,1.0,41.70000076293945,60.0,60.0,564.0,True,False,0.738892674446106,44.333560943603516,0.740622341632843,44.43734049797058,LSTM,2,48,64,0.1
test_03,A3,test,3,18.399999618530273,183,316.9850769042969,0.6933333277702332,1.0,41.599998474121094,60.0,60.0,564.0,True,False,0.738892674446106,44.333560943603516,0.7428654432296753,44.57192659378052,LSTM,2,48,64,0.1
test_03,A3,test,3,18.5,184,316.9850769042969,0.6916666626930237,1.0,41.5,60.0,60.0,564.0,True,False,0.738892674446106,44.333560943603516,0.7518466711044312,45.11080026626587,LSTM,2,48,64,0.1
test_03,A3,test,3,18.600000381469727,185,316.9850769042969,0.6899999976158142,1.0,41.400001525878906,60.0,60.0,564.0,True,False,0.738892674446106,44.333560943603516,0.7607859373092651,45.64715623855591,LSTM,2,48,64,0.1
test_03,A3,test,3,18.700000762939453,186,316.9850769042969,0.6883333325386047,1.0,41.29999923706055,60.0,60.0,564.0,True,False,0.738892674446106,44.333560943603516,0.7596449255943298,45.57869553565979,LSTM,2,48,64,0.1
test_03,A3,test,3,18.799999237060547,187,316.9850769042969,0.6866666674613953,1.0,41.20000076293945,60.0,60.0,564.0,True,False,0.7229889035224915,43.37933349609375,0.7229889035224915,43.37933421134949,LSTM,2,48,64,0.1
test_03,A3,test,3,18.899999618530273,188,316.9850769042969,0.6850000023841858,1.0,41.099998474121094,60.0,60.0,564.0,True,False,0.7229889035224915,43.37933349609375,0.7360305190086365,44.16183114051819,LSTM,2,48,64,0.1
test_03,A3,test,3,19.0,189,316.9850769042969,0.6833333373069763,1.0,41.0,60.0,60.0,564.0,True,False,0.7229889035224915,43.37933349609375,0.7415269613265991,44.49161767959595,LSTM,2,48,64,0.1
test_03,A3,test,3,19.100000381469727,190,316.9850769042969,0.6816666722297668,1.0,40.900001525878906,60.0,60.0,564.0,True,False,0.7229889035224915,43.37933349609375,0.745335578918457,44.72013473510742,LSTM,2,48,64,0.1
test_03,A3,test,3,19.200000762939453,191,316.9850769042969,0.6800000071525574,1.0,40.79999923706055,60.0,60.0,564.0,True,False,0.7229889035224915,43.37933349609375,0.7508995532989502,45.05397319793701,LSTM,2,48,64,0.1
test_03,A3,test,3,19.299999237060547,192,316.9850769042969,0.6783333420753479,1.0,40.70000076293945,60.0,60.0,564.0,True,False,0.7229889035224915,43.37933349609375,0.7511858940124512,45.07115364074707,LSTM,2,48,64,0.1
test_03,A3,test,3,19.399999618530273,193,316.9850769042969,0.6766666173934937,1.0,40.599998474121094,60.0,60.0,564.0,True,False,0.7229889035224915,43.37933349609375,0.7428792119026184,44.572752714157104,LSTM,2,48,64,0.1
test_03,A3,test,3,19.5,194,316.9850769042969,0.675000011920929,1.0,40.5,60.0,60.0,564.0,True,False,0.7229889035224915,43.37933349609375,0.7342348098754883,44.0540885925293,LSTM,2,48,64,0.1
test_03,A3,test,3,19.600000381469727,195,316.9850769042969,0.6733333468437195,1.0,40.400001525878906,60.0,60.0,564.0,True,False,0.7229889035224915,43.37933349609375,0.7279170751571655,43.67502450942993,LSTM,2,48,64,0.1
test_03,A3,test,3,19.700000762939453,196,316.9850769042969,0.67166668176651,1.0,40.29999923706055,60.0,60.0,564.0,True,False,0.7223353981971741,43.34012222290039,0.7223353981971741,43.340123891830444,LSTM,2,48,64,0.1
test_03,A3,test,3,19.799999237060547,197,316.9850769042969,0.6700000166893005,1.0,40.20000076293945,60.0,60.0,564.0,True,False,0.7177560329437256,43.06536102294922,0.7177560329437256,43.065361976623535,LSTM,2,48,64,0.1
test_03,A3,test,3,19.899999618530273,198,316.9850769042969,0.6683332920074463,1.0,40.099998474121094,60.0,60.0,564.0,True,False,0.7164123058319092,42.984737396240234,0.7164123058319092,42.98473834991455,LSTM,2,48,64,0.1
test_03,A3,test,3,20.0,199,316.9850769042969,0.6666666865348816,1.0,40.0,60.0,60.0,564.0,True,False,0.7164123058319092,42.984737396240234,0.7176675796508789,43.060054779052734,LSTM,2,48,64,0.1
test_03,A3,test,3,20.100000381469727,200,316.9850769042969,0.6650000214576721,1.0,39.900001525878906,60.0,60.0,564.0,True,False,0.7154330015182495,42.92597961425781,0.7154330015182495,42.92598009109497,LSTM,2,48,64,0.1
test_03,A3,test,3,20.200000762939453,201,316.9850769042969,0.6633332967758179,1.0,39.79999923706055,60.0,60.0,564.0,True,False,0.7116401195526123,42.69840621948242,0.7116401195526123,42.69840717315674,LSTM,2,48,64,0.1
test_03,A3,test,3,20.299999237060547,202,316.9850769042969,0.6616666913032532,1.0,39.70000076293945,60.0,60.0,564.0,True,False,0.7116401195526123,42.69840621948242,0.7124090194702148,42.74454116821289,LSTM,2,48,64,0.1
test_03,A3,test,3,20.399999618530273,203,316.9850769042969,0.6599999666213989,1.0,39.599998474121094,60.0,60.0,564.0,True,False,0.7116401195526123,42.69840621948242,0.7142270803451538,42.85362482070923,LSTM,2,48,64,0.1
test_03,A3,test,3,20.5,204,316.9850769042969,0.6583333611488342,1.0,39.5,60.0,60.0,564.0,True,False,0.7116401195526123,42.69840621948242,0.7153053283691406,42.91831970214844,LSTM,2,48,64,0.1
test_03,A3,test,3,20.600000381469727,205,316.9850769042969,0.6566666960716248,1.0,39.400001525878906,60.0,60.0,564.0,True,False,0.7114984393119812,42.68990707397461,0.7114984393119812,42.68990635871887,LSTM,2,48,64,0.1
test_03,A3,test,3,20.700000762939453,206,316.9850769042969,0.6549999713897705,1.0,39.29999923706055,60.0,60.0,564.0,True,False,0.7073646783828735,42.44187927246094,0.7073646783828735,42.44188070297241,LSTM,2,48,64,0.1
test_03,A3,test,3,20.799999237060547,207,316.9850769042969,0.6533333659172058,1.0,39.20000076293945,60.0,60.0,564.0,True,False,0.7006391286849976,42.03834915161133,0.7006391286849976,42.03834772109985,LSTM,2,48,64,0.1
test_03,A3,test,3,20.899999618530273,208,316.9850769042969,0.6516666412353516,1.0,39.099998474121094,60.0,60.0,564.0,True,False,0.695447564125061,41.72685241699219,0.695447564125061,41.72685384750366,LSTM,2,48,64,0.1
test_03,A3,test,3,21.0,209,316.9850769042969,0.6499999761581421,0.999446451663971,39.0,60.0,60.0,564.0,True,False,0.6911628246307373,41.46976852416992,0.6911628246307373,41.46976947784424,LSTM,2,48,64,0.1
test_03,A3,test,3,21.100000381469727,210,316.9850769042969,0.6483333706855774,0.9992892146110535,38.900001525878906,60.0,60.0,564.0,True,False,0.6887425780296326,41.324554443359375,0.6887425780296326,41.324554681777954,LSTM,2,48,64,0.1
test_03,A3,test,3,21.200000762939453,211,316.9850769042969,0.6466666460037231,0.9981883764266968,38.79999923706055,60.0,60.0,564.0,True,False,0.6859564185142517,41.157386779785156,0.6859564185142517,41.1573851108551,LSTM,2,48,64,0.1
test_03,A3,test,3,21.299999237060547,212,316.9850769042969,0.6450000405311584,0.998345673084259,38.70000076293945,60.0,60.0,564.0,True,False,0.683689534664154,41.0213737487793,0.683689534664154,41.02137207984924,LSTM,2,48,64,0.1
test_03,A3,test,3,21.399999618530273,213,316.9850769042969,0.6433333158493042,0.9959868788719177,38.599998474121094,60.0,60.0,564.0,True,False,0.6795203685760498,40.77122116088867,0.6795203685760498,40.77122211456299,LSTM,2,48,64,0.1
test_03,A3,test,3,21.5,214,316.9850769042969,0.6416666507720947,0.9959868788719177,38.5,60.0,60.0,564.0,True,False,0.6765680909156799,40.594085693359375,0.6765680909156799,40.594085454940796,LSTM,2,48,64,0.1
test_03,A3,test,3,21.600000381469727,215,316.9850769042969,0.64000004529953,0.9926844835281372,38.400001525878906,60.0,60.0,564.0,True,False,0.6713901162147522,40.28340530395508,0.6713901162147522,40.28340697288513,LSTM,2,48,64,0.1
test_03,A3,test,3,21.700000762939453,216,316.9850769042969,0.6383333206176758,0.9926844835281372,38.29999923706055,60.0,60.0,564.0,True,False,0.6683074831962585,40.09844970703125,0.6683074831962585,40.09844899177551,LSTM,2,48,64,0.1
test_03,A3,test,3,21.799999237060547,217,316.9850769042969,0.6366666555404663,0.9926844835281372,38.20000076293945,60.0,60.0,564.0,True,False,0.6663014888763428,39.97808837890625,0.6663014888763428,39.978089332580566,LSTM,2,48,64,0.1
test_03,A3,test,3,21.899999618530273,218,316.9850769042969,0.6349999904632568,0.9926844835281372,38.099998474121094,60.0,60.0,564.0,True,False,0.6649526953697205,39.89716339111328,0.6649526953697205,39.89716172218323,LSTM,2,48,64,0.1
test_03,A3,test,3,22.0,219,316.9850769042969,0.6333333253860474,0.9926844835281372,38.0,60.0,60.0,564.0,True,False,0.6636025905609131,39.81615447998047,0.6636025905609131,39.816155433654785,LSTM,2,48,64,0.1
test_03,A3,test,3,22.100000381469727,220,316.9850769042969,0.6316667199134827,0.9928416609764099,37.900001525878906,60.0,60.0,564.0,True,False,0.6624549627304077,39.74729919433594,0.6624549627304077,39.74729776382446,LSTM,2,48,64,0.1
test_03,A3,test,3,22.200000762939453,221,316.9850769042969,0.6299999952316284,0.9926844835281372,37.79999923706055,60.0,60.0,564.0,True,False,0.6614276170730591,39.6856575012207,0.6614276170730591,39.685657024383545,LSTM,2,48,64,0.1
test_03,A3,test,3,22.299999237060547,222,316.9850769042969,0.628333330154419,0.9981883764266968,37.70000076293945,60.0,60.0,564.0,True,False,0.6614276170730591,39.6856575012207,0.6659518480300903,39.95711088180542,LSTM,2,48,64,0.1
test_03,A3,test,3,22.399999618530273,223,316.9850769042969,0.6266666650772095,0.9959868788719177,37.599998474121094,60.0,60.0,564.0,True,False,0.6614276170730591,39.6856575012207,0.6662691831588745,39.97615098953247,LSTM,2,48,64,0.1
test_03,A3,test,3,22.5,224,316.9850769042969,0.625,0.9992892146110535,37.5,60.0,60.0,564.0,True,False,0.6614276170730591,39.6856575012207,0.6683171987533569,40.099031925201416,LSTM,2,48,64,0.1
test_03,A3,test,3,22.600000381469727,225,316.9850769042969,0.6233333349227905,0.9981883764266968,37.400001525878906,60.0,60.0,564.0,True,False,0.6614276170730591,39.6856575012207,0.6687245965003967,40.123475790023804,LSTM,2,48,64,0.1
test_03,A3,test,3,22.700000762939453,226,316.9850769042969,0.621666669845581,0.9981883764266968,37.29999923706055,60.0,60.0,564.0,True,False,0.6614276170730591,39.6856575012207,0.6688542366027832,40.13125419616699,LSTM,2,48,64,0.1
test_03,A3,test,3,22.799999237060547,227,316.9850769042969,0.6200000047683716,0.9961440563201904,37.20000076293945,60.0,60.0,564.0,True,False,0.6614276170730591,39.6856575012207,0.6676684617996216,40.060107707977295,LSTM,2,48,64,0.1
test_03,A3,test,3,22.899999618530273,228,316.9850769042969,0.6183332800865173,0.9955150485038757,37.099998474121094,60.0,60.0,564.0,True,False,0.6614276170730591,39.6856575012207,0.6664153337478638,39.984920024871826,LSTM,2,48,64,0.1
test_03,A3,test,3,23.0,229,316.9850769042969,0.6166666746139526,0.9948859810829163,37.0,60.0,60.0,564.0,True,False,0.6614276170730591,39.6856575012207,0.665288507938385,39.9173104763031,LSTM,2,48,64,0.1
test_03,A3,test,3,23.100000381469727,230,316.9850769042969,0.6150000095367432,0.9948859810829163,36.900001525878906,60.0,60.0,564.0,True,False,0.6614276170730591,39.6856575012207,0.6645413041114807,39.87247824668884,LSTM,2,48,64,0.1
test_03,A3,test,3,23.200000762939453,231,316.9850769042969,0.6133333444595337,0.9907974004745483,36.79999923706055,60.0,60.0,564.0,True,False,0.660244882106781,39.61469268798828,0.660244882106781,39.61469292640686,LSTM,2,48,64,0.1
test_03,A3,test,3,23.299999237060547,232,316.9850769042969,0.6116666793823242,0.9904828667640686,36.70000076293945,60.0,60.0,564.0,True,False,0.6576301455497742,39.45780944824219,0.6576301455497742,39.45780873298645,LSTM,2,48,64,0.1
test_03,A3,test,3,23.399999618530273,233,316.9850769042969,0.60999995470047,0.9906400442123413,36.599998474121094,60.0,60.0,564.0,True,False,0.6566475033760071,39.39884948730469,0.6566475033760071,39.398850202560425,LSTM,2,48,64,0.1
test_03,A3,test,3,23.5,234,316.9850769042969,0.6083333492279053,0.9906400442123413,36.5,60.0,60.0,564.0,True,False,0.6556916832923889,39.34149932861328,0.6556916832923889,39.341500997543335,LSTM,2,48,64,0.1
test_03,A3,test,3,23.600000381469727,235,316.9850769042969,0.6066666841506958,0.9906400442123413,36.400001525878906,60.0,60.0,564.0,True,False,0.6550674438476562,39.304046630859375,0.6550674438476562,39.304046630859375,LSTM,2,48,64,0.1
test_03,A3,test,3,23.700000762939453,236,316.9850769042969,0.6049999594688416,0.9895393252372742,36.29999923706055,60.0,60.0,564.0,True,False,0.6533985733985901,39.203914642333984,0.6533985733985901,39.203914403915405,LSTM,2,48,64,0.1
test_03,A3,test,3,23.799999237060547,237,316.9850769042969,0.6033333539962769,0.9873377084732056,36.20000076293945,60.0,60.0,564.0,True,False,0.6503618955612183,39.02171325683594,0.6503618955612183,39.021713733673096,LSTM,2,48,64,0.1
test_03,A3,test,3,23.899999618530273,238,316.9850769042969,0.6016666293144226,0.9860796332359314,36.099998474121094,60.0,60.0,564.0,True,False,0.6472266316413879,38.83359909057617,0.6472266316413879,38.833597898483276,LSTM,2,48,64,0.1
test_03,A3,test,3,24.0,239,316.9850769042969,0.6000000238418579,0.9871804714202881,36.0,60.0,60.0,564.0,True,False,0.6465780735015869,38.79468536376953,0.6465780735015869,38.794684410095215,LSTM,2,48,64,0.1
test_03,A3,test,3,24.100000381469727,240,316.9850769042969,0.5983333587646484,0.984035313129425,35.900001525878906,60.0,60.0,564.0,True,False,0.6430481672286987,38.582889556884766,0.6430481672286987,38.582890033721924,LSTM,2,48,64,0.1
test_03,A3,test,3,24.200000762939453,241,316.9850769042969,0.5966666340827942,0.9818336963653564,35.79999923706055,60.0,60.0,564.0,True,False,0.6388536691665649,38.33121871948242,0.6388536691665649,38.3312201499939,LSTM,2,48,64,0.1
test_03,A3,test,3,24.299999237060547,242,316.9850769042969,0.5950000286102295,0.9862369298934937,35.70000076293945,60.0,60.0,564.0,True,False,0.6388536691665649,38.33121871948242,0.6413239240646362,38.479435443878174,LSTM,2,48,64,0.1
test_03,A3,test,3,24.399999618530273,243,316.9850769042969,0.5933333039283752,0.9862369298934937,35.599998474121094,60.0,60.0,564.0,True,False,0.6388536691665649,38.33121871948242,0.6415243744850159,38.49146246910095,LSTM,2,48,64,0.1
test_03,A3,test,3,24.5,244,316.9850769042969,0.5916666388511658,0.9873377084732056,35.5,60.0,60.0,564.0,True,False,0.6388536691665649,38.33121871948242,0.6422276496887207,38.53365898132324,LSTM,2,48,64,0.1
test_03,A3,test,3,24.600000381469727,245,316.9850769042969,0.5900000333786011,0.9904828667640686,35.400001525878906,60.0,60.0,564.0,True,False,0.6388536691665649,38.33121871948242,0.6449646949768066,38.6978816986084,LSTM,2,48,64,0.1
test_03,A3,test,3,24.700000762939453,246,316.9850769042969,0.5883333086967468,0.9860796332359314,35.29999923706055,60.0,60.0,564.0,True,False,0.6388536691665649,38.33121871948242,0.642281174659729,38.53687047958374,LSTM,2,48,64,0.1
test_03,A3,test,3,24.799999237060547,247,316.9850769042969,0.5866667032241821,0.9873377084732056,35.20000076293945,60.0,60.0,564.0,True,False,0.6388536691665649,38.33121871948242,0.6418991684913635,38.51395010948181,LSTM,2,48,64,0.1
test_03,A3,test,3,24.899999618530273,248,316.9850769042969,0.5849999785423279,0.9862369298934937,35.099998474121094,60.0,60.0,564.0,True,False,0.6388536691665649,38.33121871948242,0.6408500671386719,38.45100402832031,LSTM,2,48,64,0.1
test_03,A3,test,3,25.0,249,316.9850769042969,0.5833333134651184,0.9873377084732056,35.0,60.0,60.0,564.0,True,False,0.6388536691665649,38.33121871948242,0.6414255499839783,38.485532999038696,LSTM,2,48,64,0.1
test_03,A3,test,3,25.100000381469727,250,316.9850769042969,0.5816667079925537,0.9873377084732056,34.900001525878906,60.0,60.0,564.0,True,False,0.6388536691665649,38.33121871948242,0.6414941549301147,38.489649295806885,LSTM,2,48,64,0.1
test_03,A3,test,3,25.200000762939453,251,316.9850769042969,0.5799999833106995,0.9824627637863159,34.79999923706055,60.0,60.0,564.0,True,False,0.6368892192840576,38.21335220336914,0.6368892192840576,38.21335315704346,LSTM,2,48,64,0.1
test_03,A3,test,3,25.299999237060547,252,316.9850769042969,0.57833331823349,0.9720838069915771,34.70000076293945,60.0,60.0,564.0,True,False,0.6236056089401245,37.41633605957031,0.6236056089401245,37.41633653640747,LSTM,2,48,64,0.1
test_03,A3,test,3,25.399999618530273,253,316.9850769042969,0.5766666531562805,0.9730273485183716,34.599998474121094,60.0,60.0,564.0,True,False,0.620695173740387,37.2417106628418,0.620695173740387,37.24171042442322,LSTM,2,48,64,0.1
test_03,A3,test,3,25.5,254,316.9850769042969,0.574999988079071,0.9686242341995239,34.5,60.0,60.0,564.0,True,False,0.6147681474685669,36.88608932495117,0.6147681474685669,36.886088848114014,LSTM,2,48,64,0.1
test_03,A3,test,3,25.600000381469727,255,316.9850769042969,0.5733333826065063,0.9788458347320557,34.400001525878906,60.0,60.0,564.0,True,False,0.6147681474685669,36.88608932495117,0.6223596334457397,37.341578006744385,LSTM,2,48,64,0.1
test_03,A3,test,3,25.700000762939453,256,316.9850769042969,0.5716666579246521,0.9818336963653564,34.29999923706055,60.0,60.0,564.0,True,False,0.6147681474685669,36.88608932495117,0.6243728399276733,37.4623703956604,LSTM,2,48,64,0.1
test_03,A3,test,3,25.799999237060547,257,316.9850769042969,0.5699999928474426,0.9731846451759338,34.20000076293945,60.0,60.0,564.0,True,False,0.6147681474685669,36.88608932495117,0.6188516616821289,37.131099700927734,LSTM,2,48,64,0.1
test_03,A3,test,3,25.899999618530273,258,316.9850769042969,0.5683333277702332,0.9752289652824402,34.099998474121094,60.0,60.0,564.0,True,False,0.6147681474685669,36.88608932495117,0.6177798509597778,37.06679105758667,LSTM,2,48,64,0.1
test_03,A3,test,3,26.0,259,316.9850769042969,0.5666666626930237,0.9774305820465088,34.0,60.0,60.0,564.0,True,False,0.6147681474685669,36.88608932495117,0.6187995076179504,37.127970457077026,LSTM,2,48,64,0.1
test_03,A3,test,3,26.100000381469727,260,316.9850769042969,0.5649999976158142,0.9774305820465088,33.900001525878906,60.0,60.0,564.0,True,False,0.6147681474685669,36.88608932495117,0.6187698841094971,37.126193046569824,LSTM,2,48,64,0.1
test_03,A3,test,3,26.200000762939453,261,316.9850769042969,0.5633333325386047,0.9697249531745911,33.79999923706055,60.0,60.0,564.0,True,False,0.6117552518844604,36.70531463623047,0.6117552518844604,36.70531511306763,LSTM,2,48,64,0.1
test_03,A3,test,3,26.299999237060547,262,316.9850769042969,0.5616666674613953,0.9752289652824402,33.70000076293945,60.0,60.0,564.0,True,False,0.6117552518844604,36.70531463623047,0.6143658757209778,36.86195254325867,LSTM,2,48,64,0.1
test_03,A3,test,3,26.399999618530273,263,316.9850769042969,0.5600000023841858,0.9752289652824402,33.599998474121094,60.0,60.0,564.0,True,False,0.6117552518844604,36.70531463623047,0.6143473386764526,36.86084032058716,LSTM,2,48,64,0.1
test_03,A3,test,3,26.5,264,316.9850769042969,0.5583333373069763,0.9752289652824402,33.5,60.0,60.0,564.0,True,False,0.6117552518844604,36.70531463623047,0.6140854358673096,36.845126152038574,LSTM,2,48,64,0.1
test_03,A3,test,3,26.600000381469727,265,316.9850769042969,0.5566666722297668,0.9730273485183716,33.400001525878906,60.0,60.0,564.0,True,False,0.6117552518844604,36.70531463623047,0.6118664741516113,36.71198844909668,LSTM,2,48,64,0.1
test_03,A3,test,3,26.700000762939453,266,316.9850769042969,0.5550000071525574,0.9632773995399475,33.29999923706055,60.0,60.0,564.0,True,False,0.6016461253166199,36.0987663269043,0.6016461253166199,36.09876751899719,LSTM,2,48,64,0.1
test_03,A3,test,3,26.799999237060547,267,316.9850769042969,0.5533333420753479,0.9774305820465088,33.20000076293945,60.0,60.0,564.0,True,False,0.6016461253166199,36.0987663269043,0.6145452260971069,36.872713565826416,LSTM,2,48,64,0.1
test_03,A3,test,3,26.899999618530273,268,316.9850769042969,0.5516666173934937,0.9752289652824402,33.099998474121094,60.0,60.0,564.0,True,False,0.6016461253166199,36.0987663269043,0.6124047636985779,36.74428582191467,LSTM,2,48,64,0.1
test_03,A3,test,3,27.0,269,316.9850769042969,0.550000011920929,0.9752289652824402,33.0,60.0,60.0,564.0,True,False,0.6016461253166199,36.0987663269043,0.6128387451171875,36.77032470703125,LSTM,2,48,64,0.1
test_03,A3,test,3,27.100000381469727,270,316.9850769042969,0.5483333468437195,0.9719265699386597,32.900001525878906,60.0,60.0,564.0,True,False,0.6016461253166199,36.0987663269043,0.6098354458808899,36.590126752853394,LSTM,2,48,64,0.1
test_03,A3,test,3,27.200000762939453,271,316.9850769042969,0.54666668176651,0.9698823094367981,32.79999923706055,60.0,60.0,564.0,True,False,0.6016461253166199,36.0987663269043,0.6065245866775513,36.391475200653076,LSTM,2,48,64,0.1
test_03,A3,test,3,27.299999237060547,272,316.9850769042969,0.5450000166893005,0.9665799140930176,32.70000076293945,60.0,60.0,564.0,True,False,0.6016461253166199,36.0987663269043,0.6023107767105103,36.138646602630615,LSTM,2,48,64,0.1
test_03,A3,test,3,27.399999618530273,273,316.9850769042969,0.5433332920074463,0.9665799140930176,32.599998474121094,60.0,60.0,564.0,True,False,0.6008110046386719,36.04866027832031,0.6008110046386719,36.04866027832031,LSTM,2,48,64,0.1
test_03,A3,test,3,27.5,274,316.9850769042969,0.5416666865348816,0.9665799140930176,32.5,60.0,60.0,564.0,True,False,0.5994096398353577,35.964576721191406,0.5994096398353577,35.96457839012146,LSTM,2,48,64,0.1
test_03,A3,test,3,27.600000381469727,275,316.9850769042969,0.5400000214576721,0.9681524038314819,32.400001525878906,60.0,60.0,564.0,True,False,0.5994096398353577,35.964576721191406,0.5995950102806091,35.97570061683655,LSTM,2,48,64,0.1
test_03,A3,test,3,27.700000762939453,276,316.9850769042969,0.5383332967758179,0.9679951667785645,32.29999923706055,60.0,60.0,564.0,True,False,0.5991911888122559,35.95146942138672,0.5991911888122559,35.95147132873535,LSTM,2,48,64,0.1
test_03,A3,test,3,27.799999237060547,277,316.9850769042969,0.5366666913032532,0.9664226174354553,32.20000076293945,60.0,60.0,564.0,True,False,0.5976096987724304,35.85658264160156,0.5976096987724304,35.856581926345825,LSTM,2,48,64,0.1
test_03,A3,test,3,27.899999618530273,278,316.9850769042969,0.5349999666213989,0.9632773995399475,32.099998474121094,60.0,60.0,564.0,True,False,0.5939168334007263,35.635009765625,0.5939168334007263,35.63501000404358,LSTM,2,48,64,0.1
test_03,A3,test,3,28.0,279,316.9850769042969,0.5333333611488342,0.9617049694061279,32.0,60.0,60.0,564.0,True,False,0.5910578966140747,35.46347427368164,0.5910578966140747,35.46347379684448,LSTM,2,48,64,0.1
test_03,A3,test,3,28.100000381469727,280,316.9850769042969,0.53166663646698,0.9593459963798523,31.899999618530273,60.0,60.0,564.0,True,False,0.5875491499900818,35.25294876098633,0.5875491499900818,35.25294899940491,LSTM,2,48,64,0.1
test_03,A3,test,3,28.200000762939453,281,316.9850769042969,0.5299999713897705,0.9555719494819641,31.799999237060547,60.0,60.0,564.0,True,False,0.5828162431716919,34.96897506713867,0.5828162431716919,34.968974590301514,LSTM,2,48,64,0.1
test_03,A3,test,3,28.299999237060547,282,316.9850769042969,0.5283333659172058,0.9577735662460327,31.700000762939453,60.0,60.0,564.0,True,False,0.5828162431716919,34.96897506713867,0.5831300020217896,34.98780012130737,LSTM,2,48,64,0.1
test_03,A3,test,3,28.399999618530273,283,316.9850769042969,0.5266667008399963,0.9577735662460327,31.600000381469727,60.0,60.0,564.0,True,False,0.5817856788635254,34.907142639160156,0.5817856788635254,34.90714073181152,LSTM,2,48,64,0.1
test_03,A3,test,3,28.5,284,316.9850769042969,0.5249999761581421,0.9555719494819641,31.5,60.0,60.0,564.0,True,False,0.579246461391449,34.75478744506836,0.579246461391449,34.75478768348694,LSTM,2,48,64,0.1
test_03,A3,test,3,28.600000381469727,285,316.9850769042969,0.5233333110809326,0.9599750638008118,31.399999618530273,60.0,60.0,564.0,True,False,0.579246461391449,34.75478744506836,0.5819247961044312,34.91548776626587,LSTM,2,48,64,0.1
test_03,A3,test,3,28.700000762939453,286,316.9850769042969,0.5216666460037231,0.9579307436943054,31.299999237060547,60.0,60.0,564.0,True,False,0.579246461391449,34.75478744506836,0.5796053409576416,34.776320457458496,LSTM,2,48,64,0.1
test_03,A3,test,3,28.799999237060547,287,316.9850769042969,0.5200000405311584,0.9555719494819641,31.200000762939453,60.0,60.0,564.0,True,False,0.5774010419845581,34.64406204223633,0.5774010419845581,34.644062519073486,LSTM,2,48,64,0.1
test_03,A3,test,3,28.899999618530273,288,316.9850769042969,0.5183333158493042,0.9524267315864563,31.100000381469727,60.0,60.0,564.0,True,False,0.5740099549293518,34.44059753417969,0.5740099549293518,34.44059729576111,LSTM,2,48,64,0.1
test_03,A3,test,3,29.0,289,316.9850769042969,0.5166666507720947,0.9480236172676086,31.0,60.0,60.0,564.0,True,False,0.5688772201538086,34.132633209228516,0.5688772201538086,34.132633209228516,LSTM,2,48,64,0.1
test_03,A3,test,3,29.100000381469727,290,316.9850769042969,0.5149999856948853,0.9401608109474182,30.899999618530273,60.0,60.0,564.0,True,False,0.559664785861969,33.57988739013672,0.559664785861969,33.57988715171814,LSTM,2,48,64,0.1
test_03,A3,test,3,29.200000762939453,291,316.9850769042969,0.5133333206176758,0.9478663206100464,30.799999237060547,60.0,60.0,564.0,True,False,0.559664785861969,33.57988739013672,0.5656061172485352,33.93636703491211,LSTM,2,48,64,0.1
test_03,A3,test,3,29.299999237060547,292,316.9850769042969,0.5116666555404663,0.9489671587944031,30.700000762939453,60.0,60.0,564.0,True,False,0.559664785861969,33.57988739013672,0.5647384524345398,33.88430714607239,LSTM,2,48,64,0.1
test_03,A3,test,3,29.399999618530273,293,316.9850769042969,0.5099999904632568,0.9434632062911987,30.600000381469727,60.0,60.0,564.0,True,False,0.559664785861969,33.57988739013672,0.5600076913833618,33.60046148300171,LSTM,2,48,64,0.1
test_03,A3,test,3,29.5,294,316.9850769042969,0.5083333253860474,0.9401608109474182,30.5,60.0,60.0,564.0,True,False,0.5558843612670898,33.35306167602539,0.5558843612670898,33.35306167602539,LSTM,2,48,64,0.1
test_03,A3,test,3,29.600000381469727,295,316.9850769042969,0.5066666603088379,0.9392172694206238,30.399999618530273,60.0,60.0,564.0,True,False,0.5533879995346069,33.20328140258789,0.5533879995346069,33.203279972076416,LSTM,2,48,64,0.1
test_03,A3,test,3,29.700000762939453,296,316.9850769042969,0.5049999952316284,0.9371728301048279,30.299999237060547,60.0,60.0,564.0,True,False,0.5506433248519897,33.03860092163086,0.5506433248519897,33.038599491119385,LSTM,2,48,64,0.1
test_03,A3,test,3,29.799999237060547,297,316.9850769042969,0.503333330154419,0.9371728301048279,30.200000762939453,60.0,60.0,564.0,True,False,0.5492061376571655,32.952369689941406,0.5492061376571655,32.95236825942993,LSTM,2,48,64,0.1
test_03,A3,test,3,29.899999618530273,298,316.9850769042969,0.5016666650772095,0.9337132573127747,30.100000381469727,60.0,60.0,564.0,True,False,0.5450560450553894,32.70336151123047,0.5450560450553894,32.703362703323364,LSTM,2,48,64,0.1
test_03,A3,test,3,30.0,299,316.9850769042969,0.5,0.931511640548706,30.0,60.0,60.0,564.0,True,False,0.5421133041381836,32.526798248291016,0.5421133041381836,32.526798248291016,LSTM,2,48,64,0.1
test_03,A3,test,3,30.100000381469727,300,316.9850769042969,0.4983333349227905,0.9332415461540222,29.899999618530273,60.0,60.0,564.0,True,False,0.5418567061424255,32.51140213012695,0.5418567061424255,32.51140236854553,LSTM,2,48,64,0.1
test_03,A3,test,3,30.200000762939453,301,316.9850769042969,0.49666664004325867,0.9337132573127747,29.799999237060547,60.0,60.0,564.0,True,False,0.5409495830535889,32.456974029541016,0.5409495830535889,32.45697498321533,LSTM,2,48,64,0.1
test_03,A3,test,3,30.299999237060547,302,316.9850769042969,0.4950000047683716,0.9338704943656921,29.700000762939453,60.0,60.0,564.0,True,False,0.5403030514717102,32.418182373046875,0.5403030514717102,32.41818308830261,LSTM,2,48,64,0.1
test_03,A3,test,3,30.399999618530273,303,316.9850769042969,0.4933333396911621,0.9338704943656921,29.600000381469727,60.0,60.0,564.0,True,False,0.5399320125579834,32.39591979980469,0.5399320125579834,32.395920753479004,LSTM,2,48,64,0.1
test_03,A3,test,3,30.5,304,316.9850769042969,0.49166667461395264,0.9322980046272278,29.5,60.0,60.0,564.0,True,False,0.5386756658554077,32.32054138183594,0.5386756658554077,32.32053995132446,LSTM,2,48,64,0.1
test_03,A3,test,3,30.600000381469727,305,316.9850769042969,0.4899999797344208,0.9311971664428711,29.399999618530273,60.0,60.0,564.0,True,False,0.5373553037643433,32.24131774902344,0.5373553037643433,32.241318225860596,LSTM,2,48,64,0.1
test_03,A3,test,3,30.700000762939453,306,316.9850769042969,0.4883333146572113,0.9305680990219116,29.299999237060547,60.0,60.0,564.0,True,False,0.536027193069458,32.1616325378418,0.536027193069458,32.16163158416748,LSTM,2,48,64,0.1
test_03,A3,test,3,30.799999237060547,307,316.9850769042969,0.4866666793823242,0.926164984703064,29.200000762939453,60.0,60.0,564.0,True,False,0.5321955680847168,31.931734085083008,0.5321955680847168,31.931734085083008,LSTM,2,48,64,0.1
test_03,A3,test,3,30.899999618530273,308,316.9850769042969,0.48500001430511475,0.926164984703064,29.100000381469727,60.0,60.0,564.0,True,False,0.5319700837135315,31.91820526123047,0.5319700837135315,31.91820502281189,LSTM,2,48,64,0.1
test_03,A3,test,3,31.0,309,316.9850769042969,0.4833333194255829,0.926164984703064,29.0,60.0,60.0,564.0,True,False,0.5311099886894226,31.866600036621094,0.5311099886894226,31.866599321365356,LSTM,2,48,64,0.1
test_03,A3,test,3,31.100000381469727,310,316.9850769042969,0.4816666543483734,0.9305680990219116,28.899999618530273,60.0,60.0,564.0,True,False,0.5311099886894226,31.866600036621094,0.5336800813674927,32.02080488204956,LSTM,2,48,64,0.1
test_03,A3,test,3,31.200000762939453,311,316.9850769042969,0.47999998927116394,0.9283666014671326,28.799999237060547,60.0,60.0,564.0,True,False,0.5309215188026428,31.85529136657715,0.5309215188026428,31.85529112815857,LSTM,2,48,64,0.1
test_03,A3,test,3,31.299999237060547,312,316.9850769042969,0.47833335399627686,0.926164984703064,28.700000762939453,60.0,60.0,564.0,True,False,0.5297137498855591,31.782825469970703,0.5297137498855591,31.782824993133545,LSTM,2,48,64,0.1
test_03,A3,test,3,31.399999618530273,313,316.9850769042969,0.476666659116745,0.9283666014671326,28.600000381469727,60.0,60.0,564.0,True,False,0.5297137498855591,31.782825469970703,0.5311413407325745,31.868480443954468,LSTM,2,48,64,0.1
test_03,A3,test,3,31.5,314,316.9850769042969,0.4749999940395355,0.926164984703064,28.5,60.0,60.0,564.0,True,False,0.5289093255996704,31.734560012817383,0.5289093255996704,31.734559535980225,LSTM,2,48,64,0.1
test_03,A3,test,3,31.600000381469727,315,316.9850769042969,0.47333332896232605,0.9250640869140625,28.399999618530273,60.0,60.0,564.0,True,False,0.5286616086959839,31.719696044921875,0.5286616086959839,31.719696521759033,LSTM,2,48,64,0.1
test_03,A3,test,3,31.700000762939453,316,316.9850769042969,0.4716666638851166,0.9228625893592834,28.299999237060547,60.0,60.0,564.0,True,False,0.5265821814537048,31.59493064880371,0.5265821814537048,31.59493088722229,LSTM,2,48,64,0.1
test_03,A3,test,3,31.799999237060547,317,316.9850769042969,0.4699999988079071,0.9217617511749268,28.200000762939453,60.0,60.0,564.0,True,False,0.5252596139907837,31.51557731628418,0.5252596139907837,31.51557683944702,LSTM,2,48,64,0.1
test_03,A3,test,3,31.899999618530273,318,316.9850769042969,0.46833333373069763,0.9228625893592834,28.100000381469727,60.0,60.0,564.0,True,False,0.5252596139907837,31.51557731628418,0.5254229307174683,31.525375843048096,LSTM,2,48,64,0.1
test_03,A3,test,3,32.0,319,316.9850769042969,0.46666666865348816,0.9217617511749268,28.0,60.0,60.0,564.0,True,False,0.5237738490104675,31.42643165588379,0.5237738490104675,31.42643094062805,LSTM,2,48,64,0.1
test_03,A3,test,3,32.099998474121094,320,316.9850769042969,0.4650000035762787,0.9173586368560791,27.899999618530273,60.0,60.0,564.0,True,False,0.5206059217453003,31.23635482788086,0.5206059217453003,31.236355304718018,LSTM,2,48,64,0.1
test_03,A3,test,3,32.20000076293945,321,316.9850769042969,0.4633333086967468,0.9173586368560791,27.799999237060547,60.0,60.0,564.0,True,False,0.5205853581428528,31.23512077331543,0.5205853581428528,31.235121488571167,LSTM,2,48,64,0.1
test_03,A3,test,3,32.29999923706055,322,316.9850769042969,0.46166667342185974,0.9173586368560791,27.700000762939453,60.0,60.0,564.0,True,False,0.5193464756011963,31.160789489746094,0.5193464756011963,31.160788536071777,LSTM,2,48,64,0.1
test_03,A3,test,3,32.400001525878906,323,316.9850769042969,0.46000000834465027,0.9173586368560791,27.600000381469727,60.0,60.0,564.0,True,False,0.5181818008422852,31.09090805053711,0.5181818008422852,31.09090805053711,LSTM,2,48,64,0.1
test_03,A3,test,3,32.5,324,316.9850769042969,0.4583333432674408,0.9162578582763672,27.5,60.0,60.0,564.0,True,False,0.5172023773193359,31.032142639160156,0.5172023773193359,31.032142639160156,LSTM,2,48,64,0.1
test_03,A3,test,3,32.599998474121094,325,316.9850769042969,0.45666664838790894,0.9162578582763672,27.399999618530273,60.0,60.0,564.0,True,False,0.5169140100479126,31.014841079711914,0.5169140100479126,31.014840602874756,LSTM,2,48,64,0.1
test_03,A3,test,3,32.70000076293945,326,316.9850769042969,0.45499998331069946,0.9175158143043518,27.299999237060547,60.0,60.0,564.0,True,False,0.5169140100479126,31.014841079711914,0.5171012878417969,31.026077270507812,LSTM,2,48,64,0.1
test_03,A3,test,3,32.79999923706055,327,316.9850769042969,0.4533333480358124,0.9140562415122986,27.200000762939453,60.0,60.0,564.0,True,False,0.5146215558052063,30.87729263305664,0.5146215558052063,30.877293348312378,LSTM,2,48,64,0.1
test_03,A3,test,3,32.900001525878906,328,316.9850769042969,0.4516666829586029,0.9162578582763672,27.100000381469727,60.0,60.0,564.0,True,False,0.5146215558052063,30.87729263305664,0.516543984413147,30.99263906478882,LSTM,2,48,64,0.1
test_03,A3,test,3,33.0,329,316.9850769042969,0.44999998807907104,0.9172012805938721,27.0,60.0,60.0,564.0,True,False,0.5146215558052063,30.87729263305664,0.5157805681228638,30.946834087371826,LSTM,2,48,64,0.1
test_03,A3,test,3,33.099998474121094,330,316.9850769042969,0.4483333230018616,0.9189310669898987,26.899999618530273,60.0,60.0,564.0,True,False,0.5146215558052063,30.87729263305664,0.5165882706642151,30.995296239852905,LSTM,2,48,64,0.1
test_03,A3,test,3,33.20000076293945,331,316.9850769042969,0.4466666579246521,0.9217617511749268,26.799999237060547,60.0,60.0,564.0,True,False,0.5146215558052063,30.87729263305664,0.5179755687713623,31.07853412628174,LSTM,2,48,64,0.1
test_03,A3,test,3,33.29999923706055,332,316.9850769042969,0.445000022649765,0.9195602536201477,26.700000762939453,60.0,60.0,564.0,True,False,0.5146215558052063,30.87729263305664,0.5169292092323303,31.01575255393982,LSTM,2,48,64,0.1
test_03,A3,test,3,33.400001525878906,333,316.9850769042969,0.44333332777023315,0.9195602536201477,26.600000381469727,60.0,60.0,564.0,True,False,0.5146215558052063,30.87729263305664,0.5179844498634338,31.07906699180603,LSTM,2,48,64,0.1
test_03,A3,test,3,33.5,334,316.9850769042969,0.4416666626930237,0.9228625893592834,26.5,60.0,60.0,564.0,True,False,0.5146215558052063,30.87729263305664,0.520581841468811,31.234910488128662,LSTM,2,48,64,0.1
test_03,A3,test,3,33.599998474121094,335,316.9850769042969,0.4399999976158142,0.9175158143043518,26.399999618530273,60.0,60.0,564.0,True,False,0.5146215558052063,30.87729263305664,0.5169728398323059,31.018370389938354,LSTM,2,48,64,0.1
test_03,A3,test,3,33.70000076293945,336,316.9850769042969,0.43833333253860474,0.9175158143043518,26.299999237060547,60.0,60.0,564.0,True,False,0.5146215558052063,30.87729263305664,0.5179591774940491,31.077550649642944,LSTM,2,48,64,0.1
test_03,A3,test,3,33.79999923706055,337,316.9850769042969,0.43666666746139526,0.9131126999855042,26.200000762939453,60.0,60.0,564.0,True,False,0.5139593482017517,30.837560653686523,0.5139593482017517,30.837560892105103,LSTM,2,48,64,0.1
test_03,A3,test,3,33.900001525878906,338,316.9850769042969,0.4350000023841858,0.9085522294044495,26.100000381469727,60.0,60.0,564.0,True,False,0.5105503797531128,30.63302230834961,0.5105503797531128,30.633022785186768,LSTM,2,48,64,0.1
test_03,A3,test,3,34.0,339,316.9850769042969,0.4333333373069763,0.9107538461685181,26.0,60.0,60.0,564.0,True,False,0.5105503797531128,30.63302230834961,0.5123324394226074,30.739946365356445,LSTM,2,48,64,0.1
test_03,A3,test,3,34.099998474121094,340,316.9850769042969,0.43166667222976685,0.9052498936653137,25.899999618530273,60.0,60.0,564.0,True,False,0.5069669485092163,30.41801643371582,0.5069669485092163,30.41801691055298,LSTM,2,48,64,0.1
test_03,A3,test,3,34.20000076293945,341,316.9850769042969,0.429999977350235,0.9021046757698059,25.799999237060547,60.0,60.0,564.0,True,False,0.5049520134925842,30.297121047973633,0.5049520134925842,30.297120809555054,LSTM,2,48,64,0.1
test_03,A3,test,3,34.29999923706055,342,316.9850769042969,0.4283333420753479,0.8999030590057373,25.700000762939453,60.0,60.0,564.0,True,False,0.5024769306182861,30.148616790771484,0.5024769306182861,30.148615837097168,LSTM,2,48,64,0.1
test_03,A3,test,3,34.400001525878906,343,316.9850769042969,0.4266666769981384,0.8954999446868896,25.600000381469727,60.0,60.0,564.0,True,False,0.49857228994369507,29.914337158203125,0.49857228994369507,29.914337396621704,LSTM,2,48,64,0.1
test_03,A3,test,3,34.5,344,316.9850769042969,0.42500001192092896,0.8966007232666016,25.5,60.0,60.0,564.0,True,False,0.49857228994369507,29.914337158203125,0.49975746870040894,29.985448122024536,LSTM,2,48,64,0.1
test_03,A3,test,3,34.599998474121094,345,316.9850769042969,0.4233333170413971,0.893298327922821,25.399999618530273,60.0,60.0,564.0,True,False,0.49533864855766296,29.720319747924805,0.49533864855766296,29.720318913459778,LSTM,2,48,64,0.1
test_03,A3,test,3,34.70000076293945,346,316.9850769042969,0.4216666519641876,0.8899959921836853,25.299999237060547,60.0,60.0,564.0,True,False,0.49273067712783813,29.563840866088867,0.49273067712783813,29.563840627670288,LSTM,2,48,64,0.1
test_03,A3,test,3,34.79999923706055,347,316.9850769042969,0.42000001668930054,0.8873226046562195,25.200000762939453,60.0,60.0,564.0,True,False,0.49026378989219666,29.41582679748535,0.49026378989219666,29.4158273935318,LSTM,2,48,64,0.1
test_03,A3,test,3,34.900001525878906,348,316.9850769042969,0.41833335161209106,0.8849638104438782,25.100000381469727,60.0,60.0,564.0,True,False,0.4878501296043396,29.271007537841797,0.4878501296043396,29.271007776260376,LSTM,2,48,64,0.1
test_03,A3,test,3,35.0,349,316.9850769042969,0.4166666567325592,0.8824476599693298,25.0,60.0,60.0,564.0,True,False,0.48530179262161255,29.118106842041016,0.48530179262161255,29.118107557296753,LSTM,2,48,64,0.1
test_03,A3,test,3,35.099998474121094,350,316.9850769042969,0.41499999165534973,0.8659356236457825,24.899999618530273,60.0,60.0,564.0,True,False,0.47025126218795776,28.215076446533203,0.47025126218795776,28.215075731277466,LSTM,2,48,64,0.1
test_03,A3,test,3,35.20000076293945,351,316.9850769042969,0.41333332657814026,0.8585447072982788,24.799999237060547,60.0,60.0,564.0,True,False,0.46832796931266785,28.09967803955078,0.46832796931266785,28.09967815876007,LSTM,2,48,64,0.1
test_03,A3,test,3,35.29999923706055,352,316.9850769042969,0.4116666913032532,0.8591737151145935,24.700000762939453,60.0,60.0,564.0,True,False,0.46832796931266785,28.09967803955078,0.46935126185417175,28.161075711250305,LSTM,2,48,64,0.1
test_03,A3,test,3,35.400001525878906,353,316.9850769042969,0.4099999964237213,0.8620043396949768,24.600000381469727,60.0,60.0,564.0,True,False,0.46832796931266785,28.09967803955078,0.4692198634147644,28.153191804885864,LSTM,2,48,64,0.1
test_03,A3,test,3,35.5,354,316.9850769042969,0.40833333134651184,0.8725404739379883,24.5,60.0,60.0,564.0,True,False,0.46832796931266785,28.09967803955078,0.4746158719062805,28.47695231437683,LSTM,2,48,64,0.1
test_03,A3,test,3,35.599998474121094,355,316.9850769042969,0.40666666626930237,0.8747420907020569,24.399999618530273,60.0,60.0,564.0,True,False,0.46832796931266785,28.09967803955078,0.4699585735797882,28.197514414787292,LSTM,2,48,64,0.1
test_03,A3,test,3,35.70000076293945,356,316.9850769042969,0.4050000011920929,0.8659356236457825,24.299999237060547,60.0,60.0,564.0,True,False,0.46528762578964233,27.91725730895996,0.46528762578964233,27.91725754737854,LSTM,2,48,64,0.1
test_03,A3,test,3,35.79999923706055,357,316.9850769042969,0.4033333361148834,0.8704962134361267,24.200000762939453,60.0,60.0,564.0,True,False,0.46528762578964233,27.91725730895996,0.4729487895965576,28.376927375793457,LSTM,2,48,64,0.1
test_03,A3,test,3,35.900001525878906,358,316.9850769042969,0.40166667103767395,0.8659356236457825,24.100000381469727,60.0,60.0,564.0,True,False,0.46528762578964233,27.91725730895996,0.4668732285499573,28.012393712997437,LSTM,2,48,64,0.1
test_03,A3,test,3,36.0,359,316.9850769042969,0.4000000059604645,0.8583875298500061,24.0,60.0,60.0,564.0,True,False,0.46312883496284485,27.787729263305664,0.46312883496284485,27.78773009777069,LSTM,2,48,64,0.1
test_03,A3,test,3,36.099998474121094,360,316.9850769042969,0.398333340883255,0.855085015296936,23.899999618530273,60.0,60.0,564.0,True,False,0.46285581588745117,27.77134895324707,0.46285581588745117,27.77134895324707,LSTM,2,48,64,0.1
test_03,A3,test,3,36.20000076293945,361,316.9850769042969,0.39666664600372314,0.8484803438186646,23.799999237060547,60.0,60.0,564.0,True,False,0.45750367641448975,27.450220108032227,0.45750367641448975,27.450220584869385,LSTM,2,48,64,0.1
test_03,A3,test,3,36.29999923706055,362,316.9850769042969,0.39500001072883606,0.8429763317108154,23.700000762939453,60.0,60.0,564.0,True,False,0.45439738035202026,27.263843536376953,0.45439738035202026,27.263842821121216,LSTM,2,48,64,0.1
test_03,A3,test,3,36.400001525878906,363,316.9850769042969,0.3933333456516266,0.8396739363670349,23.600000381469727,60.0,60.0,564.0,True,False,0.4526500403881073,27.15900230407715,0.4526500403881073,27.159002423286438,LSTM,2,48,64,0.1
test_03,A3,test,3,36.5,364,316.9850769042969,0.3916666805744171,0.8341699242591858,23.5,60.0,60.0,564.0,True,False,0.44812941551208496,26.88776397705078,0.44812941551208496,26.887764930725098,LSTM,2,48,64,0.1
test_03,A3,test,3,36.599998474121094,365,316.9850769042969,0.38999998569488525,0.8321255445480347,23.399999618530273,60.0,60.0,564.0,True,False,0.4480804204940796,26.884824752807617,0.4480804204940796,26.884825229644775,LSTM,2,48,64,0.1
test_03,A3,test,3,36.70000076293945,366,316.9850769042969,0.3883333206176758,0.8288231492042542,23.299999237060547,60.0,60.0,564.0,True,False,0.44450289011001587,26.67017364501953,0.44450289011001587,26.670173406600952,LSTM,2,48,64,0.1
test_03,A3,test,3,36.79999923706055,367,316.9850769042969,0.3866666853427887,0.8266215920448303,23.200000762939453,60.0,60.0,564.0,True,False,0.44318312406539917,26.590988159179688,0.44318312406539917,26.59098744392395,LSTM,2,48,64,0.1
test_03,A3,test,3,36.900001525878906,368,316.9850769042969,0.3850000202655792,0.8233193159103394,23.100000381469727,60.0,60.0,564.0,True,False,0.4404030740261078,26.424184799194336,0.4404030740261078,26.424184441566467,LSTM,2,48,64,0.1
test_03,A3,test,3,37.0,369,316.9850769042969,0.38333332538604736,0.8222184181213379,23.0,60.0,60.0,564.0,True,False,0.4402390420436859,26.414342880249023,0.4402390420436859,26.414342522621155,LSTM,2,48,64,0.1
test_03,A3,test,3,37.099998474121094,370,316.9850769042969,0.3816666603088379,0.8233193159103394,22.899999618530273,60.0,60.0,564.0,True,False,0.4402390420436859,26.414342880249023,0.4406021237373352,26.436127424240112,LSTM,2,48,64,0.1
test_03,A3,test,3,37.20000076293945,371,316.9850769042969,0.3799999952316284,0.8222184181213379,22.799999237060547,60.0,60.0,564.0,True,False,0.43809545040130615,26.28572654724121,0.43809545040130615,26.28572702407837,LSTM,2,48,64,0.1
test_03,A3,test,3,37.29999923706055,372,316.9850769042969,0.37833335995674133,0.8250490427017212,22.700000762939453,60.0,60.0,564.0,True,False,0.43809545040130615,26.28572654724121,0.4410003423690796,26.460020542144775,LSTM,2,48,64,0.1
test_03,A3,test,3,37.400001525878906,373,316.9850769042969,0.3766666650772095,0.828036904335022,22.600000381469727,60.0,60.0,564.0,True,False,0.43809545040130615,26.28572654724121,0.44067126512527466,26.44027590751648,LSTM,2,48,64,0.1
test_03,A3,test,3,37.5,374,316.9850769042969,0.375,0.8288231492042542,22.5,60.0,60.0,564.0,True,False,0.43809545040130615,26.28572654724121,0.43921226263046265,26.35273575782776,LSTM,2,48,64,0.1
test_03,A3,test,3,37.599998474121094,375,316.9850769042969,0.3733333349227905,0.8233193159103394,22.399999618530273,60.0,60.0,564.0,True,False,0.4357951581478119,26.147708892822266,0.4357951581478119,26.147709488868713,LSTM,2,48,64,0.1
test_03,A3,test,3,37.70000076293945,376,316.9850769042969,0.37166664004325867,0.8149847388267517,22.299999237060547,60.0,60.0,564.0,True,False,0.4329330027103424,25.975980758666992,0.4329330027103424,25.975980162620544,LSTM,2,48,64,0.1
test_03,A3,test,3,37.79999923706055,377,316.9850769042969,0.3700000047683716,0.8110532164573669,22.200000762939453,60.0,60.0,564.0,True,False,0.4329330027103424,25.975980758666992,0.43369466066360474,26.021679639816284,LSTM,2,48,64,0.1
test_03,A3,test,3,37.900001525878906,378,316.9850769042969,0.3683333396911621,0.8079081177711487,22.100000381469727,60.0,60.0,564.0,True,False,0.431548535823822,25.892911911010742,0.431548535823822,25.89291214942932,LSTM,2,48,64,0.1
test_03,A3,test,3,38.0,379,316.9850769042969,0.36666667461395264,0.8047629594802856,22.0,60.0,60.0,564.0,True,False,0.42931851744651794,25.759111404418945,0.42931851744651794,25.759111046791077,LSTM,2,48,64,0.1
test_03,A3,test,3,38.099998474121094,380,316.9850769042969,0.3649999797344208,0.8027186393737793,21.899999618530273,60.0,60.0,564.0,True,False,0.42833212018013,25.699926376342773,0.42833212018013,25.6999272108078,LSTM,2,48,64,0.1
test_03,A3,test,3,38.20000076293945,381,316.9850769042969,0.3633333146572113,0.8058638572692871,21.799999237060547,60.0,60.0,564.0,True,False,0.42833212018013,25.699926376342773,0.43094179034233093,25.856507420539856,LSTM,2,48,64,0.1
test_03,A3,test,3,38.29999923706055,382,316.9850769042969,0.3616666793823242,0.7992590069770813,21.700000762939453,60.0,60.0,564.0,True,False,0.4223707616329193,25.34224510192871,0.4223707616329193,25.34224569797516,LSTM,2,48,64,0.1
test_03,A3,test,3,38.400001525878906,383,316.9850769042969,0.36000001430511475,0.7969001531600952,21.600000381469727,60.0,60.0,564.0,True,False,0.4223707616329193,25.34224510192871,0.42461031675338745,25.476619005203247,LSTM,2,48,64,0.1
test_03,A3,test,3,38.5,384,316.9850769042969,0.3583333194255829,0.7924970388412476,21.5,60.0,60.0,564.0,True,False,0.42107975482940674,25.264785766601562,0.42107975482940674,25.264785289764404,LSTM,2,48,64,0.1
test_03,A3,test,3,38.599998474121094,385,316.9850769042969,0.3566666543483734,0.7902953028678894,21.399999618530273,60.0,60.0,564.0,True,False,0.42107975482940674,25.264785766601562,0.42127832770347595,25.276699662208557,LSTM,2,48,64,0.1
test_03,A3,test,3,38.70000076293945,386,316.9850769042969,0.35499998927116394,0.7880937457084656,21.299999237060547,60.0,60.0,564.0,True,False,0.41977348923683167,25.18640899658203,0.41977348923683167,25.1864093542099,LSTM,2,48,64,0.1
test_03,A3,test,3,38.79999923706055,387,316.9850769042969,0.35333335399627686,0.7869930267333984,21.200000762939453,60.0,60.0,564.0,True,False,0.4191860854625702,25.151165008544922,0.4191860854625702,25.15116512775421,LSTM,2,48,64,0.1
test_03,A3,test,3,38.900001525878906,388,316.9850769042969,0.351666659116745,0.7902953028678894,21.100000381469727,60.0,60.0,564.0,True,False,0.4191860854625702,25.151165008544922,0.4214392900466919,25.286357402801514,LSTM,2,48,64,0.1
test_03,A3,test,3,39.0,389,316.9850769042969,0.3499999940395355,0.7969001531600952,21.0,60.0,60.0,564.0,True,False,0.4191860854625702,25.151165008544922,0.4229871332645416,25.379227995872498,LSTM,2,48,64,0.1
test_03,A3,test,3,39.099998474121094,390,316.9850769042969,0.34833332896232605,0.802561342716217,20.899999618530273,60.0,60.0,564.0,True,False,0.4191860854625702,25.151165008544922,0.4226735532283783,25.360413193702698,LSTM,2,48,64,0.1
test_03,A3,test,3,39.20000076293945,391,316.9850769042969,0.3466666638851166,0.7992590069770813,20.799999237060547,60.0,60.0,564.0,True,False,0.4183720052242279,25.102319717407227,0.4183720052242279,25.102320313453674,LSTM,2,48,64,0.1
test_03,A3,test,3,39.29999923706055,392,316.9850769042969,0.3449999988079071,0.7869930267333984,20.700000762939453,60.0,60.0,564.0,True,False,0.4129488170146942,24.77692985534668,0.4129488170146942,24.776929020881653,LSTM,2,48,64,0.1
test_03,A3,test,3,39.400001525878906,393,316.9850769042969,0.34333333373069763,0.7814890742301941,20.600000381469727,60.0,60.0,564.0,True,False,0.4129488170146942,24.77692985534668,0.4162047803401947,24.972286820411682,LSTM,2,48,64,0.1
test_03,A3,test,3,39.5,394,316.9850769042969,0.34166666865348816,0.7792874574661255,20.5,60.0,60.0,564.0,True,False,0.4129488170146942,24.77692985534668,0.4159541726112366,24.957250356674194,LSTM,2,48,64,0.1
test_03,A3,test,3,39.599998474121094,395,316.9850769042969,0.3400000035762787,0.7761422395706177,20.399999618530273,60.0,60.0,564.0,True,False,0.4129488170146942,24.77692985534668,0.4132028818130493,24.79217290878296,LSTM,2,48,64,0.1
test_03,A3,test,3,39.70000076293945,396,316.9850769042969,0.3383333086967468,0.7750415802001953,20.299999237060547,60.0,60.0,564.0,True,False,0.4129488170146942,24.77692985534668,0.4133816361427307,24.802898168563843,LSTM,2,48,64,0.1
test_03,A3,test,3,39.79999923706055,397,316.9850769042969,0.33666667342185974,0.771267294883728,20.200000762939453,60.0,60.0,564.0,True,False,0.4094955325126648,24.569732666015625,0.4094955325126648,24.569731950759888,LSTM,2,48,64,0.1
test_03,A3,test,3,39.900001525878906,398,316.9850769042969,0.33500000834465027,0.7673360109329224,20.100000381469727,60.0,60.0,564.0,True,False,0.408180296421051,24.49081802368164,0.408180296421051,24.49081778526306,LSTM,2,48,64,0.1
test_03,A3,test,3,40.0,399,316.9850769042969,0.3333333432674408,0.7619892358779907,20.0,60.0,60.0,564.0,True,False,0.4051567316055298,24.309404373168945,0.4051567316055298,24.309403896331787,LSTM,2,48,64,0.1
test_03,A3,test,3,40.099998474121094,400,316.9850769042969,0.33166664838790894,0.7586867809295654,19.899999618530273,60.0,60.0,564.0,True,False,0.40492165088653564,24.295299530029297,0.40492165088653564,24.29529905319214,LSTM,2,48,64,0.1
test_03,A3,test,3,40.20000076293945,401,316.9850769042969,0.32999998331069946,0.7577432990074158,19.799999237060547,60.0,60.0,564.0,True,False,0.40492165088653564,24.295299530029297,0.4050200283527374,24.301201701164246,LSTM,2,48,64,0.1
test_03,A3,test,3,40.29999923706055,402,316.9850769042969,0.3283333480358124,0.7566424012184143,19.700000762939453,60.0,60.0,564.0,True,False,0.4032122492790222,24.19273567199707,0.4032122492790222,24.192734956741333,LSTM,2,48,64,0.1
test_03,A3,test,3,40.400001525878906,403,316.9850769042969,0.3266666829586029,0.7553845047950745,19.600000381469727,60.0,60.0,564.0,True,False,0.40207111835479736,24.124267578125,0.40207111835479736,24.124267101287842,LSTM,2,48,64,0.1
test_03,A3,test,3,40.5,404,316.9850769042969,0.32499998807907104,0.7553845047950745,19.5,60.0,60.0,564.0,True,False,0.4020015597343445,24.120094299316406,0.4020015597343445,24.12009358406067,LSTM,2,48,64,0.1
test_03,A3,test,3,40.599998474121094,405,316.9850769042969,0.3233333230018616,0.7608883380889893,19.399999618530273,60.0,60.0,564.0,True,False,0.4020015597343445,24.120094299316406,0.4061080813407898,24.366484880447388,LSTM,2,48,64,0.1
test_03,A3,test,3,40.70000076293945,406,316.9850769042969,0.3216666579246521,0.7596304416656494,19.299999237060547,60.0,60.0,564.0,True,False,0.4000801742076874,24.004810333251953,0.4000801742076874,24.004810452461243,LSTM,2,48,64,0.1
test_03,A3,test,3,40.79999923706055,407,316.9850769042969,0.320000022649765,0.7607311606407166,19.200000762939453,60.0,60.0,564.0,True,False,0.4000801742076874,24.004810333251953,0.40311068296432495,24.186640977859497,LSTM,2,48,64,0.1
test_03,A3,test,3,40.900001525878906,408,316.9850769042969,0.31833332777023315,0.7575860619544983,19.100000381469727,60.0,60.0,564.0,True,False,0.39989104866981506,23.99346351623535,0.39989104866981506,23.993462920188904,LSTM,2,48,64,0.1
test_03,A3,test,3,41.0,409,316.9850769042969,0.3166666626930237,0.7531829476356506,19.0,60.0,60.0,564.0,True,False,0.3992537558078766,23.955224990844727,0.3992537558078766,23.955225348472595,LSTM,2,48,64,0.1
test_03,A3,test,3,41.099998474121094,410,316.9850769042969,0.3149999976158142,0.7836906313896179,18.899999618530273,60.0,60.0,564.0,True,False,0.3992537558078766,23.955224990844727,0.43424487113952637,26.054692268371582,LSTM,2,48,64,0.1
test_03,A3,test,3,41.20000076293945,411,316.9850769042969,0.31333333253860474,0.800359845161438,18.799999237060547,60.0,60.0,564.0,True,False,0.3992537558078766,23.955224990844727,0.4083196520805359,24.499179124832153,LSTM,2,48,64,0.1
test_03,A3,test,3,41.29999923706055,412,316.9850769042969,0.31166666746139526,0.7992590069770813,18.700000762939453,60.0,60.0,564.0,True,False,0.3992537558078766,23.955224990844727,0.40071046352386475,24.042627811431885,LSTM,2,48,64,0.1
test_03,A3,test,3,41.400001525878906,413,316.9850769042969,0.3100000023841858,0.7816462516784668,18.600000381469727,60.0,60.0,564.0,True,False,0.3977472186088562,23.86483383178711,0.3977472186088562,23.864833116531372,LSTM,2,48,64,0.1
test_03,A3,test,3,41.5,414,316.9850769042969,0.3083333373069763,0.7728398442268372,18.5,60.0,60.0,564.0,True,False,0.3977472186088562,23.86483383178711,0.40664270520210266,24.39856231212616,LSTM,2,48,64,0.1
test_03,A3,test,3,41.599998474121094,415,316.9850769042969,0.30666667222976685,0.7531829476356506,18.399999618530273,60.0,60.0,564.0,True,False,0.3892824053764343,23.356945037841797,0.3892824053764343,23.35694432258606,LSTM,2,48,64,0.1
test_03,A3,test,3,41.70000076293945,416,316.9850769042969,0.304999977350235,0.7377716302871704,18.299999237060547,60.0,60.0,564.0,True,False,0.38286125659942627,22.971675872802734,0.38286125659942627,22.971675395965576,LSTM,2,48,64,0.1
test_03,A3,test,3,41.79999923706055,417,316.9850769042969,0.3033333420753479,0.7225179672241211,18.200000762939453,60.0,60.0,564.0,True,False,0.3721461594104767,22.32876968383789,0.3721461594104767,22.3287695646286,LSTM,2,48,64,0.1
test_03,A3,test,3,41.900001525878906,418,316.9850769042969,0.3016666769981384,0.7016027569770813,18.100000381469727,60.0,60.0,564.0,True,False,0.3509106934070587,21.054641723632812,0.3509106934070587,21.054641604423523,LSTM,2,48,64,0.1
test_03,A3,test,3,42.0,419,316.9850769042969,0.30000001192092896,0.684147298336029,18.0,60.0,60.0,564.0,True,False,0.34277766942977905,20.566659927368164,0.34277766942977905,20.566660165786743,LSTM,2,48,64,0.1
test_03,A3,test,3,42.099998474121094,420,316.9850769042969,0.2983333170413971,0.6699942946434021,17.899999618530273,60.0,60.0,564.0,True,False,0.33883732557296753,20.33024024963379,0.33883732557296753,20.33023953437805,LSTM,2,48,64,0.1
test_03,A3,test,3,42.20000076293945,421,316.9850769042969,0.2966666519641876,0.6591435074806213,17.799999237060547,60.0,60.0,564.0,True,False,0.33883732557296753,20.33024024963379,0.3388393819332123,20.330362915992737,LSTM,2,48,64,0.1
test_03,A3,test,3,42.29999923706055,422,316.9850769042969,0.29500001668930054,0.6526960134506226,17.700000762939453,60.0,60.0,564.0,True,False,0.33883732557296753,20.33024024963379,0.3429904282093048,20.57942569255829,LSTM,2,48,64,0.1
test_03,A3,test,3,42.400001525878906,423,316.9850769042969,0.29333335161209106,0.6383855938911438,17.600000381469727,60.0,60.0,564.0,True,False,0.32811352610588074,19.686811447143555,0.32811352610588074,19.686811566352844,LSTM,2,48,64,0.1
test_03,A3,test,3,42.5,424,316.9850769042969,0.2916666567325592,0.6330389380455017,17.5,60.0,60.0,564.0,True,False,0.32811352610588074,19.686811447143555,0.3385409414768219,20.312456488609314,LSTM,2,48,64,0.1
test_03,A3,test,3,42.599998474121094,425,316.9850769042969,0.28999999165534973,0.6231318116188049,17.399999618530273,60.0,60.0,564.0,True,False,0.32811352610588074,19.686811447143555,0.32932987809181213,19.759792685508728,LSTM,2,48,64,0.1
test_03,A3,test,3,42.70000076293945,426,316.9850769042969,0.28833332657814026,0.6157407164573669,17.299999237060547,60.0,60.0,564.0,True,False,0.32811352610588074,19.686811447143555,0.33043572306632996,19.826143383979797,LSTM,2,48,64,0.1
test_03,A3,test,3,42.79999923706055,427,316.9850769042969,0.2866666913032532,0.6105513572692871,17.200000762939453,60.0,60.0,564.0,True,False,0.32811352610588074,19.686811447143555,0.33130356669425964,19.87821400165558,LSTM,2,48,64,0.1
test_03,A3,test,3,42.900001525878906,428,316.9850769042969,0.2849999964237213,0.6055191159248352,17.100000381469727,60.0,60.0,564.0,True,False,0.32811352610588074,19.686811447143555,0.3296543061733246,19.779258370399475,LSTM,2,48,64,0.1
test_03,A3,test,3,43.0,429,316.9850769042969,0.28333333134651184,0.6023738980293274,17.0,60.0,60.0,564.0,True,False,0.32811352610588074,19.686811447143555,0.3306466341018677,19.83879804611206,LSTM,2,48,64,0.1
test_03,A3,test,3,43.099998474121094,430,316.9850769042969,0.28166666626930237,0.5890071392059326,16.899999618530273,60.0,60.0,564.0,True,False,0.31397366523742676,18.838420867919922,0.31397366523742676,18.838419914245605,LSTM,2,48,64,0.1
test_03,A3,test,3,43.20000076293945,431,316.9850769042969,0.2800000011920929,0.5866483449935913,16.799999237060547,60.0,60.0,564.0,True,False,0.31397366523742676,18.838420867919922,0.3261798322200775,19.57078993320465,LSTM,2,48,64,0.1
test_03,A3,test,3,43.29999923706055,432,316.9850769042969,0.2783333361148834,0.5847612023353577,16.700000762939453,60.0,60.0,564.0,True,False,0.31397366523742676,18.838420867919922,0.3237669765949249,19.426018595695496,LSTM,2,48,64,0.1
test_03,A3,test,3,43.400001525878906,433,316.9850769042969,0.27666667103767395,0.5849184393882751,16.600000381469727,60.0,60.0,564.0,True,False,0.31397366523742676,18.838420867919922,0.32520201802253723,19.512121081352234,LSTM,2,48,64,0.1
test_03,A3,test,3,43.5,434,316.9850769042969,0.2750000059604645,0.5772128701210022,16.5,60.0,60.0,564.0,True,False,0.3139435350894928,18.836612701416016,0.3139435350894928,18.836612105369568,LSTM,2,48,64,0.1
test_03,A3,test,3,43.599998474121094,435,316.9850769042969,0.273333340883255,0.5739105939865112,16.399999618530273,60.0,60.0,564.0,True,False,0.3139435350894928,18.836612701416016,0.31903037428855896,19.141822457313538,LSTM,2,48,64,0.1
test_03,A3,test,3,43.70000076293945,436,316.9850769042969,0.27166664600372314,0.5739105939865112,16.299999237060547,60.0,60.0,564.0,True,False,0.3139435350894928,18.836612701416016,0.32170066237449646,19.302039742469788,LSTM,2,48,64,0.1
test_03,A3,test,3,43.79999923706055,437,316.9850769042969,0.27000001072883606,0.5739105939865112,16.200000762939453,60.0,60.0,564.0,True,False,0.3139435350894928,18.836612701416016,0.32045623660087585,19.22737419605255,LSTM,2,48,64,0.1
test_03,A3,test,3,43.900001525878906,438,316.9850769042969,0.2683333456516266,0.5739105939865112,16.100000381469727,60.0,60.0,564.0,True,False,0.3139435350894928,18.836612701416016,0.32000941038131714,19.20056462287903,LSTM,2,48,64,0.1
test_03,A3,test,3,44.0,439,316.9850769042969,0.2666666805744171,0.5827168822288513,16.0,60.0,60.0,564.0,True,False,0.3139435350894928,18.836612701416016,0.33001893758773804,19.801136255264282,LSTM,2,48,64,0.1
test_03,A3,test,3,44.099998474121094,440,316.9850769042969,0.26499998569488525,0.5761121511459351,15.899999618530273,60.0,60.0,564.0,True,False,0.3113549053668976,18.681293487548828,0.3113549053668976,18.681294322013855,LSTM,2,48,64,0.1
test_03,A3,test,3,44.20000076293945,441,316.9850769042969,0.26333335041999817,0.5772128701210022,15.800000190734863,60.0,60.0,564.0,True,False,0.3113549053668976,18.681293487548828,0.32238733768463135,19.34324026107788,LSTM,2,48,64,0.1
test_03,A3,test,3,44.29999923706055,442,316.9850769042969,0.2616666555404663,0.5717088580131531,15.699999809265137,60.0,60.0,564.0,True,False,0.3113549053668976,18.681293487548828,0.31389930844306946,18.833958506584167,LSTM,2,48,64,0.1
test_03,A3,test,3,44.400001525878906,443,316.9850769042969,0.2600000202655792,0.5717088580131531,15.600000381469727,60.0,60.0,564.0,True,False,0.3113549053668976,18.681293487548828,0.32087278366088867,19.25236701965332,LSTM,2,48,64,0.1
test_03,A3,test,3,44.5,444,316.9850769042969,0.25833332538604736,0.5674629807472229,15.5,60.0,60.0,564.0,True,False,0.3113549053668976,18.681293487548828,0.31439220905303955,18.863532543182373,LSTM,2,48,64,0.1
test_03,A3,test,3,44.599998474121094,445,316.9850769042969,0.2566666603088379,0.5673057436943054,15.399999618530273,60.0,60.0,564.0,True,False,0.3113549053668976,18.681293487548828,0.3190076947212219,19.140461683273315,LSTM,2,48,64,0.1
test_03,A3,test,3,44.70000076293945,446,316.9850769042969,0.2549999952316284,0.5618017315864563,15.300000190734863,60.0,60.0,564.0,True,False,0.3108277916908264,18.649667739868164,0.3108277916908264,18.649667501449585,LSTM,2,48,64,0.1
test_03,A3,test,3,44.79999923706055,447,316.9850769042969,0.25333333015441895,0.5553542971611023,15.199999809265137,60.0,60.0,564.0,True,False,0.3081305921077728,18.487834930419922,0.3081305921077728,18.48783552646637,LSTM,2,48,64,0.1
test_03,A3,test,3,44.900001525878906,448,316.9850769042969,0.2516666650772095,0.5531526803970337,15.100000381469727,60.0,60.0,564.0,True,False,0.3081305921077728,18.487834930419922,0.31171825528144836,18.703095316886902,LSTM,2,48,64,0.1
test_03,A3,test,3,45.0,449,316.9850769042969,0.25,0.5463905930519104,15.0,60.0,60.0,564.0,True,False,0.3031247854232788,18.18748664855957,0.3031247854232788,18.18748712539673,LSTM,2,48,64,0.1
test_03,A3,test,3,45.099998474121094,450,316.9850769042969,0.24833332002162933,0.5412012338638306,14.899999618530273,60.0,60.0,564.0,True,False,0.3028896749019623,18.17337989807129,0.3028896749019623,18.173380494117737,LSTM,2,48,64,0.1
test_03,A3,test,3,45.20000076293945,451,316.9850769042969,0.24666666984558105,0.5412012338638306,14.800000190734863,60.0,60.0,564.0,True,False,0.3028896749019623,18.17337989807129,0.30786001682281494,18.471601009368896,LSTM,2,48,64,0.1
test_03,A3,test,3,45.29999923706055,452,316.9850769042969,0.2449999898672104,0.5334956645965576,14.699999809265137,60.0,60.0,564.0,True,False,0.2950989603996277,17.7059383392334,0.2950989603996277,17.70593762397766,LSTM,2,48,64,0.1
test_03,A3,test,3,45.400001525878906,453,316.9850769042969,0.2433333396911621,0.5301932692527771,14.600000381469727,60.0,60.0,564.0,True,False,0.2950989603996277,17.7059383392334,0.2994721233844757,17.968327403068542,LSTM,2,48,64,0.1
test_03,A3,test,3,45.5,454,316.9850769042969,0.24166665971279144,0.5229594707489014,14.5,60.0,60.0,564.0,True,False,0.29115647077560425,17.469388961791992,0.29115647077560425,17.469388246536255,LSTM,2,48,64,0.1
test_03,A3,test,3,45.599998474121094,455,316.9850769042969,0.23999999463558197,0.5169836282730103,14.399999618530273,60.0,60.0,564.0,True,False,0.2902168035507202,17.413007736206055,0.2902168035507202,17.413008213043213,LSTM,2,48,64,0.1
test_03,A3,test,3,45.70000076293945,456,316.9850769042969,0.2383333295583725,0.5169836282730103,14.300000190734863,60.0,60.0,564.0,True,False,0.2902168035507202,17.413007736206055,0.2961709499359131,17.770256996154785,LSTM,2,48,64,0.1
test_03,A3,test,3,45.79999923706055,457,316.9850769042969,0.23666666448116302,0.5081773996353149,14.199999809265137,60.0,60.0,564.0,True,False,0.28084197640419006,16.85051918029785,0.28084197640419006,16.850518584251404,LSTM,2,48,64,0.1
test_03,A3,test,3,45.900001525878906,458,316.9850769042969,0.23499999940395355,0.50393146276474,14.100000381469727,60.0,60.0,564.0,True,False,0.28084197640419006,16.85051918029785,0.28519636392593384,17.11178183555603,LSTM,2,48,64,0.1
test_03,A3,test,3,46.0,459,316.9850769042969,0.23333333432674408,0.499528169631958,14.0,60.0,60.0,564.0,True,False,0.28084197640419006,16.85051918029785,0.28231173753738403,16.938704252243042,LSTM,2,48,64,0.1
test_03,A3,test,3,46.099998474121094,460,316.9850769042969,0.2316666543483734,0.49512505531311035,13.899999618530273,60.0,60.0,564.0,True,False,0.2800634801387787,16.803808212280273,0.2800634801387787,16.80380880832672,LSTM,2,48,64,0.1
test_03,A3,test,3,46.20000076293945,461,316.9850769042969,0.23000000417232513,0.49622589349746704,13.800000190734863,60.0,60.0,564.0,True,False,0.2800634801387787,16.803808212280273,0.28647953271865845,17.188771963119507,LSTM,2,48,64,0.1
test_03,A3,test,3,46.29999923706055,462,316.9850769042969,0.22833332419395447,0.49842748045921326,13.699999809265137,60.0,60.0,564.0,True,False,0.2800634801387787,16.803808212280273,0.28688400983810425,17.213040590286255,LSTM,2,48,64,0.1
test_03,A3,test,3,46.400001525878906,463,316.9850769042969,0.2266666740179062,0.49622589349746704,13.600000381469727,60.0,60.0,564.0,True,False,0.2800634801387787,16.803808212280273,0.2805880010128021,16.835280060768127,LSTM,2,48,64,0.1
test_03,A3,test,3,46.5,464,316.9850769042969,0.22499999403953552,0.49842748045921326,13.5,60.0,60.0,564.0,True,False,0.2800634801387787,16.803808212280273,0.2868114113807678,17.20868468284607,LSTM,2,48,64,0.1
test_03,A3,test,3,46.599998474121094,465,316.9850769042969,0.22333332896232605,0.49622589349746704,13.399999618530273,60.0,60.0,564.0,True,False,0.2800634801387787,16.803808212280273,0.28061380982398987,16.836828589439392,LSTM,2,48,64,0.1
test_03,A3,test,3,46.70000076293945,466,316.9850769042969,0.22166666388511658,0.49512505531311035,13.300000190734863,60.0,60.0,564.0,True,False,0.2800634801387787,16.803808212280273,0.2825278341770172,16.951670050621033,LSTM,2,48,64,0.1
test_03,A3,test,3,46.79999923706055,467,316.9850769042969,0.2199999988079071,0.49622589349746704,13.199999809265137,60.0,60.0,564.0,True,False,0.2800634801387787,16.803808212280273,0.28522345423698425,17.113407254219055,LSTM,2,48,64,0.1
test_03,A3,test,3,46.900001525878906,468,316.9850769042969,0.21833333373069763,0.49512505531311035,13.100000381469727,60.0,60.0,564.0,True,False,0.2800634801387787,16.803808212280273,0.2819874584674835,16.91924750804901,LSTM,2,48,64,0.1
test_03,A3,test,3,47.0,469,316.9850769042969,0.21666666865348816,0.5319229960441589,13.0,60.0,60.0,564.0,True,False,0.2800634801387787,16.803808212280273,0.3290494978427887,19.742969870567322,LSTM,2,48,64,0.1
test_03,A3,test,3,47.099998474121094,470,316.9850769042969,0.2149999886751175,0.5410439968109131,12.899999618530273,60.0,60.0,564.0,True,False,0.2800634801387787,16.803808212280273,0.2860863506793976,17.165181040763855,LSTM,2,48,64,0.1
test_03,A3,test,3,47.20000076293945,471,316.9850769042969,0.2133333384990692,0.5182417631149292,12.800000190734863,60.0,60.0,564.0,True,False,0.2559429705142975,15.35657787322998,0.2559429705142975,15.35657823085785,LSTM,2,48,64,0.1
test_03,A3,test,3,47.29999923706055,472,316.9850769042969,0.21166665852069855,0.499528169631958,12.699999809265137,60.0,60.0,564.0,True,False,0.2559429705142975,15.35657787322998,0.2589050829410553,15.534304976463318,LSTM,2,48,64,0.1
test_03,A3,test,3,47.400001525878906,473,316.9850769042969,0.21000000834465027,0.48553234338760376,12.600000381469727,60.0,60.0,564.0,True,False,0.2559429705142975,15.35657787322998,0.25668865442276,15.4013192653656,LSTM,2,48,64,0.1
test_03,A3,test,3,47.5,474,316.9850769042969,0.2083333283662796,0.4814436733722687,12.5,60.0,60.0,564.0,True,False,0.2559429705142975,15.35657787322998,0.26671573519706726,16.002944111824036,LSTM,2,48,64,0.1
test_03,A3,test,3,47.599998474121094,475,316.9850769042969,0.20666666328907013,0.4776695668697357,12.399999618530273,60.0,60.0,564.0,True,False,0.2559429705142975,15.35657787322998,0.2641938328742981,15.851629972457886,LSTM,2,48,64,0.1
test_03,A3,test,3,47.70000076293945,476,316.9850769042969,0.20499999821186066,0.468863308429718,12.300000190734863,60.0,60.0,564.0,True,False,0.25444474816322327,15.266684532165527,0.25444474816322327,15.266684889793396,LSTM,2,48,64,0.1
test_03,A3,test,3,47.79999923706055,477,316.9850769042969,0.20333333313465118,0.45801252126693726,12.199999809265137,60.0,60.0,564.0,True,False,0.24809914827346802,14.88594913482666,0.24809914827346802,14.885948896408081,LSTM,2,48,64,0.1
test_03,A3,test,3,47.900001525878906,478,316.9850769042969,0.2016666680574417,0.4413433074951172,12.100000381469727,60.0,60.0,564.0,True,False,0.23185425996780396,13.911255836486816,0.23185425996780396,13.911255598068237,LSTM,2,48,64,0.1
test_03,A3,test,3,48.0,479,316.9850769042969,0.20000000298023224,0.43332329392433167,12.0,60.0,60.0,564.0,True,False,0.23185425996780396,13.911255836486816,0.239579975605011,14.37479853630066,LSTM,2,48,64,0.1
test_03,A3,test,3,48.099998474121094,480,316.9850769042969,0.19833332300186157,0.42844831943511963,11.899999618530273,60.0,60.0,564.0,True,False,0.23185425996780396,13.911255836486816,0.2400629222393036,14.403775334358215,LSTM,2,48,64,0.1
test_03,A3,test,3,48.20000076293945,481,316.9850769042969,0.1966666728258133,0.41964206099510193,11.800000190734863,60.0,60.0,564.0,True,False,0.22982165217399597,13.789299011230469,0.22982165217399597,13.789299130439758,LSTM,2,48,64,0.1
test_03,A3,test,3,48.29999923706055,482,316.9850769042969,0.19499999284744263,0.4229443371295929,11.699999809265137,60.0,60.0,564.0,True,False,0.22982165217399597,13.789299011230469,0.24793800711631775,14.876280426979065,LSTM,2,48,64,0.1
test_03,A3,test,3,48.400001525878906,483,316.9850769042969,0.19333334267139435,0.41413792967796326,11.600000381469727,60.0,60.0,564.0,True,False,0.22700747847557068,13.62044906616211,0.22700747847557068,13.62044870853424,LSTM,2,48,64,0.1
test_03,A3,test,3,48.5,484,316.9850769042969,0.19166666269302368,0.40548887848854065,11.5,60.0,60.0,564.0,True,False,0.22467021644115448,13.480213165283203,0.22467021644115448,13.480212986469269,LSTM,2,48,64,0.1
test_03,A3,test,3,48.599998474121094,485,316.9850769042969,0.1899999976158142,0.39888399839401245,11.399999618530273,60.0,60.0,564.0,True,False,0.2244092971086502,13.464557647705078,0.2244092971086502,13.464557826519012,LSTM,2,48,64,0.1
test_03,A3,test,3,48.70000076293945,486,316.9850769042969,0.18833333253860474,0.3925938904285431,11.300000190734863,60.0,60.0,564.0,True,False,0.2211117446422577,13.266704559326172,0.2211117446422577,13.266704678535461,LSTM,2,48,64,0.1
test_03,A3,test,3,48.79999923706055,487,316.9850769042969,0.18666666746139526,0.38693270087242126,11.199999809265137,60.0,60.0,564.0,True,False,0.2187384068965912,13.12430477142334,0.2187384068965912,13.124304413795471,LSTM,2,48,64,0.1
test_03,A3,test,3,48.900001525878906,488,316.9850769042969,0.1850000023841858,0.3792271316051483,11.100000381469727,60.0,60.0,564.0,True,False,0.21169278025627136,12.701566696166992,0.21169278025627136,12.701566815376282,LSTM,2,48,64,0.1
test_03,A3,test,3,49.0,489,316.9850769042969,0.18333333730697632,0.38142868876457214,11.0,60.0,60.0,564.0,True,False,0.21169278025627136,12.701566696166992,0.225154846906662,13.50929081439972,LSTM,2,48,64,0.1
test_03,A3,test,3,49.099998474121094,490,316.9850769042969,0.18166665732860565,0.38158589601516724,10.899999618530273,60.0,60.0,564.0,True,False,0.21169278025627136,12.701566696166992,0.2200753092765808,13.204518556594849,LSTM,2,48,64,0.1
test_03,A3,test,3,49.20000076293945,491,316.9850769042969,0.18000000715255737,0.37828347086906433,10.800000190734863,60.0,60.0,564.0,True,False,0.21169278025627136,12.701566696166992,0.2143935263156891,12.863611578941345,LSTM,2,48,64,0.1
test_03,A3,test,3,49.29999923706055,492,316.9850769042969,0.1783333271741867,0.37513843178749084,10.699999809265137,60.0,60.0,564.0,True,False,0.21169278025627136,12.701566696166992,0.21408182382583618,12.844909429550171,LSTM,2,48,64,0.1
test_03,A3,test,3,49.400001525878906,493,316.9850769042969,0.17666667699813843,0.37828347086906433,10.600000381469727,60.0,60.0,564.0,True,False,0.21169278025627136,12.701566696166992,0.22302450239658356,13.381470143795013,LSTM,2,48,64,0.1
test_03,A3,test,3,49.5,494,316.9850769042969,0.17499999701976776,0.3792271316051483,10.5,60.0,60.0,564.0,True,False,0.21169278025627136,12.701566696166992,0.2192974090576172,13.157844543457031,LSTM,2,48,64,0.1
test_03,A3,test,3,49.599998474121094,495,316.9850769042969,0.1733333319425583,0.37828347086906433,10.399999618530273,60.0,60.0,564.0,True,False,0.21169278025627136,12.701566696166992,0.21677733957767487,13.006640374660492,LSTM,2,48,64,0.1
test_03,A3,test,3,49.70000076293945,496,316.9850769042969,0.17166666686534882,0.392436683177948,10.300000190734863,60.0,60.0,564.0,True,False,0.21169278025627136,12.701566696166992,0.23782289028167725,14.269373416900635,LSTM,2,48,64,0.1
test_03,A3,test,3,49.79999923706055,497,316.9850769042969,0.17000000178813934,0.388033390045166,10.199999809265137,60.0,60.0,564.0,True,False,0.21169278025627136,12.701566696166992,0.21350055932998657,12.810033559799194,LSTM,2,48,64,0.1
test_03,A3,test,3,49.900001525878906,498,316.9850769042969,0.16833333671092987,0.3800133764743805,10.100000381469727,60.0,60.0,564.0,True,False,0.20926521718502045,12.555912971496582,0.20926521718502045,12.555913031101227,LSTM,2,48,64,0.1
test_03,A3,test,3,50.0,499,316.9850769042969,0.1666666716337204,0.37702542543411255,10.0,60.0,60.0,564.0,True,False,0.20926521718502045,12.555912971496582,0.21571221947669983,12.94273316860199,LSTM,2,48,64,0.1
test_03,A3,test,3,50.099998474121094,500,316.9850769042969,0.16499999165534973,0.37419477105140686,9.899999618530273,60.0,60.0,564.0,True,False,0.20926521718502045,12.555912971496582,0.21409232914447784,12.84553974866867,LSTM,2,48,64,0.1
test_03,A3,test,3,50.20000076293945,501,316.9850769042969,0.16333334147930145,0.3674328625202179,9.800000190734863,60.0,60.0,564.0,True,False,0.20586013793945312,12.351608276367188,0.20586013793945312,12.351608276367188,LSTM,2,48,64,0.1
test_03,A3,test,3,50.29999923706055,502,316.9850769042969,0.1616666615009308,0.35925546288490295,9.699999809265137,60.0,60.0,564.0,True,False,0.19993409514427185,11.99604606628418,0.19993409514427185,11.996045708656311,LSTM,2,48,64,0.1
test_03,A3,test,3,50.400001525878906,503,316.9850769042969,0.1600000113248825,0.36255791783332825,9.600000381469727,60.0,60.0,564.0,True,False,0.19993409514427185,11.99604606628418,0.2152571976184845,12.91543185710907,LSTM,2,48,64,0.1
test_03,A3,test,3,50.5,504,316.9850769042969,0.15833333134651184,0.36821916699409485,9.5,60.0,60.0,564.0,True,False,0.19993409514427185,11.99604606628418,0.2167075276374817,13.002451658248901,LSTM,2,48,64,0.1
test_03,A3,test,3,50.599998474121094,505,316.9850769042969,0.15666666626930237,0.38363027572631836,9.399999618530273,60.0,60.0,564.0,True,False,0.19993409514427185,11.99604606628418,0.22888490557670593,13.733094334602356,LSTM,2,48,64,0.1
test_03,A3,test,3,50.70000076293945,506,316.9850769042969,0.1550000011920929,0.3760819137096405,9.300000190734863,60.0,60.0,564.0,True,False,0.19993409514427185,11.99604606628418,0.20075181126594543,12.045108675956726,LSTM,2,48,64,0.1
test_03,A3,test,3,50.79999923706055,507,316.9850769042969,0.15333333611488342,0.3727794885635376,9.199999809265137,60.0,60.0,564.0,True,False,0.19993409514427185,11.99604606628418,0.2090051770210266,12.540310621261597,LSTM,2,48,64,0.1
test_03,A3,test,3,50.900001525878906,508,316.9850769042969,0.15166667103767395,0.3727794885635376,9.100000381469727,60.0,60.0,564.0,True,False,0.19993409514427185,11.99604606628418,0.21393856406211853,12.836313843727112,LSTM,2,48,64,0.1
test_03,A3,test,3,51.0,509,316.9850769042969,0.15000000596046448,0.3707352876663208,9.0,60.0,60.0,564.0,True,False,0.19993409514427185,11.99604606628418,0.21051901578903198,12.631140947341919,LSTM,2,48,64,0.1
test_03,A3,test,3,51.099998474121094,510,316.9850769042969,0.1483333259820938,0.3674328625202179,8.899999618530273,60.0,60.0,564.0,True,False,0.19993409514427185,11.99604606628418,0.20800185203552246,12.480111122131348,LSTM,2,48,64,0.1
test_03,A3,test,3,51.20000076293945,511,316.9850769042969,0.14666667580604553,0.3575255870819092,8.800000190734863,60.0,60.0,564.0,True,False,0.19550621509552002,11.73037338256836,0.19550621509552002,11.730372905731201,LSTM,2,48,64,0.1
test_03,A3,test,3,51.29999923706055,512,316.9850769042969,0.14499999582767487,0.35532402992248535,8.699999809265137,60.0,60.0,564.0,True,False,0.19550621509552002,11.73037338256836,0.2047203779220581,12.283222675323486,LSTM,2,48,64,0.1
test_03,A3,test,3,51.400001525878906,513,316.9850769042969,0.1433333456516266,0.35312244296073914,8.600000381469727,60.0,60.0,564.0,True,False,0.19550621509552002,11.73037338256836,0.20206710696220398,12.124026417732239,LSTM,2,48,64,0.1
test_03,A3,test,3,51.5,514,316.9850769042969,0.14166666567325592,0.3487193286418915,8.5,60.0,60.0,564.0,True,False,0.19550621509552002,11.73037338256836,0.19643661379814148,11.786196827888489,LSTM,2,48,64,0.1
test_03,A3,test,3,51.599998474121094,515,316.9850769042969,0.14000000059604645,0.34982001781463623,8.399999618530273,60.0,60.0,564.0,True,False,0.19550621509552002,11.73037338256836,0.20342543721199036,12.205526232719421,LSTM,2,48,64,0.1
test_03,A3,test,3,51.70000076293945,516,316.9850769042969,0.13833333551883698,0.34982001781463623,8.300000190734863,60.0,60.0,564.0,True,False,0.19550621509552002,11.73037338256836,0.2007245123386383,12.043470740318298,LSTM,2,48,64,0.1
test_03,A3,test,3,51.79999923706055,517,316.9850769042969,0.1366666704416275,0.34651777148246765,8.199999809265137,60.0,60.0,564.0,True,False,0.1952391266822815,11.714347839355469,0.1952391266822815,11.71434760093689,LSTM,2,48,64,0.1
test_03,A3,test,3,51.900001525878906,518,316.9850769042969,0.13500000536441803,0.34651777148246765,8.100000381469727,60.0,60.0,564.0,True,False,0.1952391266822815,11.714347839355469,0.1997644603252411,11.985867619514465,LSTM,2,48,64,0.1
test_03,A3,test,3,52.0,519,316.9850769042969,0.13333334028720856,0.34337252378463745,8.0,60.0,60.0,564.0,True,False,0.19411484897136688,11.646890640258789,0.19411484897136688,11.646890938282013,LSTM,2,48,64,0.1
test_03,A3,test,3,52.099998474121094,520,316.9850769042969,0.13166667520999908,0.33786872029304504,7.900000095367432,60.0,60.0,564.0,True,False,0.18904918432235718,11.342950820922852,0.18904918432235718,11.34295105934143,LSTM,2,48,64,0.1
test_03,A3,test,3,52.20000076293945,521,316.9850769042969,0.1300000101327896,0.3487193286418915,7.800000190734863,60.0,60.0,564.0,True,False,0.18904918432235718,11.342950820922852,0.21207410097122192,12.724446058273315,LSTM,2,48,64,0.1
test_03,A3,test,3,52.29999923706055,522,316.9850769042969,0.12833333015441895,0.35312244296073914,7.699999809265137,60.0,60.0,564.0,True,False,0.18904918432235718,11.342950820922852,0.20198091864585876,12.118855118751526,LSTM,2,48,64,0.1
test_03,A3,test,3,52.400001525878906,523,316.9850769042969,0.12666666507720947,0.35312244296073914,7.599999904632568,60.0,60.0,564.0,True,False,0.18904918432235718,11.342950820922852,0.19812428951263428,11.887457370758057,LSTM,2,48,64,0.1
test_03,A3,test,3,52.5,524,316.9850769042969,0.125,0.3513927161693573,7.5,60.0,60.0,564.0,True,False,0.18904918432235718,11.342950820922852,0.1976308971643448,11.857853829860687,LSTM,2,48,64,0.1
test_03,A3,test,3,52.599998474121094,525,316.9850769042969,0.12333333492279053,0.34919115900993347,7.400000095367432,60.0,60.0,564.0,True,False,0.18904918432235718,11.342950820922852,0.1975662112236023,11.853972673416138,LSTM,2,48,64,0.1
test_03,A3,test,3,52.70000076293945,526,316.9850769042969,0.12166666984558105,0.3356669843196869,7.300000190734863,60.0,60.0,564.0,True,False,0.17779091000556946,10.667454719543457,0.17779091000556946,10.667454600334167,LSTM,2,48,64,0.1
test_03,A3,test,3,52.79999923706055,527,316.9850769042969,0.11999999731779099,0.33157825469970703,7.199999809265137,60.0,60.0,564.0,True,False,0.17779091000556946,10.667454719543457,0.18813443183898926,11.288065910339355,LSTM,2,48,64,0.1
test_03,A3,test,3,52.900001525878906,528,316.9850769042969,0.11833333224058151,0.335824191570282,7.099999904632568,60.0,60.0,564.0,True,False,0.17779091000556946,10.667454719543457,0.19766634702682495,11.859980821609497,LSTM,2,48,64,0.1
test_03,A3,test,3,53.0,529,316.9850769042969,0.11666666716337204,0.3391266167163849,7.0,60.0,60.0,564.0,True,False,0.17779091000556946,10.667454719543457,0.19487664103507996,11.692598462104797,LSTM,2,48,64,0.1
test_03,A3,test,3,53.099998474121094,530,316.9850769042969,0.11500000208616257,0.332521915435791,6.900000095367432,60.0,60.0,564.0,True,False,0.17779091000556946,10.667454719543457,0.18038412928581238,10.823047757148743,LSTM,2,48,64,0.1
test_03,A3,test,3,53.20000076293945,531,316.9850769042969,0.1133333370089531,0.33126384019851685,6.800000190734863,60.0,60.0,564.0,True,False,0.17779091000556946,10.667454719543457,0.18804967403411865,11.28298044204712,LSTM,2,48,64,0.1
test_03,A3,test,3,53.29999923706055,532,316.9850769042969,0.11166666448116302,0.32560259103775024,6.699999809265137,60.0,60.0,564.0,True,False,0.17779091000556946,10.667454719543457,0.17951413989067078,10.770848393440247,LSTM,2,48,64,0.1
test_03,A3,test,3,53.400001525878906,533,316.9850769042969,0.10999999940395355,0.3259170651435852,6.599999904632568,60.0,60.0,564.0,True,False,0.17779091000556946,10.667454719543457,0.18732750415802002,11.239650249481201,LSTM,2,48,64,0.1
test_03,A3,test,3,53.5,534,316.9850769042969,0.10833333432674408,0.32261478900909424,6.5,60.0,60.0,564.0,True,False,0.17779091000556946,10.667454719543457,0.180145263671875,10.8087158203125,LSTM,2,48,64,0.1
test_03,A3,test,3,53.599998474121094,535,316.9850769042969,0.1066666692495346,0.3171108067035675,6.400000095367432,60.0,60.0,564.0,True,False,0.1748993694782257,10.493962287902832,0.1748993694782257,10.493962168693542,LSTM,2,48,64,0.1
test_03,A3,test,3,53.70000076293945,536,316.9850769042969,0.10500000417232513,0.31050607562065125,6.300000190734863,60.0,60.0,564.0,True,False,0.17011959850788116,10.207176208496094,0.17011959850788116,10.20717591047287,LSTM,2,48,64,0.1
test_03,A3,test,3,53.79999923706055,537,316.9850769042969,0.10333333164453506,0.3028005063533783,6.199999809265137,60.0,60.0,564.0,True,False,0.16416077315807343,9.84964656829834,0.16416077315807343,9.849646389484406,LSTM,2,48,64,0.1
test_03,A3,test,3,53.900001525878906,538,316.9850769042969,0.10166666656732559,0.3028005063533783,6.099999904632568,60.0,60.0,564.0,True,False,0.16416077315807343,9.84964656829834,0.17302918434143066,10.38175106048584,LSTM,2,48,64,0.1
test_03,A3,test,3,54.0,539,316.9850769042969,0.10000000149011612,0.32906222343444824,6.0,60.0,60.0,564.0,True,False,0.16416077315807343,9.84964656829834,0.20527777075767517,12.31666624546051,LSTM,2,48,64,0.1
test_03,A3,test,3,54.099998474121094,540,316.9850769042969,0.09833333641290665,0.3259170651435852,5.900000095367432,60.0,60.0,564.0,True,False,0.16416077315807343,9.84964656829834,0.16845954954624176,10.107572972774506,LSTM,2,48,64,0.1
test_03,A3,test,3,54.20000076293945,541,316.9850769042969,0.09666667133569717,0.33786872029304504,5.800000190734863,60.0,60.0,564.0,True,False,0.16416077315807343,9.84964656829834,0.19249165058135986,11.549499034881592,LSTM,2,48,64,0.1
test_03,A3,test,3,54.29999923706055,542,316.9850769042969,0.0949999988079071,0.37498122453689575,5.699999809265137,60.0,60.0,564.0,True,False,0.16416077315807343,9.84964656829834,0.21711665391921997,13.026999235153198,LSTM,2,48,64,0.1
test_03,A3,test,3,54.400001525878906,543,316.9850769042969,0.09333333373069763,0.3575255870819092,5.599999904632568,60.0,60.0,564.0,True,False,0.1635412573814392,9.812475204467773,0.1635412573814392,9.812475442886353,LSTM,2,48,64,0.1
test_03,A3,test,3,54.5,544,316.9850769042969,0.09166666865348816,0.32261478900909424,5.5,60.0,60.0,564.0,True,False,0.1314045488834381,7.884273052215576,0.1314045488834381,7.884272933006287,LSTM,2,48,64,0.1
test_03,A3,test,3,54.599998474121094,545,316.9850769042969,0.09000000357627869,0.2994980812072754,5.400000095367432,60.0,60.0,564.0,True,False,0.1228160709142685,7.368964195251465,0.1228160709142685,7.36896425485611,LSTM,2,48,64,0.1
test_03,A3,test,3,54.70000076293945,546,316.9850769042969,0.08833333849906921,0.28455859422683716,5.300000190734863,60.0,60.0,564.0,True,False,0.11823726445436478,7.094235897064209,0.11823726445436478,7.094235867261887,LSTM,2,48,64,0.1
test_03,A3,test,3,54.79999923706055,547,316.9850769042969,0.08666666597127914,0.2743370532989502,5.199999809265137,60.0,60.0,564.0,True,False,0.11736954748630524,7.042172908782959,0.11736954748630524,7.042172849178314,LSTM,2,48,64,0.1
test_03,A3,test,3,54.900001525878906,548,316.9850769042969,0.08500000089406967,0.2647443413734436,5.099999904632568,60.0,60.0,564.0,True,False,0.11397849023342133,6.838709354400635,0.11397849023342133,6.8387094140052795,LSTM,2,48,64,0.1
test_03,A3,test,3,55.0,549,316.9850769042969,0.0833333358168602,0.24508731067180634,5.0,60.0,60.0,564.0,True,False,0.09043321758508682,5.425992965698242,0.09043321758508682,5.425993055105209,LSTM,2,48,64,0.1
test_03,A3,test,3,55.099998474121094,550,316.9850769042969,0.08166667073965073,0.22165600955486298,4.900000095367432,60.0,60.0,564.0,True,False,0.07096126675605774,4.257676124572754,0.07096126675605774,4.257676005363464,LSTM,2,48,64,0.1
test_03,A3,test,3,55.20000076293945,551,316.9850769042969,0.08000000566244125,0.20860382914543152,4.800000190734863,60.0,60.0,564.0,True,False,0.07096126675605774,4.257676124572754,0.0753302052617073,4.519812315702438,LSTM,2,48,64,0.1
test_03,A3,test,3,55.29999923706055,552,316.9850769042969,0.07833333313465118,0.19523702561855316,4.699999809265137,60.0,60.0,564.0,True,False,0.0654321163892746,3.925926923751831,0.0654321163892746,3.925926983356476,LSTM,2,48,64,0.1
test_03,A3,test,3,55.400001525878906,553,316.9850769042969,0.07666666805744171,0.17998312413692474,4.599999904632568,60.0,60.0,564.0,True,False,0.053661320358514786,3.219679117202759,0.053661320358514786,3.219679221510887,LSTM,2,48,64,0.1
test_03,A3,test,3,55.5,554,316.9850769042969,0.07500000298023224,0.21159185469150543,4.5,60.0,60.0,564.0,True,False,0.053661320358514786,3.219679117202759,0.11833535134792328,7.100121080875397,LSTM,2,48,64,0.1
test_03,A3,test,3,55.599998474121094,555,316.9850769042969,0.07333333790302277,0.19429358839988708,4.400000095367432,60.0,60.0,564.0,True,False,0.053661320358514786,3.219679117202759,0.05889470875263214,3.5336825251579285,LSTM,2,48,64,0.1
test_03,A3,test,3,55.70000076293945,556,316.9850769042969,0.0716666728258133,0.17668069899082184,4.300000190734863,60.0,60.0,564.0,True,False,0.04893360659480095,2.936016321182251,0.04893360659480095,2.936016395688057,LSTM,2,48,64,0.1
test_03,A3,test,3,55.79999923706055,557,316.9850769042969,0.07000000029802322,0.1658300757408142,4.199999809265137,60.0,60.0,564.0,True,False,0.04893360659480095,2.936016321182251,0.04923376441001892,2.9540258646011353,LSTM,2,48,64,0.1
test_03,A3,test,3,55.900001525878906,558,316.9850769042969,0.06833333522081375,0.16457201540470123,4.099999904632568,60.0,60.0,564.0,True,False,0.04893360659480095,2.936016321182251,0.0584135428071022,3.504812568426132,LSTM,2,48,64,0.1
test_03,A3,test,3,56.0,559,316.9850769042969,0.06666667014360428,0.1482173502445221,4.0,60.0,60.0,564.0,True,False,0.03153804689645767,1.8922828435897827,0.03153804689645767,1.8922828137874603,LSTM,2,48,64,0.1
test_03,A3,test,3,56.099998474121094,560,316.9850769042969,0.0650000050663948,0.14161249995231628,3.9000000953674316,60.0,60.0,564.0,True,False,0.03153804689645767,1.8922828435897827,0.038993775844573975,2.3396265506744385,LSTM,2,48,64,0.1
test_03,A3,test,3,56.20000076293945,561,316.9850769042969,0.06333333253860474,0.13296344876289368,3.799999952316284,60.0,60.0,564.0,True,False,0.030080556869506836,1.8048334121704102,0.030080556869506836,1.8048334121704102,LSTM,2,48,64,0.1
test_03,A3,test,3,56.29999923706055,562,316.9850769042969,0.061666667461395264,0.12415707856416702,3.700000047683716,60.0,60.0,564.0,True,False,0.024107061326503754,1.4464236497879028,0.024107061326503754,1.4464236795902252,LSTM,2,48,64,0.1
test_03,A3,test,3,56.400001525878906,563,316.9850769042969,0.05999999865889549,0.12415707856416702,3.5999999046325684,60.0,60.0,564.0,True,False,0.024107061326503754,1.4464236497879028,0.031943030655384064,1.9165818393230438,LSTM,2,48,64,0.1
test_03,A3,test,3,56.5,564,316.9850769042969,0.058333333333333334,,3.5,60.0,,,False,True,,,,,LSTM,2,48,64,0.1
test_03,A3,test,3,56.60000228881836,565,316.9850769042969,0.056666628519694014,,3.3999977111816406,60.0,,,False,True,,,,,LSTM,2,48,64,0.1
test_03,A3,test,3,56.70000457763672,566,316.9850769042969,0.054999923706054686,,3.2999954223632812,60.0,,,False,True,,,,,LSTM,2,48,64,0.1
test_03,A3,test,3,56.80000686645508,567,316.9850769042969,0.053333218892415366,,3.199993133544922,60.0,,,False,True,,,,,LSTM,2,48,64,0.1
test_03,A3,test,3,56.90000915527344,568,316.9850769042969,0.051666514078776045,,3.0999908447265625,60.0,,,False,True,,,,,LSTM,2,48,64,0.1
test_03,A3,test,3,57.0000114440918,569,316.9850769042969,0.04999980926513672,,2.999988555908203,60.0,,,False,True,,,,,LSTM,2,48,64,0.1
test_03,A3,test,3,57.100013732910156,570,316.9850769042969,0.0483331044514974,,2.8999862670898438,60.0,,,False,True,,,,,LSTM,2,48,64,0.1
test_03,A3,test,3,57.200016021728516,571,316.9850769042969,0.046666399637858076,,2.7999839782714844,60.0,,,False,True,,,,,LSTM,2,48,64,0.1
test_03,A3,test,3,57.300018310546875,572,316.9850769042969,0.04499969482421875,,2.699981689453125,60.0,,,False,True,,,,,LSTM,2,48,64,0.1
test_03,A3,test,3,57.400020599365234,573,316.9850769042969,0.04333299001057943,,2.5999794006347656,60.0,,,False,True,,,,,LSTM,2,48,64,0.1
test_03,A3,test,3,57.500022888183594,574,316.9850769042969,0.04166628519694011,,2.4999771118164062,60.0,,,False,True,,,,,LSTM,2,48,64,0.1
test_03,A3,test,3,57.60002517700195,575,316.9850769042969,0.03999958038330078,,2.399974822998047,60.0,,,False,True,,,,,LSTM,2,48,64,0.1
test_03,A3,test,3,57.70002746582031,576,316.9850769042969,0.03833287556966146,,2.2999725341796875,60.0,,,False,True,,,,,LSTM,2,48,64,0.1
test_03,A3,test,3,57.80002975463867,577,316.9850769042969,0.03666617075602214,,2.199970245361328,60.0,,,False,True,,,,,LSTM,2,48,64,0.1
test_03,A3,test,3,57.90003204345703,578,316.9850769042969,0.03499946594238281,,2.0999679565429688,60.0,,,False,True,,,,,LSTM,2,48,64,0.1
test_03,A3,test,3,58.00003433227539,579,316.9850769042969,0.03333276112874349,,1.9999656677246094,60.0,,,False,True,,,,,LSTM,2,48,64,0.1
test_03,A3,test,3,58.10003662109375,580,316.9850769042969,0.03166605631510417,,1.89996337890625,60.0,,,False,True,,,,,LSTM,2,48,64,0.1
test_03,A3,test,3,58.20003890991211,581,316.9850769042969,0.029999351501464842,,1.7999610900878906,60.0,,,False,True,,,,,LSTM,2,48,64,0.1
test_03,A3,test,3,58.30004119873047,582,316.9850769042969,0.028332646687825522,,1.6999588012695312,60.0,,,False,True,,,,,LSTM,2,48,64,0.1
test_03,A3,test,3,58.40004348754883,583,316.9850769042969,0.026665941874186198,,1.5999565124511719,60.0,,,False,True,,,,,LSTM,2,48,64,0.1
test_03,A3,test,3,58.50004577636719,584,316.9850769042969,0.024999237060546874,,1.4999542236328125,60.0,,,False,True,,,,,LSTM,2,48,64,0.1
test_03,A3,test,3,58.60004806518555,585,316.9850769042969,0.023332532246907553,,1.3999519348144531,60.0,,,False,True,,,,,LSTM,2,48,64,0.1
test_03,A3,test,3,58.700050354003906,586,316.9850769042969,0.02166582743326823,,1.2999496459960938,60.0,,,False,True,,,,,LSTM,2,48,64,0.1
test_03,A3,test,3,58.800052642822266,587,316.9850769042969,0.019999122619628905,,1.1999473571777344,60.0,,,False,True,,,,,LSTM,2,48,64,0.1
test_03,A3,test,3,58.900054931640625,588,316.9850769042969,0.018332417805989584,,1.099945068359375,60.0,,,False,True,,,,,LSTM,2,48,64,0.1
test_03,A3,test,3,59.000057220458984,589,316.9850769042969,0.01666571299235026,,0.9999427795410156,60.0,,,False,True,,,,,LSTM,2,48,64,0.1
test_03,A3,test,3,59.100059509277344,590,316.9850769042969,0.014999008178710938,,0.8999404907226562,60.0,,,False,True,,,,,LSTM,2,48,64,0.1
test_03,A3,test,3,59.2000617980957,591,316.9850769042969,0.013332303365071614,,0.7999382019042969,60.0,,,False,True,,,,,LSTM,2,48,64,0.1
test_03,A3,test,3,59.30006408691406,592,316.9850769042969,0.011665598551432291,,0.6999359130859375,60.0,,,False,True,,,,,LSTM,2,48,64,0.1
test_03,A3,test,3,59.40006637573242,593,316.9850769042969,0.009998893737792969,,0.5999336242675781,60.0,,,False,True,,,,,LSTM,2,48,64,0.1
test_03,A3,test,3,59.50006866455078,594,316.9850769042969,0.008332188924153645,,0.49993133544921875,60.0,,,False,True,,,,,LSTM,2,48,64,0.1
test_03,A3,test,3,59.60007095336914,595,316.9850769042969,0.006665484110514323,,0.3999290466308594,60.0,,,False,True,,,,,LSTM,2,48,64,0.1
test_03,A3,test,3,59.7000732421875,596,316.9850769042969,0.004998779296875,,0.2999267578125,60.0,,,False,True,,,,,LSTM,2,48,64,0.1
test_03,A3,test,3,59.80007553100586,597,316.9850769042969,0.003332074483235677,,0.19992446899414062,60.0,,,False,True,,,,,LSTM,2,48,64,0.1
test_03,A3,test,3,59.90007781982422,598,316.9850769042969,0.0016653696695963542,,0.09992218017578125,60.0,,,False,True,,,,,LSTM,2,48,64,0.1
test_03,A3,test,3,60.00008010864258,599,316.9850769042969,0.0,,0.0,60.0,,,False,True,,,,,LSTM,2,48,64,0.1
test_05,A3,test,5,0.20000000298023224,0,316.9850769042969,0.9959349632263184,1.0,49.0,49.20000076293945,49.20000076293945,329.0,True,False,0.7736397385597229,38.06307601928711,0.7736397385597229,38.063075727378646,LSTM,2,48,64,0.1
test_05,A3,test,5,0.30000001192092896,1,316.9850769042969,0.9939024448394775,1.0,48.900001525878906,49.20000076293945,49.20000076293945,329.0,True,False,0.7686694860458374,37.818538665771484,0.7686694860458374,37.81853929990348,LSTM,2,48,64,0.1
test_05,A3,test,5,0.4000000059604645,2,316.9850769042969,0.9918698668479919,1.0,48.79999923706055,49.20000076293945,49.20000076293945,329.0,True,False,0.7671995759010315,37.746219635009766,0.7671995759010315,37.746219719657574,LSTM,2,48,64,0.1
test_05,A3,test,5,0.5,3,316.9850769042969,0.9898374080657959,1.0,48.70000076293945,49.20000076293945,49.20000076293945,329.0,True,False,0.7671995759010315,37.746219635009766,0.7691637277603149,37.84285599263285,LSTM,2,48,64,0.1
test_05,A3,test,5,0.6000000238418579,4,316.9850769042969,0.9878048300743103,1.0,48.599998474121094,49.20000076293945,49.20000076293945,329.0,True,False,0.7671995759010315,37.746219635009766,0.7717148065567017,37.968369071361394,LSTM,2,48,64,0.1
test_05,A3,test,5,0.699999988079071,5,316.9850769042969,0.9857723712921143,1.0,48.5,49.20000076293945,49.20000076293945,329.0,True,False,0.7671995759010315,37.746219635009766,0.7773455381393433,38.24540106952327,LSTM,2,48,64,0.1
test_05,A3,test,5,0.800000011920929,6,316.9850769042969,0.9837398529052734,1.0,48.400001525878906,49.20000076293945,49.20000076293945,329.0,True,False,0.7671995759010315,37.746219635009766,0.7809816598892212,38.4242982623914,LSTM,2,48,64,0.1
test_05,A3,test,5,0.8999999761581421,7,316.9850769042969,0.9817072749137878,1.0,48.29999923706055,49.20000076293945,49.20000076293945,329.0,True,False,0.7671995759010315,37.746219635009766,0.7813997864723206,38.4448700905989,LSTM,2,48,64,0.1
test_05,A3,test,5,1.0,8,316.9850769042969,0.9796748161315918,1.0,48.20000076293945,49.20000076293945,49.20000076293945,329.0,True,False,0.7671995759010315,37.746219635009766,0.7817840576171875,38.463776231219526,LSTM,2,48,64,0.1
test_05,A3,test,5,1.100000023841858,9,316.9850769042969,0.9776422381401062,1.0,48.099998474121094,49.20000076293945,49.20000076293945,329.0,True,False,0.7671995759010315,37.746219635009766,0.7798075675964355,38.36653292069059,LSTM,2,48,64,0.1
test_05,A3,test,5,1.2000000476837158,10,316.9850769042969,0.9756097197532654,1.0,48.0,49.20000076293945,49.20000076293945,329.0,True,False,0.7671995759010315,37.746219635009766,0.7772616744041443,38.241274973687496,LSTM,2,48,64,0.1
test_05,A3,test,5,1.2999999523162842,11,316.9850769042969,0.9735772609710693,1.0,47.900001525878906,49.20000076293945,49.20000076293945,329.0,True,False,0.7671995759010315,37.746219635009766,0.7764930725097656,38.20345975989767,LSTM,2,48,64,0.1
test_05,A3,test,5,1.399999976158142,12,316.9850769042969,0.9715446829795837,1.0,47.79999923706055,49.20000076293945,49.20000076293945,329.0,True,False,0.7671995759010315,37.746219635009766,0.7778851985931396,38.27195236426178,LSTM,2,48,64,0.1
test_05,A3,test,5,1.5,13,316.9850769042969,0.9695122241973877,1.0,47.70000076293945,49.20000076293945,49.20000076293945,329.0,True,False,0.7671995759010315,37.746219635009766,0.7754417657852173,38.15173546824781,LSTM,2,48,64,0.1
test_05,A3,test,5,1.600000023841858,14,316.9850769042969,0.9674796462059021,1.0,47.599998474121094,49.20000076293945,49.20000076293945,329.0,True,False,0.7671995759010315,37.746219635009766,0.776405394077301,38.19914598095352,LSTM,2,48,64,0.1
test_05,A3,test,5,1.7000000476837158,15,316.9850769042969,0.9654471278190613,1.0,47.5,49.20000076293945,49.20000076293945,329.0,True,False,0.7671995759010315,37.746219635009766,0.7770411968231201,38.230427476532896,LSTM,2,48,64,0.1
test_05,A3,test,5,1.7999999523162842,16,316.9850769042969,0.9634146690368652,1.0,47.400001525878906,49.20000076293945,49.20000076293945,329.0,True,False,0.7671995759010315,37.746219635009766,0.7764056324958801,38.19915771114779,LSTM,2,48,64,0.1
test_05,A3,test,5,1.899999976158142,17,316.9850769042969,0.9613820910453796,1.0,47.29999923706055,49.20000076293945,49.20000076293945,329.0,True,False,0.7671995759010315,37.746219635009766,0.7771756649017334,38.23704330610326,LSTM,2,48,64,0.1
test_05,A3,test,5,2.0,18,316.9850769042969,0.9593495726585388,1.0,47.20000076293945,49.20000076293945,49.20000076293945,329.0,True,False,0.7671995759010315,37.746219635009766,0.7779632210731506,38.275791070337846,LSTM,2,48,64,0.1
test_05,A3,test,5,2.0999999046325684,19,316.9850769042969,0.957317054271698,1.0,47.099998474121094,49.20000076293945,49.20000076293945,329.0,True,False,0.7671995759010315,37.746219635009766,0.7745782136917114,38.10924870458848,LSTM,2,48,64,0.1
test_05,A3,test,5,2.200000047683716,20,316.9850769042969,0.9552845358848572,1.0,47.0,49.20000076293945,49.20000076293945,329.0,True,False,0.7671995759010315,37.746219635009766,0.7694503664970398,37.8569586186984,LSTM,2,48,64,0.1
test_05,A3,test,5,2.299999952316284,21,316.9850769042969,0.9532520771026611,1.0,46.900001525878906,49.20000076293945,49.20000076293945,329.0,True,False,0.7671995759010315,37.746219635009766,0.7674376368522644,37.75793231863986,LSTM,2,48,64,0.1
test_05,A3,test,5,2.4000000953674316,22,316.9850769042969,0.9512194991111755,1.0,46.79999923706055,49.20000076293945,49.20000076293945,329.0,True,False,0.7662883996963501,37.70138931274414,0.7662883996963501,37.70138984969208,LSTM,2,48,64,0.1
test_05,A3,test,5,2.5,23,316.9850769042969,0.9491869807243347,1.0,46.70000076293945,49.20000076293945,49.20000076293945,329.0,True,False,0.7662883996963501,37.70138931274414,0.7704989314079285,37.908548013114114,LSTM,2,48,64,0.1
test_05,A3,test,5,2.5999999046325684,24,316.9850769042969,0.9471544027328491,1.0,46.599998474121094,49.20000076293945,49.20000076293945,329.0,True,False,0.7662883996963501,37.70138931274414,0.7731549739837646,38.039225309871654,LSTM,2,48,64,0.1
test_05,A3,test,5,2.700000047683716,25,316.9850769042969,0.9451219439506531,1.0,46.5,49.20000076293945,49.20000076293945,329.0,True,False,0.7564753293991089,37.21858596801758,0.7564753293991089,37.21858678358103,LSTM,2,48,64,0.1
test_05,A3,test,5,2.799999952316284,26,316.9850769042969,0.9430894255638123,1.0,46.400001525878906,49.20000076293945,49.20000076293945,329.0,True,False,0.7539010643959045,37.09193420410156,0.7539010643959045,37.09193294345937,LSTM,2,48,64,0.1
test_05,A3,test,5,2.9000000953674316,27,316.9850769042969,0.9410569071769714,1.0,46.29999923706055,49.20000076293945,49.20000076293945,329.0,True,False,0.7383159399032593,36.32514572143555,0.7383159399032593,36.325144806530716,LSTM,2,48,64,0.1
test_05,A3,test,5,3.0,28,316.9850769042969,0.9390243887901306,1.0,46.20000076293945,49.20000076293945,49.20000076293945,329.0,True,False,0.7272013425827026,35.77830505371094,0.7272013425827026,35.778306609879564,LSTM,2,48,64,0.1
test_05,A3,test,5,3.0999999046325684,29,316.9850769042969,0.936991810798645,1.0,46.099998474121094,49.20000076293945,49.20000076293945,329.0,True,False,0.7272013425827026,35.77830505371094,0.7324731945991516,36.03768173311096,LSTM,2,48,64,0.1
test_05,A3,test,5,3.200000047683716,30,316.9850769042969,0.934959352016449,1.0,46.0,49.20000076293945,49.20000076293945,329.0,True,False,0.7272013425827026,35.77830505371094,0.738471269607544,36.33278702810003,LSTM,2,48,64,0.1
test_05,A3,test,5,3.299999952316284,31,316.9850769042969,0.9329268336296082,1.0,45.900001525878906,49.20000076293945,49.20000076293945,329.0,True,False,0.7272013425827026,35.77830505371094,0.7377328872680664,36.29645861643439,LSTM,2,48,64,0.1
test_05,A3,test,5,3.4000000953674316,32,316.9850769042969,0.9308942556381226,1.0,45.79999923706055,49.20000076293945,49.20000076293945,329.0,True,False,0.7272013425827026,35.77830505371094,0.7336756587028503,36.09684296793034,LSTM,2,48,64,0.1
test_05,A3,test,5,3.5,33,316.9850769042969,0.9288617968559265,1.0,45.70000076293945,49.20000076293945,49.20000076293945,329.0,True,False,0.7272013425827026,35.77830505371094,0.7338175177574158,36.10382243352319,LSTM,2,48,64,0.1
test_05,A3,test,5,3.5999999046325684,34,316.9850769042969,0.9268292188644409,1.0,45.599998474121094,49.20000076293945,49.20000076293945,329.0,True,False,0.7272013425827026,35.77830505371094,0.735924243927002,36.207473362674136,LSTM,2,48,64,0.1
test_05,A3,test,5,3.700000047683716,35,316.9850769042969,0.9247967600822449,1.0,45.5,49.20000076293945,49.20000076293945,329.0,True,False,0.7272013425827026,35.77830505371094,0.7384535670280457,36.33191606117521,LSTM,2,48,64,0.1
test_05,A3,test,5,3.799999952316284,36,316.9850769042969,0.922764241695404,1.0,45.400001525878906,49.20000076293945,49.20000076293945,329.0,True,False,0.7272013425827026,35.77830505371094,0.7388778328895569,36.35278994188525,LSTM,2,48,64,0.1
test_05,A3,test,5,3.9000000953674316,37,316.9850769042969,0.9207316637039185,1.0,45.29999923706055,49.20000076293945,49.20000076293945,329.0,True,False,0.7272013425827026,35.77830505371094,0.738640308380127,36.34110373584008,LSTM,2,48,64,0.1
test_05,A3,test,5,4.0,38,316.9850769042969,0.9186992049217224,1.0,45.20000076293945,49.20000076293945,49.20000076293945,329.0,True,False,0.7272013425827026,35.77830505371094,0.7385737299919128,36.33782807908915,LSTM,2,48,64,0.1
test_05,A3,test,5,4.099999904632568,39,316.9850769042969,0.9166666269302368,1.0,45.099998474121094,49.20000076293945,49.20000076293945,329.0,True,False,0.7272013425827026,35.77830505371094,0.7387940883636475,36.34866971114661,LSTM,2,48,64,0.1
test_05,A3,test,5,4.199999809265137,40,316.9850769042969,0.914634108543396,1.0,45.0,49.20000076293945,49.20000076293945,329.0,True,False,0.7272013425827026,35.77830505371094,0.7393221855163574,36.37465209146285,LSTM,2,48,64,0.1
test_05,A3,test,5,4.300000190734863,41,316.9850769042969,0.9126016497612,1.0,44.900001525878906,49.20000076293945,49.20000076293945,329.0,True,False,0.7272013425827026,35.77830505371094,0.7408784031867981,36.45121800203583,LSTM,2,48,64,0.1
test_05,A3,test,5,4.400000095367432,42,316.9850769042969,0.9105690717697144,1.0,44.79999923706055,49.20000076293945,49.20000076293945,329.0,True,False,0.7272013425827026,35.77830505371094,0.7388944625854492,36.35360812293584,LSTM,2,48,64,0.1
test_05,A3,test,5,4.5,43,316.9850769042969,0.9085366129875183,1.0,44.70000076293945,49.20000076293945,49.20000076293945,329.0,True,False,0.7272013425827026,35.77830505371094,0.7342809438705444,36.12662299864269,LSTM,2,48,64,0.1
test_05,A3,test,5,4.599999904632568,44,316.9850769042969,0.9065040349960327,1.0,44.599998474121094,49.20000076293945,49.20000076293945,329.0,True,False,0.7272013425827026,35.77830505371094,0.7321188449859619,36.02024773187168,LSTM,2,48,64,0.1
test_05,A3,test,5,4.699999809265137,45,316.9850769042969,0.9044715166091919,1.0,44.5,49.20000076293945,49.20000076293945,329.0,True,False,0.7272013425827026,35.77830505371094,0.7308312654495239,35.95689881769658,LSTM,2,48,64,0.1
test_05,A3,test,5,4.800000190734863,46,316.9850769042969,0.9024390578269958,1.0,44.400001525878906,49.20000076293945,49.20000076293945,329.0,True,False,0.7272013425827026,35.77830505371094,0.729006290435791,35.86711004562858,LSTM,2,48,64,0.1
test_05,A3,test,5,4.900000095367432,47,316.9850769042969,0.9004064798355103,1.0,44.29999923706055,49.20000076293945,49.20000076293945,329.0,True,False,0.7272013425827026,35.77830505371094,0.7286423444747925,35.84920390406978,LSTM,2,48,64,0.1
test_05,A3,test,5,5.0,48,316.9850769042969,0.8983739614486694,1.0,44.20000076293945,49.20000076293945,49.20000076293945,329.0,True,False,0.7272013425827026,35.77830505371094,0.7284653782844543,35.84049716737013,LSTM,2,48,64,0.1
test_05,A3,test,5,5.099999904632568,49,316.9850769042969,0.8963414430618286,1.0,44.099998474121094,49.20000076293945,49.20000076293945,329.0,True,False,0.7244118452072144,35.64106369018555,0.7244118452072144,35.64106333687732,LSTM,2,48,64,0.1
test_05,A3,test,5,5.199999809265137,50,316.9850769042969,0.8943089246749878,1.0,44.0,49.20000076293945,49.20000076293945,329.0,True,False,0.7204688787460327,35.44707107543945,0.7204688787460327,35.44706938397894,LSTM,2,48,64,0.1
test_05,A3,test,5,5.300000190734863,51,316.9850769042969,0.8922764658927917,1.0,43.900001525878906,49.20000076293945,49.20000076293945,329.0,True,False,0.7204688787460327,35.44707107543945,0.722049355506897,35.52482884181927,LSTM,2,48,64,0.1
test_05,A3,test,5,5.400000095367432,52,316.9850769042969,0.8902438879013062,1.0,43.79999923706055,49.20000076293945,49.20000076293945,329.0,True,False,0.7204688787460327,35.44707107543945,0.7240111827850342,35.62135074540038,LSTM,2,48,64,0.1
test_05,A3,test,5,5.5,53,316.9850769042969,0.8882113695144653,1.0,43.70000076293945,49.20000076293945,49.20000076293945,329.0,True,False,0.7204688787460327,35.44707107543945,0.7252639532089233,35.68298705121151,LSTM,2,48,64,0.1
test_05,A3,test,5,5.599999904632568,54,316.9850769042969,0.8861787915229797,1.0,43.599998474121094,49.20000076293945,49.20000076293945,329.0,True,False,0.7204688787460327,35.44707107543945,0.7271289825439453,35.7747464959175,LSTM,2,48,64,0.1
test_05,A3,test,5,5.699999809265137,55,316.9850769042969,0.8841463327407837,1.0,43.5,49.20000076293945,49.20000076293945,329.0,True,False,0.7204688787460327,35.44707107543945,0.7304444313049316,35.93786657748751,LSTM,2,48,64,0.1
test_05,A3,test,5,5.800000190734863,56,316.9850769042969,0.8821138143539429,1.0,43.400001525878906,49.20000076293945,49.20000076293945,329.0,True,False,0.7204688787460327,35.44707107543945,0.7313411831855774,35.98198677069945,LSTM,2,48,64,0.1
test_05,A3,test,5,5.900000095367432,57,316.9850769042969,0.880081295967102,1.0,43.29999923706055,49.20000076293945,49.20000076293945,329.0,True,False,0.7204688787460327,35.44707107543945,0.7304136753082275,35.936353382426205,LSTM,2,48,64,0.1
test_05,A3,test,5,6.0,58,316.9850769042969,0.8780487775802612,1.0,43.20000076293945,49.20000076293945,49.20000076293945,329.0,True,False,0.7204688787460327,35.44707107543945,0.7304076552391052,35.936057195020794,LSTM,2,48,64,0.1
test_05,A3,test,5,6.099999904632568,59,316.9850769042969,0.8760161995887756,1.0,43.099998474121094,49.20000076293945,49.20000076293945,329.0,True,False,0.7204688787460327,35.44707107543945,0.7387922406196594,36.34857880214099,LSTM,2,48,64,0.1
test_05,A3,test,5,6.199999809265137,60,316.9850769042969,0.8739837408065796,1.0,43.0,49.20000076293945,49.20000076293945,329.0,True,False,0.7204688787460327,35.44707107543945,0.747993528842926,36.801282189745734,LSTM,2,48,64,0.1
test_05,A3,test,5,6.300000190734863,61,316.9850769042969,0.8719512224197388,1.0,42.900001525878906,49.20000076293945,49.20000076293945,329.0,True,False,0.7204688787460327,35.44707107543945,0.7502523064613342,36.91241405029473,LSTM,2,48,64,0.1
test_05,A3,test,5,6.400000095367432,62,316.9850769042969,0.8699186444282532,1.0,42.79999923706055,49.20000076293945,49.20000076293945,329.0,True,False,0.7204688787460327,35.44707107543945,0.7454474568367004,36.67601544509694,LSTM,2,48,64,0.1
test_05,A3,test,5,6.5,63,316.9850769042969,0.8678861856460571,1.0,42.70000076293945,49.20000076293945,49.20000076293945,329.0,True,False,0.7204688787460327,35.44707107543945,0.723926842212677,35.61720118917606,LSTM,2,48,64,0.1
test_05,A3,test,5,6.599999904632568,64,316.9850769042969,0.8658536076545715,1.0,42.599998474121094,49.20000076293945,49.20000076293945,329.0,True,False,0.7204688787460327,35.44707107543945,0.724625825881958,35.651591186237965,LSTM,2,48,64,0.1
test_05,A3,test,5,6.699999809265137,65,316.9850769042969,0.8638211488723755,1.0,42.5,49.20000076293945,49.20000076293945,329.0,True,False,0.7204688787460327,35.44707107543945,0.72580885887146,35.709796410224044,LSTM,2,48,64,0.1
test_05,A3,test,5,6.800000190734863,66,316.9850769042969,0.8617886304855347,1.0,42.400001525878906,49.20000076293945,49.20000076293945,329.0,True,False,0.7204688787460327,35.44707107543945,0.727434515953064,35.78977873987924,LSTM,2,48,64,0.1
test_05,A3,test,5,6.900000095367432,67,316.9850769042969,0.8597560524940491,1.0,42.29999923706055,49.20000076293945,49.20000076293945,329.0,True,False,0.7204688787460327,35.44707107543945,0.7239914536476135,35.62038007182423,LSTM,2,48,64,0.1
test_05,A3,test,5,7.0,68,316.9850769042969,0.857723593711853,1.0,42.20000076293945,49.20000076293945,49.20000076293945,329.0,True,False,0.7204688787460327,35.44707107543945,0.7206182479858398,35.45441835069141,LSTM,2,48,64,0.1
test_05,A3,test,5,7.099999904632568,69,316.9850769042969,0.8556910157203674,1.0,42.099998474121094,49.20000076293945,49.20000076293945,329.0,True,False,0.7201358079910278,35.43068313598633,0.7201358079910278,35.43068230257859,LSTM,2,48,64,0.1
test_05,A3,test,5,7.199999809265137,70,316.9850769042969,0.8536584973335266,1.0,42.0,49.20000076293945,49.20000076293945,329.0,True,False,0.7182825207710266,35.339500427246094,0.7182825207710266,35.33950056994058,LSTM,2,48,64,0.1
test_05,A3,test,5,7.300000190734863,71,316.9850769042969,0.8516260385513306,1.0,41.900001525878906,49.20000076293945,49.20000076293945,329.0,True,False,0.7139747142791748,35.12755584716797,0.7139747142791748,35.12755648725488,LSTM,2,48,64,0.1
test_05,A3,test,5,7.400000095367432,72,316.9850769042969,0.849593460559845,1.0,41.79999923706055,49.20000076293945,49.20000076293945,329.0,True,False,0.7110382318496704,34.98308181762695,0.7110382318496704,34.983081549482904,LSTM,2,48,64,0.1
test_05,A3,test,5,7.5,73,316.9850769042969,0.8475610017776489,1.0,41.70000076293945,49.20000076293945,49.20000076293945,329.0,True,False,0.7099586725234985,34.92996597290039,0.7099586725234985,34.92996722981161,LSTM,2,48,64,0.1
test_05,A3,test,5,7.599999904632568,74,316.9850769042969,0.8455284237861633,1.0,41.599998474121094,49.20000076293945,49.20000076293945,329.0,True,False,0.7056550979614258,34.718231201171875,0.7056550979614258,34.71823135807426,LSTM,2,48,64,0.1
test_05,A3,test,5,7.699999809265137,75,316.9850769042969,0.8434959053993225,1.0,41.5,49.20000076293945,49.20000076293945,329.0,True,False,0.7056550979614258,34.718231201171875,0.7059271931648254,34.73161844228912,LSTM,2,48,64,0.1
test_05,A3,test,5,7.800000190734863,76,316.9850769042969,0.8414634466171265,1.0,41.400001525878906,49.20000076293945,49.20000076293945,329.0,True,False,0.7056550979614258,34.718231201171875,0.7064284086227417,34.756278243200995,LSTM,2,48,64,0.1
test_05,A3,test,5,7.900000095367432,77,316.9850769042969,0.8394308686256409,1.0,41.29999923706055,49.20000076293945,49.20000076293945,329.0,True,False,0.7056550979614258,34.718231201171875,0.7096606492996216,34.91530448696949,LSTM,2,48,64,0.1
test_05,A3,test,5,8.0,78,316.9850769042969,0.8373983502388,1.0,41.20000076293945,49.20000076293945,49.20000076293945,329.0,True,False,0.704886257648468,34.68040466308594,0.704886257648468,34.68040441409016,LSTM,2,48,64,0.1
test_05,A3,test,5,8.100000381469727,79,316.9850769042969,0.8353658318519592,1.0,41.099998474121094,49.20000076293945,49.20000076293945,329.0,True,False,0.704886257648468,34.68040466308594,0.7062563896179199,34.747814908032524,LSTM,2,48,64,0.1
test_05,A3,test,5,8.199999809265137,80,316.9850769042969,0.8333333134651184,1.0,41.0,49.20000076293945,49.20000076293945,329.0,True,False,0.704886257648468,34.68040466308594,0.7089376449584961,34.87973267283451,LSTM,2,48,64,0.1
test_05,A3,test,5,8.300000190734863,81,316.9850769042969,0.8313008546829224,1.0,40.900001525878906,49.20000076293945,49.20000076293945,329.0,True,False,0.6994826197624207,34.414546966552734,0.6994826197624207,34.414545425973984,LSTM,2,48,64,0.1
test_05,A3,test,5,8.399999618530273,82,316.9850769042969,0.8292682766914368,0.998345673084259,40.79999923706055,49.20000076293945,49.20000076293945,329.0,True,False,0.6881298422813416,33.855987548828125,0.6881298422813416,33.85598876524341,LSTM,2,48,64,0.1
test_05,A3,test,5,8.5,83,316.9850769042969,0.827235758304596,0.9985029101371765,40.70000076293945,49.20000076293945,49.20000076293945,329.0,True,False,0.6842451691627502,33.66486358642578,0.6842451691627502,33.66486284484495,LSTM,2,48,64,0.1
test_05,A3,test,5,8.600000381469727,84,316.9850769042969,0.8252031803131104,0.9985029101371765,40.599998474121094,49.20000076293945,49.20000076293945,329.0,True,False,0.6824558973312378,33.57683181762695,0.6824558973312378,33.57683066936943,LSTM,2,48,64,0.1
test_05,A3,test,5,8.699999809265137,85,316.9850769042969,0.8231707215309143,0.9896965026855469,40.5,49.20000076293945,49.20000076293945,329.0,True,False,0.6711301207542419,33.01960372924805,0.6711301207542419,33.01960245314035,LSTM,2,48,64,0.1
test_05,A3,test,5,8.800000190734863,86,316.9850769042969,0.8211382031440735,0.9985029101371765,40.400001525878906,49.20000076293945,49.20000076293945,329.0,True,False,0.6711301207542419,33.01960372924805,0.6751692295074463,33.2183266068796,LSTM,2,48,64,0.1
test_05,A3,test,5,8.899999618530273,87,316.9850769042969,0.8191056847572327,0.9985029101371765,40.29999923706055,49.20000076293945,49.20000076293945,329.0,True,False,0.6711301207542419,33.01960372924805,0.675547182559967,33.236921897351976,LSTM,2,48,64,0.1
test_05,A3,test,5,9.0,88,316.9850769042969,0.8170731663703918,0.9985029101371765,40.20000076293945,49.20000076293945,49.20000076293945,329.0,True,False,0.6711301207542419,33.01960372924805,0.6742790937423706,33.17453192655876,LSTM,2,48,64,0.1
test_05,A3,test,5,9.100000381469727,89,316.9850769042969,0.8150405883789062,1.0,40.099998474121094,49.20000076293945,49.20000076293945,329.0,True,False,0.6711301207542419,33.01960372924805,0.6748951077461243,33.20483981601342,LSTM,2,48,64,0.1
test_05,A3,test,5,9.199999809265137,90,316.9850769042969,0.8130081295967102,0.9974021315574646,40.0,49.20000076293945,49.20000076293945,329.0,True,False,0.6711301207542419,33.01960372924805,0.6720788478851318,33.066279828703955,LSTM,2,48,64,0.1
test_05,A3,test,5,9.300000190734863,91,316.9850769042969,0.8109756112098694,0.9974021315574646,39.900001525878906,49.20000076293945,49.20000076293945,329.0,True,False,0.6699599623680115,32.962032318115234,0.6699599623680115,32.96203065964505,LSTM,2,48,64,0.1
test_05,A3,test,5,9.399999618530273,92,316.9850769042969,0.8089430332183838,0.9974021315574646,39.79999923706055,49.20000076293945,49.20000076293945,329.0,True,False,0.6690406799316406,32.91680145263672,0.6690406799316406,32.91680196307425,LSTM,2,48,64,0.1
test_05,A3,test,5,9.5,93,316.9850769042969,0.8069105744361877,0.9950433373451233,39.70000076293945,49.20000076293945,49.20000076293945,329.0,True,False,0.6660928726196289,32.77177047729492,0.6660928726196289,32.771769841074274,LSTM,2,48,64,0.1
test_05,A3,test,5,9.600000381469727,94,316.9850769042969,0.8048779964447021,1.0,39.599998474121094,49.20000076293945,49.20000076293945,329.0,True,False,0.6660928726196289,32.77177047729492,0.6694843769073486,32.9386318546176,LSTM,2,48,64,0.1
test_05,A3,test,5,9.699999809265137,95,316.9850769042969,0.8028455376625061,1.0,39.5,49.20000076293945,49.20000076293945,329.0,True,False,0.6660928726196289,32.77177047729492,0.6727186441421509,33.09775780503742,LSTM,2,48,64,0.1
test_05,A3,test,5,9.800000190734863,96,316.9850769042969,0.8008130192756653,1.0,39.400001525878906,49.20000076293945,49.20000076293945,329.0,True,False,0.6660928726196289,32.77177047729492,0.6746940612792969,33.194948329692124,LSTM,2,48,64,0.1
test_05,A3,test,5,9.899999618530273,97,316.9850769042969,0.7987804412841797,0.995200514793396,39.29999923706055,49.20000076293945,49.20000076293945,329.0,True,False,0.6660928726196289,32.77177047729492,0.6689453125,32.91210988536477,LSTM,2,48,64,0.1
test_05,A3,test,5,10.0,98,316.9850769042969,0.7967479825019836,0.9974021315574646,39.20000076293945,49.20000076293945,49.20000076293945,329.0,True,False,0.6660928726196289,32.77177047729492,0.6680431365966797,32.867722830233106,LSTM,2,48,64,0.1
test_05,A3,test,5,10.100000381469727,99,316.9850769042969,0.794715404510498,0.9974021315574646,39.099998474121094,49.20000076293945,49.20000076293945,329.0,True,False,0.6660928726196289,32.77177047729492,0.6679618954658508,32.863725766534344,LSTM,2,48,64,0.1
test_05,A3,test,5,10.199999809265137,100,316.9850769042969,0.7926828861236572,0.9964585900306702,39.0,49.20000076293945,49.20000076293945,329.0,True,False,0.6660928726196289,32.77177047729492,0.6667778491973877,32.8054706892226,LSTM,2,48,64,0.1
test_05,A3,test,5,10.300000190734863,101,316.9850769042969,0.7906504273414612,0.9950433373451233,38.900001525878906,49.20000076293945,49.20000076293945,329.0,True,False,0.6643146276473999,32.68428039550781,0.6643146276473999,32.684280187083914,LSTM,2,48,64,0.1
test_05,A3,test,5,10.399999618530273,102,316.9850769042969,0.7886178493499756,0.9896965026855469,38.79999923706055,49.20000076293945,49.20000076293945,329.0,True,False,0.6573641896247864,32.34231948852539,0.6573641896247864,32.342318631068565,LSTM,2,48,64,0.1
test_05,A3,test,5,10.5,103,316.9850769042969,0.7865853905677795,0.9889102578163147,38.70000076293945,49.20000076293945,49.20000076293945,329.0,True,False,0.6531909704208374,32.13699722290039,0.6531909704208374,32.13699624305036,LSTM,2,48,64,0.1
test_05,A3,test,5,10.600000381469727,104,316.9850769042969,0.784552812576294,0.9885957837104797,38.599998474121094,49.20000076293945,49.20000076293945,329.0,True,False,0.6509513258934021,32.02680587768555,0.6509513258934021,32.02680573059183,LSTM,2,48,64,0.1
test_05,A3,test,5,10.699999809265137,105,316.9850769042969,0.7825202941894531,0.9885957837104797,38.5,49.20000076293945,49.20000076293945,329.0,True,False,0.64997398853302,31.978721618652344,0.64997398853302,31.978720731715384,LSTM,2,48,64,0.1
test_05,A3,test,5,10.800000190734863,106,316.9850769042969,0.7804878354072571,0.9863941669464111,38.400001525878906,49.20000076293945,49.20000076293945,329.0,True,False,0.6467041969299316,31.817846298217773,0.6467041969299316,31.817846982348783,LSTM,2,48,64,0.1
test_05,A3,test,5,10.899999618530273,107,316.9850769042969,0.7784552574157715,0.9885957837104797,38.29999923706055,49.20000076293945,49.20000076293945,329.0,True,False,0.6462137699127197,31.793718338012695,0.6462137699127197,31.79371797272779,LSTM,2,48,64,0.1
test_05,A3,test,5,11.0,108,316.9850769042969,0.7764227390289307,0.9885957837104797,38.20000076293945,49.20000076293945,49.20000076293945,329.0,True,False,0.645331621170044,31.750316619873047,0.645331621170044,31.750316253915116,LSTM,2,48,64,0.1
test_05,A3,test,5,11.100000381469727,109,316.9850769042969,0.7743902206420898,0.9863941669464111,38.099998474121094,49.20000076293945,49.20000076293945,329.0,True,False,0.642812192440033,31.626359939575195,0.642812192440033,31.626360358476404,LSTM,2,48,64,0.1
test_05,A3,test,5,11.199999809265137,110,316.9850769042969,0.772357702255249,0.9830917716026306,38.0,49.20000076293945,49.20000076293945,329.0,True,False,0.6381572484970093,31.397336959838867,0.6381572484970093,31.3973371129282,LSTM,2,48,64,0.1
test_05,A3,test,5,11.300000190734863,111,316.9850769042969,0.770325243473053,0.9810474514961243,37.900001525878906,49.20000076293945,49.20000076293945,329.0,True,False,0.6335946321487427,31.1728572845459,0.6335946321487427,31.172856385112482,LSTM,2,48,64,0.1
test_05,A3,test,5,11.399999618530273,112,316.9850769042969,0.7682926654815674,0.9810474514961243,37.79999923706055,49.20000076293945,49.20000076293945,329.0,True,False,0.6312534809112549,31.05767250061035,0.6312534809112549,31.057671742441926,LSTM,2,48,64,0.1
test_05,A3,test,5,11.5,113,316.9850769042969,0.7662601470947266,0.9832490682601929,37.70000076293945,49.20000076293945,49.20000076293945,329.0,True,False,0.6312534809112549,31.05767250061035,0.6318129897117615,31.08519957585372,LSTM,2,48,64,0.1
test_05,A3,test,5,11.600000381469727,114,316.9850769042969,0.7642276287078857,0.9830917716026306,37.599998474121094,49.20000076293945,49.20000076293945,329.0,True,False,0.6310323476791382,31.046791076660156,0.6310323476791382,31.046791987253073,LSTM,2,48,64,0.1
test_05,A3,test,5,11.699999809265137,115,316.9850769042969,0.7621951103210449,0.9830917716026306,37.5,49.20000076293945,49.20000076293945,329.0,True,False,0.6299493312835693,30.993507385253906,0.6299493312835693,30.99350757976481,LSTM,2,48,64,0.1
test_05,A3,test,5,11.800000190734863,116,316.9850769042969,0.7601625919342041,0.9764870405197144,37.400001525878906,49.20000076293945,49.20000076293945,329.0,True,False,0.623275637626648,30.6651611328125,0.623275637626648,30.665161846752653,LSTM,2,48,64,0.1
test_05,A3,test,5,11.899999618530273,117,316.9850769042969,0.7581300735473633,0.980890154838562,37.29999923706055,49.20000076293945,49.20000076293945,329.0,True,False,0.623275637626648,30.6651611328125,0.6245054006576538,30.725666188816376,LSTM,2,48,64,0.1
test_05,A3,test,5,12.0,118,316.9850769042969,0.7560975551605225,0.974442720413208,37.20000076293945,49.20000076293945,49.20000076293945,329.0,True,False,0.6186779737472534,30.43895721435547,0.6186779737472534,30.438956780378703,LSTM,2,48,64,0.1
test_05,A3,test,5,12.100000381469727,119,316.9850769042969,0.7540649771690369,0.9777451157569885,37.099998474121094,49.20000076293945,49.20000076293945,329.0,True,False,0.6186779737472534,30.43895721435547,0.6190727353096008,30.458379049547375,LSTM,2,48,64,0.1
test_05,A3,test,5,12.199999809265137,120,316.9850769042969,0.7520325183868408,0.9775877594947815,37.0,49.20000076293945,49.20000076293945,329.0,True,False,0.6185190677642822,30.43113899230957,0.6185190677642822,30.431138605895285,LSTM,2,48,64,0.1
test_05,A3,test,5,12.300000190734863,121,316.9850769042969,0.75,0.9711402654647827,36.900001525878906,49.20000076293945,49.20000076293945,329.0,True,False,0.6123920679092407,30.129690170288086,0.6123920679092407,30.129690208352713,LSTM,2,48,64,0.1
test_05,A3,test,5,12.399999618530273,122,316.9850769042969,0.7479674816131592,0.9742854237556458,36.79999923706055,49.20000076293945,49.20000076293945,329.0,True,False,0.6123920679092407,30.129690170288086,0.6124419569969177,30.132144751504484,LSTM,2,48,64,0.1
test_05,A3,test,5,12.5,123,316.9850769042969,0.7459349632263184,0.9797893762588501,36.70000076293945,49.20000076293945,49.20000076293945,329.0,True,False,0.6123920679092407,30.129690170288086,0.615891695022583,30.301871864999157,LSTM,2,48,64,0.1
test_05,A3,test,5,12.600000381469727,124,316.9850769042969,0.7439023852348328,0.9824627637863159,36.599998474121094,49.20000076293945,49.20000076293945,329.0,True,False,0.6123920679092407,30.129690170288086,0.6181274652481079,30.41187176180074,LSTM,2,48,64,0.1
test_05,A3,test,5,12.699999809265137,125,316.9850769042969,0.7418699264526367,0.9810474514961243,36.5,49.20000076293945,49.20000076293945,329.0,True,False,0.6123920679092407,30.129690170288086,0.6184775233268738,30.429094619543093,LSTM,2,48,64,0.1
test_05,A3,test,5,12.800000190734863,126,316.9850769042969,0.7398374080657959,0.9799467325210571,36.400001525878906,49.20000076293945,49.20000076293945,329.0,True,False,0.6123920679092407,30.129690170288086,0.6176004409790039,30.385942167358735,LSTM,2,48,64,0.1
test_05,A3,test,5,12.899999618530273,127,316.9850769042969,0.7378048300743103,0.9810474514961243,36.29999923706055,49.20000076293945,49.20000076293945,329.0,True,False,0.6123920679092407,30.129690170288086,0.6181533336639404,30.413144487879435,LSTM,2,48,64,0.1
test_05,A3,test,5,13.0,128,316.9850769042969,0.7357723712921143,0.9736563563346863,36.20000076293945,49.20000076293945,49.20000076293945,329.0,True,False,0.6123920679092407,30.129690170288086,0.6129043102264404,30.15489253074975,LSTM,2,48,64,0.1
test_05,A3,test,5,13.100000381469727,129,316.9850769042969,0.7337397933006287,0.9731846451759338,36.099998474121094,49.20000076293945,49.20000076293945,329.0,True,False,0.6103173494338989,30.02761459350586,0.6103173494338989,30.027614057783012,LSTM,2,48,64,0.1
test_05,A3,test,5,13.199999809265137,130,316.9850769042969,0.7317073345184326,0.9741281867027283,36.0,49.20000076293945,49.20000076293945,329.0,True,False,0.6097339391708374,29.998910903930664,0.6097339391708374,29.99891027239528,LSTM,2,48,64,0.1
test_05,A3,test,5,13.300000190734863,131,316.9850769042969,0.7296748161315918,0.9711402654647827,35.900001525878906,49.20000076293945,49.20000076293945,329.0,True,False,0.6069521903991699,29.862049102783203,0.6069521903991699,29.862048230706932,LSTM,2,48,64,0.1
test_05,A3,test,5,13.399999618530273,132,316.9850769042969,0.7276422381401062,0.9711402654647827,35.79999923706055,49.20000076293945,49.20000076293945,329.0,True,False,0.6054123640060425,29.78628921508789,0.6054123640060425,29.786288770990268,LSTM,2,48,64,0.1
test_05,A3,test,5,13.5,133,316.9850769042969,0.7256097793579102,0.9689387083053589,35.70000076293945,49.20000076293945,49.20000076293945,329.0,True,False,0.6026822328567505,29.651966094970703,0.6026822328567505,29.651966316362177,LSTM,2,48,64,0.1
test_05,A3,test,5,13.600000381469727,134,316.9850769042969,0.7235772013664246,0.9657935500144958,35.599998474121094,49.20000076293945,49.20000076293945,329.0,True,False,0.5985398292541504,29.44816017150879,0.5985398292541504,29.44816005595385,LSTM,2,48,64,0.1
test_05,A3,test,5,13.699999809265137,135,316.9850769042969,0.7215446829795837,0.9656363725662231,35.5,49.20000076293945,49.20000076293945,329.0,True,False,0.5965914726257324,29.3523006439209,0.5965914726257324,29.352300908349207,LSTM,2,48,64,0.1
test_05,A3,test,5,13.800000190734863,136,316.9850769042969,0.7195122241973877,0.9656363725662231,35.400001525878906,49.20000076293945,49.20000076293945,329.0,True,False,0.5952163338661194,29.284643173217773,0.5952163338661194,29.284644080327098,LSTM,2,48,64,0.1
test_05,A3,test,5,13.899999618530273,137,316.9850769042969,0.7174796462059021,0.9678378701210022,35.29999923706055,49.20000076293945,49.20000076293945,329.0,True,False,0.5952163338661194,29.284643173217773,0.5954402089118958,29.2956587327501,LSTM,2,48,64,0.1
test_05,A3,test,5,14.0,138,316.9850769042969,0.715447187423706,0.9656363725662231,35.20000076293945,49.20000076293945,49.20000076293945,329.0,True,False,0.5929446220397949,29.172876358032227,0.5929446220397949,29.172875856738756,LSTM,2,48,64,0.1
test_05,A3,test,5,14.100000381469727,139,316.9850769042969,0.7134146094322205,0.9678378701210022,35.099998474121094,49.20000076293945,49.20000076293945,329.0,True,False,0.5929446220397949,29.172876358032227,0.5940378308296204,29.22666173003222,LSTM,2,48,64,0.1
test_05,A3,test,5,14.199999809265137,140,316.9850769042969,0.7113820910453796,0.9689387083053589,35.0,49.20000076293945,49.20000076293945,329.0,True,False,0.5929446220397949,29.172876358032227,0.5947461724281311,29.26151213721937,LSTM,2,48,64,0.1
test_05,A3,test,5,14.300000190734863,141,316.9850769042969,0.7093496322631836,0.9656363725662231,34.900001525878906,49.20000076293945,49.20000076293945,329.0,True,False,0.5923261642456055,29.14244842529297,0.5923261642456055,29.14244773279279,LSTM,2,48,64,0.1
test_05,A3,test,5,14.399999618530273,142,316.9850769042969,0.707317054271698,0.9656363725662231,34.79999923706055,49.20000076293945,49.20000076293945,329.0,True,False,0.5912600159645081,29.08999252319336,0.5912600159645081,29.08999323654939,LSTM,2,48,64,0.1
test_05,A3,test,5,14.5,143,316.9850769042969,0.7052845358848572,0.9623339772224426,34.70000076293945,49.20000076293945,49.20000076293945,329.0,True,False,0.587710440158844,28.915353775024414,0.587710440158844,28.915354104202606,LSTM,2,48,64,0.1
test_05,A3,test,5,14.600000381469727,144,316.9850769042969,0.7032520174980164,0.9590315222740173,34.599998474121094,49.20000076293945,49.20000076293945,329.0,True,False,0.5837303996086121,28.71953582763672,0.5837303996086121,28.719536106094665,LSTM,2,48,64,0.1
test_05,A3,test,5,14.699999809265137,145,316.9850769042969,0.7012194991111755,0.960132360458374,34.5,49.20000076293945,49.20000076293945,329.0,True,False,0.5832124948501587,28.694055557250977,0.5832124948501587,28.69405519158363,LSTM,2,48,64,0.1
test_05,A3,test,5,14.800000190734863,146,316.9850769042969,0.6991870403289795,0.960132360458374,34.400001525878906,49.20000076293945,49.20000076293945,329.0,True,False,0.5820589065551758,28.637298583984375,0.5820589065551758,28.637298646590352,LSTM,2,48,64,0.1
test_05,A3,test,5,14.899999618530273,147,316.9850769042969,0.6971544623374939,0.9634347558021545,34.29999923706055,49.20000076293945,49.20000076293945,329.0,True,False,0.5820589065551758,28.637298583984375,0.5839294195175171,28.729327885764633,LSTM,2,48,64,0.1
test_05,A3,test,5,15.0,148,316.9850769042969,0.6951219439506531,0.9634347558021545,34.20000076293945,49.20000076293945,49.20000076293945,329.0,True,False,0.5820589065551758,28.637298583984375,0.5833339095115662,28.70002879301751,LSTM,2,48,64,0.1
test_05,A3,test,5,15.100000381469727,149,316.9850769042969,0.6930893659591675,0.9634347558021545,34.099998474121094,49.20000076293945,49.20000076293945,329.0,True,False,0.5820589065551758,28.637298583984375,0.583206057548523,28.69373847633824,LSTM,2,48,64,0.1
test_05,A3,test,5,15.199999809265137,150,316.9850769042969,0.6910569071769714,0.9656363725662231,34.0,49.20000076293945,49.20000076293945,329.0,True,False,0.5820589065551758,28.637298583984375,0.5847116112709045,28.76781172062806,LSTM,2,48,64,0.1
test_05,A3,test,5,15.300000190734863,151,316.9850769042969,0.6890243887901306,0.9656363725662231,33.900001525878906,49.20000076293945,49.20000076293945,329.0,True,False,0.5820589065551758,28.637298583984375,0.5850458741188049,28.784257452999782,LSTM,2,48,64,0.1
test_05,A3,test,5,15.399999618530273,152,316.9850769042969,0.6869918704032898,0.9634347558021545,33.79999923706055,49.20000076293945,49.20000076293945,329.0,True,False,0.5820589065551758,28.637298583984375,0.5837184190750122,28.718946663832412,LSTM,2,48,64,0.1
test_05,A3,test,5,15.5,153,316.9850769042969,0.684959352016449,0.9653218388557434,33.70000076293945,49.20000076293945,49.20000076293945,329.0,True,False,0.5820589065551758,28.637298583984375,0.5852096080780029,28.792313163917242,LSTM,2,48,64,0.1
test_05,A3,test,5,15.600000381469727,154,316.9850769042969,0.6829267740249634,0.9646928310394287,33.599998474121094,49.20000076293945,49.20000076293945,329.0,True,False,0.5820589065551758,28.637298583984375,0.58456951379776,28.760820524840938,LSTM,2,48,64,0.1
test_05,A3,test,5,15.699999809265137,155,316.9850769042969,0.6808943152427673,0.9632773995399475,33.5,49.20000076293945,49.20000076293945,329.0,True,False,0.5820589065551758,28.637298583984375,0.5838119983673096,28.723550765084838,LSTM,2,48,64,0.1
test_05,A3,test,5,15.800000190734863,156,316.9850769042969,0.6788617968559265,0.9590315222740173,33.400001525878906,49.20000076293945,49.20000076293945,329.0,True,False,0.5805628895759583,28.56369400024414,0.5805628895759583,28.56369461007148,LSTM,2,48,64,0.1
test_05,A3,test,5,15.899999618530273,157,316.9850769042969,0.6768292188644409,0.9503824710845947,33.29999923706055,49.20000076293945,49.20000076293945,329.0,True,False,0.5723445415496826,28.159351348876953,0.5723445415496826,28.159351880908616,LSTM,2,48,64,0.1
test_05,A3,test,5,16.0,158,316.9850769042969,0.6747967600822449,0.9514831900596619,33.20000076293945,49.20000076293945,49.20000076293945,329.0,True,False,0.5712146162986755,28.103759765625,0.5712146162986755,28.103759557697003,LSTM,2,48,64,0.1
test_05,A3,test,5,16.100000381469727,159,316.9850769042969,0.6727641820907593,0.9514831900596619,33.099998474121094,49.20000076293945,49.20000076293945,329.0,True,False,0.5693144202232361,28.010269165039062,0.5693144202232361,28.010269909335648,LSTM,2,48,64,0.1
test_05,A3,test,5,16.200000762939453,160,316.9850769042969,0.6707317233085632,0.9514831900596619,33.0,49.20000076293945,49.20000076293945,329.0,True,False,0.5682099461555481,27.955930709838867,0.5682099461555481,27.955929784362752,LSTM,2,48,64,0.1
test_05,A3,test,5,16.299999237060547,161,316.9850769042969,0.6686992049217224,0.9514831900596619,32.900001525878906,49.20000076293945,49.20000076293945,329.0,True,False,0.5671560168266296,27.904075622558594,0.5671560168266296,27.90407646057588,LSTM,2,48,64,0.1
test_05,A3,test,5,16.399999618530273,162,316.9850769042969,0.6666666269302368,0.9470800757408142,32.79999923706055,49.20000076293945,49.20000076293945,329.0,True,False,0.5629429221153259,27.696792602539062,0.5629429221153259,27.6967921975654,LSTM,2,48,64,0.1
test_05,A3,test,5,16.5,163,316.9850769042969,0.6646341681480408,0.9415760636329651,32.70000076293945,49.20000076293945,49.20000076293945,329.0,True,False,0.5569062232971191,27.3997859954834,0.5569062232971191,27.39978661110399,LSTM,2,48,64,0.1
test_05,A3,test,5,16.600000381469727,164,316.9850769042969,0.6626015901565552,0.942676842212677,32.599998474121094,49.20000076293945,49.20000076293945,329.0,True,False,0.5559077262878418,27.35066032409668,0.5559077262878418,27.350660557485753,LSTM,2,48,64,0.1
test_05,A3,test,5,16.700000762939453,165,316.9850769042969,0.6605690717697144,0.946922779083252,32.5,49.20000076293945,49.20000076293945,329.0,True,False,0.5559077262878418,27.35066032409668,0.5576891899108887,27.438308569098808,LSTM,2,48,64,0.1
test_05,A3,test,5,16.799999237060547,166,316.9850769042969,0.6585366129875183,0.9470800757408142,32.400001525878906,49.20000076293945,49.20000076293945,329.0,True,False,0.5559077262878418,27.35066032409668,0.5565866827964783,27.38406521822867,LSTM,2,48,64,0.1
test_05,A3,test,5,16.899999618530273,167,316.9850769042969,0.6565040349960327,0.9470800757408142,32.29999923706055,49.20000076293945,49.20000076293945,329.0,True,False,0.5559077262878418,27.35066032409668,0.5561544895172119,27.36280130855903,LSTM,2,48,64,0.1
test_05,A3,test,5,17.0,168,316.9850769042969,0.6544715762138367,0.9382737278938293,32.20000076293945,49.20000076293945,49.20000076293945,329.0,True,False,0.5494710803031921,27.033977508544922,0.5494710803031921,27.03397757013022,LSTM,2,48,64,0.1
test_05,A3,test,5,17.100000381469727,169,316.9850769042969,0.6524389982223511,0.942676842212677,32.099998474121094,49.20000076293945,49.20000076293945,329.0,True,False,0.5494710803031921,27.033977508544922,0.5520364046096802,27.160191527966617,LSTM,2,48,64,0.1
test_05,A3,test,5,17.200000762939453,170,316.9850769042969,0.6504064798355103,0.9448784589767456,32.0,49.20000076293945,49.20000076293945,329.0,True,False,0.5494710803031921,27.033977508544922,0.5513087511062622,27.124390975043298,LSTM,2,48,64,0.1
test_05,A3,test,5,17.299999237060547,171,316.9850769042969,0.6483739614486694,0.9448784589767456,31.899999618530273,49.20000076293945,49.20000076293945,329.0,True,False,0.5494710803031921,27.033977508544922,0.5508571267127991,27.10217105454035,LSTM,2,48,64,0.1
test_05,A3,test,5,17.399999618530273,172,316.9850769042969,0.6463414430618286,0.9483381509780884,31.799999237060547,49.20000076293945,49.20000076293945,329.0,True,False,0.5494710803031921,27.033977508544922,0.5533497929573059,27.22481023567184,LSTM,2,48,64,0.1
test_05,A3,test,5,17.5,173,316.9850769042969,0.6443089246749878,0.9481808543205261,31.700000762939453,49.20000076293945,49.20000076293945,329.0,True,False,0.5494710803031921,27.033977508544922,0.5534049868583679,27.2275257756462,LSTM,2,48,64,0.1
test_05,A3,test,5,17.600000381469727,174,316.9850769042969,0.642276406288147,0.9470800757408142,31.600000381469727,49.20000076293945,49.20000076293945,329.0,True,False,0.5494710803031921,27.033977508544922,0.5536444187164307,27.23930582324556,LSTM,2,48,64,0.1
test_05,A3,test,5,17.700000762939453,175,316.9850769042969,0.6402438879013062,0.9502252340316772,31.5,49.20000076293945,49.20000076293945,329.0,True,False,0.5494710803031921,27.033977508544922,0.5564360618591309,27.376654667996263,LSTM,2,48,64,0.1
test_05,A3,test,5,17.799999237060547,176,316.9850769042969,0.6382113695144653,0.9480236172676086,31.399999618530273,49.20000076293945,49.20000076293945,329.0,True,False,0.5494710803031921,27.033977508544922,0.5551468133926392,27.313223642461253,LSTM,2,48,64,0.1
test_05,A3,test,5,17.899999618530273,177,316.9850769042969,0.6361788511276245,0.9448784589767456,31.299999237060547,49.20000076293945,49.20000076293945,329.0,True,False,0.5494710803031921,27.033977508544922,0.5532087683677673,27.217871825758948,LSTM,2,48,64,0.1
test_05,A3,test,5,18.0,178,316.9850769042969,0.6341463327407837,0.9448784589767456,31.200000762939453,49.20000076293945,49.20000076293945,329.0,True,False,0.5494710803031921,27.033977508544922,0.5531812906265259,27.216519920868905,LSTM,2,48,64,0.1
test_05,A3,test,5,18.100000381469727,179,316.9850769042969,0.6321138143539429,0.9461365342140198,31.100000381469727,49.20000076293945,49.20000076293945,329.0,True,False,0.5494710803031921,27.033977508544922,0.5536736845970154,27.240745704592655,LSTM,2,48,64,0.1
test_05,A3,test,5,18.200000762939453,180,316.9850769042969,0.630081295967102,0.9480236172676086,31.0,49.20000076293945,49.20000076293945,329.0,True,False,0.5494710803031921,27.033977508544922,0.5548539757728577,27.298816031344586,LSTM,2,48,64,0.1
test_05,A3,test,5,18.299999237060547,181,316.9850769042969,0.6280487775802612,0.942676842212677,30.899999618530273,49.20000076293945,49.20000076293945,329.0,True,False,0.5494710803031921,27.033977508544922,0.5513814687728882,27.127968684296775,LSTM,2,48,64,0.1
test_05,A3,test,5,18.399999618530273,182,316.9850769042969,0.6260162591934204,0.942676842212677,30.799999237060547,49.20000076293945,49.20000076293945,329.0,True,False,0.5494710803031921,27.033977508544922,0.5512735843658447,27.122660771387928,LSTM,2,48,64,0.1
test_05,A3,test,5,18.5,183,316.9850769042969,0.6239837408065796,0.942676842212677,30.700000762939453,49.20000076293945,49.20000076293945,329.0,True,False,0.5494710803031921,27.033977508544922,0.5503872036933899,27.079050841626895,LSTM,2,48,64,0.1
test_05,A3,test,5,18.600000381469727,184,316.9850769042969,0.6219512224197388,0.9415760636329651,30.600000381469727,49.20000076293945,49.20000076293945,329.0,True,False,0.5490914583206177,27.015300750732422,0.5490914583206177,27.015300168297927,LSTM,2,48,64,0.1
test_05,A3,test,5,18.700000762939453,185,316.9850769042969,0.619918704032898,0.9415760636329651,30.5,49.20000076293945,49.20000076293945,329.0,True,False,0.5481084585189819,26.966936111450195,0.5481084585189819,26.96693657730748,LSTM,2,48,64,0.1
test_05,A3,test,5,18.799999237060547,186,316.9850769042969,0.6178861856460571,0.9395318031311035,30.399999618530273,49.20000076293945,49.20000076293945,329.0,True,False,0.5455591082572937,26.841508865356445,0.5455591082572937,26.841508542487418,LSTM,2,48,64,0.1
test_05,A3,test,5,18.899999618530273,187,316.9850769042969,0.6158536076545715,0.9252214431762695,30.299999237060547,49.20000076293945,49.20000076293945,329.0,True,False,0.5337578058242798,26.26088523864746,0.5337578058242798,26.260884453779454,LSTM,2,48,64,0.1
test_05,A3,test,5,19.0,188,316.9850769042969,0.6138211488723755,0.9382737278938293,30.200000762939453,49.20000076293945,49.20000076293945,329.0,True,False,0.5337578058242798,26.26088523864746,0.5461774468421936,26.871930801336248,LSTM,2,48,64,0.1
test_05,A3,test,5,19.100000381469727,189,316.9850769042969,0.6117886304855347,0.938430905342102,30.100000381469727,49.20000076293945,49.20000076293945,329.0,True,False,0.5337578058242798,26.26088523864746,0.5406545996665955,26.60020671608322,LSTM,2,48,64,0.1
test_05,A3,test,5,19.200000762939453,190,316.9850769042969,0.6097561120986938,0.9382737278938293,30.0,49.20000076293945,49.20000076293945,329.0,True,False,0.5337578058242798,26.26088523864746,0.541330099105835,26.63344128900917,LSTM,2,48,64,0.1
test_05,A3,test,5,19.299999237060547,191,316.9850769042969,0.6077235341072083,0.9296245574951172,29.899999618530273,49.20000076293945,49.20000076293945,329.0,True,False,0.5337578058242798,26.26088523864746,0.535660982131958,26.35452072956923,LSTM,2,48,64,0.1
test_05,A3,test,5,19.399999618530273,192,316.9850769042969,0.6056910157203674,0.9329269528388977,29.799999237060547,49.20000076293945,49.20000076293945,329.0,True,False,0.5337578058242798,26.26088523864746,0.5381839871406555,26.47865257792205,LSTM,2,48,64,0.1
test_05,A3,test,5,19.5,193,316.9850769042969,0.6036585569381714,0.9274230599403381,29.700000762939453,49.20000076293945,49.20000076293945,329.0,True,False,0.5326099991798401,26.20441246032715,0.5326099991798401,26.204412365997314,LSTM,2,48,64,0.1
test_05,A3,test,5,19.600000381469727,194,316.9850769042969,0.6016260385513306,0.9241206645965576,29.600000381469727,49.20000076293945,49.20000076293945,329.0,True,False,0.5292097330093384,26.037118911743164,0.5292097330093384,26.037119267814433,LSTM,2,48,64,0.1
test_05,A3,test,5,19.700000762939453,195,316.9850769042969,0.599593460559845,0.9208182096481323,29.5,49.20000076293945,49.20000076293945,329.0,True,False,0.525417685508728,25.850549697875977,0.525417685508728,25.8505505278913,LSTM,2,48,64,0.1
test_05,A3,test,5,19.799999237060547,196,316.9850769042969,0.5975609421730042,0.918773889541626,29.399999618530273,49.20000076293945,49.20000076293945,329.0,True,False,0.5228831171989441,25.725849151611328,0.5228831171989441,25.72584976511621,LSTM,2,48,64,0.1
test_05,A3,test,5,19.899999618530273,197,316.9850769042969,0.5955284237861633,0.9173586368560791,29.299999237060547,49.20000076293945,49.20000076293945,329.0,True,False,0.5203533172607422,25.601383209228516,0.5203533172607422,25.60138360622659,LSTM,2,48,64,0.1
test_05,A3,test,5,20.0,198,316.9850769042969,0.5934959650039673,0.9132698774337769,29.200000762939453,49.20000076293945,49.20000076293945,329.0,True,False,0.5159956216812134,25.386985778808594,0.5159956216812134,25.386984980389116,LSTM,2,48,64,0.1
test_05,A3,test,5,20.100000381469727,199,316.9850769042969,0.5914633870124817,0.9099675416946411,29.100000381469727,49.20000076293945,49.20000076293945,329.0,True,False,0.5127308964729309,25.226360321044922,0.5127308964729309,25.22636049765083,LSTM,2,48,64,0.1
test_05,A3,test,5,20.200000762939453,200,316.9850769042969,0.5894308686256409,0.9099675416946411,29.0,49.20000076293945,49.20000076293945,329.0,True,False,0.5113735795021057,25.15958023071289,0.5113735795021057,25.15958050165068,LSTM,2,48,64,0.1
test_05,A3,test,5,20.299999237060547,201,316.9850769042969,0.5873983502388,0.9066651463508606,28.899999618530273,49.20000076293945,49.20000076293945,329.0,True,False,0.5073281526565552,24.96054458618164,0.5073281526565552,24.960545497763178,LSTM,2,48,64,0.1
test_05,A3,test,5,20.399999618530273,202,316.9850769042969,0.5853658318519592,0.904935359954834,28.799999237060547,49.20000076293945,49.20000076293945,329.0,True,False,0.5058808326721191,24.88933753967285,0.5058808326721191,24.889337353424708,LSTM,2,48,64,0.1
test_05,A3,test,5,20.5,203,316.9850769042969,0.5833333134651184,0.9066651463508606,28.700000762939453,49.20000076293945,49.20000076293945,329.0,True,False,0.5057533979415894,24.883068084716797,0.5057533979415894,24.883067564585417,LSTM,2,48,64,0.1
test_05,A3,test,5,20.600000381469727,204,316.9850769042969,0.5813007950782776,0.904463529586792,28.600000381469727,49.20000076293945,49.20000076293945,329.0,True,False,0.502709686756134,24.73331642150879,0.502709686756134,24.733316971938848,LSTM,2,48,64,0.1
test_05,A3,test,5,20.700000762939453,205,316.9850769042969,0.5792682766914368,0.9038345217704773,28.5,49.20000076293945,49.20000076293945,329.0,True,False,0.5021287798881531,24.704736709594727,0.5021287798881531,24.704736353590988,LSTM,2,48,64,0.1
test_05,A3,test,5,20.799999237060547,206,316.9850769042969,0.577235758304596,0.9025765061378479,28.399999618530273,49.20000076293945,49.20000076293945,329.0,True,False,0.5005562901496887,24.627368927001953,0.5005562901496887,24.627369857258827,LSTM,2,48,64,0.1
test_05,A3,test,5,20.899999618530273,207,316.9850769042969,0.5752032399177551,0.8991168737411499,28.299999237060547,49.20000076293945,49.20000076293945,329.0,True,False,0.49741238355636597,24.47269058227539,0.49741238355636597,24.472689650468737,LSTM,2,48,64,0.1
test_05,A3,test,5,21.0,208,316.9850769042969,0.5731707215309143,0.8903104662895203,28.200000762939453,49.20000076293945,49.20000076293945,329.0,True,False,0.49050378799438477,24.13278579711914,0.49050378799438477,24.132786743548422,LSTM,2,48,64,0.1
test_05,A3,test,5,21.100000381469727,209,316.9850769042969,0.5711382031440735,0.8925120830535889,28.100000381469727,49.20000076293945,49.20000076293945,329.0,True,False,0.49050378799438477,24.13278579711914,0.49323976039886475,24.26739658793622,LSTM,2,48,64,0.1
test_05,A3,test,5,21.200000762939453,210,316.9850769042969,0.5691056847572327,0.8947136402130127,28.0,49.20000076293945,49.20000076293945,329.0,True,False,0.49050378799438477,24.13278579711914,0.49199333786964417,24.20607259854762,LSTM,2,48,64,0.1
test_05,A3,test,5,21.299999237060547,211,316.9850769042969,0.5670731663703918,0.8958144783973694,27.899999618530273,49.20000076293945,49.20000076293945,329.0,True,False,0.49050378799438477,24.13278579711914,0.49129199981689453,24.17156676581726,LSTM,2,48,64,0.1
test_05,A3,test,5,21.399999618530273,212,316.9850769042969,0.565040647983551,0.8958144783973694,27.799999237060547,49.20000076293945,49.20000076293945,329.0,True,False,0.49050378799438477,24.13278579711914,0.49080637097358704,24.147673826356026,LSTM,2,48,64,0.1
test_05,A3,test,5,21.5,213,316.9850769042969,0.5630081295967102,0.8925120830535889,27.700000762939453,49.20000076293945,49.20000076293945,329.0,True,False,0.48834389448165894,24.026519775390625,0.48834389448165894,24.026519981074443,LSTM,2,48,64,0.1
test_05,A3,test,5,21.600000381469727,214,316.9850769042969,0.5609756112098694,0.8903104662895203,27.600000381469727,49.20000076293945,49.20000076293945,329.0,True,False,0.4876789450645447,23.993804931640625,0.4876789450645447,23.993804469245106,LSTM,2,48,64,0.1
test_05,A3,test,5,21.700000762939453,215,316.9850769042969,0.5589430928230286,0.883705735206604,27.5,49.20000076293945,49.20000076293945,329.0,True,False,0.4828305244445801,23.75526237487793,0.4828305244445801,23.755262171043796,LSTM,2,48,64,0.1
test_05,A3,test,5,21.799999237060547,216,316.9850769042969,0.5569105744361877,0.8870081305503845,27.399999618530273,49.20000076293945,49.20000076293945,329.0,True,False,0.4828305244445801,23.75526237487793,0.48608702421188354,23.91548196207964,LSTM,2,48,64,0.1
test_05,A3,test,5,21.899999618530273,217,316.9850769042969,0.5548779964447021,0.8870081305503845,27.299999237060547,49.20000076293945,49.20000076293945,329.0,True,False,0.4828305244445801,23.75526237487793,0.4831562042236328,23.771285616421665,LSTM,2,48,64,0.1
test_05,A3,test,5,22.0,218,316.9850769042969,0.5528455376625061,0.8870081305503845,27.200000762939453,49.20000076293945,49.20000076293945,329.0,True,False,0.48252737522125244,23.740346908569336,0.48252737522125244,23.740347229024792,LSTM,2,48,64,0.1
test_05,A3,test,5,22.100000381469727,219,316.9850769042969,0.5508130192756653,0.8925120830535889,27.100000381469727,49.20000076293945,49.20000076293945,329.0,True,False,0.48252737522125244,23.740346908569336,0.4856274724006653,23.89287201261709,LSTM,2,48,64,0.1
test_05,A3,test,5,22.200000762939453,220,316.9850769042969,0.5487805008888245,0.8947136402130127,27.0,49.20000076293945,49.20000076293945,329.0,True,False,0.48252737522125244,23.740346908569336,0.4845486879348755,23.839795816077185,LSTM,2,48,64,0.1
test_05,A3,test,5,22.299999237060547,221,316.9850769042969,0.5467479228973389,0.8925120830535889,26.899999618530273,49.20000076293945,49.20000076293945,329.0,True,False,0.48252737522125244,23.740346908569336,0.48422086238861084,23.823666798950853,LSTM,2,48,64,0.1
test_05,A3,test,5,22.399999618530273,222,316.9850769042969,0.544715404510498,0.8892097473144531,26.799999237060547,49.20000076293945,49.20000076293945,329.0,True,False,0.48252737522125244,23.740346908569336,0.4840391278266907,23.81472545836573,LSTM,2,48,64,0.1
test_05,A3,test,5,22.5,223,316.9850769042969,0.542682945728302,0.8870081305503845,26.700000762939453,49.20000076293945,49.20000076293945,329.0,True,False,0.48252737522125244,23.740346908569336,0.48367902636528015,23.797008466189595,LSTM,2,48,64,0.1
test_05,A3,test,5,22.600000381469727,224,316.9850769042969,0.5406504273414612,0.8870081305503845,26.600000381469727,49.20000076293945,49.20000076293945,329.0,True,False,0.48252737522125244,23.740346908569336,0.48382389545440674,23.80413602548515,LSTM,2,48,64,0.1
test_05,A3,test,5,22.700000762939453,225,316.9850769042969,0.5386178493499756,0.8903104662895203,26.5,49.20000076293945,49.20000076293945,329.0,True,False,0.48252737522125244,23.740346908569336,0.4852822422981262,23.87588669130878,LSTM,2,48,64,0.1
test_05,A3,test,5,22.799999237060547,226,316.9850769042969,0.5365853309631348,0.8882662057876587,26.399999618530273,49.20000076293945,49.20000076293945,329.0,True,False,0.48252737522125244,23.740346908569336,0.4826508164405823,23.746420537109998,LSTM,2,48,64,0.1
test_05,A3,test,5,22.899999618530273,227,316.9850769042969,0.534552812576294,0.8868508338928223,26.299999237060547,49.20000076293945,49.20000076293945,329.0,True,False,0.48252737522125244,23.740346908569336,0.4826015830039978,23.74399825199248,LSTM,2,48,64,0.1
test_05,A3,test,5,23.0,228,316.9850769042969,0.5325203537940979,0.8859073519706726,26.200000762939453,49.20000076293945,49.20000076293945,329.0,True,False,0.4819156527519226,23.710250854492188,0.4819156527519226,23.710250483067057,LSTM,2,48,64,0.1
test_05,A3,test,5,23.100000381469727,229,316.9850769042969,0.5304877758026123,0.8815041184425354,26.100000381469727,49.20000076293945,49.20000076293945,329.0,True,False,0.47892946004867554,23.563329696655273,0.47892946004867554,23.563329799789017,LSTM,2,48,64,0.1
test_05,A3,test,5,23.200000762939453,230,316.9850769042969,0.5284552574157715,0.8815041184425354,26.0,49.20000076293945,49.20000076293945,329.0,True,False,0.47892946004867554,23.563329696655273,0.479877769947052,23.609986647512642,LSTM,2,48,64,0.1
test_05,A3,test,5,23.299999237060547,231,316.9850769042969,0.5264227390289307,0.8808751106262207,25.899999618530273,49.20000076293945,49.20000076293945,329.0,True,False,0.4784204363822937,23.538286209106445,0.4784204363822937,23.538285835014676,LSTM,2,48,64,0.1
test_05,A3,test,5,23.399999618530273,232,316.9850769042969,0.5243902206420898,0.8783590197563171,25.799999237060547,49.20000076293945,49.20000076293945,329.0,True,False,0.4765097498893738,23.44428062438965,0.4765097498893738,23.444280058105278,LSTM,2,48,64,0.1
test_05,A3,test,5,23.5,233,316.9850769042969,0.522357702255249,0.8783590197563171,25.700000762939453,49.20000076293945,49.20000076293945,329.0,True,False,0.4765097498893738,23.44428062438965,0.4765399694442749,23.44576686022947,LSTM,2,48,64,0.1
test_05,A3,test,5,23.600000381469727,234,316.9850769042969,0.5203251838684082,0.8783590197563171,25.600000381469727,49.20000076293945,49.20000076293945,329.0,True,False,0.4760224521160126,23.420305252075195,0.4760224521160126,23.420305007284128,LSTM,2,48,64,0.1
test_05,A3,test,5,23.700000762939453,235,316.9850769042969,0.5182926654815674,0.8772581815719604,25.5,49.20000076293945,49.20000076293945,329.0,True,False,0.4749182462692261,23.365978240966797,0.4749182462692261,23.36597807877979,LSTM,2,48,64,0.1
test_05,A3,test,5,23.799999237060547,236,316.9850769042969,0.5162601470947266,0.8772581815719604,25.399999618530273,49.20000076293945,49.20000076293945,329.0,True,False,0.4749182462692261,23.365978240966797,0.4750478267669678,23.372353439367544,LSTM,2,48,64,0.1
test_05,A3,test,5,23.899999618530273,237,316.9850769042969,0.5142276287078857,0.8804033398628235,25.299999237060547,49.20000076293945,49.20000076293945,329.0,True,False,0.4749182462692261,23.365978240966797,0.4768577516078949,23.46140174292202,LSTM,2,48,64,0.1
test_05,A3,test,5,24.0,238,316.9850769042969,0.5121951103210449,0.8838629126548767,25.200000762939453,49.20000076293945,49.20000076293945,329.0,True,False,0.4749182462692261,23.365978240966797,0.47694090008735657,23.465492648174973,LSTM,2,48,64,0.1
test_05,A3,test,5,24.100000381469727,239,316.9850769042969,0.5101625919342041,0.8772581815719604,25.100000381469727,49.20000076293945,49.20000076293945,329.0,True,False,0.4719332754611969,23.219118118286133,0.4719332754611969,23.219117512747403,LSTM,2,48,64,0.1
test_05,A3,test,5,24.200000762939453,240,316.9850769042969,0.5081300735473633,0.8596455454826355,25.0,49.20000076293945,49.20000076293945,329.0,True,False,0.4605935513973236,22.661203384399414,0.4605935513973236,22.661203080153314,LSTM,2,48,64,0.1
test_05,A3,test,5,24.299999237060547,241,316.9850769042969,0.5060975551605225,0.8596455454826355,24.899999618530273,49.20000076293945,49.20000076293945,329.0,True,False,0.4605935513973236,22.661203384399414,0.46638554334640503,22.94616908846706,LSTM,2,48,64,0.1
test_05,A3,test,5,24.399999618530273,242,316.9850769042969,0.5040650367736816,0.8574438691139221,24.799999237060547,49.20000076293945,49.20000076293945,329.0,True,False,0.4605935513973236,22.661203384399414,0.46172186732292175,22.71671622455358,LSTM,2,48,64,0.1
test_05,A3,test,5,24.5,243,316.9850769042969,0.5020325183868408,0.8574438691139221,24.700000762939453,49.20000076293945,49.20000076293945,329.0,True,False,0.4605935513973236,22.661203384399414,0.4618501663208008,22.72302853534711,LSTM,2,48,64,0.1
test_05,A3,test,5,24.600000381469727,244,316.9850769042969,0.5,0.856343150138855,24.600000381469727,49.20000076293945,49.20000076293945,329.0,True,False,0.4596935212612152,22.61692237854004,0.4596935212612152,22.616921596770112,LSTM,2,48,64,0.1
test_05,A3,test,5,24.700000762939453,245,316.9850769042969,0.4979674816131592,0.8541415929794312,24.5,49.20000076293945,49.20000076293945,329.0,True,False,0.4578167796134949,22.524585723876953,0.4578167796134949,22.52458590627043,LSTM,2,48,64,0.1
test_05,A3,test,5,24.799999237060547,246,316.9850769042969,0.49593493342399597,0.848637580871582,24.399999618530273,49.20000076293945,49.20000076293945,329.0,True,False,0.4539397656917572,22.333837509155273,0.4539397656917572,22.33383681836301,LSTM,2,48,64,0.1
test_05,A3,test,5,24.899999618530273,247,316.9850769042969,0.49390241503715515,0.8475367426872253,24.299999237060547,49.20000076293945,49.20000076293945,329.0,True,False,0.4539397656917572,22.333837509155273,0.4550379514694214,22.387867559461938,LSTM,2,48,64,0.1
test_05,A3,test,5,25.0,248,316.9850769042969,0.4918699264526367,0.8399883508682251,24.200000762939453,49.20000076293945,49.20000076293945,329.0,True,False,0.44806236028671265,22.044668197631836,0.44806236028671265,22.044668467950714,LSTM,2,48,64,0.1
test_05,A3,test,5,25.100000381469727,249,316.9850769042969,0.4898374080657959,0.8434479832649231,24.100000381469727,49.20000076293945,49.20000076293945,329.0,True,False,0.44806236028671265,22.044668197631836,0.4533289074897766,22.303782594359518,LSTM,2,48,64,0.1
test_05,A3,test,5,25.200000762939453,250,316.9850769042969,0.4878048598766327,0.8399883508682251,24.0,49.20000076293945,49.20000076293945,329.0,True,False,0.4469345510005951,21.989179611206055,0.4469345510005951,21.98918025021328,LSTM,2,48,64,0.1
test_05,A3,test,5,25.299999237060547,251,316.9850769042969,0.48577234148979187,0.8399883508682251,23.899999618530273,49.20000076293945,49.20000076293945,329.0,True,False,0.4469345510005951,21.989179611206055,0.4478584825992584,22.03463768557242,LSTM,2,48,64,0.1
test_05,A3,test,5,25.399999618530273,252,316.9850769042969,0.48373982310295105,0.8417182564735413,23.799999237060547,49.20000076293945,49.20000076293945,329.0,True,False,0.4469345510005951,21.989179611206055,0.44793546199798584,22.03842507204854,LSTM,2,48,64,0.1
test_05,A3,test,5,25.5,253,316.9850769042969,0.4817073345184326,0.8420326709747314,23.700000762939453,49.20000076293945,49.20000076293945,329.0,True,False,0.4469345510005951,21.989179611206055,0.44700759649276733,21.992774088483884,LSTM,2,48,64,0.1
test_05,A3,test,5,25.600000381469727,254,316.9850769042969,0.4796747863292694,0.8313392996788025,23.600000381469727,49.20000076293945,49.20000076293945,329.0,True,False,0.438991516828537,21.5983829498291,0.438991516828537,21.598382962887968,LSTM,2,48,64,0.1
test_05,A3,test,5,25.700000762939453,255,316.9850769042969,0.4776422679424286,0.8278796672821045,23.5,49.20000076293945,49.20000076293945,329.0,True,False,0.438991516828537,21.5983829498291,0.4412754476070404,21.710752358932837,LSTM,2,48,64,0.1
test_05,A3,test,5,25.799999237060547,256,316.9850769042969,0.47560974955558777,0.8255208730697632,23.399999618530273,49.20000076293945,49.20000076293945,329.0,True,False,0.438991516828537,21.5983829498291,0.4392947852611542,21.61330377000411,LSTM,2,48,64,0.1
test_05,A3,test,5,25.899999618530273,257,316.9850769042969,0.47357720136642456,0.824734628200531,23.299999237060547,49.20000076293945,49.20000076293945,329.0,True,False,0.43848124146461487,21.57327651977539,0.43848124146461487,21.57327741459369,LSTM,2,48,64,0.1
test_05,A3,test,5,26.0,258,316.9850769042969,0.47154471278190613,0.8214321732521057,23.200000762939453,49.20000076293945,49.20000076293945,329.0,True,False,0.435025155544281,21.40323829650879,0.435025155544281,21.40323798467648,LSTM,2,48,64,0.1
test_05,A3,test,5,26.100000381469727,259,316.9850769042969,0.4695121943950653,0.8159281611442566,23.100000381469727,49.20000076293945,49.20000076293945,329.0,True,False,0.4318302869796753,21.246049880981445,0.4318302869796753,21.246050448860387,LSTM,2,48,64,0.1
test_05,A3,test,5,26.200000762939453,260,316.9850769042969,0.4674796760082245,0.8137266635894775,23.0,49.20000076293945,49.20000076293945,329.0,True,False,0.4318302869796753,21.246049880981445,0.4324236810207367,21.275245436133332,LSTM,2,48,64,0.1
test_05,A3,test,5,26.299999237060547,261,316.9850769042969,0.4654471278190613,0.8104241490364075,22.899999618530273,49.20000076293945,49.20000076293945,329.0,True,False,0.4294150173664093,21.12721824645996,0.4294150173664093,21.127219182044996,LSTM,2,48,64,0.1
test_05,A3,test,5,26.399999618530273,262,316.9850769042969,0.46341460943222046,0.8126257061958313,22.799999237060547,49.20000076293945,49.20000076293945,329.0,True,False,0.4294150173664093,21.12721824645996,0.4320342540740967,21.256085630061534,LSTM,2,48,64,0.1
test_05,A3,test,5,26.5,263,316.9850769042969,0.461382120847702,0.8082225918769836,22.700000762939453,49.20000076293945,49.20000076293945,329.0,True,False,0.42601633071899414,20.960002899169922,0.42601633071899414,20.960003796399178,LSTM,2,48,64,0.1
test_05,A3,test,5,26.600000381469727,264,316.9850769042969,0.4593496024608612,0.8017750978469849,22.600000381469727,49.20000076293945,49.20000076293945,329.0,True,False,0.4229285717010498,20.808086395263672,0.4229285717010498,20.808086050360544,LSTM,2,48,64,0.1
test_05,A3,test,5,26.700000762939453,265,316.9850769042969,0.457317054271698,0.803819477558136,22.5,49.20000076293945,49.20000076293945,329.0,True,False,0.4229285717010498,20.808086395263672,0.4276614487171173,21.040943603161963,LSTM,2,48,64,0.1
test_05,A3,test,5,26.799999237060547,266,316.9850769042969,0.4552845358848572,0.7984727025032043,22.399999618530273,49.20000076293945,49.20000076293945,329.0,True,False,0.4202871322631836,20.67812728881836,0.4202871322631836,20.678127228002268,LSTM,2,48,64,0.1
test_05,A3,test,5,26.899999618530273,267,316.9850769042969,0.45325201749801636,0.7948558330535889,22.299999237060547,49.20000076293945,49.20000076293945,329.0,True,False,0.4202871322631836,20.67812728881836,0.4203646183013916,20.68193954114122,LSTM,2,48,64,0.1
test_05,A3,test,5,27.0,268,316.9850769042969,0.4512195289134979,0.7871502637863159,22.200000762939453,49.20000076293945,49.20000076293945,329.0,True,False,0.4145367443561554,20.39520835876465,0.4145367443561554,20.395208138589282,LSTM,2,48,64,0.1
test_05,A3,test,5,27.100000381469727,269,316.9850769042969,0.4491869807243347,0.7860493659973145,22.100000381469727,49.20000076293945,49.20000076293945,329.0,True,False,0.4145367443561554,20.39520835876465,0.417593777179718,20.545614155840894,LSTM,2,48,64,0.1
test_05,A3,test,5,27.200000762939453,270,316.9850769042969,0.4471544623374939,0.782904326915741,22.0,49.20000076293945,49.20000076293945,329.0,True,False,0.4138525426387787,20.36154556274414,0.4138525426387787,20.361545413572344,LSTM,2,48,64,0.1
test_05,A3,test,5,27.299999237060547,271,316.9850769042969,0.4451219439506531,0.7871502637863159,21.899999618530273,49.20000076293945,49.20000076293945,329.0,True,False,0.4138525426387787,20.36154556274414,0.4183811545372009,20.584353122429775,LSTM,2,48,64,0.1
test_05,A3,test,5,27.399999618530273,272,316.9850769042969,0.44308939576148987,0.8082225918769836,21.799999237060547,49.20000076293945,49.20000076293945,329.0,True,False,0.4138525426387787,20.36154556274414,0.4309561252593994,21.20304169155588,LSTM,2,48,64,0.1
test_05,A3,test,5,27.5,273,316.9850769042969,0.44105690717697144,0.8104241490364075,21.700000762939453,49.20000076293945,49.20000076293945,329.0,True,False,0.41251254081726074,20.295618057250977,0.41251254081726074,20.29561732293132,LSTM,2,48,64,0.1
test_05,A3,test,5,27.600000381469727,274,316.9850769042969,0.4390243887901306,0.8016179203987122,21.600000381469727,49.20000076293945,49.20000076293945,329.0,True,False,0.4110569953918457,20.2240047454834,0.4110569953918457,20.224004486890408,LSTM,2,48,64,0.1
test_05,A3,test,5,27.700000762939453,275,316.9850769042969,0.4369918704032898,0.7917107939720154,21.5,49.20000076293945,49.20000076293945,329.0,True,False,0.4110569953918457,20.2240047454834,0.41255998611450195,20.297951631591786,LSTM,2,48,64,0.1
test_05,A3,test,5,27.799999237060547,276,316.9850769042969,0.4349593222141266,0.7796019315719604,21.399999618530273,49.20000076293945,49.20000076293945,329.0,True,False,0.4079958200454712,20.073394775390625,0.4079958200454712,20.07339465751329,LSTM,2,48,64,0.1
test_05,A3,test,5,27.899999618530273,277,316.9850769042969,0.43292680382728577,0.7566424012184143,21.299999237060547,49.20000076293945,49.20000076293945,329.0,True,False,0.38622575998306274,19.002307891845703,0.38622575998306274,19.002307685833557,LSTM,2,48,64,0.1
test_05,A3,test,5,28.0,278,316.9850769042969,0.43089431524276733,0.743590235710144,21.200000762939453,49.20000076293945,49.20000076293945,329.0,True,False,0.3851502239704132,18.949390411376953,0.3851502239704132,18.94939131319063,LSTM,2,48,64,0.1
test_05,A3,test,5,28.100000381469727,279,316.9850769042969,0.4288617968559265,0.7283363342285156,21.100000381469727,49.20000076293945,49.20000076293945,329.0,True,False,0.37169018387794495,18.28715705871582,0.37169018387794495,18.287157330371997,LSTM,2,48,64,0.1
test_05,A3,test,5,28.200000762939453,280,316.9850769042969,0.4268292486667633,0.7207880020141602,21.0,49.20000076293945,49.20000076293945,329.0,True,False,0.37169018387794495,18.28715705871582,0.3753315210342407,18.46631112123987,LSTM,2,48,64,0.1
test_05,A3,test,5,28.299999237060547,281,316.9850769042969,0.4247967302799225,0.7135542631149292,20.899999618530273,49.20000076293945,49.20000076293945,329.0,True,False,0.37169018387794495,18.28715705871582,0.37233608961105347,18.318935892933723,LSTM,2,48,64,0.1
test_05,A3,test,5,28.399999618530273,282,316.9850769042969,0.42276421189308167,0.7039615511894226,20.799999237060547,49.20000076293945,49.20000076293945,329.0,True,False,0.3660828471183777,18.011276245117188,0.3660828471183777,18.01127635752323,LSTM,2,48,64,0.1
test_05,A3,test,5,28.5,283,316.9850769042969,0.42073172330856323,0.7041187882423401,20.700000762939453,49.20000076293945,49.20000076293945,329.0,True,False,0.3660828471183777,18.011276245117188,0.37567147612571716,18.483036911999875,LSTM,2,48,64,0.1
test_05,A3,test,5,28.600000381469727,284,316.9850769042969,0.4186991751194,0.693111002445221,20.600000381469727,49.20000076293945,49.20000076293945,329.0,True,False,0.3608235716819763,17.752519607543945,0.3608235716819763,17.752520002039773,LSTM,2,48,64,0.1
test_05,A3,test,5,28.700000762939453,285,316.9850769042969,0.4166666567325592,0.6844617128372192,20.5,49.20000076293945,49.20000076293945,329.0,True,False,0.3608235716819763,17.752519607543945,0.360995888710022,17.760997999951087,LSTM,2,48,64,0.1
test_05,A3,test,5,28.799999237060547,286,316.9850769042969,0.4146341383457184,0.6692080497741699,20.399999618530273,49.20000076293945,49.20000076293945,329.0,True,False,0.3471340239048004,17.078994750976562,0.3471340239048004,17.078994240958423,LSTM,2,48,64,0.1
test_05,A3,test,5,28.899999618530273,287,316.9850769042969,0.4126015901565552,0.6659055352210999,20.299999237060547,49.20000076293945,49.20000076293945,329.0,True,False,0.3471340239048004,17.078994750976562,0.35767844319343567,17.59777967800403,LSTM,2,48,64,0.1
test_05,A3,test,5,29.0,288,316.9850769042969,0.41056910157203674,0.6604015827178955,20.200000762939453,49.20000076293945,49.20000076293945,329.0,True,False,0.3471340239048004,17.078994750976562,0.3513527512550354,17.286555629808618,LSTM,2,48,64,0.1
test_05,A3,test,5,29.100000381469727,289,316.9850769042969,0.4085365831851959,0.6517525315284729,20.100000381469727,49.20000076293945,49.20000076293945,329.0,True,False,0.34481674432754517,16.964984893798828,0.34481674432754517,16.96498408398952,LSTM,2,48,64,0.1
test_05,A3,test,5,29.200000762939453,290,316.9850769042969,0.4065040647983551,0.6484500765800476,20.0,49.20000076293945,49.20000076293945,329.0,True,False,0.34481674432754517,16.964984893798828,0.34929683804512024,17.185404698312254,LSTM,2,48,64,0.1
test_05,A3,test,5,29.299999237060547,291,316.9850769042969,0.4044715166091919,0.6495507955551147,19.899999618530273,49.20000076293945,49.20000076293945,329.0,True,False,0.34481674432754517,16.964984893798828,0.352539598941803,17.344948536903075,LSTM,2,48,64,0.1
test_05,A3,test,5,29.399999618530273,292,316.9850769042969,0.4024389982223511,0.639643669128418,19.799999237060547,49.20000076293945,49.20000076293945,329.0,True,False,0.33796706795692444,16.627979278564453,0.33796706795692444,16.627980001329092,LSTM,2,48,64,0.1
test_05,A3,test,5,29.5,293,316.9850769042969,0.40040650963783264,0.632095456123352,19.700000762939453,49.20000076293945,49.20000076293945,329.0,True,False,0.33796706795692444,16.627979278564453,0.3392374515533447,16.690482875242196,LSTM,2,48,64,0.1
test_05,A3,test,5,29.600000381469727,294,316.9850769042969,0.3983739912509918,0.6342970132827759,19.600000381469727,49.20000076293945,49.20000076293945,329.0,True,False,0.33796706795692444,16.627979278564453,0.3490520119667053,17.173359255067453,LSTM,2,48,64,0.1
test_05,A3,test,5,29.700000762939453,295,316.9850769042969,0.3963414430618286,0.6276921629905701,19.5,49.20000076293945,49.20000076293945,329.0,True,False,0.336166650056839,16.539400100708008,0.336166650056839,16.53939943927128,LSTM,2,48,64,0.1
test_05,A3,test,5,29.799999237060547,296,316.9850769042969,0.3943089246749878,0.6221883296966553,19.399999618530273,49.20000076293945,49.20000076293945,329.0,True,False,0.33596423268318176,16.52943992614746,0.33596423268318176,16.52944050433291,LSTM,2,48,64,0.1
test_05,A3,test,5,29.899999618530273,297,316.9850769042969,0.392276406288147,0.6146399974822998,19.299999237060547,49.20000076293945,49.20000076293945,329.0,True,False,0.3308090567588806,16.275806427001953,0.3308090567588806,16.275805844924207,LSTM,2,48,64,0.1
test_05,A3,test,5,30.0,298,316.9850769042969,0.39024391770362854,0.6116519570350647,19.200000762939453,49.20000076293945,49.20000076293945,329.0,True,False,0.3308090567588806,16.275806427001953,0.3342098891735077,16.44312680231849,LSTM,2,48,64,0.1
test_05,A3,test,5,30.100000381469727,299,316.9850769042969,0.38821136951446533,0.6088213920593262,19.100000381469727,49.20000076293945,49.20000076293945,329.0,True,False,0.3308090567588806,16.275806427001953,0.3321930170059204,16.343896690134443,LSTM,2,48,64,0.1
test_05,A3,test,5,30.200000762939453,300,316.9850769042969,0.3861788511276245,0.6059907674789429,19.0,49.20000076293945,49.20000076293945,329.0,True,False,0.3303582966327667,16.25362777709961,0.3303582966327667,16.2536284463755,LSTM,2,48,64,0.1
test_05,A3,test,5,30.299999237060547,301,316.9850769042969,0.3841463327407837,0.6058335900306702,18.899999618530273,49.20000076293945,49.20000076293945,329.0,True,False,0.3303582966327667,16.25362777709961,0.3324061334133148,16.354382017540843,LSTM,2,48,64,0.1
test_05,A3,test,5,30.399999618530273,302,316.9850769042969,0.38211381435394287,0.603789210319519,18.799999237060547,49.20000076293945,49.20000076293945,329.0,True,False,0.32891345024108887,16.18254280090332,0.32891345024108887,16.18254200280262,LSTM,2,48,64,0.1
test_05,A3,test,5,30.5,303,316.9850769042969,0.38008129596710205,0.6053617596626282,18.700000762939453,49.20000076293945,49.20000076293945,329.0,True,False,0.32891345024108887,16.18254280090332,0.3330177962779999,16.38447583095001,LSTM,2,48,64,0.1
test_05,A3,test,5,30.600000381469727,304,316.9850769042969,0.37804877758026123,0.6113375425338745,18.600000381469727,49.20000076293945,49.20000076293945,329.0,True,False,0.32891345024108887,16.18254280090332,0.33778539299964905,16.619041593292536,LSTM,2,48,64,0.1
test_05,A3,test,5,30.700000762939453,305,316.9850769042969,0.3760162591934204,0.6026884913444519,18.5,49.20000076293945,49.20000076293945,329.0,True,False,0.320456326007843,15.766451835632324,0.320456326007843,15.76645148407465,LSTM,2,48,64,0.1
test_05,A3,test,5,30.799999237060547,306,316.9850769042969,0.3739837408065796,0.5960836410522461,18.399999618530273,49.20000076293945,49.20000076293945,329.0,True,False,0.320456326007843,15.766451835632324,0.32321128249168396,15.90199534518149,LSTM,2,48,64,0.1
test_05,A3,test,5,30.899999618530273,307,316.9850769042969,0.3719511926174164,0.5872774124145508,18.299999237060547,49.20000076293945,49.20000076293945,329.0,True,False,0.3176770508289337,15.629711151123047,0.3176770508289337,15.629711143151894,LSTM,2,48,64,0.1
test_05,A3,test,5,31.0,308,316.9850769042969,0.36991870403289795,0.5839749574661255,18.200000762939453,49.20000076293945,49.20000076293945,329.0,True,False,0.3176770508289337,15.629711151123047,0.32206088304519653,15.845395691536623,LSTM,2,48,64,0.1
test_05,A3,test,5,31.100000381469727,309,316.9850769042969,0.36788618564605713,0.5762693881988525,18.100000381469727,49.20000076293945,49.20000076293945,329.0,True,False,0.3129892349243164,15.399070739746094,0.3129892349243164,15.399070597068203,LSTM,2,48,64,0.1
test_05,A3,test,5,31.200000762939453,310,316.9850769042969,0.3658536672592163,0.5698219537734985,18.0,49.20000076293945,49.20000076293945,329.0,True,False,0.3115987181663513,15.330657005310059,0.3115987181663513,15.33065717151544,LSTM,2,48,64,0.1
test_05,A3,test,5,31.299999237060547,311,316.9850769042969,0.3638211190700531,0.5676203966140747,17.899999618530273,49.20000076293945,49.20000076293945,329.0,True,False,0.3115987181663513,15.330657005310059,0.31459638476371765,15.478142370392902,LSTM,2,48,64,0.1
test_05,A3,test,5,31.399999618530273,312,316.9850769042969,0.3617886006832123,0.5621163249015808,17.799999237060547,49.20000076293945,49.20000076293945,329.0,True,False,0.3080637753009796,15.15673828125,0.3080637753009796,15.156737979842205,LSTM,2,48,64,0.1
test_05,A3,test,5,31.5,313,316.9850769042969,0.35975611209869385,0.5621163249015808,17.700000762939453,49.20000076293945,49.20000076293945,329.0,True,False,0.3080637753009796,15.15673828125,0.31418073177337646,15.457692242950998,LSTM,2,48,64,0.1
test_05,A3,test,5,31.600000381469727,314,316.9850769042969,0.357723593711853,0.5610154867172241,17.600000381469727,49.20000076293945,49.20000076293945,329.0,True,False,0.3080637753009796,15.15673828125,0.31126245856285095,15.314113198766677,LSTM,2,48,64,0.1
test_05,A3,test,5,31.700000762939453,315,316.9850769042969,0.3556910455226898,0.555511474609375,17.5,49.20000076293945,49.20000076293945,329.0,True,False,0.30424684286117554,14.968944549560547,0.30424684286117554,14.968944900891756,LSTM,2,48,64,0.1
test_05,A3,test,5,31.799999237060547,316,316.9850769042969,0.353658527135849,0.5621163249015808,17.399999618530273,49.20000076293945,49.20000076293945,329.0,True,False,0.30424684286117554,14.968944549560547,0.3191831111907959,15.703809314104547,LSTM,2,48,64,0.1
test_05,A3,test,5,31.899999618530273,317,316.9850769042969,0.3516260087490082,0.5665194392204285,17.299999237060547,49.20000076293945,49.20000076293945,329.0,True,False,0.30424684286117554,14.968944549560547,0.3145904242992401,15.47784911553606,LSTM,2,48,64,0.1
test_05,A3,test,5,32.0,318,316.9850769042969,0.34959352016448975,0.5577130317687988,17.200000762939453,49.20000076293945,49.20000076293945,329.0,True,False,0.2987530827522278,14.698652267456055,0.2987530827522278,14.69865189934012,LSTM,2,48,64,0.1
test_05,A3,test,5,32.099998474121094,319,316.9850769042969,0.34756097197532654,0.552209198474884,17.100000381469727,49.20000076293945,49.20000076293945,329.0,True,False,0.2987530827522278,14.698652267456055,0.30333641171455383,14.924151687783365,LSTM,2,48,64,0.1
test_05,A3,test,5,32.20000076293945,320,316.9850769042969,0.3455284535884857,0.5457615852355957,17.0,49.20000076293945,49.20000076293945,329.0,True,False,0.2987530827522278,14.698652267456055,0.2999122440814972,14.755682637624545,LSTM,2,48,64,0.1
test_05,A3,test,5,32.29999923706055,321,316.9850769042969,0.3434959352016449,0.5413584113121033,16.899999618530273,49.20000076293945,49.20000076293945,329.0,True,False,0.2987530827522278,14.698652267456055,0.30039182305336,14.779277923406084,LSTM,2,48,64,0.1
test_05,A3,test,5,32.400001525878906,322,316.9850769042969,0.3414633870124817,0.5380560159683228,16.799999237060547,49.20000076293945,49.20000076293945,329.0,True,False,0.2987530827522278,14.698652267456055,0.2996673882007599,14.74363572810546,LSTM,2,48,64,0.1
test_05,A3,test,5,32.5,323,316.9850769042969,0.33943089842796326,0.5356972217559814,16.700000762939453,49.20000076293945,49.20000076293945,329.0,True,False,0.2987530827522278,14.698652267456055,0.2992519736289978,14.723197330857829,LSTM,2,48,64,0.1
test_05,A3,test,5,32.599998474121094,324,316.9850769042969,0.33739838004112244,0.5330238342285156,16.600000381469727,49.20000076293945,49.20000076293945,329.0,True,False,0.29739484190940857,14.631826400756836,0.29739484190940857,14.63182644883716,LSTM,2,48,64,0.1
test_05,A3,test,5,32.70000076293945,325,316.9850769042969,0.3353658616542816,0.5294069647789001,16.5,49.20000076293945,49.20000076293945,329.0,True,False,0.29475608468055725,14.501999855041504,0.29475608468055725,14.501999591164463,LSTM,2,48,64,0.1
test_05,A3,test,5,32.79999923706055,326,316.9850769042969,0.3333333134651184,0.5240601897239685,16.399999618530273,49.20000076293945,49.20000076293945,329.0,True,False,0.2907324731349945,14.304038047790527,0.2907324731349945,14.304037900053004,LSTM,2,48,64,0.1
test_05,A3,test,5,32.900001525878906,327,316.9850769042969,0.3313007950782776,0.5341247320175171,16.299999237060547,49.20000076293945,49.20000076293945,329.0,True,False,0.2907324731349945,14.304038047790527,0.31009435653686523,15.256642578196988,LSTM,2,48,64,0.1
test_05,A3,test,5,33.0,328,316.9850769042969,0.32926830649375916,0.5416728854179382,16.200000762939453,49.20000076293945,49.20000076293945,329.0,True,False,0.2907324731349945,14.304038047790527,0.3040682077407837,14.96015605283219,LSTM,2,48,64,0.1
test_05,A3,test,5,33.099998474121094,329,316.9850769042969,0.32723581380400907,,16.10000228881836,49.20000076293945,,,False,True,,,,,LSTM,2,48,64,0.1
test_05,A3,test,5,33.20000076293945,330,316.9850769042969,0.32520324698962627,,16.0,49.20000076293945,,,False,True,,,,,LSTM,2,48,64,0.1
test_05,A3,test,5,33.30000305175781,331,316.9850769042969,0.3231706801752435,,15.89999771118164,49.20000076293945,,,False,True,,,,,LSTM,2,48,64,0.1
test_05,A3,test,5,33.40000534057617,332,316.9850769042969,0.3211381133608607,,15.799995422363281,49.20000076293945,,,False,True,,,,,LSTM,2,48,64,0.1
test_05,A3,test,5,33.50000762939453,333,316.9850769042969,0.3191055465464779,,15.699993133544922,49.20000076293945,,,False,True,,,,,LSTM,2,48,64,0.1
test_05,A3,test,5,33.60000991821289,334,316.9850769042969,0.31707297973209503,,15.599990844726562,49.20000076293945,,,False,True,,,,,LSTM,2,48,64,0.1
test_05,A3,test,5,33.70001220703125,335,316.9850769042969,0.31504041291771223,,15.499988555908203,49.20000076293945,,,False,True,,,,,LSTM,2,48,64,0.1
test_05,A3,test,5,33.80001449584961,336,316.9850769042969,0.31300784610332943,,15.399986267089844,49.20000076293945,,,False,True,,,,,LSTM,2,48,64,0.1
test_05,A3,test,5,33.90001678466797,337,316.9850769042969,0.31097527928894664,,15.299983978271484,49.20000076293945,,,False,True,,,,,LSTM,2,48,64,0.1
test_05,A3,test,5,34.00001907348633,338,316.9850769042969,0.30894271247456384,,15.199981689453125,49.20000076293945,,,False,True,,,,,LSTM,2,48,64,0.1
test_05,A3,test,5,34.10002136230469,339,316.9850769042969,0.30691014566018104,,15.099979400634766,49.20000076293945,,,False,True,,,,,LSTM,2,48,64,0.1
test_05,A3,test,5,34.20002365112305,340,316.9850769042969,0.30487757884579825,,14.999977111816406,49.20000076293945,,,False,True,,,,,LSTM,2,48,64,0.1
test_05,A3,test,5,34.300025939941406,341,316.9850769042969,0.30284501203141545,,14.899974822998047,49.20000076293945,,,False,True,,,,,LSTM,2,48,64,0.1
test_05,A3,test,5,34.400028228759766,342,316.9850769042969,0.3008124452170326,,14.799972534179688,49.20000076293945,,,False,True,,,,,LSTM,2,48,64,0.1
test_05,A3,test,5,34.500030517578125,343,316.9850769042969,0.2987798784026498,,14.699970245361328,49.20000076293945,,,False,True,,,,,LSTM,2,48,64,0.1
test_05,A3,test,5,34.600032806396484,344,316.9850769042969,0.296747311588267,,14.599967956542969,49.20000076293945,,,False,True,,,,,LSTM,2,48,64,0.1
test_05,A3,test,5,34.700035095214844,345,316.9850769042969,0.2947147447738842,,14.49996566772461,49.20000076293945,,,False,True,,,,,LSTM,2,48,64,0.1
test_05,A3,test,5,34.8000373840332,346,316.9850769042969,0.2926821779595014,,14.39996337890625,49.20000076293945,,,False,True,,,,,LSTM,2,48,64,0.1
test_05,A3,test,5,34.90003967285156,347,316.9850769042969,0.2906496111451186,,14.29996109008789,49.20000076293945,,,False,True,,,,,LSTM,2,48,64,0.1
test_05,A3,test,5,35.00004196166992,348,316.9850769042969,0.2886170443307358,,14.199958801269531,49.20000076293945,,,False,True,,,,,LSTM,2,48,64,0.1
test_05,A3,test,5,35.10004425048828,349,316.9850769042969,0.286584477516353,,14.099956512451172,49.20000076293945,,,False,True,,,,,LSTM,2,48,64,0.1
test_05,A3,test,5,35.20004653930664,350,316.9850769042969,0.28455191070197017,,13.999954223632812,49.20000076293945,,,False,True,,,,,LSTM,2,48,64,0.1
test_05,A3,test,5,35.300048828125,351,316.9850769042969,0.28251934388758737,,13.899951934814453,49.20000076293945,,,False,True,,,,,LSTM,2,48,64,0.1
test_05,A3,test,5,35.40005111694336,352,316.9850769042969,0.2804867770732046,,13.799949645996094,49.20000076293945,,,False,True,,,,,LSTM,2,48,64,0.1
test_05,A3,test,5,35.50005340576172,353,316.9850769042969,0.2784542102588218,,13.699947357177734,49.20000076293945,,,False,True,,,,,LSTM,2,48,64,0.1
test_05,A3,test,5,35.60005569458008,354,316.9850769042969,0.276421643444439,,13.599945068359375,49.20000076293945,,,False,True,,,,,LSTM,2,48,64,0.1
test_05,A3,test,5,35.70005798339844,355,316.9850769042969,0.2743890766300562,,13.499942779541016,49.20000076293945,,,False,True,,,,,LSTM,2,48,64,0.1
test_05,A3,test,5,35.8000602722168,356,316.9850769042969,0.2723565098156734,,13.399940490722656,49.20000076293945,,,False,True,,,,,LSTM,2,48,64,0.1
test_05,A3,test,5,35.900062561035156,357,316.9850769042969,0.27032394300129053,,13.299938201904297,49.20000076293945,,,False,True,,,,,LSTM,2,48,64,0.1
test_05,A3,test,5,36.000064849853516,358,316.9850769042969,0.26829137618690774,,13.199935913085938,49.20000076293945,,,False,True,,,,,LSTM,2,48,64,0.1
test_05,A3,test,5,36.100067138671875,359,316.9850769042969,0.26625880937252494,,13.099933624267578,49.20000076293945,,,False,True,,,,,LSTM,2,48,64,0.1
test_05,A3,test,5,36.200069427490234,360,316.9850769042969,0.26422624255814214,,12.999931335449219,49.20000076293945,,,False,True,,,,,LSTM,2,48,64,0.1
test_05,A3,test,5,36.300071716308594,361,316.9850769042969,0.26219367574375935,,12.89992904663086,49.20000076293945,,,False,True,,,,,LSTM,2,48,64,0.1
test_05,A3,test,5,36.40007400512695,362,316.9850769042969,0.26016110892937655,,12.7999267578125,49.20000076293945,,,False,True,,,,,LSTM,2,48,64,0.1
test_05,A3,test,5,36.50007629394531,363,316.9850769042969,0.25812854211499375,,12.69992446899414,49.20000076293945,,,False,True,,,,,LSTM,2,48,64,0.1
test_05,A3,test,5,36.60007858276367,364,316.9850769042969,0.25609597530061096,,12.599922180175781,49.20000076293945,,,False,True,,,,,LSTM,2,48,64,0.1
test_05,A3,test,5,36.70008087158203,365,316.9850769042969,0.2540634084862281,,12.499919891357422,49.20000076293945,,,False,True,,,,,LSTM,2,48,64,0.1
test_05,A3,test,5,36.80008316040039,366,316.9850769042969,0.2520308416718453,,12.399917602539062,49.20000076293945,,,False,True,,,,,LSTM,2,48,64,0.1
test_05,A3,test,5,36.90008544921875,367,316.9850769042969,0.2499982748574625,,12.299915313720703,49.20000076293945,,,False,True,,,,,LSTM,2,48,64,0.1
test_05,A3,test,5,37.00008773803711,368,316.9850769042969,0.2479657080430797,,12.199913024902344,49.20000076293945,,,False,True,,,,,LSTM,2,48,64,0.1
test_05,A3,test,5,37.10009002685547,369,316.9850769042969,0.24593314122869692,,12.099910736083984,49.20000076293945,,,False,True,,,,,LSTM,2,48,64,0.1
test_05,A3,test,5,37.20009231567383,370,316.9850769042969,0.24390057441431412,,11.999908447265625,49.20000076293945,,,False,True,,,,,LSTM,2,48,64,0.1
test_05,A3,test,5,37.30009460449219,371,316.9850769042969,0.2418680075999313,,11.899906158447266,49.20000076293945,,,False,True,,,,,LSTM,2,48,64,0.1
test_05,A3,test,5,37.40009689331055,372,316.9850769042969,0.2398354407855485,,11.799903869628906,49.20000076293945,,,False,True,,,,,LSTM,2,48,64,0.1
test_05,A3,test,5,37.500099182128906,373,316.9850769042969,0.2378028739711657,,11.699901580810547,49.20000076293945,,,False,True,,,,,LSTM,2,48,64,0.1
test_05,A3,test,5,37.600101470947266,374,316.9850769042969,0.2357703071567829,,11.599899291992188,49.20000076293945,,,False,True,,,,,LSTM,2,48,64,0.1
test_05,A3,test,5,37.700103759765625,375,316.9850769042969,0.23373774034240008,,11.499897003173828,49.20000076293945,,,False,True,,,,,LSTM,2,48,64,0.1
test_05,A3,test,5,37.800106048583984,376,316.9850769042969,0.23170517352801728,,11.399894714355469,49.20000076293945,,,False,True,,,,,LSTM,2,48,64,0.1
test_05,A3,test,5,37.900108337402344,377,316.9850769042969,0.2296726067136345,,11.29989242553711,49.20000076293945,,,False,True,,,,,LSTM,2,48,64,0.1
test_05,A3,test,5,38.0001106262207,378,316.9850769042969,0.2276400398992517,,11.19989013671875,49.20000076293945,,,False,True,,,,,LSTM,2,48,64,0.1
test_05,A3,test,5,38.10011291503906,379,316.9850769042969,0.22560747308486886,,11.09988784790039,49.20000076293945,,,False,True,,,,,LSTM,2,48,64,0.1
test_05,A3,test,5,38.20011520385742,380,316.9850769042969,0.22357490627048607,,10.999885559082031,49.20000076293945,,,False,True,,,,,LSTM,2,48,64,0.1
test_05,A3,test,5,38.30011749267578,381,316.9850769042969,0.22154233945610327,,10.899883270263672,49.20000076293945,,,False,True,,,,,LSTM,2,48,64,0.1
test_05,A3,test,5,38.40011978149414,382,316.9850769042969,0.21950977264172045,,10.799880981445312,49.20000076293945,,,False,True,,,,,LSTM,2,48,64,0.1
test_05,A3,test,5,38.5001220703125,383,316.9850769042969,0.21747720582733765,,10.699878692626953,49.20000076293945,,,False,True,,,,,LSTM,2,48,64,0.1
test_05,A3,test,5,38.60012435913086,384,316.9850769042969,0.21544463901295485,,10.599876403808594,49.20000076293945,,,False,True,,,,,LSTM,2,48,64,0.1
test_05,A3,test,5,38.70012664794922,385,316.9850769042969,0.21341207219857206,,10.499874114990234,49.20000076293945,,,False,True,,,,,LSTM,2,48,64,0.1
test_05,A3,test,5,38.80012893676758,386,316.9850769042969,0.21137950538418923,,10.399871826171875,49.20000076293945,,,False,True,,,,,LSTM,2,48,64,0.1
test_05,A3,test,5,38.90013122558594,387,316.9850769042969,0.20934693856980643,,10.299869537353516,49.20000076293945,,,False,True,,,,,LSTM,2,48,64,0.1
test_05,A3,test,5,39.0001335144043,388,316.9850769042969,0.20731437175542364,,10.199867248535156,49.20000076293945,,,False,True,,,,,LSTM,2,48,64,0.1
test_05,A3,test,5,39.100135803222656,389,316.9850769042969,0.20528180494104084,,10.099864959716797,49.20000076293945,,,False,True,,,,,LSTM,2,48,64,0.1
test_05,A3,test,5,39.200138092041016,390,316.9850769042969,0.20324923812665802,,9.999862670898438,49.20000076293945,,,False,True,,,,,LSTM,2,48,64,0.1
test_05,A3,test,5,39.300140380859375,391,316.9850769042969,0.20121667131227522,,9.899860382080078,49.20000076293945,,,False,True,,,,,LSTM,2,48,64,0.1
test_05,A3,test,5,39.400142669677734,392,316.9850769042969,0.19918410449789242,,9.799858093261719,49.20000076293945,,,False,True,,,,,LSTM,2,48,64,0.1
test_05,A3,test,5,39.500144958496094,393,316.9850769042969,0.19715153768350963,,9.69985580444336,49.20000076293945,,,False,True,,,,,LSTM,2,48,64,0.1
test_05,A3,test,5,39.60014724731445,394,316.9850769042969,0.1951189708691268,,9.599853515625,49.20000076293945,,,False,True,,,,,LSTM,2,48,64,0.1
test_05,A3,test,5,39.70014953613281,395,316.9850769042969,0.193086404054744,,9.49985122680664,49.20000076293945,,,False,True,,,,,LSTM,2,48,64,0.1
test_05,A3,test,5,39.80015182495117,396,316.9850769042969,0.1910538372403612,,9.399848937988281,49.20000076293945,,,False,True,,,,,LSTM,2,48,64,0.1
test_05,A3,test,5,39.90015411376953,397,316.9850769042969,0.1890212704259784,,9.299846649169922,49.20000076293945,,,False,True,,,,,LSTM,2,48,64,0.1
test_05,A3,test,5,40.00015640258789,398,316.9850769042969,0.18698870361159559,,9.199844360351562,49.20000076293945,,,False,True,,,,,LSTM,2,48,64,0.1
test_05,A3,test,5,40.10015869140625,399,316.9850769042969,0.1849561367972128,,9.099842071533203,49.20000076293945,,,False,True,,,,,LSTM,2,48,64,0.1
test_05,A3,test,5,40.20016098022461,400,316.9850769042969,0.18292356998283,,8.999839782714844,49.20000076293945,,,False,True,,,,,LSTM,2,48,64,0.1
test_05,A3,test,5,40.30016326904297,401,316.9850769042969,0.1808910031684472,,8.899837493896484,49.20000076293945,,,False,True,,,,,LSTM,2,48,64,0.1
test_05,A3,test,5,40.40016555786133,402,316.9850769042969,0.17885843635406437,,8.799835205078125,49.20000076293945,,,False,True,,,,,LSTM,2,48,64,0.1
test_05,A3,test,5,40.50016784667969,403,316.9850769042969,0.17682586953968157,,8.699832916259766,49.20000076293945,,,False,True,,,,,LSTM,2,48,64,0.1
test_05,A3,test,5,40.60017013549805,404,316.9850769042969,0.17479330272529878,,8.599830627441406,49.20000076293945,,,False,True,,,,,LSTM,2,48,64,0.1
test_05,A3,test,5,40.700172424316406,405,316.9850769042969,0.17276073591091595,,8.499828338623047,49.20000076293945,,,False,True,,,,,LSTM,2,48,64,0.1
test_05,A3,test,5,40.800174713134766,406,316.9850769042969,0.17072816909653316,,8.399826049804688,49.20000076293945,,,False,True,,,,,LSTM,2,48,64,0.1
test_05,A3,test,5,40.900177001953125,407,316.9850769042969,0.16869560228215036,,8.299823760986328,49.20000076293945,,,False,True,,,,,LSTM,2,48,64,0.1
test_05,A3,test,5,41.000179290771484,408,316.9850769042969,0.16666303546776756,,8.199821472167969,49.20000076293945,,,False,True,,,,,LSTM,2,48,64,0.1
test_05,A3,test,5,41.100181579589844,409,316.9850769042969,0.16463046865338474,,8.09981918334961,49.20000076293945,,,False,True,,,,,LSTM,2,48,64,0.1
test_05,A3,test,5,41.2001838684082,410,316.9850769042969,0.16259790183900194,,7.99981689453125,49.20000076293945,,,False,True,,,,,LSTM,2,48,64,0.1
test_05,A3,test,5,41.30018615722656,411,316.9850769042969,0.16056533502461914,,7.899814605712891,49.20000076293945,,,False,True,,,,,LSTM,2,48,64,0.1
test_05,A3,test,5,41.40018844604492,412,316.9850769042969,0.15853276821023635,,7.799812316894531,49.20000076293945,,,False,True,,,,,LSTM,2,48,64,0.1
test_05,A3,test,5,41.50019073486328,413,316.9850769042969,0.15650020139585352,,7.699810028076172,49.20000076293945,,,False,True,,,,,LSTM,2,48,64,0.1
test_05,A3,test,5,41.60019302368164,414,316.9850769042969,0.15446763458147073,,7.5998077392578125,49.20000076293945,,,False,True,,,,,LSTM,2,48,64,0.1
test_05,A3,test,5,41.7001953125,415,316.9850769042969,0.15243506776708793,,7.499805450439453,49.20000076293945,,,False,True,,,,,LSTM,2,48,64,0.1
test_05,A3,test,5,41.80019760131836,416,316.9850769042969,0.15040250095270513,,7.399803161621094,49.20000076293945,,,False,True,,,,,LSTM,2,48,64,0.1
test_05,A3,test,5,41.90019989013672,417,316.9850769042969,0.1483699341383223,,7.299800872802734,49.20000076293945,,,False,True,,,,,LSTM,2,48,64,0.1
test_05,A3,test,5,42.00020217895508,418,316.9850769042969,0.1463373673239395,,7.199798583984375,49.20000076293945,,,False,True,,,,,LSTM,2,48,64,0.1
test_05,A3,test,5,42.10020446777344,419,316.9850769042969,0.1443048005095567,,7.099796295166016,49.20000076293945,,,False,True,,,,,LSTM,2,48,64,0.1
test_05,A3,test,5,42.2002067565918,420,316.9850769042969,0.14227223369517392,,6.999794006347656,49.20000076293945,,,False,True,,,,,LSTM,2,48,64,0.1
test_05,A3,test,5,42.300209045410156,421,316.9850769042969,0.1402396668807911,,6.899791717529297,49.20000076293945,,,False,True,,,,,LSTM,2,48,64,0.1
test_05,A3,test,5,42.400211334228516,422,316.9850769042969,0.1382071000664083,,6.7997894287109375,49.20000076293945,,,False,True,,,,,LSTM,2,48,64,0.1
test_05,A3,test,5,42.500213623046875,423,316.9850769042969,0.1361745332520255,,6.699787139892578,49.20000076293945,,,False,True,,,,,LSTM,2,48,64,0.1
test_05,A3,test,5,42.600215911865234,424,316.9850769042969,0.1341419664376427,,6.599784851074219,49.20000076293945,,,False,True,,,,,LSTM,2,48,64,0.1
test_05,A3,test,5,42.700218200683594,425,316.9850769042969,0.13210939962325988,,6.499782562255859,49.20000076293945,,,False,True,,,,,LSTM,2,48,64,0.1
test_05,A3,test,5,42.80022048950195,426,316.9850769042969,0.13007683280887708,,6.3997802734375,49.20000076293945,,,False,True,,,,,LSTM,2,48,64,0.1
test_05,A3,test,5,42.90022277832031,427,316.9850769042969,0.12804426599449428,,6.299777984619141,49.20000076293945,,,False,True,,,,,LSTM,2,48,64,0.1
test_05,A3,test,5,43.00022506713867,428,316.9850769042969,0.12601169918011146,,6.199775695800781,49.20000076293945,,,False,True,,,,,LSTM,2,48,64,0.1
test_05,A3,test,5,43.10022735595703,429,316.9850769042969,0.12397913236572866,,6.099773406982422,49.20000076293945,,,False,True,,,,,LSTM,2,48,64,0.1
test_05,A3,test,5,43.20022964477539,430,316.9850769042969,0.12194656555134586,,5.9997711181640625,49.20000076293945,,,False,True,,,,,LSTM,2,48,64,0.1
test_05,A3,test,5,43.30023193359375,431,316.9850769042969,0.11991399873696305,,5.899768829345703,49.20000076293945,,,False,True,,,,,LSTM,2,48,64,0.1
test_05,A3,test,5,43.40023422241211,432,316.9850769042969,0.11788143192258026,,5.799766540527344,49.20000076293945,,,False,True,,,,,LSTM,2,48,64,0.1
test_05,A3,test,5,43.50023651123047,433,316.9850769042969,0.11584886510819745,,5.699764251708984,49.20000076293945,,,False,True,,,,,LSTM,2,48,64,0.1
test_05,A3,test,5,43.60023880004883,434,316.9850769042969,0.11381629829381465,,5.599761962890625,49.20000076293945,,,False,True,,,,,LSTM,2,48,64,0.1
test_05,A3,test,5,43.70024108886719,435,316.9850769042969,0.11178373147943184,,5.499759674072266,49.20000076293945,,,False,True,,,,,LSTM,2,48,64,0.1
test_05,A3,test,5,43.80024337768555,436,316.9850769042969,0.10975116466504904,,5.399757385253906,49.20000076293945,,,False,True,,,,,LSTM,2,48,64,0.1
test_05,A3,test,5,43.900245666503906,437,316.9850769042969,0.10771859785066623,,5.299755096435547,49.20000076293945,,,False,True,,,,,LSTM,2,48,64,0.1
test_05,A3,test,5,44.000247955322266,438,316.9850769042969,0.10568603103628343,,5.1997528076171875,49.20000076293945,,,False,True,,,,,LSTM,2,48,64,0.1
test_05,A3,test,5,44.100250244140625,439,316.9850769042969,0.10365346422190062,,5.099750518798828,49.20000076293945,,,False,True,,,,,LSTM,2,48,64,0.1
test_05,A3,test,5,44.200252532958984,440,316.9850769042969,0.10162089740751783,,4.999748229980469,49.20000076293945,,,False,True,,,,,LSTM,2,48,64,0.1
test_05,A3,test,5,44.300254821777344,441,316.9850769042969,0.09958833059313502,,4.899745941162109,49.20000076293945,,,False,True,,,,,LSTM,2,48,64,0.1
test_05,A3,test,5,44.4002571105957,442,316.9850769042969,0.09755576377875222,,4.79974365234375,49.20000076293945,,,False,True,,,,,LSTM,2,48,64,0.1
test_05,A3,test,5,44.50025939941406,443,316.9850769042969,0.09552319696436941,,4.699741363525391,49.20000076293945,,,False,True,,,,,LSTM,2,48,64,0.1
test_05,A3,test,5,44.60026168823242,444,316.9850769042969,0.09349063014998661,,4.599739074707031,49.20000076293945,,,False,True,,,,,LSTM,2,48,64,0.1
test_05,A3,test,5,44.70026397705078,445,316.9850769042969,0.0914580633356038,,4.499736785888672,49.20000076293945,,,False,True,,,,,LSTM,2,48,64,0.1
test_05,A3,test,5,44.80026626586914,446,316.9850769042969,0.089425496521221,,4.3997344970703125,49.20000076293945,,,False,True,,,,,LSTM,2,48,64,0.1
test_05,A3,test,5,44.9002685546875,447,316.9850769042969,0.0873929297068382,,4.299732208251953,49.20000076293945,,,False,True,,,,,LSTM,2,48,64,0.1
test_05,A3,test,5,45.00027084350586,448,316.9850769042969,0.0853603628924554,,4.199729919433594,49.20000076293945,,,False,True,,,,,LSTM,2,48,64,0.1
test_05,A3,test,5,45.10027313232422,449,316.9850769042969,0.08332779607807259,,4.099727630615234,49.20000076293945,,,False,True,,,,,LSTM,2,48,64,0.1
test_05,A3,test,5,45.20027542114258,450,316.9850769042969,0.08129522926368977,,3.999725341796875,49.20000076293945,,,False,True,,,,,LSTM,2,48,64,0.1
test_05,A3,test,5,45.30027770996094,451,316.9850769042969,0.07926266244930698,,3.8997230529785156,49.20000076293945,,,False,True,,,,,LSTM,2,48,64,0.1
test_05,A3,test,5,45.4002799987793,452,316.9850769042969,0.07723009563492417,,3.7997207641601562,49.20000076293945,,,False,True,,,,,LSTM,2,48,64,0.1
test_05,A3,test,5,45.500282287597656,453,316.9850769042969,0.07519752882054137,,3.699718475341797,49.20000076293945,,,False,True,,,,,LSTM,2,48,64,0.1
test_05,A3,test,5,45.600284576416016,454,316.9850769042969,0.07316496200615856,,3.5997161865234375,49.20000076293945,,,False,True,,,,,LSTM,2,48,64,0.1
test_05,A3,test,5,45.700286865234375,455,316.9850769042969,0.07113239519177576,,3.499713897705078,49.20000076293945,,,False,True,,,,,LSTM,2,48,64,0.1
test_05,A3,test,5,45.800289154052734,456,316.9850769042969,0.06909982837739295,,3.3997116088867188,49.20000076293945,,,False,True,,,,,LSTM,2,48,64,0.1
test_05,A3,test,5,45.900291442871094,457,316.9850769042969,0.06706726156301016,,3.2997093200683594,49.20000076293945,,,False,True,,,,,LSTM,2,48,64,0.1
test_05,A3,test,5,46.00029373168945,458,316.9850769042969,0.06503469474862734,,3.19970703125,49.20000076293945,,,False,True,,,,,LSTM,2,48,64,0.1
test_05,A3,test,5,46.10029602050781,459,316.9850769042969,0.06300212793424455,,3.0997047424316406,49.20000076293945,,,False,True,,,,,LSTM,2,48,64,0.1
test_05,A3,test,5,46.20029830932617,460,316.9850769042969,0.06096956111986174,,2.9997024536132812,49.20000076293945,,,False,True,,,,,LSTM,2,48,64,0.1
test_05,A3,test,5,46.30030059814453,461,316.9850769042969,0.05893699430547893,,2.899700164794922,49.20000076293945,,,False,True,,,,,LSTM,2,48,64,0.1
test_05,A3,test,5,46.40030288696289,462,316.9850769042969,0.05690442749109613,,2.7996978759765625,49.20000076293945,,,False,True,,,,,LSTM,2,48,64,0.1
test_05,A3,test,5,46.50030517578125,463,316.9850769042969,0.054871860676713326,,2.699695587158203,49.20000076293945,,,False,True,,,,,LSTM,2,48,64,0.1
test_05,A3,test,5,46.60030746459961,464,316.9850769042969,0.05283929386233052,,2.5996932983398438,49.20000076293945,,,False,True,,,,,LSTM,2,48,64,0.1
test_05,A3,test,5,46.70030975341797,465,316.9850769042969,0.05080672704794772,,2.4996910095214844,49.20000076293945,,,False,True,,,,,LSTM,2,48,64,0.1
test_05,A3,test,5,46.80031204223633,466,316.9850769042969,0.048774160233564914,,2.399688720703125,49.20000076293945,,,False,True,,,,,LSTM,2,48,64,0.1
test_05,A3,test,5,46.90031433105469,467,316.9850769042969,0.04674159341918211,,2.2996864318847656,49.20000076293945,,,False,True,,,,,LSTM,2,48,64,0.1
test_05,A3,test,5,47.00031661987305,468,316.9850769042969,0.04470902660479931,,2.1996841430664062,49.20000076293945,,,False,True,,,,,LSTM,2,48,64,0.1
test_05,A3,test,5,47.100318908691406,469,316.9850769042969,0.0426764597904165,,2.099681854248047,49.20000076293945,,,False,True,,,,,LSTM,2,48,64,0.1
test_05,A3,test,5,47.200321197509766,470,316.9850769042969,0.0406438929760337,,1.9996795654296875,49.20000076293945,,,False,True,,,,,LSTM,2,48,64,0.1
test_05,A3,test,5,47.300323486328125,471,316.9850769042969,0.038611326161650895,,1.8996772766113281,49.20000076293945,,,False,True,,,,,LSTM,2,48,64,0.1
test_05,A3,test,5,47.400325775146484,472,316.9850769042969,0.03657875934726809,,1.7996749877929688,49.20000076293945,,,False,True,,,,,LSTM,2,48,64,0.1
test_05,A3,test,5,47.500328063964844,473,316.9850769042969,0.03454619253288529,,1.6996726989746094,49.20000076293945,,,False,True,,,,,LSTM,2,48,64,0.1
test_05,A3,test,5,47.6003303527832,474,316.9850769042969,0.032513625718502484,,1.59967041015625,49.20000076293945,,,False,True,,,,,LSTM,2,48,64,0.1
test_05,A3,test,5,47.70033264160156,475,316.9850769042969,0.03048105890411968,,1.4996681213378906,49.20000076293945,,,False,True,,,,,LSTM,2,48,64,0.1
test_05,A3,test,5,47.80033493041992,476,316.9850769042969,0.028448492089736876,,1.3996658325195312,49.20000076293945,,,False,True,,,,,LSTM,2,48,64,0.1
test_05,A3,test,5,47.90033721923828,477,316.9850769042969,0.026415925275354073,,1.2996635437011719,49.20000076293945,,,False,True,,,,,LSTM,2,48,64,0.1
test_05,A3,test,5,48.00033950805664,478,316.9850769042969,0.024383358460971265,,1.1996612548828125,49.20000076293945,,,False,True,,,,,LSTM,2,48,64,0.1
test_05,A3,test,5,48.100341796875,479,316.9850769042969,0.02235079164658846,,1.0996589660644531,49.20000076293945,,,False,True,,,,,LSTM,2,48,64,0.1
test_05,A3,test,5,48.20034408569336,480,316.9850769042969,0.020318224832205658,,0.9996566772460938,49.20000076293945,,,False,True,,,,,LSTM,2,48,64,0.1
test_05,A3,test,5,48.30034637451172,481,316.9850769042969,0.018285658017822854,,0.8996543884277344,49.20000076293945,,,False,True,,,,,LSTM,2,48,64,0.1
test_05,A3,test,5,48.40034866333008,482,316.9850769042969,0.01625309120344005,,0.799652099609375,49.20000076293945,,,False,True,,,,,LSTM,2,48,64,0.1
test_05,A3,test,5,48.50035095214844,483,316.9850769042969,0.014220524389057247,,0.6996498107910156,49.20000076293945,,,False,True,,,,,LSTM,2,48,64,0.1
test_05,A3,test,5,48.6003532409668,484,316.9850769042969,0.012187957574674443,,0.5996475219726562,49.20000076293945,,,False,True,,,,,LSTM,2,48,64,0.1
test_05,A3,test,5,48.700355529785156,485,316.9850769042969,0.010155390760291639,,0.4996452331542969,49.20000076293945,,,False,True,,,,,LSTM,2,48,64,0.1
test_05,A3,test,5,48.800357818603516,486,316.9850769042969,0.008122823945908833,,0.3996429443359375,49.20000076293945,,,False,True,,,,,LSTM,2,48,64,0.1
test_05,A3,test,5,48.900360107421875,487,316.9850769042969,0.0060902571315260305,,0.2996406555175781,49.20000076293945,,,False,True,,,,,LSTM,2,48,64,0.1
test_05,A3,test,5,49.000362396240234,488,316.9850769042969,0.004057690317143226,,0.19963836669921875,49.20000076293945,,,False,True,,,,,LSTM,2,48,64,0.1
test_05,A3,test,5,49.100364685058594,489,316.9850769042969,0.002025123502760422,,0.09963607788085938,49.20000076293945,,,False,True,,,,,LSTM,2,48,64,0.1
test_05,A3,test,5,49.20036697387695,490,316.9850769042969,0.0,,0.0,49.20000076293945,,,False,True,,,,,LSTM,2,48,64,0.1
test_10,A3,test,10,0.10000000149011612,0,158.49253845214844,0.9989701509475708,1.0,97.0,97.0999984741211,97.0999984741211,408.0,True,False,0.9146893620491028,88.81633758544922,0.9146893620491028,88.81633565926268,LSTM,2,48,64,0.1
test_10,A3,test,10,0.20000000298023224,1,158.49253845214844,0.9979403018951416,1.0,96.9000015258789,97.0999984741211,97.0999984741211,408.0,True,False,0.9146893620491028,88.81633758544922,0.9147348403930664,88.82075160639215,LSTM,2,48,64,0.1
test_10,A3,test,10,0.30000001192092896,2,158.49253845214844,0.9969104528427124,1.0,96.80000305175781,97.0999984741211,97.0999984741211,408.0,True,False,0.914631724357605,88.81073760986328,0.914631724357605,88.81073903950619,LSTM,2,48,64,0.1
test_10,A3,test,10,0.4000000059604645,3,158.49253845214844,0.9958805441856384,1.0,96.69999694824219,97.0999984741211,97.0999984741211,408.0,True,False,0.914631724357605,88.81073760986328,0.9148554801940918,88.83246573088763,LSTM,2,48,64,0.1
test_10,A3,test,10,0.5,4,158.49253845214844,0.9948506951332092,1.0,96.5999984741211,97.0999984741211,97.0999984741211,408.0,True,False,0.9125839471817017,88.61190032958984,0.9125839471817017,88.61189987885064,LSTM,2,48,64,0.1
test_10,A3,test,10,0.6000000238418579,5,158.49253845214844,0.99382084608078,1.0,96.5,97.0999984741211,97.0999984741211,408.0,True,False,0.9125839471817017,88.61190032958984,0.9135631322860718,88.70697875099086,LSTM,2,48,64,0.1
test_10,A3,test,10,0.699999988079071,6,158.49253845214844,0.9927909970283508,1.0,96.4000015258789,97.0999984741211,97.0999984741211,408.0,True,False,0.9125839471817017,88.61190032958984,0.91401207447052,88.75057103641575,LSTM,2,48,64,0.1
test_10,A3,test,10,0.800000011920929,7,158.49253845214844,0.9917610883712769,1.0,96.30000305175781,97.0999984741211,97.0999984741211,408.0,True,False,0.9125839471817017,88.61190032958984,0.914048433303833,88.75410147907496,LSTM,2,48,64,0.1
test_10,A3,test,10,0.8999999761581421,8,158.49253845214844,0.9907311797142029,1.0,96.19999694824219,97.0999984741211,97.0999984741211,408.0,True,False,0.9125839471817017,88.61190032958984,0.914750337600708,88.8222563852305,LSTM,2,48,64,0.1
test_10,A3,test,10,1.0,9,158.49253845214844,0.9897013306617737,1.0,96.0999984741211,97.0999984741211,97.0999984741211,408.0,True,False,0.9125839471817017,88.61190032958984,0.9178208112716675,89.1203993739955,LSTM,2,48,64,0.1
test_10,A3,test,10,1.100000023841858,10,158.49253845214844,0.9886714816093445,1.0,96.0,97.0999984741211,97.0999984741211,408.0,True,False,0.9125839471817017,88.61190032958984,0.9175522923469543,89.09432618681558,LSTM,2,48,64,0.1
test_10,A3,test,10,1.2000000476837158,11,158.49253845214844,0.9876416325569153,1.0,95.9000015258789,97.0999984741211,97.0999984741211,408.0,True,False,0.9125839471817017,88.61190032958984,0.9189700484275818,89.23199030008118,LSTM,2,48,64,0.1
test_10,A3,test,10,1.2999999523162842,12,158.49253845214844,0.9866117835044861,1.0,95.80000305175781,97.0999984741211,97.0999984741211,408.0,True,False,0.9125839471817017,88.61190032958984,0.9204832911491394,89.3789261660354,LSTM,2,48,64,0.1
test_10,A3,test,10,1.399999976158142,13,158.49253845214844,0.9855818748474121,1.0,95.69999694824219,97.0999984741211,97.0999984741211,408.0,True,False,0.9125839471817017,88.61190032958984,0.9213408827781677,89.46219831190547,LSTM,2,48,64,0.1
test_10,A3,test,10,1.5,14,158.49253845214844,0.9845520257949829,1.0,95.5999984741211,97.0999984741211,97.0999984741211,408.0,True,False,0.9125839471817017,88.61190032958984,0.9227797985076904,89.60191702704651,LSTM,2,48,64,0.1
test_10,A3,test,10,1.600000023841858,15,158.49253845214844,0.9835221767425537,1.0,95.5,97.0999984741211,97.0999984741211,408.0,True,False,0.9125839471817017,88.61190032958984,0.9184890985488892,89.185290067594,LSTM,2,48,64,0.1
test_10,A3,test,10,1.7000000476837158,16,158.49253845214844,0.9824923276901245,1.0,95.4000015258789,97.0999984741211,97.0999984741211,408.0,True,False,0.9125839471817017,88.61190032958984,0.9178531765937805,89.12354204672329,LSTM,2,48,64,0.1
test_10,A3,test,10,1.7999999523162842,17,158.49253845214844,0.9814624786376953,1.0,95.30000305175781,97.0999984741211,97.0999984741211,408.0,True,False,0.9125839471817017,88.61190032958984,0.9167652130126953,89.01790078466001,LSTM,2,48,64,0.1
test_10,A3,test,10,1.899999976158142,18,158.49253845214844,0.9804325103759766,1.0,95.19999694824219,97.0999984741211,97.0999984741211,408.0,True,False,0.9125839471817017,88.61190032958984,0.9146371483802795,88.81126571209961,LSTM,2,48,64,0.1
test_10,A3,test,10,2.0,19,158.49253845214844,0.9794026613235474,1.0,95.0999984741211,97.0999984741211,97.0999984741211,408.0,True,False,0.9122754335403442,88.58193969726562,0.9122754335403442,88.58194320474558,LSTM,2,48,64,0.1
test_10,A3,test,10,2.0999999046325684,20,158.49253845214844,0.9783728122711182,1.0,95.0,97.0999984741211,97.0999984741211,408.0,True,False,0.9096934199333191,88.33123016357422,0.9096934199333191,88.33122968744328,LSTM,2,48,64,0.1
test_10,A3,test,10,2.200000047683716,21,158.49253845214844,0.977342963218689,1.0,94.9000015258789,97.0999984741211,97.0999984741211,408.0,True,False,0.9071520566940308,88.08446502685547,0.9071520566940308,88.0844633207862,LSTM,2,48,64,0.1
test_10,A3,test,10,2.299999952316284,22,158.49253845214844,0.9763131141662598,1.0,94.80000305175781,97.0999984741211,97.0999984741211,408.0,True,False,0.9071520566940308,88.08446502685547,0.9144864678382874,88.79663463170209,LSTM,2,48,64,0.1
test_10,A3,test,10,2.4000000953674316,23,158.49253845214844,0.9752832055091858,1.0,94.69999694824219,97.0999984741211,97.0999984741211,408.0,True,False,0.9071520566940308,88.08446502685547,0.9236293435096741,89.68440784544282,LSTM,2,48,64,0.1
test_10,A3,test,10,2.5,24,158.49253845214844,0.9742533564567566,1.0,94.5999984741211,97.0999984741211,97.0999984741211,408.0,True,False,0.9071520566940308,88.08446502685547,0.9305936098098755,90.36063809256575,LSTM,2,48,64,0.1
test_10,A3,test,10,2.5999999046325684,25,158.49253845214844,0.9732235074043274,1.0,94.5,97.0999984741211,97.0999984741211,408.0,True,False,0.9071520566940308,88.08446502685547,0.9295670986175537,90.26096385735764,LSTM,2,48,64,0.1
test_10,A3,test,10,2.700000047683716,26,158.49253845214844,0.9721936583518982,1.0,94.4000015258789,97.0999984741211,97.0999984741211,408.0,True,False,0.9071520566940308,88.08446502685547,0.9281838536262512,90.12665077081283,LSTM,2,48,64,0.1
test_10,A3,test,10,2.799999952316284,27,158.49253845214844,0.971163809299469,1.0,94.30000305175781,97.0999984741211,97.0999984741211,408.0,True,False,0.9071520566940308,88.08446502685547,0.9240546822547913,89.72570823694468,LSTM,2,48,64,0.1
test_10,A3,test,10,2.9000000953674316,28,158.49253845214844,0.9701338410377502,1.0,94.19999694824219,97.0999984741211,97.0999984741211,408.0,True,False,0.9071520566940308,88.08446502685547,0.9224194288253784,89.5669251314439,LSTM,2,48,64,0.1
test_10,A3,test,10,3.0,29,158.49253845214844,0.969103991985321,1.0,94.0999984741211,97.0999984741211,97.0999984741211,408.0,True,False,0.9071520566940308,88.08446502685547,0.9178978800773621,89.12788275491084,LSTM,2,48,64,0.1
test_10,A3,test,10,3.0999999046325684,30,158.49253845214844,0.9680741429328918,1.0,94.0,97.0999984741211,97.0999984741211,408.0,True,False,0.9071520566940308,88.08446502685547,0.9157840013504028,88.92262513374862,LSTM,2,48,64,0.1
test_10,A3,test,10,3.200000047683716,31,158.49253845214844,0.9670442938804626,1.0,93.9000015258789,97.0999984741211,97.0999984741211,408.0,True,False,0.9071520566940308,88.08446502685547,0.9137977361679077,88.72975878755915,LSTM,2,48,64,0.1
test_10,A3,test,10,3.299999952316284,32,158.49253845214844,0.9660144448280334,1.0,93.80000305175781,97.0999984741211,97.0999984741211,408.0,True,False,0.9071520566940308,88.08446502685547,0.9109305143356323,88.45135155202024,LSTM,2,48,64,0.1
test_10,A3,test,10,3.4000000953674316,33,158.49253845214844,0.9649845361709595,1.0,93.69999694824219,97.0999984741211,97.0999984741211,408.0,True,False,0.9071109890937805,88.08047485351562,0.9071109890937805,88.08047565686456,LSTM,2,48,64,0.1
test_10,A3,test,10,3.5,34,158.49253845214844,0.9639546871185303,1.0,93.5999984741211,97.0999984741211,97.0999984741211,408.0,True,False,0.9057534337043762,87.94865417480469,0.9057534337043762,87.94865703062487,LSTM,2,48,64,0.1
test_10,A3,test,10,3.5999999046325684,35,158.49253845214844,0.9629248380661011,1.0,93.5,97.0999984741211,97.0999984741211,408.0,True,False,0.9052852392196655,87.9031982421875,0.9052852392196655,87.90319534687387,LSTM,2,48,64,0.1
test_10,A3,test,10,3.700000047683716,36,158.49253845214844,0.9618949890136719,1.0,93.4000015258789,97.0999984741211,97.0999984741211,408.0,True,False,0.9012371301651001,87.51012420654297,0.9012371301651001,87.5101239638525,LSTM,2,48,64,0.1
test_10,A3,test,10,3.799999952316284,37,158.49253845214844,0.9608651399612427,1.0,93.30000305175781,97.0999984741211,97.0999984741211,408.0,True,False,0.8942101001739502,86.82779693603516,0.8942101001739502,86.82779936243423,LSTM,2,48,64,0.1
test_10,A3,test,10,3.9000000953674316,38,158.49253845214844,0.9598352313041687,1.0,93.19999694824219,97.0999984741211,97.0999984741211,408.0,True,False,0.8939170241355896,86.7993392944336,0.8939170241355896,86.79934167955662,LSTM,2,48,64,0.1
test_10,A3,test,10,4.0,39,158.49253845214844,0.9588053822517395,1.0,93.0999984741211,97.0999984741211,97.0999984741211,408.0,True,False,0.8892252445220947,86.3437728881836,0.8892252445220947,86.34376988624535,LSTM,2,48,64,0.1
test_10,A3,test,10,4.099999904632568,40,158.49253845214844,0.9577755331993103,1.0,93.0,97.0999984741211,97.0999984741211,408.0,True,False,0.8892252445220947,86.3437728881836,0.8902084827423096,86.43924231592791,LSTM,2,48,64,0.1
test_10,A3,test,10,4.199999809265137,41,158.49253845214844,0.9567456245422363,1.0,92.9000015258789,97.0999984741211,97.0999984741211,408.0,True,False,0.8892252445220947,86.3437728881836,0.890196681022644,86.4380963689664,LSTM,2,48,64,0.1
test_10,A3,test,10,4.300000190734863,42,158.49253845214844,0.9557157754898071,1.0,92.80000305175781,97.0999984741211,97.0999984741211,408.0,True,False,0.8892252445220947,86.3437728881836,0.8923099040985107,86.64329032640853,LSTM,2,48,64,0.1
test_10,A3,test,10,4.400000095367432,43,158.49253845214844,0.9546858668327332,1.0,92.69999694824219,97.0999984741211,97.0999984741211,408.0,True,False,0.8892252445220947,86.3437728881836,0.8950916528701782,86.91339812789283,LSTM,2,48,64,0.1
test_10,A3,test,10,4.5,44,158.49253845214844,0.953656017780304,1.0,92.5999984741211,97.0999984741211,97.0999984741211,408.0,True,False,0.8892252445220947,86.3437728881836,0.8986411690711975,87.25805614559567,LSTM,2,48,64,0.1
test_10,A3,test,10,4.599999904632568,45,158.49253845214844,0.9526261687278748,1.0,92.5,97.0999984741211,97.0999984741211,408.0,True,False,0.8892252445220947,86.3437728881836,0.903393566608429,87.71951393920926,LSTM,2,48,64,0.1
test_10,A3,test,10,4.699999809265137,46,158.49253845214844,0.9515963196754456,1.0,92.4000015258789,97.0999984741211,97.0999984741211,408.0,True,False,0.8892252445220947,86.3437728881836,0.901410698890686,87.52697748684204,LSTM,2,48,64,0.1
test_10,A3,test,10,4.800000190734863,47,158.49253845214844,0.9505664706230164,1.0,92.30000305175781,97.0999984741211,97.0999984741211,408.0,True,False,0.8892252445220947,86.3437728881836,0.910362958908081,88.39624192087103,LSTM,2,48,64,0.1
test_10,A3,test,10,4.900000095367432,48,158.49253845214844,0.9495365619659424,1.0,92.19999694824219,97.0999984741211,97.0999984741211,408.0,True,False,0.8892252445220947,86.3437728881836,0.9238321781158447,89.70410308539249,LSTM,2,48,64,0.1
test_10,A3,test,10,5.0,49,158.49253845214844,0.9485067129135132,1.0,92.0999984741211,97.0999984741211,97.0999984741211,408.0,True,False,0.8892252445220947,86.3437728881836,0.9212555885314941,89.45391624068361,LSTM,2,48,64,0.1
test_10,A3,test,10,5.099999904632568,50,158.49253845214844,0.947476863861084,1.0,92.0,97.0999984741211,97.0999984741211,408.0,True,False,0.8892252445220947,86.3437728881836,0.9196866154670715,89.30156895852224,LSTM,2,48,64,0.1
test_10,A3,test,10,5.199999809265137,51,158.49253845214844,0.9464470148086548,1.0,91.9000015258789,97.0999984741211,97.0999984741211,408.0,True,False,0.8892252445220947,86.3437728881836,0.922578752040863,89.58239541542434,LSTM,2,48,64,0.1
test_10,A3,test,10,5.300000190734863,52,158.49253845214844,0.9454171657562256,1.0,91.80000305175781,97.0999984741211,97.0999984741211,408.0,True,False,0.8892252445220947,86.3437728881836,0.921513557434082,89.47896502073127,LSTM,2,48,64,0.1
test_10,A3,test,10,5.400000095367432,53,158.49253845214844,0.9443871974945068,1.0,91.69999694824219,97.0999984741211,97.0999984741211,408.0,True,False,0.8892252445220947,86.3437728881836,0.9152606725692749,88.87180990989964,LSTM,2,48,64,0.1
test_10,A3,test,10,5.5,54,158.49253845214844,0.9433573484420776,1.0,91.5999984741211,97.0999984741211,97.0999984741211,408.0,True,False,0.8892252445220947,86.3437728881836,0.9131976366043091,88.6714891208494,LSTM,2,48,64,0.1
test_10,A3,test,10,5.599999904632568,55,158.49253845214844,0.9423274993896484,1.0,91.5,97.0999984741211,97.0999984741211,408.0,True,False,0.8892252445220947,86.3437728881836,0.911226749420166,88.48011597827644,LSTM,2,48,64,0.1
test_10,A3,test,10,5.699999809265137,56,158.49253845214844,0.9412976503372192,1.0,91.4000015258789,97.0999984741211,97.0999984741211,408.0,True,False,0.8892252445220947,86.3437728881836,0.9104499220848083,88.40468604519856,LSTM,2,48,64,0.1
test_10,A3,test,10,5.800000190734863,57,158.49253845214844,0.94026780128479,1.0,91.30000305175781,97.0999984741211,97.0999984741211,408.0,True,False,0.8892252445220947,86.3437728881836,0.9081647396087646,88.18279483026163,LSTM,2,48,64,0.1
test_10,A3,test,10,5.900000095367432,58,158.49253845214844,0.9392378926277161,1.0,91.19999694824219,97.0999984741211,97.0999984741211,408.0,True,False,0.8892252445220947,86.3437728881836,0.9045158624649048,87.82848886516058,LSTM,2,48,64,0.1
test_10,A3,test,10,6.0,59,158.49253845214844,0.9382080435752869,1.0,91.0999984741211,97.0999984741211,97.0999984741211,408.0,True,False,0.8892252445220947,86.3437728881836,0.9053214192390442,87.90670842670033,LSTM,2,48,64,0.1
test_10,A3,test,10,6.099999904632568,60,158.49253845214844,0.9371781945228577,1.0,91.0,97.0999984741211,97.0999984741211,408.0,True,False,0.8892252445220947,86.3437728881836,0.9057066440582275,87.94411375605523,LSTM,2,48,64,0.1
test_10,A3,test,10,6.199999809265137,61,158.49253845214844,0.9361483454704285,1.0,90.9000015258789,97.0999984741211,97.0999984741211,408.0,True,False,0.8892252445220947,86.3437728881836,0.9034073352813721,87.72085087733103,LSTM,2,48,64,0.1
test_10,A3,test,10,6.300000190734863,62,158.49253845214844,0.9351184964179993,1.0,90.80000305175781,97.0999984741211,97.0999984741211,408.0,True,False,0.8892252445220947,86.3437728881836,0.8998569250106812,87.37610604546444,LSTM,2,48,64,0.1
test_10,A3,test,10,6.400000095367432,63,158.49253845214844,0.9340885281562805,1.0,90.69999694824219,97.0999984741211,97.0999984741211,408.0,True,False,0.8892252445220947,86.3437728881836,0.897570788860321,87.15412222875284,LSTM,2,48,64,0.1
test_10,A3,test,10,6.5,64,158.49253845214844,0.9330586791038513,1.0,90.5999984741211,97.0999984741211,97.0999984741211,408.0,True,False,0.8892252445220947,86.3437728881836,0.8939732313156128,86.8047993966511,LSTM,2,48,64,0.1
test_10,A3,test,10,6.599999904632568,65,158.49253845214844,0.9320288300514221,1.0,90.5,97.0999984741211,97.0999984741211,408.0,True,False,0.8892252445220947,86.3437728881836,0.889432430267334,86.36388762179195,LSTM,2,48,64,0.1
test_10,A3,test,10,6.699999809265137,66,158.49253845214844,0.9309989809989929,1.0,90.4000015258789,97.0999984741211,97.0999984741211,408.0,True,False,0.8892252445220947,86.3437728881836,0.8907655477523804,86.49333332755577,LSTM,2,48,64,0.1
test_10,A3,test,10,6.800000190734863,67,158.49253845214844,0.9299691319465637,1.0,90.30000305175781,97.0999984741211,97.0999984741211,408.0,True,False,0.8892252445220947,86.3437728881836,0.8903182148933411,86.44989730762563,LSTM,2,48,64,0.1
test_10,A3,test,10,6.900000095367432,68,158.49253845214844,0.9289392232894897,1.0,90.19999694824219,97.0999984741211,97.0999984741211,408.0,True,False,0.8868865966796875,86.11668395996094,0.8868865966796875,86.1166871843161,LSTM,2,48,64,0.1
test_10,A3,test,10,7.0,69,158.49253845214844,0.9279093742370605,1.0,90.0999984741211,97.0999984741211,97.0999984741211,408.0,True,False,0.8868865966796875,86.11668395996094,0.8869889974594116,86.12663029987107,LSTM,2,48,64,0.1
test_10,A3,test,10,7.099999904632568,70,158.49253845214844,0.9268795251846313,1.0,90.0,97.0999984741211,97.0999984741211,408.0,True,False,0.885513186454773,85.98332977294922,0.885513186454773,85.98332905357256,LSTM,2,48,64,0.1
test_10,A3,test,10,7.199999809265137,71,158.49253845214844,0.9258496761322021,1.0,89.9000015258789,97.0999984741211,97.0999984741211,408.0,True,False,0.885513186454773,85.98332977294922,0.8929712772369385,86.70750965714069,LSTM,2,48,64,0.1
test_10,A3,test,10,7.300000190734863,72,158.49253845214844,0.924819827079773,1.0,89.80000305175781,97.0999984741211,97.0999984741211,408.0,True,False,0.885513186454773,85.98332977294922,0.898841381072998,87.277496730665,LSTM,2,48,64,0.1
test_10,A3,test,10,7.400000095367432,73,158.49253845214844,0.923789918422699,1.0,89.69999694824219,97.0999984741211,97.0999984741211,408.0,True,False,0.885513186454773,85.98332977294922,0.8974893093109131,87.14621056462965,LSTM,2,48,64,0.1
test_10,A3,test,10,7.5,74,158.49253845214844,0.9227600693702698,1.0,89.5999984741211,97.0999984741211,97.0999984741211,408.0,True,False,0.885513186454773,85.98332977294922,0.8978093862533569,87.17729003525255,LSTM,2,48,64,0.1
test_10,A3,test,10,7.599999904632568,75,158.49253845214844,0.9217301607131958,1.0,89.5,97.0999984741211,97.0999984741211,408.0,True,False,0.885513186454773,85.98332977294922,0.8978533148765564,87.18155550449819,LSTM,2,48,64,0.1
test_10,A3,test,10,7.699999809265137,76,158.49253845214844,0.9207003116607666,1.0,89.4000015258789,97.0999984741211,97.0999984741211,408.0,True,False,0.885513186454773,85.98332977294922,0.8989179134368896,87.2849280230821,LSTM,2,48,64,0.1
test_10,A3,test,10,7.800000190734863,77,158.49253845214844,0.9196704626083374,1.0,89.30000305175781,97.0999984741211,97.0999984741211,408.0,True,False,0.885513186454773,85.98332977294922,0.8956007957458496,86.96283590034363,LSTM,2,48,64,0.1
test_10,A3,test,10,7.900000095367432,78,158.49253845214844,0.9186405539512634,1.0,89.19999694824219,97.0999984741211,97.0999984741211,408.0,True,False,0.885513186454773,85.98332977294922,0.889091968536377,86.33082878823552,LSTM,2,48,64,0.1
test_10,A3,test,10,8.0,79,158.49253845214844,0.9176107048988342,1.0,89.0999984741211,97.0999984741211,97.0999984741211,408.0,True,False,0.8773195743560791,85.18772888183594,0.8773195743560791,85.18772933129185,LSTM,2,48,64,0.1
test_10,A3,test,10,8.100000381469727,80,158.49253845214844,0.916580855846405,1.0,89.0,97.0999984741211,97.0999984741211,408.0,True,False,0.8773195743560791,85.18772888183594,0.8820648789405823,85.64849839920635,LSTM,2,48,64,0.1
test_10,A3,test,10,8.199999809265137,81,158.49253845214844,0.9155510067939758,1.0,88.9000015258789,97.0999984741211,97.0999984741211,408.0,True,False,0.8773195743560791,85.18772888183594,0.8847951292991638,85.91360570485858,LSTM,2,48,64,0.1
test_10,A3,test,10,8.300000190734863,82,158.49253845214844,0.9145211577415466,1.0,88.80000305175781,97.0999984741211,97.0999984741211,408.0,True,False,0.8773195743560791,85.18772888183594,0.8897552490234375,86.39523332251702,LSTM,2,48,64,0.1
test_10,A3,test,10,8.399999618530273,83,158.49253845214844,0.9134912490844727,1.0,88.69999694824219,97.0999984741211,97.0999984741211,408.0,True,False,0.8773195743560791,85.18772888183594,0.8929316997528076,86.70366668349197,LSTM,2,48,64,0.1
test_10,A3,test,10,8.5,84,158.49253845214844,0.9124614000320435,1.0,88.5999984741211,97.0999984741211,97.0999984741211,408.0,True,False,0.8773195743560791,85.18772888183594,0.8939447402954102,86.8020329186329,LSTM,2,48,64,0.1
test_10,A3,test,10,8.600000381469727,85,158.49253845214844,0.9114315509796143,1.0,88.5,97.0999984741211,97.0999984741211,408.0,True,False,0.8773195743560791,85.18772888183594,0.8928729295730591,86.69796009912807,LSTM,2,48,64,0.1
test_10,A3,test,10,8.699999809265137,86,158.49253845214844,0.9104017019271851,1.0,88.4000015258789,97.0999984741211,97.0999984741211,408.0,True,False,0.8773195743560791,85.18772888183594,0.8925254344940186,86.66421832748347,LSTM,2,48,64,0.1
test_10,A3,test,10,8.800000190734863,87,158.49253845214844,0.9093718528747559,1.0,88.30000305175781,97.0999984741211,97.0999984741211,408.0,True,False,0.8773195743560791,85.18772888183594,0.8945604562759399,86.86181893940284,LSTM,2,48,64,0.1
test_10,A3,test,10,8.899999618530273,88,158.49253845214844,0.9083418846130371,1.0,88.19999694824219,97.0999984741211,97.0999984741211,408.0,True,False,0.8773195743560791,85.18772888183594,0.8935881853103638,86.76741143012896,LSTM,2,48,64,0.1
test_10,A3,test,10,9.0,89,158.49253845214844,0.9073120355606079,1.0,88.0999984741211,97.0999984741211,97.0999984741211,408.0,True,False,0.8773195743560791,85.18772888183594,0.8950859904289246,86.91284830485574,LSTM,2,48,64,0.1
test_10,A3,test,10,9.100000381469727,90,158.49253845214844,0.9062821865081787,1.0,88.0,97.0999984741211,97.0999984741211,408.0,True,False,0.8773195743560791,85.18772888183594,0.8937151432037354,86.77973904138162,LSTM,2,48,64,0.1
test_10,A3,test,10,9.199999809265137,91,158.49253845214844,0.9052523374557495,1.0,87.9000015258789,97.0999984741211,97.0999984741211,408.0,True,False,0.8773195743560791,85.18772888183594,0.8928065299987793,86.69151270056682,LSTM,2,48,64,0.1
test_10,A3,test,10,9.300000190734863,92,158.49253845214844,0.9042224884033203,1.0,87.80000305175781,97.0999984741211,97.0999984741211,408.0,True,False,0.8773195743560791,85.18772888183594,0.8928359746932983,86.69437178035969,LSTM,2,48,64,0.1
test_10,A3,test,10,9.399999618530273,93,158.49253845214844,0.9031925797462463,1.0,87.69999694824219,97.0999984741211,97.0999984741211,408.0,True,False,0.8773195743560791,85.18772888183594,0.8810704350471497,85.55193789867144,LSTM,2,48,64,0.1
test_10,A3,test,10,9.5,94,158.49253845214844,0.9021627306938171,1.0,87.5999984741211,97.0999984741211,97.0999984741211,408.0,True,False,0.8736057281494141,84.82711791992188,0.8736057281494141,84.82711487029155,LSTM,2,48,64,0.1
test_10,A3,test,10,9.600000381469727,95,158.49253845214844,0.9011328816413879,1.0,87.5,97.0999984741211,97.0999984741211,408.0,True,False,0.8736057281494141,84.82711791992188,0.8745532035827637,84.91911473342407,LSTM,2,48,64,0.1
test_10,A3,test,10,9.699999809265137,96,158.49253845214844,0.9001030325889587,1.0,87.4000015258789,97.0999984741211,97.0999984741211,408.0,True,False,0.8736057281494141,84.82711791992188,0.877324104309082,85.18816918972152,LSTM,2,48,64,0.1
test_10,A3,test,10,9.800000190734863,97,158.49253845214844,0.8990731835365295,1.0,87.30000305175781,97.0999984741211,97.0999984741211,408.0,True,False,0.8736057281494141,84.82711791992188,0.877155065536499,85.17175552516164,LSTM,2,48,64,0.1
test_10,A3,test,10,9.899999618530273,98,158.49253845214844,0.8980432152748108,1.0,87.19999694824219,97.0999984741211,97.0999984741211,408.0,True,False,0.8736057281494141,84.82711791992188,0.8785719871520996,85.30933861187441,LSTM,2,48,64,0.1
test_10,A3,test,10,10.0,99,158.49253845214844,0.8970133662223816,1.0,87.0999984741211,97.0999984741211,97.0999984741211,408.0,True,False,0.8736057281494141,84.82711791992188,0.8791946768760681,85.3698017831216,LSTM,2,48,64,0.1
test_10,A3,test,10,10.100000381469727,100,158.49253845214844,0.8959835171699524,1.0,87.0,97.0999984741211,97.0999984741211,408.0,True,False,0.8736057281494141,84.82711791992188,0.879444420337677,85.39405187286275,LSTM,2,48,64,0.1
test_10,A3,test,10,10.199999809265137,101,158.49253845214844,0.8949536681175232,1.0,86.9000015258789,97.0999984741211,97.0999984741211,408.0,True,False,0.8736057281494141,84.82711791992188,0.8771908283233643,85.17522809171169,LSTM,2,48,64,0.1
test_10,A3,test,10,10.300000190734863,102,158.49253845214844,0.893923819065094,1.0,86.80000305175781,97.0999984741211,97.0999984741211,408.0,True,False,0.8736057281494141,84.82711791992188,0.8736670017242432,84.83306453431396,LSTM,2,48,64,0.1
test_10,A3,test,10,10.399999618530273,103,158.49253845214844,0.89289391040802,0.9985029101371765,86.69999694824219,97.0999984741211,97.0999984741211,408.0,True,False,0.8687251806259155,84.35321044921875,0.8687251806259155,84.35321371320697,LSTM,2,48,64,0.1
test_10,A3,test,10,10.5,104,158.49253845214844,0.8918640613555908,0.9974021315574646,86.5999984741211,97.0999984741211,97.0999984741211,408.0,True,False,0.8631722927093506,83.81402587890625,0.8631722927093506,83.81402830498155,LSTM,2,48,64,0.1
test_10,A3,test,10,10.600000381469727,105,158.49253845214844,0.8908342123031616,0.9996037483215332,86.5,97.0999984741211,97.0999984741211,408.0,True,False,0.8577569723129272,83.28820037841797,0.8577569723129272,83.28820070275196,LSTM,2,48,64,0.1
test_10,A3,test,10,10.699999809265137,106,158.49253845214844,0.8898043632507324,1.0,86.4000015258789,97.0999984741211,97.0999984741211,408.0,True,False,0.851495087146759,82.68016815185547,0.851495087146759,82.68017166267191,LSTM,2,48,64,0.1
test_10,A3,test,10,10.800000190734863,107,158.49253845214844,0.8887745141983032,1.0,86.30000305175781,97.0999984741211,97.0999984741211,408.0,True,False,0.8495403528213501,82.49036407470703,0.8495403528213501,82.49036696265739,LSTM,2,48,64,0.1
test_10,A3,test,10,10.899999618530273,108,158.49253845214844,0.8877445459365845,1.0,86.19999694824219,97.0999984741211,97.0999984741211,408.0,True,False,0.8481324911117554,82.3536605834961,0.8481324911117554,82.35366359280397,LSTM,2,48,64,0.1
test_10,A3,test,10,11.0,109,158.49253845214844,0.8867146968841553,1.0,86.0999984741211,97.0999984741211,97.0999984741211,408.0,True,False,0.8468723893165588,82.23130798339844,0.8468723893165588,82.23130771041315,LSTM,2,48,64,0.1
test_10,A3,test,10,11.100000381469727,110,158.49253845214844,0.8856848478317261,1.0,86.0,97.0999984741211,97.0999984741211,408.0,True,False,0.8462088108062744,82.16687774658203,0.8462088108062744,82.16687423807707,LSTM,2,48,64,0.1
test_10,A3,test,10,11.199999809265137,111,158.49253845214844,0.8846549987792969,1.0,85.9000015258789,97.0999984741211,97.0999984741211,408.0,True,False,0.8462088108062744,82.16687774658203,0.8504630327224731,82.57995917964854,LSTM,2,48,64,0.1
test_10,A3,test,10,11.300000190734863,112,158.49253845214844,0.8836251497268677,1.0,85.80000305175781,97.0999984741211,97.0999984741211,408.0,True,False,0.8462088108062744,82.16687774658203,0.8559046387672424,83.1083391182924,LSTM,2,48,64,0.1
test_10,A3,test,10,11.399999618530273,113,158.49253845214844,0.8825952410697937,1.0,85.69999694824219,97.0999984741211,97.0999984741211,408.0,True,False,0.8462088108062744,82.16687774658203,0.8592752814292908,83.43562851563411,LSTM,2,48,64,0.1
test_10,A3,test,10,11.5,114,158.49253845214844,0.8815653920173645,1.0,85.5999984741211,97.0999984741211,97.0999984741211,408.0,True,False,0.8462088108062744,82.16687774658203,0.8652361631393433,84.01443012058462,LSTM,2,48,64,0.1
test_10,A3,test,10,11.600000381469727,115,158.49253845214844,0.8805355429649353,1.0,85.5,97.0999984741211,97.0999984741211,408.0,True,False,0.8462088108062744,82.16687774658203,0.8674530982971191,84.22969452102188,LSTM,2,48,64,0.1
test_10,A3,test,10,11.699999809265137,116,158.49253845214844,0.8795056939125061,1.0,85.4000015258789,97.0999984741211,97.0999984741211,408.0,True,False,0.8462088108062744,82.16687774658203,0.8706688284873962,84.54194191759098,LSTM,2,48,64,0.1
test_10,A3,test,10,11.800000190734863,117,158.49253845214844,0.8784758448600769,1.0,85.30000305175781,97.0999984741211,97.0999984741211,408.0,True,False,0.8462088108062744,82.16687774658203,0.8766443729400635,85.122167274827,LSTM,2,48,64,0.1
test_10,A3,test,10,11.899999618530273,118,158.49253845214844,0.8774459362030029,1.0,85.19999694824219,97.0999984741211,97.0999984741211,408.0,True,False,0.8462088108062744,82.16687774658203,0.8790111541748047,85.35198172910896,LSTM,2,48,64,0.1
test_10,A3,test,10,12.0,119,158.49253845214844,0.8764160871505737,1.0,85.0999984741211,97.0999984741211,97.0999984741211,408.0,True,False,0.8462088108062744,82.16687774658203,0.878426194190979,85.29518211557206,LSTM,2,48,64,0.1
test_10,A3,test,10,12.100000381469727,120,158.49253845214844,0.8753862380981445,1.0,85.0,97.0999984741211,97.0999984741211,408.0,True,False,0.8462088108062744,82.16687774658203,0.8876582384109497,86.19161359524423,LSTM,2,48,64,0.1
test_10,A3,test,10,12.199999809265137,121,158.49253845214844,0.8743563890457153,1.0,84.9000015258789,97.0999984741211,97.0999984741211,408.0,True,False,0.8462088108062744,82.16687774658203,0.8902437090873718,86.44266279397971,LSTM,2,48,64,0.1
test_10,A3,test,10,12.300000190734863,122,158.49253845214844,0.8733265399932861,1.0,84.80000305175781,97.0999984741211,97.0999984741211,408.0,True,False,0.8462088108062744,82.16687774658203,0.8913962841033936,86.55457782627673,LSTM,2,48,64,0.1
test_10,A3,test,10,12.399999618530273,123,158.49253845214844,0.8722965717315674,1.0,84.69999694824219,97.0999984741211,97.0999984741211,408.0,True,False,0.8462088108062744,82.16687774658203,0.8851081132888794,85.94399644978239,LSTM,2,48,64,0.1
test_10,A3,test,10,12.5,124,158.49253845214844,0.8712667226791382,1.0,84.5999984741211,97.0999984741211,97.0999984741211,408.0,True,False,0.8462088108062744,82.16687774658203,0.8817248344421387,85.61548007892634,LSTM,2,48,64,0.1
test_10,A3,test,10,12.600000381469727,125,158.49253845214844,0.870236873626709,1.0,84.5,97.0999984741211,97.0999984741211,408.0,True,False,0.8462088108062744,82.16687774658203,0.8776000142097473,85.21496004065511,LSTM,2,48,64,0.1
test_10,A3,test,10,12.699999809265137,126,158.49253845214844,0.8692070245742798,1.0,84.4000015258789,97.0999984741211,97.0999984741211,408.0,True,False,0.8462088108062744,82.16687774658203,0.8732326626777649,84.79089021356367,LSTM,2,48,64,0.1
test_10,A3,test,10,12.800000190734863,127,158.49253845214844,0.8681771755218506,1.0,84.30000305175781,97.0999984741211,97.0999984741211,408.0,True,False,0.8462088108062744,82.16687774658203,0.8700219392776489,84.47912897631159,LSTM,2,48,64,0.1
test_10,A3,test,10,12.899999618530273,128,158.49253845214844,0.8671472668647766,1.0,84.19999694824219,97.0999984741211,97.0999984741211,408.0,True,False,0.8462088108062744,82.16687774658203,0.872946560382843,84.76310968116331,LSTM,2,48,64,0.1
test_10,A3,test,10,13.0,129,158.49253845214844,0.8661174178123474,1.0,84.0999984741211,97.0999984741211,97.0999984741211,408.0,True,False,0.8462088108062744,82.16687774658203,0.8754795789718628,85.00906578229205,LSTM,2,48,64,0.1
test_10,A3,test,10,13.100000381469727,130,158.49253845214844,0.8650875687599182,1.0,84.0,97.0999984741211,97.0999984741211,408.0,True,False,0.8462088108062744,82.16687774658203,0.8720122575759888,84.6723888800434,LSTM,2,48,64,0.1
test_10,A3,test,10,13.199999809265137,131,158.49253845214844,0.864057719707489,1.0,83.9000015258789,97.0999984741211,97.0999984741211,408.0,True,False,0.8462088108062744,82.16687774658203,0.869866132736206,84.46400016137522,LSTM,2,48,64,0.1
test_10,A3,test,10,13.300000190734863,132,158.49253845214844,0.8630278706550598,1.0,83.80000305175781,97.0999984741211,97.0999984741211,408.0,True,False,0.8462088108062744,82.16687774658203,0.870087742805481,84.48551849876367,LSTM,2,48,64,0.1
test_10,A3,test,10,13.399999618530273,133,158.49253845214844,0.8619979023933411,1.0,83.69999694824219,97.0999984741211,97.0999984741211,408.0,True,False,0.8462088108062744,82.16687774658203,0.8706108331680298,84.53631057216899,LSTM,2,48,64,0.1
test_10,A3,test,10,13.5,134,158.49253845214844,0.8609680533409119,1.0,83.5999984741211,97.0999984741211,97.0999984741211,408.0,True,False,0.8462088108062744,82.16687774658203,0.8711398243904114,84.58767561905506,LSTM,2,48,64,0.1
test_10,A3,test,10,13.600000381469727,135,158.49253845214844,0.8599382042884827,1.0,83.5,97.0999984741211,97.0999984741211,408.0,True,False,0.8462088108062744,82.16687774658203,0.8709641695022583,84.57061952968343,LSTM,2,48,64,0.1
test_10,A3,test,10,13.699999809265137,136,158.49253845214844,0.8589083552360535,1.0,83.4000015258789,97.0999984741211,97.0999984741211,408.0,True,False,0.8462088108062744,82.16687774658203,0.8677238821983337,84.25598763741664,LSTM,2,48,64,0.1
test_10,A3,test,10,13.800000190734863,137,158.49253845214844,0.8578785061836243,1.0,83.30000305175781,97.0999984741211,97.0999984741211,408.0,True,False,0.8462088108062744,82.16687774658203,0.8662047386169434,84.10847879798166,LSTM,2,48,64,0.1
test_10,A3,test,10,13.899999618530273,138,158.49253845214844,0.8568485975265503,1.0,83.19999694824219,97.0999984741211,97.0999984741211,408.0,True,False,0.8462088108062744,82.16687774658203,0.8685621023178101,84.33737880973877,LSTM,2,48,64,0.1
test_10,A3,test,10,14.0,139,158.49253845214844,0.8558187484741211,1.0,83.0999984741211,97.0999984741211,97.0999984741211,408.0,True,False,0.8462088108062744,82.16687774658203,0.8723524808883667,84.70542456315616,LSTM,2,48,64,0.1
test_10,A3,test,10,14.100000381469727,140,158.49253845214844,0.8547888994216919,1.0,83.0,97.0999984741211,97.0999984741211,408.0,True,False,0.8462088108062744,82.16687774658203,0.8716961145401001,84.641691391741,LSTM,2,48,64,0.1
test_10,A3,test,10,14.199999809265137,141,158.49253845214844,0.8537590503692627,1.0,82.9000015258789,97.0999984741211,97.0999984741211,408.0,True,False,0.8462088108062744,82.16687774658203,0.8716799020767212,84.64011716157165,LSTM,2,48,64,0.1
test_10,A3,test,10,14.300000190734863,142,158.49253845214844,0.8527292013168335,1.0,82.80000305175781,97.0999984741211,97.0999984741211,408.0,True,False,0.8462088108062744,82.16687774658203,0.869454026222229,84.42398461949688,LSTM,2,48,64,0.1
test_10,A3,test,10,14.399999618530273,143,158.49253845214844,0.8516992330551147,0.9981883764266968,82.69999694824219,97.0999984741211,97.0999984741211,408.0,True,False,0.8462088108062744,82.16687774658203,0.8691373467445374,84.39323504269623,LSTM,2,48,64,0.1
test_10,A3,test,10,14.5,144,158.49253845214844,0.8506693840026855,0.9985029101371765,82.5999984741211,97.0999984741211,97.0999984741211,408.0,True,False,0.8462088108062744,82.16687774658203,0.8662765026092529,84.11544708152542,LSTM,2,48,64,0.1
test_10,A3,test,10,14.600000381469727,145,158.49253845214844,0.8496395349502563,1.0,82.5,97.0999984741211,97.0999984741211,408.0,True,False,0.8462088108062744,82.16687774658203,0.8585239052772522,83.36266989241767,LSTM,2,48,64,0.1
test_10,A3,test,10,14.699999809265137,146,158.49253845214844,0.8486096858978271,1.0,82.4000015258789,97.0999984741211,97.0999984741211,408.0,True,False,0.8462088108062744,82.16687774658203,0.8518660068511963,82.71618796540679,LSTM,2,48,64,0.1
test_10,A3,test,10,14.800000190734863,147,158.49253845214844,0.847579836845398,1.0,82.30000305175781,97.0999984741211,97.0999984741211,408.0,True,False,0.8462088108062744,82.16687774658203,0.8546125888824463,82.98288107645021,LSTM,2,48,64,0.1
test_10,A3,test,10,14.899999618530273,148,158.49253845214844,0.846549928188324,1.0,82.19999694824219,97.0999984741211,97.0999984741211,408.0,True,False,0.8462088108062744,82.16687774658203,0.8572147488594055,83.23555080624237,LSTM,2,48,64,0.1
test_10,A3,test,10,15.0,149,158.49253845214844,0.8455200791358948,1.0,82.0999984741211,97.0999984741211,97.0999984741211,408.0,True,False,0.8462088108062744,82.16687774658203,0.8561756610870361,83.13465538513083,LSTM,2,48,64,0.1
test_10,A3,test,10,15.100000381469727,150,158.49253845214844,0.8444902300834656,1.0,82.0,97.0999984741211,97.0999984741211,408.0,True,False,0.8462088108062744,82.16687774658203,0.8555439710617065,83.0733182846352,LSTM,2,48,64,0.1
test_10,A3,test,10,15.199999809265137,151,158.49253845214844,0.8434603810310364,1.0,81.9000015258789,97.0999984741211,97.0999984741211,408.0,True,False,0.8462088108062744,82.16687774658203,0.855538010597229,83.07273952354353,LSTM,2,48,64,0.1
test_10,A3,test,10,15.300000190734863,152,158.49253845214844,0.8424305319786072,1.0,81.80000305175781,97.0999984741211,97.0999984741211,408.0,True,False,0.8462088108062744,82.16687774658203,0.8557186126708984,83.09027598462126,LSTM,2,48,64,0.1
test_10,A3,test,10,15.399999618530273,153,158.49253845214844,0.8414006233215332,1.0,81.69999694824219,97.0999984741211,97.0999984741211,408.0,True,False,0.8462088108062744,82.16687774658203,0.8550386428833008,83.02425091928308,LSTM,2,48,64,0.1
test_10,A3,test,10,15.5,154,158.49253845214844,0.840370774269104,0.9996037483215332,81.5999984741211,97.0999984741211,97.0999984741211,408.0,True,False,0.8462088108062744,82.16687774658203,0.8522441983222961,82.75291035667351,LSTM,2,48,64,0.1
test_10,A3,test,10,15.600000381469727,155,158.49253845214844,0.8393409252166748,0.9865514636039734,81.5,97.0999984741211,97.0999984741211,408.0,True,False,0.8462088108062744,82.16687774658203,0.8524836897850037,82.77616497733698,LSTM,2,48,64,0.1
test_10,A3,test,10,15.699999809265137,156,158.49253845214844,0.8383110761642456,0.9900110363960266,81.4000015258789,97.0999984741211,97.0999984741211,408.0,True,False,0.8462088108062744,82.16687774658203,0.850125253200531,82.54716078858337,LSTM,2,48,64,0.1
test_10,A3,test,10,15.800000190734863,157,158.49253845214844,0.8372812271118164,0.9920554757118225,81.30000305175781,97.0999984741211,97.0999984741211,408.0,True,False,0.8380594253540039,81.37557220458984,0.8380594253540039,81.37556892309658,LSTM,2,48,64,0.1
test_10,A3,test,10,15.899999618530273,158,158.49253845214844,0.8362512588500977,0.9810474514961243,81.19999694824219,97.0999984741211,97.0999984741211,408.0,True,False,0.8353652954101562,81.11396789550781,0.8353652954101562,81.11396890965989,LSTM,2,48,64,0.1
test_10,A3,test,10,16.0,159,158.49253845214844,0.8352214097976685,0.9940997362136841,81.0999984741211,97.0999984741211,97.0999984741211,408.0,True,False,0.8334391713142395,80.92694091796875,0.8334391713142395,80.9269422628854,LSTM,2,48,64,0.1
test_10,A3,test,10,16.100000381469727,160,158.49253845214844,0.8341915607452393,0.995200514793396,81.0,97.0999984741211,97.0999984741211,408.0,True,False,0.8161461353302002,79.24778747558594,0.8161461353302002,79.24778849522227,LSTM,2,48,64,0.1
test_10,A3,test,10,16.200000762939453,161,158.49253845214844,0.8331617116928101,0.9975593090057373,80.9000015258789,97.0999984741211,97.0999984741211,408.0,True,False,0.8161461353302002,79.24778747558594,0.8216183185577393,79.77913747826642,LSTM,2,48,64,0.1
test_10,A3,test,10,16.299999237060547,162,158.49253845214844,0.8321318626403809,0.9975593090057373,80.80000305175781,97.0999984741211,97.0999984741211,408.0,True,False,0.8161461353302002,79.24778747558594,0.8240736722946167,80.01755232237065,LSTM,2,48,64,0.1
test_10,A3,test,10,16.399999618530273,163,158.49253845214844,0.8311019539833069,1.0,80.69999694824219,97.0999984741211,97.0999984741211,408.0,True,False,0.8161461353302002,79.24778747558594,0.8266679048538208,80.26945229991088,LSTM,2,48,64,0.1
test_10,A3,test,10,16.5,164,158.49253845214844,0.8300721049308777,1.0,80.5999984741211,97.0999984741211,97.0999984741211,408.0,True,False,0.8161461353302002,79.24778747558594,0.8268750309944153,80.28956424784656,LSTM,2,48,64,0.1
test_10,A3,test,10,16.600000381469727,165,158.49253845214844,0.8290422558784485,0.9974021315574646,80.5,97.0999984741211,97.0999984741211,408.0,True,False,0.8161461353302002,79.24778747558594,0.836544394493103,81.22845942881486,LSTM,2,48,64,0.1
test_10,A3,test,10,16.700000762939453,166,158.49253845214844,0.8280124068260193,0.9974021315574646,80.4000015258789,97.0999984741211,97.0999984741211,408.0,True,False,0.8161461353302002,79.24778747558594,0.8404901623725891,81.6115934838922,LSTM,2,48,64,0.1
test_10,A3,test,10,16.799999237060547,167,158.49253845214844,0.8269825577735901,0.9985029101371765,80.30000305175781,97.0999984741211,97.0999984741211,408.0,True,False,0.8161461353302002,79.24778747558594,0.8381122350692749,81.38069674636881,LSTM,2,48,64,0.1
test_10,A3,test,10,16.899999618530273,168,158.49253845214844,0.8259525895118713,1.0,80.19999694824219,97.0999984741211,97.0999984741211,408.0,True,False,0.8161461353302002,79.24778747558594,0.8366906642913818,81.24266222600454,LSTM,2,48,64,0.1
test_10,A3,test,10,17.0,169,158.49253845214844,0.8249227404594421,1.0,80.0999984741211,97.0999984741211,97.0999984741211,408.0,True,False,0.8161461353302002,79.24778747558594,0.8362216949462891,81.19712530331162,LSTM,2,48,64,0.1
test_10,A3,test,10,17.100000381469727,170,158.49253845214844,0.8238928914070129,1.0,80.0,97.0999984741211,97.0999984741211,408.0,True,False,0.8161461353302002,79.24778747558594,0.8396649360656738,81.53146401074991,LSTM,2,48,64,0.1
test_10,A3,test,10,17.200000762939453,171,158.49253845214844,0.8228630423545837,1.0,79.9000015258789,97.0999984741211,97.0999984741211,408.0,True,False,0.8161461353302002,79.24778747558594,0.8423830270767212,81.79539064377514,LSTM,2,48,64,0.1
test_10,A3,test,10,17.299999237060547,172,158.49253845214844,0.8218331933021545,1.0,79.80000305175781,97.0999984741211,97.0999984741211,408.0,True,False,0.8161461353302002,79.24778747558594,0.8418394327163696,81.74260763221446,LSTM,2,48,64,0.1
test_10,A3,test,10,17.399999618530273,173,158.49253845214844,0.8208032846450806,1.0,79.69999694824219,97.0999984741211,97.0999984741211,408.0,True,False,0.8161461353302002,79.24778747558594,0.8496547937393188,82.50147917561753,LSTM,2,48,64,0.1
test_10,A3,test,10,17.5,174,158.49253845214844,0.8197734355926514,1.0,79.5999984741211,97.0999984741211,97.0999984741211,408.0,True,False,0.8161461353302002,79.24778747558594,0.8533394932746887,82.85926349487954,LSTM,2,48,64,0.1
test_10,A3,test,10,17.600000381469727,175,158.49253845214844,0.8187435865402222,1.0,79.5,97.0999984741211,97.0999984741211,408.0,True,False,0.8161461353302002,79.24778747558594,0.8562729954719543,83.14410655375787,LSTM,2,48,64,0.1
test_10,A3,test,10,17.700000762939453,176,158.49253845214844,0.817713737487793,1.0,79.4000015258789,97.0999984741211,97.0999984741211,408.0,True,False,0.8161461353302002,79.24778747558594,0.856885552406311,83.20358583114921,LSTM,2,48,64,0.1
test_10,A3,test,10,17.799999237060547,177,158.49253845214844,0.8166838884353638,0.995200514793396,79.30000305175781,97.0999984741211,97.0999984741211,408.0,True,False,0.8161461353302002,79.24778747558594,0.8545432090759277,82.97614429734313,LSTM,2,48,64,0.1
test_10,A3,test,10,17.899999618530273,178,158.49253845214844,0.815653920173645,0.9940997362136841,79.19999694824219,97.0999984741211,97.0999984741211,408.0,True,False,0.8161461353302002,79.24778747558594,0.8541573286056519,82.93867530426814,LSTM,2,48,64,0.1
test_10,A3,test,10,18.0,179,158.49253845214844,0.8146240711212158,0.9940997362136841,79.0999984741211,97.0999984741211,97.0999984741211,408.0,True,False,0.8161461353302002,79.24778747558594,0.8477182388305664,82.31343969693262,LSTM,2,48,64,0.1
test_10,A3,test,10,18.100000381469727,180,158.49253845214844,0.8135942220687866,0.9940997362136841,79.0,97.0999984741211,97.0999984741211,408.0,True,False,0.8161461353302002,79.24778747558594,0.8431851863861084,81.87328031149264,LSTM,2,48,64,0.1
test_10,A3,test,10,18.200000762939453,181,158.49253845214844,0.8125643730163574,0.9920554757118225,78.9000015258789,97.0999984741211,97.0999984741211,408.0,True,False,0.8161461353302002,79.24778747558594,0.8397811055183411,81.54274406442664,LSTM,2,48,64,0.1
test_10,A3,test,10,18.299999237060547,182,158.49253845214844,0.8115345239639282,0.974442720413208,78.80000305175781,97.0999984741211,97.0999984741211,408.0,True,False,0.8161461353302002,79.24778747558594,0.8389536738395691,81.46240044968044,LSTM,2,48,64,0.1
test_10,A3,test,10,18.399999618530273,183,158.49253845214844,0.8105046153068542,0.9801039099693298,78.69999694824219,97.0999984741211,97.0999984741211,408.0,True,False,0.8161461353302002,79.24778747558594,0.8368871212005615,81.26173819158612,LSTM,2,48,64,0.1
test_10,A3,test,10,18.5,184,158.49253845214844,0.809474766254425,0.9810474514961243,78.5999984741211,97.0999984741211,97.0999984741211,408.0,True,False,0.8161461353302002,79.24778747558594,0.8197045922279358,79.59331465456262,LSTM,2,48,64,0.1
test_10,A3,test,10,18.600000381469727,185,158.49253845214844,0.8084449172019958,0.9854506254196167,78.5,97.0999984741211,97.0999984741211,408.0,True,False,0.8116132020950317,78.8076400756836,0.8116132020950317,78.80764068500412,LSTM,2,48,64,0.1
test_10,A3,test,10,18.700000762939453,186,158.49253845214844,0.8074150681495667,0.9865514636039734,78.4000015258789,97.0999984741211,97.0999984741211,408.0,True,False,0.8059878349304199,78.26142120361328,0.8059878349304199,78.26141754190394,LSTM,2,48,64,0.1
test_10,A3,test,10,18.799999237060547,187,158.49253845214844,0.8063852190971375,0.9887529611587524,78.30000305175781,97.0999984741211,97.0999984741211,408.0,True,False,0.8050411343574524,78.16949462890625,0.8050411343574524,78.16949291771334,LSTM,2,48,64,0.1
test_10,A3,test,10,18.899999618530273,188,158.49253845214844,0.8053553104400635,0.9865514636039734,78.19999694824219,97.0999984741211,97.0999984741211,408.0,True,False,0.8050411343574524,78.16949462890625,0.8058949112892151,78.25239465648474,LSTM,2,48,64,0.1
test_10,A3,test,10,19.0,189,158.49253845214844,0.8043254613876343,0.9896965026855469,78.0999984741211,97.0999984741211,97.0999984741211,408.0,True,False,0.8050411343574524,78.16949462890625,0.8075067400932312,78.40890323089525,LSTM,2,48,64,0.1
test_10,A3,test,10,19.100000381469727,190,158.49253845214844,0.8032956123352051,0.9887529611587524,78.0,97.0999984741211,97.0999984741211,408.0,True,False,0.8050411343574524,78.16949462890625,0.8071803450584412,78.37721027351517,LSTM,2,48,64,0.1
test_10,A3,test,10,19.200000762939453,191,158.49253845214844,0.8022657632827759,0.9940997362136841,77.9000015258789,97.0999984741211,97.0999984741211,408.0,True,False,0.8050411343574524,78.16949462890625,0.8084690570831299,78.50234420914603,LSTM,2,48,64,0.1
test_10,A3,test,10,19.299999237060547,192,158.49253845214844,0.8012358546257019,0.9942569732666016,77.80000305175781,97.0999984741211,97.0999984741211,408.0,True,False,0.8050411343574524,78.16949462890625,0.8075114488601685,78.40936045215767,LSTM,2,48,64,0.1
test_10,A3,test,10,19.399999618530273,193,158.49253845214844,0.8002059459686279,0.9985029101371765,77.69999694824219,97.0999984741211,97.0999984741211,408.0,True,False,0.8050411343574524,78.16949462890625,0.8120148181915283,78.84663760736112,LSTM,2,48,64,0.1
test_10,A3,test,10,19.5,194,158.49253845214844,0.7991760969161987,1.0,77.5999984741211,97.0999984741211,97.0999984741211,408.0,True,False,0.8050411343574524,78.16949462890625,0.8109211921691895,78.74044652226075,LSTM,2,48,64,0.1
test_10,A3,test,10,19.600000381469727,195,158.49253845214844,0.7981462478637695,1.0,77.5,97.0999984741211,97.0999984741211,408.0,True,False,0.8050411343574524,78.16949462890625,0.8207276463508606,79.69265320833756,LSTM,2,48,64,0.1
test_10,A3,test,10,19.700000762939453,196,158.49253845214844,0.7971163988113403,0.9985029101371765,77.4000015258789,97.0999984741211,97.0999984741211,408.0,True,False,0.8050411343574524,78.16949462890625,0.8355070948600769,81.12773763603082,LSTM,2,48,64,0.1
test_10,A3,test,10,19.799999237060547,197,158.49253845214844,0.7960865497589111,1.0,77.30000305175781,97.0999984741211,97.0999984741211,408.0,True,False,0.8050411343574524,78.16949462890625,0.836785614490509,81.25188189019491,LSTM,2,48,64,0.1
test_10,A3,test,10,19.899999618530273,198,158.49253845214844,0.7950566411018372,1.0,77.19999694824219,97.0999984741211,97.0999984741211,408.0,True,False,0.8050411343574524,78.16949462890625,0.8352527618408203,81.10304190024908,LSTM,2,48,64,0.1
test_10,A3,test,10,20.0,199,158.49253845214844,0.794026792049408,1.0,77.0999984741211,97.0999984741211,97.0999984741211,408.0,True,False,0.8050411343574524,78.16949462890625,0.8392239809036255,81.48864726518786,LSTM,2,48,64,0.1
test_10,A3,test,10,20.100000381469727,200,158.49253845214844,0.7929969429969788,1.0,77.0,97.0999984741211,97.0999984741211,408.0,True,False,0.8050411343574524,78.16949462890625,0.8450519442558289,82.05454249779405,LSTM,2,48,64,0.1
test_10,A3,test,10,20.200000762939453,201,158.49253845214844,0.7919670939445496,1.0,76.9000015258789,97.0999984741211,97.0999984741211,408.0,True,False,0.8050411343574524,78.16949462890625,0.8506175875663757,82.59496645475565,LSTM,2,48,64,0.1
test_10,A3,test,10,20.299999237060547,202,158.49253845214844,0.7909372448921204,0.9991319179534912,76.80000305175781,97.0999984741211,97.0999984741211,408.0,True,False,0.8050411343574524,78.16949462890625,0.8546046614646912,82.98211132419829,LSTM,2,48,64,0.1
test_10,A3,test,10,20.399999618530273,203,158.49253845214844,0.7899072766304016,0.9969303011894226,76.69999694824219,97.0999984741211,97.0999984741211,408.0,True,False,0.8050411343574524,78.16949462890625,0.8530756235122681,82.83364174135113,LSTM,2,48,64,0.1
test_10,A3,test,10,20.5,204,158.49253845214844,0.7888774275779724,0.995200514793396,76.5999984741211,97.0999984741211,97.0999984741211,408.0,True,False,0.8050411343574524,78.16949462890625,0.8493330478668213,82.47023765188897,LSTM,2,48,64,0.1
test_10,A3,test,10,20.600000381469727,205,158.49253845214844,0.7878475785255432,0.995200514793396,76.5,97.0999984741211,97.0999984741211,408.0,True,False,0.8050411343574524,78.16949462890625,0.8451948165893555,82.06841540116147,LSTM,2,48,64,0.1
test_10,A3,test,10,20.700000762939453,206,158.49253845214844,0.786817729473114,0.9918981194496155,76.4000015258789,97.0999984741211,97.0999984741211,408.0,True,False,0.8050411343574524,78.16949462890625,0.841973602771759,81.75563554438804,LSTM,2,48,64,0.1
test_10,A3,test,10,20.799999237060547,207,158.49253845214844,0.7857878804206848,0.9936279058456421,76.30000305175781,97.0999984741211,97.0999984741211,408.0,True,False,0.8050411343574524,78.16949462890625,0.8394328951835632,81.50893284145104,LSTM,2,48,64,0.1
test_10,A3,test,10,20.899999618530273,208,158.49253845214844,0.7847579717636108,0.9918981194496155,76.19999694824219,97.0999984741211,97.0999984741211,408.0,True,False,0.8050411343574524,78.16949462890625,0.8341619372367859,80.9971228328618,LSTM,2,48,64,0.1
test_10,A3,test,10,21.0,209,158.49253845214844,0.7837281227111816,0.9918981194496155,76.0999984741211,97.0999984741211,97.0999984741211,408.0,True,False,0.8050411343574524,78.16949462890625,0.8323553800582886,80.8217061335863,LSTM,2,48,64,0.1
test_10,A3,test,10,21.100000381469727,210,158.49253845214844,0.7826982736587524,0.9887529611587524,76.0,97.0999984741211,97.0999984741211,408.0,True,False,0.8050411343574524,78.16949462890625,0.829983115196228,80.59135921910001,LSTM,2,48,64,0.1
test_10,A3,test,10,21.200000762939453,211,158.49253845214844,0.7816684246063232,0.9887529611587524,75.9000015258789,97.0999984741211,97.0999984741211,408.0,True,False,0.8050411343574524,78.16949462890625,0.8283976316452026,80.4374087687147,LSTM,2,48,64,0.1
test_10,A3,test,10,21.299999237060547,212,158.49253845214844,0.780638575553894,0.9887529611587524,75.80000305175781,97.0999984741211,97.0999984741211,408.0,True,False,0.8050411343574524,78.16949462890625,0.8240983486175537,80.01994839329018,LSTM,2,48,64,0.1
test_10,A3,test,10,21.399999618530273,213,158.49253845214844,0.7796086072921753,0.9865514636039734,75.69999694824219,97.0999984741211,97.0999984741211,408.0,True,False,0.8050411343574524,78.16949462890625,0.8215607404708862,79.77354664612085,LSTM,2,48,64,0.1
test_10,A3,test,10,21.5,214,158.49253845214844,0.7785787582397461,0.9854506254196167,75.5999984741211,97.0999984741211,97.0999984741211,408.0,True,False,0.8050411343574524,78.16949462890625,0.8202507495880127,79.64634653339272,LSTM,2,48,64,0.1
test_10,A3,test,10,21.600000381469727,215,158.49253845214844,0.7775489091873169,0.9867086410522461,75.5,97.0999984741211,97.0999984741211,408.0,True,False,0.8050411343574524,78.16949462890625,0.8168138265609741,79.3126213127116,LSTM,2,48,64,0.1
test_10,A3,test,10,21.700000762939453,216,158.49253845214844,0.7765190601348877,0.9898538589477539,75.4000015258789,97.0999984741211,97.0999984741211,408.0,True,False,0.8050411343574524,78.16949462890625,0.8120167255401611,78.84682281091045,LSTM,2,48,64,0.1
test_10,A3,test,10,21.799999237060547,217,158.49253845214844,0.7754892110824585,0.9918981194496155,75.30000305175781,97.0999984741211,97.0999984741211,408.0,True,False,0.8050411343574524,78.16949462890625,0.8091201782226562,78.56556807080051,LSTM,2,48,64,0.1
test_10,A3,test,10,21.899999618530273,218,158.49253845214844,0.7744593024253845,0.9896965026855469,75.19999694824219,97.0999984741211,97.0999984741211,408.0,True,False,0.8050411343574524,78.16949462890625,0.8116933703422546,78.81542502168713,LSTM,2,48,64,0.1
test_10,A3,test,10,22.0,219,158.49253845214844,0.7734294533729553,0.9940997362136841,75.0999984741211,97.0999984741211,97.0999984741211,408.0,True,False,0.8050411343574524,78.16949462890625,0.8145046234130859,79.08839769057522,LSTM,2,48,64,0.1
test_10,A3,test,10,22.100000381469727,220,158.49253845214844,0.7723996043205261,0.9918981194496155,75.0,97.0999984741211,97.0999984741211,408.0,True,False,0.8050411343574524,78.16949462890625,0.8146355152130127,79.10110728414838,LSTM,2,48,64,0.1
test_10,A3,test,10,22.200000762939453,221,158.49253845214844,0.7713697552680969,1.0,74.9000015258789,97.0999984741211,97.0999984741211,408.0,True,False,0.8050411343574524,78.16949462890625,0.8147382736206055,79.11108512536885,LSTM,2,48,64,0.1
test_10,A3,test,10,22.299999237060547,222,158.49253845214844,0.7703399062156677,1.0,74.80000305175781,97.0999984741211,97.0999984741211,408.0,True,False,0.8050411343574524,78.16949462890625,0.8100496530532837,78.65582007543617,LSTM,2,48,64,0.1
test_10,A3,test,10,22.399999618530273,223,158.49253845214844,0.7693099975585938,1.0,74.69999694824219,97.0999984741211,97.0999984741211,408.0,True,False,0.8050411343574524,78.16949462890625,0.8281646966934204,80.41479078525208,LSTM,2,48,64,0.1
test_10,A3,test,10,22.5,224,158.49253845214844,0.7682801485061646,1.0,74.5999984741211,97.0999984741211,97.0999984741211,408.0,True,False,0.8050411343574524,78.16949462890625,0.8405340909957886,81.61585895313783,LSTM,2,48,64,0.1
test_10,A3,test,10,22.600000381469727,225,158.49253845214844,0.7672502398490906,0.9974021315574646,74.5,97.0999984741211,97.0999984741211,408.0,True,False,0.8050411343574524,78.16949462890625,0.8466385006904602,82.20859712517586,LSTM,2,48,64,0.1
test_10,A3,test,10,22.700000762939453,226,158.49253845214844,0.7662203907966614,0.9918981194496155,74.4000015258789,97.0999984741211,97.0999984741211,408.0,True,False,0.8050411343574524,78.16949462890625,0.8454360365867615,82.09183786254152,LSTM,2,48,64,0.1
test_10,A3,test,10,22.799999237060547,227,158.49253845214844,0.7651905417442322,0.9900110363960266,74.30000305175781,97.0999984741211,97.0999984741211,408.0,True,False,0.8050411343574524,78.16949462890625,0.8418127298355103,81.74001478252376,LSTM,2,48,64,0.1
test_10,A3,test,10,22.899999618530273,228,158.49253845214844,0.7641606330871582,0.9634347558021545,74.19999694824219,97.0999984741211,97.0999984741211,408.0,True,False,0.8050411343574524,78.16949462890625,0.8293074369430542,80.52575086174784,LSTM,2,48,64,0.1
test_10,A3,test,10,23.0,229,158.49253845214844,0.763130784034729,0.9381164312362671,74.0999984741211,97.0999984741211,97.0999984741211,408.0,True,False,0.7844106554985046,76.16627502441406,0.7844106554985046,76.16627345198913,LSTM,2,48,64,0.1
test_10,A3,test,10,23.100000381469727,230,158.49253845214844,0.7621009349822998,0.9538421630859375,74.0,97.0999984741211,97.0999984741211,408.0,True,False,0.7844106554985046,76.16627502441406,0.8107426166534424,78.7231068399542,LSTM,2,48,64,0.1
test_10,A3,test,10,23.200000762939453,231,158.49253845214844,0.7610710859298706,0.9720838069915771,73.9000015258789,97.0999984741211,97.0999984741211,408.0,True,False,0.7738370299339294,75.13957214355469,0.7738370299339294,75.13957442580295,LSTM,2,48,64,0.1
test_10,A3,test,10,23.299999237060547,232,158.49253845214844,0.7600412368774414,0.9723982810974121,73.80000305175781,97.0999984741211,97.0999984741211,408.0,True,False,0.7560807466506958,73.41543579101562,0.7560807466506958,73.4154393460949,LSTM,2,48,64,0.1
test_10,A3,test,10,23.399999618530273,233,158.49253845214844,0.7590113282203674,0.9725556373596191,73.69999694824219,97.0999984741211,97.0999984741211,408.0,True,False,0.7560807466506958,73.41543579101562,0.7672120928764343,74.49629304762902,LSTM,2,48,64,0.1
test_10,A3,test,10,23.5,234,158.49253845214844,0.7579814791679382,0.9722411036491394,73.5999984741211,97.0999984741211,97.0999984741211,408.0,True,False,0.7560807466506958,73.41543579101562,0.7696194648742676,74.73004886494527,LSTM,2,48,64,0.1
test_10,A3,test,10,23.600000381469727,235,158.49253845214844,0.756951630115509,0.9777451157569885,73.5,97.0999984741211,97.0999984741211,408.0,True,False,0.7560807466506958,73.41543579101562,0.7687321901321411,74.64389448883867,LSTM,2,48,64,0.1
test_10,A3,test,10,23.700000762939453,236,158.49253845214844,0.7559217810630798,0.974442720413208,73.4000015258789,97.0999984741211,97.0999984741211,408.0,True,False,0.7560807466506958,73.41543579101562,0.7696303129196167,74.73110221013212,LSTM,2,48,64,0.1
test_10,A3,test,10,23.799999237060547,237,158.49253845214844,0.7548919320106506,0.9679951667785645,73.30000305175781,97.0999984741211,97.0999984741211,408.0,True,False,0.7560807466506958,73.41543579101562,0.7782868146896362,75.57164851879224,LSTM,2,48,64,0.1
test_10,A3,test,10,23.899999618530273,238,158.49253845214844,0.7538619637489319,0.9690959453582764,73.19999694824219,97.0999984741211,97.0999984741211,408.0,True,False,0.7560807466506958,73.41543579101562,0.7789271473884583,75.63382482287079,LSTM,2,48,64,0.1
test_10,A3,test,10,24.0,239,158.49253845214844,0.7528321146965027,0.9690959453582764,73.0999984741211,97.0999984741211,97.0999984741211,408.0,True,False,0.7560807466506958,73.41543579101562,0.7715335488319397,74.91590641431458,LSTM,2,48,64,0.1
test_10,A3,test,10,24.100000381469727,240,158.49253845214844,0.7518022656440735,0.9690959453582764,73.0,97.0999984741211,97.0999984741211,408.0,True,False,0.7560807466506958,73.41543579101562,0.7696664333343506,74.73460950234767,LSTM,2,48,64,0.1
test_10,A3,test,10,24.200000762939453,241,158.49253845214844,0.7507724165916443,0.9679951667785645,72.9000015258789,97.0999984741211,97.0999984741211,408.0,True,False,0.7560807466506958,73.41543579101562,0.7677289247512817,74.54647742188808,LSTM,2,48,64,0.1
test_10,A3,test,10,24.299999237060547,242,158.49253845214844,0.7497425675392151,0.9657935500144958,72.80000305175781,97.0999984741211,97.0999984741211,408.0,True,False,0.7560807466506958,73.41543579101562,0.7663578987121582,74.41335079558121,LSTM,2,48,64,0.1
test_10,A3,test,10,24.399999618530273,243,158.49253845214844,0.7487126588821411,0.9711402654647827,72.69999694824219,97.0999984741211,97.0999984741211,408.0,True,False,0.7560807466506958,73.41543579101562,0.7631712555885315,74.10392775313949,LSTM,2,48,64,0.1
test_10,A3,test,10,24.5,244,158.49253845214844,0.7476828098297119,0.971297562122345,72.5999984741211,97.0999984741211,97.0999984741211,408.0,True,False,0.7560807466506958,73.41543579101562,0.7591879367828369,73.7171475031846,LSTM,2,48,64,0.1
test_10,A3,test,10,24.600000381469727,245,158.49253845214844,0.7466529607772827,0.9401608109474182,72.5,97.0999984741211,97.0999984741211,408.0,True,False,0.7560807466506958,73.41543579101562,0.7701408267021179,74.78067309763401,LSTM,2,48,64,0.1
test_10,A3,test,10,24.700000762939453,246,158.49253845214844,0.7456231117248535,0.9464510679244995,72.4000015258789,97.0999984741211,97.0999984741211,408.0,True,False,0.7560807466506958,73.41543579101562,0.7761532664299011,75.3644809860275,LSTM,2,48,64,0.1
test_10,A3,test,10,24.799999237060547,247,158.49253845214844,0.7445932626724243,0.9547855854034424,72.30000305175781,97.0999984741211,97.0999984741211,408.0,True,False,0.7524166107177734,73.05965423583984,0.7524166107177734,73.05965175259917,LSTM,2,48,64,0.1
test_10,A3,test,10,24.899999618530273,248,158.49253845214844,0.7435632944107056,0.956987202167511,72.19999694824219,97.0999984741211,97.0999984741211,408.0,True,False,0.7369166612625122,71.55460357666016,0.7369166612625122,71.55460668414435,LSTM,2,48,64,0.1
test_10,A3,test,10,25.0,249,158.49253845214844,0.7425334453582764,0.9591888189315796,72.0999984741211,97.0999984741211,97.0999984741211,408.0,True,False,0.7358659505844116,71.45258331298828,0.7358659505844116,71.45258267890404,LSTM,2,48,64,0.1
test_10,A3,test,10,25.100000381469727,250,158.49253845214844,0.7415035963058472,0.9612331390380859,72.0,97.0999984741211,97.0999984741211,408.0,True,False,0.7334210276603699,71.21517944335938,0.7334210276603699,71.21518066671024,LSTM,2,48,64,0.1
test_10,A3,test,10,25.200000762939453,251,158.49253845214844,0.740473747253418,0.9631202220916748,71.9000015258789,97.0999984741211,97.0999984741211,408.0,True,False,0.7334210276603699,71.21517944335938,0.7348654270172119,71.35543184205562,LSTM,2,48,64,0.1
test_10,A3,test,10,25.299999237060547,252,158.49253845214844,0.7394438982009888,0.9659508466720581,71.80000305175781,97.0999984741211,97.0999984741211,408.0,True,False,0.7334210276603699,71.21517944335938,0.736430287361145,71.50737977906374,LSTM,2,48,64,0.1
test_10,A3,test,10,25.399999618530273,253,158.49253845214844,0.7384139895439148,0.9723982810974121,71.69999694824219,97.0999984741211,97.0999984741211,408.0,True,False,0.7334210276603699,71.21517944335938,0.7374123334884644,71.60273645652796,LSTM,2,48,64,0.1
test_10,A3,test,10,25.5,254,158.49253845214844,0.7373841404914856,0.9692532420158386,71.5999984741211,97.0999984741211,97.0999984741211,408.0,True,False,0.7334210276603699,71.21517944335938,0.7425268888473511,72.09935977407167,LSTM,2,48,64,0.1
test_10,A3,test,10,25.600000381469727,255,158.49253845214844,0.7363542914390564,0.9750717282295227,71.5,97.0999984741211,97.0999984741211,408.0,True,False,0.7334210276603699,71.21517944335938,0.7506418228149414,72.88731984994229,LSTM,2,48,64,0.1
test_10,A3,test,10,25.700000762939453,256,158.49253845214844,0.7353244423866272,0.9766442179679871,71.4000015258789,97.0999984741211,97.0999984741211,408.0,True,False,0.7334210276603699,71.21517944335938,0.7503103613853455,72.85513494563429,LSTM,2,48,64,0.1
test_10,A3,test,10,25.799999237060547,257,158.49253845214844,0.734294593334198,0.974442720413208,71.30000305175781,97.0999984741211,97.0999984741211,408.0,True,False,0.7334210276603699,71.21517944335938,0.7586541175842285,73.66531365981427,LSTM,2,48,64,0.1
test_10,A3,test,10,25.899999618530273,258,158.49253845214844,0.733264684677124,0.9690959453582764,71.19999694824219,97.0999984741211,97.0999984741211,408.0,True,False,0.7334210276603699,71.21517944335938,0.7669565677642822,74.47148155962896,LSTM,2,48,64,0.1
test_10,A3,test,10,26.0,259,158.49253845214844,0.73223477602005,0.9635919332504272,71.0999984741211,97.0999984741211,97.0999984741211,408.0,True,False,0.7334210276603699,71.21517944335938,0.7715127468109131,74.91388653810463,LSTM,2,48,64,0.1
test_10,A3,test,10,26.100000381469727,260,158.49253845214844,0.7312049269676208,0.9637492299079895,71.0,97.0999984741211,97.0999984741211,408.0,True,False,0.7334210276603699,71.21517944335938,0.7687506675720215,74.64568864822286,LSTM,2,48,64,0.1
test_10,A3,test,10,26.200000762939453,261,158.49253845214844,0.7301750779151917,0.9637492299079895,70.9000015258789,97.0999984741211,97.0999984741211,408.0,True,False,0.7334210276603699,71.21517944335938,0.763979434967041,74.18240196955958,LSTM,2,48,64,0.1
test_10,A3,test,10,26.299999237060547,262,158.49253845214844,0.7291452288627625,0.9679951667785645,70.80000305175781,97.0999984741211,97.0999984741211,408.0,True,False,0.7334210276603699,71.21517944335938,0.7595236897468567,73.74974911547861,LSTM,2,48,64,0.1
test_10,A3,test,10,26.399999618530273,263,158.49253845214844,0.7281153202056885,0.9679951667785645,70.69999694824219,97.0999984741211,97.0999984741211,408.0,True,False,0.7334210276603699,71.21517944335938,0.7551508545875549,73.32514682818282,LSTM,2,48,64,0.1
test_10,A3,test,10,26.5,264,158.49253845214844,0.7270854711532593,0.9690959453582764,70.5999984741211,97.0999984741211,97.0999984741211,408.0,True,False,0.7334210276603699,71.21517944335938,0.7575199007987976,73.55518121167961,LSTM,2,48,64,0.1
test_10,A3,test,10,26.600000381469727,265,158.49253845214844,0.7260556221008301,0.9679951667785645,70.5,97.0999984741211,97.0999984741211,408.0,True,False,0.7334210276603699,71.21517944335938,0.7581774592399597,73.6190301353131,LSTM,2,48,64,0.1
test_10,A3,test,10,26.700000762939453,266,158.49253845214844,0.7250257730484009,0.9635919332504272,70.4000015258789,97.0999984741211,97.0999984741211,408.0,True,False,0.7334210276603699,71.21517944335938,0.7616098523139954,73.95231549756454,LSTM,2,48,64,0.1
test_10,A3,test,10,26.799999237060547,267,158.49253845214844,0.7239959239959717,0.9604468941688538,70.30000305175781,97.0999984741211,97.0999984741211,408.0,True,False,0.7334210276603699,71.21517944335938,0.7627402544021606,74.06207753860053,LSTM,2,48,64,0.1
test_10,A3,test,10,26.899999618530273,268,158.49253845214844,0.7229660153388977,0.9626485109329224,70.19999694824219,97.0999984741211,97.0999984741211,408.0,True,False,0.7334210276603699,71.21517944335938,0.7597846984863281,73.77509306368302,LSTM,2,48,64,0.1
test_10,A3,test,10,27.0,269,158.49253845214844,0.7219361662864685,0.9626485109329224,70.0999984741211,97.0999984741211,97.0999984741211,408.0,True,False,0.7334210276603699,71.21517944335938,0.7530438899993896,73.12056056988695,LSTM,2,48,64,0.1
test_10,A3,test,10,27.100000381469727,270,158.49253845214844,0.7209063172340393,0.9593459963798523,70.0,97.0999984741211,97.0999984741211,408.0,True,False,0.7334210276603699,71.21517944335938,0.7529488801956177,73.11133511808566,LSTM,2,48,64,0.1
test_10,A3,test,10,27.200000762939453,271,158.49253845214844,0.7198764681816101,0.9591888189315796,69.9000015258789,97.0999984741211,97.0999984741211,408.0,True,False,0.7334210276603699,71.21517944335938,0.7521525621414185,73.034012636238,LSTM,2,48,64,0.1
test_10,A3,test,10,27.299999237060547,272,158.49253845214844,0.7188466191291809,0.9593459963798523,69.80000305175781,97.0999984741211,97.0999984741211,408.0,True,False,0.7334210276603699,71.21517944335938,0.747826099395752,72.61391311023544,LSTM,2,48,64,0.1
test_10,A3,test,10,27.399999618530273,273,158.49253845214844,0.7178166508674622,0.956987202167511,69.69999694824219,97.0999984741211,97.0999984741211,408.0,True,False,0.7334210276603699,71.21517944335938,0.7458007335662842,72.41725009128459,LSTM,2,48,64,0.1
test_10,A3,test,10,27.5,274,158.49253845214844,0.716786801815033,0.9538421630859375,69.5999984741211,97.0999984741211,97.0999984741211,408.0,True,False,0.7334210276603699,71.21517944335938,0.7463424801826477,72.46985368690684,LSTM,2,48,64,0.1
test_10,A3,test,10,27.600000381469727,275,158.49253845214844,0.7157569527626038,0.9558864235877991,69.5,97.0999984741211,97.0999984741211,408.0,True,False,0.7334210276603699,71.21517944335938,0.7428503036499023,72.13076335090591,LSTM,2,48,64,0.1
test_10,A3,test,10,27.700000762939453,276,158.49253845214844,0.7147271037101746,0.9576162099838257,69.4000015258789,97.0999984741211,97.0999984741211,408.0,True,False,0.7334210276603699,71.21517944335938,0.7373175024986267,71.59352836755943,LSTM,2,48,64,0.1
test_10,A3,test,10,27.799999237060547,277,158.49253845214844,0.7136972546577454,0.9593459963798523,69.30000305175781,97.0999984741211,97.0999984741211,408.0,True,False,0.7334210276603699,71.21517944335938,0.7349246740341187,71.36118472730686,LSTM,2,48,64,0.1
test_10,A3,test,10,27.899999618530273,278,158.49253845214844,0.7126673460006714,0.9604468941688538,69.19999694824219,97.0999984741211,97.0999984741211,408.0,True,False,0.7334210276603699,71.21517944335938,0.7355097532272339,71.41799591606559,LSTM,2,48,64,0.1
test_10,A3,test,10,28.0,279,158.49253845214844,0.7116374969482422,0.9612331390380859,69.0999984741211,97.0999984741211,97.0999984741211,408.0,True,False,0.7334210276603699,71.21517944335938,0.7351551055908203,71.38355963111098,LSTM,2,48,64,0.1
test_10,A3,test,10,28.100000381469727,280,158.49253845214844,0.710607647895813,0.9618621468544006,69.0,97.0999984741211,97.0999984741211,408.0,True,False,0.7334210276603699,71.21517944335938,0.7369890213012695,71.56163284379727,LSTM,2,48,64,0.1
test_10,A3,test,10,28.200000762939453,281,158.49253845214844,0.7095777988433838,0.9593459963798523,68.9000015258789,97.0999984741211,97.0999984741211,408.0,True,False,0.7334210276603699,71.21517944335938,0.7403737306594849,71.89028811731532,LSTM,2,48,64,0.1
test_10,A3,test,10,28.299999237060547,282,158.49253845214844,0.7085479497909546,0.9593459963798523,68.80000305175781,97.0999984741211,97.0999984741211,408.0,True,False,0.7334210276603699,71.21517944335938,0.7414231300354004,71.99218479511546,LSTM,2,48,64,0.1
test_10,A3,test,10,28.399999618530273,283,158.49253845214844,0.7075179815292358,0.9593459963798523,68.69999694824219,97.0999984741211,97.0999984741211,408.0,True,False,0.7334210276603699,71.21517944335938,0.7405880093574524,71.911094578561,LSTM,2,48,64,0.1
test_10,A3,test,10,28.5,284,158.49253845214844,0.7064881324768066,0.9593459963798523,68.5999984741211,97.0999984741211,97.0999984741211,408.0,True,False,0.7334210276603699,71.21517944335938,0.7394419312477112,71.79981039585391,LSTM,2,48,64,0.1
test_10,A3,test,10,28.600000381469727,285,158.49253845214844,0.7054582834243774,0.9571444988250732,68.5,97.0999984741211,97.0999984741211,408.0,True,False,0.7334210276603699,71.21517944335938,0.7408473491668701,71.93627647365975,LSTM,2,48,64,0.1
test_10,A3,test,10,28.700000762939453,286,158.49253845214844,0.7044284343719482,0.9591888189315796,68.4000015258789,97.0999984741211,97.0999984741211,408.0,True,False,0.7334210276603699,71.21517944335938,0.7407673597335815,71.92850949980948,LSTM,2,48,64,0.1
test_10,A3,test,10,28.799999237060547,287,158.49253845214844,0.703398585319519,0.956987202167511,68.30000305175781,97.0999984741211,97.0999984741211,408.0,True,False,0.7334210276603699,71.21517944335938,0.7392427921295166,71.78047398778108,LSTM,2,48,64,0.1
test_10,A3,test,10,28.899999618530273,288,158.49253845214844,0.7023686766624451,0.9428341388702393,68.19999694824219,97.0999984741211,97.0999984741211,408.0,True,False,0.7334210276603699,71.21517944335938,0.7461062669754028,72.4469173848438,LSTM,2,48,64,0.1
test_10,A3,test,10,29.0,289,158.49253845214844,0.7013388276100159,0.9505396485328674,68.0999984741211,97.0999984741211,97.0999984741211,408.0,True,False,0.7334210276603699,71.21517944335938,0.7420505881309509,72.053110975236,LSTM,2,48,64,0.1
test_10,A3,test,10,29.100000381469727,290,158.49253845214844,0.7003089785575867,0.9516405463218689,68.0,97.0999984741211,97.0999984741211,408.0,True,False,0.7272594571113586,70.61688995361328,0.7272594571113586,70.61689217580306,LSTM,2,48,64,0.1
test_10,A3,test,10,29.200000762939453,291,158.49253845214844,0.6992791295051575,0.9538421630859375,67.9000015258789,97.0999984741211,97.0999984741211,408.0,True,False,0.7267227172851562,70.56477355957031,0.7267227172851562,70.5647747394978,LSTM,2,48,64,0.1
test_10,A3,test,10,29.299999237060547,292,158.49253845214844,0.6982492804527283,0.9538421630859375,67.80000305175781,97.0999984741211,97.0999984741211,408.0,True,False,0.7260675430297852,70.50115966796875,0.7260675430297852,70.50115732030099,LSTM,2,48,64,0.1
test_10,A3,test,10,29.399999618530273,293,158.49253845214844,0.6972193121910095,0.9505396485328674,67.69999694824219,97.0999984741211,97.0999984741211,408.0,True,False,0.7260675430297852,70.50115966796875,0.7293632626533508,70.82117169072035,LSTM,2,48,64,0.1
test_10,A3,test,10,29.5,294,158.49253845214844,0.6961894631385803,0.9505396485328674,67.5999984741211,97.0999984741211,97.0999984741211,408.0,True,False,0.7260675430297852,70.50115966796875,0.7309941053390503,70.9795265130133,LSTM,2,48,64,0.1
test_10,A3,test,10,29.600000381469727,295,158.49253845214844,0.6951596140861511,0.9505396485328674,67.5,97.0999984741211,97.0999984741211,408.0,True,False,0.7260675430297852,70.50115966796875,0.7272236347198486,70.6134138216421,LSTM,2,48,64,0.1
test_10,A3,test,10,29.700000762939453,296,158.49253845214844,0.6941297650337219,0.9516405463218689,67.4000015258789,97.0999984741211,97.0999984741211,408.0,True,False,0.7260675430297852,70.50115966796875,0.7262920141220093,70.52295346301344,LSTM,2,48,64,0.1
test_10,A3,test,10,29.799999237060547,297,158.49253845214844,0.6930999159812927,0.9549428820610046,67.30000305175781,97.0999984741211,97.0999984741211,408.0,True,False,0.7237648963928223,70.27757263183594,0.7237648963928223,70.27757033536545,LSTM,2,48,64,0.1
test_10,A3,test,10,29.899999618530273,298,158.49253845214844,0.6920700073242188,0.9571444988250732,67.19999694824219,97.0999984741211,97.0999984741211,408.0,True,False,0.721161961555481,70.02482604980469,0.721161961555481,70.02482536663138,LSTM,2,48,64,0.1
test_10,A3,test,10,30.0,299,158.49253845214844,0.6910401582717896,0.9624912142753601,67.0999984741211,97.0999984741211,97.0999984741211,408.0,True,False,0.721161961555481,70.02482604980469,0.7225116491317749,70.15588002823006,LSTM,2,48,64,0.1
test_10,A3,test,10,30.100000381469727,300,158.49253845214844,0.6900103092193604,0.9539993405342102,67.0,97.0999984741211,97.0999984741211,408.0,True,False,0.721161961555481,70.02482604980469,0.7288713455200195,70.77340653782448,LSTM,2,48,64,0.1
test_10,A3,test,10,30.200000762939453,301,158.49253845214844,0.6889804601669312,0.9489671587944031,66.9000015258789,97.0999984741211,97.0999984741211,408.0,True,False,0.721161961555481,70.02482604980469,0.7376018166542053,71.62113527163228,LSTM,2,48,64,0.1
test_10,A3,test,10,30.299999237060547,302,158.49253845214844,0.687950611114502,0.9516405463218689,66.80000305175781,97.0999984741211,97.0999984741211,408.0,True,False,0.721161961555481,70.02482604980469,0.7350198030471802,71.37042175432998,LSTM,2,48,64,0.1
test_10,A3,test,10,30.399999618530273,303,158.49253845214844,0.686920702457428,0.9505396485328674,66.69999694824219,97.0999984741211,97.0999984741211,408.0,True,False,0.721161961555481,70.02482604980469,0.727836012840271,70.6728757362007,LSTM,2,48,64,0.1
test_10,A3,test,10,30.5,304,158.49253845214844,0.6858908534049988,0.9505396485328674,66.5999984741211,97.0999984741211,97.0999984741211,408.0,True,False,0.721161961555481,70.02482604980469,0.727752685546875,70.66478465613909,LSTM,2,48,64,0.1
test_10,A3,test,10,30.600000381469727,305,158.49253845214844,0.6848610043525696,0.950067937374115,66.5,97.0999984741211,97.0999984741211,408.0,True,False,0.721161961555481,70.02482604980469,0.7243961691856384,70.33886692258466,LSTM,2,48,64,0.1
test_10,A3,test,10,30.700000762939453,306,158.49253845214844,0.6838311553001404,0.9483381509780884,66.4000015258789,97.0999984741211,97.0999984741211,408.0,True,False,0.721161961555481,70.02482604980469,0.7231385707855225,70.21675411985234,LSTM,2,48,64,0.1
test_10,A3,test,10,30.799999237060547,307,158.49253845214844,0.6828013062477112,0.9483381509780884,66.30000305175781,97.0999984741211,97.0999984741211,408.0,True,False,0.721161961555481,70.02482604980469,0.7225711941719055,70.16166185153588,LSTM,2,48,64,0.1
test_10,A3,test,10,30.899999618530273,308,158.49253845214844,0.6817713379859924,0.9472373127937317,66.19999694824219,97.0999984741211,97.0999984741211,408.0,True,False,0.7197402119636536,69.88677215576172,0.7197402119636536,69.88677348343435,LSTM,2,48,64,0.1
test_10,A3,test,10,31.0,309,158.49253845214844,0.6807414889335632,0.9451929926872253,66.0999984741211,97.0999984741211,97.0999984741211,408.0,True,False,0.7181967496871948,69.73690032958984,0.7181967496871948,69.73690329874535,LSTM,2,48,64,0.1
test_10,A3,test,10,31.100000381469727,310,158.49253845214844,0.679711639881134,0.9387454390525818,66.0,97.0999984741211,97.0999984741211,408.0,True,False,0.717531144618988,69.67227172851562,0.717531144618988,69.6722730476381,LSTM,2,48,64,0.1
test_10,A3,test,10,31.200000762939453,311,158.49253845214844,0.6786817908287048,0.9396889805793762,65.9000015258789,97.0999984741211,97.0999984741211,408.0,True,False,0.7157379388809204,69.49815368652344,0.7157379388809204,69.49815277320795,LSTM,2,48,64,0.1
test_10,A3,test,10,31.299999237060547,312,158.49253845214844,0.6776519417762756,0.9396889805793762,65.80000305175781,97.0999984741211,97.0999984741211,408.0,True,False,0.7092541456222534,68.86857604980469,0.7092541456222534,68.86857645768487,LSTM,2,48,64,0.1
test_10,A3,test,10,31.399999618530273,313,158.49253845214844,0.6766220331192017,0.9429913759231567,65.69999694824219,97.0999984741211,97.0999984741211,408.0,True,False,0.70592200756073,68.54502868652344,0.70592200756073,68.54502585699538,LSTM,2,48,64,0.1
test_10,A3,test,10,31.5,314,158.49253845214844,0.6755921840667725,0.9472373127937317,65.5999984741211,97.0999984741211,97.0999984741211,408.0,True,False,0.7024717330932617,68.21000671386719,0.7024717330932617,68.21000421146891,LSTM,2,48,64,0.1
test_10,A3,test,10,31.600000381469727,315,158.49253845214844,0.6745623350143433,0.9571444988250732,65.5,97.0999984741211,97.0999984741211,408.0,True,False,0.6982582211494446,67.80087280273438,0.6982582211494446,67.80087220815358,LSTM,2,48,64,0.1
test_10,A3,test,10,31.700000762939453,316,158.49253845214844,0.6735324859619141,0.9591888189315796,65.4000015258789,97.0999984741211,97.0999984741211,408.0,True,False,0.6959457993507385,67.57633972167969,0.6959457993507385,67.5763360550277,LSTM,2,48,64,0.1
test_10,A3,test,10,31.799999237060547,317,158.49253845214844,0.6725026369094849,0.956987202167511,65.30000305175781,97.0999984741211,97.0999984741211,408.0,True,False,0.6959457993507385,67.57633972167969,0.7097945213317871,68.92104693825604,LSTM,2,48,64,0.1
test_10,A3,test,10,31.899999618530273,318,158.49253845214844,0.6714726686477661,0.9591888189315796,65.19999694824219,97.0999984741211,97.0999984741211,408.0,True,False,0.6959457993507385,67.57633972167969,0.7196660041809082,69.87956790784301,LSTM,2,48,64,0.1
test_10,A3,test,10,32.0,319,158.49253845214844,0.6704428195953369,0.9516405463218689,65.0999984741211,97.0999984741211,97.0999984741211,408.0,True,False,0.6959457993507385,67.57633972167969,0.7251373529434204,70.41083586433433,LSTM,2,48,64,0.1
test_10,A3,test,10,32.099998474121094,320,158.49253845214844,0.6694129705429077,0.9472373127937317,65.0,97.0999984741211,97.0999984741211,408.0,True,False,0.6959457993507385,67.57633972167969,0.7329764366149902,71.17201087688227,LSTM,2,48,64,0.1
test_10,A3,test,10,32.20000076293945,321,158.49253845214844,0.6683831214904785,0.9396889805793762,64.9000015258789,97.0999984741211,97.0999984741211,408.0,True,False,0.6959457993507385,67.57633972167969,0.7317355871200562,71.05152439281756,LSTM,2,48,64,0.1
test_10,A3,test,10,32.29999923706055,322,158.49253845214844,0.6673532724380493,0.9385882019996643,64.80000305175781,97.0999984741211,97.0999984741211,408.0,True,False,0.6959457993507385,67.57633972167969,0.7275828123092651,70.64828996502638,LSTM,2,48,64,0.1
test_10,A3,test,10,32.400001525878906,323,158.49253845214844,0.6663233637809753,0.9310399293899536,64.69999694824219,97.0999984741211,97.0999984741211,408.0,True,False,0.6959457993507385,67.57633972167969,0.7217562198638916,70.08252784747128,LSTM,2,48,64,0.1
test_10,A3,test,10,32.5,324,158.49253845214844,0.6652935147285461,0.9417333006858826,64.5999984741211,97.0999984741211,97.0999984741211,408.0,True,False,0.6959457993507385,67.57633972167969,0.7174820899963379,69.66750984385362,LSTM,2,48,64,0.1
test_10,A3,test,10,32.599998474121094,325,158.49253845214844,0.6642636656761169,0.9423623085021973,64.5,97.0999984741211,97.0999984741211,408.0,True,False,0.6959457993507385,67.57633972167969,0.700750470161438,68.04286958341527,LSTM,2,48,64,0.1
test_10,A3,test,10,32.70000076293945,326,158.49253845214844,0.6632338166236877,0.9425196647644043,64.4000015258789,97.0999984741211,97.0999984741211,408.0,True,False,0.6959457993507385,67.57633972167969,0.7014305591583252,68.10890622397528,LSTM,2,48,64,0.1
test_10,A3,test,10,32.79999923706055,327,158.49253845214844,0.6622039675712585,0.9365439414978027,64.30000305175781,97.0999984741211,97.0999984741211,408.0,True,False,0.6959457993507385,67.57633972167969,0.7042496204376221,68.38263706989346,LSTM,2,48,64,0.1
test_10,A3,test,10,32.900001525878906,328,158.49253845214844,0.6611739993095398,0.9343423247337341,64.19999694824219,97.0999984741211,97.0999984741211,408.0,True,False,0.6959457993507385,67.57633972167969,0.7067121267318726,68.6217464273077,LSTM,2,48,64,0.1
test_10,A3,test,10,33.0,329,158.49253845214844,0.6601441502571106,0.9343423247337341,64.0999984741211,97.0999984741211,97.0999984741211,408.0,True,False,0.6959457993507385,67.57633972167969,0.7009865045547485,68.06578852264556,LSTM,2,48,64,0.1
test_10,A3,test,10,33.099998474121094,330,158.49253845214844,0.6591143012046814,0.9335559606552124,64.0,97.0999984741211,97.0999984741211,408.0,True,False,0.6959457993507385,67.57633972167969,0.6968234777450562,67.6615586257767,LSTM,2,48,64,0.1
test_10,A3,test,10,33.20000076293945,331,158.49253845214844,0.6580844521522522,0.9310399293899536,63.900001525878906,97.0999984741211,97.0999984741211,408.0,True,False,0.6955673098564148,67.53958129882812,0.6955673098564148,67.53958472570639,LSTM,2,48,64,0.1
test_10,A3,test,10,33.29999923706055,332,158.49253845214844,0.657054603099823,0.9297818541526794,63.79999923706055,97.0999984741211,97.0999984741211,408.0,True,False,0.6949038505554199,67.47516632080078,0.6949038505554199,67.47516282859215,LSTM,2,48,64,0.1
test_10,A3,test,10,33.400001525878906,333,158.49253845214844,0.6560247540473938,0.9275802373886108,63.70000076293945,97.0999984741211,97.0999984741211,408.0,True,False,0.6902728080749512,67.0254898071289,0.6902728080749512,67.02548861080504,LSTM,2,48,64,0.1
test_10,A3,test,10,33.5,334,158.49253845214844,0.6549948453903198,0.925693154335022,63.599998474121094,97.0999984741211,97.0999984741211,408.0,True,False,0.6874141693115234,66.74791717529297,0.6874141693115234,66.74791479123814,LSTM,2,48,64,0.1
test_10,A3,test,10,33.599998474121094,335,158.49253845214844,0.6539649963378906,0.9258504509925842,63.5,97.0999984741211,97.0999984741211,408.0,True,False,0.6844416856765747,66.45928955078125,0.6844416856765747,66.45928663482027,LSTM,2,48,64,0.1
test_10,A3,test,10,33.70000076293945,336,158.49253845214844,0.6529351472854614,0.9258504509925842,63.400001525878906,97.0999984741211,97.0999984741211,408.0,True,False,0.6807723045349121,66.10298919677734,0.6807723045349121,66.10298973156387,LSTM,2,48,64,0.1
test_10,A3,test,10,33.79999923706055,337,158.49253845214844,0.6519052386283875,0.9258504509925842,63.29999923706055,97.0999984741211,97.0999984741211,408.0,True,False,0.6780725717544556,65.8408432006836,0.6780725717544556,65.840845682701,LSTM,2,48,64,0.1
test_10,A3,test,10,33.900001525878906,338,158.49253845214844,0.6508753895759583,0.925693154335022,63.20000076293945,97.0999984741211,97.0999984741211,408.0,True,False,0.6777257919311523,65.80717468261719,0.6777257919311523,65.8071733623874,LSTM,2,48,64,0.1
test_10,A3,test,10,34.0,339,158.49253845214844,0.649845540523529,0.925693154335022,63.099998474121094,97.0999984741211,97.0999984741211,408.0,True,False,0.6757729053497314,65.61754608154297,0.6757729053497314,65.6175480783113,LSTM,2,48,64,0.1
test_10,A3,test,10,34.099998474121094,340,158.49253845214844,0.6488156914710999,0.925693154335022,63.0,97.0999984741211,97.0999984741211,408.0,True,False,0.6753665208816528,65.57808685302734,0.6753665208816528,65.57808814708096,LSTM,2,48,64,0.1
test_10,A3,test,10,34.20000076293945,341,158.49253845214844,0.6477858424186707,0.925693154335022,62.900001525878906,97.0999984741211,97.0999984741211,408.0,True,False,0.6745326519012451,65.49711608886719,0.6745326519012451,65.49711947035576,LSTM,2,48,64,0.1
test_10,A3,test,10,34.29999923706055,342,158.49253845214844,0.6467559337615967,0.925693154335022,62.79999923706055,97.0999984741211,97.0999984741211,408.0,True,False,0.6742573976516724,65.47039031982422,0.6742573976516724,65.47039228314225,LSTM,2,48,64,0.1
test_10,A3,test,10,34.400001525878906,343,158.49253845214844,0.6457260847091675,0.9258504509925842,62.70000076293945,97.0999984741211,97.0999984741211,408.0,True,False,0.6737627983093262,65.42236328125,0.6737627983093262,65.42236668775513,LSTM,2,48,64,0.1
test_10,A3,test,10,34.5,344,158.49253845214844,0.6446961760520935,0.9258504509925842,62.599998474121094,97.0999984741211,97.0999984741211,408.0,True,False,0.6737627983093262,65.42236328125,0.6757473945617676,65.61507098083894,LSTM,2,48,64,0.1
test_10,A3,test,10,34.599998474121094,345,158.49253845214844,0.6436663269996643,0.9258504509925842,62.5,97.0999984741211,97.0999984741211,408.0,True,False,0.6737627983093262,65.42236328125,0.6759470701217651,65.63445947741002,LSTM,2,48,64,0.1
test_10,A3,test,10,34.70000076293945,346,158.49253845214844,0.6426364779472351,0.925693154335022,62.400001525878906,97.0999984741211,97.0999984741211,408.0,True,False,0.6737627983093262,65.42236328125,0.6761215925216675,65.65140560217424,LSTM,2,48,64,0.1
test_10,A3,test,10,34.79999923706055,347,158.49253845214844,0.6416065692901611,0.925693154335022,62.29999923706055,97.0999984741211,97.0999984741211,408.0,True,False,0.6737627983093262,65.42236328125,0.6750258207321167,65.54500616308087,LSTM,2,48,64,0.1
test_10,A3,test,10,34.900001525878906,348,158.49253845214844,0.6405767202377319,0.925693154335022,62.20000076293945,97.0999984741211,97.0999984741211,408.0,True,False,0.6737627983093262,65.42236328125,0.6740220189094543,65.44753700763204,LSTM,2,48,64,0.1
test_10,A3,test,10,35.0,349,158.49253845214844,0.6395468711853027,0.925693154335022,62.099998474121094,97.0999984741211,97.0999984741211,408.0,True,False,0.6737627983093262,65.42236328125,0.6739281415939331,65.43842152043817,LSTM,2,48,64,0.1
test_10,A3,test,10,35.099998474121094,350,158.49253845214844,0.6385170221328735,0.925693154335022,62.0,97.0999984741211,97.0999984741211,408.0,True,False,0.6737627983093262,65.42236328125,0.6740353107452393,65.44882764486647,LSTM,2,48,64,0.1
test_10,A3,test,10,35.20000076293945,351,158.49253845214844,0.6374871730804443,0.9258504509925842,61.900001525878906,97.0999984741211,97.0999984741211,408.0,True,False,0.6725072860717773,65.30045318603516,0.6725072860717773,65.3004564514049,LSTM,2,48,64,0.1
test_10,A3,test,10,35.29999923706055,352,158.49253845214844,0.6364572644233704,0.9258504509925842,61.79999923706055,97.0999984741211,97.0999984741211,408.0,True,False,0.6713720560073853,65.19022369384766,0.6713720560073853,65.19022561388465,LSTM,2,48,64,0.1
test_10,A3,test,10,35.400001525878906,353,158.49253845214844,0.6354274153709412,0.9258504509925842,61.70000076293945,97.0999984741211,97.0999984741211,408.0,True,False,0.6713720560073853,65.19022369384766,0.6727568507194519,65.32468917831329,LSTM,2,48,64,0.1
test_10,A3,test,10,35.5,354,158.49253845214844,0.6343975067138672,0.925693154335022,61.599998474121094,97.0999984741211,97.0999984741211,408.0,True,False,0.6713720560073853,65.19022369384766,0.6720799207687378,65.25895928113187,LSTM,2,48,64,0.1
test_10,A3,test,10,35.599998474121094,355,158.49253845214844,0.633367657661438,0.925693154335022,61.5,97.0999984741211,97.0999984741211,408.0,True,False,0.6713720560073853,65.19022369384766,0.6725976467132568,65.30923046955468,LSTM,2,48,64,0.1
test_10,A3,test,10,35.70000076293945,356,158.49253845214844,0.6323378086090088,0.925693154335022,61.400001525878906,97.0999984741211,97.0999984741211,408.0,True,False,0.6713720560073853,65.19022369384766,0.6723235845565796,65.2826190345595,LSTM,2,48,64,0.1
test_10,A3,test,10,35.79999923706055,357,158.49253845214844,0.6313079595565796,0.925693154335022,61.29999923706055,97.0999984741211,97.0999984741211,408.0,True,False,0.6713720560073853,65.19022369384766,0.6724289059638977,65.29284574304938,LSTM,2,48,64,0.1
test_10,A3,test,10,35.900001525878906,358,158.49253845214844,0.6302781105041504,0.925693154335022,61.20000076293945,97.0999984741211,97.0999984741211,408.0,True,False,0.6713720560073853,65.19022369384766,0.6732620000839233,65.37373918083267,LSTM,2,48,64,0.1
test_10,A3,test,10,36.0,359,158.49253845214844,0.6292482018470764,0.9258504509925842,61.099998474121094,97.0999984741211,97.0999984741211,408.0,True,False,0.6713720560073853,65.19022369384766,0.674340009689331,65.47841391187285,LSTM,2,48,64,0.1
test_10,A3,test,10,36.099998474121094,360,158.49253845214844,0.6282183527946472,0.9258504509925842,61.0,97.0999984741211,97.0999984741211,408.0,True,False,0.6713720560073853,65.19022369384766,0.6742699146270752,65.47160768143476,LSTM,2,48,64,0.1
test_10,A3,test,10,36.20000076293945,361,158.49253845214844,0.627188503742218,0.9258504509925842,60.900001525878906,97.0999984741211,97.0999984741211,408.0,True,False,0.6713720560073853,65.19022369384766,0.6753592491149902,65.57738205854912,LSTM,2,48,64,0.1
test_10,A3,test,10,36.29999923706055,362,158.49253845214844,0.626158595085144,0.9258504509925842,60.79999923706055,97.0999984741211,97.0999984741211,408.0,True,False,0.6713720560073853,65.19022369384766,0.6728842258453369,65.33705730284237,LSTM,2,48,64,0.1
test_10,A3,test,10,36.400001525878906,363,158.49253845214844,0.6251287460327148,0.925693154335022,60.70000076293945,97.0999984741211,97.0999984741211,408.0,True,False,0.6713720560073853,65.19022369384766,0.6724754571914673,65.29736586717536,LSTM,2,48,64,0.1
test_10,A3,test,10,36.5,364,158.49253845214844,0.6240988373756409,0.925693154335022,60.599998474121094,97.0999984741211,97.0999984741211,408.0,True,False,0.6713720560073853,65.19022369384766,0.673216700553894,65.36934059653595,LSTM,2,48,64,0.1
test_10,A3,test,10,36.599998474121094,365,158.49253845214844,0.6230689883232117,0.925693154335022,60.5,97.0999984741211,97.0999984741211,408.0,True,False,0.6713720560073853,65.19022369384766,0.6740456819534302,65.44983468916598,LSTM,2,48,64,0.1
test_10,A3,test,10,36.70000076293945,366,158.49253845214844,0.6220391392707825,0.925693154335022,60.400001525878906,97.0999984741211,97.0999984741211,408.0,True,False,0.6713720560073853,65.19022369384766,0.6741338968276978,65.45840035332276,LSTM,2,48,64,0.1
test_10,A3,test,10,36.79999923706055,367,158.49253845214844,0.6210092902183533,0.9258504509925842,60.29999923706055,97.0999984741211,97.0999984741211,408.0,True,False,0.6713720560073853,65.19022369384766,0.6742122173309326,65.46600527406736,LSTM,2,48,64,0.1
test_10,A3,test,10,36.900001525878906,368,158.49253845214844,0.6199794411659241,0.9258504509925842,60.20000076293945,97.0999984741211,97.0999984741211,408.0,True,False,0.6713720560073853,65.19022369384766,0.6735536456108093,65.40205796104829,LSTM,2,48,64,0.1
test_10,A3,test,10,37.0,369,158.49253845214844,0.6189495325088501,0.925693154335022,60.099998474121094,97.0999984741211,97.0999984741211,408.0,True,False,0.6713720560073853,65.19022369384766,0.6744121313095093,65.4854169210821,LSTM,2,48,64,0.1
test_10,A3,test,10,37.099998474121094,370,158.49253845214844,0.6179196834564209,0.925693154335022,60.0,97.0999984741211,97.0999984741211,408.0,True,False,0.6713720560073853,65.19022369384766,0.6748687028884888,65.52975002070434,LSTM,2,48,64,0.1
test_10,A3,test,10,37.20000076293945,371,158.49253845214844,0.6168898344039917,0.925693154335022,59.900001525878906,97.0999984741211,97.0999984741211,408.0,True,False,0.6713720560073853,65.19022369384766,0.6744787693023682,65.49188747008702,LSTM,2,48,64,0.1
test_10,A3,test,10,37.29999923706055,372,158.49253845214844,0.6158599257469177,0.925693154335022,59.79999923706055,97.0999984741211,97.0999984741211,408.0,True,False,0.6713720560073853,65.19022369384766,0.6740763783454895,65.4528153087881,LSTM,2,48,64,0.1
test_10,A3,test,10,37.400001525878906,373,158.49253845214844,0.6148300766944885,0.925693154335022,59.70000076293945,97.0999984741211,97.0999984741211,408.0,True,False,0.6713720560073853,65.19022369384766,0.6737320423126221,65.41938028052209,LSTM,2,48,64,0.1
test_10,A3,test,10,37.5,374,158.49253845214844,0.6138002276420593,0.9258504509925842,59.599998474121094,97.0999984741211,97.0999984741211,408.0,True,False,0.6713720560073853,65.19022369384766,0.672982931137085,65.34664158652049,LSTM,2,48,64,0.1
test_10,A3,test,10,37.599998474121094,375,158.49253845214844,0.6127703785896301,0.9258504509925842,59.5,97.0999984741211,97.0999984741211,408.0,True,False,0.6713720560073853,65.19022369384766,0.6718789935112,65.23944924473153,LSTM,2,48,64,0.1
test_10,A3,test,10,37.70000076293945,376,158.49253845214844,0.6117404699325562,0.9308826327323914,59.400001525878906,97.0999984741211,97.0999984741211,408.0,True,False,0.6713720560073853,65.19022369384766,0.671733558177948,65.22532747409468,LSTM,2,48,64,0.1
test_10,A3,test,10,37.79999923706055,377,158.49253845214844,0.610710620880127,0.9308826327323914,59.29999923706055,97.0999984741211,97.0999984741211,408.0,True,False,0.6703836917877197,65.09425354003906,0.6703836917877197,65.09425544966325,LSTM,2,48,64,0.1
test_10,A3,test,10,37.900001525878906,378,158.49253845214844,0.6096807718276978,0.9308826327323914,59.20000076293945,97.0999984741211,97.0999984741211,408.0,True,False,0.6703836917877197,65.09425354003906,0.6740223169326782,65.44756594568662,LSTM,2,48,64,0.1
test_10,A3,test,10,38.0,379,158.49253845214844,0.6086508631706238,0.9308826327323914,59.099998474121094,97.0999984741211,97.0999984741211,408.0,True,False,0.6703836917877197,65.09425354003906,0.6767846345901489,65.71578698601206,LSTM,2,48,64,0.1
test_10,A3,test,10,38.099998474121094,380,158.49253845214844,0.6076210141181946,0.9308826327323914,59.0,97.0999984741211,97.0999984741211,408.0,True,False,0.6703836917877197,65.09425354003906,0.6776860952377319,65.80331881351685,LSTM,2,48,64,0.1
test_10,A3,test,10,38.20000076293945,381,158.49253845214844,0.6065911650657654,0.9308826327323914,58.900001525878906,97.0999984741211,97.0999984741211,408.0,True,False,0.6703836917877197,65.09425354003906,0.6797270774841309,66.0014981865279,LSTM,2,48,64,0.1
test_10,A3,test,10,38.29999923706055,382,158.49253845214844,0.6055612564086914,0.9308826327323914,58.79999923706055,97.0999984741211,97.0999984741211,408.0,True,False,0.6703836917877197,65.09425354003906,0.6800650358200073,66.03431394042582,LSTM,2,48,64,0.1
test_10,A3,test,10,38.400001525878906,383,158.49253845214844,0.6045314073562622,0.9308826327323914,58.70000076293945,97.0999984741211,97.0999984741211,408.0,True,False,0.6703836917877197,65.09425354003906,0.6791322231292725,65.94373782957882,LSTM,2,48,64,0.1
test_10,A3,test,10,38.5,384,158.49253845214844,0.603501558303833,0.9308826327323914,58.599998474121094,97.0999984741211,97.0999984741211,408.0,True,False,0.6703836917877197,65.09425354003906,0.6809775233268738,66.1229164759502,LSTM,2,48,64,0.1
test_10,A3,test,10,38.599998474121094,385,158.49253845214844,0.6024717092514038,0.9308826327323914,58.5,97.0999984741211,97.0999984741211,408.0,True,False,0.6703836917877197,65.09425354003906,0.6798921823501587,66.01752986876727,LSTM,2,48,64,0.1
test_10,A3,test,10,38.70000076293945,386,158.49253845214844,0.6014418601989746,0.9308826327323914,58.400001525878906,97.0999984741211,97.0999984741211,408.0,True,False,0.6703836917877197,65.09425354003906,0.6800370216369629,66.03159376329495,LSTM,2,48,64,0.1
test_10,A3,test,10,38.79999923706055,387,158.49253845214844,0.6004119515419006,0.9311971664428711,58.29999923706055,97.0999984741211,97.0999984741211,408.0,True,False,0.6703836917877197,65.09425354003906,0.679243803024292,65.95457223721496,LSTM,2,48,64,0.1
test_10,A3,test,10,38.900001525878906,388,158.49253845214844,0.5993821024894714,0.9189310669898987,58.20000076293945,97.0999984741211,97.0999984741211,408.0,True,False,0.6703836917877197,65.09425354003906,0.6842969655990601,66.44523431551443,LSTM,2,48,64,0.1
test_10,A3,test,10,39.0,389,158.49253845214844,0.5983521938323975,0.9179876446723938,58.099998474121094,97.0999984741211,97.0999984741211,408.0,True,False,0.6703836917877197,65.09425354003906,0.6845324039459229,66.46809537863555,LSTM,2,48,64,0.1
test_10,A3,test,10,39.099998474121094,390,158.49253845214844,0.5973223447799683,0.9134271740913391,58.0,97.0999984741211,97.0999984741211,408.0,True,False,0.6703836917877197,65.09425354003906,0.6771543025970459,65.75168174891769,LSTM,2,48,64,0.1
test_10,A3,test,10,39.20000076293945,391,158.49253845214844,0.5962924957275391,0.9035201072692871,57.900001525878906,97.0999984741211,97.0999984741211,408.0,True,False,0.6703836917877197,65.09425354003906,0.6752234697341919,65.56419788088078,LSTM,2,48,64,0.1
test_10,A3,test,10,39.29999923706055,392,158.49253845214844,0.5952626466751099,0.9036772847175598,57.79999923706055,97.0999984741211,97.0999984741211,408.0,True,False,0.6701902151107788,65.07546997070312,0.6701902151107788,65.07546886462751,LSTM,2,48,64,0.1
test_10,A3,test,10,39.400001525878906,393,158.49253845214844,0.5942327380180359,0.9035201072692871,57.70000076293945,97.0999984741211,97.0999984741211,408.0,True,False,0.6600985527038574,64.09556579589844,0.6600985527038574,64.0955684603141,LSTM,2,48,64,0.1
test_10,A3,test,10,39.5,394,158.49253845214844,0.5932028889656067,0.9035201072692871,57.599998474121094,97.0999984741211,97.0999984741211,408.0,True,False,0.6525288820266724,63.36055374145508,0.6525288820266724,63.36055344910983,LSTM,2,48,64,0.1
test_10,A3,test,10,39.599998474121094,395,158.49253845214844,0.5921730399131775,0.8992741703987122,57.5,97.0999984741211,97.0999984741211,408.0,True,False,0.6482582688331604,62.94587707519531,0.6482582688331604,62.94587691453626,LSTM,2,48,64,0.1
test_10,A3,test,10,39.70000076293945,396,158.49253845214844,0.5911431908607483,0.8959716558456421,57.400001525878906,97.0999984741211,97.0999984741211,408.0,True,False,0.6480512619018555,62.925777435302734,0.6480512619018555,62.925776541822415,LSTM,2,48,64,0.1
test_10,A3,test,10,39.79999923706055,397,158.49253845214844,0.5901132822036743,0.9046208262443542,57.29999923706055,97.0999984741211,97.0999984741211,408.0,True,False,0.6456408500671387,62.69172668457031,0.6456408500671387,62.69172555634941,LSTM,2,48,64,0.1
test_10,A3,test,10,39.900001525878906,398,158.49253845214844,0.5890834331512451,0.9014756679534912,57.20000076293945,97.0999984741211,97.0999984741211,408.0,True,False,0.6354448795318604,61.701698303222656,0.6354448795318604,61.7016968329317,LSTM,2,48,64,0.1
test_10,A3,test,10,40.0,399,158.49253845214844,0.5880535244941711,0.8981732726097107,57.099998474121094,97.0999984741211,97.0999984741211,408.0,True,False,0.6354448795318604,61.701698303222656,0.6404163241386414,62.184424096664316,LSTM,2,48,64,0.1
test_10,A3,test,10,40.099998474121094,400,158.49253845214844,0.5870236754417419,0.8904677033424377,57.0,97.0999984741211,97.0999984741211,408.0,True,False,0.6354448795318604,61.701698303222656,0.6417269706726074,62.31168787311253,LSTM,2,48,64,0.1
test_10,A3,test,10,40.20000076293945,401,158.49253845214844,0.5859938263893127,0.8860645890235901,56.900001525878906,97.0999984741211,97.0999984741211,408.0,True,False,0.6354448795318604,61.701698303222656,0.6408456563949585,62.2261122580976,LSTM,2,48,64,0.1
test_10,A3,test,10,40.29999923706055,402,158.49253845214844,0.5849639773368835,0.8895241618156433,56.79999923706055,97.0999984741211,97.0999984741211,408.0,True,False,0.6354448795318604,61.701698303222656,0.6369246244430542,61.84538006155071,LSTM,2,48,64,0.1
test_10,A3,test,10,40.400001525878906,403,158.49253845214844,0.5839341282844543,0.887165367603302,56.70000076293945,97.0999984741211,97.0999984741211,408.0,True,False,0.629664421081543,61.14041519165039,0.629664421081543,61.140414326226164,LSTM,2,48,64,0.1
test_10,A3,test,10,40.5,404,158.49253845214844,0.5829042196273804,0.8893669247627258,56.599998474121094,97.0999984741211,97.0999984741211,408.0,True,False,0.6281115412712097,60.989627838134766,0.6281115412712097,60.98962969901231,LSTM,2,48,64,0.1
test_10,A3,test,10,40.599998474121094,405,158.49253845214844,0.5818743705749512,0.8893669247627258,56.5,97.0999984741211,97.0999984741211,408.0,True,False,0.6234491467475891,60.53691101074219,0.6234491467475891,60.536911197883,LSTM,2,48,64,0.1
test_10,A3,test,10,40.70000076293945,406,158.49253845214844,0.580844521522522,0.8893669247627258,56.400001525878906,97.0999984741211,97.0999984741211,408.0,True,False,0.6225796341896057,60.45248031616211,0.6225796341896057,60.45248152982958,LSTM,2,48,64,0.1
test_10,A3,test,10,40.79999923706055,407,158.49253845214844,0.579814612865448,0.8783590197563171,56.29999923706055,97.0999984741211,97.0999984741211,408.0,True,False,0.6225796341896057,60.45248031616211,0.6237420439720154,60.565351517927866,LSTM,2,48,64,0.1
test_10,A3,test,10,40.89999771118164,408,158.49253845214844,0.5787847749340364,,56.20000076293945,97.0999984741211,,,False,True,,,,,LSTM,2,48,64,0.1
test_10,A3,test,10,41.0,409,158.49253845214844,0.5777548852286827,,56.099998474121094,97.0999984741211,,,False,True,,,,,LSTM,2,48,64,0.1
test_10,A3,test,10,41.10000228881836,410,158.49253845214844,0.5767249955233289,,55.999996185302734,97.0999984741211,,,False,True,,,,,LSTM,2,48,64,0.1
test_10,A3,test,10,41.20000457763672,411,158.49253845214844,0.5756951058179752,,55.899993896484375,97.0999984741211,,,False,True,,,,,LSTM,2,48,64,0.1
test_10,A3,test,10,41.30000686645508,412,158.49253845214844,0.5746652161126214,,55.799991607666016,97.0999984741211,,,False,True,,,,,LSTM,2,48,64,0.1
test_10,A3,test,10,41.40000915527344,413,158.49253845214844,0.5736353264072678,,55.699989318847656,97.0999984741211,,,False,True,,,,,LSTM,2,48,64,0.1
test_10,A3,test,10,41.5000114440918,414,158.49253845214844,0.5726054367019141,,55.5999870300293,97.0999984741211,,,False,True,,,,,LSTM,2,48,64,0.1
test_10,A3,test,10,41.600013732910156,415,158.49253845214844,0.5715755469965603,,55.49998474121094,97.0999984741211,,,False,True,,,,,LSTM,2,48,64,0.1
test_10,A3,test,10,41.700016021728516,416,158.49253845214844,0.5705456572912067,,55.39998245239258,97.0999984741211,,,False,True,,,,,LSTM,2,48,64,0.1
test_10,A3,test,10,41.800018310546875,417,158.49253845214844,0.5695157675858529,,55.29998016357422,97.0999984741211,,,False,True,,,,,LSTM,2,48,64,0.1
test_10,A3,test,10,41.900020599365234,418,158.49253845214844,0.5684858778804992,,55.19997787475586,97.0999984741211,,,False,True,,,,,LSTM,2,48,64,0.1
test_10,A3,test,10,42.000022888183594,419,158.49253845214844,0.5674559881751454,,55.0999755859375,97.0999984741211,,,False,True,,,,,LSTM,2,48,64,0.1
test_10,A3,test,10,42.10002517700195,420,158.49253845214844,0.5664260984697918,,54.99997329711914,97.0999984741211,,,False,True,,,,,LSTM,2,48,64,0.1
test_10,A3,test,10,42.20002746582031,421,158.49253845214844,0.565396208764438,,54.89997100830078,97.0999984741211,,,False,True,,,,,LSTM,2,48,64,0.1
test_10,A3,test,10,42.30002975463867,422,158.49253845214844,0.5643663190590843,,54.79996871948242,97.0999984741211,,,False,True,,,,,LSTM,2,48,64,0.1
test_10,A3,test,10,42.40003204345703,423,158.49253845214844,0.5633364293537305,,54.69996643066406,97.0999984741211,,,False,True,,,,,LSTM,2,48,64,0.1
test_10,A3,test,10,42.50003433227539,424,158.49253845214844,0.5623065396483768,,54.5999641418457,97.0999984741211,,,False,True,,,,,LSTM,2,48,64,0.1
test_10,A3,test,10,42.60003662109375,425,158.49253845214844,0.5612766499430231,,54.499961853027344,97.0999984741211,,,False,True,,,,,LSTM,2,48,64,0.1
test_10,A3,test,10,42.70003890991211,426,158.49253845214844,0.5602467602376694,,54.399959564208984,97.0999984741211,,,False,True,,,,,LSTM,2,48,64,0.1
test_10,A3,test,10,42.80004119873047,427,158.49253845214844,0.5592168705323157,,54.299957275390625,97.0999984741211,,,False,True,,,,,LSTM,2,48,64,0.1
test_10,A3,test,10,42.90004348754883,428,158.49253845214844,0.5581869808269619,,54.199954986572266,97.0999984741211,,,False,True,,,,,LSTM,2,48,64,0.1
test_10,A3,test,10,43.00004577636719,429,158.49253845214844,0.5571570911216083,,54.099952697753906,97.0999984741211,,,False,True,,,,,LSTM,2,48,64,0.1
test_10,A3,test,10,43.10004806518555,430,158.49253845214844,0.5561272014162545,,53.99995040893555,97.0999984741211,,,False,True,,,,,LSTM,2,48,64,0.1
test_10,A3,test,10,43.200050354003906,431,158.49253845214844,0.5550973117109008,,53.89994812011719,97.0999984741211,,,False,True,,,,,LSTM,2,48,64,0.1
test_10,A3,test,10,43.300052642822266,432,158.49253845214844,0.554067422005547,,53.79994583129883,97.0999984741211,,,False,True,,,,,LSTM,2,48,64,0.1
test_10,A3,test,10,43.400054931640625,433,158.49253845214844,0.5530375323001934,,53.69994354248047,97.0999984741211,,,False,True,,,,,LSTM,2,48,64,0.1
test_10,A3,test,10,43.500057220458984,434,158.49253845214844,0.5520076425948396,,53.59994125366211,97.0999984741211,,,False,True,,,,,LSTM,2,48,64,0.1
test_10,A3,test,10,43.600059509277344,435,158.49253845214844,0.5509777528894859,,53.49993896484375,97.0999984741211,,,False,True,,,,,LSTM,2,48,64,0.1
test_10,A3,test,10,43.7000617980957,436,158.49253845214844,0.5499478631841321,,53.39993667602539,97.0999984741211,,,False,True,,,,,LSTM,2,48,64,0.1
test_10,A3,test,10,43.80006408691406,437,158.49253845214844,0.5489179734787785,,53.29993438720703,97.0999984741211,,,False,True,,,,,LSTM,2,48,64,0.1
test_10,A3,test,10,43.90006637573242,438,158.49253845214844,0.5478880837734247,,53.19993209838867,97.0999984741211,,,False,True,,,,,LSTM,2,48,64,0.1
test_10,A3,test,10,44.00006866455078,439,158.49253845214844,0.546858194068071,,53.09992980957031,97.0999984741211,,,False,True,,,,,LSTM,2,48,64,0.1
test_10,A3,test,10,44.10007095336914,440,158.49253845214844,0.5458283043627173,,52.99992752075195,97.0999984741211,,,False,True,,,,,LSTM,2,48,64,0.1
test_10,A3,test,10,44.2000732421875,441,158.49253845214844,0.5447984146573636,,52.899925231933594,97.0999984741211,,,False,True,,,,,LSTM,2,48,64,0.1
test_10,A3,test,10,44.30007553100586,442,158.49253845214844,0.5437685249520099,,52.799922943115234,97.0999984741211,,,False,True,,,,,LSTM,2,48,64,0.1
test_10,A3,test,10,44.40007781982422,443,158.49253845214844,0.5427386352466561,,52.699920654296875,97.0999984741211,,,False,True,,,,,LSTM,2,48,64,0.1
test_10,A3,test,10,44.50008010864258,444,158.49253845214844,0.5417087455413024,,52.599918365478516,97.0999984741211,,,False,True,,,,,LSTM,2,48,64,0.1
test_10,A3,test,10,44.60008239746094,445,158.49253845214844,0.5406788558359487,,52.499916076660156,97.0999984741211,,,False,True,,,,,LSTM,2,48,64,0.1
test_10,A3,test,10,44.7000846862793,446,158.49253845214844,0.539648966130595,,52.3999137878418,97.0999984741211,,,False,True,,,,,LSTM,2,48,64,0.1
test_10,A3,test,10,44.800086975097656,447,158.49253845214844,0.5386190764252412,,52.29991149902344,97.0999984741211,,,False,True,,,,,LSTM,2,48,64,0.1
test_10,A3,test,10,44.900089263916016,448,158.49253845214844,0.5375891867198875,,52.19990921020508,97.0999984741211,,,False,True,,,,,LSTM,2,48,64,0.1
test_10,A3,test,10,45.000091552734375,449,158.49253845214844,0.5365592970145338,,52.09990692138672,97.0999984741211,,,False,True,,,,,LSTM,2,48,64,0.1
test_10,A3,test,10,45.100093841552734,450,158.49253845214844,0.5355294073091801,,51.99990463256836,97.0999984741211,,,False,True,,,,,LSTM,2,48,64,0.1
test_10,A3,test,10,45.200096130371094,451,158.49253845214844,0.5344995176038264,,51.89990234375,97.0999984741211,,,False,True,,,,,LSTM,2,48,64,0.1
test_10,A3,test,10,45.30009841918945,452,158.49253845214844,0.5334696278984726,,51.79990005493164,97.0999984741211,,,False,True,,,,,LSTM,2,48,64,0.1
test_10,A3,test,10,45.40010070800781,453,158.49253845214844,0.532439738193119,,51.69989776611328,97.0999984741211,,,False,True,,,,,LSTM,2,48,64,0.1
test_10,A3,test,10,45.50010299682617,454,158.49253845214844,0.5314098484877652,,51.59989547729492,97.0999984741211,,,False,True,,,,,LSTM,2,48,64,0.1
test_10,A3,test,10,45.60010528564453,455,158.49253845214844,0.5303799587824115,,51.49989318847656,97.0999984741211,,,False,True,,,,,LSTM,2,48,64,0.1
test_10,A3,test,10,45.70010757446289,456,158.49253845214844,0.5293500690770577,,51.3998908996582,97.0999984741211,,,False,True,,,,,LSTM,2,48,64,0.1
test_10,A3,test,10,45.80010986328125,457,158.49253845214844,0.5283201793717041,,51.299888610839844,97.0999984741211,,,False,True,,,,,LSTM,2,48,64,0.1
test_10,A3,test,10,45.90011215209961,458,158.49253845214844,0.5272902896663503,,51.199886322021484,97.0999984741211,,,False,True,,,,,LSTM,2,48,64,0.1
test_10,A3,test,10,46.00011444091797,459,158.49253845214844,0.5262603999609966,,51.099884033203125,97.0999984741211,,,False,True,,,,,LSTM,2,48,64,0.1
test_10,A3,test,10,46.10011672973633,460,158.49253845214844,0.5252305102556428,,50.999881744384766,97.0999984741211,,,False,True,,,,,LSTM,2,48,64,0.1
test_10,A3,test,10,46.20011901855469,461,158.49253845214844,0.5242006205502892,,50.899879455566406,97.0999984741211,,,False,True,,,,,LSTM,2,48,64,0.1
test_10,A3,test,10,46.30012130737305,462,158.49253845214844,0.5231707308449354,,50.79987716674805,97.0999984741211,,,False,True,,,,,LSTM,2,48,64,0.1
test_10,A3,test,10,46.400123596191406,463,158.49253845214844,0.5221408411395817,,50.69987487792969,97.0999984741211,,,False,True,,,,,LSTM,2,48,64,0.1
test_10,A3,test,10,46.500125885009766,464,158.49253845214844,0.521110951434228,,50.59987258911133,97.0999984741211,,,False,True,,,,,LSTM,2,48,64,0.1
test_10,A3,test,10,46.600128173828125,465,158.49253845214844,0.5200810617288742,,50.49987030029297,97.0999984741211,,,False,True,,,,,LSTM,2,48,64,0.1
test_10,A3,test,10,46.700130462646484,466,158.49253845214844,0.5190511720235206,,50.39986801147461,97.0999984741211,,,False,True,,,,,LSTM,2,48,64,0.1
test_10,A3,test,10,46.800132751464844,467,158.49253845214844,0.5180212823181668,,50.29986572265625,97.0999984741211,,,False,True,,,,,LSTM,2,48,64,0.1
test_10,A3,test,10,46.9001350402832,468,158.49253845214844,0.5169913926128131,,50.19986343383789,97.0999984741211,,,False,True,,,,,LSTM,2,48,64,0.1
test_10,A3,test,10,47.00013732910156,469,158.49253845214844,0.5159615029074593,,50.09986114501953,97.0999984741211,,,False,True,,,,,LSTM,2,48,64,0.1
test_10,A3,test,10,47.10013961791992,470,158.49253845214844,0.5149316132021057,,49.99985885620117,97.0999984741211,,,False,True,,,,,LSTM,2,48,64,0.1
test_10,A3,test,10,47.20014190673828,471,158.49253845214844,0.5139017234967519,,49.89985656738281,97.0999984741211,,,False,True,,,,,LSTM,2,48,64,0.1
test_10,A3,test,10,47.30014419555664,472,158.49253845214844,0.5128718337913982,,49.79985427856445,97.0999984741211,,,False,True,,,,,LSTM,2,48,64,0.1
test_10,A3,test,10,47.400146484375,473,158.49253845214844,0.5118419440860444,,49.699851989746094,97.0999984741211,,,False,True,,,,,LSTM,2,48,64,0.1
test_10,A3,test,10,47.50014877319336,474,158.49253845214844,0.5108120543806908,,49.599849700927734,97.0999984741211,,,False,True,,,,,LSTM,2,48,64,0.1
test_10,A3,test,10,47.60015106201172,475,158.49253845214844,0.509782164675337,,49.499847412109375,97.0999984741211,,,False,True,,,,,LSTM,2,48,64,0.1
test_10,A3,test,10,47.70015335083008,476,158.49253845214844,0.5087522749699833,,49.399845123291016,97.0999984741211,,,False,True,,,,,LSTM,2,48,64,0.1
test_10,A3,test,10,47.80015563964844,477,158.49253845214844,0.5077223852646296,,49.299842834472656,97.0999984741211,,,False,True,,,,,LSTM,2,48,64,0.1
test_10,A3,test,10,47.9001579284668,478,158.49253845214844,0.5066924955592759,,49.1998405456543,97.0999984741211,,,False,True,,,,,LSTM,2,48,64,0.1
test_10,A3,test,10,48.000160217285156,479,158.49253845214844,0.5056626058539222,,49.09983825683594,97.0999984741211,,,False,True,,,,,LSTM,2,48,64,0.1
test_10,A3,test,10,48.100162506103516,480,158.49253845214844,0.5046327161485684,,48.99983596801758,97.0999984741211,,,False,True,,,,,LSTM,2,48,64,0.1
test_10,A3,test,10,48.200164794921875,481,158.49253845214844,0.5036028264432147,,48.89983367919922,97.0999984741211,,,False,True,,,,,LSTM,2,48,64,0.1
test_10,A3,test,10,48.300167083740234,482,158.49253845214844,0.502572936737861,,48.79983139038086,97.0999984741211,,,False,True,,,,,LSTM,2,48,64,0.1
test_10,A3,test,10,48.400169372558594,483,158.49253845214844,0.5015430470325073,,48.6998291015625,97.0999984741211,,,False,True,,,,,LSTM,2,48,64,0.1
test_10,A3,test,10,48.50017166137695,484,158.49253845214844,0.5005131573271535,,48.59982681274414,97.0999984741211,,,False,True,,,,,LSTM,2,48,64,0.1
test_10,A3,test,10,48.60017395019531,485,158.49253845214844,0.49948326762179984,,48.49982452392578,97.0999984741211,,,False,True,,,,,LSTM,2,48,64,0.1
test_10,A3,test,10,48.70017623901367,486,158.49253845214844,0.4984533779164461,,48.39982223510742,97.0999984741211,,,False,True,,,,,LSTM,2,48,64,0.1
test_10,A3,test,10,48.80017852783203,487,158.49253845214844,0.4974234882110924,,48.29981994628906,97.0999984741211,,,False,True,,,,,LSTM,2,48,64,0.1
test_10,A3,test,10,48.90018081665039,488,158.49253845214844,0.49639359850573866,,48.1998176574707,97.0999984741211,,,False,True,,,,,LSTM,2,48,64,0.1
test_10,A3,test,10,49.00018310546875,489,158.49253845214844,0.49536370880038494,,48.099815368652344,97.0999984741211,,,False,True,,,,,LSTM,2,48,64,0.1
test_10,A3,test,10,49.10018539428711,490,158.49253845214844,0.4943338190950312,,47.999813079833984,97.0999984741211,,,False,True,,,,,LSTM,2,48,64,0.1
test_10,A3,test,10,49.20018768310547,491,158.49253845214844,0.4933039293896775,,47.899810791015625,97.0999984741211,,,False,True,,,,,LSTM,2,48,64,0.1
test_10,A3,test,10,49.30018997192383,492,158.49253845214844,0.49227403968432376,,47.799808502197266,97.0999984741211,,,False,True,,,,,LSTM,2,48,64,0.1
test_10,A3,test,10,49.40019226074219,493,158.49253845214844,0.49124414997897003,,47.699806213378906,97.0999984741211,,,False,True,,,,,LSTM,2,48,64,0.1
test_10,A3,test,10,49.50019454956055,494,158.49253845214844,0.4902142602736163,,47.59980392456055,97.0999984741211,,,False,True,,,,,LSTM,2,48,64,0.1
test_10,A3,test,10,49.600196838378906,495,158.49253845214844,0.48918437056826264,,47.49980163574219,97.0999984741211,,,False,True,,,,,LSTM,2,48,64,0.1
test_10,A3,test,10,49.700199127197266,496,158.49253845214844,0.4881544808629089,,47.39979934692383,97.0999984741211,,,False,True,,,,,LSTM,2,48,64,0.1
test_10,A3,test,10,49.800201416015625,497,158.49253845214844,0.4871245911575552,,47.29979705810547,97.0999984741211,,,False,True,,,,,LSTM,2,48,64,0.1
test_10,A3,test,10,49.900203704833984,498,158.49253845214844,0.48609470145220146,,47.19979476928711,97.0999984741211,,,False,True,,,,,LSTM,2,48,64,0.1
test_10,A3,test,10,50.000205993652344,499,158.49253845214844,0.48506481174684773,,47.09979248046875,97.0999984741211,,,False,True,,,,,LSTM,2,48,64,0.1
test_10,A3,test,10,50.1002082824707,500,158.49253845214844,0.484034922041494,,46.99979019165039,97.0999984741211,,,False,True,,,,,LSTM,2,48,64,0.1
test_10,A3,test,10,50.20021057128906,501,158.49253845214844,0.4830050323361403,,46.89978790283203,97.0999984741211,,,False,True,,,,,LSTM,2,48,64,0.1
test_10,A3,test,10,50.30021286010742,502,158.49253845214844,0.48197514263078656,,46.79978561401367,97.0999984741211,,,False,True,,,,,LSTM,2,48,64,0.1
test_10,A3,test,10,50.40021514892578,503,158.49253845214844,0.48094525292543283,,46.69978332519531,97.0999984741211,,,False,True,,,,,LSTM,2,48,64,0.1
test_10,A3,test,10,50.50021743774414,504,158.49253845214844,0.4799153632200791,,46.59978103637695,97.0999984741211,,,False,True,,,,,LSTM,2,48,64,0.1
test_10,A3,test,10,50.6002197265625,505,158.49253845214844,0.4788854735147254,,46.499778747558594,97.0999984741211,,,False,True,,,,,LSTM,2,48,64,0.1
test_10,A3,test,10,50.70022201538086,506,158.49253845214844,0.47785558380937165,,46.399776458740234,97.0999984741211,,,False,True,,,,,LSTM,2,48,64,0.1
test_10,A3,test,10,50.80022430419922,507,158.49253845214844,0.476825694104018,,46.299774169921875,97.0999984741211,,,False,True,,,,,LSTM,2,48,64,0.1
test_10,A3,test,10,50.90022659301758,508,158.49253845214844,0.47579580439866426,,46.199771881103516,97.0999984741211,,,False,True,,,,,LSTM,2,48,64,0.1
test_10,A3,test,10,51.00022888183594,509,158.49253845214844,0.47476591469331053,,46.099769592285156,97.0999984741211,,,False,True,,,,,LSTM,2,48,64,0.1
test_10,A3,test,10,51.1002311706543,510,158.49253845214844,0.4737360249879568,,45.9997673034668,97.0999984741211,,,False,True,,,,,LSTM,2,48,64,0.1
test_10,A3,test,10,51.200233459472656,511,158.49253845214844,0.4727061352826031,,45.89976501464844,97.0999984741211,,,False,True,,,,,LSTM,2,48,64,0.1
test_10,A3,test,10,51.300235748291016,512,158.49253845214844,0.47167624557724935,,45.79976272583008,97.0999984741211,,,False,True,,,,,LSTM,2,48,64,0.1
test_10,A3,test,10,51.400238037109375,513,158.49253845214844,0.4706463558718956,,45.69976043701172,97.0999984741211,,,False,True,,,,,LSTM,2,48,64,0.1
test_10,A3,test,10,51.500240325927734,514,158.49253845214844,0.4696164661665419,,45.59975814819336,97.0999984741211,,,False,True,,,,,LSTM,2,48,64,0.1
test_10,A3,test,10,51.600242614746094,515,158.49253845214844,0.4685865764611882,,45.499755859375,97.0999984741211,,,False,True,,,,,LSTM,2,48,64,0.1
test_10,A3,test,10,51.70024490356445,516,158.49253845214844,0.46755668675583445,,45.39975357055664,97.0999984741211,,,False,True,,,,,LSTM,2,48,64,0.1
test_10,A3,test,10,51.80024719238281,517,158.49253845214844,0.4665267970504807,,45.29975128173828,97.0999984741211,,,False,True,,,,,LSTM,2,48,64,0.1
test_10,A3,test,10,51.90024948120117,518,158.49253845214844,0.465496907345127,,45.19974899291992,97.0999984741211,,,False,True,,,,,LSTM,2,48,64,0.1
test_10,A3,test,10,52.00025177001953,519,158.49253845214844,0.46446701763977327,,45.09974670410156,97.0999984741211,,,False,True,,,,,LSTM,2,48,64,0.1
test_10,A3,test,10,52.10025405883789,520,158.49253845214844,0.4634371279344196,,44.9997444152832,97.0999984741211,,,False,True,,,,,LSTM,2,48,64,0.1
test_10,A3,test,10,52.20025634765625,521,158.49253845214844,0.4624072382290659,,44.899742126464844,97.0999984741211,,,False,True,,,,,LSTM,2,48,64,0.1
test_10,A3,test,10,52.30025863647461,522,158.49253845214844,0.46137734852371215,,44.799739837646484,97.0999984741211,,,False,True,,,,,LSTM,2,48,64,0.1
test_10,A3,test,10,52.40026092529297,523,158.49253845214844,0.4603474588183584,,44.699737548828125,97.0999984741211,,,False,True,,,,,LSTM,2,48,64,0.1
test_10,A3,test,10,52.50026321411133,524,158.49253845214844,0.4593175691130047,,44.599735260009766,97.0999984741211,,,False,True,,,,,LSTM,2,48,64,0.1
test_10,A3,test,10,52.60026550292969,525,158.49253845214844,0.45828767940765097,,44.499732971191406,97.0999984741211,,,False,True,,,,,LSTM,2,48,64,0.1
test_10,A3,test,10,52.70026779174805,526,158.49253845214844,0.45725778970229725,,44.39973068237305,97.0999984741211,,,False,True,,,,,LSTM,2,48,64,0.1
test_10,A3,test,10,52.800270080566406,527,158.49253845214844,0.4562278999969435,,44.29972839355469,97.0999984741211,,,False,True,,,,,LSTM,2,48,64,0.1
test_10,A3,test,10,52.900272369384766,528,158.49253845214844,0.4551980102915898,,44.19972610473633,97.0999984741211,,,False,True,,,,,LSTM,2,48,64,0.1
test_10,A3,test,10,53.000274658203125,529,158.49253845214844,0.45416812058623607,,44.09972381591797,97.0999984741211,,,False,True,,,,,LSTM,2,48,64,0.1
test_10,A3,test,10,53.100276947021484,530,158.49253845214844,0.45313823088088234,,43.99972152709961,97.0999984741211,,,False,True,,,,,LSTM,2,48,64,0.1
test_10,A3,test,10,53.200279235839844,531,158.49253845214844,0.4521083411755286,,43.89971923828125,97.0999984741211,,,False,True,,,,,LSTM,2,48,64,0.1
test_10,A3,test,10,53.3002815246582,532,158.49253845214844,0.45107845147017495,,43.79971694946289,97.0999984741211,,,False,True,,,,,LSTM,2,48,64,0.1
test_10,A3,test,10,53.40028381347656,533,158.49253845214844,0.4500485617648212,,43.69971466064453,97.0999984741211,,,False,True,,,,,LSTM,2,48,64,0.1
test_10,A3,test,10,53.50028610229492,534,158.49253845214844,0.4490186720594675,,43.59971237182617,97.0999984741211,,,False,True,,,,,LSTM,2,48,64,0.1
test_10,A3,test,10,53.60028839111328,535,158.49253845214844,0.44798878235411377,,43.49971008300781,97.0999984741211,,,False,True,,,,,LSTM,2,48,64,0.1
test_10,A3,test,10,53.70029067993164,536,158.49253845214844,0.44695889264876004,,43.39970779418945,97.0999984741211,,,False,True,,,,,LSTM,2,48,64,0.1
test_10,A3,test,10,53.80029296875,537,158.49253845214844,0.4459290029434063,,43.299705505371094,97.0999984741211,,,False,True,,,,,LSTM,2,48,64,0.1
test_10,A3,test,10,53.90029525756836,538,158.49253845214844,0.4448991132380526,,43.199703216552734,97.0999984741211,,,False,True,,,,,LSTM,2,48,64,0.1
test_10,A3,test,10,54.00029754638672,539,158.49253845214844,0.44386922353269886,,43.099700927734375,97.0999984741211,,,False,True,,,,,LSTM,2,48,64,0.1
test_10,A3,test,10,54.10029983520508,540,158.49253845214844,0.44283933382734514,,42.999698638916016,97.0999984741211,,,False,True,,,,,LSTM,2,48,64,0.1
test_10,A3,test,10,54.20030212402344,541,158.49253845214844,0.4418094441219914,,42.899696350097656,97.0999984741211,,,False,True,,,,,LSTM,2,48,64,0.1
test_10,A3,test,10,54.3003044128418,542,158.49253845214844,0.4407795544166377,,42.7996940612793,97.0999984741211,,,False,True,,,,,LSTM,2,48,64,0.1
test_10,A3,test,10,54.400306701660156,543,158.49253845214844,0.43974966471128396,,42.69969177246094,97.0999984741211,,,False,True,,,,,LSTM,2,48,64,0.1
test_10,A3,test,10,54.500308990478516,544,158.49253845214844,0.4387197750059303,,42.59968948364258,97.0999984741211,,,False,True,,,,,LSTM,2,48,64,0.1
test_10,A3,test,10,54.600311279296875,545,158.49253845214844,0.43768988530057656,,42.49968719482422,97.0999984741211,,,False,True,,,,,LSTM,2,48,64,0.1
test_10,A3,test,10,54.700313568115234,546,158.49253845214844,0.43665999559522284,,42.39968490600586,97.0999984741211,,,False,True,,,,,LSTM,2,48,64,0.1
test_10,A3,test,10,54.800315856933594,547,158.49253845214844,0.4356301058898691,,42.2996826171875,97.0999984741211,,,False,True,,,,,LSTM,2,48,64,0.1
test_10,A3,test,10,54.90031814575195,548,158.49253845214844,0.4346002161845154,,42.19968032836914,97.0999984741211,,,False,True,,,,,LSTM,2,48,64,0.1
test_10,A3,test,10,55.00032043457031,549,158.49253845214844,0.43357032647916166,,42.09967803955078,97.0999984741211,,,False,True,,,,,LSTM,2,48,64,0.1
test_10,A3,test,10,55.10032272338867,550,158.49253845214844,0.43254043677380793,,41.99967575073242,97.0999984741211,,,False,True,,,,,LSTM,2,48,64,0.1
test_10,A3,test,10,55.20032501220703,551,158.49253845214844,0.4315105470684542,,41.89967346191406,97.0999984741211,,,False,True,,,,,LSTM,2,48,64,0.1
test_10,A3,test,10,55.30032730102539,552,158.49253845214844,0.4304806573631005,,41.7996711730957,97.0999984741211,,,False,True,,,,,LSTM,2,48,64,0.1
test_10,A3,test,10,55.40032958984375,553,158.49253845214844,0.42945076765774676,,41.699668884277344,97.0999984741211,,,False,True,,,,,LSTM,2,48,64,0.1
test_10,A3,test,10,55.50033187866211,554,158.49253845214844,0.42842087795239303,,41.599666595458984,97.0999984741211,,,False,True,,,,,LSTM,2,48,64,0.1
test_10,A3,test,10,55.60033416748047,555,158.49253845214844,0.4273909882470393,,41.499664306640625,97.0999984741211,,,False,True,,,,,LSTM,2,48,64,0.1
test_10,A3,test,10,55.70033645629883,556,158.49253845214844,0.4263610985416856,,41.399662017822266,97.0999984741211,,,False,True,,,,,LSTM,2,48,64,0.1
test_10,A3,test,10,55.80033874511719,557,158.49253845214844,0.4253312088363319,,41.299659729003906,97.0999984741211,,,False,True,,,,,LSTM,2,48,64,0.1
test_10,A3,test,10,55.90034103393555,558,158.49253845214844,0.4243013191309782,,41.19965744018555,97.0999984741211,,,False,True,,,,,LSTM,2,48,64,0.1
test_10,A3,test,10,56.000343322753906,559,158.49253845214844,0.42327142942562446,,41.09965515136719,97.0999984741211,,,False,True,,,,,LSTM,2,48,64,0.1
test_10,A3,test,10,56.100345611572266,560,158.49253845214844,0.42224153972027073,,40.99965286254883,97.0999984741211,,,False,True,,,,,LSTM,2,48,64,0.1
test_10,A3,test,10,56.200347900390625,561,158.49253845214844,0.421211650014917,,40.89965057373047,97.0999984741211,,,False,True,,,,,LSTM,2,48,64,0.1
test_10,A3,test,10,56.300350189208984,562,158.49253845214844,0.4201817603095633,,40.79964828491211,97.0999984741211,,,False,True,,,,,LSTM,2,48,64,0.1
test_10,A3,test,10,56.400352478027344,563,158.49253845214844,0.41915187060420955,,40.69964599609375,97.0999984741211,,,False,True,,,,,LSTM,2,48,64,0.1
test_10,A3,test,10,56.5003547668457,564,158.49253845214844,0.4181219808988558,,40.59964370727539,97.0999984741211,,,False,True,,,,,LSTM,2,48,64,0.1
test_10,A3,test,10,56.60035705566406,565,158.49253845214844,0.4170920911935021,,40.49964141845703,97.0999984741211,,,False,True,,,,,LSTM,2,48,64,0.1
test_10,A3,test,10,56.70035934448242,566,158.49253845214844,0.4160622014881484,,40.39963912963867,97.0999984741211,,,False,True,,,,,LSTM,2,48,64,0.1
test_10,A3,test,10,56.80036163330078,567,158.49253845214844,0.41503231178279465,,40.29963684082031,97.0999984741211,,,False,True,,,,,LSTM,2,48,64,0.1
test_10,A3,test,10,56.90036392211914,568,158.49253845214844,0.4140024220774409,,40.19963455200195,97.0999984741211,,,False,True,,,,,LSTM,2,48,64,0.1
test_10,A3,test,10,57.0003662109375,569,158.49253845214844,0.41297253237208725,,40.099632263183594,97.0999984741211,,,False,True,,,,,LSTM,2,48,64,0.1
test_10,A3,test,10,57.10036849975586,570,158.49253845214844,0.4119426426667335,,39.999629974365234,97.0999984741211,,,False,True,,,,,LSTM,2,48,64,0.1
test_10,A3,test,10,57.20037078857422,571,158.49253845214844,0.4109127529613798,,39.899627685546875,97.0999984741211,,,False,True,,,,,LSTM,2,48,64,0.1
test_10,A3,test,10,57.30037307739258,572,158.49253845214844,0.4098828632560261,,39.799625396728516,97.0999984741211,,,False,True,,,,,LSTM,2,48,64,0.1
test_10,A3,test,10,57.40037536621094,573,158.49253845214844,0.40885297355067235,,39.699623107910156,97.0999984741211,,,False,True,,,,,LSTM,2,48,64,0.1
test_10,A3,test,10,57.5003776550293,574,158.49253845214844,0.4078230838453186,,39.5996208190918,97.0999984741211,,,False,True,,,,,LSTM,2,48,64,0.1
test_10,A3,test,10,57.600379943847656,575,158.49253845214844,0.4067931941399649,,39.49961853027344,97.0999984741211,,,False,True,,,,,LSTM,2,48,64,0.1
test_10,A3,test,10,57.700382232666016,576,158.49253845214844,0.40576330443461117,,39.39961624145508,97.0999984741211,,,False,True,,,,,LSTM,2,48,64,0.1
test_10,A3,test,10,57.800384521484375,577,158.49253845214844,0.40473341472925745,,39.29961395263672,97.0999984741211,,,False,True,,,,,LSTM,2,48,64,0.1
test_10,A3,test,10,57.900386810302734,578,158.49253845214844,0.4037035250239037,,39.19961166381836,97.0999984741211,,,False,True,,,,,LSTM,2,48,64,0.1
test_10,A3,test,10,58.000389099121094,579,158.49253845214844,0.40267363531855,,39.099609375,97.0999984741211,,,False,True,,,,,LSTM,2,48,64,0.1
test_10,A3,test,10,58.10039138793945,580,158.49253845214844,0.40164374561319627,,38.99960708618164,97.0999984741211,,,False,True,,,,,LSTM,2,48,64,0.1
test_10,A3,test,10,58.20039367675781,581,158.49253845214844,0.4006138559078426,,38.89960479736328,97.0999984741211,,,False,True,,,,,LSTM,2,48,64,0.1
test_10,A3,test,10,58.30039596557617,582,158.49253845214844,0.39958396620248887,,38.79960250854492,97.0999984741211,,,False,True,,,,,LSTM,2,48,64,0.1
test_10,A3,test,10,58.40039825439453,583,158.49253845214844,0.39855407649713515,,38.69960021972656,97.0999984741211,,,False,True,,,,,LSTM,2,48,64,0.1
test_10,A3,test,10,58.50040054321289,584,158.49253845214844,0.3975241867917814,,38.5995979309082,97.0999984741211,,,False,True,,,,,LSTM,2,48,64,0.1
test_10,A3,test,10,58.60040283203125,585,158.49253845214844,0.3964942970864277,,38.499595642089844,97.0999984741211,,,False,True,,,,,LSTM,2,48,64,0.1
test_10,A3,test,10,58.70040512084961,586,158.49253845214844,0.39546440738107397,,38.399593353271484,97.0999984741211,,,False,True,,,,,LSTM,2,48,64,0.1
test_10,A3,test,10,58.80040740966797,587,158.49253845214844,0.39443451767572024,,38.299591064453125,97.0999984741211,,,False,True,,,,,LSTM,2,48,64,0.1
test_10,A3,test,10,58.90040969848633,588,158.49253845214844,0.3934046279703665,,38.199588775634766,97.0999984741211,,,False,True,,,,,LSTM,2,48,64,0.1
test_10,A3,test,10,59.00041198730469,589,158.49253845214844,0.3923747382650128,,38.099586486816406,97.0999984741211,,,False,True,,,,,LSTM,2,48,64,0.1
test_10,A3,test,10,59.10041427612305,590,158.49253845214844,0.39134484855965906,,37.99958419799805,97.0999984741211,,,False,True,,,,,LSTM,2,48,64,0.1
test_10,A3,test,10,59.200416564941406,591,158.49253845214844,0.39031495885430534,,37.89958190917969,97.0999984741211,,,False,True,,,,,LSTM,2,48,64,0.1
test_10,A3,test,10,59.300418853759766,592,158.49253845214844,0.3892850691489516,,37.79957962036133,97.0999984741211,,,False,True,,,,,LSTM,2,48,64,0.1
test_10,A3,test,10,59.400421142578125,593,158.49253845214844,0.3882551794435979,,37.69957733154297,97.0999984741211,,,False,True,,,,,LSTM,2,48,64,0.1
test_10,A3,test,10,59.500423431396484,594,158.49253845214844,0.3872252897382442,,37.59957504272461,97.0999984741211,,,False,True,,,,,LSTM,2,48,64,0.1
test_10,A3,test,10,59.600425720214844,595,158.49253845214844,0.3861954000328905,,37.49957275390625,97.0999984741211,,,False,True,,,,,LSTM,2,48,64,0.1
test_10,A3,test,10,59.7004280090332,596,158.49253845214844,0.38516551032753676,,37.39957046508789,97.0999984741211,,,False,True,,,,,LSTM,2,48,64,0.1
test_10,A3,test,10,59.80043029785156,597,158.49253845214844,0.38413562062218304,,37.29956817626953,97.0999984741211,,,False,True,,,,,LSTM,2,48,64,0.1
test_10,A3,test,10,59.90043258666992,598,158.49253845214844,0.3831057309168293,,37.19956588745117,97.0999984741211,,,False,True,,,,,LSTM,2,48,64,0.1
test_10,A3,test,10,60.00043487548828,599,158.49253845214844,0.3820758412114756,,37.09956359863281,97.0999984741211,,,False,True,,,,,LSTM,2,48,64,0.1
test_10,A3,test,10,60.10043716430664,600,158.49253845214844,0.38104595150612186,,36.99956130981445,97.0999984741211,,,False,True,,,,,LSTM,2,48,64,0.1
test_10,A3,test,10,60.200439453125,601,158.49253845214844,0.38001606180076813,,36.899559020996094,97.0999984741211,,,False,True,,,,,LSTM,2,48,64,0.1
test_10,A3,test,10,60.30044174194336,602,158.49253845214844,0.3789861720954144,,36.799556732177734,97.0999984741211,,,False,True,,,,,LSTM,2,48,64,0.1
test_10,A3,test,10,60.40044403076172,603,158.49253845214844,0.3779562823900607,,36.699554443359375,97.0999984741211,,,False,True,,,,,LSTM,2,48,64,0.1
test_10,A3,test,10,60.50044631958008,604,158.49253845214844,0.37692639268470696,,36.599552154541016,97.0999984741211,,,False,True,,,,,LSTM,2,48,64,0.1
test_10,A3,test,10,60.60044860839844,605,158.49253845214844,0.37589650297935323,,36.499549865722656,97.0999984741211,,,False,True,,,,,LSTM,2,48,64,0.1
test_10,A3,test,10,60.7004508972168,606,158.49253845214844,0.37486661327399956,,36.3995475769043,97.0999984741211,,,False,True,,,,,LSTM,2,48,64,0.1
test_10,A3,test,10,60.800453186035156,607,158.49253845214844,0.37383672356864583,,36.29954528808594,97.0999984741211,,,False,True,,,,,LSTM,2,48,64,0.1
test_10,A3,test,10,60.900455474853516,608,158.49253845214844,0.3728068338632921,,36.19954299926758,97.0999984741211,,,False,True,,,,,LSTM,2,48,64,0.1
test_10,A3,test,10,61.000457763671875,609,158.49253845214844,0.3717769441579384,,36.09954071044922,97.0999984741211,,,False,True,,,,,LSTM,2,48,64,0.1
test_10,A3,test,10,61.100460052490234,610,158.49253845214844,0.37074705445258466,,35.99953842163086,97.0999984741211,,,False,True,,,,,LSTM,2,48,64,0.1
test_10,A3,test,10,61.200462341308594,611,158.49253845214844,0.36971716474723093,,35.8995361328125,97.0999984741211,,,False,True,,,,,LSTM,2,48,64,0.1
test_10,A3,test,10,61.30046463012695,612,158.49253845214844,0.3686872750418772,,35.79953384399414,97.0999984741211,,,False,True,,,,,LSTM,2,48,64,0.1
test_10,A3,test,10,61.40046691894531,613,158.49253845214844,0.3676573853365235,,35.69953155517578,97.0999984741211,,,False,True,,,,,LSTM,2,48,64,0.1
test_10,A3,test,10,61.50046920776367,614,158.49253845214844,0.36662749563116975,,35.59952926635742,97.0999984741211,,,False,True,,,,,LSTM,2,48,64,0.1
test_10,A3,test,10,61.60047149658203,615,158.49253845214844,0.365597605925816,,35.49952697753906,97.0999984741211,,,False,True,,,,,LSTM,2,48,64,0.1
test_10,A3,test,10,61.70047378540039,616,158.49253845214844,0.3645677162204623,,35.3995246887207,97.0999984741211,,,False,True,,,,,LSTM,2,48,64,0.1
test_10,A3,test,10,61.80047607421875,617,158.49253845214844,0.3635378265151086,,35.299522399902344,97.0999984741211,,,False,True,,,,,LSTM,2,48,64,0.1
test_10,A3,test,10,61.90047836303711,618,158.49253845214844,0.36250793680975485,,35.199520111083984,97.0999984741211,,,False,True,,,,,LSTM,2,48,64,0.1
test_10,A3,test,10,62.00048065185547,619,158.49253845214844,0.3614780471044012,,35.099517822265625,97.0999984741211,,,False,True,,,,,LSTM,2,48,64,0.1
test_10,A3,test,10,62.10048294067383,620,158.49253845214844,0.36044815739904745,,34.999515533447266,97.0999984741211,,,False,True,,,,,LSTM,2,48,64,0.1
test_10,A3,test,10,62.20048522949219,621,158.49253845214844,0.3594182676936937,,34.899513244628906,97.0999984741211,,,False,True,,,,,LSTM,2,48,64,0.1
test_10,A3,test,10,62.30048751831055,622,158.49253845214844,0.35838837798834,,34.79951095581055,97.0999984741211,,,False,True,,,,,LSTM,2,48,64,0.1
test_10,A3,test,10,62.400489807128906,623,158.49253845214844,0.3573584882829863,,34.69950866699219,97.0999984741211,,,False,True,,,,,LSTM,2,48,64,0.1
test_10,A3,test,10,62.500492095947266,624,158.49253845214844,0.35632859857763255,,34.59950637817383,97.0999984741211,,,False,True,,,,,LSTM,2,48,64,0.1
test_10,A3,test,10,62.600494384765625,625,158.49253845214844,0.3552987088722788,,34.49950408935547,97.0999984741211,,,False,True,,,,,LSTM,2,48,64,0.1
test_10,A3,test,10,62.700496673583984,626,158.49253845214844,0.3542688191669251,,34.39950180053711,97.0999984741211,,,False,True,,,,,LSTM,2,48,64,0.1
test_10,A3,test,10,62.800498962402344,627,158.49253845214844,0.35323892946157137,,34.29949951171875,97.0999984741211,,,False,True,,,,,LSTM,2,48,64,0.1
test_10,A3,test,10,62.9005012512207,628,158.49253845214844,0.35220903975621765,,34.19949722290039,97.0999984741211,,,False,True,,,,,LSTM,2,48,64,0.1
test_10,A3,test,10,63.00050354003906,629,158.49253845214844,0.3511791500508639,,34.09949493408203,97.0999984741211,,,False,True,,,,,LSTM,2,48,64,0.1
test_10,A3,test,10,63.10050582885742,630,158.49253845214844,0.3501492603455102,,33.99949264526367,97.0999984741211,,,False,True,,,,,LSTM,2,48,64,0.1
test_10,A3,test,10,63.20050811767578,631,158.49253845214844,0.3491193706401565,,33.89949035644531,97.0999984741211,,,False,True,,,,,LSTM,2,48,64,0.1
test_10,A3,test,10,63.30051040649414,632,158.49253845214844,0.3480894809348028,,33.79948806762695,97.0999984741211,,,False,True,,,,,LSTM,2,48,64,0.1
test_10,A3,test,10,63.4005126953125,633,158.49253845214844,0.34705959122944907,,33.699485778808594,97.0999984741211,,,False,True,,,,,LSTM,2,48,64,0.1
test_10,A3,test,10,63.50051498413086,634,158.49253845214844,0.34602970152409535,,33.599483489990234,97.0999984741211,,,False,True,,,,,LSTM,2,48,64,0.1
test_10,A3,test,10,63.60051727294922,635,158.49253845214844,0.3449998118187416,,33.499481201171875,97.0999984741211,,,False,True,,,,,LSTM,2,48,64,0.1
test_10,A3,test,10,63.70051956176758,636,158.49253845214844,0.3439699221133879,,33.399478912353516,97.0999984741211,,,False,True,,,,,LSTM,2,48,64,0.1
test_10,A3,test,10,63.80052185058594,637,158.49253845214844,0.34294003240803417,,33.299476623535156,97.0999984741211,,,False,True,,,,,LSTM,2,48,64,0.1
test_10,A3,test,10,63.9005241394043,638,158.49253845214844,0.34191014270268044,,33.1994743347168,97.0999984741211,,,False,True,,,,,LSTM,2,48,64,0.1
test_10,A3,test,10,64.00052642822266,639,158.49253845214844,0.3408802529973267,,33.09947204589844,97.0999984741211,,,False,True,,,,,LSTM,2,48,64,0.1
test_10,A3,test,10,64.10052490234375,640,158.49253845214844,0.3398504025782482,,32.999473571777344,97.0999984741211,,,False,True,,,,,LSTM,2,48,64,0.1
test_10,A3,test,10,64.20053100585938,641,158.49253845214844,0.33882047358661926,,32.89946746826172,97.0999984741211,,,False,True,,,,,LSTM,2,48,64,0.1
test_10,A3,test,10,64.300537109375,642,158.49253845214844,0.3377905445949903,,32.799461364746094,97.0999984741211,,,False,True,,,,,LSTM,2,48,64,0.1
test_10,A3,test,10,64.4005355834961,643,158.49253845214844,0.33676069417591187,,32.699462890625,97.0999984741211,,,False,True,,,,,LSTM,2,48,64,0.1
test_10,A3,test,10,64.50053405761719,644,158.49253845214844,0.3357308437568334,,32.599464416503906,97.0999984741211,,,False,True,,,,,LSTM,2,48,64,0.1
test_10,A3,test,10,64.60054016113281,645,158.49253845214844,0.3347009147652044,,32.49945831298828,97.0999984741211,,,False,True,,,,,LSTM,2,48,64,0.1
test_10,A3,test,10,64.70054626464844,646,158.49253845214844,0.33367098577357546,,32.399452209472656,97.0999984741211,,,False,True,,,,,LSTM,2,48,64,0.1
test_10,A3,test,10,64.80054473876953,647,158.49253845214844,0.33264113535449696,,32.29945373535156,97.0999984741211,,,False,True,,,,,LSTM,2,48,64,0.1
test_10,A3,test,10,64.90054321289062,648,158.49253845214844,0.33161128493541847,,32.19945526123047,97.0999984741211,,,False,True,,,,,LSTM,2,48,64,0.1
test_10,A3,test,10,65.00054931640625,649,158.49253845214844,0.3305813559437895,,32.099449157714844,97.0999984741211,,,False,True,,,,,LSTM,2,48,64,0.1
test_10,A3,test,10,65.10055541992188,650,158.49253845214844,0.32955142695216055,,31.99944305419922,97.0999984741211,,,False,True,,,,,LSTM,2,48,64,0.1
test_10,A3,test,10,65.20055389404297,651,158.49253845214844,0.32852157653308206,,31.899444580078125,97.0999984741211,,,False,True,,,,,LSTM,2,48,64,0.1
test_10,A3,test,10,65.30055236816406,652,158.49253845214844,0.32749172611400357,,31.79944610595703,97.0999984741211,,,False,True,,,,,LSTM,2,48,64,0.1
test_10,A3,test,10,65.40055847167969,653,158.49253845214844,0.3264617971223746,,31.699440002441406,97.0999984741211,,,False,True,,,,,LSTM,2,48,64,0.1
test_10,A3,test,10,65.50056457519531,654,158.49253845214844,0.32543186813074565,,31.59943389892578,97.0999984741211,,,False,True,,,,,LSTM,2,48,64,0.1
test_10,A3,test,10,65.6005630493164,655,158.49253845214844,0.32440201771166716,,31.499435424804688,97.0999984741211,,,False,True,,,,,LSTM,2,48,64,0.1
test_10,A3,test,10,65.7005615234375,656,158.49253845214844,0.3233721672925887,,31.399436950683594,97.0999984741211,,,False,True,,,,,LSTM,2,48,64,0.1
test_10,A3,test,10,65.80056762695312,657,158.49253845214844,0.32234223830095976,,31.29943084716797,97.0999984741211,,,False,True,,,,,LSTM,2,48,64,0.1
test_10,A3,test,10,65.90057373046875,658,158.49253845214844,0.3213123093093308,,31.199424743652344,97.0999984741211,,,False,True,,,,,LSTM,2,48,64,0.1
test_10,A3,test,10,66.00057220458984,659,158.49253845214844,0.3202824588902523,,31.09942626953125,97.0999984741211,,,False,True,,,,,LSTM,2,48,64,0.1
test_10,A3,test,10,66.10057067871094,660,158.49253845214844,0.3192526084711738,,30.999427795410156,97.0999984741211,,,False,True,,,,,LSTM,2,48,64,0.1
test_10,A3,test,10,66.20057678222656,661,158.49253845214844,0.31822267947954486,,30.89942169189453,97.0999984741211,,,False,True,,,,,LSTM,2,48,64,0.1
test_10,A3,test,10,66.30058288574219,662,158.49253845214844,0.3171927504879159,,30.799415588378906,97.0999984741211,,,False,True,,,,,LSTM,2,48,64,0.1
test_10,A3,test,10,66.40058135986328,663,158.49253845214844,0.3161629000688374,,30.699417114257812,97.0999984741211,,,False,True,,,,,LSTM,2,48,64,0.1
test_10,A3,test,10,66.50057983398438,664,158.49253845214844,0.3151330496497589,,30.59941864013672,97.0999984741211,,,False,True,,,,,LSTM,2,48,64,0.1
test_10,A3,test,10,66.6005859375,665,158.49253845214844,0.31410312065812995,,30.499412536621094,97.0999984741211,,,False,True,,,,,LSTM,2,48,64,0.1
test_10,A3,test,10,66.70059204101562,666,158.49253845214844,0.313073191666501,,30.39940643310547,97.0999984741211,,,False,True,,,,,LSTM,2,48,64,0.1
test_10,A3,test,10,66.80059051513672,667,158.49253845214844,0.3120433412474225,,30.299407958984375,97.0999984741211,,,False,True,,,,,LSTM,2,48,64,0.1
test_10,A3,test,10,66.90058898925781,668,158.49253845214844,0.31101349082834406,,30.19940948486328,97.0999984741211,,,False,True,,,,,LSTM,2,48,64,0.1
test_10,A3,test,10,67.00059509277344,669,158.49253845214844,0.3099835618367151,,30.099403381347656,97.0999984741211,,,False,True,,,,,LSTM,2,48,64,0.1
test_10,A3,test,10,67.10060119628906,670,158.49253845214844,0.30895363284508615,,29.99939727783203,97.0999984741211,,,False,True,,,,,LSTM,2,48,64,0.1
test_10,A3,test,10,67.20059967041016,671,158.49253845214844,0.30792378242600765,,29.899398803710938,97.0999984741211,,,False,True,,,,,LSTM,2,48,64,0.1
test_10,A3,test,10,67.30059814453125,672,158.49253845214844,0.30689393200692916,,29.799400329589844,97.0999984741211,,,False,True,,,,,LSTM,2,48,64,0.1
test_10,A3,test,10,67.40060424804688,673,158.49253845214844,0.3058640030153002,,29.69939422607422,97.0999984741211,,,False,True,,,,,LSTM,2,48,64,0.1
test_10,A3,test,10,67.5006103515625,674,158.49253845214844,0.30483407402367124,,29.599388122558594,97.0999984741211,,,False,True,,,,,LSTM,2,48,64,0.1
test_10,A3,test,10,67.6006088256836,675,158.49253845214844,0.30380422360459275,,29.4993896484375,97.0999984741211,,,False,True,,,,,LSTM,2,48,64,0.1
test_10,A3,test,10,67.70060729980469,676,158.49253845214844,0.30277437318551426,,29.399391174316406,97.0999984741211,,,False,True,,,,,LSTM,2,48,64,0.1
test_10,A3,test,10,67.80061340332031,677,158.49253845214844,0.3017444441938853,,29.29938507080078,97.0999984741211,,,False,True,,,,,LSTM,2,48,64,0.1
test_10,A3,test,10,67.90061950683594,678,158.49253845214844,0.30071451520225634,,29.199378967285156,97.0999984741211,,,False,True,,,,,LSTM,2,48,64,0.1
test_10,A3,test,10,68.00061798095703,679,158.49253845214844,0.29968466478317785,,29.099380493164062,97.0999984741211,,,False,True,,,,,LSTM,2,48,64,0.1
test_10,A3,test,10,68.10061645507812,680,158.49253845214844,0.2986548143640994,,28.99938201904297,97.0999984741211,,,False,True,,,,,LSTM,2,48,64,0.1
test_10,A3,test,10,68.20062255859375,681,158.49253845214844,0.29762488537247045,,28.899375915527344,97.0999984741211,,,False,True,,,,,LSTM,2,48,64,0.1
test_10,A3,test,10,68.30062866210938,682,158.49253845214844,0.2965949563808415,,28.79936981201172,97.0999984741211,,,False,True,,,,,LSTM,2,48,64,0.1
test_10,A3,test,10,68.40062713623047,683,158.49253845214844,0.295565105961763,,28.699371337890625,97.0999984741211,,,False,True,,,,,LSTM,2,48,64,0.1
test_10,A3,test,10,68.50062561035156,684,158.49253845214844,0.2945352555426845,,28.59937286376953,97.0999984741211,,,False,True,,,,,LSTM,2,48,64,0.1
test_10,A3,test,10,68.60063171386719,685,158.49253845214844,0.29350532655105555,,28.499366760253906,97.0999984741211,,,False,True,,,,,LSTM,2,48,64,0.1
test_10,A3,test,10,68.70063781738281,686,158.49253845214844,0.2924753975594266,,28.39936065673828,97.0999984741211,,,False,True,,,,,LSTM,2,48,64,0.1
test_10,A3,test,10,68.8006362915039,687,158.49253845214844,0.2914455471403481,,28.299362182617188,97.0999984741211,,,False,True,,,,,LSTM,2,48,64,0.1
test_10,A3,test,10,68.900634765625,688,158.49253845214844,0.2904156967212696,,28.199363708496094,97.0999984741211,,,False,True,,,,,LSTM,2,48,64,0.1
test_10,A3,test,10,69.00064086914062,689,158.49253845214844,0.28938576772964064,,28.09935760498047,97.0999984741211,,,False,True,,,,,LSTM,2,48,64,0.1
test_10,A3,test,10,69.10064697265625,690,158.49253845214844,0.2883558387380117,,27.999351501464844,97.0999984741211,,,False,True,,,,,LSTM,2,48,64,0.1
test_10,A3,test,10,69.20064544677734,691,158.49253845214844,0.2873259883189332,,27.89935302734375,97.0999984741211,,,False,True,,,,,LSTM,2,48,64,0.1
test_10,A3,test,10,69.30064392089844,692,158.49253845214844,0.28629613789985475,,27.799354553222656,97.0999984741211,,,False,True,,,,,LSTM,2,48,64,0.1
test_10,A3,test,10,69.40065002441406,693,158.49253845214844,0.2852662089082258,,27.69934844970703,97.0999984741211,,,False,True,,,,,LSTM,2,48,64,0.1
test_10,A3,test,10,69.50065612792969,694,158.49253845214844,0.28423627991659683,,27.599342346191406,97.0999984741211,,,False,True,,,,,LSTM,2,48,64,0.1
test_10,A3,test,10,69.60065460205078,695,158.49253845214844,0.28320642949751834,,27.499343872070312,97.0999984741211,,,False,True,,,,,LSTM,2,48,64,0.1
test_10,A3,test,10,69.70065307617188,696,158.49253845214844,0.28217657907843985,,27.39934539794922,97.0999984741211,,,False,True,,,,,LSTM,2,48,64,0.1
test_10,A3,test,10,69.8006591796875,697,158.49253845214844,0.2811466500868109,,27.299339294433594,97.0999984741211,,,False,True,,,,,LSTM,2,48,64,0.1
test_10,A3,test,10,69.90066528320312,698,158.49253845214844,0.28011672109518193,,27.19933319091797,97.0999984741211,,,False,True,,,,,LSTM,2,48,64,0.1
test_10,A3,test,10,70.00066375732422,699,158.49253845214844,0.27908687067610344,,27.099334716796875,97.0999984741211,,,False,True,,,,,LSTM,2,48,64,0.1
test_10,A3,test,10,70.10066223144531,700,158.49253845214844,0.27805702025702494,,26.99933624267578,97.0999984741211,,,False,True,,,,,LSTM,2,48,64,0.1
test_10,A3,test,10,70.20066833496094,701,158.49253845214844,0.277027091265396,,26.899330139160156,97.0999984741211,,,False,True,,,,,LSTM,2,48,64,0.1
test_10,A3,test,10,70.30067443847656,702,158.49253845214844,0.275997162273767,,26.79932403564453,97.0999984741211,,,False,True,,,,,LSTM,2,48,64,0.1
test_10,A3,test,10,70.40067291259766,703,158.49253845214844,0.27496731185468853,,26.699325561523438,97.0999984741211,,,False,True,,,,,LSTM,2,48,64,0.1
test_10,A3,test,10,70.50067138671875,704,158.49253845214844,0.2739374614356101,,26.599327087402344,97.0999984741211,,,False,True,,,,,LSTM,2,48,64,0.1
test_10,A3,test,10,70.60067749023438,705,158.49253845214844,0.27290753244398114,,26.49932098388672,97.0999984741211,,,False,True,,,,,LSTM,2,48,64,0.1
test_10,A3,test,10,70.70068359375,706,158.49253845214844,0.2718776034523522,,26.399314880371094,97.0999984741211,,,False,True,,,,,LSTM,2,48,64,0.1
test_10,A3,test,10,70.8006820678711,707,158.49253845214844,0.2708477530332737,,26.29931640625,97.0999984741211,,,False,True,,,,,LSTM,2,48,64,0.1
test_10,A3,test,10,70.90068054199219,708,158.49253845214844,0.2698179026141952,,26.199317932128906,97.0999984741211,,,False,True,,,,,LSTM,2,48,64,0.1
test_10,A3,test,10,71.00068664550781,709,158.49253845214844,0.26878797362256623,,26.09931182861328,97.0999984741211,,,False,True,,,,,LSTM,2,48,64,0.1
test_10,A3,test,10,71.10069274902344,710,158.49253845214844,0.2677580446309373,,25.999305725097656,97.0999984741211,,,False,True,,,,,LSTM,2,48,64,0.1
test_10,A3,test,10,71.20069122314453,711,158.49253845214844,0.2667281942118588,,25.899307250976562,97.0999984741211,,,False,True,,,,,LSTM,2,48,64,0.1
test_10,A3,test,10,71.30068969726562,712,158.49253845214844,0.2656983437927803,,25.79930877685547,97.0999984741211,,,False,True,,,,,LSTM,2,48,64,0.1
test_10,A3,test,10,71.40069580078125,713,158.49253845214844,0.26466841480115133,,25.699302673339844,97.0999984741211,,,False,True,,,,,LSTM,2,48,64,0.1
test_10,A3,test,10,71.50070190429688,714,158.49253845214844,0.26363848580952237,,25.59929656982422,97.0999984741211,,,False,True,,,,,LSTM,2,48,64,0.1
test_10,A3,test,10,71.60070037841797,715,158.49253845214844,0.2626086353904439,,25.499298095703125,97.0999984741211,,,False,True,,,,,LSTM,2,48,64,0.1
test_10,A3,test,10,71.70069885253906,716,158.49253845214844,0.2615787849713654,,25.39929962158203,97.0999984741211,,,False,True,,,,,LSTM,2,48,64,0.1
test_10,A3,test,10,71.80070495605469,717,158.49253845214844,0.2605488559797364,,25.299293518066406,97.0999984741211,,,False,True,,,,,LSTM,2,48,64,0.1
test_10,A3,test,10,71.90071105957031,718,158.49253845214844,0.25951892698810747,,25.19928741455078,97.0999984741211,,,False,True,,,,,LSTM,2,48,64,0.1
test_10,A3,test,10,72.0007095336914,719,158.49253845214844,0.25848907656902903,,25.099288940429688,97.0999984741211,,,False,True,,,,,LSTM,2,48,64,0.1
test_10,A3,test,10,72.1007080078125,720,158.49253845214844,0.25745922614995054,,24.999290466308594,97.0999984741211,,,False,True,,,,,LSTM,2,48,64,0.1
test_10,A3,test,10,72.20071411132812,721,158.49253845214844,0.2564292971583216,,24.89928436279297,97.0999984741211,,,False,True,,,,,LSTM,2,48,64,0.1
test_10,A3,test,10,72.30072021484375,722,158.49253845214844,0.2553993681666926,,24.799278259277344,97.0999984741211,,,False,True,,,,,LSTM,2,48,64,0.1
test_10,A3,test,10,72.40071868896484,723,158.49253845214844,0.2543695177476141,,24.69927978515625,97.0999984741211,,,False,True,,,,,LSTM,2,48,64,0.1
test_10,A3,test,10,72.50071716308594,724,158.49253845214844,0.25333966732853563,,24.599281311035156,97.0999984741211,,,False,True,,,,,LSTM,2,48,64,0.1
test_10,A3,test,10,72.60072326660156,725,158.49253845214844,0.2523097383369067,,24.49927520751953,97.0999984741211,,,False,True,,,,,LSTM,2,48,64,0.1
test_10,A3,test,10,72.70072937011719,726,158.49253845214844,0.2512798093452777,,24.399269104003906,97.0999984741211,,,False,True,,,,,LSTM,2,48,64,0.1
test_10,A3,test,10,72.80072784423828,727,158.49253845214844,0.2502499589261992,,24.299270629882812,97.0999984741211,,,False,True,,,,,LSTM,2,48,64,0.1
test_10,A3,test,10,72.90072631835938,728,158.49253845214844,0.24922010850712076,,24.19927215576172,97.0999984741211,,,False,True,,,,,LSTM,2,48,64,0.1
test_10,A3,test,10,73.000732421875,729,158.49253845214844,0.2481901795154918,,24.099266052246094,97.0999984741211,,,False,True,,,,,LSTM,2,48,64,0.1
test_10,A3,test,10,73.10073852539062,730,158.49253845214844,0.24716025052386284,,23.99925994873047,97.0999984741211,,,False,True,,,,,LSTM,2,48,64,0.1
test_10,A3,test,10,73.20073699951172,731,158.49253845214844,0.24613040010478435,,23.899261474609375,97.0999984741211,,,False,True,,,,,LSTM,2,48,64,0.1
test_10,A3,test,10,73.30073547363281,732,158.49253845214844,0.24510054968570588,,23.79926300048828,97.0999984741211,,,False,True,,,,,LSTM,2,48,64,0.1
test_10,A3,test,10,73.40074157714844,733,158.49253845214844,0.24407062069407692,,23.699256896972656,97.0999984741211,,,False,True,,,,,LSTM,2,48,64,0.1
test_10,A3,test,10,73.50074768066406,734,158.49253845214844,0.24304069170244796,,23.59925079345703,97.0999984741211,,,False,True,,,,,LSTM,2,48,64,0.1
test_10,A3,test,10,73.60074615478516,735,158.49253845214844,0.24201084128336947,,23.499252319335938,97.0999984741211,,,False,True,,,,,LSTM,2,48,64,0.1
test_10,A3,test,10,73.70074462890625,736,158.49253845214844,0.24098099086429098,,23.399253845214844,97.0999984741211,,,False,True,,,,,LSTM,2,48,64,0.1
test_10,A3,test,10,73.80075073242188,737,158.49253845214844,0.23995106187266202,,23.29924774169922,97.0999984741211,,,False,True,,,,,LSTM,2,48,64,0.1
test_10,A3,test,10,73.9007568359375,738,158.49253845214844,0.23892113288103306,,23.199241638183594,97.0999984741211,,,False,True,,,,,LSTM,2,48,64,0.1
test_10,A3,test,10,74.0007553100586,739,158.49253845214844,0.2378912824619546,,23.0992431640625,97.0999984741211,,,False,True,,,,,LSTM,2,48,64,0.1
test_10,A3,test,10,74.10075378417969,740,158.49253845214844,0.2368614320428761,,22.999244689941406,97.0999984741211,,,False,True,,,,,LSTM,2,48,64,0.1
test_10,A3,test,10,74.20075988769531,741,158.49253845214844,0.23583150305124714,,22.89923858642578,97.0999984741211,,,False,True,,,,,LSTM,2,48,64,0.1
test_10,A3,test,10,74.30076599121094,742,158.49253845214844,0.23480157405961818,,22.799232482910156,97.0999984741211,,,False,True,,,,,LSTM,2,48,64,0.1
test_10,A3,test,10,74.40076446533203,743,158.49253845214844,0.2337717236405397,,22.699234008789062,97.0999984741211,,,False,True,,,,,LSTM,2,48,64,0.1
test_10,A3,test,10,74.50076293945312,744,158.49253845214844,0.2327418732214612,,22.59923553466797,97.0999984741211,,,False,True,,,,,LSTM,2,48,64,0.1
test_10,A3,test,10,74.60076904296875,745,158.49253845214844,0.23171194422983224,,22.499229431152344,97.0999984741211,,,False,True,,,,,LSTM,2,48,64,0.1
test_10,A3,test,10,74.70077514648438,746,158.49253845214844,0.23068201523820328,,22.39922332763672,97.0999984741211,,,False,True,,,,,LSTM,2,48,64,0.1
test_10,A3,test,10,74.80077362060547,747,158.49253845214844,0.22965216481912482,,22.299224853515625,97.0999984741211,,,False,True,,,,,LSTM,2,48,64,0.1
test_10,A3,test,10,74.90077209472656,748,158.49253845214844,0.22862231440004632,,22.19922637939453,97.0999984741211,,,False,True,,,,,LSTM,2,48,64,0.1
test_10,A3,test,10,75.00077819824219,749,158.49253845214844,0.22759238540841736,,22.099220275878906,97.0999984741211,,,False,True,,,,,LSTM,2,48,64,0.1
test_10,A3,test,10,75.10078430175781,750,158.49253845214844,0.2265624564167884,,21.99921417236328,97.0999984741211,,,False,True,,,,,LSTM,2,48,64,0.1
test_10,A3,test,10,75.2007827758789,751,158.49253845214844,0.2255326059977099,,21.899215698242188,97.0999984741211,,,False,True,,,,,LSTM,2,48,64,0.1
test_10,A3,test,10,75.30078125,752,158.49253845214844,0.22450275557863145,,21.799217224121094,97.0999984741211,,,False,True,,,,,LSTM,2,48,64,0.1
test_10,A3,test,10,75.40078735351562,753,158.49253845214844,0.2234728265870025,,21.69921112060547,97.0999984741211,,,False,True,,,,,LSTM,2,48,64,0.1
test_10,A3,test,10,75.50079345703125,754,158.49253845214844,0.22244289759537353,,21.599205017089844,97.0999984741211,,,False,True,,,,,LSTM,2,48,64,0.1
test_10,A3,test,10,75.60079193115234,755,158.49253845214844,0.22141304717629504,,21.49920654296875,97.0999984741211,,,False,True,,,,,LSTM,2,48,64,0.1
test_10,A3,test,10,75.70079040527344,756,158.49253845214844,0.22038319675721654,,21.399208068847656,97.0999984741211,,,False,True,,,,,LSTM,2,48,64,0.1
test_10,A3,test,10,75.80079650878906,757,158.49253845214844,0.21935326776558758,,21.29920196533203,97.0999984741211,,,False,True,,,,,LSTM,2,48,64,0.1
test_10,A3,test,10,75.90080261230469,758,158.49253845214844,0.21832333877395863,,21.199195861816406,97.0999984741211,,,False,True,,,,,LSTM,2,48,64,0.1
test_10,A3,test,10,76.00080108642578,759,158.49253845214844,0.21729348835488016,,21.099197387695312,97.0999984741211,,,False,True,,,,,LSTM,2,48,64,0.1
test_10,A3,test,10,76.10079956054688,760,158.49253845214844,0.21626363793580167,,20.99919891357422,97.0999984741211,,,False,True,,,,,LSTM,2,48,64,0.1
test_10,A3,test,10,76.2008056640625,761,158.49253845214844,0.2152337089441727,,20.899192810058594,97.0999984741211,,,False,True,,,,,LSTM,2,48,64,0.1
test_10,A3,test,10,76.30081176757812,762,158.49253845214844,0.21420377995254375,,20.79918670654297,97.0999984741211,,,False,True,,,,,LSTM,2,48,64,0.1
test_10,A3,test,10,76.40081024169922,763,158.49253845214844,0.21317392953346526,,20.699188232421875,97.0999984741211,,,False,True,,,,,LSTM,2,48,64,0.1
test_10,A3,test,10,76.50080871582031,764,158.49253845214844,0.2121440791143868,,20.59918975830078,97.0999984741211,,,False,True,,,,,LSTM,2,48,64,0.1
test_10,A3,test,10,76.60081481933594,765,158.49253845214844,0.21111415012275783,,20.499183654785156,97.0999984741211,,,False,True,,,,,LSTM,2,48,64,0.1
test_10,A3,test,10,76.70082092285156,766,158.49253845214844,0.21008422113112887,,20.39917755126953,97.0999984741211,,,False,True,,,,,LSTM,2,48,64,0.1
test_10,A3,test,10,76.80081939697266,767,158.49253845214844,0.20905437071205038,,20.299179077148438,97.0999984741211,,,False,True,,,,,LSTM,2,48,64,0.1
test_10,A3,test,10,76.90081787109375,768,158.49253845214844,0.2080245202929719,,20.199180603027344,97.0999984741211,,,False,True,,,,,LSTM,2,48,64,0.1
test_10,A3,test,10,77.00082397460938,769,158.49253845214844,0.20699459130134293,,20.09917449951172,97.0999984741211,,,False,True,,,,,LSTM,2,48,64,0.1
test_10,A3,test,10,77.100830078125,770,158.49253845214844,0.20596466230971397,,19.999168395996094,97.0999984741211,,,False,True,,,,,LSTM,2,48,64,0.1
test_10,A3,test,10,77.2008285522461,771,158.49253845214844,0.2049348118906355,,19.899169921875,97.0999984741211,,,False,True,,,,,LSTM,2,48,64,0.1
test_10,A3,test,10,77.30082702636719,772,158.49253845214844,0.203904961471557,,19.799171447753906,97.0999984741211,,,False,True,,,,,LSTM,2,48,64,0.1
test_10,A3,test,10,77.40083312988281,773,158.49253845214844,0.20287503247992805,,19.69916534423828,97.0999984741211,,,False,True,,,,,LSTM,2,48,64,0.1
test_10,A3,test,10,77.50083923339844,774,158.49253845214844,0.2018451034882991,,19.599159240722656,97.0999984741211,,,False,True,,,,,LSTM,2,48,64,0.1
test_10,A3,test,10,77.60083770751953,775,158.49253845214844,0.2008152530692206,,19.499160766601562,97.0999984741211,,,False,True,,,,,LSTM,2,48,64,0.1
test_10,A3,test,10,77.70083618164062,776,158.49253845214844,0.19978540265014214,,19.39916229248047,97.0999984741211,,,False,True,,,,,LSTM,2,48,64,0.1
test_10,A3,test,10,77.80084228515625,777,158.49253845214844,0.19875547365851318,,19.299156188964844,97.0999984741211,,,False,True,,,,,LSTM,2,48,64,0.1
test_10,A3,test,10,77.90084838867188,778,158.49253845214844,0.19772554466688422,,19.19915008544922,97.0999984741211,,,False,True,,,,,LSTM,2,48,64,0.1
test_10,A3,test,10,78.00084686279297,779,158.49253845214844,0.19669569424780572,,19.099151611328125,97.0999984741211,,,False,True,,,,,LSTM,2,48,64,0.1
test_10,A3,test,10,78.10084533691406,780,158.49253845214844,0.19566584382872723,,18.99915313720703,97.0999984741211,,,False,True,,,,,LSTM,2,48,64,0.1
test_10,A3,test,10,78.20085144042969,781,158.49253845214844,0.19463591483709827,,18.899147033691406,97.0999984741211,,,False,True,,,,,LSTM,2,48,64,0.1
test_10,A3,test,10,78.30085754394531,782,158.49253845214844,0.19360598584546931,,18.79914093017578,97.0999984741211,,,False,True,,,,,LSTM,2,48,64,0.1
test_10,A3,test,10,78.4008560180664,783,158.49253845214844,0.19257613542639085,,18.699142456054688,97.0999984741211,,,False,True,,,,,LSTM,2,48,64,0.1
test_10,A3,test,10,78.5008544921875,784,158.49253845214844,0.19154628500731236,,18.599143981933594,97.0999984741211,,,False,True,,,,,LSTM,2,48,64,0.1
test_10,A3,test,10,78.60086059570312,785,158.49253845214844,0.1905163560156834,,18.49913787841797,97.0999984741211,,,False,True,,,,,LSTM,2,48,64,0.1
test_10,A3,test,10,78.70086669921875,786,158.49253845214844,0.18948642702405444,,18.399131774902344,97.0999984741211,,,False,True,,,,,LSTM,2,48,64,0.1
test_10,A3,test,10,78.80086517333984,787,158.49253845214844,0.18845657660497594,,18.29913330078125,97.0999984741211,,,False,True,,,,,LSTM,2,48,64,0.1
test_10,A3,test,10,78.90086364746094,788,158.49253845214844,0.18742672618589748,,18.199134826660156,97.0999984741211,,,False,True,,,,,LSTM,2,48,64,0.1
test_10,A3,test,10,79.00086975097656,789,158.49253845214844,0.18639679719426852,,18.09912872314453,97.0999984741211,,,False,True,,,,,LSTM,2,48,64,0.1
test_10,A3,test,10,79.10087585449219,790,158.49253845214844,0.18536686820263956,,17.999122619628906,97.0999984741211,,,False,True,,,,,LSTM,2,48,64,0.1
test_10,A3,test,10,79.20087432861328,791,158.49253845214844,0.18433701778356107,,17.899124145507812,97.0999984741211,,,False,True,,,,,LSTM,2,48,64,0.1
test_10,A3,test,10,79.30087280273438,792,158.49253845214844,0.18330716736448258,,17.79912567138672,97.0999984741211,,,False,True,,,,,LSTM,2,48,64,0.1
test_10,A3,test,10,79.40087890625,793,158.49253845214844,0.18227723837285362,,17.699119567871094,97.0999984741211,,,False,True,,,,,LSTM,2,48,64,0.1
test_10,A3,test,10,79.50088500976562,794,158.49253845214844,0.18124730938122466,,17.59911346435547,97.0999984741211,,,False,True,,,,,LSTM,2,48,64,0.1
test_10,A3,test,10,79.60088348388672,795,158.49253845214844,0.1802174589621462,,17.499114990234375,97.0999984741211,,,False,True,,,,,LSTM,2,48,64,0.1
test_10,A3,test,10,79.70088195800781,796,158.49253845214844,0.1791876085430677,,17.39911651611328,97.0999984741211,,,False,True,,,,,LSTM,2,48,64,0.1
test_10,A3,test,10,79.80088806152344,797,158.49253845214844,0.17815767955143874,,17.299110412597656,97.0999984741211,,,False,True,,,,,LSTM,2,48,64,0.1
test_10,A3,test,10,79.90089416503906,798,158.49253845214844,0.17712775055980978,,17.19910430908203,97.0999984741211,,,False,True,,,,,LSTM,2,48,64,0.1
test_10,A3,test,10,80.00089263916016,799,158.49253845214844,0.1760979001407313,,17.099105834960938,97.0999984741211,,,False,True,,,,,LSTM,2,48,64,0.1
test_10,A3,test,10,80.10089111328125,800,158.49253845214844,0.17506804972165282,,16.999107360839844,97.0999984741211,,,False,True,,,,,LSTM,2,48,64,0.1
test_10,A3,test,10,80.20089721679688,801,158.49253845214844,0.17403812073002387,,16.89910125732422,97.0999984741211,,,False,True,,,,,LSTM,2,48,64,0.1
test_10,A3,test,10,80.3009033203125,802,158.49253845214844,0.1730081917383949,,16.799095153808594,97.0999984741211,,,False,True,,,,,LSTM,2,48,64,0.1
test_10,A3,test,10,80.4009017944336,803,158.49253845214844,0.1719783413193164,,16.6990966796875,97.0999984741211,,,False,True,,,,,LSTM,2,48,64,0.1
test_10,A3,test,10,80.50090026855469,804,158.49253845214844,0.17094849090023792,,16.599098205566406,97.0999984741211,,,False,True,,,,,LSTM,2,48,64,0.1
test_10,A3,test,10,80.60090637207031,805,158.49253845214844,0.16991856190860896,,16.49909210205078,97.0999984741211,,,False,True,,,,,LSTM,2,48,64,0.1
test_10,A3,test,10,80.70091247558594,806,158.49253845214844,0.16888863291698,,16.399085998535156,97.0999984741211,,,False,True,,,,,LSTM,2,48,64,0.1
test_10,A3,test,10,80.80091094970703,807,158.49253845214844,0.1678587824979015,,16.299087524414062,97.0999984741211,,,False,True,,,,,LSTM,2,48,64,0.1
test_10,A3,test,10,80.90090942382812,808,158.49253845214844,0.16682893207882304,,16.19908905029297,97.0999984741211,,,False,True,,,,,LSTM,2,48,64,0.1
test_10,A3,test,10,81.00091552734375,809,158.49253845214844,0.16579900308719409,,16.099082946777344,97.0999984741211,,,False,True,,,,,LSTM,2,48,64,0.1
test_10,A3,test,10,81.10092163085938,810,158.49253845214844,0.16476907409556513,,15.999076843261719,97.0999984741211,,,False,True,,,,,LSTM,2,48,64,0.1
test_10,A3,test,10,81.20092010498047,811,158.49253845214844,0.16373922367648663,,15.899078369140625,97.0999984741211,,,False,True,,,,,LSTM,2,48,64,0.1
test_10,A3,test,10,81.30091857910156,812,158.49253845214844,0.16270937325740814,,15.799079895019531,97.0999984741211,,,False,True,,,,,LSTM,2,48,64,0.1
test_10,A3,test,10,81.40092468261719,813,158.49253845214844,0.16167944426577918,,15.699073791503906,97.0999984741211,,,False,True,,,,,LSTM,2,48,64,0.1
test_10,A3,test,10,81.50093078613281,814,158.49253845214844,0.16064951527415022,,15.599067687988281,97.0999984741211,,,False,True,,,,,LSTM,2,48,64,0.1
test_10,A3,test,10,81.6009292602539,815,158.49253845214844,0.15961966485507176,,15.499069213867188,97.0999984741211,,,False,True,,,,,LSTM,2,48,64,0.1
test_10,A3,test,10,81.700927734375,816,158.49253845214844,0.15858981443599326,,15.399070739746094,97.0999984741211,,,False,True,,,,,LSTM,2,48,64,0.1
test_10,A3,test,10,81.80093383789062,817,158.49253845214844,0.1575598854443643,,15.299064636230469,97.0999984741211,,,False,True,,,,,LSTM,2,48,64,0.1
test_10,A3,test,10,81.90093994140625,818,158.49253845214844,0.15652995645273535,,15.199058532714844,97.0999984741211,,,False,True,,,,,LSTM,2,48,64,0.1
test_10,A3,test,10,82.00093841552734,819,158.49253845214844,0.15550010603365685,,15.09906005859375,97.0999984741211,,,False,True,,,,,LSTM,2,48,64,0.1
test_10,A3,test,10,82.10093688964844,820,158.49253845214844,0.1544702556145784,,14.999061584472656,97.0999984741211,,,False,True,,,,,LSTM,2,48,64,0.1
test_10,A3,test,10,82.20094299316406,821,158.49253845214844,0.15344032662294943,,14.899055480957031,97.0999984741211,,,False,True,,,,,LSTM,2,48,64,0.1
test_10,A3,test,10,82.30094909667969,822,158.49253845214844,0.15241039763132047,,14.799049377441406,97.0999984741211,,,False,True,,,,,LSTM,2,48,64,0.1
test_10,A3,test,10,82.40094757080078,823,158.49253845214844,0.15138054721224198,,14.699050903320312,97.0999984741211,,,False,True,,,,,LSTM,2,48,64,0.1
test_10,A3,test,10,82.50094604492188,824,158.49253845214844,0.15035069679316349,,14.599052429199219,97.0999984741211,,,False,True,,,,,LSTM,2,48,64,0.1
test_10,A3,test,10,82.6009521484375,825,158.49253845214844,0.14932076780153453,,14.499046325683594,97.0999984741211,,,False,True,,,,,LSTM,2,48,64,0.1
test_10,A3,test,10,82.70095825195312,826,158.49253845214844,0.14829083880990557,,14.399040222167969,97.0999984741211,,,False,True,,,,,LSTM,2,48,64,0.1
test_10,A3,test,10,82.80095672607422,827,158.49253845214844,0.1472609883908271,,14.299041748046875,97.0999984741211,,,False,True,,,,,LSTM,2,48,64,0.1
test_10,A3,test,10,82.90095520019531,828,158.49253845214844,0.1462311379717486,,14.199043273925781,97.0999984741211,,,False,True,,,,,LSTM,2,48,64,0.1
test_10,A3,test,10,83.00096130371094,829,158.49253845214844,0.14520120898011965,,14.099037170410156,97.0999984741211,,,False,True,,,,,LSTM,2,48,64,0.1
test_10,A3,test,10,83.10096740722656,830,158.49253845214844,0.1441712799884907,,13.999031066894531,97.0999984741211,,,False,True,,,,,LSTM,2,48,64,0.1
test_10,A3,test,10,83.20096588134766,831,158.49253845214844,0.1431414295694122,,13.899032592773438,97.0999984741211,,,False,True,,,,,LSTM,2,48,64,0.1
test_10,A3,test,10,83.30096435546875,832,158.49253845214844,0.14211157915033373,,13.799034118652344,97.0999984741211,,,False,True,,,,,LSTM,2,48,64,0.1
test_10,A3,test,10,83.40097045898438,833,158.49253845214844,0.14108165015870477,,13.699028015136719,97.0999984741211,,,False,True,,,,,LSTM,2,48,64,0.1
test_10,A3,test,10,83.5009765625,834,158.49253845214844,0.14005172116707582,,13.599021911621094,97.0999984741211,,,False,True,,,,,LSTM,2,48,64,0.1
test_10,A3,test,10,83.6009750366211,835,158.49253845214844,0.13902187074799732,,13.4990234375,97.0999984741211,,,False,True,,,,,LSTM,2,48,64,0.1
test_10,A3,test,10,83.70097351074219,836,158.49253845214844,0.13799202032891883,,13.399024963378906,97.0999984741211,,,False,True,,,,,LSTM,2,48,64,0.1
test_10,A3,test,10,83.80097961425781,837,158.49253845214844,0.13696209133728987,,13.299018859863281,97.0999984741211,,,False,True,,,,,LSTM,2,48,64,0.1
test_10,A3,test,10,83.90098571777344,838,158.49253845214844,0.1359321623456609,,13.199012756347656,97.0999984741211,,,False,True,,,,,LSTM,2,48,64,0.1
test_10,A3,test,10,84.00098419189453,839,158.49253845214844,0.13490231192658245,,13.099014282226562,97.0999984741211,,,False,True,,,,,LSTM,2,48,64,0.1
test_10,A3,test,10,84.10098266601562,840,158.49253845214844,0.13387246150750395,,12.999015808105469,97.0999984741211,,,False,True,,,,,LSTM,2,48,64,0.1
test_10,A3,test,10,84.20098876953125,841,158.49253845214844,0.132842532515875,,12.899009704589844,97.0999984741211,,,False,True,,,,,LSTM,2,48,64,0.1
test_10,A3,test,10,84.30099487304688,842,158.49253845214844,0.13181260352424604,,12.799003601074219,97.0999984741211,,,False,True,,,,,LSTM,2,48,64,0.1
test_10,A3,test,10,84.40099334716797,843,158.49253845214844,0.13078275310516754,,12.699005126953125,97.0999984741211,,,False,True,,,,,LSTM,2,48,64,0.1
test_10,A3,test,10,84.50099182128906,844,158.49253845214844,0.12975290268608908,,12.599006652832031,97.0999984741211,,,False,True,,,,,LSTM,2,48,64,0.1
test_10,A3,test,10,84.60099792480469,845,158.49253845214844,0.12872297369446012,,12.499000549316406,97.0999984741211,,,False,True,,,,,LSTM,2,48,64,0.1
test_10,A3,test,10,84.70100402832031,846,158.49253845214844,0.12769304470283116,,12.398994445800781,97.0999984741211,,,False,True,,,,,LSTM,2,48,64,0.1
test_10,A3,test,10,84.8010025024414,847,158.49253845214844,0.12666319428375267,,12.298995971679688,97.0999984741211,,,False,True,,,,,LSTM,2,48,64,0.1
test_10,A3,test,10,84.9010009765625,848,158.49253845214844,0.12563334386467417,,12.198997497558594,97.0999984741211,,,False,True,,,,,LSTM,2,48,64,0.1
test_10,A3,test,10,85.00100708007812,849,158.49253845214844,0.12460341487304523,,12.098991394042969,97.0999984741211,,,False,True,,,,,LSTM,2,48,64,0.1
test_10,A3,test,10,85.10101318359375,850,158.49253845214844,0.12357348588141627,,11.998985290527344,97.0999984741211,,,False,True,,,,,LSTM,2,48,64,0.1
test_10,A3,test,10,85.20101165771484,851,158.49253845214844,0.12254363546233778,,11.89898681640625,97.0999984741211,,,False,True,,,,,LSTM,2,48,64,0.1
test_10,A3,test,10,85.30101013183594,852,158.49253845214844,0.1215137850432593,,11.798988342285156,97.0999984741211,,,False,True,,,,,LSTM,2,48,64,0.1
test_10,A3,test,10,85.40101623535156,853,158.49253845214844,0.12048385605163034,,11.698982238769531,97.0999984741211,,,False,True,,,,,LSTM,2,48,64,0.1
test_10,A3,test,10,85.50102233886719,854,158.49253845214844,0.11945392706000138,,11.598976135253906,97.0999984741211,,,False,True,,,,,LSTM,2,48,64,0.1
test_10,A3,test,10,85.60102081298828,855,158.49253845214844,0.1184240766409229,,11.498977661132812,97.0999984741211,,,False,True,,,,,LSTM,2,48,64,0.1
test_10,A3,test,10,85.70101928710938,856,158.49253845214844,0.11739422622184441,,11.398979187011719,97.0999984741211,,,False,True,,,,,LSTM,2,48,64,0.1
test_10,A3,test,10,85.801025390625,857,158.49253845214844,0.11636429723021545,,11.298973083496094,97.0999984741211,,,False,True,,,,,LSTM,2,48,64,0.1
test_10,A3,test,10,85.90103149414062,858,158.49253845214844,0.11533436823858649,,11.198966979980469,97.0999984741211,,,False,True,,,,,LSTM,2,48,64,0.1
test_10,A3,test,10,86.00102996826172,859,158.49253845214844,0.11430451781950801,,11.098968505859375,97.0999984741211,,,False,True,,,,,LSTM,2,48,64,0.1
test_10,A3,test,10,86.10102844238281,860,158.49253845214844,0.11327466740042952,,10.998970031738281,97.0999984741211,,,False,True,,,,,LSTM,2,48,64,0.1
test_10,A3,test,10,86.20103454589844,861,158.49253845214844,0.11224473840880056,,10.898963928222656,97.0999984741211,,,False,True,,,,,LSTM,2,48,64,0.1
test_10,A3,test,10,86.30104064941406,862,158.49253845214844,0.1112148094171716,,10.798957824707031,97.0999984741211,,,False,True,,,,,LSTM,2,48,64,0.1
test_10,A3,test,10,86.40103912353516,863,158.49253845214844,0.11018495899809312,,10.698959350585938,97.0999984741211,,,False,True,,,,,LSTM,2,48,64,0.1
test_10,A3,test,10,86.50103759765625,864,158.49253845214844,0.10915510857901464,,10.598960876464844,97.0999984741211,,,False,True,,,,,LSTM,2,48,64,0.1
test_10,A3,test,10,86.60104370117188,865,158.49253845214844,0.10812517958738568,,10.498954772949219,97.0999984741211,,,False,True,,,,,LSTM,2,48,64,0.1
test_10,A3,test,10,86.7010498046875,866,158.49253845214844,0.10709525059575672,,10.398948669433594,97.0999984741211,,,False,True,,,,,LSTM,2,48,64,0.1
test_10,A3,test,10,86.8010482788086,867,158.49253845214844,0.10606540017667823,,10.2989501953125,97.0999984741211,,,False,True,,,,,LSTM,2,48,64,0.1
test_10,A3,test,10,86.90104675292969,868,158.49253845214844,0.10503554975759975,,10.198951721191406,97.0999984741211,,,False,True,,,,,LSTM,2,48,64,0.1
test_10,A3,test,10,87.00105285644531,869,158.49253845214844,0.1040056207659708,,10.098945617675781,97.0999984741211,,,False,True,,,,,LSTM,2,48,64,0.1
test_10,A3,test,10,87.10105895996094,870,158.49253845214844,0.10297569177434183,,9.998939514160156,97.0999984741211,,,False,True,,,,,LSTM,2,48,64,0.1
test_10,A3,test,10,87.20105743408203,871,158.49253845214844,0.10194584135526336,,9.898941040039062,97.0999984741211,,,False,True,,,,,LSTM,2,48,64,0.1
test_10,A3,test,10,87.30105590820312,872,158.49253845214844,0.10091599093618486,,9.798942565917969,97.0999984741211,,,False,True,,,,,LSTM,2,48,64,0.1
test_10,A3,test,10,87.40106201171875,873,158.49253845214844,0.0998860619445559,,9.698936462402344,97.0999984741211,,,False,True,,,,,LSTM,2,48,64,0.1
test_10,A3,test,10,87.50106811523438,874,158.49253845214844,0.09885613295292695,,9.598930358886719,97.0999984741211,,,False,True,,,,,LSTM,2,48,64,0.1
test_10,A3,test,10,87.60106658935547,875,158.49253845214844,0.09782628253384847,,9.498931884765625,97.0999984741211,,,False,True,,,,,LSTM,2,48,64,0.1
test_10,A3,test,10,87.70106506347656,876,158.49253845214844,0.09679643211476999,,9.398933410644531,97.0999984741211,,,False,True,,,,,LSTM,2,48,64,0.1
test_10,A3,test,10,87.80107116699219,877,158.49253845214844,0.09576650312314103,,9.298927307128906,97.0999984741211,,,False,True,,,,,LSTM,2,48,64,0.1
test_10,A3,test,10,87.90107727050781,878,158.49253845214844,0.09473657413151207,,9.198921203613281,97.0999984741211,,,False,True,,,,,LSTM,2,48,64,0.1
test_10,A3,test,10,88.0010757446289,879,158.49253845214844,0.09370672371243358,,9.098922729492188,97.0999984741211,,,False,True,,,,,LSTM,2,48,64,0.1
test_10,A3,test,10,88.10107421875,880,158.49253845214844,0.0926768732933551,,8.998924255371094,97.0999984741211,,,False,True,,,,,LSTM,2,48,64,0.1
test_10,A3,test,10,88.20108032226562,881,158.49253845214844,0.09164694430172614,,8.898918151855469,97.0999984741211,,,False,True,,,,,LSTM,2,48,64,0.1
test_10,A3,test,10,88.30108642578125,882,158.49253845214844,0.09061701531009718,,8.798912048339844,97.0999984741211,,,False,True,,,,,LSTM,2,48,64,0.1
test_10,A3,test,10,88.40108489990234,883,158.49253845214844,0.0895871648910187,,8.69891357421875,97.0999984741211,,,False,True,,,,,LSTM,2,48,64,0.1
test_10,A3,test,10,88.50108337402344,884,158.49253845214844,0.08855731447194021,,8.598915100097656,97.0999984741211,,,False,True,,,,,LSTM,2,48,64,0.1
test_10,A3,test,10,88.60108947753906,885,158.49253845214844,0.08752738548031125,,8.498908996582031,97.0999984741211,,,False,True,,,,,LSTM,2,48,64,0.1
test_10,A3,test,10,88.70109558105469,886,158.49253845214844,0.08649745648868229,,8.398902893066406,97.0999984741211,,,False,True,,,,,LSTM,2,48,64,0.1
test_10,A3,test,10,88.80109405517578,887,158.49253845214844,0.08546760606960381,,8.298904418945312,97.0999984741211,,,False,True,,,,,LSTM,2,48,64,0.1
test_10,A3,test,10,88.90109252929688,888,158.49253845214844,0.08443775565052532,,8.198905944824219,97.0999984741211,,,False,True,,,,,LSTM,2,48,64,0.1
test_10,A3,test,10,89.0010986328125,889,158.49253845214844,0.08340782665889636,,8.098899841308594,97.0999984741211,,,False,True,,,,,LSTM,2,48,64,0.1
test_10,A3,test,10,89.10110473632812,890,158.49253845214844,0.0823778976672674,,7.998893737792969,97.0999984741211,,,False,True,,,,,LSTM,2,48,64,0.1
test_10,A3,test,10,89.20110321044922,891,158.49253845214844,0.08134804724818892,,7.898895263671875,97.0999984741211,,,False,True,,,,,LSTM,2,48,64,0.1
test_10,A3,test,10,89.30110168457031,892,158.49253845214844,0.08031819682911044,,7.798896789550781,97.0999984741211,,,False,True,,,,,LSTM,2,48,64,0.1
test_10,A3,test,10,89.40110778808594,893,158.49253845214844,0.07928826783748148,,7.698890686035156,97.0999984741211,,,False,True,,,,,LSTM,2,48,64,0.1
test_10,A3,test,10,89.50111389160156,894,158.49253845214844,0.07825833884585252,,7.598884582519531,97.0999984741211,,,False,True,,,,,LSTM,2,48,64,0.1
test_10,A3,test,10,89.60111236572266,895,158.49253845214844,0.07722848842677403,,7.4988861083984375,97.0999984741211,,,False,True,,,,,LSTM,2,48,64,0.1
test_10,A3,test,10,89.70111083984375,896,158.49253845214844,0.07619863800769555,,7.398887634277344,97.0999984741211,,,False,True,,,,,LSTM,2,48,64,0.1
test_10,A3,test,10,89.80111694335938,897,158.49253845214844,0.07516870901606659,,7.298881530761719,97.0999984741211,,,False,True,,,,,LSTM,2,48,64,0.1
test_10,A3,test,10,89.901123046875,898,158.49253845214844,0.07413878002443763,,7.198875427246094,97.0999984741211,,,False,True,,,,,LSTM,2,48,64,0.1
test_10,A3,test,10,90.0011215209961,899,158.49253845214844,0.07310892960535915,,7.098876953125,97.0999984741211,,,False,True,,,,,LSTM,2,48,64,0.1
test_10,A3,test,10,90.10111999511719,900,158.49253845214844,0.07207907918628066,,6.998878479003906,97.0999984741211,,,False,True,,,,,LSTM,2,48,64,0.1
test_10,A3,test,10,90.20112609863281,901,158.49253845214844,0.0710491501946517,,6.898872375488281,97.0999984741211,,,False,True,,,,,LSTM,2,48,64,0.1
test_10,A3,test,10,90.30113220214844,902,158.49253845214844,0.07001922120302274,,6.798866271972656,97.0999984741211,,,False,True,,,,,LSTM,2,48,64,0.1
test_10,A3,test,10,90.40113067626953,903,158.49253845214844,0.06898937078394426,,6.6988677978515625,97.0999984741211,,,False,True,,,,,LSTM,2,48,64,0.1
test_10,A3,test,10,90.50112915039062,904,158.49253845214844,0.06795952036486579,,6.598869323730469,97.0999984741211,,,False,True,,,,,LSTM,2,48,64,0.1
test_10,A3,test,10,90.60113525390625,905,158.49253845214844,0.06692959137323683,,6.498863220214844,97.0999984741211,,,False,True,,,,,LSTM,2,48,64,0.1
test_10,A3,test,10,90.70114135742188,906,158.49253845214844,0.06589966238160787,,6.398857116699219,97.0999984741211,,,False,True,,,,,LSTM,2,48,64,0.1
test_10,A3,test,10,90.80113983154297,907,158.49253845214844,0.06486981196252938,,6.298858642578125,97.0999984741211,,,False,True,,,,,LSTM,2,48,64,0.1
test_10,A3,test,10,90.90113830566406,908,158.49253845214844,0.0638399615434509,,6.198860168457031,97.0999984741211,,,False,True,,,,,LSTM,2,48,64,0.1
test_10,A3,test,10,91.00114440917969,909,158.49253845214844,0.06281003255182194,,6.098854064941406,97.0999984741211,,,False,True,,,,,LSTM,2,48,64,0.1
test_10,A3,test,10,91.10115051269531,910,158.49253845214844,0.06178010356019298,,5.998847961425781,97.0999984741211,,,False,True,,,,,LSTM,2,48,64,0.1
test_10,A3,test,10,91.2011489868164,911,158.49253845214844,0.06075025314111449,,5.8988494873046875,97.0999984741211,,,False,True,,,,,LSTM,2,48,64,0.1
test_10,A3,test,10,91.3011474609375,912,158.49253845214844,0.059720402722036006,,5.798851013183594,97.0999984741211,,,False,True,,,,,LSTM,2,48,64,0.1
test_10,A3,test,10,91.40115356445312,913,158.49253845214844,0.05869047373040705,,5.698844909667969,97.0999984741211,,,False,True,,,,,LSTM,2,48,64,0.1
test_10,A3,test,10,91.50115966796875,914,158.49253845214844,0.05766054473877809,,5.598838806152344,97.0999984741211,,,False,True,,,,,LSTM,2,48,64,0.1
test_10,A3,test,10,91.60115814208984,915,158.49253845214844,0.05663069431969961,,5.49884033203125,97.0999984741211,,,False,True,,,,,LSTM,2,48,64,0.1
test_10,A3,test,10,91.70115661621094,916,158.49253845214844,0.05560084390062112,,5.398841857910156,97.0999984741211,,,False,True,,,,,LSTM,2,48,64,0.1
test_10,A3,test,10,91.80116271972656,917,158.49253845214844,0.054570914908992164,,5.298835754394531,97.0999984741211,,,False,True,,,,,LSTM,2,48,64,0.1
test_10,A3,test,10,91.90116882324219,918,158.49253845214844,0.053540985917363206,,5.198829650878906,97.0999984741211,,,False,True,,,,,LSTM,2,48,64,0.1
test_10,A3,test,10,92.00116729736328,919,158.49253845214844,0.05251113549828472,,5.0988311767578125,97.0999984741211,,,False,True,,,,,LSTM,2,48,64,0.1
test_10,A3,test,10,92.10116577148438,920,158.49253845214844,0.05148128507920624,,4.998832702636719,97.0999984741211,,,False,True,,,,,LSTM,2,48,64,0.1
test_10,A3,test,10,92.201171875,921,158.49253845214844,0.05045135608757728,,4.898826599121094,97.0999984741211,,,False,True,,,,,LSTM,2,48,64,0.1
test_10,A3,test,10,92.30117797851562,922,158.49253845214844,0.04942142709594832,,4.798820495605469,97.0999984741211,,,False,True,,,,,LSTM,2,48,64,0.1
test_10,A3,test,10,92.40117645263672,923,158.49253845214844,0.04839157667686984,,4.698822021484375,97.0999984741211,,,False,True,,,,,LSTM,2,48,64,0.1
test_10,A3,test,10,92.50117492675781,924,158.49253845214844,0.04736172625779135,,4.598823547363281,97.0999984741211,,,False,True,,,,,LSTM,2,48,64,0.1
test_10,A3,test,10,92.60118103027344,925,158.49253845214844,0.04633179726616239,,4.498817443847656,97.0999984741211,,,False,True,,,,,LSTM,2,48,64,0.1
test_10,A3,test,10,92.70118713378906,926,158.49253845214844,0.04530186827453343,,4.398811340332031,97.0999984741211,,,False,True,,,,,LSTM,2,48,64,0.1
test_10,A3,test,10,92.80118560791016,927,158.49253845214844,0.044272017855454954,,4.2988128662109375,97.0999984741211,,,False,True,,,,,LSTM,2,48,64,0.1
test_10,A3,test,10,92.90118408203125,928,158.49253845214844,0.04324216743637647,,4.198814392089844,97.0999984741211,,,False,True,,,,,LSTM,2,48,64,0.1
test_10,A3,test,10,93.00119018554688,929,158.49253845214844,0.04221223844474751,,4.098808288574219,97.0999984741211,,,False,True,,,,,LSTM,2,48,64,0.1
test_10,A3,test,10,93.1011962890625,930,158.49253845214844,0.04118230945311855,,3.9988021850585938,97.0999984741211,,,False,True,,,,,LSTM,2,48,64,0.1
test_10,A3,test,10,93.2011947631836,931,158.49253845214844,0.040152459034040064,,3.8988037109375,97.0999984741211,,,False,True,,,,,LSTM,2,48,64,0.1
test_10,A3,test,10,93.30119323730469,932,158.49253845214844,0.03912260861496158,,3.7988052368164062,97.0999984741211,,,False,True,,,,,LSTM,2,48,64,0.1
test_10,A3,test,10,93.40119934082031,933,158.49253845214844,0.03809267962333262,,3.6987991333007812,97.0999984741211,,,False,True,,,,,LSTM,2,48,64,0.1
test_10,A3,test,10,93.50120544433594,934,158.49253845214844,0.03706275063170366,,3.5987930297851562,97.0999984741211,,,False,True,,,,,LSTM,2,48,64,0.1
test_10,A3,test,10,93.60120391845703,935,158.49253845214844,0.03603290021262518,,3.4987945556640625,97.0999984741211,,,False,True,,,,,LSTM,2,48,64,0.1
test_10,A3,test,10,93.70120239257812,936,158.49253845214844,0.035003049793546695,,3.3987960815429688,97.0999984741211,,,False,True,,,,,LSTM,2,48,64,0.1
test_10,A3,test,10,93.80120849609375,937,158.49253845214844,0.033973120801917736,,3.2987899780273438,97.0999984741211,,,False,True,,,,,LSTM,2,48,64,0.1
test_10,A3,test,10,93.90121459960938,938,158.49253845214844,0.03294319181028878,,3.1987838745117188,97.0999984741211,,,False,True,,,,,LSTM,2,48,64,0.1
test_10,A3,test,10,94.00121307373047,939,158.49253845214844,0.03191334139121029,,3.098785400390625,97.0999984741211,,,False,True,,,,,LSTM,2,48,64,0.1
test_10,A3,test,10,94.10121154785156,940,158.49253845214844,0.03088349097213181,,2.9987869262695312,97.0999984741211,,,False,True,,,,,LSTM,2,48,64,0.1
test_10,A3,test,10,94.20121765136719,941,158.49253845214844,0.02985356198050285,,2.8987808227539062,97.0999984741211,,,False,True,,,,,LSTM,2,48,64,0.1
test_10,A3,test,10,94.30122375488281,942,158.49253845214844,0.02882363298887389,,2.7987747192382812,97.0999984741211,,,False,True,,,,,LSTM,2,48,64,0.1
test_10,A3,test,10,94.4012222290039,943,158.49253845214844,0.02779378256979541,,2.6987762451171875,97.0999984741211,,,False,True,,,,,LSTM,2,48,64,0.1
test_10,A3,test,10,94.501220703125,944,158.49253845214844,0.026763932150716922,,2.5987777709960938,97.0999984741211,,,False,True,,,,,LSTM,2,48,64,0.1
test_10,A3,test,10,94.60122680664062,945,158.49253845214844,0.025734003159087963,,2.4987716674804688,97.0999984741211,,,False,True,,,,,LSTM,2,48,64,0.1
test_10,A3,test,10,94.70123291015625,946,158.49253845214844,0.024704074167459004,,2.3987655639648438,97.0999984741211,,,False,True,,,,,LSTM,2,48,64,0.1
test_10,A3,test,10,94.80123138427734,947,158.49253845214844,0.023674223748380522,,2.29876708984375,97.0999984741211,,,False,True,,,,,LSTM,2,48,64,0.1
test_10,A3,test,10,94.90122985839844,948,158.49253845214844,0.02264437332930204,,2.1987686157226562,97.0999984741211,,,False,True,,,,,LSTM,2,48,64,0.1
test_10,A3,test,10,95.00123596191406,949,158.49253845214844,0.021614444337673077,,2.0987625122070312,97.0999984741211,,,False,True,,,,,LSTM,2,48,64,0.1
test_10,A3,test,10,95.10124206542969,950,158.49253845214844,0.020584515346044118,,1.9987564086914062,97.0999984741211,,,False,True,,,,,LSTM,2,48,64,0.1
test_10,A3,test,10,95.20124053955078,951,158.49253845214844,0.019554664926965636,,1.8987579345703125,97.0999984741211,,,False,True,,,,,LSTM,2,48,64,0.1
test_10,A3,test,10,95.30123901367188,952,158.49253845214844,0.018524814507887153,,1.7987594604492188,97.0999984741211,,,False,True,,,,,LSTM,2,48,64,0.1
test_10,A3,test,10,95.4012451171875,953,158.49253845214844,0.017494885516258194,,1.6987533569335938,97.0999984741211,,,False,True,,,,,LSTM,2,48,64,0.1
test_10,A3,test,10,95.50125122070312,954,158.49253845214844,0.016464956524629235,,1.5987472534179688,97.0999984741211,,,False,True,,,,,LSTM,2,48,64,0.1
test_10,A3,test,10,95.60124969482422,955,158.49253845214844,0.01543510610555075,,1.498748779296875,97.0999984741211,,,False,True,,,,,LSTM,2,48,64,0.1
test_10,A3,test,10,95.70124816894531,956,158.49253845214844,0.014405255686472267,,1.3987503051757812,97.0999984741211,,,False,True,,,,,LSTM,2,48,64,0.1
test_10,A3,test,10,95.80125427246094,957,158.49253845214844,0.013375326694843308,,1.2987442016601562,97.0999984741211,,,False,True,,,,,LSTM,2,48,64,0.1
test_10,A3,test,10,95.90126037597656,958,158.49253845214844,0.012345397703214349,,1.1987380981445312,97.0999984741211,,,False,True,,,,,LSTM,2,48,64,0.1
test_10,A3,test,10,96.00125885009766,959,158.49253845214844,0.011315547284135865,,1.0987396240234375,97.0999984741211,,,False,True,,,,,LSTM,2,48,64,0.1
test_10,A3,test,10,96.10125732421875,960,158.49253845214844,0.01028569686505738,,0.9987411499023438,97.0999984741211,,,False,True,,,,,LSTM,2,48,64,0.1
test_10,A3,test,10,96.20126342773438,961,158.49253845214844,0.009255767873428421,,0.8987350463867188,97.0999984741211,,,False,True,,,,,LSTM,2,48,64,0.1
test_10,A3,test,10,96.30126953125,962,158.49253845214844,0.008225838881799463,,0.7987289428710938,97.0999984741211,,,False,True,,,,,LSTM,2,48,64,0.1
test_10,A3,test,10,96.4012680053711,963,158.49253845214844,0.007195988462720978,,0.69873046875,97.0999984741211,,,False,True,,,,,LSTM,2,48,64,0.1
test_10,A3,test,10,96.50126647949219,964,158.49253845214844,0.006166138043642495,,0.5987319946289062,97.0999984741211,,,False,True,,,,,LSTM,2,48,64,0.1
test_10,A3,test,10,96.60127258300781,965,158.49253845214844,0.005136209052013536,,0.49872589111328125,97.0999984741211,,,False,True,,,,,LSTM,2,48,64,0.1
test_10,A3,test,10,96.70127868652344,966,158.49253845214844,0.004106280060384576,,0.39871978759765625,97.0999984741211,,,False,True,,,,,LSTM,2,48,64,0.1
test_10,A3,test,10,96.80127716064453,967,158.49253845214844,0.0030764296413060927,,0.2987213134765625,97.0999984741211,,,False,True,,,,,LSTM,2,48,64,0.1
test_10,A3,test,10,96.90127563476562,968,158.49253845214844,0.002046579222227609,,0.19872283935546875,97.0999984741211,,,False,True,,,,,LSTM,2,48,64,0.1
test_10,A3,test,10,97.00128173828125,969,158.49253845214844,0.0010166502305986498,,0.09871673583984375,97.0999984741211,,,False,True,,,,,LSTM,2,48,64,0.1
test_10,A3,test,10,97.10128784179688,970,158.49253845214844,0.0,,0.0,97.0999984741211,,,False,True,,,,,LSTM,2,48,64,0.1
test_23,A3,test,23,0.10000000149011612,0,118.21446990966797,0.9992223381996155,1.0,128.5,128.60000610351562,128.60000610351562,1145.0,True,False,0.8810442686080933,113.30229949951172,0.8810442686080933,113.30229832046825,LSTM,2,48,64,0.1
test_23,A3,test,23,0.20000000298023224,1,118.21446990966797,0.998444676399231,1.0,128.39999389648438,128.60000610351562,128.60000610351562,1145.0,True,False,0.8810442686080933,113.30229949951172,1.0,128.60000610351562,LSTM,2,48,64,0.1
test_23,A3,test,23,0.30000001192092896,2,118.21446990966797,0.997667133808136,1.0,128.3000030517578,128.60000610351562,128.60000610351562,1145.0,True,False,0.8810442686080933,113.30229949951172,1.0,128.60000610351562,LSTM,2,48,64,0.1
test_23,A3,test,23,0.4000000059604645,3,118.21446990966797,0.9968895316123962,1.0,128.1999969482422,128.60000610351562,128.60000610351562,1145.0,True,False,0.8810442686080933,113.30229949951172,1.0,128.60000610351562,LSTM,2,48,64,0.1
test_23,A3,test,23,0.5,4,118.21446990966797,0.9961119890213013,1.0,128.10000610351562,128.60000610351562,128.60000610351562,1145.0,True,False,0.8810442686080933,113.30229949951172,1.0,128.60000610351562,LSTM,2,48,64,0.1
test_23,A3,test,23,0.6000000238418579,5,118.21446990966797,0.9953343272209167,1.0,128.0,128.60000610351562,128.60000610351562,1145.0,True,False,0.8810442686080933,113.30229949951172,1.0,128.60000610351562,LSTM,2,48,64,0.1
test_23,A3,test,23,0.699999988079071,6,118.21446990966797,0.994556725025177,1.0,127.9000015258789,128.60000610351562,128.60000610351562,1145.0,True,False,0.8810442686080933,113.30229949951172,1.0,128.60000610351562,LSTM,2,48,64,0.1
test_23,A3,test,23,0.800000011920929,7,118.21446990966797,0.9937791228294373,1.0,127.80000305175781,128.60000610351562,128.60000610351562,1145.0,True,False,0.8810442686080933,113.30229949951172,1.0,128.60000610351562,LSTM,2,48,64,0.1
test_23,A3,test,23,0.8999999761581421,8,118.21446990966797,0.9930014610290527,1.0,127.69999694824219,128.60000610351562,128.60000610351562,1145.0,True,False,0.8810442686080933,113.30229949951172,1.0,128.60000610351562,LSTM,2,48,64,0.1
test_23,A3,test,23,1.0,9,118.21446990966797,0.9922239184379578,1.0,127.5999984741211,128.60000610351562,128.60000610351562,1145.0,True,False,0.8810442686080933,113.30229949951172,1.0,128.60000610351562,LSTM,2,48,64,0.1
test_23,A3,test,23,1.100000023841858,10,118.21446990966797,0.991446316242218,1.0,127.5,128.60000610351562,128.60000610351562,1145.0,True,False,0.8810442686080933,113.30229949951172,1.0,128.60000610351562,LSTM,2,48,64,0.1
test_23,A3,test,23,1.2000000476837158,11,118.21446990966797,0.9906687140464783,1.0,127.4000015258789,128.60000610351562,128.60000610351562,1145.0,True,False,0.8810442686080933,113.30229949951172,0.9888359308242798,127.16430673937793,LSTM,2,48,64,0.1
test_23,A3,test,23,1.2999999523162842,12,118.21446990966797,0.9898911118507385,1.0,127.30000305175781,128.60000610351562,128.60000610351562,1145.0,True,False,0.8810442686080933,113.30229949951172,0.9739893078804016,125.2550309381786,LSTM,2,48,64,0.1
test_23,A3,test,23,1.399999976158142,13,118.21446990966797,0.989113450050354,1.0,127.19999694824219,128.60000610351562,128.60000610351562,1145.0,True,False,0.8810442686080933,113.30229949951172,0.9622114896774292,123.74040344539026,LSTM,2,48,64,0.1
test_23,A3,test,23,1.5,14,118.21446990966797,0.9883358478546143,1.0,127.0999984741211,128.60000610351562,128.60000610351562,1145.0,True,False,0.8810442686080933,113.30229949951172,0.952939510345459,122.54802684670722,LSTM,2,48,64,0.1
test_23,A3,test,23,1.600000023841858,15,118.21446990966797,0.9875582456588745,1.0,127.0,128.60000610351562,128.60000610351562,1145.0,True,False,0.8810442686080933,113.30229949951172,0.9419319033622742,121.13244852148455,LSTM,2,48,64,0.1
test_23,A3,test,23,1.7000000476837158,16,118.21446990966797,0.9867807030677795,1.0,126.9000015258789,128.60000610351562,128.60000610351562,1145.0,True,False,0.8810442686080933,113.30229949951172,0.9329547882080078,119.97799145785393,LSTM,2,48,64,0.1
test_23,A3,test,23,1.7999999523162842,17,118.21446990966797,0.9860031008720398,1.0,126.80000305175781,128.60000610351562,128.60000610351562,1145.0,True,False,0.8810442686080933,113.30229949951172,0.925167977809906,118.97660759313112,LSTM,2,48,64,0.1
test_23,A3,test,23,1.899999976158142,18,118.21446990966797,0.9852254390716553,1.0,126.69999694824219,128.60000610351562,128.60000610351562,1145.0,True,False,0.8810442686080933,113.30229949951172,0.9204362034797668,118.36810138539477,LSTM,2,48,64,0.1
test_23,A3,test,23,2.0,19,118.21446990966797,0.9844478368759155,1.0,126.5999984741211,128.60000610351562,128.60000610351562,1145.0,True,False,0.8810442686080933,113.30229949951172,0.9166408181190491,117.88001480484127,LSTM,2,48,64,0.1
test_23,A3,test,23,2.0999999046325684,20,118.21446990966797,0.9836702346801758,1.0,126.5,128.60000610351562,128.60000610351562,1145.0,True,False,0.8810442686080933,113.30229949951172,0.9102257490158081,117.05503687901,LSTM,2,48,64,0.1
test_23,A3,test,23,2.200000047683716,21,118.21446990966797,0.982892632484436,1.0,126.4000015258789,128.60000610351562,128.60000610351562,1145.0,True,False,0.8810442686080933,113.30229949951172,0.9075852632522583,116.71547039370125,LSTM,2,48,64,0.1
test_23,A3,test,23,2.299999952316284,22,118.21446990966797,0.9821150898933411,1.0,126.30000305175781,128.60000610351562,128.60000610351562,1145.0,True,False,0.8810442686080933,113.30229949951172,0.9053500890731812,116.42802698062951,LSTM,2,48,64,0.1
test_23,A3,test,23,2.4000000953674316,23,118.21446990966797,0.9813374280929565,1.0,126.19999694824219,128.60000610351562,128.60000610351562,1145.0,True,False,0.8810442686080933,113.30229949951172,0.8979480266571045,115.47612170874345,LSTM,2,48,64,0.1
test_23,A3,test,23,2.5,24,118.21446990966797,0.9805598258972168,1.0,126.0999984741211,128.60000610351562,128.60000610351562,1145.0,True,False,0.8810442686080933,113.30229949951172,0.8957444429397583,115.19274082924312,LSTM,2,48,64,0.1
test_23,A3,test,23,2.5999999046325684,25,118.21446990966797,0.979782223701477,1.0,126.0,128.60000610351562,128.60000610351562,1145.0,True,False,0.8810442686080933,113.30229949951172,0.895305335521698,115.13627161260047,LSTM,2,48,64,0.1
test_23,A3,test,23,2.700000047683716,26,118.21446990966797,0.9790046215057373,1.0,125.9000015258789,128.60000610351562,128.60000610351562,1145.0,True,False,0.8810442686080933,113.30229949951172,0.8950649499893188,115.10535803166931,LSTM,2,48,64,0.1
test_23,A3,test,23,2.799999952316284,27,118.21446990966797,0.9782270193099976,1.0,125.80000305175781,128.60000610351562,128.60000610351562,1145.0,True,False,0.8810442686080933,113.30229949951172,0.8917105197906494,114.6739782876466,LSTM,2,48,64,0.1
test_23,A3,test,23,2.9000000953674316,28,118.21446990966797,0.977449357509613,1.0,125.69999694824219,128.60000610351562,128.60000610351562,1145.0,True,False,0.8810442686080933,113.30229949951172,0.8892384767532349,114.35607353794694,LSTM,2,48,64,0.1
test_23,A3,test,23,3.0,29,118.21446990966797,0.9766718149185181,1.0,125.5999984741211,128.60000610351562,128.60000610351562,1145.0,True,False,0.8810442686080933,113.30229949951172,0.8856395483016968,113.89325131711303,LSTM,2,48,64,0.1
test_23,A3,test,23,3.0999999046325684,30,118.21446990966797,0.9758942127227783,1.0,125.5,128.60000610351562,128.60000610351562,1145.0,True,False,0.8808951377868652,113.28311920166016,0.8808951377868652,113.2831200959481,LSTM,2,48,64,0.1
test_23,A3,test,23,3.200000047683716,31,118.21446990966797,0.9751166105270386,1.0,125.4000015258789,128.60000610351562,128.60000610351562,1145.0,True,False,0.8762419819831848,112.68472290039062,0.8762419819831848,112.6847242311942,LSTM,2,48,64,0.1
test_23,A3,test,23,3.299999952316284,32,118.21446990966797,0.9743390083312988,1.0,125.30000305175781,128.60000610351562,128.60000610351562,1145.0,True,False,0.8762419819831848,112.68472290039062,0.8767808675765991,112.75402492179637,LSTM,2,48,64,0.1
test_23,A3,test,23,3.4000000953674316,33,118.21446990966797,0.9735613465309143,1.0,125.19999694824219,128.60000610351562,128.60000610351562,1145.0,True,False,0.8762419819831848,112.68472290039062,0.8780171275138855,112.91300795727693,LSTM,2,48,64,0.1
test_23,A3,test,23,3.5,34,118.21446990966797,0.9727837443351746,1.0,125.0999984741211,128.60000610351562,128.60000610351562,1145.0,True,False,0.8751178979873657,112.54016876220703,0.8751178979873657,112.540167022471,LSTM,2,48,64,0.1
test_23,A3,test,23,3.5999999046325684,35,118.21446990966797,0.9720062017440796,1.0,125.0,128.60000610351562,128.60000610351562,1145.0,True,False,0.8743436932563782,112.44060516357422,0.8743436932563782,112.44060428934063,LSTM,2,48,64,0.1
test_23,A3,test,23,3.700000047683716,36,118.21446990966797,0.9712285995483398,1.0,124.9000015258789,128.60000610351562,128.60000610351562,1145.0,True,False,0.8743436932563782,112.44060516357422,0.8764797449111938,112.71530054518735,LSTM,2,48,64,0.1
test_23,A3,test,23,3.799999952316284,37,118.21446990966797,0.9704509973526001,1.0,124.80000305175781,128.60000610351562,128.60000610351562,1145.0,True,False,0.8728499412536621,112.24850463867188,0.8728499412536621,112.2485077726742,LSTM,2,48,64,0.1
test_23,A3,test,23,3.9000000953674316,38,118.21446990966797,0.9696733355522156,1.0,124.69999694824219,128.60000610351562,128.60000610351562,1145.0,True,False,0.8716290593147278,112.09149932861328,0.8716290593147278,112.09150234787558,LSTM,2,48,64,0.1
test_23,A3,test,23,4.0,39,118.21446990966797,0.9688957333564758,1.0,124.5999984741211,128.60000610351562,128.60000610351562,1145.0,True,False,0.8697503209114075,111.84989929199219,0.8697503209114075,111.84989657774167,LSTM,2,48,64,0.1
test_23,A3,test,23,4.099999904632568,40,118.21446990966797,0.9681181311607361,1.0,124.5,128.60000610351562,128.60000610351562,1145.0,True,False,0.8693938851356506,111.80406188964844,0.8693938851356506,111.80405893480383,LSTM,2,48,64,0.1
test_23,A3,test,23,4.199999809265137,41,118.21446990966797,0.9673405289649963,1.0,124.4000015258789,128.60000610351562,128.60000610351562,1145.0,True,False,0.8693938851356506,111.80406188964844,0.8695753812789917,111.82739933994526,LSTM,2,48,64,0.1
test_23,A3,test,23,4.300000190734863,42,118.21446990966797,0.9665629863739014,1.0,124.30000305175781,128.60000610351562,128.60000610351562,1145.0,True,False,0.8693938851356506,111.80406188964844,0.8716416954994202,112.09312736130414,LSTM,2,48,64,0.1
test_23,A3,test,23,4.400000095367432,43,118.21446990966797,0.9657853245735168,1.0,124.19999694824219,128.60000610351562,128.60000610351562,1145.0,True,False,0.8693938851356506,111.80406188964844,0.8720974326133728,112.15173515694005,LSTM,2,48,64,0.1
test_23,A3,test,23,4.5,44,118.21446990966797,0.9650077223777771,1.0,124.0999984741211,128.60000610351562,128.60000610351562,1145.0,True,False,0.8693938851356506,111.80406188964844,0.8705765008926392,111.95614332837067,LSTM,2,48,64,0.1
test_23,A3,test,23,4.599999904632568,45,118.21446990966797,0.9642301201820374,1.0,124.0,128.60000610351562,128.60000610351562,1145.0,True,False,0.8689004778862,111.74060821533203,0.8689004778862,111.74060675951296,LSTM,2,48,64,0.1
test_23,A3,test,23,4.699999809265137,46,118.21446990966797,0.9634525179862976,1.0,123.9000015258789,128.60000610351562,128.60000610351562,1145.0,True,False,0.8689004778862,111.74060821533203,0.8692213892936707,111.78187596847238,LSTM,2,48,64,0.1
test_23,A3,test,23,4.800000190734863,47,118.21446990966797,0.9626749157905579,1.0,123.80000305175781,128.60000610351562,128.60000610351562,1145.0,True,False,0.8665060997009277,111.43269348144531,0.8665060997009277,111.43268971027283,LSTM,2,48,64,0.1
test_23,A3,test,23,4.900000095367432,48,118.21446990966797,0.9618973135948181,1.0,123.69999694824219,128.60000610351562,128.60000610351562,1145.0,True,False,0.8627851009368896,110.95417022705078,0.8627851009368896,110.95416924650635,LSTM,2,48,64,0.1
test_23,A3,test,23,5.0,49,118.21446990966797,0.9611197113990784,1.0,123.5999984741211,128.60000610351562,128.60000610351562,1145.0,True,False,0.8609781861305237,110.7218017578125,0.8609781861305237,110.72179999137916,LSTM,2,48,64,0.1
test_23,A3,test,23,5.099999904632568,50,118.21446990966797,0.9603421092033386,1.0,123.5,128.60000610351562,128.60000610351562,1145.0,True,False,0.8607158660888672,110.68806457519531,0.8607158660888672,110.68806563242106,LSTM,2,48,64,0.1
test_23,A3,test,23,5.199999809265137,51,118.21446990966797,0.9595645070075989,1.0,123.4000015258789,128.60000610351562,128.60000610351562,1145.0,True,False,0.8607158660888672,110.68806457519531,0.8650892972946167,111.25048891217375,LSTM,2,48,64,0.1
test_23,A3,test,23,5.300000190734863,52,118.21446990966797,0.9587869048118591,1.0,123.30000305175781,128.60000610351562,128.60000610351562,1145.0,True,False,0.8607158660888672,110.68806457519531,0.865332841873169,111.28180874646205,LSTM,2,48,64,0.1
test_23,A3,test,23,5.400000095367432,53,118.21446990966797,0.9580092430114746,1.0,123.19999694824219,128.60000610351562,128.60000610351562,1145.0,True,False,0.8607158660888672,110.68806457519531,0.8666241765022278,111.4478743876407,LSTM,2,48,64,0.1
test_23,A3,test,23,5.5,54,118.21446990966797,0.9572316408157349,1.0,123.0999984741211,128.60000610351562,128.60000610351562,1145.0,True,False,0.8607158660888672,110.68806457519531,0.8720765113830566,112.1490446865937,LSTM,2,48,64,0.1
test_23,A3,test,23,5.599999904632568,55,118.21446990966797,0.9564540982246399,1.0,123.0,128.60000610351562,128.60000610351562,1145.0,True,False,0.8607158660888672,110.68806457519531,0.8758251667022705,112.63112178352458,LSTM,2,48,64,0.1
test_23,A3,test,23,5.699999809265137,56,118.21446990966797,0.9556764960289001,1.0,122.9000015258789,128.60000610351562,128.60000610351562,1145.0,True,False,0.8607158660888672,110.68806457519531,0.8764314651489258,112.709091767465,LSTM,2,48,64,0.1
test_23,A3,test,23,5.800000190734863,57,118.21446990966797,0.9548988938331604,1.0,122.80000305175781,128.60000610351562,128.60000610351562,1145.0,True,False,0.8607158660888672,110.68806457519531,0.8786163926124573,112.99007345261089,LSTM,2,48,64,0.1
test_23,A3,test,23,5.900000095367432,58,118.21446990966797,0.9541212320327759,1.0,122.69999694824219,128.60000610351562,128.60000610351562,1145.0,True,False,0.8607158660888672,110.68806457519531,0.8848328590393066,113.78951107304601,LSTM,2,48,64,0.1
test_23,A3,test,23,6.0,59,118.21446990966797,0.9533436298370361,1.0,122.5999984741211,128.60000610351562,128.60000610351562,1145.0,True,False,0.8607158660888672,110.68806457519531,0.8857861161231995,113.91209993985285,LSTM,2,48,64,0.1
test_23,A3,test,23,6.099999904632568,60,118.21446990966797,0.9525660276412964,1.0,122.5,128.60000610351562,128.60000610351562,1145.0,True,False,0.8607158660888672,110.68806457519531,0.8794660568237305,113.09934027536656,LSTM,2,48,64,0.1
test_23,A3,test,23,6.199999809265137,61,118.21446990966797,0.9517884850502014,1.0,122.4000015258789,128.60000610351562,128.60000610351562,1145.0,True,False,0.8607158660888672,110.68806457519531,0.8767920136451721,112.75545830628289,LSTM,2,48,64,0.1
test_23,A3,test,23,6.300000190734863,62,118.21446990966797,0.9510108828544617,1.0,122.30000305175781,128.60000610351562,128.60000610351562,1145.0,True,False,0.8607158660888672,110.68806457519531,0.8753032684326172,112.56400566286175,LSTM,2,48,64,0.1
test_23,A3,test,23,6.400000095367432,63,118.21446990966797,0.9502332210540771,1.0,122.19999694824219,128.60000610351562,128.60000610351562,1145.0,True,False,0.8607158660888672,110.68806457519531,0.8779281377792358,112.90156387685784,LSTM,2,48,64,0.1
test_23,A3,test,23,6.5,64,118.21446990966797,0.9494556188583374,1.0,122.0999984741211,128.60000610351562,128.60000610351562,1145.0,True,False,0.8607158660888672,110.68806457519531,0.8785545825958252,112.98212468409474,LSTM,2,48,64,0.1
test_23,A3,test,23,6.599999904632568,65,118.21446990966797,0.9486780166625977,1.0,122.0,128.60000610351562,128.60000610351562,1145.0,True,False,0.8607158660888672,110.68806457519531,0.876442551612854,112.71051748679383,LSTM,2,48,64,0.1
test_23,A3,test,23,6.699999809265137,66,118.21446990966797,0.9479004144668579,1.0,121.9000015258789,128.60000610351562,128.60000610351562,1145.0,True,False,0.8607158660888672,110.68806457519531,0.8701069951057434,111.89576488131024,LSTM,2,48,64,0.1
test_23,A3,test,23,6.800000190734863,67,118.21446990966797,0.9471228122711182,1.0,121.80000305175781,128.60000610351562,128.60000610351562,1145.0,True,False,0.8607158660888672,110.68806457519531,0.8689903616905212,111.75216581729728,LSTM,2,48,64,0.1
test_23,A3,test,23,6.900000095367432,68,118.21446990966797,0.9463452100753784,1.0,121.69999694824219,128.60000610351562,128.60000610351562,1145.0,True,False,0.8607158660888672,110.68806457519531,0.8665516376495361,111.4385458907418,LSTM,2,48,64,0.1
test_23,A3,test,23,7.0,69,118.21446990966797,0.9455676078796387,1.0,121.5999984741211,128.60000610351562,128.60000610351562,1145.0,True,False,0.8607158660888672,110.68806457519531,0.8642822504043579,111.14670267716065,LSTM,2,48,64,0.1
test_23,A3,test,23,7.099999904632568,70,118.21446990966797,0.9447900056838989,1.0,121.5,128.60000610351562,128.60000610351562,1145.0,True,False,0.8602496385574341,110.62810516357422,0.8602496385574341,110.62810876903313,LSTM,2,48,64,0.1
test_23,A3,test,23,7.199999809265137,71,118.21446990966797,0.9440124034881592,1.0,121.4000015258789,128.60000610351562,128.60000610351562,1145.0,True,False,0.8590924739837646,110.47929382324219,0.8590924739837646,110.47929739779647,LSTM,2,48,64,0.1
test_23,A3,test,23,7.300000190734863,72,118.21446990966797,0.9432348012924194,1.0,121.30000305175781,128.60000610351562,128.60000610351562,1145.0,True,False,0.8590924739837646,110.47929382324219,0.8617405891418457,110.81984502328851,LSTM,2,48,64,0.1
test_23,A3,test,23,7.400000095367432,73,118.21446990966797,0.9424571394920349,1.0,121.19999694824219,128.60000610351562,128.60000610351562,1145.0,True,False,0.8590924739837646,110.47929382324219,0.8618184924125671,110.82986338437877,LSTM,2,48,64,0.1
test_23,A3,test,23,7.5,74,118.21446990966797,0.9416795969009399,1.0,121.0999984741211,128.60000610351562,128.60000610351562,1145.0,True,False,0.8590924739837646,110.47929382324219,0.8653507232666016,111.28410829376662,LSTM,2,48,64,0.1
test_23,A3,test,23,7.599999904632568,75,118.21446990966797,0.9409019947052002,1.0,121.0,128.60000610351562,128.60000610351562,1145.0,True,False,0.8590924739837646,110.47929382324219,0.8667338490486145,111.46197827777542,LSTM,2,48,64,0.1
test_23,A3,test,23,7.699999809265137,76,118.21446990966797,0.9401243925094604,1.0,120.9000015258789,128.60000610351562,128.60000610351562,1145.0,True,False,0.8590924739837646,110.47929382324219,0.867056131362915,111.50342378536152,LSTM,2,48,64,0.1
test_23,A3,test,23,7.800000190734863,77,118.21446990966797,0.9393467903137207,1.0,120.80000305175781,128.60000610351562,128.60000610351562,1145.0,True,False,0.8590924739837646,110.47929382324219,0.8701375126838684,111.89968944204338,LSTM,2,48,64,0.1
test_23,A3,test,23,7.900000095367432,78,118.21446990966797,0.9385691285133362,1.0,120.69999694824219,128.60000610351562,128.60000610351562,1145.0,True,False,0.8590924739837646,110.47929382324219,0.8672990798950195,111.534666968073,LSTM,2,48,64,0.1
test_23,A3,test,23,8.0,79,118.21446990966797,0.9377915263175964,1.0,120.5999984741211,128.60000610351562,128.60000610351562,1145.0,True,False,0.8590924739837646,110.47929382324219,0.8713357448577881,112.05378210692288,LSTM,2,48,64,0.1
test_23,A3,test,23,8.100000381469727,80,118.21446990966797,0.9370139241218567,1.0,120.5,128.60000610351562,128.60000610351562,1145.0,True,False,0.8590924739837646,110.47929382324219,0.8705268502235413,111.94975825202164,LSTM,2,48,64,0.1
test_23,A3,test,23,8.199999809265137,81,118.21446990966797,0.9362363815307617,1.0,120.4000015258789,128.60000610351562,128.60000610351562,1145.0,True,False,0.8590924739837646,110.47929382324219,0.8709226250648499,112.00065489902954,LSTM,2,48,64,0.1
test_23,A3,test,23,8.300000190734863,82,118.21446990966797,0.935458779335022,1.0,120.30000305175781,128.60000610351562,128.60000610351562,1145.0,True,False,0.8590924739837646,110.47929382324219,0.8706845045089722,111.9700325940903,LSTM,2,48,64,0.1
test_23,A3,test,23,8.399999618530273,83,118.21446990966797,0.9346811175346375,1.0,120.19999694824219,128.60000610351562,128.60000610351562,1145.0,True,False,0.8590924739837646,110.47929382324219,0.8702682256698608,111.91649913283982,LSTM,2,48,64,0.1
test_23,A3,test,23,8.5,84,118.21446990966797,0.9339035153388977,1.0,120.0999984741211,128.60000610351562,128.60000610351562,1145.0,True,False,0.8590924739837646,110.47929382324219,0.8703474998474121,111.92669379255676,LSTM,2,48,64,0.1
test_23,A3,test,23,8.600000381469727,85,118.21446990966797,0.933125913143158,1.0,120.0,128.60000610351562,128.60000610351562,1145.0,True,False,0.8590924739837646,110.47929382324219,0.8704266548156738,111.93687312195834,LSTM,2,48,64,0.1
test_23,A3,test,23,8.699999809265137,86,118.21446990966797,0.9323483109474182,1.0,119.9000015258789,128.60000610351562,128.60000610351562,1145.0,True,False,0.8590924739837646,110.47929382324219,0.8708513379096985,111.99148737044197,LSTM,2,48,64,0.1
test_23,A3,test,23,8.800000190734863,87,118.21446990966797,0.9315707683563232,1.0,119.80000305175781,128.60000610351562,128.60000610351562,1145.0,True,False,0.8590924739837646,110.47929382324219,0.8721215128898621,112.15483188064354,LSTM,2,48,64,0.1
test_23,A3,test,23,8.899999618530273,88,118.21446990966797,0.9307931065559387,1.0,119.69999694824219,128.60000610351562,128.60000610351562,1145.0,True,False,0.8590924739837646,110.47929382324219,0.8679207563400269,111.61461456269535,LSTM,2,48,64,0.1
test_23,A3,test,23,9.0,89,118.21446990966797,0.930015504360199,1.0,119.5999984741211,128.60000610351562,128.60000610351562,1145.0,True,False,0.8590924739837646,110.47929382324219,0.8670179843902588,111.4985180844451,LSTM,2,48,64,0.1
test_23,A3,test,23,9.100000381469727,90,118.21446990966797,0.9292379021644592,1.0,119.5,128.60000610351562,128.60000610351562,1145.0,True,False,0.8590924739837646,110.47929382324219,0.8674566745758057,111.55493364498398,LSTM,2,48,64,0.1
test_23,A3,test,23,9.199999809265137,91,118.21446990966797,0.9284602999687195,1.0,119.4000015258789,128.60000610351562,128.60000610351562,1145.0,True,False,0.8590924739837646,110.47929382324219,0.8647155165672302,111.20242070835047,LSTM,2,48,64,0.1
test_23,A3,test,23,9.300000190734863,92,118.21446990966797,0.9276826977729797,1.0,119.30000305175781,128.60000610351562,128.60000610351562,1145.0,True,False,0.8590924739837646,110.47929382324219,0.8637375235557556,111.07665080110564,LSTM,2,48,64,0.1
test_23,A3,test,23,9.399999618530273,93,118.21446990966797,0.9269050359725952,1.0,119.19999694824219,128.60000610351562,128.60000610351562,1145.0,True,False,0.8590924739837646,110.47929382324219,0.8668278455734253,111.47406623143979,LSTM,2,48,64,0.1
test_23,A3,test,23,9.5,94,118.21446990966797,0.9261274933815002,1.0,119.0999984741211,128.60000610351562,128.60000610351562,1145.0,True,False,0.8590924739837646,110.47929382324219,0.8661115169525146,111.38194636641856,LSTM,2,48,64,0.1
test_23,A3,test,23,9.600000381469727,95,118.21446990966797,0.9253498911857605,1.0,119.0,128.60000610351562,128.60000610351562,1145.0,True,False,0.8590924739837646,110.47929382324219,0.8644891381263733,111.17330843947457,LSTM,2,48,64,0.1
test_23,A3,test,23,9.699999809265137,96,118.21446990966797,0.9245722889900208,1.0,118.9000015258789,128.60000610351562,128.60000610351562,1145.0,True,False,0.8590924739837646,110.47929382324219,0.8662030696868896,111.39372004861798,LSTM,2,48,64,0.1
test_23,A3,test,23,9.800000190734863,97,118.21446990966797,0.923794686794281,1.0,118.80000305175781,128.60000610351562,128.60000610351562,1145.0,True,False,0.8590924739837646,110.47929382324219,0.8642892837524414,111.14760716576711,LSTM,2,48,64,0.1
test_23,A3,test,23,9.899999618530273,98,118.21446990966797,0.9230170249938965,1.0,118.69999694824219,128.60000610351562,128.60000610351562,1145.0,True,False,0.8590924739837646,110.47929382324219,0.8648025393486023,111.21361183856607,LSTM,2,48,64,0.1
test_23,A3,test,23,10.0,99,118.21446990966797,0.9222394227981567,1.0,118.5999984741211,128.60000610351562,128.60000610351562,1145.0,True,False,0.8590924739837646,110.47929382324219,0.864994466304779,111.23829364630183,LSTM,2,48,64,0.1
test_23,A3,test,23,10.100000381469727,100,118.21446990966797,0.9214618802070618,1.0,118.5,128.60000610351562,128.60000610351562,1145.0,True,False,0.8590924739837646,110.47929382324219,0.8622938990592957,110.89100068204971,LSTM,2,48,64,0.1
test_23,A3,test,23,10.199999809265137,101,118.21446990966797,0.920684278011322,1.0,118.4000015258789,128.60000610351562,128.60000610351562,1145.0,True,False,0.8590924739837646,110.47929382324219,0.8619240522384644,110.84343837863344,LSTM,2,48,64,0.1
test_23,A3,test,23,10.300000190734863,102,118.21446990966797,0.9199066758155823,1.0,118.30000305175781,128.60000610351562,128.60000610351562,1145.0,True,False,0.8590924739837646,110.47929382324219,0.86082923412323,110.70264476233206,LSTM,2,48,64,0.1
test_23,A3,test,23,10.399999618530273,103,118.21446990966797,0.9191290140151978,1.0,118.19999694824219,128.60000610351562,128.60000610351562,1145.0,True,False,0.8590924739837646,110.47929382324219,0.8617432117462158,110.82018229022651,LSTM,2,48,64,0.1
test_23,A3,test,23,10.5,104,118.21446990966797,0.918351411819458,1.0,118.0999984741211,128.60000610351562,128.60000610351562,1145.0,True,False,0.8590924739837646,110.47929382324219,0.8620197772979736,110.85574862187059,LSTM,2,48,64,0.1
test_23,A3,test,23,10.600000381469727,105,118.21446990966797,0.9175738096237183,1.0,118.0,128.60000610351562,128.60000610351562,1145.0,True,False,0.8590924739837646,110.47929382324219,0.862394392490387,110.90392413790141,LSTM,2,48,64,0.1
test_23,A3,test,23,10.699999809265137,106,118.21446990966797,0.9167962074279785,1.0,117.9000015258789,128.60000610351562,128.60000610351562,1145.0,True,False,0.8590924739837646,110.47929382324219,0.8599222898483276,110.58601172304407,LSTM,2,48,64,0.1
test_23,A3,test,23,10.800000190734863,107,118.21446990966797,0.9160186648368835,1.0,117.80000305175781,128.60000610351562,128.60000610351562,1145.0,True,False,0.8590924739837646,110.47929382324219,0.8594698905944824,110.52783317623835,LSTM,2,48,64,0.1
test_23,A3,test,23,10.899999618530273,108,118.21446990966797,0.915241003036499,1.0,117.69999694824219,128.60000610351562,128.60000610351562,1145.0,True,False,0.8590924739837646,110.47929382324219,0.8629137873649597,110.9707183219416,LSTM,2,48,64,0.1
test_23,A3,test,23,11.0,109,118.21446990966797,0.9144634008407593,1.0,117.5999984741211,128.60000610351562,128.60000610351562,1145.0,True,False,0.8590924739837646,110.47929382324219,0.8618487119674683,110.8337496193235,LSTM,2,48,64,0.1
test_23,A3,test,23,11.100000381469727,110,118.21446990966797,0.9136857986450195,1.0,117.5,128.60000610351562,128.60000610351562,1145.0,True,False,0.8590924739837646,110.47929382324219,0.8591640591621399,110.48850325217245,LSTM,2,48,64,0.1
test_23,A3,test,23,11.199999809265137,111,118.21446990966797,0.9129081964492798,1.0,117.4000015258789,128.60000610351562,128.60000610351562,1145.0,True,False,0.8578359484672546,110.31771087646484,0.8578359484672546,110.31770820870406,LSTM,2,48,64,0.1
test_23,A3,test,23,11.300000190734863,112,118.21446990966797,0.91213059425354,1.0,117.30000305175781,128.60000610351562,128.60000610351562,1145.0,True,False,0.8568448424339294,110.19025421142578,0.8568448424339294,110.19025196676921,LSTM,2,48,64,0.1
test_23,A3,test,23,11.399999618530273,113,118.21446990966797,0.9113529920578003,1.0,117.19999694824219,128.60000610351562,128.60000610351562,1145.0,True,False,0.8568448424339294,110.19025421142578,0.8581218123435974,110.35447030494652,LSTM,2,48,64,0.1
test_23,A3,test,23,11.5,114,118.21446990966797,0.9105753898620605,1.0,117.0999984741211,128.60000610351562,128.60000610351562,1145.0,True,False,0.8523783683776855,109.61585998535156,0.8523783683776855,109.61586337587505,LSTM,2,48,64,0.1
test_23,A3,test,23,11.600000381469727,115,118.21446990966797,0.9097977876663208,1.0,117.0,128.60000610351562,128.60000610351562,1145.0,True,False,0.8515770435333252,109.51280975341797,0.8515770435333252,109.51281299599941,LSTM,2,48,64,0.1
test_23,A3,test,23,11.699999809265137,116,118.21446990966797,0.909020185470581,1.0,116.9000015258789,128.60000610351562,128.60000610351562,1145.0,True,False,0.8515355587005615,109.50747680664062,0.8515355587005615,109.5074780462528,LSTM,2,48,64,0.1
test_23,A3,test,23,11.800000190734863,117,118.21446990966797,0.9082425832748413,1.0,116.80000305175781,128.60000610351562,128.60000610351562,1145.0,True,False,0.8515355587005615,109.50747680664062,0.8531860113143921,109.71972626246497,LSTM,2,48,64,0.1
test_23,A3,test,23,11.899999618530273,118,118.21446990966797,0.9074649214744568,1.0,116.69999694824219,128.60000610351562,128.60000610351562,1145.0,True,False,0.8515355587005615,109.50747680664062,0.8518509864807129,109.54804206070548,LSTM,2,48,64,0.1
test_23,A3,test,23,12.0,119,118.21446990966797,0.906687319278717,1.0,116.5999984741211,128.60000610351562,128.60000610351562,1145.0,True,False,0.8515355587005615,109.50747680664062,0.8515655994415283,109.51134128572448,LSTM,2,48,64,0.1
test_23,A3,test,23,12.100000381469727,120,118.21446990966797,0.9059097766876221,1.0,116.5,128.60000610351562,128.60000610351562,1145.0,True,False,0.8515355587005615,109.50747680664062,0.8520719408988953,109.57645680023234,LSTM,2,48,64,0.1
test_23,A3,test,23,12.199999809265137,121,118.21446990966797,0.9051321744918823,1.0,116.4000015258789,128.60000610351562,128.60000610351562,1145.0,True,False,0.8514508008956909,109.49657440185547,0.8514508008956909,109.49657819202912,LSTM,2,48,64,0.1
test_23,A3,test,23,12.300000190734863,122,118.21446990966797,0.9043545722961426,1.0,116.30000305175781,128.60000610351562,128.60000610351562,1145.0,True,False,0.850150465965271,109.32935333251953,0.850150465965271,109.3293551120405,LSTM,2,48,64,0.1
test_23,A3,test,23,12.399999618530273,123,118.21446990966797,0.9035769104957581,1.0,116.19999694824219,128.60000610351562,128.60000610351562,1145.0,True,False,0.8454810380935669,108.72886657714844,0.8454810380935669,108.72886665923943,LSTM,2,48,64,0.1
test_23,A3,test,23,12.5,124,118.21446990966797,0.9027993083000183,1.0,116.0999984741211,128.60000610351562,128.60000610351562,1145.0,True,False,0.8454810380935669,108.72886657714844,0.8461810350418091,108.81888627105582,LSTM,2,48,64,0.1
test_23,A3,test,23,12.600000381469727,125,118.21446990966797,0.9020217061042786,1.0,116.0,128.60000610351562,128.60000610351562,1145.0,True,False,0.8423589468002319,108.32736206054688,0.8423589468002319,108.32736569986082,LSTM,2,48,64,0.1
test_23,A3,test,23,12.699999809265137,126,118.21446990966797,0.9012441635131836,1.0,115.9000015258789,128.60000610351562,128.60000610351562,1145.0,True,False,0.8401873111724854,108.048095703125,0.8401873111724854,108.048093344878,LSTM,2,48,64,0.1
test_23,A3,test,23,12.800000190734863,127,118.21446990966797,0.9004665613174438,1.0,115.80000305175781,128.60000610351562,128.60000610351562,1145.0,True,False,0.8393006324768066,107.93406677246094,0.8393006324768066,107.93406645920186,LSTM,2,48,64,0.1
test_23,A3,test,23,12.899999618530273,128,118.21446990966797,0.8996888995170593,1.0,115.69999694824219,128.60000610351562,128.60000610351562,1145.0,True,False,0.8393006324768066,107.93406677246094,0.8403429388999939,108.06810707158547,LSTM,2,48,64,0.1
test_23,A3,test,23,13.0,129,118.21446990966797,0.8989112973213196,1.0,115.5999984741211,128.60000610351562,128.60000610351562,1145.0,True,False,0.839136004447937,107.91289520263672,0.839136004447937,107.91289529368441,LSTM,2,48,64,0.1
test_23,A3,test,23,13.100000381469727,130,118.21446990966797,0.8981336951255798,1.0,115.5,128.60000610351562,128.60000610351562,1145.0,True,False,0.839136004447937,107.91289520263672,0.8395549058914185,107.9667660218729,LSTM,2,48,64,0.1
test_23,A3,test,23,13.199999809265137,131,118.21446990966797,0.8973560929298401,1.0,115.4000015258789,128.60000610351562,128.60000610351562,1145.0,True,False,0.8379008769989014,107.75405883789062,0.8379008769989014,107.75405789619981,LSTM,2,48,64,0.1
test_23,A3,test,23,13.300000190734863,132,118.21446990966797,0.8965784907341003,1.0,115.30000305175781,128.60000610351562,128.60000610351562,1145.0,True,False,0.8351102471351624,107.39517974853516,0.8351102471351624,107.39518287869032,LSTM,2,48,64,0.1
test_23,A3,test,23,13.399999618530273,133,118.21446990966797,0.8958008885383606,1.0,115.19999694824219,128.60000610351562,128.60000610351562,1145.0,True,False,0.8351102471351624,107.39517974853516,0.8379145264625549,107.75581321730897,LSTM,2,48,64,0.1
test_23,A3,test,23,13.5,134,118.21446990966797,0.8950232863426208,1.0,115.0999984741211,128.60000610351562,128.60000610351562,1145.0,True,False,0.8347325325012207,107.34661102294922,0.8347325325012207,107.34660877446004,LSTM,2,48,64,0.1
test_23,A3,test,23,13.600000381469727,135,118.21446990966797,0.8942456841468811,1.0,115.0,128.60000610351562,128.60000610351562,1145.0,True,False,0.8341792225837708,107.27545166015625,0.8341792225837708,107.27545311569884,LSTM,2,48,64,0.1
test_23,A3,test,23,13.699999809265137,136,118.21446990966797,0.8934680819511414,1.0,114.9000015258789,128.60000610351562,128.60000610351562,1145.0,True,False,0.8341792225837708,107.27545166015625,0.8357725143432617,107.48035044569406,LSTM,2,48,64,0.1
test_23,A3,test,23,13.800000190734863,137,118.21446990966797,0.8926904797554016,1.0,114.80000305175781,128.60000610351562,128.60000610351562,1145.0,True,False,0.8341792225837708,107.27545166015625,0.8343063592910767,107.29180289703436,LSTM,2,48,64,0.1
test_23,A3,test,23,13.899999618530273,138,118.21446990966797,0.8919128179550171,1.0,114.69999694824219,128.60000610351562,128.60000610351562,1145.0,True,False,0.8341792225837708,107.27545166015625,0.835647463798523,107.4642689448774,LSTM,2,48,64,0.1
test_23,A3,test,23,14.0,139,118.21446990966797,0.8911352753639221,1.0,114.5999984741211,128.60000610351562,128.60000610351562,1145.0,True,False,0.8336531519889832,107.20780181884766,0.8336531519889832,107.20780043399827,LSTM,2,48,64,0.1
test_23,A3,test,23,14.100000381469727,140,118.21446990966797,0.8903576731681824,1.0,114.5,128.60000610351562,128.60000610351562,1145.0,True,False,0.8318997621536255,106.98231506347656,0.8318997621536255,106.98231449046943,LSTM,2,48,64,0.1
test_23,A3,test,23,14.199999809265137,141,118.21446990966797,0.8895800709724426,1.0,114.4000015258789,128.60000610351562,128.60000610351562,1145.0,True,False,0.8318997621536255,106.98231506347656,0.8331025838851929,107.13699737249044,LSTM,2,48,64,0.1
test_23,A3,test,23,14.300000190734863,142,118.21446990966797,0.8888024687767029,1.0,114.30000305175781,128.60000610351562,128.60000610351562,1145.0,True,False,0.8318997621536255,106.98231506347656,0.8340857028961182,107.26342648329592,LSTM,2,48,64,0.1
test_23,A3,test,23,14.399999618530273,143,118.21446990966797,0.8880248069763184,1.0,114.19999694824219,128.60000610351562,128.60000610351562,1145.0,True,False,0.8318997621536255,106.98231506347656,0.8342068791389465,107.27900974886325,LSTM,2,48,64,0.1
test_23,A3,test,23,14.5,144,118.21446990966797,0.8872472047805786,1.0,114.0999984741211,128.60000610351562,128.60000610351562,1145.0,True,False,0.8318997621536255,106.98231506347656,0.8331378698348999,107.14153514583813,LSTM,2,48,64,0.1
test_23,A3,test,23,14.600000381469727,145,118.21446990966797,0.8864696025848389,1.0,114.0,128.60000610351562,128.60000610351562,1145.0,True,False,0.8305767774581909,106.81217956542969,0.8305767774581909,106.81217865056169,LSTM,2,48,64,0.1
test_23,A3,test,23,14.699999809265137,146,118.21446990966797,0.8856920599937439,1.0,113.9000015258789,128.60000610351562,128.60000610351562,1145.0,True,False,0.8305767774581909,106.81217956542969,0.8335362672805786,107.19276905978404,LSTM,2,48,64,0.1
test_23,A3,test,23,14.800000190734863,147,118.21446990966797,0.8849144577980042,1.0,113.80000305175781,128.60000610351562,128.60000610351562,1145.0,True,False,0.8305767774581909,106.81217956542969,0.8309003114700317,106.85378512645912,LSTM,2,48,64,0.1
test_23,A3,test,23,14.899999618530273,148,118.21446990966797,0.8841367959976196,1.0,113.69999694824219,128.60000610351562,128.60000610351562,1145.0,True,False,0.8305767774581909,106.81217956542969,0.8310462832450867,106.87255709762212,LSTM,2,48,64,0.1
test_23,A3,test,23,15.0,149,118.21446990966797,0.8833591938018799,1.0,113.5999984741211,128.60000610351562,128.60000610351562,1145.0,True,False,0.8305767774581909,106.81217956542969,0.8338329195976257,107.23091854956692,LSTM,2,48,64,0.1
test_23,A3,test,23,15.100000381469727,150,118.21446990966797,0.8825815916061401,1.0,113.5,128.60000610351562,128.60000610351562,1145.0,True,False,0.8305767774581909,106.81217956542969,0.833604633808136,107.2015609956452,LSTM,2,48,64,0.1
test_23,A3,test,23,15.199999809265137,151,118.21446990966797,0.8818039894104004,1.0,113.4000015258789,128.60000610351562,128.60000610351562,1145.0,True,False,0.8305767774581909,106.81217956542969,0.8312125205993652,106.89393522239698,LSTM,2,48,64,0.1
test_23,A3,test,23,15.300000190734863,152,118.21446990966797,0.8810264468193054,1.0,113.30000305175781,128.60000610351562,128.60000610351562,1145.0,True,False,0.8305767774581909,106.81217956542969,0.832257091999054,107.0282671107725,LSTM,2,48,64,0.1
test_23,A3,test,23,15.399999618530273,153,118.21446990966797,0.8802487850189209,1.0,113.19999694824219,128.60000610351562,128.60000610351562,1145.0,True,False,0.8305767774581909,106.81217956542969,0.8315625190734863,106.93894502830517,LSTM,2,48,64,0.1
test_23,A3,test,23,15.5,154,118.21446990966797,0.8794711828231812,1.0,113.0999984741211,128.60000610351562,128.60000610351562,1145.0,True,False,0.8305767774581909,106.81217956542969,0.8331506848335266,107.14318315473975,LSTM,2,48,64,0.1
test_23,A3,test,23,15.600000381469727,155,118.21446990966797,0.8786935806274414,1.0,113.0,128.60000610351562,128.60000610351562,1145.0,True,False,0.8303313255310059,106.7806167602539,0.8303313255310059,106.78061353122757,LSTM,2,48,64,0.1
test_23,A3,test,23,15.699999809265137,156,118.21446990966797,0.8779159784317017,1.0,112.9000015258789,128.60000610351562,128.60000610351562,1145.0,True,False,0.8303313255310059,106.7806167602539,0.8330028057098389,107.12416589853092,LSTM,2,48,64,0.1
test_23,A3,test,23,15.800000190734863,157,118.21446990966797,0.8771383762359619,1.0,112.80000305175781,128.60000610351562,128.60000610351562,1145.0,True,False,0.8303313255310059,106.7806167602539,0.8350538611412048,107.38793163952323,LSTM,2,48,64,0.1
test_23,A3,test,23,15.899999618530273,158,118.21446990966797,0.8763607144355774,1.0,112.69999694824219,128.60000610351562,128.60000610351562,1145.0,True,False,0.8303313255310059,106.7806167602539,0.8375624418258667,107.71053513088191,LSTM,2,48,64,0.1
test_23,A3,test,23,16.0,159,118.21446990966797,0.8755831718444824,1.0,112.5999984741211,128.60000610351562,128.60000610351562,1145.0,True,False,0.8303313255310059,106.7806167602539,0.8402751684188843,108.05939178730114,LSTM,2,48,64,0.1
test_23,A3,test,23,16.100000381469727,160,118.21446990966797,0.8748055696487427,1.0,112.5,128.60000610351562,128.60000610351562,1145.0,True,False,0.8303313255310059,106.7806167602539,0.8412162661552429,108.18041696194086,LSTM,2,48,64,0.1
test_23,A3,test,23,16.200000762939453,161,118.21446990966797,0.8740279674530029,1.0,112.4000015258789,128.60000610351562,128.60000610351562,1145.0,True,False,0.8303313255310059,106.7806167602539,0.8406388759613037,108.10616457947617,LSTM,2,48,64,0.1
test_23,A3,test,23,16.299999237060547,162,118.21446990966797,0.8732503652572632,1.0,112.30000305175781,128.60000610351562,128.60000610351562,1145.0,True,False,0.8303313255310059,106.7806167602539,0.8405561447143555,108.09552534061368,LSTM,2,48,64,0.1
test_23,A3,test,23,16.399999618530273,163,118.21446990966797,0.8724727034568787,1.0,112.19999694824219,128.60000610351562,128.60000610351562,1145.0,True,False,0.8303313255310059,106.7806167602539,0.8392046689987183,107.92172555533398,LSTM,2,48,64,0.1
test_23,A3,test,23,16.5,164,118.21446990966797,0.8716951012611389,1.0,112.0999984741211,128.60000610351562,128.60000610351562,1145.0,True,False,0.8303313255310059,106.7806167602539,0.8380277156829834,107.77036935174692,LSTM,2,48,64,0.1
test_23,A3,test,23,16.600000381469727,165,118.21446990966797,0.870917558670044,1.0,112.0,128.60000610351562,128.60000610351562,1145.0,True,False,0.8303313255310059,106.7806167602539,0.836345911026001,107.55408926259406,LSTM,2,48,64,0.1
test_23,A3,test,23,16.700000762939453,166,118.21446990966797,0.8701399564743042,1.0,111.9000015258789,128.60000610351562,128.60000610351562,1145.0,True,False,0.8303313255310059,106.7806167602539,0.8361657857894897,107.53092515607932,LSTM,2,48,64,0.1
test_23,A3,test,23,16.799999237060547,167,118.21446990966797,0.8693623542785645,1.0,111.80000305175781,128.60000610351562,128.60000610351562,1145.0,True,False,0.8303313255310059,106.7806167602539,0.8373625874519348,107.68483385717445,LSTM,2,48,64,0.1
test_23,A3,test,23,16.899999618530273,168,118.21446990966797,0.8685846924781799,1.0,111.69999694824219,128.60000610351562,128.60000610351562,1145.0,True,False,0.8303313255310059,106.7806167602539,0.8390204906463623,107.89804021809687,LSTM,2,48,64,0.1
test_23,A3,test,23,17.0,169,118.21446990966797,0.8678070902824402,1.0,111.5999984741211,128.60000610351562,128.60000610351562,1145.0,True,False,0.8303313255310059,106.7806167602539,0.840227484703064,108.05325966115561,LSTM,2,48,64,0.1
test_23,A3,test,23,17.100000381469727,170,118.21446990966797,0.8670294880867004,1.0,111.5,128.60000610351562,128.60000610351562,1145.0,True,False,0.8303313255310059,106.7806167602539,0.8391169309616089,107.9104424432262,LSTM,2,48,64,0.1
test_23,A3,test,23,17.200000762939453,171,118.21446990966797,0.8662518858909607,1.0,111.4000015258789,128.60000610351562,128.60000610351562,1145.0,True,False,0.8303313255310059,106.7806167602539,0.8370208740234375,107.64088950818405,LSTM,2,48,64,0.1
test_23,A3,test,23,17.299999237060547,172,118.21446990966797,0.8654743432998657,1.0,111.30000305175781,128.60000610351562,128.60000610351562,1145.0,True,False,0.8303313255310059,106.7806167602539,0.8357874155044556,107.48226673511454,LSTM,2,48,64,0.1
test_23,A3,test,23,17.399999618530273,173,118.21446990966797,0.8646966814994812,1.0,111.19999694824219,128.60000610351562,128.60000610351562,1145.0,True,False,0.8303313255310059,106.7806167602539,0.835666835308075,107.46676012112403,LSTM,2,48,64,0.1
test_23,A3,test,23,17.5,174,118.21446990966797,0.8639190793037415,1.0,111.0999984741211,128.60000610351562,128.60000610351562,1145.0,True,False,0.8303313255310059,106.7806167602539,0.8349187970161438,107.37056239221602,LSTM,2,48,64,0.1
test_23,A3,test,23,17.600000381469727,175,118.21446990966797,0.8631414771080017,1.0,111.0,128.60000610351562,128.60000610351562,1145.0,True,False,0.8303313255310059,106.7806167602539,0.8357021808624268,107.4713055596294,LSTM,2,48,64,0.1
test_23,A3,test,23,17.700000762939453,176,118.21446990966797,0.862363874912262,1.0,110.9000015258789,128.60000610351562,128.60000610351562,1145.0,True,False,0.8303313255310059,106.7806167602539,0.8316149711608887,106.94569036706525,LSTM,2,48,64,0.1
test_23,A3,test,23,17.799999237060547,177,118.21446990966797,0.8615862727165222,1.0,110.80000305175781,128.60000610351562,128.60000610351562,1145.0,True,False,0.8299682140350342,106.73391723632812,0.8299682140350342,106.73391739062936,LSTM,2,48,64,0.1
test_23,A3,test,23,17.899999618530273,178,118.21446990966797,0.8608086705207825,1.0,110.69999694824219,128.60000610351562,128.60000610351562,1145.0,True,False,0.8269001245498657,106.33936309814453,0.8269001245498657,106.33936106411056,LSTM,2,48,64,0.1
test_23,A3,test,23,18.0,179,118.21446990966797,0.8600310683250427,1.0,110.5999984741211,128.60000610351562,128.60000610351562,1145.0,True,False,0.8269001245498657,106.33936309814453,0.8281896114349365,106.50518908540107,LSTM,2,48,64,0.1
test_23,A3,test,23,18.100000381469727,180,118.21446990966797,0.859253466129303,1.0,110.5,128.60000610351562,128.60000610351562,1145.0,True,False,0.826393723487854,106.27423858642578,0.826393723487854,106.27423788444503,LSTM,2,48,64,0.1
test_23,A3,test,23,18.200000762939453,181,118.21446990966797,0.8584758639335632,1.0,110.4000015258789,128.60000610351562,128.60000610351562,1145.0,True,False,0.826393723487854,106.27423858642578,0.8267716765403748,106.32284264930604,LSTM,2,48,64,0.1
test_23,A3,test,23,18.299999237060547,182,118.21446990966797,0.8576982617378235,1.0,110.30000305175781,128.60000610351562,128.60000610351562,1145.0,True,False,0.826393723487854,106.27423858642578,0.828563928604126,106.55332627564349,LSTM,2,48,64,0.1
test_23,A3,test,23,18.399999618530273,183,118.21446990966797,0.856920599937439,1.0,110.19999694824219,128.60000610351562,128.60000610351562,1145.0,True,False,0.8248014450073242,106.06947326660156,0.8248014450073242,106.0694708621304,LSTM,2,48,64,0.1
test_23,A3,test,23,18.5,184,118.21446990966797,0.8561429977416992,1.0,110.0999984741211,128.60000610351562,128.60000610351562,1145.0,True,False,0.8248014450073242,106.06947326660156,0.825659453868866,106.17981080696154,LSTM,2,48,64,0.1
test_23,A3,test,23,18.600000381469727,185,118.21446990966797,0.8553654551506042,1.0,110.0,128.60000610351562,128.60000610351562,1145.0,True,False,0.8244561553001404,106.02507019042969,0.8244561553001404,106.02506660367908,LSTM,2,48,64,0.1
test_23,A3,test,23,18.700000762939453,186,118.21446990966797,0.8545878529548645,1.0,109.9000015258789,128.60000610351562,128.60000610351562,1145.0,True,False,0.8237503170967102,105.93429565429688,0.8237503170967102,105.93429580640986,LSTM,2,48,64,0.1
test_23,A3,test,23,18.799999237060547,187,118.21446990966797,0.8538102507591248,1.0,109.80000305175781,128.60000610351562,128.60000610351562,1145.0,True,False,0.8237503170967102,105.93429565429688,0.8253210186958313,106.13628804164364,LSTM,2,48,64,0.1
test_23,A3,test,23,18.899999618530273,188,118.21446990966797,0.8530325889587402,1.0,109.69999694824219,128.60000610351562,128.60000610351562,1145.0,True,False,0.8237503170967102,105.93429565429688,0.8273319602012634,106.39489513151602,LSTM,2,48,64,0.1
test_23,A3,test,23,19.0,189,118.21446990966797,0.8522549867630005,1.0,109.5999984741211,128.60000610351562,128.60000610351562,1145.0,True,False,0.8237503170967102,105.93429565429688,0.8247859477996826,106.0674779211331,LSTM,2,48,64,0.1
test_23,A3,test,23,19.100000381469727,190,118.21446990966797,0.8514773845672607,1.0,109.5,128.60000610351562,128.60000610351562,1145.0,True,False,0.8223797082901001,105.7580337524414,0.8223797082901001,105.75803550551427,LSTM,2,48,64,0.1
test_23,A3,test,23,19.200000762939453,191,118.21446990966797,0.8506998419761658,1.0,109.4000015258789,128.60000610351562,128.60000610351562,1145.0,True,False,0.8215907216072083,105.65657043457031,0.8215907216072083,105.65657181327879,LSTM,2,48,64,0.1
test_23,A3,test,23,19.299999237060547,192,118.21446990966797,0.849922239780426,1.0,109.30000305175781,128.60000610351562,128.60000610351562,1145.0,True,False,0.8215907216072083,105.65657043457031,0.8216804265975952,105.66810787559007,LSTM,2,48,64,0.1
test_23,A3,test,23,19.399999618530273,193,118.21446990966797,0.8491445779800415,1.0,109.19999694824219,128.60000610351562,128.60000610351562,1145.0,True,False,0.8194372653961182,105.379638671875,0.8194372653961182,105.37963733138895,LSTM,2,48,64,0.1
test_23,A3,test,23,19.5,194,118.21446990966797,0.8483669757843018,1.0,109.0999984741211,128.60000610351562,128.60000610351562,1145.0,True,False,0.8194372653961182,105.379638671875,0.8205488920211792,105.52259252215663,LSTM,2,48,64,0.1
test_23,A3,test,23,19.600000381469727,195,118.21446990966797,0.847589373588562,1.0,109.0,128.60000610351562,128.60000610351562,1145.0,True,False,0.8194372653961182,105.379638671875,0.8213850855827332,105.63012701927619,LSTM,2,48,64,0.1
test_23,A3,test,23,19.700000762939453,196,118.21446990966797,0.8468117713928223,1.0,108.9000015258789,128.60000610351562,128.60000610351562,1145.0,True,False,0.8190325498580933,105.32759094238281,0.8190325498580933,105.32759091072876,LSTM,2,48,64,0.1
test_23,A3,test,23,19.799999237060547,197,118.21446990966797,0.8460341691970825,1.0,108.80000305175781,128.60000610351562,128.60000610351562,1145.0,True,False,0.8190325498580933,105.32759094238281,0.8199796676635742,105.44939026629436,LSTM,2,48,64,0.1
test_23,A3,test,23,19.899999618530273,198,118.21446990966797,0.8452565670013428,1.0,108.69999694824219,128.60000610351562,128.60000610351562,1145.0,True,False,0.8190325498580933,105.32759094238281,0.8211753964424133,105.60316099455122,LSTM,2,48,64,0.1
test_23,A3,test,23,20.0,199,118.21446990966797,0.844478964805603,1.0,108.5999984741211,128.60000610351562,128.60000610351562,1145.0,True,False,0.8190325498580933,105.32759094238281,0.8190819025039673,105.33393766128938,LSTM,2,48,64,0.1
test_23,A3,test,23,20.100000381469727,200,118.21446990966797,0.8437013626098633,1.0,108.5,128.60000610351562,128.60000610351562,1145.0,True,False,0.8190325498580933,105.32759094238281,0.8210705518722534,105.58967798218873,LSTM,2,48,64,0.1
test_23,A3,test,23,20.200000762939453,201,118.21446990966797,0.8429237604141235,1.0,108.4000015258789,128.60000610351562,128.60000610351562,1145.0,True,False,0.8190325498580933,105.32759094238281,0.822380542755127,105.75814281772182,LSTM,2,48,64,0.1
test_23,A3,test,23,20.299999237060547,202,118.21446990966797,0.8421461582183838,1.0,108.30000305175781,128.60000610351562,128.60000610351562,1145.0,True,False,0.8190325498580933,105.32759094238281,0.8220610618591309,105.71705757254676,LSTM,2,48,64,0.1
test_23,A3,test,23,20.399999618530273,203,118.21446990966797,0.8413684964179993,1.0,108.19999694824219,128.60000610351562,128.60000610351562,1145.0,True,False,0.8190325498580933,105.32759094238281,0.8272780179977417,106.38795816381389,LSTM,2,48,64,0.1
test_23,A3,test,23,20.5,204,118.21446990966797,0.8405909538269043,1.0,108.0999984741211,128.60000610351562,128.60000610351562,1145.0,True,False,0.8190325498580933,105.32759094238281,0.8249998688697815,106.09498817205349,LSTM,2,48,64,0.1
test_23,A3,test,23,20.600000381469727,205,118.21446990966797,0.8398133516311646,1.0,108.0,128.60000610351562,128.60000610351562,1145.0,True,False,0.8190325498580933,105.32759094238281,0.8277204036712646,106.44484896412905,LSTM,2,48,64,0.1
test_23,A3,test,23,20.700000762939453,206,118.21446990966797,0.8390357494354248,1.0,107.9000015258789,128.60000610351562,128.60000610351562,1145.0,True,False,0.8190325498580933,105.32759094238281,0.8291736841201782,106.63174083872946,LSTM,2,48,64,0.1
test_23,A3,test,23,20.799999237060547,207,118.21446990966797,0.8382581472396851,1.0,107.80000305175781,128.60000610351562,128.60000610351562,1145.0,True,False,0.8190325498580933,105.32759094238281,0.8302610516548157,106.7715763103206,LSTM,2,48,64,0.1
test_23,A3,test,23,20.899999618530273,208,118.21446990966797,0.8374804854393005,1.0,107.69999694824219,128.60000610351562,128.60000610351562,1145.0,True,False,0.8190325498580933,105.32759094238281,0.828505277633667,106.54578376048448,LSTM,2,48,64,0.1
test_23,A3,test,23,21.0,209,118.21446990966797,0.8367028832435608,1.0,107.5999984741211,128.60000610351562,128.60000610351562,1145.0,True,False,0.8190325498580933,105.32759094238281,0.8294079899787903,106.66187257357706,LSTM,2,48,64,0.1
test_23,A3,test,23,21.100000381469727,210,118.21446990966797,0.835925281047821,1.0,107.5,128.60000610351562,128.60000610351562,1145.0,True,False,0.8190325498580933,105.32759094238281,0.8316964507102966,106.95616863761643,LSTM,2,48,64,0.1
test_23,A3,test,23,21.200000762939453,211,118.21446990966797,0.8351477384567261,1.0,107.4000015258789,128.60000610351562,128.60000610351562,1145.0,True,False,0.8190325498580933,105.32759094238281,0.8291055560112,106.62297956349903,LSTM,2,48,64,0.1
test_23,A3,test,23,21.299999237060547,212,118.21446990966797,0.8343701362609863,1.0,107.30000305175781,128.60000610351562,128.60000610351562,1145.0,True,False,0.8190325498580933,105.32759094238281,0.8270206451416016,106.35486001294339,LSTM,2,48,64,0.1
test_23,A3,test,23,21.399999618530273,213,118.21446990966797,0.8335924744606018,1.0,107.19999694824219,128.60000610351562,128.60000610351562,1145.0,True,False,0.8190325498580933,105.32759094238281,0.8243361711502075,106.00963664126539,LSTM,2,48,64,0.1
test_23,A3,test,23,21.5,214,118.21446990966797,0.8328148722648621,1.0,107.0999984741211,128.60000610351562,128.60000610351562,1145.0,True,False,0.8190325498580933,105.32759094238281,0.8242752552032471,106.00180285011447,LSTM,2,48,64,0.1
test_23,A3,test,23,21.600000381469727,215,118.21446990966797,0.8320372700691223,1.0,107.0,128.60000610351562,128.60000610351562,1145.0,True,False,0.8190325498580933,105.32759094238281,0.8254047632217407,106.14705758818673,LSTM,2,48,64,0.1
test_23,A3,test,23,21.700000762939453,216,118.21446990966797,0.8312596678733826,1.0,106.9000015258789,128.60000610351562,128.60000610351562,1145.0,True,False,0.8190325498580933,105.32759094238281,0.8243368268013,106.00972095799989,LSTM,2,48,64,0.1
test_23,A3,test,23,21.799999237060547,217,118.21446990966797,0.8304821252822876,1.0,106.80000305175781,128.60000610351562,128.60000610351562,1145.0,True,False,0.8190325498580933,105.32759094238281,0.8198064565658569,105.42711531807072,LSTM,2,48,64,0.1
test_23,A3,test,23,21.899999618530273,218,118.21446990966797,0.8297044634819031,1.0,106.69999694824219,128.60000610351562,128.60000610351562,1145.0,True,False,0.8129450678825378,104.54473876953125,0.8129450678825378,104.54474069151729,LSTM,2,48,64,0.1
test_23,A3,test,23,22.0,219,118.21446990966797,0.8289268612861633,1.0,106.5999984741211,128.60000610351562,128.60000610351562,1145.0,True,False,0.8084580898284912,103.96771240234375,0.8084580898284912,103.96771528638055,LSTM,2,48,64,0.1
test_23,A3,test,23,22.100000381469727,220,118.21446990966797,0.8281492590904236,1.0,106.5,128.60000610351562,128.60000610351562,1145.0,True,False,0.8066423535346985,103.73421478271484,0.8066423535346985,103.73421158791643,LSTM,2,48,64,0.1
test_23,A3,test,23,22.200000762939453,221,118.21446990966797,0.8273716568946838,1.0,106.4000015258789,128.60000610351562,128.60000610351562,1145.0,True,False,0.8044074773788452,103.44680786132812,0.8044074773788452,103.4468065006331,LSTM,2,48,64,0.1
test_23,A3,test,23,22.299999237060547,222,118.21446990966797,0.8265940546989441,1.0,106.30000305175781,128.60000610351562,128.60000610351562,1145.0,True,False,0.8024724125862122,103.19795989990234,0.8024724125862122,103.19795715648979,LSTM,2,48,64,0.1
test_23,A3,test,23,22.399999618530273,223,118.21446990966797,0.8258163928985596,1.0,106.19999694824219,128.60000610351562,128.60000610351562,1145.0,True,False,0.8024724125862122,103.19795989990234,0.8027535080909729,103.2341060401177,LSTM,2,48,64,0.1
test_23,A3,test,23,22.5,224,118.21446990966797,0.8250388503074646,1.0,106.0999984741211,128.60000610351562,128.60000610351562,1145.0,True,False,0.8024724125862122,103.19795989990234,0.8027823567390442,103.23781597643574,LSTM,2,48,64,0.1
test_23,A3,test,23,22.600000381469727,225,118.21446990966797,0.8242612481117249,1.0,106.0,128.60000610351562,128.60000610351562,1145.0,True,False,0.8010431528091431,103.01415252685547,0.8010431528091431,103.0141543404352,LSTM,2,48,64,0.1
test_23,A3,test,23,22.700000762939453,226,118.21446990966797,0.8234836459159851,1.0,105.9000015258789,128.60000610351562,128.60000610351562,1145.0,True,False,0.8005537986755371,102.95122528076172,0.8005537986755371,102.95122339586669,LSTM,2,48,64,0.1
test_23,A3,test,23,22.799999237060547,227,118.21446990966797,0.8227060437202454,1.0,105.80000305175781,128.60000610351562,128.60000610351562,1145.0,True,False,0.8005537986755371,102.95122528076172,0.8015110492706299,103.07432582823822,LSTM,2,48,64,0.1
test_23,A3,test,23,22.899999618530273,228,118.21446990966797,0.8219283819198608,1.0,105.69999694824219,128.60000610351562,128.60000610351562,1145.0,True,False,0.8000445365905762,102.88573455810547,0.8000445365905762,102.88573228863243,LSTM,2,48,64,0.1
test_23,A3,test,23,23.0,229,118.21446990966797,0.8211507797241211,1.0,105.5999984741211,128.60000610351562,128.60000610351562,1145.0,True,False,0.7958301305770874,102.34375762939453,0.7958301305770874,102.34375964957508,LSTM,2,48,64,0.1
test_23,A3,test,23,23.100000381469727,230,118.21446990966797,0.8203732371330261,1.0,105.5,128.60000610351562,128.60000610351562,1145.0,True,False,0.7936575412750244,102.06436157226562,0.7936575412750244,102.06436465206934,LSTM,2,48,64,0.1
test_23,A3,test,23,23.200000762939453,231,118.21446990966797,0.8195956349372864,1.0,105.4000015258789,128.60000610351562,128.60000610351562,1145.0,True,False,0.7936575412750244,102.06436157226562,0.7942278981208801,102.13771254592757,LSTM,2,48,64,0.1
test_23,A3,test,23,23.299999237060547,232,118.21446990966797,0.8188180327415466,1.0,105.30000305175781,128.60000610351562,128.60000610351562,1145.0,True,False,0.7921667098999023,101.87264251708984,0.7921667098999023,101.87264372812933,LSTM,2,48,64,0.1
test_23,A3,test,23,23.399999618530273,233,118.21446990966797,0.8180403709411621,1.0,105.19999694824219,128.60000610351562,128.60000610351562,1145.0,True,False,0.7894721627235413,101.526123046875,0.7894721627235413,101.52612494480309,LSTM,2,48,64,0.1
test_23,A3,test,23,23.5,234,118.21446990966797,0.8172627687454224,1.0,105.0999984741211,128.60000610351562,128.60000610351562,1145.0,True,False,0.7894721627235413,101.526123046875,0.7939161062240601,102.09761610609348,LSTM,2,48,64,0.1
test_23,A3,test,23,23.600000381469727,235,118.21446990966797,0.8164851665496826,1.0,105.0,128.60000610351562,128.60000610351562,1145.0,True,False,0.7894721627235413,101.526123046875,0.7939528822898865,102.10234550838322,LSTM,2,48,64,0.1
test_23,A3,test,23,23.700000762939453,236,118.21446990966797,0.8157075643539429,1.0,104.9000015258789,128.60000610351562,128.60000610351562,1145.0,True,False,0.7894721627235413,101.526123046875,0.794441282749176,102.16515381042882,LSTM,2,48,64,0.1
test_23,A3,test,23,23.799999237060547,237,118.21446990966797,0.8149300217628479,1.0,104.80000305175781,128.60000610351562,128.60000610351562,1145.0,True,False,0.7894721627235413,101.526123046875,0.7931064367294312,101.99349260414238,LSTM,2,48,64,0.1
test_23,A3,test,23,23.899999618530273,238,118.21446990966797,0.8141523599624634,1.0,104.69999694824219,128.60000610351562,128.60000610351562,1145.0,True,False,0.7894721627235413,101.526123046875,0.7920923233032227,101.8630776113423,LSTM,2,48,64,0.1
test_23,A3,test,23,24.0,239,118.21446990966797,0.8133747577667236,1.0,104.5999984741211,128.60000610351562,128.60000610351562,1145.0,True,False,0.7894721627235413,101.526123046875,0.792675256729126,101.93804285347142,LSTM,2,48,64,0.1
test_23,A3,test,23,24.100000381469727,240,118.21446990966797,0.8125971555709839,1.0,104.5,128.60000610351562,128.60000610351562,1145.0,True,False,0.7894721627235413,101.526123046875,0.7956033945083618,102.31460138975308,LSTM,2,48,64,0.1
test_23,A3,test,23,24.200000762939453,241,118.21446990966797,0.8118195533752441,1.0,104.4000015258789,128.60000610351562,128.60000610351562,1145.0,True,False,0.7894721627235413,101.526123046875,0.7970547676086426,102.50124797930766,LSTM,2,48,64,0.1
test_23,A3,test,23,24.299999237060547,242,118.21446990966797,0.8110419511795044,1.0,104.30000305175781,128.60000610351562,128.60000610351562,1145.0,True,False,0.7894721627235413,101.526123046875,0.7957301139831543,102.33089751498483,LSTM,2,48,64,0.1
test_23,A3,test,23,24.399999618530273,243,118.21446990966797,0.8102643489837646,1.0,104.19999694824219,128.60000610351562,128.60000610351562,1145.0,True,False,0.7894721627235413,101.526123046875,0.7926064133644104,101.9291895963488,LSTM,2,48,64,0.1
test_23,A3,test,23,24.5,244,118.21446990966797,0.8094867467880249,1.0,104.0999984741211,128.60000610351562,128.60000610351562,1145.0,True,False,0.7894721627235413,101.526123046875,0.7926594614982605,101.93601158668571,LSTM,2,48,64,0.1
test_23,A3,test,23,24.600000381469727,245,118.21446990966797,0.8087091445922852,1.0,104.0,128.60000610351562,128.60000610351562,1145.0,True,False,0.7894721627235413,101.526123046875,0.7929734587669373,101.97639163735403,LSTM,2,48,64,0.1
test_23,A3,test,23,24.700000762939453,246,118.21446990966797,0.8079315423965454,1.0,103.9000015258789,128.60000610351562,128.60000610351562,1145.0,True,False,0.7894721627235413,101.526123046875,0.7927185297012329,101.94360775794848,LSTM,2,48,64,0.1
test_23,A3,test,23,24.799999237060547,247,118.21446990966797,0.8071539402008057,1.0,103.80000305175781,128.60000610351562,128.60000610351562,1145.0,True,False,0.7894721627235413,101.526123046875,0.7916277050971985,101.80332770721179,LSTM,2,48,64,0.1
test_23,A3,test,23,24.899999618530273,248,118.21446990966797,0.8063762784004211,1.0,103.69999694824219,128.60000610351562,128.60000610351562,1145.0,True,False,0.7894721627235413,101.526123046875,0.7920217514038086,101.85400206464692,LSTM,2,48,64,0.1
test_23,A3,test,23,25.0,249,118.21446990966797,0.8055986762046814,1.0,103.5999984741211,128.60000610351562,128.60000610351562,1145.0,True,False,0.7894721627235413,101.526123046875,0.7907640337944031,101.69225957240087,LSTM,2,48,64,0.1
test_23,A3,test,23,25.100000381469727,250,118.21446990966797,0.8048211336135864,1.0,103.5,128.60000610351562,128.60000610351562,1145.0,True,False,0.7879824042320251,101.33454132080078,0.7879824042320251,101.33454199370135,LSTM,2,48,64,0.1
test_23,A3,test,23,25.200000762939453,251,118.21446990966797,0.8040435314178467,1.0,103.4000015258789,128.60000610351562,128.60000610351562,1145.0,True,False,0.7876276969909668,101.28892517089844,0.7876276969909668,101.28892664033629,LSTM,2,48,64,0.1
test_23,A3,test,23,25.299999237060547,252,118.21446990966797,0.8032659292221069,1.0,103.30000305175781,128.60000610351562,128.60000610351562,1145.0,True,False,0.7868620157241821,101.19046020507812,0.7868620157241821,101.19046002475443,LSTM,2,48,64,0.1
test_23,A3,test,23,25.399999618530273,253,118.21446990966797,0.8024882674217224,1.0,103.19999694824219,128.60000610351562,128.60000610351562,1145.0,True,False,0.7868620157241821,101.19046020507812,0.7871052026748657,101.22173386809663,LSTM,2,48,64,0.1
test_23,A3,test,23,25.5,254,118.21446990966797,0.8017106652259827,1.0,103.0999984741211,128.60000610351562,128.60000610351562,1145.0,True,False,0.7862406373023987,101.11054992675781,0.7862406373023987,101.11055075592049,LSTM,2,48,64,0.1
test_23,A3,test,23,25.600000381469727,255,118.21446990966797,0.8009330630302429,1.0,103.0,128.60000610351562,128.60000610351562,1145.0,True,False,0.7849611043930054,100.94599914550781,0.7849611043930054,100.94600281596286,LSTM,2,48,64,0.1
test_23,A3,test,23,25.700000762939453,256,118.21446990966797,0.800155520439148,1.0,102.9000015258789,128.60000610351562,128.60000610351562,1145.0,True,False,0.7841090559959412,100.83642578125,0.7841090559959412,100.83642938689991,LSTM,2,48,64,0.1
test_23,A3,test,23,25.799999237060547,257,118.21446990966797,0.7993779182434082,1.0,102.80000305175781,128.60000610351562,128.60000610351562,1145.0,True,False,0.7821497917175293,100.58446502685547,0.7821497917175293,100.58446798873774,LSTM,2,48,64,0.1
test_23,A3,test,23,25.899999618530273,258,118.21446990966797,0.7986002564430237,1.0,102.69999694824219,128.60000610351562,128.60000610351562,1145.0,True,False,0.7814654111862183,100.4964599609375,0.7814654111862183,100.49645664823402,LSTM,2,48,64,0.1
test_23,A3,test,23,26.0,259,118.21446990966797,0.7978226542472839,1.0,102.5999984741211,128.60000610351562,128.60000610351562,1145.0,True,False,0.780780017375946,100.40831756591797,0.780780017375946,100.4083150000497,LSTM,2,48,64,0.1
test_23,A3,test,23,26.100000381469727,260,118.21446990966797,0.7970450520515442,1.0,102.5,128.60000610351562,128.60000610351562,1145.0,True,False,0.7796090841293335,100.25773620605469,0.7796090841293335,100.25773297738851,LSTM,2,48,64,0.1
test_23,A3,test,23,26.200000762939453,261,118.21446990966797,0.7962674498558044,1.0,102.4000015258789,128.60000610351562,128.60000610351562,1145.0,True,False,0.7778959274291992,100.03742218017578,0.7778959274291992,100.03742101529497,LSTM,2,48,64,0.1
test_23,A3,test,23,26.299999237060547,262,118.21446990966797,0.7954898476600647,1.0,102.30000305175781,128.60000610351562,128.60000610351562,1145.0,True,False,0.7735503911972046,99.47858428955078,0.7735503911972046,99.47858502933741,LSTM,2,48,64,0.1
test_23,A3,test,23,26.399999618530273,263,118.21446990966797,0.794712245464325,1.0,102.19999694824219,128.60000610351562,128.60000610351562,1145.0,True,False,0.7735503911972046,99.47858428955078,0.7736155986785889,99.48697071184142,LSTM,2,48,64,0.1
test_23,A3,test,23,26.5,264,118.21446990966797,0.7939346432685852,1.0,102.0999984741211,128.60000610351562,128.60000610351562,1145.0,True,False,0.7723697423934937,99.32675170898438,0.7723697423934937,99.32675358597407,LSTM,2,48,64,0.1
test_23,A3,test,23,26.600000381469727,265,118.21446990966797,0.7931570410728455,1.0,102.0,128.60000610351562,128.60000610351562,1145.0,True,False,0.7723697423934937,99.32675170898438,0.7733216285705566,99.44916615415423,LSTM,2,48,64,0.1
test_23,A3,test,23,26.700000762939453,266,118.21446990966797,0.7923794388771057,1.0,101.9000015258789,128.60000610351562,128.60000610351562,1145.0,True,False,0.7723697423934937,99.32675170898438,0.7752558588981628,99.69790818608999,LSTM,2,48,64,0.1
test_23,A3,test,23,26.799999237060547,267,118.21446990966797,0.791601836681366,1.0,101.80000305175781,128.60000610351562,128.60000610351562,1145.0,True,False,0.7723697423934937,99.32675170898438,0.7748129367828369,99.6409483993557,LSTM,2,48,64,0.1
test_23,A3,test,23,26.899999618530273,268,118.21446990966797,0.7908241748809814,1.0,101.69999694824219,128.60000610351562,128.60000610351562,1145.0,True,False,0.7723697423934937,99.32675170898438,0.7743998765945435,99.58782885662004,LSTM,2,48,64,0.1
test_23,A3,test,23,27.0,269,118.21446990966797,0.7900466322898865,1.0,101.5999984741211,128.60000610351562,128.60000610351562,1145.0,True,False,0.7723697423934937,99.32675170898438,0.775007426738739,99.66595980887178,LSTM,2,48,64,0.1
test_23,A3,test,23,27.100000381469727,270,118.21446990966797,0.7892690300941467,1.0,101.5,128.60000610351562,128.60000610351562,1145.0,True,False,0.7723697423934937,99.32675170898438,0.7758206129074097,99.77053555512612,LSTM,2,48,64,0.1
test_23,A3,test,23,27.200000762939453,271,118.21446990966797,0.788491427898407,1.0,101.4000015258789,128.60000610351562,128.60000610351562,1145.0,True,False,0.7723697423934937,99.32675170898438,0.7729831337928772,99.40563572367864,LSTM,2,48,64,0.1
test_23,A3,test,23,27.299999237060547,272,118.21446990966797,0.7877138257026672,1.0,101.30000305175781,128.60000610351562,128.60000610351562,1145.0,True,False,0.7715416550636292,99.22026062011719,0.7715416550636292,99.22026155029926,LSTM,2,48,64,0.1
test_23,A3,test,23,27.399999618530273,273,118.21446990966797,0.7869361639022827,1.0,101.19999694824219,128.60000610351562,128.60000610351562,1145.0,True,False,0.770919919013977,99.14030456542969,0.770919919013977,99.14030629051922,LSTM,2,48,64,0.1
test_23,A3,test,23,27.5,274,118.21446990966797,0.786158561706543,1.0,101.0999984741211,128.60000610351562,128.60000610351562,1145.0,True,False,0.7689052224159241,98.88121795654297,0.7689052224159241,98.88121629571287,LSTM,2,48,64,0.1
test_23,A3,test,23,27.600000381469727,275,118.21446990966797,0.7853809595108032,1.0,101.0,128.60000610351562,128.60000610351562,1145.0,True,False,0.7689052224159241,98.88121795654297,0.7705427408218384,99.09180117270807,LSTM,2,48,64,0.1
test_23,A3,test,23,27.700000762939453,276,118.21446990966797,0.7846034169197083,1.0,100.9000015258789,128.60000610351562,128.60000610351562,1145.0,True,False,0.7689052224159241,98.88121795654297,0.7706486582756042,99.10542215790883,LSTM,2,48,64,0.1
test_23,A3,test,23,27.799999237060547,277,118.21446990966797,0.7838258147239685,1.0,100.80000305175781,128.60000610351562,128.60000610351562,1145.0,True,False,0.7689052224159241,98.88121795654297,0.7701061964035034,99.03566155784574,LSTM,2,48,64,0.1
test_23,A3,test,23,27.899999618530273,278,118.21446990966797,0.783048152923584,1.0,100.69999694824219,128.60000610351562,128.60000610351562,1145.0,True,False,0.7689052224159241,98.88121795654297,0.7714890837669373,99.21350088122381,LSTM,2,48,64,0.1
test_23,A3,test,23,28.0,279,118.21446990966797,0.7822705507278442,1.0,100.5999984741211,128.60000610351562,128.60000610351562,1145.0,True,False,0.7689052224159241,98.88121795654297,0.7707620859146118,99.12000895297751,LSTM,2,48,64,0.1
test_23,A3,test,23,28.100000381469727,280,118.21446990966797,0.7814929485321045,1.0,100.5,128.60000610351562,128.60000610351562,1145.0,True,False,0.7689052224159241,98.88121795654297,0.7700498700141907,99.02841798383633,LSTM,2,48,64,0.1
test_23,A3,test,23,28.200000762939453,281,118.21446990966797,0.7807153463363647,1.0,100.4000015258789,128.60000610351562,128.60000610351562,1145.0,True,False,0.7684404253959656,98.82144165039062,0.7684404253959656,98.82144339610932,LSTM,2,48,64,0.1
test_23,A3,test,23,28.299999237060547,282,118.21446990966797,0.7799378037452698,1.0,100.30000305175781,128.60000610351562,128.60000610351562,1145.0,True,False,0.7684404253959656,98.82144165039062,0.7702310085296631,99.05171239803167,LSTM,2,48,64,0.1
test_23,A3,test,23,28.399999618530273,283,118.21446990966797,0.7791601419448853,1.0,100.19999694824219,128.60000610351562,128.60000610351562,1145.0,True,False,0.7684404253959656,98.82144165039062,0.7692084312438965,98.92020895284077,LSTM,2,48,64,0.1
test_23,A3,test,23,28.5,284,118.21446990966797,0.7783825397491455,1.0,100.0999984741211,128.60000610351562,128.60000610351562,1145.0,True,False,0.7676039338111877,98.7138671875,0.7676039338111877,98.71387057320135,LSTM,2,48,64,0.1
test_23,A3,test,23,28.600000381469727,285,118.21446990966797,0.7776049375534058,1.0,100.0,128.60000610351562,128.60000610351562,1145.0,True,False,0.7668976783752441,98.623046875,0.7668976783752441,98.62304611982836,LSTM,2,48,64,0.1
test_23,A3,test,23,28.700000762939453,286,118.21446990966797,0.776827335357666,1.0,99.9000015258789,128.60000610351562,128.60000610351562,1145.0,True,False,0.7668976783752441,98.623046875,0.7678700089454651,98.74808783709341,LSTM,2,48,64,0.1
test_23,A3,test,23,28.799999237060547,287,118.21446990966797,0.7760497331619263,1.0,99.80000305175781,128.60000610351562,128.60000610351562,1145.0,True,False,0.7668976783752441,98.623046875,0.7685315012931824,98.83315575704728,LSTM,2,48,64,0.1
test_23,A3,test,23,28.899999618530273,288,118.21446990966797,0.7752721309661865,1.0,99.69999694824219,128.60000610351562,128.60000610351562,1145.0,True,False,0.7668976783752441,98.623046875,0.7705779075622559,99.0963236157404,LSTM,2,48,64,0.1
test_23,A3,test,23,29.0,289,118.21446990966797,0.7744945287704468,1.0,99.5999984741211,128.60000610351562,128.60000610351562,1145.0,True,False,0.7668976783752441,98.623046875,0.7724400758743286,99.33579847203873,LSTM,2,48,64,0.1
test_23,A3,test,23,29.100000381469727,290,118.21446990966797,0.773716926574707,1.0,99.5,128.60000610351562,128.60000610351562,1145.0,True,False,0.7668976783752441,98.623046875,0.7748052477836609,99.63995959401473,LSTM,2,48,64,0.1
test_23,A3,test,23,29.200000762939453,291,118.21446990966797,0.7729393243789673,1.0,99.4000015258789,128.60000610351562,128.60000610351562,1145.0,True,False,0.7668976783752441,98.623046875,0.7772216796875,99.95071275159717,LSTM,2,48,64,0.1
test_23,A3,test,23,29.299999237060547,292,118.21446990966797,0.7721617221832275,1.0,99.30000305175781,128.60000610351562,128.60000610351562,1145.0,True,False,0.7668976783752441,98.623046875,0.7780083417892456,100.05187750268306,LSTM,2,48,64,0.1
test_23,A3,test,23,29.399999618530273,293,118.21446990966797,0.771384060382843,1.0,99.19999694824219,128.60000610351562,128.60000610351562,1145.0,True,False,0.7668976783752441,98.623046875,0.7777230143547058,100.01518439285974,LSTM,2,48,64,0.1
test_23,A3,test,23,29.5,294,118.21446990966797,0.7706064581871033,1.0,99.0999984741211,128.60000610351562,128.60000610351562,1145.0,True,False,0.7668976783752441,98.623046875,0.7775492072105408,99.99283279305928,LSTM,2,48,64,0.1
test_23,A3,test,23,29.600000381469727,295,118.21446990966797,0.7698289155960083,1.0,99.0,128.60000610351562,128.60000610351562,1145.0,True,False,0.7668976783752441,98.623046875,0.7785181999206543,100.11744526149414,LSTM,2,48,64,0.1
test_23,A3,test,23,29.700000762939453,296,118.21446990966797,0.7690513134002686,1.0,98.9000015258789,128.60000610351562,128.60000610351562,1145.0,True,False,0.7668976783752441,98.623046875,0.7744051218032837,99.58850339049604,LSTM,2,48,64,0.1
test_23,A3,test,23,29.799999237060547,297,118.21446990966797,0.7682737112045288,1.0,98.80000305175781,128.60000610351562,128.60000610351562,1145.0,True,False,0.7668976783752441,98.623046875,0.771676242351532,99.23756947634502,LSTM,2,48,64,0.1
test_23,A3,test,23,29.899999618530273,298,118.21446990966797,0.7674960494041443,1.0,98.69999694824219,128.60000610351562,128.60000610351562,1145.0,True,False,0.7668976783752441,98.623046875,0.7715772390365601,99.22483764943536,LSTM,2,48,64,0.1
test_23,A3,test,23,30.0,299,118.21446990966797,0.7667184472084045,1.0,98.5999984741211,128.60000610351562,128.60000610351562,1145.0,True,False,0.7668976783752441,98.623046875,0.7678717374801636,98.74831012666618,LSTM,2,48,64,0.1
test_23,A3,test,23,30.100000381469727,300,118.21446990966797,0.7659408450126648,1.0,98.5,128.60000610351562,128.60000610351562,1145.0,True,False,0.7668976783752441,98.623046875,0.7678983211517334,98.75172878699232,LSTM,2,48,64,0.1
test_23,A3,test,23,30.200000762939453,301,118.21446990966797,0.765163242816925,1.0,98.4000015258789,128.60000610351562,128.60000610351562,1145.0,True,False,0.7668976783752441,98.623046875,0.7672956585884094,98.6742263776705,LSTM,2,48,64,0.1
test_23,A3,test,23,30.299999237060547,302,118.21446990966797,0.7643857002258301,1.0,98.30000305175781,128.60000610351562,128.60000610351562,1145.0,True,False,0.7622731924057007,98.02833557128906,0.7622731924057007,98.02833719591945,LSTM,2,48,64,0.1
test_23,A3,test,23,30.399999618530273,303,118.21446990966797,0.7636080384254456,1.0,98.19999694824219,128.60000610351562,128.60000610351562,1145.0,True,False,0.7600739002227783,97.7455062866211,0.7600739002227783,97.74550820777222,LSTM,2,48,64,0.1
test_23,A3,test,23,30.5,304,118.21446990966797,0.7628304362297058,1.0,98.0999984741211,128.60000610351562,128.60000610351562,1145.0,True,False,0.7577633857727051,97.44837951660156,0.7577633857727051,97.44837603539054,LSTM,2,48,64,0.1
test_23,A3,test,23,30.600000381469727,305,118.21446990966797,0.7620528340339661,1.0,98.0,128.60000610351562,128.60000610351562,1145.0,True,False,0.7554166316986084,97.1465835571289,0.7554166316986084,97.14658344713825,LSTM,2,48,64,0.1
test_23,A3,test,23,30.700000762939453,306,118.21446990966797,0.7612752318382263,1.0,97.9000015258789,128.60000610351562,128.60000610351562,1145.0,True,False,0.7531414031982422,96.85398864746094,0.7531414031982422,96.85398904810427,LSTM,2,48,64,0.1
test_23,A3,test,23,30.799999237060547,307,118.21446990966797,0.7604976296424866,1.0,97.80000305175781,128.60000610351562,128.60000610351562,1145.0,True,False,0.7531412243843079,96.85396575927734,0.7531412243843079,96.85396605263122,LSTM,2,48,64,0.1
test_23,A3,test,23,30.899999618530273,308,118.21446990966797,0.7597200274467468,1.0,97.69999694824219,128.60000610351562,128.60000610351562,1145.0,True,False,0.7531412243843079,96.85396575927734,0.7536112666130066,96.91441348611079,LSTM,2,48,64,0.1
test_23,A3,test,23,31.0,309,118.21446990966797,0.7589424252510071,1.0,97.5999984741211,128.60000610351562,128.60000610351562,1145.0,True,False,0.7519148588180542,96.69625854492188,0.7519148588180542,96.69625543332586,LSTM,2,48,64,0.1
test_23,A3,test,23,31.100000381469727,310,118.21446990966797,0.7581648230552673,1.0,97.5,128.60000610351562,128.60000610351562,1145.0,True,False,0.7519148588180542,96.69625854492188,0.7531746625900269,96.85826620609078,LSTM,2,48,64,0.1
test_23,A3,test,23,31.200000762939453,311,118.21446990966797,0.7573872208595276,1.0,97.4000015258789,128.60000610351562,128.60000610351562,1145.0,True,False,0.7513673901557922,96.6258544921875,0.7513673901557922,96.62585096001749,LSTM,2,48,64,0.1
test_23,A3,test,23,31.299999237060547,312,118.21446990966797,0.7566096186637878,1.0,97.30000305175781,128.60000610351562,128.60000610351562,1145.0,True,False,0.7511078715324402,96.59247589111328,0.7511078715324402,96.59247686347044,LSTM,2,48,64,0.1
test_23,A3,test,23,31.399999618530273,313,118.21446990966797,0.7558319568634033,1.0,97.19999694824219,128.60000610351562,128.60000610351562,1145.0,True,False,0.750027596950531,96.45355224609375,0.750027596950531,96.45355354564344,LSTM,2,48,64,0.1
test_23,A3,test,23,31.5,314,118.21446990966797,0.7550544142723083,1.0,97.0999984741211,128.60000610351562,128.60000610351562,1145.0,True,False,0.7494405508041382,96.37805938720703,0.7494405508041382,96.37805940763428,LSTM,2,48,64,0.1
test_23,A3,test,23,31.600000381469727,315,118.21446990966797,0.7542768120765686,1.0,97.0,128.60000610351562,128.60000610351562,1145.0,True,False,0.7475955486297607,96.14079284667969,0.7475955486297607,96.14079211674834,LSTM,2,48,64,0.1
test_23,A3,test,23,31.700000762939453,316,118.21446990966797,0.7534992098808289,1.0,96.9000015258789,128.60000610351562,128.60000610351562,1145.0,True,False,0.7466757297515869,96.02250671386719,0.7466757297515869,96.02250340340106,LSTM,2,48,64,0.1
test_23,A3,test,23,31.799999237060547,317,118.21446990966797,0.7527216076850891,1.0,96.80000305175781,128.60000610351562,128.60000610351562,1145.0,True,False,0.7433230876922607,95.59135437011719,0.7433230876922607,95.59135361410881,LSTM,2,48,64,0.1
test_23,A3,test,23,31.899999618530273,318,118.21446990966797,0.7519439458847046,1.0,96.69999694824219,128.60000610351562,128.60000610351562,1145.0,True,False,0.7415025234222412,95.35723114013672,0.7415025234222412,95.35722903787246,LSTM,2,48,64,0.1
test_23,A3,test,23,32.0,319,118.21446990966797,0.7511663436889648,1.0,96.5999984741211,128.60000610351562,128.60000610351562,1145.0,True,False,0.7401995062828064,95.18965911865234,0.7401995062828064,95.18966102578815,LSTM,2,48,64,0.1
test_23,A3,test,23,32.099998474121094,320,118.21446990966797,0.7503887414932251,1.0,96.5,128.60000610351562,128.60000610351562,1145.0,True,False,0.7401995062828064,95.18965911865234,0.7413047552108765,95.33179604468387,LSTM,2,48,64,0.1
test_23,A3,test,23,32.20000076293945,321,118.21446990966797,0.7496111989021301,1.0,96.4000015258789,128.60000610351562,128.60000610351562,1145.0,True,False,0.7401995062828064,95.18965911865234,0.7419177889823914,95.41063219144235,LSTM,2,48,64,0.1
test_23,A3,test,23,32.29999923706055,322,118.21446990966797,0.7488335967063904,1.0,96.30000305175781,128.60000610351562,128.60000610351562,1145.0,True,False,0.7401995062828064,95.18965911865234,0.7423570156097412,95.46711673840036,LSTM,2,48,64,0.1
test_23,A3,test,23,32.400001525878906,323,118.21446990966797,0.7480559349060059,1.0,96.19999694824219,128.60000610351562,128.60000610351562,1145.0,True,False,0.7401995062828064,95.18965911865234,0.7440195083618164,95.68091331646428,LSTM,2,48,64,0.1
test_23,A3,test,23,32.5,324,118.21446990966797,0.7472783327102661,1.0,96.0999984741211,128.60000610351562,128.60000610351562,1145.0,True,False,0.7401995062828064,95.18965911865234,0.7432742118835449,95.58506818480964,LSTM,2,48,64,0.1
test_23,A3,test,23,32.599998474121094,325,118.21446990966797,0.7465007305145264,1.0,96.0,128.60000610351562,128.60000610351562,1145.0,True,False,0.7401995062828064,95.18965911865234,0.7442707419395447,95.71322195609355,LSTM,2,48,64,0.1
test_23,A3,test,23,32.70000076293945,326,118.21446990966797,0.7457231283187866,1.0,95.9000015258789,128.60000610351562,128.60000610351562,1145.0,True,False,0.7401995062828064,95.18965911865234,0.746556282043457,96.0071424274065,LSTM,2,48,64,0.1
test_23,A3,test,23,32.79999923706055,327,118.21446990966797,0.7449455857276917,1.0,95.80000305175781,128.60000610351562,128.60000610351562,1145.0,True,False,0.7401995062828064,95.18965911865234,0.7463700175285339,95.98318880965053,LSTM,2,48,64,0.1
test_23,A3,test,23,32.900001525878906,328,118.21446990966797,0.7441679239273071,1.0,95.69999694824219,128.60000610351562,128.60000610351562,1145.0,True,False,0.7401995062828064,95.18965911865234,0.7486827969551086,96.28061225802412,LSTM,2,48,64,0.1
test_23,A3,test,23,33.0,329,118.21446990966797,0.7433903217315674,1.0,95.5999984741211,128.60000610351562,128.60000610351562,1145.0,True,False,0.7401995062828064,95.18965911865234,0.7467312216758728,96.02963966520292,LSTM,2,48,64,0.1
test_23,A3,test,23,33.099998474121094,330,118.21446990966797,0.7426127195358276,1.0,95.5,128.60000610351562,128.60000610351562,1145.0,True,False,0.7401995062828064,95.18965911865234,0.745308518409729,95.84668001649334,LSTM,2,48,64,0.1
test_23,A3,test,23,33.20000076293945,331,118.21446990966797,0.7418351173400879,1.0,95.4000015258789,128.60000610351562,128.60000610351562,1145.0,True,False,0.7401995062828064,95.18965911865234,0.7464194297790527,95.98954322536883,LSTM,2,48,64,0.1
test_23,A3,test,23,33.29999923706055,332,118.21446990966797,0.7410575151443481,1.0,95.30000305175781,128.60000610351562,128.60000610351562,1145.0,True,False,0.7401995062828064,95.18965911865234,0.7464590072631836,95.99463289006962,LSTM,2,48,64,0.1
test_23,A3,test,23,33.400001525878906,333,118.21446990966797,0.7402798533439636,1.0,95.19999694824219,128.60000610351562,128.60000610351562,1145.0,True,False,0.7401995062828064,95.18965911865234,0.7464048266410828,95.98766526173677,LSTM,2,48,64,0.1
test_23,A3,test,23,33.5,334,118.21446990966797,0.7395023107528687,1.0,95.0999984741211,128.60000610351562,128.60000610351562,1145.0,True,False,0.7401995062828064,95.18965911865234,0.7439941763877869,95.67765562444947,LSTM,2,48,64,0.1
test_23,A3,test,23,33.599998474121094,335,118.21446990966797,0.7387247085571289,1.0,95.0,128.60000610351562,128.60000610351562,1145.0,True,False,0.7401995062828064,95.18965911865234,0.7424478530883789,95.4787984387076,LSTM,2,48,64,0.1
test_23,A3,test,23,33.70000076293945,336,118.21446990966797,0.7379471063613892,1.0,94.9000015258789,128.60000610351562,128.60000610351562,1145.0,True,False,0.7401995062828064,95.18965911865234,0.7452344298362732,95.83715222549472,LSTM,2,48,64,0.1
test_23,A3,test,23,33.79999923706055,337,118.21446990966797,0.7371695041656494,1.0,94.80000305175781,128.60000610351562,128.60000610351562,1145.0,True,False,0.7401995062828064,95.18965911865234,0.7430130243301392,95.5514794638475,LSTM,2,48,64,0.1
test_23,A3,test,23,33.900001525878906,338,118.21446990966797,0.7363918423652649,1.0,94.69999694824219,128.60000610351562,128.60000610351562,1145.0,True,False,0.7401995062828064,95.18965911865234,0.7407528758049011,95.26082434970704,LSTM,2,48,64,0.1
test_23,A3,test,23,34.0,339,118.21446990966797,0.7356142401695251,1.0,94.5999984741211,128.60000610351562,128.60000610351562,1145.0,True,False,0.7391611337661743,95.0561294555664,0.7391611337661743,95.05612631381155,LSTM,2,48,64,0.1
test_23,A3,test,23,34.099998474121094,340,118.21446990966797,0.7348366975784302,1.0,94.5,128.60000610351562,128.60000610351562,1145.0,True,False,0.7376875281333923,94.86662292480469,0.7376875281333923,94.86662062044161,LSTM,2,48,64,0.1
test_23,A3,test,23,34.20000076293945,341,118.21446990966797,0.7340590953826904,1.0,94.4000015258789,128.60000610351562,128.60000610351562,1145.0,True,False,0.7354432344436646,94.5780029296875,0.7354432344436646,94.57800443824453,LSTM,2,48,64,0.1
test_23,A3,test,23,34.29999923706055,342,118.21446990966797,0.7332814931869507,1.0,94.30000305175781,128.60000610351562,128.60000610351562,1145.0,True,False,0.7340898513793945,94.40396118164062,0.7340898513793945,94.40395936791901,LSTM,2,48,64,0.1
test_23,A3,test,23,34.400001525878906,343,118.21446990966797,0.7325038313865662,1.0,94.19999694824219,128.60000610351562,128.60000610351562,1145.0,True,False,0.7299638390541077,93.87335205078125,0.7299638390541077,93.87335415770394,LSTM,2,48,64,0.1
test_23,A3,test,23,34.5,344,118.21446990966797,0.7317262291908264,0.999446451663971,94.0999984741211,128.60000610351562,128.60000610351562,1145.0,True,False,0.7295536994934082,93.82061004638672,0.7295536994934082,93.8206102076947,LSTM,2,48,64,0.1
test_23,A3,test,23,34.599998474121094,345,118.21446990966797,0.7309486269950867,0.999446451663971,94.0,128.60000610351562,128.60000610351562,1145.0,True,False,0.7265127301216125,93.4295425415039,0.7265127301216125,93.42954152792117,LSTM,2,48,64,0.1
test_23,A3,test,23,34.70000076293945,346,118.21446990966797,0.7301710247993469,0.999446451663971,93.9000015258789,128.60000610351562,128.60000610351562,1145.0,True,False,0.7258637547492981,93.34608459472656,0.7258637547492981,93.3460832910805,LSTM,2,48,64,0.1
test_23,A3,test,23,34.79999923706055,347,118.21446990966797,0.729393482208252,0.999446451663971,93.80000305175781,128.60000610351562,128.60000610351562,1145.0,True,False,0.7230944633483887,92.98995208740234,0.7230944633483887,92.98995240002114,LSTM,2,48,64,0.1
test_23,A3,test,23,34.900001525878906,348,118.21446990966797,0.7286158204078674,0.999446451663971,93.69999694824219,128.60000610351562,128.60000610351562,1145.0,True,False,0.7195930480957031,92.5396728515625,0.7195930480957031,92.53967037715483,LSTM,2,48,64,0.1
test_23,A3,test,23,35.0,349,118.21446990966797,0.7278382182121277,0.999446451663971,93.5999984741211,128.60000610351562,128.60000610351562,1145.0,True,False,0.7168076038360596,92.18146514892578,0.7168076038360596,92.18146222836367,LSTM,2,48,64,0.1
test_23,A3,test,23,35.099998474121094,350,118.21446990966797,0.7270606160163879,1.0,93.5,128.60000610351562,128.60000610351562,1145.0,True,False,0.7168076038360596,92.18146514892578,0.7200003266334534,92.59204639959535,LSTM,2,48,64,0.1
test_23,A3,test,23,35.20000076293945,351,118.21446990966797,0.7262830138206482,1.0,93.4000015258789,128.60000610351562,128.60000610351562,1145.0,True,False,0.7168076038360596,92.18146514892578,0.7206265926361084,92.67258421135921,LSTM,2,48,64,0.1
test_23,A3,test,23,35.29999923706055,352,118.21446990966797,0.7255054116249084,1.0,93.30000305175781,128.60000610351562,128.60000610351562,1145.0,True,False,0.7168076038360596,92.18146514892578,0.7226879596710205,92.93767602463049,LSTM,2,48,64,0.1
test_23,A3,test,23,35.400001525878906,353,118.21446990966797,0.7247278094291687,1.0,93.19999694824219,128.60000610351562,128.60000610351562,1145.0,True,False,0.7168076038360596,92.18146514892578,0.7271932363510132,93.51705463317558,LSTM,2,48,64,0.1
test_23,A3,test,23,35.5,354,118.21446990966797,0.723950207233429,1.0,93.0999984741211,128.60000610351562,128.60000610351562,1145.0,True,False,0.7168076038360596,92.18146514892578,0.7291847467422485,93.77316288164366,LSTM,2,48,64,0.1
test_23,A3,test,23,35.599998474121094,355,118.21446990966797,0.7231726050376892,1.0,93.0,128.60000610351562,128.60000610351562,1145.0,True,False,0.7168076038360596,92.18146514892578,0.7330501079559326,94.27024835731572,LSTM,2,48,64,0.1
test_23,A3,test,23,35.70000076293945,356,118.21446990966797,0.7223950028419495,1.0,92.9000015258789,128.60000610351562,128.60000610351562,1145.0,True,False,0.7168076038360596,92.18146514892578,0.733728289604187,94.35746252142053,LSTM,2,48,64,0.1
test_23,A3,test,23,35.79999923706055,357,118.21446990966797,0.7216174006462097,1.0,92.80000305175781,128.60000610351562,128.60000610351562,1145.0,True,False,0.7168076038360596,92.18146514892578,0.7351264357566833,94.53726412516517,LSTM,2,48,64,0.1
test_23,A3,test,23,35.900001525878906,358,118.21446990966797,0.7208397388458252,0.999446451663971,92.69999694824219,128.60000610351562,128.60000610351562,1145.0,True,False,0.7168076038360596,92.18146514892578,0.736008882522583,94.65074678464589,LSTM,2,48,64,0.1
test_23,A3,test,23,36.0,359,118.21446990966797,0.7200621366500854,1.0,92.5999984741211,128.60000610351562,128.60000610351562,1145.0,True,False,0.7168076038360596,92.18146514892578,0.7315840125083923,94.0817084738137,LSTM,2,48,64,0.1
test_23,A3,test,23,36.099998474121094,360,118.21446990966797,0.7192845940589905,1.0,92.5,128.60000610351562,128.60000610351562,1145.0,True,False,0.7168076038360596,92.18146514892578,0.7314664721488953,94.06659278286497,LSTM,2,48,64,0.1
test_23,A3,test,23,36.20000076293945,361,118.21446990966797,0.7185069918632507,1.0,92.4000015258789,128.60000610351562,128.60000610351562,1145.0,True,False,0.7168076038360596,92.18146514892578,0.7290976047515869,93.7619564211127,LSTM,2,48,64,0.1
test_23,A3,test,23,36.29999923706055,362,118.21446990966797,0.717729389667511,0.998345673084259,92.30000305175781,128.60000610351562,128.60000610351562,1145.0,True,False,0.7168076038360596,92.18146514892578,0.7277880311012268,93.59354524168339,LSTM,2,48,64,0.1
test_23,A3,test,23,36.400001525878906,363,118.21446990966797,0.7169517278671265,0.999446451663971,92.19999694824219,128.60000610351562,128.60000610351562,1145.0,True,False,0.7168076038360596,92.18146514892578,0.7235649228096008,93.05045348960448,LSTM,2,48,64,0.1
test_23,A3,test,23,36.5,364,118.21446990966797,0.7161741256713867,0.9997609257698059,92.0999984741211,128.60000610351562,128.60000610351562,1145.0,True,False,0.7168076038360596,92.18146514892578,0.7207373976707458,92.68683373948988,LSTM,2,48,64,0.1
test_23,A3,test,23,36.599998474121094,365,118.21446990966797,0.715396523475647,0.999446451663971,92.0,128.60000610351562,128.60000610351562,1145.0,True,False,0.7168076038360596,92.18146514892578,0.7198407649993896,92.57152677248087,LSTM,2,48,64,0.1
test_23,A3,test,23,36.70000076293945,366,118.21446990966797,0.714618980884552,0.9991319179534912,91.9000015258789,128.60000610351562,128.60000610351562,1145.0,True,False,0.7168076038360596,92.18146514892578,0.7192898988723755,92.50068538518462,LSTM,2,48,64,0.1
test_23,A3,test,23,36.79999923706055,367,118.21446990966797,0.7138413786888123,0.998345673084259,91.80000305175781,128.60000610351562,128.60000610351562,1145.0,True,False,0.7168076038360596,92.18146514892578,0.7172308564186096,92.23589251306294,LSTM,2,48,64,0.1
test_23,A3,test,23,36.900001525878906,368,118.21446990966797,0.7130637168884277,0.998345673084259,91.69999694824219,128.60000610351562,128.60000610351562,1145.0,True,False,0.7137839794158936,91.7926254272461,0.7137839794158936,91.79262410947558,LSTM,2,48,64,0.1
test_23,A3,test,23,37.0,369,118.21446990966797,0.712286114692688,0.998345673084259,91.5999984741211,128.60000610351562,128.60000610351562,1145.0,True,False,0.7124330997467041,91.61890411376953,0.7124330997467041,91.6189009757727,LSTM,2,48,64,0.1
test_23,A3,test,23,37.099998474121094,370,118.21446990966797,0.7115085124969482,0.998345673084259,91.5,128.60000610351562,128.60000610351562,1145.0,True,False,0.7124330997467041,91.61890411376953,0.7128705978393555,91.67516323315795,LSTM,2,48,64,0.1
test_23,A3,test,23,37.20000076293945,371,118.21446990966797,0.7107309103012085,0.998345673084259,91.4000015258789,128.60000610351562,128.60000610351562,1145.0,True,False,0.7122558355331421,91.59610748291016,0.7122558355331421,91.5961047968267,LSTM,2,48,64,0.1
test_23,A3,test,23,37.29999923706055,372,118.21446990966797,0.7099533081054688,0.999446451663971,91.30000305175781,128.60000610351562,128.60000610351562,1145.0,True,False,0.7099894285202026,91.30464172363281,0.7099894285202026,91.30464484112963,LSTM,2,48,64,0.1
test_23,A3,test,23,37.400001525878906,373,118.21446990966797,0.709175705909729,0.999446451663971,91.19999694824219,128.60000610351562,128.60000610351562,1145.0,True,False,0.7099894285202026,91.30464172363281,0.7106056213378906,91.38388724124525,LSTM,2,48,64,0.1
test_23,A3,test,23,37.5,374,118.21446990966797,0.7083981037139893,0.998345673084259,91.0999984741211,128.60000610351562,128.60000610351562,1145.0,True,False,0.7099894285202026,91.30464172363281,0.7110128402709961,91.43625559852808,LSTM,2,48,64,0.1
test_23,A3,test,23,37.599998474121094,375,118.21446990966797,0.7076205015182495,1.0,91.0,128.60000610351562,128.60000610351562,1145.0,True,False,0.7099894285202026,91.30464172363281,0.7131125926971436,91.70628377334651,LSTM,2,48,64,0.1
test_23,A3,test,23,37.70000076293945,376,118.21446990966797,0.7068428993225098,1.0,90.9000015258789,128.60000610351562,128.60000610351562,1145.0,True,False,0.7099894285202026,91.30464172363281,0.7136424779891968,91.77442702513872,LSTM,2,48,64,0.1
test_23,A3,test,23,37.79999923706055,377,118.21446990966797,0.70606529712677,0.9961440563201904,90.80000305175781,128.60000610351562,128.60000610351562,1145.0,True,False,0.7099894285202026,91.30464172363281,0.7123163938522339,91.60389259703152,LSTM,2,48,64,0.1
test_23,A3,test,23,37.900001525878906,378,118.21446990966797,0.7052876353263855,0.9896965026855469,90.69999694824219,128.60000610351562,128.60000610351562,1145.0,True,False,0.7075963020324707,90.99688720703125,0.7075963020324707,90.99688876020082,LSTM,2,48,64,0.1
test_23,A3,test,23,38.0,379,118.21446990966797,0.7045100927352905,0.9939424395561218,90.5999984741211,128.60000610351562,128.60000610351562,1145.0,True,False,0.706764280796051,90.889892578125,0.706764280796051,90.889890824119,LSTM,2,48,64,0.1
test_23,A3,test,23,38.099998474121094,380,118.21446990966797,0.7037324905395508,0.9940997362136841,90.5,128.60000610351562,128.60000610351562,1145.0,True,False,0.703209638595581,90.4327621459961,0.703209638595581,90.43276381544274,LSTM,2,48,64,0.1
test_23,A3,test,23,38.20000076293945,381,118.21446990966797,0.702954888343811,0.9939424395561218,90.4000015258789,128.60000610351562,128.60000610351562,1145.0,True,False,0.7019128799438477,90.26599884033203,0.7019128799438477,90.26600064491504,LSTM,2,48,64,0.1
test_23,A3,test,23,38.29999923706055,382,118.21446990966797,0.7021772861480713,0.9939424395561218,90.30000305175781,128.60000610351562,128.60000610351562,1145.0,True,False,0.6979292631149292,89.75370788574219,0.6979292631149292,89.75370749640206,LSTM,2,48,64,0.1
test_23,A3,test,23,38.400001525878906,383,118.21446990966797,0.7013996243476868,0.9929988980293274,90.19999694824219,128.60000610351562,128.60000610351562,1145.0,True,False,0.696709930896759,89.5969009399414,0.696709930896759,89.59690136570316,LSTM,2,48,64,0.1
test_23,A3,test,23,38.5,384,118.21446990966797,0.700622022151947,0.9929988980293274,90.0999984741211,128.60000610351562,128.60000610351562,1145.0,True,False,0.6953257322311401,89.41889190673828,0.6953257322311401,89.41889340885609,LSTM,2,48,64,0.1
test_23,A3,test,23,38.599998474121094,385,118.21446990966797,0.6998444199562073,0.9929988980293274,90.0,128.60000610351562,128.60000610351562,1145.0,True,False,0.6937737464904785,89.21930694580078,0.6937737464904785,89.21930803313444,LSTM,2,48,64,0.1
test_23,A3,test,23,38.70000076293945,386,118.21446990966797,0.6990668773651123,0.9929988980293274,89.9000015258789,128.60000610351562,128.60000610351562,1145.0,True,False,0.6937282085418701,89.21345520019531,0.6937282085418701,89.21345185266546,LSTM,2,48,64,0.1
test_23,A3,test,23,38.79999923706055,387,118.21446990966797,0.6982892751693726,0.9895393252372742,89.80000305175781,128.60000610351562,128.60000610351562,1145.0,True,False,0.6902905702590942,88.77136993408203,0.6902905702590942,88.7713715485188,LSTM,2,48,64,0.1
test_23,A3,test,23,38.900001525878906,388,118.21446990966797,0.697511613368988,0.9906400442123413,89.69999694824219,128.60000610351562,128.60000610351562,1145.0,True,False,0.6887491941452026,88.57315063476562,0.6887491941452026,88.57315057086453,LSTM,2,48,64,0.1
test_23,A3,test,23,39.0,389,118.21446990966797,0.6967340111732483,0.9896965026855469,89.5999984741211,128.60000610351562,128.60000610351562,1145.0,True,False,0.6867647171020508,88.31794738769531,0.6867647171020508,88.31794681100291,LSTM,2,48,64,0.1
test_23,A3,test,23,39.099998474121094,390,118.21446990966797,0.6959564089775085,0.9896965026855469,89.5,128.60000610351562,128.60000610351562,1145.0,True,False,0.6867647171020508,88.31794738769531,0.6871861815452576,88.37214714097172,LSTM,2,48,64,0.1
test_23,A3,test,23,39.20000076293945,391,118.21446990966797,0.6951788067817688,0.9896965026855469,89.4000015258789,128.60000610351562,128.60000610351562,1145.0,True,False,0.6849889159202576,88.0895767211914,0.6849889159202576,88.08957876818567,LSTM,2,48,64,0.1
test_23,A3,test,23,39.29999923706055,392,118.21446990966797,0.6944012641906738,0.9906400442123413,89.30000305175781,128.60000610351562,128.60000610351562,1145.0,True,False,0.6825820803642273,87.78005981445312,0.6825820803642273,87.78005970099002,LSTM,2,48,64,0.1
test_23,A3,test,23,39.400001525878906,393,118.21446990966797,0.6936236023902893,0.9929988980293274,89.19999694824219,128.60000610351562,128.60000610351562,1145.0,True,False,0.6825820803642273,87.78005981445312,0.6837258338928223,87.92714641174825,LSTM,2,48,64,0.1
test_23,A3,test,23,39.5,394,118.21446990966797,0.6928460001945496,0.9929988980293274,89.0999984741211,128.60000610351562,128.60000610351562,1145.0,True,False,0.6825820803642273,87.78005981445312,0.6829736232757568,87.83041212180251,LSTM,2,48,64,0.1
test_23,A3,test,23,39.599998474121094,395,118.21446990966797,0.6920683979988098,0.9929988980293274,89.0,128.60000610351562,128.60000610351562,1145.0,True,False,0.6825820803642273,87.78005981445312,0.6838340759277344,87.94106633809861,LSTM,2,48,64,0.1
test_23,A3,test,23,39.70000076293945,396,118.21446990966797,0.6912907958030701,0.9929988980293274,88.9000015258789,128.60000610351562,128.60000610351562,1145.0,True,False,0.6825820803642273,87.78005981445312,0.6858920454978943,88.20572123738202,LSTM,2,48,64,0.1
test_23,A3,test,23,39.79999923706055,397,118.21446990966797,0.6905131936073303,0.9929988980293274,88.80000305175781,128.60000610351562,128.60000610351562,1145.0,True,False,0.6825820803642273,87.78005981445312,0.6862376928329468,88.25017148677944,LSTM,2,48,64,0.1
test_23,A3,test,23,39.900001525878906,398,118.21446990966797,0.6897355318069458,0.9929988980293274,88.69999694824219,128.60000610351562,128.60000610351562,1145.0,True,False,0.6825820803642273,87.78005981445312,0.6865324974060059,88.28808335667418,LSTM,2,48,64,0.1
test_23,A3,test,23,40.0,399,118.21446990966797,0.6889579892158508,0.9929988980293274,88.5999984741211,128.60000610351562,128.60000610351562,1145.0,True,False,0.6825820803642273,87.78005981445312,0.6885112524032593,88.54255126139833,LSTM,2,48,64,0.1
test_23,A3,test,23,40.099998474121094,400,118.21446990966797,0.6881803870201111,0.9907974004745483,88.5,128.60000610351562,128.60000610351562,1145.0,True,False,0.6825820803642273,87.78005981445312,0.6857926845550537,88.19294341952627,LSTM,2,48,64,0.1
test_23,A3,test,23,40.20000076293945,401,118.21446990966797,0.6874027848243713,0.9896965026855469,88.4000015258789,128.60000610351562,128.60000610351562,1145.0,True,False,0.6825820803642273,87.78005981445312,0.6849114894866943,88.07962172835687,LSTM,2,48,64,0.1
test_23,A3,test,23,40.29999923706055,402,118.21446990966797,0.6866251826286316,0.9896965026855469,88.30000305175781,128.60000610351562,128.60000610351562,1145.0,True,False,0.6825820803642273,87.78005981445312,0.6831132769584656,87.84837158625123,LSTM,2,48,64,0.1
test_23,A3,test,23,40.400001525878906,403,118.21446990966797,0.6858475208282471,0.9896965026855469,88.19999694824219,128.60000610351562,128.60000610351562,1145.0,True,False,0.6817526817321777,87.67340087890625,0.6817526817321777,87.6733990318462,LSTM,2,48,64,0.1
test_23,A3,test,23,40.5,404,118.21446990966797,0.6850699186325073,0.9896965026855469,88.0999984741211,128.60000610351562,128.60000610351562,1145.0,True,False,0.6803898811340332,87.4981460571289,0.6803898811340332,87.49814286660694,LSTM,2,48,64,0.1
test_23,A3,test,23,40.599998474121094,405,118.21446990966797,0.6842923760414124,0.9907974004745483,88.0,128.60000610351562,128.60000610351562,1145.0,True,False,0.6803898811340332,87.4981460571289,0.6808871030807495,87.56208561198946,LSTM,2,48,64,0.1
test_23,A3,test,23,40.70000076293945,406,118.21446990966797,0.6835147738456726,0.9896965026855469,87.9000015258789,128.60000610351562,128.60000610351562,1145.0,True,False,0.6799668073654175,87.44373321533203,0.6799668073654175,87.44373557738072,LSTM,2,48,64,0.1
test_23,A3,test,23,40.79999923706055,407,118.21446990966797,0.6827371716499329,0.9896965026855469,87.80000305175781,128.60000610351562,128.60000610351562,1145.0,True,False,0.678276002407074,87.2262954711914,0.678276002407074,87.22629804941789,LSTM,2,48,64,0.1
test_23,A3,test,23,40.900001525878906,408,118.21446990966797,0.6819595098495483,0.9874948859214783,87.69999694824219,128.60000610351562,128.60000610351562,1145.0,True,False,0.6769780516624451,87.05937957763672,0.6769780516624451,87.05938157573655,LSTM,2,48,64,0.1
test_23,A3,test,23,41.0,409,118.21446990966797,0.6811819076538086,0.9852933883666992,87.5999984741211,128.60000610351562,128.60000610351562,1145.0,True,False,0.6745254993438721,86.74398040771484,0.6745254993438721,86.74398333259887,LSTM,2,48,64,0.1
test_23,A3,test,23,41.099998474121094,410,118.21446990966797,0.6804043054580688,0.9874948859214783,87.5,128.60000610351562,128.60000610351562,1145.0,True,False,0.6745110154151917,86.74211883544922,0.6745110154151917,86.74212069928217,LSTM,2,48,64,0.1
test_23,A3,test,23,41.20000076293945,411,118.21446990966797,0.6796267032623291,0.9874948859214783,87.4000015258789,128.60000610351562,128.60000610351562,1145.0,True,False,0.6732040047645569,86.57403564453125,0.6732040047645569,86.57403912163318,LSTM,2,48,64,0.1
test_23,A3,test,23,41.29999923706055,412,118.21446990966797,0.6788491606712341,0.9852933883666992,87.30000305175781,128.60000610351562,128.60000610351562,1145.0,True,False,0.670434296131134,86.21785736083984,0.670434296131134,86.21785457447004,LSTM,2,48,64,0.1
test_23,A3,test,23,41.400001525878906,413,118.21446990966797,0.6780714988708496,0.9852933883666992,87.19999694824219,128.60000610351562,128.60000610351562,1145.0,True,False,0.670434296131134,86.21785736083984,0.6707799434661865,86.26230482386745,LSTM,2,48,64,0.1
test_23,A3,test,23,41.5,414,118.21446990966797,0.6772938966751099,0.9852933883666992,87.0999984741211,128.60000610351562,128.60000610351562,1145.0,True,False,0.6676456928253174,85.85923767089844,0.6676456928253174,85.85924017232173,LSTM,2,48,64,0.1
test_23,A3,test,23,41.599998474121094,415,118.21446990966797,0.6765162944793701,0.9852933883666992,87.0,128.60000610351562,128.60000610351562,1145.0,True,False,0.6672848463058472,85.81283569335938,0.6672848463058472,85.81283530771543,LSTM,2,48,64,0.1
test_23,A3,test,23,41.70000076293945,416,118.21446990966797,0.6757386922836304,0.9841926097869873,86.9000015258789,128.60000610351562,128.60000610351562,1145.0,True,False,0.6648348569869995,85.49776458740234,0.6648348569869995,85.49776666635807,LSTM,2,48,64,0.1
test_23,A3,test,23,41.79999923706055,417,118.21446990966797,0.6749610900878906,0.9852933883666992,86.80000305175781,128.60000610351562,128.60000610351562,1145.0,True,False,0.664262056350708,85.42410278320312,0.664262056350708,85.42410450103489,LSTM,2,48,64,0.1
test_23,A3,test,23,41.900001525878906,418,118.21446990966797,0.6741834878921509,0.9896965026855469,86.69999694824219,128.60000610351562,128.60000610351562,1145.0,True,False,0.664262056350708,85.42410278320312,0.6663527488708496,85.69296757188567,LSTM,2,48,64,0.1
test_23,A3,test,23,42.0,419,118.21446990966797,0.6734058856964111,0.9896965026855469,86.5999984741211,128.60000610351562,128.60000610351562,1145.0,True,False,0.664262056350708,85.42410278320312,0.6672808527946472,85.81232174215074,LSTM,2,48,64,0.1
test_23,A3,test,23,42.099998474121094,420,118.21446990966797,0.6726282835006714,0.9896965026855469,86.5,128.60000610351562,128.60000610351562,1145.0,True,False,0.664262056350708,85.42410278320312,0.6681774854660034,85.92762870915976,LSTM,2,48,64,0.1
test_23,A3,test,23,42.20000076293945,421,118.21446990966797,0.6718506813049316,0.9895393252372742,86.4000015258789,128.60000610351562,128.60000610351562,1145.0,True,False,0.664262056350708,85.42410278320312,0.6704638004302979,86.22164882752259,LSTM,2,48,64,0.1
test_23,A3,test,23,42.29999923706055,422,118.21446990966797,0.6710730791091919,0.9896965026855469,86.30000305175781,128.60000610351562,128.60000610351562,1145.0,True,False,0.664262056350708,85.42410278320312,0.6718344688415527,86.39791679357586,LSTM,2,48,64,0.1
test_23,A3,test,23,42.400001525878906,423,118.21446990966797,0.6702954173088074,0.9895393252372742,86.19999694824219,128.60000610351562,128.60000610351562,1145.0,True,False,0.664262056350708,85.42410278320312,0.6724296808242798,86.47446105818744,LSTM,2,48,64,0.1
test_23,A3,test,23,42.5,424,118.21446990966797,0.6695178151130676,0.9874948859214783,86.0999984741211,128.60000610351562,128.60000610351562,1145.0,True,False,0.664262056350708,85.42410278320312,0.6729834079742432,86.54567037305242,LSTM,2,48,64,0.1
test_23,A3,test,23,42.599998474121094,425,118.21446990966797,0.6687402725219727,0.9896965026855469,86.0,128.60000610351562,128.60000610351562,1145.0,True,False,0.664262056350708,85.42410278320312,0.6743789911270142,86.72514237501673,LSTM,2,48,64,0.1
test_23,A3,test,23,42.70000076293945,426,118.21446990966797,0.6679626703262329,0.9874948859214783,85.9000015258789,128.60000610351562,128.60000610351562,1145.0,True,False,0.664262056350708,85.42410278320312,0.6732960939407349,86.58588179025173,LSTM,2,48,64,0.1
test_23,A3,test,23,42.79999923706055,427,118.21446990966797,0.6671850681304932,0.9852933883666992,85.80000305175781,128.60000610351562,128.60000610351562,1145.0,True,False,0.664262056350708,85.42410278320312,0.6718229651451111,86.39643741814325,LSTM,2,48,64,0.1
test_23,A3,test,23,42.900001525878906,428,118.21446990966797,0.6664074063301086,0.9852933883666992,85.69999694824219,128.60000610351562,128.60000610351562,1145.0,True,False,0.664262056350708,85.42410278320312,0.6696344614028931,86.11499582353645,LSTM,2,48,64,0.1
test_23,A3,test,23,43.0,429,118.21446990966797,0.6656298041343689,0.9852933883666992,85.5999984741211,128.60000610351562,128.60000610351562,1145.0,True,False,0.664262056350708,85.42410278320312,0.6678008437156677,85.87919257776775,LSTM,2,48,64,0.1
test_23,A3,test,23,43.099998474121094,430,118.21446990966797,0.6648522019386292,0.9852933883666992,85.5,128.60000610351562,128.60000610351562,1145.0,True,False,0.664262056350708,85.42410278320312,0.6671863794326782,85.80017246722491,LSTM,2,48,64,0.1
test_23,A3,test,23,43.20000076293945,431,118.21446990966797,0.6640746593475342,0.9852933883666992,85.4000015258789,128.60000610351562,128.60000610351562,1145.0,True,False,0.664262056350708,85.42410278320312,0.6654379963874817,85.57533039694135,LSTM,2,48,64,0.1
test_23,A3,test,23,43.29999923706055,432,118.21446990966797,0.6632970571517944,0.9852933883666992,85.30000305175781,128.60000610351562,128.60000610351562,1145.0,True,False,0.664262056350708,85.42410278320312,0.6652190685272217,85.54717627277569,LSTM,2,48,64,0.1
test_23,A3,test,23,43.400001525878906,433,118.21446990966797,0.6625193953514099,0.9852933883666992,85.19999694824219,128.60000610351562,128.60000610351562,1145.0,True,False,0.6633238196372986,85.3034439086914,0.6633238196372986,85.3034472539639,LSTM,2,48,64,0.1
test_23,A3,test,23,43.5,434,118.21446990966797,0.6617417931556702,0.9852933883666992,85.0999984741211,128.60000610351562,128.60000610351562,1145.0,True,False,0.6633076071739197,85.30136108398438,0.6633076071739197,85.30136233107442,LSTM,2,48,64,0.1
test_23,A3,test,23,43.599998474121094,435,118.21446990966797,0.6609641909599304,0.9852933883666992,85.0,128.60000610351562,128.60000610351562,1145.0,True,False,0.6621483564376831,85.15228271484375,0.6621483564376831,85.15228267931889,LSTM,2,48,64,0.1
test_23,A3,test,23,43.70000076293945,436,118.21446990966797,0.6601865887641907,0.9841926097869873,84.9000015258789,128.60000610351562,128.60000610351562,1145.0,True,False,0.6621348857879639,85.15055084228516,0.6621348857879639,85.15055035368277,LSTM,2,48,64,0.1
test_23,A3,test,23,43.79999923706055,437,118.21446990966797,0.6594089865684509,0.9849788546562195,84.80000305175781,128.60000610351562,128.60000610351562,1145.0,True,False,0.6621348857879639,85.15055084228516,0.6624940037727356,85.1967329287163,LSTM,2,48,64,0.1
test_23,A3,test,23,43.900001525878906,438,118.21446990966797,0.6586313843727112,0.9848216772079468,84.69999694824219,128.60000610351562,128.60000610351562,1145.0,True,False,0.6621348857879639,85.15055084228516,0.6624150276184082,85.18657659478777,LSTM,2,48,64,0.1
test_23,A3,test,23,44.0,439,118.21446990966797,0.6578537821769714,0.9841926097869873,84.5999984741211,128.60000610351562,128.60000610351562,1145.0,True,False,0.6616382598876953,85.08668518066406,0.6616382598876953,85.08668425987707,LSTM,2,48,64,0.1
test_23,A3,test,23,44.099998474121094,440,118.21446990966797,0.6570761799812317,0.9852933883666992,84.5,128.60000610351562,128.60000610351562,1145.0,True,False,0.6612176299095154,85.0325927734375,0.6612176299095154,85.03259124211581,LSTM,2,48,64,0.1
test_23,A3,test,23,44.20000076293945,441,118.21446990966797,0.6562985777854919,0.9846643805503845,84.4000015258789,128.60000610351562,128.60000610351562,1145.0,True,False,0.6612176299095154,85.0325927734375,0.661261796951294,85.03827112395811,LSTM,2,48,64,0.1
test_23,A3,test,23,44.29999923706055,442,118.21446990966797,0.6555209755897522,0.9845070242881775,84.30000305175781,128.60000610351562,128.60000610351562,1145.0,True,False,0.6605412364006042,84.94561004638672,0.6605412364006042,84.94560703274146,LSTM,2,48,64,0.1
test_23,A3,test,23,44.400001525878906,443,118.21446990966797,0.6547433137893677,0.9852933883666992,84.19999694824219,128.60000610351562,128.60000610351562,1145.0,True,False,0.6599360704421997,84.86778259277344,0.6599360704421997,84.867782686797,LSTM,2,48,64,0.1
test_23,A3,test,23,44.5,444,118.21446990966797,0.6539657711982727,0.9874948859214783,84.0999984741211,128.60000610351562,128.60000610351562,1145.0,True,False,0.6599360704421997,84.86778259277344,0.6618252992630005,85.11073752468292,LSTM,2,48,64,0.1
test_23,A3,test,23,44.599998474121094,445,118.21446990966797,0.653188169002533,0.9874948859214783,84.0,128.60000610351562,128.60000610351562,1145.0,True,False,0.6599360704421997,84.86778259277344,0.6631288528442383,85.27837452318636,LSTM,2,48,64,0.1
test_23,A3,test,23,44.70000076293945,446,118.21446990966797,0.6524105668067932,0.9874948859214783,83.9000015258789,128.60000610351562,128.60000610351562,1145.0,True,False,0.6599360704421997,84.86778259277344,0.6635709404945374,85.33522699771311,LSTM,2,48,64,0.1
test_23,A3,test,23,44.79999923706055,447,118.21446990966797,0.6516329646110535,0.9852933883666992,83.80000305175781,128.60000610351562,128.60000610351562,1145.0,True,False,0.6599360704421997,84.86778259277344,0.6635569334030151,85.33342568565786,LSTM,2,48,64,0.1
test_23,A3,test,23,44.900001525878906,448,118.21446990966797,0.650855302810669,0.9896965026855469,83.69999694824219,128.60000610351562,128.60000610351562,1145.0,True,False,0.6599360704421997,84.86778259277344,0.6667824983596802,85.74823335877227,LSTM,2,48,64,0.1
test_23,A3,test,23,45.0,449,118.21446990966797,0.6500777006149292,0.9874948859214783,83.5999984741211,128.60000610351562,128.60000610351562,1145.0,True,False,0.6599360704421997,84.86778259277344,0.6669986844062805,85.77603488568457,LSTM,2,48,64,0.1
test_23,A3,test,23,45.099998474121094,450,118.21446990966797,0.6493000984191895,0.9841926097869873,83.5,128.60000610351562,128.60000610351562,1145.0,True,False,0.6599360704421997,84.86778259277344,0.6659247875213623,85.63793173972954,LSTM,2,48,64,0.1
test_23,A3,test,23,45.20000076293945,451,118.21446990966797,0.6485225558280945,0.9841926097869873,83.4000015258789,128.60000610351562,128.60000610351562,1145.0,True,False,0.6599360704421997,84.86778259277344,0.6631187200546265,85.27707144638043,LSTM,2,48,64,0.1
test_23,A3,test,23,45.29999923706055,452,118.21446990966797,0.6477449536323547,0.9841926097869873,83.30000305175781,128.60000610351562,128.60000610351562,1145.0,True,False,0.6599360704421997,84.86778259277344,0.6631366014480591,85.279370993685,LSTM,2,48,64,0.1
test_23,A3,test,23,45.400001525878906,453,118.21446990966797,0.6469672918319702,0.9852933883666992,83.19999694824219,128.60000610351562,128.60000610351562,1145.0,True,False,0.6599360704421997,84.86778259277344,0.6627106666564941,85.22459577689006,LSTM,2,48,64,0.1
test_23,A3,test,23,45.5,454,118.21446990966797,0.6461896896362305,0.9841926097869873,83.0999984741211,128.60000610351562,128.60000610351562,1145.0,True,False,0.6599360704421997,84.86778259277344,0.6626412868499756,85.21567353334831,LSTM,2,48,64,0.1
test_23,A3,test,23,45.599998474121094,455,118.21446990966797,0.6454120874404907,0.980890154838562,83.0,128.60000610351562,128.60000610351562,1145.0,True,False,0.6599360704421997,84.86778259277344,0.6614521741867065,85.06275363759414,LSTM,2,48,64,0.1
test_23,A3,test,23,45.70000076293945,456,118.21446990966797,0.644634485244751,0.980890154838562,82.9000015258789,128.60000610351562,128.60000610351562,1145.0,True,False,0.657492995262146,84.55360412597656,0.657492995262146,84.55360320373075,LSTM,2,48,64,0.1
test_23,A3,test,23,45.79999923706055,457,118.21446990966797,0.643856942653656,0.980890154838562,82.80000305175781,128.60000610351562,128.60000610351562,1145.0,True,False,0.6560720205307007,84.37086486816406,0.6560720205307007,84.37086584459394,LSTM,2,48,64,0.1
test_23,A3,test,23,45.900001525878906,458,118.21446990966797,0.6430792808532715,0.980890154838562,82.69999694824219,128.60000610351562,128.60000610351562,1145.0,True,False,0.6560720205307007,84.37086486816406,0.6560782790184021,84.37167068615054,LSTM,2,48,64,0.1
test_23,A3,test,23,46.0,459,118.21446990966797,0.6423016786575317,0.978688657283783,82.5999984741211,128.60000610351562,128.60000610351562,1145.0,True,False,0.6517773866653442,83.81857299804688,0.6517773866653442,83.81857590329673,LSTM,2,48,64,0.1
test_23,A3,test,23,46.099998474121094,460,118.21446990966797,0.641524076461792,0.9788458347320557,82.5,128.60000610351562,128.60000610351562,1145.0,True,False,0.6500891447067261,83.60147094726562,0.6500891447067261,83.60146797711423,LSTM,2,48,64,0.1
test_23,A3,test,23,46.20000076293945,461,118.21446990966797,0.6407464742660522,0.978688657283783,82.4000015258789,128.60000610351562,128.60000610351562,1145.0,True,False,0.6482715606689453,83.36772918701172,0.6482715606689453,83.36772665876197,LSTM,2,48,64,0.1
test_23,A3,test,23,46.29999923706055,462,118.21446990966797,0.6399688720703125,0.978688657283783,82.30000305175781,128.60000610351562,128.60000610351562,1145.0,True,False,0.6466448307037354,83.15853118896484,0.6466448307037354,83.1585291753072,LSTM,2,48,64,0.1
test_23,A3,test,23,46.400001525878906,463,118.21446990966797,0.639191210269928,0.9794749021530151,82.19999694824219,128.60000610351562,128.60000610351562,1145.0,True,False,0.6453924179077148,82.99746704101562,0.6453924179077148,82.99746888209484,LSTM,2,48,64,0.1
test_23,A3,test,23,46.5,464,118.21446990966797,0.638413667678833,0.980890154838562,82.0999984741211,128.60000610351562,128.60000610351562,1145.0,True,False,0.6453924179077148,82.99746704101562,0.6457263231277466,83.04040909542891,LSTM,2,48,64,0.1
test_23,A3,test,23,46.599998474121094,465,118.21446990966797,0.6376360654830933,0.980890154838562,82.0,128.60000610351562,128.60000610351562,1145.0,True,False,0.6453924179077148,82.99746704101562,0.6472105383872986,83.23127918686623,LSTM,2,48,64,0.1
test_23,A3,test,23,46.70000076293945,466,118.21446990966797,0.6368584632873535,0.9791603684425354,81.9000015258789,128.60000610351562,128.60000610351562,1145.0,True,False,0.6453924179077148,82.99746704101562,0.6458873152732849,83.06111268632776,LSTM,2,48,64,0.1
test_23,A3,test,23,46.79999923706055,467,118.21446990966797,0.6360808610916138,0.9752289652824402,81.80000305175781,128.60000610351562,128.60000610351562,1145.0,True,False,0.6436918377876282,82.77877807617188,0.6436918377876282,82.77877426827217,LSTM,2,48,64,0.1
test_23,A3,test,23,46.900001525878906,468,118.21446990966797,0.6353031992912292,0.9700394868850708,81.69999694824219,128.60000610351562,128.60000610351562,1145.0,True,False,0.6399282813072205,82.29478454589844,0.6399282813072205,82.29478088192081,LSTM,2,48,64,0.1
test_23,A3,test,23,47.0,469,118.21446990966797,0.6345255970954895,0.9722411036491394,81.5999984741211,128.60000610351562,128.60000610351562,1145.0,True,False,0.6367358565330505,81.88423156738281,0.6367358565330505,81.88423503647755,LSTM,2,48,64,0.1
test_23,A3,test,23,47.099998474121094,470,118.21446990966797,0.6337480545043945,0.9733418822288513,81.5,128.60000610351562,128.60000610351562,1145.0,True,False,0.6362003087997437,81.81536102294922,0.6362003087997437,81.81536359470556,LSTM,2,48,64,0.1
test_23,A3,test,23,47.20000076293945,471,118.21446990966797,0.6329704523086548,0.9733418822288513,81.4000015258789,128.60000610351562,128.60000610351562,1145.0,True,False,0.6348567008972168,81.642578125,0.6348567008972168,81.64257561023987,LSTM,2,48,64,0.1
test_23,A3,test,23,47.29999923706055,472,118.21446990966797,0.632192850112915,0.9733418822288513,81.30000305175781,128.60000610351562,128.60000610351562,1145.0,True,False,0.6323848962783813,81.32469940185547,0.6323848962783813,81.32470152117094,LSTM,2,48,64,0.1
test_23,A3,test,23,47.400001525878906,473,118.21446990966797,0.6314151883125305,0.9700394868850708,81.19999694824219,128.60000610351562,128.60000610351562,1145.0,True,False,0.6290240287780762,80.89249420166016,0.6290240287780762,80.89249394011858,LSTM,2,48,64,0.1
test_23,A3,test,23,47.5,474,118.21446990966797,0.6306375861167908,0.9755434989929199,81.0999984741211,128.60000610351562,128.60000610351562,1145.0,True,False,0.6290240287780762,80.89249420166016,0.6320902109146118,81.28680498159156,LSTM,2,48,64,0.1
test_23,A3,test,23,47.599998474121094,475,118.21446990966797,0.629859983921051,0.9764870405197144,81.0,128.60000610351562,128.60000610351562,1145.0,True,False,0.6290240287780762,80.89249420166016,0.6291284561157227,80.9059232963773,LSTM,2,48,64,0.1
test_23,A3,test,23,47.70000076293945,476,118.21446990966797,0.6290823817253113,0.9764870405197144,80.9000015258789,128.60000610351562,128.60000610351562,1145.0,True,False,0.6290240287780762,80.89249420166016,0.6292426586151123,80.92060973849584,LSTM,2,48,64,0.1
test_23,A3,test,23,47.79999923706055,477,118.21446990966797,0.6283048391342163,0.9755434989929199,80.80000305175781,128.60000610351562,128.60000610351562,1145.0,True,False,0.6290240287780762,80.89249420166016,0.6310287714004517,81.15030385359205,LSTM,2,48,64,0.1
test_23,A3,test,23,47.900001525878906,478,118.21446990966797,0.6275271773338318,0.9755434989929199,80.69999694824219,128.60000610351562,128.60000610351562,1145.0,True,False,0.6290240287780762,80.89249420166016,0.6310352683067322,81.15113935577938,LSTM,2,48,64,0.1
test_23,A3,test,23,48.0,479,118.21446990966797,0.626749575138092,0.9731846451759338,80.5999984741211,128.60000610351562,128.60000610351562,1145.0,True,False,0.6290240287780762,80.89249420166016,0.6300042271614075,81.01854745819765,LSTM,2,48,64,0.1
test_23,A3,test,23,48.099998474121094,480,118.21446990966797,0.6259719729423523,0.9733418822288513,80.5,128.60000610351562,128.60000610351562,1145.0,True,False,0.6290240287780762,80.89249420166016,0.6292070150375366,80.91602597420206,LSTM,2,48,64,0.1
test_23,A3,test,23,48.20000076293945,481,118.21446990966797,0.6251943707466125,0.9731846451759338,80.4000015258789,128.60000610351562,128.60000610351562,1145.0,True,False,0.6290240287780762,80.89249420166016,0.629501223564148,80.95386119251998,LSTM,2,48,64,0.1
test_23,A3,test,23,48.29999923706055,482,118.21446990966797,0.6244167685508728,0.9720838069915771,80.30000305175781,128.60000610351562,128.60000610351562,1145.0,True,False,0.6283891201019287,80.81084442138672,0.6283891201019287,80.81084468049085,LSTM,2,48,64,0.1
test_23,A3,test,23,48.400001525878906,483,118.21446990966797,0.6236391663551331,0.9722411036491394,80.19999694824219,128.60000610351562,128.60000610351562,1145.0,True,False,0.6268085837364197,80.60758972167969,0.6268085837364197,80.60758769423956,LSTM,2,48,64,0.1
test_23,A3,test,23,48.5,484,118.21446990966797,0.6228615641593933,0.9722411036491394,80.0999984741211,128.60000610351562,128.60000610351562,1145.0,True,False,0.6262601613998413,80.53706359863281,0.6262601613998413,80.53706057840827,LSTM,2,48,64,0.1
test_23,A3,test,23,48.599998474121094,485,118.21446990966797,0.6220839619636536,0.9722411036491394,80.0,128.60000610351562,128.60000610351562,1145.0,True,False,0.626111626625061,80.51795959472656,0.626111626625061,80.51795900546495,LSTM,2,48,64,0.1
test_23,A3,test,23,48.70000076293945,486,118.21446990966797,0.6213063597679138,0.9733418822288513,79.9000015258789,128.60000610351562,128.60000610351562,1145.0,True,False,0.626111626625061,80.51795959472656,0.626164436340332,80.52475033517112,LSTM,2,48,64,0.1
test_23,A3,test,23,48.79999923706055,487,118.21446990966797,0.6205287575721741,0.9723982810974121,79.80000305175781,128.60000610351562,128.60000610351562,1145.0,True,False,0.6242266297340393,80.27555084228516,0.6242266297340393,80.27554839377444,LSTM,2,48,64,0.1
test_23,A3,test,23,48.900001525878906,488,118.21446990966797,0.6197510957717896,0.9755434989929199,79.69999694824219,128.60000610351562,128.60000610351562,1145.0,True,False,0.6242266297340393,80.27555084228516,0.6263256072998047,80.54547692154301,LSTM,2,48,64,0.1
test_23,A3,test,23,49.0,489,118.21446990966797,0.6189734935760498,0.9755434989929199,79.5999984741211,128.60000610351562,128.60000610351562,1145.0,True,False,0.6242266297340393,80.27555084228516,0.6275153160095215,80.698473468874,LSTM,2,48,64,0.1
test_23,A3,test,23,49.099998474121094,490,118.21446990966797,0.6181959509849548,0.9733418822288513,79.5,128.60000610351562,128.60000610351562,1145.0,True,False,0.6242266297340393,80.27555084228516,0.6276364326477051,80.71404906928365,LSTM,2,48,64,0.1
test_23,A3,test,23,49.20000076293945,491,118.21446990966797,0.6174183487892151,0.9723982810974121,79.4000015258789,128.60000610351562,128.60000610351562,1145.0,True,False,0.6242266297340393,80.27555084228516,0.6264431476593018,80.56059261249175,LSTM,2,48,64,0.1
test_23,A3,test,23,49.29999923706055,492,118.21446990966797,0.6166407465934753,0.9722411036491394,79.30000305175781,128.60000610351562,128.60000610351562,1145.0,True,False,0.6242266297340393,80.27555084228516,0.6274121403694153,80.68520508092661,LSTM,2,48,64,0.1
test_23,A3,test,23,49.400001525878906,493,118.21446990966797,0.6158630847930908,0.9722411036491394,79.19999694824219,128.60000610351562,128.60000610351562,1145.0,True,False,0.6242266297340393,80.27555084228516,0.62595534324646,80.49786096202297,LSTM,2,48,64,0.1
test_23,A3,test,23,49.5,494,118.21446990966797,0.6150854825973511,0.9764870405197144,79.0999984741211,128.60000610351562,128.60000610351562,1145.0,True,False,0.6242266297340393,80.27555084228516,0.6281142830848694,80.77550063841954,LSTM,2,48,64,0.1
test_23,A3,test,23,49.599998474121094,495,118.21446990966797,0.6143078804016113,0.9733418822288513,79.0,128.60000610351562,128.60000610351562,1145.0,True,False,0.6242266297340393,80.27555084228516,0.6266487836837769,80.58703740649435,LSTM,2,48,64,0.1
test_23,A3,test,23,49.70000076293945,496,118.21446990966797,0.6135303378105164,0.9705113172531128,78.9000015258789,128.60000610351562,128.60000610351562,1145.0,True,False,0.6242266297340393,80.27555084228516,0.6260479688644409,80.50977261706066,LSTM,2,48,64,0.1
test_23,A3,test,23,49.79999923706055,497,118.21446990966797,0.6127527356147766,0.9678378701210022,78.80000305175781,128.60000610351562,128.60000610351562,1145.0,True,False,0.6236651539802551,80.2033462524414,0.6236651539802551,80.20334260841082,LSTM,2,48,64,0.1
test_23,A3,test,23,49.900001525878906,498,118.21446990966797,0.6119750738143921,0.9667370915412903,78.69999694824219,128.60000610351562,128.60000610351562,1145.0,True,False,0.6214535236358643,79.91893005371094,0.6214535236358643,79.91892693262344,LSTM,2,48,64,0.1
test_23,A3,test,23,50.0,499,118.21446990966797,0.6111974716186523,0.9678378701210022,78.5999984741211,128.60000610351562,128.60000610351562,1145.0,True,False,0.6189864873886108,79.60166931152344,0.6189864873886108,79.60166605616905,LSTM,2,48,64,0.1
test_23,A3,test,23,50.099998474121094,500,118.21446990966797,0.6104198694229126,0.9668943285942078,78.5,128.60000610351562,128.60000610351562,1145.0,True,False,0.6164689660072327,79.27791595458984,0.6164689660072327,79.27791279115809,LSTM,2,48,64,0.1
test_23,A3,test,23,50.20000076293945,501,118.21446990966797,0.6096422672271729,0.9645354747772217,78.4000015258789,128.60000610351562,128.60000610351562,1145.0,True,False,0.6154227256774902,79.14336395263672,0.6154227256774902,79.14336627836747,LSTM,2,48,64,0.1
test_23,A3,test,23,50.29999923706055,502,118.21446990966797,0.6088646650314331,0.9634347558021545,78.30000305175781,128.60000610351562,128.60000610351562,1145.0,True,False,0.6115018129348755,78.6391372680664,0.6115018129348755,78.63913687573586,LSTM,2,48,64,0.1
test_23,A3,test,23,50.400001525878906,503,118.21446990966797,0.6080870628356934,0.9612331390380859,78.19999694824219,128.60000610351562,128.60000610351562,1145.0,True,False,0.6084396839141846,78.24534606933594,0.6084396839141846,78.24534706498525,LSTM,2,48,64,0.1
test_23,A3,test,23,50.5,504,118.21446990966797,0.6073094606399536,0.9579307436943054,78.0999984741211,128.60000610351562,128.60000610351562,1145.0,True,False,0.6053263545036316,77.844970703125,0.6053263545036316,77.84497288378589,LSTM,2,48,64,0.1
test_23,A3,test,23,50.599998474121094,505,118.21446990966797,0.6065318584442139,0.9579307436943054,78.0,128.60000610351562,128.60000610351562,1145.0,True,False,0.6019615530967712,77.41226196289062,0.6019615530967712,77.41225940232653,LSTM,2,48,64,0.1
test_23,A3,test,23,50.70000076293945,506,118.21446990966797,0.6057542562484741,0.9557291269302368,77.9000015258789,128.60000610351562,128.60000610351562,1145.0,True,False,0.5972145199775696,76.80178833007812,0.5972145199775696,76.8017909142236,LSTM,2,48,64,0.1
test_23,A3,test,23,50.79999923706055,507,118.21446990966797,0.6049766540527344,0.9546283483505249,77.80000305175781,128.60000610351562,128.60000610351562,1145.0,True,False,0.5926253795623779,76.21162414550781,0.5926253795623779,76.21162742882007,LSTM,2,48,64,0.1
test_23,A3,test,23,50.900001525878906,508,118.21446990966797,0.6041989922523499,0.9546283483505249,77.69999694824219,128.60000610351562,128.60000610351562,1145.0,True,False,0.5906187891960144,75.95358276367188,0.5906187891960144,75.95357989545846,LSTM,2,48,64,0.1
test_23,A3,test,23,51.0,509,118.21446990966797,0.6034214496612549,0.9524267315864563,77.5999984741211,128.60000610351562,128.60000610351562,1145.0,True,False,0.5882778763771057,75.65254211425781,0.5882778763771057,75.652538492659,LSTM,2,48,64,0.1
test_23,A3,test,23,51.099998474121094,510,118.21446990966797,0.6026438474655151,0.9546283483505249,77.5,128.60000610351562,128.60000610351562,1145.0,True,False,0.5873314142227173,75.53082275390625,0.5873314142227173,75.5308234538279,LSTM,2,48,64,0.1
test_23,A3,test,23,51.20000076293945,511,118.21446990966797,0.6018662452697754,0.9524267315864563,77.4000015258789,128.60000610351562,128.60000610351562,1145.0,True,False,0.585162341594696,75.25188446044922,0.585162341594696,75.2518807006254,LSTM,2,48,64,0.1
test_23,A3,test,23,51.29999923706055,512,118.21446990966797,0.6010886430740356,0.9524267315864563,77.30000305175781,128.60000610351562,128.60000610351562,1145.0,True,False,0.5837913155555725,75.07556915283203,0.5837913155555725,75.07556674362604,LSTM,2,48,64,0.1
test_23,A3,test,23,51.400001525878906,513,118.21446990966797,0.6003109812736511,0.9524267315864563,77.19999694824219,128.60000610351562,128.60000610351562,1145.0,True,False,0.5811668634414673,74.7380599975586,0.5811668634414673,74.73806218573372,LSTM,2,48,64,0.1
test_23,A3,test,23,51.5,514,118.21446990966797,0.5995333790779114,0.9524267315864563,77.0999984741211,128.60000610351562,128.60000610351562,1145.0,True,False,0.5800503492355347,74.59447479248047,0.5800503492355347,74.59447845203613,LSTM,2,48,64,0.1
test_23,A3,test,23,51.599998474121094,515,118.21446990966797,0.5987557768821716,0.9525840878486633,77.0,128.60000610351562,128.60000610351562,1145.0,True,False,0.5780042409896851,74.33135223388672,0.5780042409896851,74.33134891913141,LSTM,2,48,64,0.1
test_23,A3,test,23,51.70000076293945,516,118.21446990966797,0.5979782342910767,0.9543138742446899,76.9000015258789,128.60000610351562,128.60000610351562,1145.0,True,False,0.5780042409896851,74.33135223388672,0.5787087678909302,74.42195108293163,LSTM,2,48,64,0.1
test_23,A3,test,23,51.79999923706055,517,118.21446990966797,0.5972006320953369,0.9547855854034424,76.80000305175781,128.60000610351562,128.60000610351562,1145.0,True,False,0.5780042409896851,74.33135223388672,0.5789290070533752,74.4502738405663,LSTM,2,48,64,0.1
test_23,A3,test,23,51.900001525878906,518,118.21446990966797,0.5964229702949524,0.9549428820610046,76.69999694824219,128.60000610351562,128.60000610351562,1145.0,True,False,0.5780042409896851,74.33135223388672,0.5783888101577759,74.38080451649512,LSTM,2,48,64,0.1
test_23,A3,test,23,52.0,519,118.21446990966797,0.5956453680992126,0.9547855854034424,76.5999984741211,128.60000610351562,128.60000610351562,1145.0,True,False,0.5780042409896851,74.33135223388672,0.5786368250846863,74.41269923760956,LSTM,2,48,64,0.1
test_23,A3,test,23,52.099998474121094,520,118.21446990966797,0.5948677659034729,0.9524267315864563,76.5,128.60000610351562,128.60000610351562,1145.0,True,False,0.5780042409896851,74.33135223388672,0.5790104866027832,74.46075211111747,LSTM,2,48,64,0.1
test_23,A3,test,23,52.20000076293945,521,118.21446990966797,0.5940901637077332,0.9524267315864563,76.4000015258789,128.60000610351562,128.60000610351562,1145.0,True,False,0.5780042409896851,74.33135223388672,0.578718900680542,74.42325415973755,LSTM,2,48,64,0.1
test_23,A3,test,23,52.29999923706055,522,118.21446990966797,0.5933126211166382,0.9525840878486633,76.30000305175781,128.60000610351562,128.60000610351562,1145.0,True,False,0.5780042409896851,74.33135223388672,0.578963041305542,74.45465064560267,LSTM,2,48,64,0.1
test_23,A3,test,23,52.400001525878906,523,118.21446990966797,0.5925349593162537,0.9524267315864563,76.19999694824219,128.60000610351562,128.60000610351562,1145.0,True,False,0.5780042409896851,74.33135223388672,0.5783339142799377,74.37374490627008,LSTM,2,48,64,0.1
test_23,A3,test,23,52.5,524,118.21446990966797,0.5917573571205139,0.9524267315864563,76.0999984741211,128.60000610351562,128.60000610351562,1145.0,True,False,0.5776180028915405,74.28167724609375,0.5776180028915405,74.28167869735262,LSTM,2,48,64,0.1
test_23,A3,test,23,52.599998474121094,525,118.21446990966797,0.5909797549247742,0.9524267315864563,76.0,128.60000610351562,128.60000610351562,1145.0,True,False,0.5775980949401855,74.27912139892578,0.5775980949401855,74.27911853468686,LSTM,2,48,64,0.1
test_23,A3,test,23,52.70000076293945,526,118.21446990966797,0.5902021527290344,0.9546283483505249,75.9000015258789,128.60000610351562,128.60000610351562,1145.0,True,False,0.5775980949401855,74.27912139892578,0.5776873230934143,74.29059327573668,LSTM,2,48,64,0.1
test_23,A3,test,23,52.79999923706055,527,118.21446990966797,0.5894245505332947,0.9546283483505249,75.80000305175781,128.60000610351562,128.60000610351562,1145.0,True,False,0.5775980949401855,74.27912139892578,0.5779353380203247,74.32248799685112,LSTM,2,48,64,0.1
test_23,A3,test,23,52.900001525878906,528,118.21446990966797,0.5886468887329102,0.9524267315864563,75.69999694824219,128.60000610351562,128.60000610351562,1145.0,True,False,0.5772032141685486,74.22834014892578,0.5772032141685486,74.22833686504418,LSTM,2,48,64,0.1
test_23,A3,test,23,53.0,529,118.21446990966797,0.5878693461418152,0.9557291269302368,75.5999984741211,128.60000610351562,128.60000610351562,1145.0,True,False,0.5772032141685486,74.22834014892578,0.5784301161766052,74.38611647076868,LSTM,2,48,64,0.1
test_23,A3,test,23,53.099998474121094,530,118.21446990966797,0.5870917439460754,0.9546283483505249,75.5,128.60000610351562,128.60000610351562,1145.0,True,False,0.5772032141685486,74.22834014892578,0.5788418054580688,74.43905971487766,LSTM,2,48,64,0.1
test_23,A3,test,23,53.20000076293945,531,118.21446990966797,0.5863141417503357,0.9612331390380859,75.4000015258789,128.60000610351562,128.60000610351562,1145.0,True,False,0.5772032141685486,74.22834014892578,0.5843165516853333,75.14311211311906,LSTM,2,48,64,0.1
test_23,A3,test,23,53.29999923706055,532,118.21446990966797,0.585536539554596,0.9579307436943054,75.30000305175781,128.60000610351562,128.60000610351562,1145.0,True,False,0.5772032141685486,74.22834014892578,0.5820083022117615,74.84627121672929,LSTM,2,48,64,0.1
test_23,A3,test,23,53.400001525878906,533,118.21446990966797,0.5847588777542114,0.9579307436943054,75.19999694824219,128.60000610351562,128.60000610351562,1145.0,True,False,0.5772032141685486,74.22834014892578,0.5827083587646484,74.93629849370336,LSTM,2,48,64,0.1
test_23,A3,test,23,53.5,534,118.21446990966797,0.5839812755584717,0.9549428820610046,75.0999984741211,128.60000610351562,128.60000610351562,1145.0,True,False,0.5772032141685486,74.22834014892578,0.5841248035430908,75.11845330085634,LSTM,2,48,64,0.1
test_23,A3,test,23,53.599998474121094,535,118.21446990966797,0.5832037329673767,0.9530557990074158,75.0,128.60000610351562,128.60000610351562,1145.0,True,False,0.5772032141685486,74.22834014892578,0.5841906070709229,75.12691563493718,LSTM,2,48,64,0.1
test_23,A3,test,23,53.70000076293945,536,118.21446990966797,0.582426130771637,0.9492816925048828,74.9000015258789,128.60000610351562,128.60000610351562,1145.0,True,False,0.5772032141685486,74.22834014892578,0.5821825265884399,74.86867647263352,LSTM,2,48,64,0.1
test_23,A3,test,23,53.79999923706055,537,118.21446990966797,0.5816485285758972,0.9459792971611023,74.80000305175781,128.60000610351562,128.60000610351562,1145.0,True,False,0.5772032141685486,74.22834014892578,0.5786423087120056,74.4134044321163,LSTM,2,48,64,0.1
test_23,A3,test,23,53.900001525878906,538,118.21446990966797,0.5808708667755127,0.9459792971611023,74.69999694824219,128.60000610351562,128.60000610351562,1145.0,True,False,0.5754096508026123,73.99768829345703,0.5754096508026123,73.99768460523774,LSTM,2,48,64,0.1
test_23,A3,test,23,54.0,539,118.21446990966797,0.580093264579773,0.9448784589767456,74.5999984741211,128.60000610351562,128.60000610351562,1145.0,True,False,0.571904182434082,73.54688262939453,0.571904182434082,73.54688135164906,LSTM,2,48,64,0.1
test_23,A3,test,23,54.099998474121094,540,118.21446990966797,0.5793156623840332,0.9437776803970337,74.5,128.60000610351562,128.60000610351562,1145.0,True,False,0.5690827965736389,73.18405151367188,0.5690827965736389,73.1840511127757,LSTM,2,48,64,0.1
test_23,A3,test,23,54.20000076293945,541,118.21446990966797,0.5785380601882935,0.942676842212677,74.4000015258789,128.60000610351562,128.60000610351562,1145.0,True,False,0.5674611330032349,72.97550201416016,0.5674611330032349,72.9755051677239,LSTM,2,48,64,0.1
test_23,A3,test,23,54.29999923706055,542,118.21446990966797,0.5777605175971985,0.938430905342102,74.30000305175781,128.60000610351562,128.60000610351562,1145.0,True,False,0.5640361905097961,72.5350570678711,0.5640361905097961,72.53505754216349,LSTM,2,48,64,0.1
test_23,A3,test,23,54.400001525878906,543,118.21446990966797,0.576982855796814,0.938430905342102,74.19999694824219,128.60000610351562,128.60000610351562,1145.0,True,False,0.5611482858657837,72.1636734008789,0.5611482858657837,72.16367298731711,LSTM,2,48,64,0.1
test_23,A3,test,23,54.5,544,118.21446990966797,0.5762052536010742,0.9406325221061707,74.0999984741211,128.60000610351562,128.60000610351562,1145.0,True,False,0.5599671602249146,72.01177978515625,0.5599671602249146,72.01178022269232,LSTM,2,48,64,0.1
test_23,A3,test,23,54.599998474121094,545,118.21446990966797,0.5754276514053345,0.9406325221061707,74.0,128.60000610351562,128.60000610351562,1145.0,True,False,0.5579705238342285,71.75501251220703,0.5579705238342285,71.7550127706636,LSTM,2,48,64,0.1
test_23,A3,test,23,54.70000076293945,546,118.21446990966797,0.5746500492095947,0.9406325221061707,73.9000015258789,128.60000610351562,128.60000610351562,1145.0,True,False,0.5573499202728271,71.67520141601562,0.5573499202728271,71.67520314887952,LSTM,2,48,64,0.1
test_23,A3,test,23,54.79999923706055,547,118.21446990966797,0.573872447013855,0.9406325221061707,73.80000305175781,128.60000610351562,128.60000610351562,1145.0,True,False,0.5563804507255554,71.55052947998047,0.5563804507255554,71.5505293591832,LSTM,2,48,64,0.1
test_23,A3,test,23,54.900001525878906,548,118.21446990966797,0.5730948448181152,0.9406325221061707,73.69999694824219,128.60000610351562,128.60000610351562,1145.0,True,False,0.5556420087814331,71.45556640625,0.5556420087814331,71.45556572066198,LSTM,2,48,64,0.1
test_23,A3,test,23,55.0,549,118.21446990966797,0.5723172426223755,0.942676842212677,73.5999984741211,128.60000610351562,128.60000610351562,1145.0,True,False,0.5555177927017212,71.43959045410156,0.5555177927017212,71.43959153205287,LSTM,2,48,64,0.1
test_23,A3,test,23,55.099998474121094,550,118.21446990966797,0.5715396404266357,0.942676842212677,73.5,128.60000610351562,128.60000610351562,1145.0,True,False,0.5555177927017212,71.43959045410156,0.5555580258369446,71.44476551348816,LSTM,2,48,64,0.1
test_23,A3,test,23,55.20000076293945,551,118.21446990966797,0.570762038230896,0.942676842212677,73.4000015258789,128.60000610351562,128.60000610351562,1145.0,True,False,0.5555177927017212,71.43959045410156,0.5563533306121826,71.54704171243793,LSTM,2,48,64,0.1
test_23,A3,test,23,55.29999923706055,552,118.21446990966797,0.5699844360351562,0.9437776803970337,73.30000305175781,128.60000610351562,128.60000610351562,1145.0,True,False,0.5555177927017212,71.43959045410156,0.5562582015991211,71.5348081207776,LSTM,2,48,64,0.1
test_23,A3,test,23,55.400001525878906,553,118.21446990966797,0.5692067742347717,0.9437776803970337,73.19999694824219,128.60000610351562,128.60000610351562,1145.0,True,False,0.5555177927017212,71.43959045410156,0.5565534234046936,71.57277364677611,LSTM,2,48,64,0.1
test_23,A3,test,23,55.5,554,118.21446990966797,0.568429172039032,0.942676842212677,73.0999984741211,128.60000610351562,128.60000610351562,1145.0,True,False,0.5555177927017212,71.43959045410156,0.5574497580528259,71.68804228799672,LSTM,2,48,64,0.1
test_23,A3,test,23,55.599998474121094,555,118.21446990966797,0.567651629447937,0.942676842212677,73.0,128.60000610351562,128.60000610351562,1145.0,True,False,0.5555177927017212,71.43959045410156,0.5568651556968689,71.61286242145252,LSTM,2,48,64,0.1
test_23,A3,test,23,55.70000076293945,556,118.21446990966797,0.5668740272521973,0.938430905342102,72.9000015258789,128.60000610351562,128.60000610351562,1145.0,True,False,0.5555177927017212,71.43959045410156,0.5572878122329712,71.66721605457496,LSTM,2,48,64,0.1
test_23,A3,test,23,55.79999923706055,557,118.21446990966797,0.5660964250564575,0.9373301863670349,72.80000305175781,128.60000610351562,128.60000610351562,1145.0,True,False,0.5554479360580444,71.43061065673828,0.5554479360580444,71.43060796724967,LSTM,2,48,64,0.1
test_23,A3,test,23,55.900001525878906,558,118.21446990966797,0.565318763256073,0.938430905342102,72.69999694824219,128.60000610351562,128.60000610351562,1145.0,True,False,0.5544939637184143,71.30792999267578,0.5544939637184143,71.30792711855065,LSTM,2,48,64,0.1
test_23,A3,test,23,56.0,559,118.21446990966797,0.5645411610603333,0.9373301863670349,72.5999984741211,128.60000610351562,128.60000610351562,1145.0,True,False,0.5523101091384888,71.02708435058594,0.5523101091384888,71.02708340624304,LSTM,2,48,64,0.1
test_23,A3,test,23,56.099998474121094,560,118.21446990966797,0.5637635588645935,0.9385882019996643,72.5,128.60000610351562,128.60000610351562,1145.0,True,False,0.5521263480186462,71.00344848632812,0.5521263480186462,71.0034517251097,LSTM,2,48,64,0.1
test_23,A3,test,23,56.20000076293945,561,118.21446990966797,0.5629860162734985,0.9406325221061707,72.4000015258789,128.60000610351562,128.60000610351562,1145.0,True,False,0.5521263480186462,71.00344848632812,0.5531247854232788,71.13185078143943,LSTM,2,48,64,0.1
test_23,A3,test,23,56.29999923706055,562,118.21446990966797,0.5622084140777588,0.9406325221061707,72.30000305175781,128.60000610351562,128.60000610351562,1145.0,True,False,0.5518370866775513,70.96625518798828,0.5518370866775513,70.96625271487937,LSTM,2,48,64,0.1
test_23,A3,test,23,56.400001525878906,563,118.21446990966797,0.5614307522773743,0.9406325221061707,72.19999694824219,128.60000610351562,128.60000610351562,1145.0,True,False,0.5518370866775513,70.96625518798828,0.5522940754890442,71.0250214788266,LSTM,2,48,64,0.1
test_23,A3,test,23,56.5,564,118.21446990966797,0.5606531500816345,0.9417333006858826,72.0999984741211,128.60000610351562,128.60000610351562,1145.0,True,False,0.5518370866775513,70.96625518798828,0.5535444617271423,71.18582115667778,LSTM,2,48,64,0.1
test_23,A3,test,23,56.599998474121094,565,118.21446990966797,0.5598755478858948,0.9425196647644043,72.0,128.60000610351562,128.60000610351562,1145.0,True,False,0.5518370866775513,70.96625518798828,0.5537834167480469,71.21655077382457,LSTM,2,48,64,0.1
test_23,A3,test,23,56.70000076293945,566,118.21446990966797,0.559097945690155,0.9406325221061707,71.9000015258789,128.60000610351562,128.60000610351562,1145.0,True,False,0.5518370866775513,70.96625518798828,0.5534250140190125,71.17046018068322,LSTM,2,48,64,0.1
test_23,A3,test,23,56.79999923706055,567,118.21446990966797,0.5583203434944153,0.938430905342102,71.80000305175781,128.60000610351562,128.60000610351562,1145.0,True,False,0.5518370866775513,70.96625518798828,0.5538280606269836,71.22229197692832,LSTM,2,48,64,0.1
test_23,A3,test,23,56.900001525878906,568,118.21446990966797,0.5575427412986755,0.9367011189460754,71.69999694824219,128.60000610351562,128.60000610351562,1145.0,True,False,0.5518370866775513,70.96625518798828,0.5529149770736694,71.10486942639909,LSTM,2,48,64,0.1
test_23,A3,test,23,57.0,569,118.21446990966797,0.5567651391029358,0.9354430437088013,71.5999984741211,128.60000610351562,128.60000610351562,1145.0,True,False,0.5518370866775513,70.96625518798828,0.5518966913223267,70.97391787256129,LSTM,2,48,64,0.1
test_23,A3,test,23,57.099998474121094,570,118.21446990966797,0.555987536907196,0.9373301863670349,71.5,128.60000610351562,128.60000610351562,1145.0,True,False,0.5507143139839172,70.82186126708984,0.5507143139839172,70.82186413962518,LSTM,2,48,64,0.1
test_23,A3,test,23,57.20000076293945,571,118.21446990966797,0.5552099347114563,0.9351285696029663,71.4000015258789,128.60000610351562,128.60000610351562,1145.0,True,False,0.5499439239501953,70.72279357910156,0.5499439239501953,70.72279197658645,LSTM,2,48,64,0.1
test_23,A3,test,23,57.29999923706055,572,118.21446990966797,0.5544323325157166,0.9351285696029663,71.30000305175781,128.60000610351562,128.60000610351562,1145.0,True,False,0.5480597019195557,70.48048400878906,0.5480597019195557,70.48048101194581,LSTM,2,48,64,0.1
test_23,A3,test,23,57.400001525878906,573,118.21446990966797,0.553654670715332,0.9373301863670349,71.19999694824219,128.60000610351562,128.60000610351562,1145.0,True,False,0.5479692220687866,70.46884155273438,0.5479692220687866,70.46884530258467,LSTM,2,48,64,0.1
test_23,A3,test,23,57.5,574,118.21446990966797,0.5528771281242371,0.938430905342102,71.0999984741211,128.60000610351562,128.60000610351562,1145.0,True,False,0.5479692220687866,70.46884155273438,0.5480525493621826,70.47956119302398,LSTM,2,48,64,0.1
test_23,A3,test,23,57.599998474121094,575,118.21446990966797,0.5520995259284973,0.9373301863670349,71.0,128.60000610351562,128.60000610351562,1145.0,True,False,0.5479692220687866,70.46884155273438,0.5485692620277405,70.54601044496849,LSTM,2,48,64,0.1
test_23,A3,test,23,57.70000076293945,576,118.21446990966797,0.5513219237327576,0.9296245574951172,70.9000015258789,128.60000610351562,128.60000610351562,1145.0,True,False,0.5479692220687866,70.46884155273438,0.54912930727005,70.61803226654774,LSTM,2,48,64,0.1
test_23,A3,test,23,57.79999923706055,577,118.21446990966797,0.5505443215370178,0.9351285696029663,70.80000305175781,128.60000610351562,128.60000610351562,1145.0,True,False,0.5479692220687866,70.46884155273438,0.5489219427108765,70.59136518297237,LSTM,2,48,64,0.1
test_23,A3,test,23,57.900001525878906,578,118.21446990966797,0.5497666597366333,0.9351285696029663,70.69999694824219,128.60000610351562,128.60000610351562,1145.0,True,False,0.5473827123641968,70.39341735839844,0.5473827123641968,70.39342015099464,LSTM,2,48,64,0.1
test_23,A3,test,23,58.0,579,118.21446990966797,0.5489890575408936,0.9340277910232544,70.5999984741211,128.60000610351562,128.60000610351562,1145.0,True,False,0.546501100063324,70.28004455566406,0.546501100063324,70.28004480372147,LSTM,2,48,64,0.1
test_23,A3,test,23,58.099998474121094,580,118.21446990966797,0.5482114553451538,0.9318261742591858,70.5,128.60000610351562,128.60000610351562,1145.0,True,False,0.5448290109634399,70.06501770019531,0.5448290109634399,70.06501413527076,LSTM,2,48,64,0.1
test_23,A3,test,23,58.20000076293945,581,118.21446990966797,0.5474339127540588,0.9296245574951172,70.4000015258789,128.60000610351562,128.60000610351562,1145.0,True,False,0.5436117649078369,69.90847778320312,0.5436117649078369,69.90847628509073,LSTM,2,48,64,0.1
test_23,A3,test,23,58.29999923706055,582,118.21446990966797,0.5466563105583191,0.9296245574951172,70.30000305175781,128.60000610351562,128.60000610351562,1145.0,True,False,0.5418237447738647,69.67853546142578,0.5418237447738647,69.6785368849487,LSTM,2,48,64,0.1
test_23,A3,test,23,58.400001525878906,583,118.21446990966797,0.5458786487579346,0.9285237789154053,70.19999694824219,128.60000610351562,128.60000610351562,1145.0,True,False,0.5404456853866577,69.5013198852539,0.5404456853866577,69.50131843934287,LSTM,2,48,64,0.1
test_23,A3,test,23,58.5,584,118.21446990966797,0.5451010465621948,0.9285237789154053,70.0999984741211,128.60000610351562,128.60000610351562,1145.0,True,False,0.5394235253334045,69.36986541748047,0.5394235253334045,69.36986865025574,LSTM,2,48,64,0.1
test_23,A3,test,23,58.599998474121094,585,118.21446990966797,0.5443234443664551,0.9263221621513367,70.0,128.60000610351562,128.60000610351562,1145.0,True,False,0.5376405119895935,69.14057159423828,0.5376405119895935,69.14057312335899,LSTM,2,48,64,0.1
test_23,A3,test,23,58.70000076293945,586,118.21446990966797,0.5435458421707153,0.9266366958618164,69.9000015258789,128.60000610351562,128.60000610351562,1145.0,True,False,0.5369536876678467,69.05224609375,0.5369536876678467,69.0522475113903,LSTM,2,48,64,0.1
test_23,A3,test,23,58.79999923706055,587,118.21446990966797,0.5427682995796204,0.9252214431762695,69.80000305175781,128.60000610351562,128.60000610351562,1145.0,True,False,0.5358189940452576,68.90632629394531,0.5358189940452576,68.90632590459973,LSTM,2,48,64,0.1
test_23,A3,test,23,58.900001525878906,588,118.21446990966797,0.5419906377792358,0.9255359172821045,69.69999694824219,128.60000610351562,128.60000610351562,1145.0,True,False,0.535185694694519,68.82488250732422,0.535185694694519,68.8248836042294,LSTM,2,48,64,0.1
test_23,A3,test,23,59.0,589,118.21446990966797,0.5412130355834961,0.9230198264122009,69.5999984741211,128.60000610351562,128.60000610351562,1145.0,True,False,0.5337710976600647,68.6429672241211,0.5337710976600647,68.64296641696455,LSTM,2,48,64,0.1
test_23,A3,test,23,59.099998474121094,590,118.21446990966797,0.5404354333877563,0.9211326837539673,69.5,128.60000610351562,128.60000610351562,1145.0,True,False,0.5318565964698792,68.39675903320312,0.5318565964698792,68.3967615522215,LSTM,2,48,64,0.1
test_23,A3,test,23,59.20000076293945,591,118.21446990966797,0.5396578311920166,0.9231771230697632,69.4000015258789,128.60000610351562,128.60000610351562,1145.0,True,False,0.5312169790267944,68.31450653076172,0.5312169790267944,68.3145067451369,LSTM,2,48,64,0.1
test_23,A3,test,23,59.29999923706055,592,118.21446990966797,0.5388802289962769,0.9250640869140625,69.30000305175781,128.60000610351562,128.60000610351562,1145.0,True,False,0.5303760170936584,68.20635986328125,0.5303760170936584,68.20635903540278,LSTM,2,48,64,0.1
test_23,A3,test,23,59.400001525878906,593,118.21446990966797,0.5381025671958923,0.9258504509925842,69.19999694824219,128.60000610351562,128.60000610351562,1145.0,True,False,0.5292899012565613,68.06668090820312,0.5292899012565613,68.06668453212296,LSTM,2,48,64,0.1
test_23,A3,test,23,59.5,594,118.21446990966797,0.5373250246047974,0.9263221621513367,69.0999984741211,128.60000610351562,128.60000610351562,1145.0,True,False,0.5292899012565613,68.06668090820312,0.5294340252876282,68.08521888339783,LSTM,2,48,64,0.1
test_23,A3,test,23,59.599998474121094,595,118.21446990966797,0.5365474224090576,0.9255359172821045,69.0,128.60000610351562,128.60000610351562,1145.0,True,False,0.5292899012565613,68.06668090820312,0.5293781161308289,68.0780289654922,LSTM,2,48,64,0.1
test_23,A3,test,23,59.70000076293945,596,118.21446990966797,0.5357698202133179,0.9231771230697632,68.9000015258789,128.60000610351562,128.60000610351562,1145.0,True,False,0.5289263129234314,68.01992797851562,0.5289263129234314,68.0199270702633,LSTM,2,48,64,0.1
test_23,A3,test,23,59.79999923706055,597,118.21446990966797,0.5349922180175781,0.9211326837539673,68.80000305175781,128.60000610351562,128.60000610351562,1145.0,True,False,0.5289263129234314,68.01992797851562,0.5294368267059326,68.08557914580888,LSTM,2,48,64,0.1
test_23,A3,test,23,59.900001525878906,598,118.21446990966797,0.5342145562171936,0.9209755063056946,68.69999694824219,128.60000610351562,128.60000610351562,1145.0,True,False,0.5283674001693726,67.94805145263672,0.5283674001693726,67.94805088668,LSTM,2,48,64,0.1
test_23,A3,test,23,60.0,599,118.21446990966797,0.5334369540214539,0.9208182096481323,68.5999984741211,128.60000610351562,128.60000610351562,1145.0,True,False,0.5281534790992737,67.92053985595703,0.5281534790992737,67.92054063575961,LSTM,2,48,64,0.1
test_23,A3,test,23,60.099998474121094,600,118.21446990966797,0.5326594114303589,0.9209755063056946,68.5,128.60000610351562,128.60000610351562,1145.0,True,False,0.5263877511024475,67.69346618652344,0.5263877511024475,67.69346800459061,LSTM,2,48,64,0.1
test_23,A3,test,23,60.20000076293945,601,118.21446990966797,0.5318818092346191,0.9231771230697632,68.4000015258789,128.60000610351562,128.60000610351562,1145.0,True,False,0.5263877511024475,67.69346618652344,0.5272671580314636,67.80655974102956,LSTM,2,48,64,0.1
test_23,A3,test,23,60.29999923706055,602,118.21446990966797,0.5311042070388794,0.9198747277259827,68.30000305175781,128.60000610351562,128.60000610351562,1145.0,True,False,0.5263319611549377,67.68629455566406,0.5263319611549377,67.68629341700034,LSTM,2,48,64,0.1
test_23,A3,test,23,60.400001525878906,603,118.21446990966797,0.5303265452384949,0.9198747277259827,68.19999694824219,128.60000610351562,128.60000610351562,1145.0,True,False,0.5260649919509888,67.65196228027344,0.5260649919509888,67.65196117574305,LSTM,2,48,64,0.1
test_23,A3,test,23,60.5,604,118.21446990966797,0.5295489430427551,0.9198747277259827,68.0999984741211,128.60000610351562,128.60000610351562,1145.0,True,False,0.5251304507255554,67.53177642822266,0.5251304507255554,67.53177916844834,LSTM,2,48,64,0.1
test_23,A3,test,23,60.599998474121094,605,118.21446990966797,0.5287713408470154,0.9208182096481323,68.0,128.60000610351562,128.60000610351562,1145.0,True,False,0.5251304507255554,67.53177642822266,0.525653064250946,67.59898727100335,LSTM,2,48,64,0.1
test_23,A3,test,23,60.70000076293945,606,118.21446990966797,0.5279937386512756,0.9175158143043518,67.9000015258789,128.60000610351562,128.60000610351562,1145.0,True,False,0.5251304507255554,67.53177642822266,0.5252466797828674,67.54672622592807,LSTM,2,48,64,0.1
test_23,A3,test,23,60.79999923706055,607,118.21446990966797,0.5272161960601807,0.9175158143043518,67.80000305175781,128.60000610351562,128.60000610351562,1145.0,True,False,0.5245151519775391,67.45265197753906,0.5245151519775391,67.45265174569795,LSTM,2,48,64,0.1
test_23,A3,test,23,60.900001525878906,608,118.21446990966797,0.5264385342597961,0.9165722727775574,67.69999694824219,128.60000610351562,128.60000610351562,1145.0,True,False,0.5227518677711487,67.22589111328125,0.5227518677711487,67.22589338599391,LSTM,2,48,64,0.1
test_23,A3,test,23,61.0,609,118.21446990966797,0.5256609320640564,0.9165722727775574,67.5999984741211,128.60000610351562,128.60000610351562,1145.0,True,False,0.5220834016799927,67.13993072509766,0.5220834016799927,67.13992864259126,LSTM,2,48,64,0.1
test_23,A3,test,23,61.099998474121094,610,118.21446990966797,0.5248833298683167,0.9121691584587097,67.5,128.60000610351562,128.60000610351562,1145.0,True,False,0.5208382606506348,66.97980499267578,0.5208382606506348,66.97980349861609,LSTM,2,48,64,0.1
test_23,A3,test,23,61.20000076293945,611,118.21446990966797,0.5241057276725769,0.9121691584587097,67.4000015258789,128.60000610351562,128.60000610351562,1145.0,True,False,0.5188668370246887,66.72628021240234,0.5188668370246887,66.72627840828682,LSTM,2,48,64,0.1
test_23,A3,test,23,61.29999923706055,612,118.21446990966797,0.5233281254768372,0.9088667631149292,67.30000305175781,128.60000610351562,128.60000610351562,1145.0,True,False,0.5167327523231506,66.45183563232422,0.5167327523231506,66.4518351026436,LSTM,2,48,64,0.1
test_23,A3,test,23,61.400001525878906,613,118.21446990966797,0.5225505232810974,0.9079232215881348,67.19999694824219,128.60000610351562,128.60000610351562,1145.0,True,False,0.514865517616272,66.21170806884766,0.514865517616272,66.21170870794231,LSTM,2,48,64,0.1
test_23,A3,test,23,61.5,614,118.21446990966797,0.5217729210853577,0.9077659845352173,67.0999984741211,128.60000610351562,128.60000610351562,1145.0,True,False,0.5132738947868347,66.00702667236328,0.5132738947868347,66.00702600236218,LSTM,2,48,64,0.1
test_23,A3,test,23,61.599998474121094,615,118.21446990966797,0.5209953188896179,0.9077659845352173,67.0,128.60000610351562,128.60000610351562,1145.0,True,False,0.5117135047912598,65.80635833740234,0.5117135047912598,65.80635983940738,LSTM,2,48,64,0.1
test_23,A3,test,23,61.70000076293945,616,118.21446990966797,0.5202177166938782,0.9088667631149292,66.9000015258789,128.60000610351562,128.60000610351562,1145.0,True,False,0.5107316970825195,65.68009948730469,0.5107316970825195,65.6800993620709,LSTM,2,48,64,0.1
test_23,A3,test,23,61.79999923706055,617,118.21446990966797,0.5194401144981384,0.9088667631149292,66.80000305175781,128.60000610351562,128.60000610351562,1145.0,True,False,0.5100774168968201,65.59596252441406,0.5100774168968201,65.59595892619654,LSTM,2,48,64,0.1
test_23,A3,test,23,61.900001525878906,618,118.21446990966797,0.5186624526977539,0.9082377552986145,66.69999694824219,128.60000610351562,128.60000610351562,1145.0,True,False,0.509779691696167,65.55767059326172,0.509779691696167,65.55767146357539,LSTM,2,48,64,0.1
test_23,A3,test,23,62.0,619,118.21446990966797,0.5178848505020142,0.9082377552986145,66.5999984741211,128.60000610351562,128.60000610351562,1145.0,True,False,0.509779691696167,65.55767059326172,0.5098587274551392,65.5678354626616,LSTM,2,48,64,0.1
test_23,A3,test,23,62.099998474121094,620,118.21446990966797,0.5171073079109192,0.9110683798789978,66.5,128.60000610351562,128.60000610351562,1145.0,True,False,0.509779691696167,65.55767059326172,0.5105130076408386,65.65197589853597,LSTM,2,48,64,0.1
test_23,A3,test,23,62.20000076293945,621,118.21446990966797,0.5163297057151794,0.9121691584587097,66.4000015258789,128.60000610351562,128.60000610351562,1145.0,True,False,0.509779691696167,65.55767059326172,0.5105470418930054,65.65635270357234,LSTM,2,48,64,0.1
test_23,A3,test,23,62.29999923706055,622,118.21446990966797,0.5155521035194397,0.9121691584587097,66.30000305175781,128.60000610351562,128.60000610351562,1145.0,True,False,0.509779691696167,65.55767059326172,0.510138988494873,65.60387703408196,LSTM,2,48,64,0.1
test_23,A3,test,23,62.400001525878906,623,118.21446990966797,0.5147744417190552,0.9165722727775574,66.19999694824219,128.60000610351562,128.60000610351562,1145.0,True,False,0.509779691696167,65.55767059326172,0.5135021805763245,66.03638355628391,LSTM,2,48,64,0.1
test_23,A3,test,23,62.5,624,118.21446990966797,0.5139968395233154,0.9121691584587097,66.0999984741211,128.60000610351562,128.60000610351562,1145.0,True,False,0.509779691696167,65.55767059326172,0.5123570561408997,65.889120546899,LSTM,2,48,64,0.1
test_23,A3,test,23,62.599998474121094,625,118.21446990966797,0.5132192373275757,0.9088667631149292,66.0,128.60000610351562,128.60000610351562,1145.0,True,False,0.509779691696167,65.55767059326172,0.5123811364173889,65.89221727060249,LSTM,2,48,64,0.1
test_23,A3,test,23,62.70000076293945,626,118.21446990966797,0.5124416947364807,0.9077659845352173,65.9000015258789,128.60000610351562,128.60000610351562,1145.0,True,False,0.509779691696167,65.55767059326172,0.5125194191932678,65.91000043642453,LSTM,2,48,64,0.1
test_23,A3,test,23,62.79999923706055,627,118.21446990966797,0.511664092540741,0.9077659845352173,65.80000305175781,128.60000610351562,128.60000610351562,1145.0,True,False,0.509779691696167,65.55767059326172,0.5110902190208435,65.72620528552761,LSTM,2,48,64,0.1
test_23,A3,test,23,62.900001525878906,628,118.21446990966797,0.5108864307403564,0.9033627510070801,65.69999694824219,128.60000610351562,128.60000610351562,1145.0,True,False,0.509779691696167,65.55767059326172,0.5099629163742065,65.58123415828959,LSTM,2,48,64,0.1
test_23,A3,test,23,63.0,629,118.21446990966797,0.5101088285446167,0.9022620320320129,65.5999984741211,128.60000610351562,128.60000610351562,1145.0,True,False,0.5077977776527405,65.30279541015625,0.5077977776527405,65.3027973054941,LSTM,2,48,64,0.1
test_23,A3,test,23,63.099998474121094,630,118.21446990966797,0.509331226348877,0.9022620320320129,65.5,128.60000610351562,128.60000610351562,1145.0,True,False,0.5069859027862549,65.1983871459961,0.5069859027862549,65.19839019270876,LSTM,2,48,64,0.1
test_23,A3,test,23,63.20000076293945,631,118.21446990966797,0.5085536241531372,0.9000604152679443,65.4000015258789,128.60000610351562,128.60000610351562,1145.0,True,False,0.5057681202888489,65.04178619384766,0.5057681202888489,65.04178335610959,LSTM,2,48,64,0.1
test_23,A3,test,23,63.29999923706055,632,118.21446990966797,0.5077760219573975,0.8991168737411499,65.30000305175781,128.60000610351562,128.60000610351562,1145.0,True,False,0.5044885873794556,64.87723541259766,0.5044885873794556,64.87723541615196,LSTM,2,48,64,0.1
test_23,A3,test,23,63.400001525878906,633,118.21446990966797,0.5069984197616577,0.9000604152679443,65.19999694824219,128.60000610351562,128.60000610351562,1145.0,True,False,0.5030927658081055,64.6977310180664,0.5030927658081055,64.69773275355692,LSTM,2,48,64,0.1
test_23,A3,test,23,63.5,634,118.21446990966797,0.506220817565918,0.8991168737411499,65.0999984741211,128.60000610351562,128.60000610351562,1145.0,True,False,0.5015425086021423,64.49836730957031,0.5015425086021423,64.49836966740804,LSTM,2,48,64,0.1
test_23,A3,test,23,63.599998474121094,635,118.21446990966797,0.5054432153701782,0.8989595174789429,65.0,128.60000610351562,128.60000610351562,1145.0,True,False,0.5007572174072266,64.39738464355469,0.5007572174072266,64.39738121494884,LSTM,2,48,64,0.1
test_23,A3,test,23,63.70000076293945,636,118.21446990966797,0.5046656131744385,0.8991168737411499,64.9000015258789,128.60000610351562,128.60000610351562,1145.0,True,False,0.5007572174072266,64.39738464355469,0.5010874271392822,64.43984618850664,LSTM,2,48,64,0.1
test_23,A3,test,23,63.79999923706055,637,118.21446990966797,0.5038880109786987,0.9000604152679443,64.80000305175781,128.60000610351562,128.60000610351562,1145.0,True,False,0.5005983114242554,64.37694549560547,0.5005983114242554,64.37694590456886,LSTM,2,48,64,0.1
test_23,A3,test,23,63.900001525878906,638,118.21446990966797,0.5031103491783142,0.9024192094802856,64.69999694824219,128.60000610351562,128.60000610351562,1145.0,True,False,0.5005983114242554,64.37694549560547,0.5010079741477966,64.42962853331665,LSTM,2,48,64,0.1
test_23,A3,test,23,64.0,639,118.21446990966797,0.5023328065872192,0.9057216048240662,64.5999984741211,128.60000610351562,128.60000610351562,1145.0,True,False,0.5005983114242554,64.37694549560547,0.501702070236206,64.51888929452252,LSTM,2,48,64,0.1
test_23,A3,test,23,64.0999984741211,640,118.21446990966797,0.5015552043914795,0.9058789014816284,64.5,128.60000610351562,128.60000610351562,1145.0,True,False,0.5005983114242554,64.37694549560547,0.5015793442726135,64.50310673485546,LSTM,2,48,64,0.1
test_23,A3,test,23,64.19999694824219,641,118.21446990966797,0.5007776021957397,0.904935359954834,64.4000015258789,128.60000610351562,128.60000610351562,1145.0,True,False,0.5005983114242554,64.37694549560547,0.5024081468582153,64.60969075242247,LSTM,2,48,64,0.1
test_23,A3,test,23,64.30000305175781,642,118.21446990966797,0.5,0.9035201072692871,64.30000305175781,128.60000610351562,128.60000610351562,1145.0,True,False,0.5005983114242554,64.37694549560547,0.5027952194213867,64.65946828640881,LSTM,2,48,64,0.1
test_23,A3,test,23,64.4000015258789,643,118.21446990966797,0.4992223381996155,0.8991168737411499,64.19999694824219,128.60000610351562,128.60000610351562,1145.0,True,False,0.5005983114242554,64.37694549560547,0.5031715035438538,64.70785842685473,LSTM,2,48,64,0.1
test_23,A3,test,23,64.5,644,118.21446990966797,0.4984447658061981,0.8991168737411499,64.0999984741211,128.60000610351562,128.60000610351562,1145.0,True,False,0.5005983114242554,64.37694549560547,0.5026721358299255,64.64363973579566,LSTM,2,48,64,0.1
test_23,A3,test,23,64.5999984741211,645,118.21446990966797,0.4976671636104584,0.8947136402130127,64.0,128.60000610351562,128.60000610351562,1145.0,True,False,0.5005983114242554,64.37694549560547,0.5011299252510071,64.44531144593384,LSTM,2,48,64,0.1
test_23,A3,test,23,64.69999694824219,646,118.21446990966797,0.49688956141471863,0.8903104662895203,63.900001525878906,128.60000610351562,128.60000610351562,1145.0,True,False,0.5003921389579773,64.35043334960938,0.5003921389579773,64.35043212414712,LSTM,2,48,64,0.1
test_23,A3,test,23,64.80000305175781,647,118.21446990966797,0.4961119592189789,0.8903104662895203,63.79999923706055,128.60000610351562,128.60000610351562,1145.0,True,False,0.4978594183921814,64.02472686767578,0.4978594183921814,64.02472424392727,LSTM,2,48,64,0.1
test_23,A3,test,23,64.9000015258789,648,118.21446990966797,0.49533435702323914,0.8903104662895203,63.70000076293945,128.60000610351562,128.60000610351562,1145.0,True,False,0.4964069724082947,63.83794021606445,0.4964069724082947,63.83793968153441,LSTM,2,48,64,0.1
test_23,A3,test,23,65.0,649,118.21446990966797,0.494556725025177,0.8903104662895203,63.599998474121094,128.60000610351562,128.60000610351562,1145.0,True,False,0.4954727292060852,63.717796325683594,0.4954727292060852,63.7177960000281,LSTM,2,48,64,0.1
test_23,A3,test,23,65.0999984741211,650,118.21446990966797,0.49377912282943726,0.8881088495254517,63.5,128.60000610351562,128.60000610351562,1145.0,True,False,0.49332529306411743,63.44163513183594,0.49332529306411743,63.441635699064136,LSTM,2,48,64,0.1
test_23,A3,test,23,65.19999694824219,651,118.21446990966797,0.4930015504360199,0.8881088495254517,63.400001525878906,128.60000610351562,128.60000610351562,1145.0,True,False,0.4921921491622925,63.29591369628906,0.4921921491622925,63.295913386373286,LSTM,2,48,64,0.1
test_23,A3,test,23,65.30000305175781,652,118.21446990966797,0.49222391843795776,0.8859073519706726,63.29999923706055,128.60000610351562,128.60000610351562,1145.0,True,False,0.4907788634300232,63.114166259765625,0.4907788634300232,63.114164832577444,LSTM,2,48,64,0.1
test_23,A3,test,23,65.4000015258789,653,118.21446990966797,0.491446316242218,0.8859073519706726,63.20000076293945,128.60000610351562,128.60000610351562,1145.0,True,False,0.49029284715652466,63.05166244506836,0.49029284715652466,63.051663136839124,LSTM,2,48,64,0.1
test_23,A3,test,23,65.5,654,118.21446990966797,0.49066871404647827,0.8881088495254517,63.099998474121094,128.60000610351562,128.60000610351562,1145.0,True,False,0.49029284715652466,63.05166244506836,0.4903455972671509,63.05844680138762,LSTM,2,48,64,0.1
test_23,A3,test,23,65.5999984741211,655,118.21446990966797,0.4898911118507385,0.8903104662895203,63.0,128.60000610351562,128.60000610351562,1145.0,True,False,0.4897387623786926,62.98040771484375,0.4897387623786926,62.98040783102806,LSTM,2,48,64,0.1
test_23,A3,test,23,65.69999694824219,656,118.21446990966797,0.4891135096549988,0.8859073519706726,62.900001525878906,128.60000610351562,128.60000610351562,1145.0,True,False,0.48784470558166504,62.73683166503906,0.48784470558166504,62.73683211536991,LSTM,2,48,64,0.1
test_23,A3,test,23,65.80000305175781,657,118.21446990966797,0.48833590745925903,0.8859073519706726,62.79999923706055,128.60000610351562,128.60000610351562,1145.0,True,False,0.48784470558166504,62.73683166503906,0.48801079392433167,62.75819107725056,LSTM,2,48,64,0.1
test_23,A3,test,23,65.9000015258789,658,118.21446990966797,0.4875583052635193,0.8914113640785217,62.70000076293945,128.60000610351562,128.60000610351562,1145.0,True,False,0.48784470558166504,62.73683166503906,0.49147868156433105,63.204161448920786,LSTM,2,48,64,0.1
test_23,A3,test,23,66.0,659,118.21446990966797,0.48678067326545715,0.8914113640785217,62.599998474121094,128.60000610351562,128.60000610351562,1145.0,True,False,0.48784470558166504,62.73683166503906,0.4884803295135498,62.81857335688983,LSTM,2,48,64,0.1
test_23,A3,test,23,66.0999984741211,660,118.21446990966797,0.4860031008720398,0.8936128616333008,62.5,128.60000610351562,128.60000610351562,1145.0,True,False,0.48784470558166504,62.73683166503906,0.4906143546104431,63.093008997375364,LSTM,2,48,64,0.1
test_23,A3,test,23,66.19999694824219,661,118.21446990966797,0.48522549867630005,0.897544264793396,62.400001525878906,128.60000610351562,128.60000610351562,1145.0,True,False,0.48784470558166504,62.73683166503906,0.49212557077407837,63.28735140524259,LSTM,2,48,64,0.1
test_23,A3,test,23,66.30000305175781,662,118.21446990966797,0.4844478666782379,0.8966007232666016,62.29999923706055,128.60000610351562,128.60000610351562,1145.0,True,False,0.48784470558166504,62.73683166503906,0.4909230172634125,63.13270301643115,LSTM,2,48,64,0.1
test_23,A3,test,23,66.4000015258789,663,118.21446990966797,0.48367026448249817,0.8914113640785217,62.20000076293945,128.60000610351562,128.60000610351562,1145.0,True,False,0.48784470558166504,62.73683166503906,0.49263039231300354,63.35227145822955,LSTM,2,48,64,0.1
test_23,A3,test,23,66.5,664,118.21446990966797,0.4828926622867584,0.879459798336029,62.099998474121094,128.60000610351562,128.60000610351562,1145.0,True,False,0.48784470558166504,62.73683166503906,0.49754270911216736,63.98399542858442,LSTM,2,48,64,0.1
test_23,A3,test,23,66.5999984741211,665,118.21446990966797,0.4821150600910187,0.8785162568092346,62.0,128.60000610351562,128.60000610351562,1145.0,True,False,0.48784470558166504,62.73683166503906,0.4902493953704834,63.04607523688901,LSTM,2,48,64,0.1
test_23,A3,test,23,66.69999694824219,666,118.21446990966797,0.48133745789527893,0.8775727152824402,61.900001525878906,128.60000610351562,128.60000610351562,1145.0,True,False,0.48721009492874146,62.65522003173828,0.48721009492874146,62.65522118153058,LSTM,2,48,64,0.1
test_23,A3,test,23,66.80000305175781,667,118.21446990966797,0.4805598556995392,0.8761574625968933,61.79999923706055,128.60000610351562,128.60000610351562,1145.0,True,False,0.48529377579689026,62.408782958984375,0.48529377579689026,62.40878252947823,LSTM,2,48,64,0.1
test_23,A3,test,23,66.9000015258789,668,118.21446990966797,0.47978225350379944,0.872855007648468,61.70000076293945,128.60000610351562,128.60000610351562,1145.0,True,False,0.4834126830101013,62.166873931884766,0.4834126830101013,62.166873985615894,LSTM,2,48,64,0.1
test_23,A3,test,23,67.0,669,118.21446990966797,0.4790046215057373,0.8706534504890442,61.599998474121094,128.60000610351562,128.60000610351562,1145.0,True,False,0.4816713035106659,61.94293212890625,0.4816713035106659,61.94293257135996,LSTM,2,48,64,0.1
test_23,A3,test,23,67.0999984741211,670,118.21446990966797,0.47822704911231995,0.8706534504890442,61.5,128.60000610351562,128.60000610351562,1145.0,True,False,0.4805220365524292,61.795135498046875,0.4805220365524292,61.79513683351615,LSTM,2,48,64,0.1
test_23,A3,test,23,67.19999694824219,671,118.21446990966797,0.4774494469165802,0.8706534504890442,61.400001525878906,128.60000610351562,128.60000610351562,1145.0,True,False,0.47856593132019043,61.543582916259766,0.47856593132019043,61.54358168871113,LSTM,2,48,64,0.1
test_23,A3,test,23,67.30000305175781,672,118.21446990966797,0.47667181491851807,0.8675083518028259,61.29999923706055,128.60000610351562,128.60000610351562,1145.0,True,False,0.47623196244239807,61.24343490600586,0.47623196244239807,61.243433276781616,LSTM,2,48,64,0.1
test_23,A3,test,23,67.4000015258789,673,118.21446990966797,0.4758942425251007,0.8640487194061279,61.20000076293945,128.60000610351562,128.60000610351562,1145.0,True,False,0.47557035088539124,61.15835189819336,0.47557035088539124,61.15835002651238,LSTM,2,48,64,0.1
test_23,A3,test,23,67.5,674,118.21446990966797,0.4751166105270386,0.8640487194061279,61.099998474121094,128.60000610351562,128.60000610351562,1145.0,True,False,0.47416043281555176,60.97703552246094,0.47416043281555176,60.97703455412557,LSTM,2,48,64,0.1
test_23,A3,test,23,67.5999984741211,675,118.21446990966797,0.47433900833129883,0.8618471622467041,61.0,128.60000610351562,128.60000610351562,1145.0,True,False,0.4725659489631653,60.7719841003418,0.4725659489631653,60.77198392097671,LSTM,2,48,64,0.1
test_23,A3,test,23,67.69999694824219,676,118.21446990966797,0.4735614061355591,0.8618471622467041,60.900001525878906,128.60000610351562,128.60000610351562,1145.0,True,False,0.4720558226108551,60.706382751464844,0.4720558226108551,60.706381668956055,LSTM,2,48,64,0.1
test_23,A3,test,23,67.80000305175781,677,118.21446990966797,0.47278380393981934,0.8607462644577026,60.79999923706055,128.60000610351562,128.60000610351562,1145.0,True,False,0.4706464409828186,60.5251350402832,0.4706464409828186,60.52513518298838,LSTM,2,48,64,0.1
test_23,A3,test,23,67.9000015258789,678,118.21446990966797,0.4720062017440796,0.8607462644577026,60.70000076293945,128.60000610351562,128.60000610351562,1145.0,True,False,0.4697971045970917,60.41590881347656,0.4697971045970917,60.41591051859996,LSTM,2,48,64,0.1
test_23,A3,test,23,68.0,679,118.21446990966797,0.47122856974601746,0.8585447072982788,60.599998474121094,128.60000610351562,128.60000610351562,1145.0,True,False,0.4682743549346924,60.22008514404297,0.4682743549346924,60.22008490272128,LSTM,2,48,64,0.1
test_23,A3,test,23,68.0999984741211,680,118.21446990966797,0.4704509973526001,0.8565003275871277,60.5,128.60000610351562,128.60000610351562,1145.0,True,False,0.467700719833374,60.14631652832031,0.467700719833374,60.14631542519055,LSTM,2,48,64,0.1
test_23,A3,test,23,68.19999694824219,681,118.21446990966797,0.46967339515686035,0.8585447072982788,60.400001525878906,128.60000610351562,128.60000610351562,1145.0,True,False,0.467700719833374,60.14631652832031,0.46825292706489563,60.217329278534635,LSTM,2,48,64,0.1
test_23,A3,test,23,68.30000305175781,682,118.21446990966797,0.4688957631587982,0.856343150138855,60.29999923706055,128.60000610351562,128.60000610351562,1145.0,True,False,0.4661877453327179,59.95174789428711,0.4661877453327179,59.95174689517171,LSTM,2,48,64,0.1
test_23,A3,test,23,68.4000015258789,683,118.21446990966797,0.46811819076538086,0.8585447072982788,60.20000076293945,128.60000610351562,128.60000610351562,1145.0,True,False,0.4661877453327179,59.95174789428711,0.46748071908950806,60.11802332818661,LSTM,2,48,64,0.1
test_23,A3,test,23,68.5,684,118.21446990966797,0.4673405587673187,0.8607462644577026,60.099998474121094,128.60000610351562,128.60000610351562,1145.0,True,False,0.4661877453327179,59.95174789428711,0.46692967414855957,60.04715894541732,LSTM,2,48,64,0.1
test_23,A3,test,23,68.5999984741211,685,118.21446990966797,0.466562956571579,0.8585447072982788,60.0,128.60000610351562,128.60000610351562,1145.0,True,False,0.4652300477027893,59.82858657836914,0.4652300477027893,59.82858697411757,LSTM,2,48,64,0.1
test_23,A3,test,23,68.69999694824219,686,118.21446990966797,0.4657853841781616,0.8601171970367432,59.900001525878906,128.60000610351562,128.60000610351562,1145.0,True,False,0.4652300477027893,59.82858657836914,0.46680283546447754,60.03084748987021,LSTM,2,48,64,0.1
test_23,A3,test,23,68.80000305175781,687,118.21446990966797,0.4650077521800995,0.8599599599838257,59.79999923706055,128.60000610351562,128.60000610351562,1145.0,True,False,0.4652300477027893,59.82858657836914,0.4663173258304596,59.96841094797219,LSTM,2,48,64,0.1
test_23,A3,test,23,68.9000015258789,688,118.21446990966797,0.46423014998435974,0.8585447072982788,59.70000076293945,128.60000610351562,128.60000610351562,1145.0,True,False,0.4652300477027893,59.82858657836914,0.4661319851875305,59.94457614016028,LSTM,2,48,64,0.1
test_23,A3,test,23,69.0,689,118.21446990966797,0.4634525179862976,0.856343150138855,59.599998474121094,128.60000610351562,128.60000610351562,1145.0,True,False,0.4652300477027893,59.82858657836914,0.46637842059135437,59.97626773459615,LSTM,2,48,64,0.1
test_23,A3,test,23,69.0999984741211,690,118.21446990966797,0.46267494559288025,0.856343150138855,59.5,128.60000610351562,128.60000610351562,1145.0,True,False,0.4652300477027893,59.82858657836914,0.4663217067718506,59.96897433706181,LSTM,2,48,64,0.1
test_23,A3,test,23,69.19999694824219,691,118.21446990966797,0.4618973433971405,0.8560284972190857,59.400001525878906,128.60000610351562,128.60000610351562,1145.0,True,False,0.4652300477027893,59.82858657836914,0.4664204716682434,59.98167550334074,LSTM,2,48,64,0.1
test_23,A3,test,23,69.30000305175781,692,118.21446990966797,0.46111971139907837,0.8552422523498535,59.29999923706055,128.60000610351562,128.60000610351562,1145.0,True,False,0.4652300477027893,59.82858657836914,0.4653935730457306,59.8496163342179,LSTM,2,48,64,0.1
test_23,A3,test,23,69.4000015258789,693,118.21446990966797,0.460342139005661,0.856343150138855,59.20000076293945,128.60000610351562,128.60000610351562,1145.0,True,False,0.4652300477027893,59.82858657836914,0.4663292467594147,59.96994397950857,LSTM,2,48,64,0.1
test_23,A3,test,23,69.5,694,118.21446990966797,0.4595645070075989,0.856343150138855,59.099998474121094,128.60000610351562,128.60000610351562,1145.0,True,False,0.4652300477027893,59.82858657836914,0.4652482867240906,59.830932512368236,LSTM,2,48,64,0.1
test_23,A3,test,23,69.5999984741211,695,118.21446990966797,0.45878690481185913,0.856343150138855,59.0,128.60000610351562,128.60000610351562,1145.0,True,False,0.4650641083717346,59.807247161865234,0.4650641083717346,59.807247175131124,LSTM,2,48,64,0.1
test_23,A3,test,23,69.69999694824219,696,118.21446990966797,0.4580093324184418,0.856343150138855,58.900001525878906,128.60000610351562,128.60000610351562,1145.0,True,False,0.4650641083717346,59.807247161865234,0.4651920199394226,59.82369660351651,LSTM,2,48,64,0.1
test_23,A3,test,23,69.80000305175781,697,118.21446990966797,0.45723170042037964,0.8552422523498535,58.79999923706055,128.60000610351562,128.60000610351562,1145.0,True,False,0.4642329812049866,59.70036315917969,0.4642329812049866,59.70036421641453,LSTM,2,48,64,0.1
test_23,A3,test,23,69.9000015258789,698,118.21446990966797,0.4564540982246399,0.8552422523498535,58.70000076293945,128.60000610351562,128.60000610351562,1145.0,True,False,0.4642329812049866,59.70036315917969,0.46469104290008545,59.75927095320003,LSTM,2,48,64,0.1
test_23,A3,test,23,70.0,699,118.21446990966797,0.45567649602890015,0.8530406951904297,58.599998474121094,128.60000610351562,128.60000610351562,1145.0,True,False,0.46388697624206543,59.65586853027344,0.46388697624206543,59.65586797607102,LSTM,2,48,64,0.1
test_23,A3,test,23,70.0999984741211,700,118.21446990966797,0.4548988938331604,0.8552422523498535,58.5,128.60000610351562,128.60000610351562,1145.0,True,False,0.46388697624206543,59.65586853027344,0.46580231189727783,59.90218015302162,LSTM,2,48,64,0.1
test_23,A3,test,23,70.19999694824219,701,118.21446990966797,0.45412129163742065,0.8585447072982788,58.400001525878906,128.60000610351562,128.60000610351562,1145.0,True,False,0.46388697624206543,59.65586853027344,0.46621134877204895,59.95478229761375,LSTM,2,48,64,0.1
test_23,A3,test,23,70.30000305175781,702,118.21446990966797,0.4533436596393585,0.8585447072982788,58.29999923706055,128.60000610351562,128.60000610351562,1145.0,True,False,0.46388697624206543,59.65586853027344,0.463969886302948,59.66653021040656,LSTM,2,48,64,0.1
test_23,A3,test,23,70.4000015258789,703,118.21446990966797,0.45256608724594116,0.8530406951904297,58.20000076293945,128.60000610351562,128.60000610351562,1145.0,True,False,0.4635995030403137,59.618900299072266,0.4635995030403137,59.618898920571155,LSTM,2,48,64,0.1
test_23,A3,test,23,70.5,704,118.21446990966797,0.45178845524787903,0.8519400358200073,58.099998474121094,128.60000610351562,128.60000610351562,1145.0,True,False,0.4635995030403137,59.618900299072266,0.46456149220466614,59.74261073297839,LSTM,2,48,64,0.1
test_23,A3,test,23,70.5999984741211,705,118.21446990966797,0.4510108530521393,0.8497382402420044,58.0,128.60000610351562,128.60000610351562,1145.0,True,False,0.4635995030403137,59.618900299072266,0.46374180912971497,59.63719948453672,LSTM,2,48,64,0.1
test_23,A3,test,23,70.69999694824219,706,118.21446990966797,0.4502332806587219,0.8497382402420044,57.900001525878906,128.60000610351562,128.60000610351562,1145.0,True,False,0.46336662769317627,59.588951110839844,0.46336662769317627,59.58895114950792,LSTM,2,48,64,0.1
test_23,A3,test,23,70.80000305175781,707,118.21446990966797,0.4494556486606598,0.8497382402420044,57.79999923706055,128.60000610351562,128.60000610351562,1145.0,True,False,0.462926983833313,59.532413482666016,0.462926983833313,59.53241294644613,LSTM,2,48,64,0.1
test_23,A3,test,23,70.9000015258789,708,118.21446990966797,0.44867804646492004,0.8464359641075134,57.70000076293945,128.60000610351562,128.60000610351562,1145.0,True,False,0.46106451749801636,59.29290008544922,0.46106451749801636,59.29289976435939,LSTM,2,48,64,0.1
test_23,A3,test,23,71.0,709,118.21446990966797,0.4479004442691803,0.8465932011604309,57.599998474121094,128.60000610351562,128.60000610351562,1145.0,True,False,0.46106451749801636,59.29290008544922,0.46141549944877625,59.338036045369336,LSTM,2,48,64,0.1
test_23,A3,test,23,71.0999984741211,710,118.21446990966797,0.44712284207344055,0.847693920135498,57.5,128.60000610351562,128.60000610351562,1145.0,True,False,0.46106451749801636,59.29290008544922,0.4610685706138611,59.29342099508176,LSTM,2,48,64,0.1
test_23,A3,test,23,71.19999694824219,711,118.21446990966797,0.4463452398777008,0.8464359641075134,57.400001525878906,128.60000610351562,128.60000610351562,1145.0,True,False,0.45950496196746826,59.092342376708984,0.45950496196746826,59.092340913612134,LSTM,2,48,64,0.1
test_23,A3,test,23,71.30000305175781,712,118.21446990966797,0.44556763768196106,0.8442344665527344,57.29999923706055,128.60000610351562,128.60000610351562,1145.0,True,False,0.4588940739631653,59.0137825012207,0.4588940739631653,59.013780712530206,LSTM,2,48,64,0.1
test_23,A3,test,23,71.4000015258789,713,118.21446990966797,0.4447900354862213,0.8431335687637329,57.20000076293945,128.60000610351562,128.60000610351562,1145.0,True,False,0.4584308862686157,58.95421600341797,0.4584308862686157,58.95421477218406,LSTM,2,48,64,0.1
test_23,A3,test,23,71.5,714,118.21446990966797,0.4440124034881592,0.8409319519996643,57.099998474121094,128.60000610351562,128.60000610351562,1145.0,True,False,0.457797646522522,58.872779846191406,0.457797646522522,58.872780136971414,LSTM,2,48,64,0.1
test_23,A3,test,23,71.5999984741211,715,118.21446990966797,0.44323480129241943,0.8410891890525818,57.0,128.60000610351562,128.60000610351562,1145.0,True,False,0.4577479958534241,58.86639404296875,0.4577479958534241,58.86639506062238,LSTM,2,48,64,0.1
test_23,A3,test,23,71.69999694824219,716,118.21446990966797,0.4424572288990021,0.8410891890525818,56.900001525878906,128.60000610351562,128.60000610351562,1145.0,True,False,0.4566859304904938,58.72981262207031,0.4566859304904938,58.72981344846721,LSTM,2,48,64,0.1
test_23,A3,test,23,71.80000305175781,717,118.21446990966797,0.44167959690093994,0.8410891890525818,56.79999923706055,128.60000610351562,128.60000610351562,1145.0,True,False,0.45642995834350586,58.696895599365234,0.45642995834350586,58.696895428802236,LSTM,2,48,64,0.1
test_23,A3,test,23,71.9000015258789,718,118.21446990966797,0.4409019947052002,0.8410891890525818,56.70000076293945,128.60000610351562,128.60000610351562,1145.0,True,False,0.4563767611980438,58.69005584716797,0.4563767611980438,58.69005427557113,LSTM,2,48,64,0.1
test_23,A3,test,23,72.0,719,118.21446990966797,0.44012439250946045,0.8395166993141174,56.599998474121094,128.60000610351562,128.60000610351562,1145.0,True,False,0.4555433392524719,58.58287811279297,0.4555433392524719,58.58287620828378,LSTM,2,48,64,0.1
test_23,A3,test,23,72.0999984741211,720,118.21446990966797,0.4393467903137207,0.8390448689460754,56.5,128.60000610351562,128.60000610351562,1145.0,True,False,0.4555433392524719,58.58287811279297,0.45582711696624756,58.61937002400737,LSTM,2,48,64,0.1
test_23,A3,test,23,72.19999694824219,721,118.21446990966797,0.43856918811798096,0.8387303948402405,56.400001525878906,128.60000610351562,128.60000610351562,1145.0,True,False,0.4549447000026703,58.505889892578125,0.4549447000026703,58.505891197105484,LSTM,2,48,64,0.1
test_23,A3,test,23,72.30000305175781,722,118.21446990966797,0.4377915859222412,0.8388876914978027,56.29999923706055,128.60000610351562,128.60000610351562,1145.0,True,False,0.4548906683921814,58.49894332885742,0.4548906683921814,58.49894273166683,LSTM,2,48,64,0.1
test_23,A3,test,23,72.4000015258789,723,118.21446990966797,0.43701398372650146,0.8410891890525818,56.20000076293945,128.60000610351562,128.60000610351562,1145.0,True,False,0.4548906683921814,58.49894332885742,0.45582816004753113,58.6195041642668,LSTM,2,48,64,0.1
test_23,A3,test,23,72.5,724,118.21446990966797,0.43623635172843933,0.8409319519996643,56.099998474121094,128.60000610351562,128.60000610351562,1145.0,True,False,0.45434725284576416,58.42905807495117,0.45434725284576416,58.42905948908083,LSTM,2,48,64,0.1
test_23,A3,test,23,72.5999984741211,725,118.21446990966797,0.435458779335022,0.8464359641075134,56.0,128.60000610351562,128.60000610351562,1145.0,True,False,0.45434725284576416,58.42905807495117,0.4578756093978882,58.88280616321936,LSTM,2,48,64,0.1
test_23,A3,test,23,72.69999694824219,726,118.21446990966797,0.4346811771392822,0.8464359641075134,55.900001525878906,128.60000610351562,128.60000610351562,1145.0,True,False,0.45434725284576416,58.42905807495117,0.45500868558883667,58.51411974387702,LSTM,2,48,64,0.1
test_23,A3,test,23,72.80000305175781,727,118.21446990966797,0.4339035451412201,0.8431335687637329,55.79999923706055,128.60000610351562,128.60000610351562,1145.0,True,False,0.45434725284576416,58.42905807495117,0.45555660128593445,58.584581705868004,LSTM,2,48,64,0.1
test_23,A3,test,23,72.9000015258789,728,118.21446990966797,0.43312594294548035,0.8431335687637329,55.70000076293945,128.60000610351562,128.60000610351562,1145.0,True,False,0.45434725284576416,58.42905807495117,0.45671504735946655,58.733557877994826,LSTM,2,48,64,0.1
test_23,A3,test,23,73.0,729,118.21446990966797,0.4323483407497406,0.8387303948402405,55.599998474121094,128.60000610351562,128.60000610351562,1145.0,True,False,0.45434725284576416,58.42905807495117,0.45613598823547363,58.65909087111504,LSTM,2,48,64,0.1
test_23,A3,test,23,73.0999984741211,730,118.21446990966797,0.43157073855400085,0.8387303948402405,55.5,128.60000610351562,128.60000610351562,1145.0,True,False,0.45434725284576416,58.42905807495117,0.45691943168640137,58.75984170368611,LSTM,2,48,64,0.1
test_23,A3,test,23,73.19999694824219,731,118.21446990966797,0.4307931363582611,0.8355851769447327,55.400001525878906,128.60000610351562,128.60000610351562,1145.0,True,False,0.45434725284576416,58.42905807495117,0.45548945665359497,58.57594690573933,LSTM,2,48,64,0.1
test_23,A3,test,23,73.30000305175781,732,118.21446990966797,0.43001553416252136,0.8322827816009521,55.29999923706055,128.60000610351562,128.60000610351562,1145.0,True,False,0.45434725284576416,58.42905807495117,0.4547107219696045,58.475801620625134,LSTM,2,48,64,0.1
test_23,A3,test,23,73.4000015258789,733,118.21446990966797,0.4292379319667816,0.8297668099403381,55.20000076293945,128.60000610351562,128.60000610351562,1145.0,True,False,0.4532488286495209,58.287803649902344,0.4532488286495209,58.28780213073969,LSTM,2,48,64,0.1
test_23,A3,test,23,73.5,734,118.21446990966797,0.4284602999687195,0.8283514380455017,55.099998474121094,128.60000610351562,128.60000610351562,1145.0,True,False,0.4519727826118469,58.12370300292969,0.4519727826118469,58.123702602506455,LSTM,2,48,64,0.1
test_23,A3,test,23,73.5999984741211,735,118.21446990966797,0.4276827275753021,0.8269361257553101,55.0,128.60000610351562,128.60000610351562,1145.0,True,False,0.45093297958374023,57.98998260498047,0.45093297958374023,57.98998392674548,LSTM,2,48,64,0.1
test_23,A3,test,23,73.69999694824219,736,118.21446990966797,0.4269051253795624,0.8256780505180359,54.900001525878906,128.60000610351562,128.60000610351562,1145.0,True,False,0.4497935175895691,57.843448638916016,0.4497935175895691,57.84344910734035,LSTM,2,48,64,0.1
test_23,A3,test,23,73.80000305175781,737,118.21446990966797,0.42612749338150024,0.8241056203842163,54.79999923706055,128.60000610351562,128.60000610351562,1145.0,True,False,0.4493083357810974,57.78105545043945,0.4493083357810974,57.781054723809575,LSTM,2,48,64,0.1
test_23,A3,test,23,73.9000015258789,738,118.21446990966797,0.4253499209880829,0.8234764933586121,54.70000076293945,128.60000610351562,128.60000610351562,1145.0,True,False,0.44816237688064575,57.63368606567383,0.44816237688064575,57.63368440221711,LSTM,2,48,64,0.1
test_23,A3,test,23,74.0,739,118.21446990966797,0.42457228899002075,0.8234764933586121,54.599998474121094,128.60000610351562,128.60000610351562,1145.0,True,False,0.4475107789039612,57.549888610839844,0.4475107789039612,57.54988889843844,LSTM,2,48,64,0.1
test_23,A3,test,23,74.0999984741211,740,118.21446990966797,0.423794686794281,0.8214321732521057,54.5,128.60000610351562,128.60000610351562,1145.0,True,False,0.4462926983833313,57.39324188232422,0.4462926983833313,57.39324373605086,LSTM,2,48,64,0.1
test_23,A3,test,23,74.19999694824219,741,118.21446990966797,0.42301708459854126,0.8236337900161743,54.400001525878906,128.60000610351562,128.60000610351562,1145.0,True,False,0.4462926983833313,57.39324188232422,0.4474291205406189,57.53938763241422,LSTM,2,48,64,0.1
test_23,A3,test,23,74.30000305175781,742,118.21446990966797,0.4222394824028015,0.8269361257553101,54.29999923706055,128.60000610351562,128.60000610351562,1145.0,True,False,0.4462926983833313,57.39324188232422,0.44805583357810974,57.619982932860694,LSTM,2,48,64,0.1
test_23,A3,test,23,74.4000015258789,743,118.21446990966797,0.42146188020706177,0.8258352875709534,54.20000076293945,128.60000610351562,128.60000610351562,1145.0,True,False,0.4455568492412567,57.298614501953125,0.4455568492412567,57.298613531888805,LSTM,2,48,64,0.1
test_23,A3,test,23,74.5,744,118.21446990966797,0.42068424820899963,0.8322827816009521,54.099998474121094,128.60000610351562,128.60000610351562,1145.0,True,False,0.4455568492412567,57.298614501953125,0.4503931999206543,57.920568258778076,LSTM,2,48,64,0.1
test_23,A3,test,23,74.5999984741211,745,118.21446990966797,0.4199066758155823,0.8267789483070374,54.0,128.60000610351562,128.60000610351562,1145.0,True,False,0.44520482420921326,57.25334167480469,0.44520482420921326,57.253343110619426,LSTM,2,48,64,0.1
test_23,A3,test,23,74.69999694824219,746,118.21446990966797,0.41912907361984253,0.8212749361991882,53.900001525878906,128.60000610351562,128.60000610351562,1145.0,True,False,0.44520482420921326,57.25334167480469,0.4466588497161865,57.440330799690855,LSTM,2,48,64,0.1
test_23,A3,test,23,74.80000305175781,747,118.21446990966797,0.4183514416217804,0.8181297779083252,53.79999923706055,128.60000610351562,128.60000610351562,1145.0,True,False,0.44520482420921326,57.25334167480469,0.4464575946331024,57.414449394777876,LSTM,2,48,64,0.1
test_23,A3,test,23,74.9000015258789,748,118.21446990966797,0.41757386922836304,0.8170289993286133,53.70000076293945,128.60000610351562,128.60000610351562,1145.0,True,False,0.44520482420921326,57.25334167480469,0.44604653120040894,57.36158663482456,LSTM,2,48,64,0.1
test_23,A3,test,23,75.0,749,118.21446990966797,0.4167962372303009,0.8171862363815308,53.599998474121094,128.60000610351562,128.60000610351562,1145.0,True,False,0.44520482420921326,57.25334167480469,0.4456942677497864,57.316285552924455,LSTM,2,48,64,0.1
test_23,A3,test,23,75.0999984741211,750,118.21446990966797,0.41601863503456116,0.8148275017738342,53.5,128.60000610351562,128.60000610351562,1145.0,True,False,0.44375407695770264,57.066776275634766,0.44375407695770264,57.0667770052205,LSTM,2,48,64,0.1
test_23,A3,test,23,75.19999694824219,751,118.21446990966797,0.4152410626411438,0.8126257061958313,53.400001525878906,128.60000610351562,128.60000610351562,1145.0,True,False,0.44348204135894775,57.03179168701172,0.44348204135894775,57.03179322556025,LSTM,2,48,64,0.1
test_23,A3,test,23,75.30000305175781,752,118.21446990966797,0.41446343064308167,0.8115250468254089,53.29999923706055,128.60000610351562,128.60000610351562,1145.0,True,False,0.4427533745765686,56.938087463378906,0.4427533745765686,56.93808667289886,LSTM,2,48,64,0.1
test_23,A3,test,23,75.4000015258789,753,118.21446990966797,0.4136858284473419,0.8115250468254089,53.20000076293945,128.60000610351562,128.60000610351562,1145.0,True,False,0.44215667247772217,56.861351013183594,0.44215667247772217,56.86135077934523,LSTM,2,48,64,0.1
test_23,A3,test,23,75.5,754,118.21446990966797,0.4129081964492798,0.8115250468254089,53.099998474121094,128.60000610351562,128.60000610351562,1145.0,True,False,0.44166404008865356,56.797996520996094,0.44166404008865356,56.79799825110422,LSTM,2,48,64,0.1
test_23,A3,test,23,75.5999984741211,755,118.21446990966797,0.4121306240558624,0.8115250468254089,53.0,128.60000610351562,128.60000610351562,1145.0,True,False,0.44130125641822815,56.7513427734375,0.44130125641822815,56.751344268873254,LSTM,2,48,64,0.1
test_23,A3,test,23,75.69999694824219,756,118.21446990966797,0.4113530218601227,0.8115250468254089,52.900001525878906,128.60000610351562,128.60000610351562,1145.0,True,False,0.44090449810028076,56.700321197509766,0.44090449810028076,56.7003211467636,LSTM,2,48,64,0.1
test_23,A3,test,23,75.80000305175781,757,118.21446990966797,0.41057538986206055,0.8116822242736816,52.79999923706055,128.60000610351562,128.60000610351562,1145.0,True,False,0.4401611387729645,56.6047248840332,0.4401611387729645,56.60472513273362,LSTM,2,48,64,0.1
test_23,A3,test,23,75.9000015258789,758,118.21446990966797,0.4097978174686432,0.8124685287475586,52.70000076293945,128.60000610351562,128.60000610351562,1145.0,True,False,0.4401611387729645,56.6047248840332,0.440605103969574,56.66181905972735,LSTM,2,48,64,0.1
test_23,A3,test,23,76.0,759,118.21446990966797,0.40902018547058105,0.8148275017738342,52.599998474121094,128.60000610351562,128.60000610351562,1145.0,True,False,0.4401611387729645,56.6047248840332,0.44144684076309204,56.77006641651133,LSTM,2,48,64,0.1
test_23,A3,test,23,76.0999984741211,760,118.21446990966797,0.4082425832748413,0.8149847388267517,52.5,128.60000610351562,128.60000610351562,1145.0,True,False,0.4401611387729645,56.6047248840332,0.4402064085006714,56.61054681999303,LSTM,2,48,64,0.1
test_23,A3,test,23,76.19999694824219,761,118.21446990966797,0.40746501088142395,0.8126257061958313,52.400001525878906,128.60000610351562,128.60000610351562,1145.0,True,False,0.4400263726711273,56.58739471435547,0.4400263726711273,56.587394211214814,LSTM,2,48,64,0.1
test_23,A3,test,23,76.30000305175781,762,118.21446990966797,0.4066873788833618,0.8118394613265991,52.29999923706055,128.60000610351562,128.60000610351562,1145.0,True,False,0.4400263726711273,56.58739471435547,0.44074317812919617,56.6795753974975,LSTM,2,48,64,0.1
test_23,A3,test,23,76.4000015258789,763,118.21446990966797,0.40590977668762207,0.8119966983795166,52.20000076293945,128.60000610351562,128.60000610351562,1145.0,True,False,0.4400263726711273,56.58739471435547,0.44147956371307373,56.7742745880787,LSTM,2,48,64,0.1
test_23,A3,test,23,76.5,764,118.21446990966797,0.4051321744918823,0.8126257061958313,52.099998474121094,128.60000610351562,128.60000610351562,1145.0,True,False,0.4400263726711273,56.58739471435547,0.4411514401435852,56.732077895039765,LSTM,2,48,64,0.1
test_23,A3,test,23,76.5999984741211,765,118.21446990966797,0.4043545722961426,0.8116822242736816,52.0,128.60000610351562,128.60000610351562,1145.0,True,False,0.4400263726711273,56.58739471435547,0.4406473636627197,56.667253656523826,LSTM,2,48,64,0.1
test_23,A3,test,23,76.69999694824219,766,118.21446990966797,0.40357697010040283,0.8116822242736816,51.900001525878906,128.60000610351562,128.60000610351562,1145.0,True,False,0.4400263726711273,56.58739471435547,0.44123005867004395,56.74218823802221,LSTM,2,48,64,0.1
test_23,A3,test,23,76.80000305175781,767,118.21446990966797,0.4027993381023407,0.8102669715881348,51.79999923706055,128.60000610351562,128.60000610351562,1145.0,True,False,0.4400263726711273,56.58739471435547,0.4400378465652466,56.58886975406858,LSTM,2,48,64,0.1
test_23,A3,test,23,76.9000015258789,768,118.21446990966797,0.40202176570892334,0.8115250468254089,51.70000076293945,128.60000610351562,128.60000610351562,1145.0,True,False,0.4400263726711273,56.58739471435547,0.4414130747318268,56.76572410468452,LSTM,2,48,64,0.1
test_23,A3,test,23,77.0,769,118.21446990966797,0.4012441337108612,0.8093234896659851,51.599998474121094,128.60000610351562,128.60000610351562,1145.0,True,False,0.4397321939468384,56.549564361572266,0.4397321939468384,56.54956282547573,LSTM,2,48,64,0.1
test_23,A3,test,23,77.0999984741211,770,118.21446990966797,0.40046653151512146,0.8126257061958313,51.5,128.60000610351562,128.60000610351562,1145.0,True,False,0.4397321939468384,56.549564361572266,0.441644549369812,56.79549174454223,LSTM,2,48,64,0.1
test_23,A3,test,23,77.19999694824219,771,118.21446990966797,0.3996889591217041,0.8115250468254089,51.400001525878906,128.60000610351562,128.60000610351562,1145.0,True,False,0.4393506944179535,56.50050354003906,0.4393506944179535,56.50050198373265,LSTM,2,48,64,0.1
test_23,A3,test,23,77.30000305175781,772,118.21446990966797,0.39891132712364197,0.8083798885345459,51.29999923706055,128.60000610351562,128.60000610351562,1145.0,True,False,0.4392491579055786,56.48744583129883,0.4392491579055786,56.48744438762151,LSTM,2,48,64,0.1
test_23,A3,test,23,77.4000015258789,773,118.21446990966797,0.3981337249279022,0.8061782717704773,51.20000076293945,128.60000610351562,128.60000610351562,1145.0,True,False,0.4392491579055786,56.48744583129883,0.43947142362594604,56.51602776061736,LSTM,2,48,64,0.1
test_23,A3,test,23,77.5,774,118.21446990966797,0.3973561227321625,0.8039767146110535,51.099998474121094,128.60000610351562,128.60000610351562,1145.0,True,False,0.4389500916004181,56.4489860534668,0.4389500916004181,56.44898445895251,LSTM,2,48,64,0.1
test_23,A3,test,23,77.5999984741211,775,118.21446990966797,0.39657852053642273,0.8039767146110535,51.0,128.60000610351562,128.60000610351562,1145.0,True,False,0.4388502836227417,56.43614959716797,0.4388502836227417,56.436149152414146,LSTM,2,48,64,0.1
test_23,A3,test,23,77.69999694824219,776,118.21446990966797,0.395800918340683,0.7992590069770813,50.900001525878906,128.60000610351562,128.60000610351562,1145.0,True,False,0.43699559569358826,56.197635650634766,0.43699559569358826,56.197636273404896,LSTM,2,48,64,0.1
test_23,A3,test,23,77.80000305175781,777,118.21446990966797,0.39502331614494324,0.7970573902130127,50.79999923706055,128.60000610351562,128.60000610351562,1145.0,True,False,0.4369480609893799,56.191524505615234,0.4369480609893799,56.19152331015357,LSTM,2,48,64,0.1
test_23,A3,test,23,77.9000015258789,778,118.21446990966797,0.3942457139492035,0.8060210347175598,50.70000076293945,128.60000610351562,128.60000610351562,1145.0,True,False,0.4369480609893799,56.191524505615234,0.4427197277545929,56.93375969138742,LSTM,2,48,64,0.1
test_23,A3,test,23,78.0,779,118.21446990966797,0.39346808195114136,0.800359845161438,50.599998474121094,128.60000610351562,128.60000610351562,1145.0,True,False,0.433951735496521,55.80619430541992,0.433951735496521,55.8061958334838,LSTM,2,48,64,0.1
test_23,A3,test,23,78.0999984741211,780,118.21446990966797,0.3926904797554016,0.796113908290863,50.5,128.60000610351562,128.60000610351562,1145.0,True,False,0.433951735496521,55.80619430541992,0.43482619524002075,55.918651361835146,LSTM,2,48,64,0.1
test_23,A3,test,23,78.19999694824219,781,118.21446990966797,0.39191290736198425,0.7917107939720154,50.400001525878906,128.60000610351562,128.60000610351562,1145.0,True,False,0.433951735496521,55.80619430541992,0.4340757727622986,55.82214702661986,LSTM,2,48,64,0.1
test_23,A3,test,23,78.30000305175781,782,118.21446990966797,0.3911352753639221,0.7873074412345886,50.29999923706055,128.60000610351562,128.60000610351562,1145.0,True,False,0.4331100583076477,55.69795608520508,0.4331100583076477,55.6979561418575,LSTM,2,48,64,0.1
test_23,A3,test,23,78.4000015258789,783,118.21446990966797,0.3903576731681824,0.7871502637863159,50.20000076293945,128.60000610351562,128.60000610351562,1145.0,True,False,0.43299126625061035,55.68267822265625,0.43299126625061035,55.68267948259745,LSTM,2,48,64,0.1
test_23,A3,test,23,78.5,784,118.21446990966797,0.3895800709724426,0.782904326915741,50.099998474121094,128.60000610351562,128.60000610351562,1145.0,True,False,0.4304148554801941,55.35135269165039,0.4304148554801941,55.351353041796756,LSTM,2,48,64,0.1
test_23,A3,test,23,78.5999984741211,785,118.21446990966797,0.3888024687767029,0.7818034291267395,50.0,128.60000610351562,128.60000610351562,1145.0,True,False,0.4304148554801941,55.35135269165039,0.4304426312446594,55.35492500527653,LSTM,2,48,64,0.1
test_23,A3,test,23,78.69999694824219,786,118.21446990966797,0.38802486658096313,0.7785012125968933,49.900001525878906,128.60000610351562,128.60000610351562,1145.0,True,False,0.4285488724708557,55.11138916015625,0.4285488724708557,55.111387615406784,LSTM,2,48,64,0.1
test_23,A3,test,23,78.80000305175781,787,118.21446990966797,0.3872472643852234,0.7767713069915771,49.79999923706055,128.60000610351562,128.60000610351562,1145.0,True,False,0.42762818932533264,54.99298858642578,0.42762818932533264,54.99298775727311,LSTM,2,48,64,0.1
test_23,A3,test,23,78.9000015258789,788,118.21446990966797,0.38646966218948364,0.7772431373596191,49.70000076293945,128.60000610351562,128.60000610351562,1145.0,True,False,0.42762818932533264,54.99298858642578,0.4277137517929077,55.0039910911255,LSTM,2,48,64,0.1
test_23,A3,test,23,79.0,789,118.21446990966797,0.3856920301914215,0.7786584496498108,49.599998474121094,128.60000610351562,128.60000610351562,1145.0,True,False,0.42712873220443726,54.92875671386719,0.42712873220443726,54.92875756847752,LSTM,2,48,64,0.1
test_23,A3,test,23,79.0999984741211,790,118.21446990966797,0.38491445779800415,0.7731543779373169,49.5,128.60000610351562,128.60000610351562,1145.0,True,False,0.424193799495697,54.551326751708984,0.424193799495697,54.55132520422012,LSTM,2,48,64,0.1
test_23,A3,test,23,79.19999694824219,791,118.21446990966797,0.3841368556022644,0.7704810500144958,49.400001525878906,128.60000610351562,128.60000610351562,1145.0,True,False,0.424193799495697,54.551326751708984,0.42462196946144104,54.60638786442814,LSTM,2,48,64,0.1
test_23,A3,test,23,79.30000305175781,792,118.21446990966797,0.38335922360420227,0.7679650187492371,49.29999923706055,128.60000610351562,128.60000610351562,1145.0,True,False,0.424193799495697,54.551326751708984,0.4243081212043762,54.56602697665403,LSTM,2,48,64,0.1
test_23,A3,test,23,79.4000015258789,793,118.21446990966797,0.3825816214084625,0.7654489278793335,49.20000076293945,128.60000610351562,128.60000610351562,1145.0,True,False,0.4231518507003784,54.41733169555664,0.4231518507003784,54.4173305827826,LSTM,2,48,64,0.1
test_23,A3,test,23,79.5,794,118.21446990966797,0.3818040192127228,0.7621464133262634,49.099998474121094,128.60000610351562,128.60000610351562,1145.0,True,False,0.42187023162841797,54.25251388549805,0.42187023162841797,54.2525143623061,LSTM,2,48,64,0.1
test_23,A3,test,23,79.5999984741211,795,118.21446990966797,0.38102641701698303,0.7610457539558411,49.0,128.60000610351562,128.60000610351562,1145.0,True,False,0.42161935567855835,54.220252990722656,0.42161935567855835,54.22025171362293,LSTM,2,48,64,0.1
test_23,A3,test,23,79.69999694824219,796,118.21446990966797,0.3802488148212433,0.7590013742446899,48.900001525878906,128.60000610351562,128.60000610351562,1145.0,True,False,0.42016464471817017,54.03317642211914,0.42016464471817017,54.03317587523816,LSTM,2,48,64,0.1
test_23,A3,test,23,79.80000305175781,797,118.21446990966797,0.37947121262550354,0.7567998766899109,48.79999923706055,128.60000610351562,128.60000610351562,1145.0,True,False,0.4192924201488495,53.9210090637207,0.4192924201488495,53.92100779029988,LSTM,2,48,64,0.1
test_23,A3,test,23,79.9000015258789,798,118.21446990966797,0.3786936104297638,0.7567998766899109,48.70000076293945,128.60000610351562,128.60000610351562,1145.0,True,False,0.4191146790981293,53.89815139770508,0.4191146790981293,53.89815029009242,LSTM,2,48,64,0.1
test_23,A3,test,23,80.0,799,118.21446990966797,0.37791597843170166,0.7555417418479919,48.599998474121094,128.60000610351562,128.60000610351562,1145.0,True,False,0.4178902506828308,53.74068832397461,0.4178902506828308,53.74068878841172,LSTM,2,48,64,0.1
test_23,A3,test,23,80.0999984741211,800,118.21446990966797,0.3771384060382843,0.7556989789009094,48.5,128.60000610351562,128.60000610351562,1145.0,True,False,0.4178902506828308,53.74068832397461,0.4179265797138214,53.74536070201884,LSTM,2,48,64,0.1
test_23,A3,test,23,80.19999694824219,801,118.21446990966797,0.37636080384254456,0.7533401846885681,48.400001525878906,128.60000610351562,128.60000610351562,1145.0,True,False,0.4163490831851959,53.54249572753906,0.4163490831851959,53.54249463880933,LSTM,2,48,64,0.1
test_23,A3,test,23,80.30000305175781,802,118.21446990966797,0.3755831718444824,0.7555417418479919,48.29999923706055,128.60000610351562,128.60000610351562,1145.0,True,False,0.4163490831851959,53.54249572753906,0.4180234670639038,53.75782041583079,LSTM,2,48,64,0.1
test_23,A3,test,23,80.4000015258789,803,118.21446990966797,0.37480559945106506,0.7555417418479919,48.20000076293945,128.60000610351562,128.60000610351562,1145.0,True,False,0.4163490831851959,53.54249572753906,0.4164469540119171,53.55508082772303,LSTM,2,48,64,0.1
test_23,A3,test,23,80.5,804,118.21446990966797,0.37402796745300293,0.7534973621368408,48.099998474121094,128.60000610351562,128.60000610351562,1145.0,True,False,0.4153483510017395,53.41379928588867,0.4153483510017395,53.41380047390885,LSTM,2,48,64,0.1
test_23,A3,test,23,80.5999984741211,805,118.21446990966797,0.3732503652572632,0.7534973621368408,48.0,128.60000610351562,128.60000610351562,1145.0,True,False,0.4153483510017395,53.41379928588867,0.41631364822387695,53.53793770256743,LSTM,2,48,64,0.1
test_23,A3,test,23,80.69999694824219,806,118.21446990966797,0.3724727928638458,0.7523965239524841,47.900001525878906,128.60000610351562,128.60000610351562,1145.0,True,False,0.4153483510017395,53.41379928588867,0.4160609245300293,53.50543743399612,LSTM,2,48,64,0.1
test_23,A3,test,23,80.80000305175781,807,118.21446990966797,0.3716951608657837,0.7500377297401428,47.79999923706055,128.60000610351562,128.60000610351562,1145.0,True,False,0.4151017367839813,53.38208770751953,0.4151017367839813,53.382085883999935,LSTM,2,48,64,0.1
test_23,A3,test,23,80.9000015258789,808,118.21446990966797,0.37091755867004395,0.747836172580719,47.70000076293945,128.60000610351562,128.60000610351562,1145.0,True,False,0.4151017367839813,53.38208770751953,0.41536247730255127,53.41561711627946,LSTM,2,48,64,0.1
test_23,A3,test,23,81.0,809,118.21446990966797,0.3701399266719818,0.7479933500289917,47.599998474121094,128.60000610351562,128.60000610351562,1145.0,True,False,0.4151017367839813,53.38208770751953,0.4155646562576294,53.44161733113651,LSTM,2,48,64,0.1
test_23,A3,test,23,81.0999984741211,810,118.21446990966797,0.36936235427856445,0.7479933500289917,47.5,128.60000610351562,128.60000610351562,1145.0,True,False,0.41485026478767395,53.34974670410156,0.41485026478767395,53.34974658373994,LSTM,2,48,64,0.1
test_23,A3,test,23,81.19999694824219,811,118.21446990966797,0.3685847520828247,0.7468927502632141,47.400001525878906,128.60000610351562,128.60000610351562,1145.0,True,False,0.4137217402458191,53.20461654663086,0.4137217402458191,53.20461832076944,LSTM,2,48,64,0.1
test_23,A3,test,23,81.30000305175781,812,118.21446990966797,0.3678071200847626,0.747836172580719,47.29999923706055,128.60000610351562,128.60000610351562,1145.0,True,False,0.4137217402458191,53.20461654663086,0.41446515917778015,53.3002219999571,LSTM,2,48,64,0.1
test_23,A3,test,23,81.4000015258789,813,118.21446990966797,0.3670295476913452,0.7476789951324463,47.20000076293945,128.60000610351562,128.60000610351562,1145.0,True,False,0.4136584997177124,53.19648742675781,0.4136584997177124,53.19648558846893,LSTM,2,48,64,0.1
test_23,A3,test,23,81.5,814,118.21446990966797,0.3662519156932831,0.7468927502632141,47.099998474121094,128.60000610351562,128.60000610351562,1145.0,True,False,0.41316521167755127,53.13304901123047,0.41316521167755127,53.13304874349342,LSTM,2,48,64,0.1
test_23,A3,test,23,81.5999984741211,815,118.21446990966797,0.36547431349754333,0.747836172580719,47.0,128.60000610351562,128.60000610351562,1145.0,True,False,0.41316521167755127,53.13304901123047,0.41385316848754883,53.22151999345806,LSTM,2,48,64,0.1
test_23,A3,test,23,81.69999694824219,816,118.21446990966797,0.364696741104126,0.7479933500289917,46.900001525878906,128.60000610351562,128.60000610351562,1145.0,True,False,0.41316521167755127,53.13304901123047,0.41351085901260376,53.17749899289083,LSTM,2,48,64,0.1
test_23,A3,test,23,81.80000305175781,817,118.21446990966797,0.36391910910606384,0.7475215196609497,46.79999923706055,128.60000610351562,128.60000610351562,1145.0,True,False,0.41316521167755127,53.13304901123047,0.41319242119789124,53.13654788797521,LSTM,2,48,64,0.1
test_23,A3,test,23,81.9000015258789,818,118.21446990966797,0.3631415069103241,0.7468927502632141,46.70000076293945,128.60000610351562,128.60000610351562,1145.0,True,False,0.41316521167755127,53.13304901123047,0.4134339690208435,53.167610939481165,LSTM,2,48,64,0.1
test_23,A3,test,23,82.0,819,118.21446990966797,0.36236390471458435,0.7479933500289917,46.599998474121094,128.60000610351562,128.60000610351562,1145.0,True,False,0.41316521167755127,53.13304901123047,0.414145827293396,53.25915591767625,LSTM,2,48,64,0.1
test_23,A3,test,23,82.0999984741211,820,118.21446990966797,0.3615863025188446,0.7481505870819092,46.5,128.60000610351562,128.60000610351562,1145.0,True,False,0.41316521167755127,53.13304901123047,0.41363802552223206,53.193852606805194,LSTM,2,48,64,0.1
test_23,A3,test,23,82.19999694824219,821,118.21446990966797,0.36080870032310486,0.747836172580719,46.400001525878906,128.60000610351562,128.60000610351562,1145.0,True,False,0.41316521167755127,53.13304901123047,0.4134209156036377,53.165932269948826,LSTM,2,48,64,0.1
test_23,A3,test,23,82.30000305175781,822,118.21446990966797,0.3600310683250427,0.7479933500289917,46.29999923706055,128.60000610351562,128.60000610351562,1145.0,True,False,0.41316521167755127,53.13304901123047,0.41360390186309814,53.1894643040323,LSTM,2,48,64,0.1
test_23,A3,test,23,82.4000015258789,823,118.21446990966797,0.35925349593162537,0.7479933500289917,46.20000076293945,128.60000610351562,128.60000610351562,1145.0,True,False,0.41316521167755127,53.13304901123047,0.4136471748352051,53.19502920850937,LSTM,2,48,64,0.1
test_23,A3,test,23,82.5,824,118.21446990966797,0.35847586393356323,0.7500377297401428,46.099998474121094,128.60000610351562,128.60000610351562,1145.0,True,False,0.41316521167755127,53.13304901123047,0.41487640142440796,53.35310775538346,LSTM,2,48,64,0.1
test_23,A3,test,23,82.5999984741211,825,118.21446990966797,0.3576982617378235,0.7522392868995667,46.0,128.60000610351562,128.60000610351562,1145.0,True,False,0.41316521167755127,53.13304901123047,0.41477882862091064,53.34055989225817,LSTM,2,48,64,0.1
test_23,A3,test,23,82.69999694824219,826,118.21446990966797,0.35692068934440613,0.7481505870819092,45.900001525878906,128.60000610351562,128.60000610351562,1145.0,True,False,0.4121394455432892,53.001136779785156,0.4121394455432892,53.001135212366535,LSTM,2,48,64,0.1
test_23,A3,test,23,82.80000305175781,827,118.21446990966797,0.356143057346344,0.7468927502632141,45.79999923706055,128.60000610351562,128.60000610351562,1145.0,True,False,0.4121394455432892,53.001136779785156,0.4138939678668976,53.22676679389133,LSTM,2,48,64,0.1
test_23,A3,test,23,82.9000015258789,828,118.21446990966797,0.35536545515060425,0.743590235710144,45.70000076293945,128.60000610351562,128.60000610351562,1145.0,True,False,0.4121394455432892,53.001136779785156,0.41324523091316223,53.14333921768139,LSTM,2,48,64,0.1
test_23,A3,test,23,83.0,829,118.21446990966797,0.3545878529548645,0.7413886785507202,45.599998474121094,128.60000610351562,128.60000610351562,1145.0,True,False,0.4121394455432892,53.001136779785156,0.4134327173233032,53.167449971169845,LSTM,2,48,64,0.1
test_23,A3,test,23,83.0999984741211,830,118.21446990966797,0.35381025075912476,0.7413886785507202,45.5,128.60000610351562,128.60000610351562,1145.0,True,False,0.4121394455432892,53.001136779785156,0.41363123059272766,53.192978778829456,LSTM,2,48,64,0.1
test_23,A3,test,23,83.19999694824219,831,118.21446990966797,0.353032648563385,0.7391871213912964,45.400001525878906,128.60000610351562,128.60000610351562,1145.0,True,False,0.4118247628211975,52.96066665649414,0.4118247628211975,52.960667012384874,LSTM,2,48,64,0.1
test_23,A3,test,23,83.30000305175781,832,118.21446990966797,0.35225504636764526,0.7380862832069397,45.29999923706055,128.60000610351562,128.60000610351562,1145.0,True,False,0.4118204414844513,52.96010971069336,0.4118204414844513,52.960111288452936,LSTM,2,48,64,0.1
test_23,A3,test,23,83.4000015258789,833,118.21446990966797,0.3514774441719055,0.7358846664428711,45.20000076293945,128.60000610351562,128.60000610351562,1145.0,True,False,0.410630464553833,52.80707931518555,0.410630464553833,52.80708024791238,LSTM,2,48,64,0.1
test_23,A3,test,23,83.5,834,118.21446990966797,0.3506998121738434,0.7349411845207214,45.099998474121094,128.60000610351562,128.60000610351562,1145.0,True,False,0.410630464553833,52.80707931518555,0.4106796383857727,52.81340400299996,LSTM,2,48,64,0.1
test_23,A3,test,23,83.5999984741211,835,118.21446990966797,0.34992220997810364,0.7349411845207214,45.0,128.60000610351562,128.60000610351562,1145.0,True,False,0.41053181886672974,52.794395446777344,0.41053181886672974,52.794394411948815,LSTM,2,48,64,0.1
test_23,A3,test,23,83.69999694824219,836,118.21446990966797,0.3491446375846863,0.7355701327323914,44.900001525878906,128.60000610351562,128.60000610351562,1145.0,True,False,0.41010239720344543,52.73917007446289,0.41010239720344543,52.73917078342947,LSTM,2,48,64,0.1
test_23,A3,test,23,83.80000305175781,837,118.21446990966797,0.34836700558662415,0.7380862832069397,44.79999923706055,128.60000610351562,128.60000610351562,1145.0,True,False,0.41010239720344543,52.73917007446289,0.4105854630470276,52.80129305386254,LSTM,2,48,64,0.1
test_23,A3,test,23,83.9000015258789,838,118.21446990966797,0.3475894033908844,0.743590235710144,44.70000076293945,128.60000610351562,128.60000610351562,1145.0,True,False,0.41010239720344543,52.73917007446289,0.4120371341705322,52.98797796920553,LSTM,2,48,64,0.1
test_23,A3,test,23,84.0,839,118.21446990966797,0.34681180119514465,0.7385581135749817,44.599998474121094,128.60000610351562,128.60000610351562,1145.0,True,False,0.40705475211143494,52.34724426269531,0.40705475211143494,52.34724360599557,LSTM,2,48,64,0.1
test_23,A3,test,23,84.0999984741211,840,118.21446990966797,0.3460341989994049,0.7377716302871704,44.5,128.60000610351562,128.60000610351562,1145.0,True,False,0.40705475211143494,52.34724426269531,0.4099727272987366,52.72249523289247,LSTM,2,48,64,0.1
test_23,A3,test,23,84.19999694824219,841,118.21446990966797,0.34525659680366516,0.7360419631004333,44.400001525878906,128.60000610351562,128.60000610351562,1145.0,True,False,0.40705475211143494,52.34724426269531,0.4094415307044983,52.65418334763126,LSTM,2,48,64,0.1
test_23,A3,test,23,84.30000305175781,842,118.21446990966797,0.3444789946079254,0.7349411845207214,44.29999923706055,128.60000610351562,128.60000610351562,1145.0,True,False,0.40705475211143494,52.34724426269531,0.40977156162261963,52.69662532571601,LSTM,2,48,64,0.1
test_23,A3,test,23,84.4000015258789,843,118.21446990966797,0.34370139241218567,0.7479933500289917,44.20000076293945,128.60000610351562,128.60000610351562,1145.0,True,False,0.40705475211143494,52.34724426269531,0.41955727338790894,53.95506791845946,LSTM,2,48,64,0.1
test_23,A3,test,23,84.5,844,118.21446990966797,0.34292376041412354,0.7479933500289917,44.099998474121094,128.60000610351562,128.60000610351562,1145.0,True,False,0.40705475211143494,52.34724426269531,0.40777817368507385,52.44027562478095,LSTM,2,48,64,0.1
test_23,A3,test,23,84.5999984741211,845,118.21446990966797,0.3421461880207062,0.7413886785507202,44.0,128.60000610351562,128.60000610351562,1145.0,True,False,0.40705475211143494,52.34724426269531,0.4080374240875244,52.47361522811843,LSTM,2,48,64,0.1
test_23,A3,test,23,84.69999694824219,846,118.21446990966797,0.34136858582496643,0.7413886785507202,43.900001525878906,128.60000610351562,128.60000610351562,1145.0,True,False,0.40705475211143494,52.34724426269531,0.411545991897583,52.92481706990657,LSTM,2,48,64,0.1
test_23,A3,test,23,84.80000305175781,847,118.21446990966797,0.3405909538269043,0.7358846664428711,43.79999923706055,128.60000610351562,128.60000610351562,1145.0,True,False,0.40705475211143494,52.34724426269531,0.4095075726509094,52.66267634234282,LSTM,2,48,64,0.1
test_23,A3,test,23,84.9000015258789,848,118.21446990966797,0.33981335163116455,0.7270782589912415,43.70000076293945,128.60000610351562,128.60000610351562,1145.0,True,False,0.40705475211143494,52.34724426269531,0.409171462059021,52.61945251817451,LSTM,2,48,64,0.1
test_23,A3,test,23,85.0,849,118.21446990966797,0.3390357494354248,0.7184292078018188,43.599998474121094,128.60000610351562,128.60000610351562,1145.0,True,False,0.40705475211143494,52.34724426269531,0.40789151191711426,52.45485092211311,LSTM,2,48,64,0.1
test_23,A3,test,23,85.0999984741211,850,118.21446990966797,0.33825814723968506,0.7151268124580383,43.5,128.60000610351562,128.60000610351562,1145.0,True,False,0.4068744480609894,52.32405471801758,0.4068744480609894,52.324056504007785,LSTM,2,48,64,0.1
test_23,A3,test,23,85.19999694824219,851,118.21446990966797,0.3374805450439453,0.7086793184280396,43.400001525878906,128.60000610351562,128.60000610351562,1145.0,True,False,0.40343916416168213,51.88227844238281,0.40343916416168213,51.882278973589564,LSTM,2,48,64,0.1
test_23,A3,test,23,85.30000305175781,852,118.21446990966797,0.33670294284820557,0.7008165121078491,43.29999923706055,128.60000610351562,128.60000610351562,1145.0,True,False,0.40088605880737305,51.553951263427734,0.40088605880737305,51.5539496094425,LSTM,2,48,64,0.1
test_23,A3,test,23,85.4000015258789,853,118.21446990966797,0.3359253406524658,0.6997156143188477,43.20000076293945,128.60000610351562,128.60000610351562,1145.0,True,False,0.40088605880737305,51.553951263427734,0.401622474193573,51.648652632602534,LSTM,2,48,64,0.1
test_23,A3,test,23,85.5,854,118.21446990966797,0.3351477086544037,0.6964133381843567,43.099998474121094,128.60000610351562,128.60000610351562,1145.0,True,False,0.3982246518135071,51.211692810058594,0.3982246518135071,51.211692653787395,LSTM,2,48,64,0.1
test_23,A3,test,23,85.5999984741211,855,118.21446990966797,0.33437013626098633,0.692167341709137,43.0,128.60000610351562,128.60000610351562,1145.0,True,False,0.3965078294277191,50.990909576416016,0.3965078294277191,50.99090928449641,LSTM,2,48,64,0.1
test_23,A3,test,23,85.69999694824219,856,118.21446990966797,0.3335925340652466,0.691066563129425,42.900001525878906,128.60000610351562,128.60000610351562,1145.0,True,False,0.39640212059020996,50.97731399536133,0.39640212059020996,50.97731512734754,LSTM,2,48,64,0.1
test_23,A3,test,23,85.80000305175781,857,118.21446990966797,0.33281490206718445,0.6890222430229187,42.79999923706055,128.60000610351562,128.60000610351562,1145.0,True,False,0.39463645219802856,50.75025177001953,0.39463645219802856,50.750250161336226,LSTM,2,48,64,0.1
test_23,A3,test,23,85.9000015258789,858,118.21446990966797,0.3320373296737671,0.687921404838562,42.70000076293945,128.60000610351562,128.60000610351562,1145.0,True,False,0.3941243886947632,50.68439865112305,0.3941243886947632,50.68439879169091,LSTM,2,48,64,0.1
test_23,A3,test,23,86.0,859,118.21446990966797,0.33125969767570496,0.6877642273902893,42.599998474121094,128.60000610351562,128.60000610351562,1145.0,True,False,0.39370524883270264,50.630496978759766,0.39370524883270264,50.6304974028717,LSTM,2,48,64,0.1
test_23,A3,test,23,86.0999984741211,860,118.21446990966797,0.3304820954799652,0.6850907802581787,42.5,128.60000610351562,128.60000610351562,1145.0,True,False,0.3919334411621094,50.40264129638672,0.3919334411621094,50.40264292561915,LSTM,2,48,64,0.1
test_23,A3,test,23,86.19999694824219,861,118.21446990966797,0.32970449328422546,0.6827320456504822,42.400001525878906,128.60000610351562,128.60000610351562,1145.0,True,False,0.39175522327423096,50.379722595214844,0.39175522327423096,50.37972410415023,LSTM,2,48,64,0.1
test_23,A3,test,23,86.30000305175781,862,118.21446990966797,0.3289268910884857,0.6800585985183716,42.29999923706055,128.60000610351562,128.60000610351562,1145.0,True,False,0.3910762071609497,50.29240417480469,0.3910762071609497,50.29240262783787,LSTM,2,48,64,0.1
test_23,A3,test,23,86.4000015258789,863,118.21446990966797,0.32814928889274597,0.6747120022773743,42.20000076293945,128.60000610351562,128.60000610351562,1145.0,True,False,0.38926488161087036,50.05946731567383,0.38926488161087036,50.059466151042216,LSTM,2,48,64,0.1
test_23,A3,test,23,86.5,864,118.21446990966797,0.32737165689468384,0.6740829944610596,42.099998474121094,128.60000610351562,128.60000610351562,1145.0,True,False,0.38926488161087036,50.05946731567383,0.3908546566963196,50.2639112367342,LSTM,2,48,64,0.1
test_23,A3,test,23,86.5999984741211,865,118.21446990966797,0.3265940845012665,0.6732965111732483,42.0,128.60000610351562,128.60000610351562,1145.0,True,False,0.38926488161087036,50.05946731567383,0.3895217776298523,50.09250298065126,LSTM,2,48,64,0.1
test_23,A3,test,23,86.69999694824219,866,118.21446990966797,0.32581648230552673,0.671409547328949,41.900001525878906,128.60000610351562,128.60000610351562,1145.0,True,False,0.38790279626846313,49.884300231933594,0.38790279626846313,49.88430196769514,LSTM,2,48,64,0.1
test_23,A3,test,23,86.80000305175781,867,118.21446990966797,0.3250388503074646,0.6703086495399475,41.79999923706055,128.60000610351562,128.60000610351562,1145.0,True,False,0.38774317502975464,49.863773345947266,0.38774317502975464,49.863774675422974,LSTM,2,48,64,0.1
test_23,A3,test,23,86.9000015258789,868,118.21446990966797,0.32426127791404724,0.671409547328949,41.70000076293945,128.60000610351562,128.60000610351562,1145.0,True,False,0.38774317502975464,49.863773345947266,0.38823825120925903,49.927441475128944,LSTM,2,48,64,0.1
test_23,A3,test,23,87.0,869,118.21446990966797,0.3234836459159851,0.6681071519851685,41.599998474121094,128.60000610351562,128.60000610351562,1145.0,True,False,0.3855418562889099,49.580684661865234,0.3855418562889099,49.58068507191456,LSTM,2,48,64,0.1
test_23,A3,test,23,87.0999984741211,870,118.21446990966797,0.32270604372024536,0.6703086495399475,41.5,128.60000610351562,128.60000610351562,1145.0,True,False,0.3855418562889099,49.580684661865234,0.3881913423538208,49.92140899603328,LSTM,2,48,64,0.1
test_23,A3,test,23,87.19999694824219,871,118.21446990966797,0.321928471326828,0.6703086495399475,41.400001525878906,128.60000610351562,128.60000610351562,1145.0,True,False,0.3855418562889099,49.580684661865234,0.3862791061401367,49.67549540728214,LSTM,2,48,64,0.1
test_23,A3,test,23,87.30000305175781,872,118.21446990966797,0.32115083932876587,0.670465886592865,41.29999923706055,128.60000610351562,128.60000610351562,1145.0,True,False,0.3855418562889099,49.580684661865234,0.3863564729690552,49.685444781953265,LSTM,2,48,64,0.1
test_23,A3,test,23,87.4000015258789,873,118.21446990966797,0.3203732371330261,0.6736111640930176,41.20000076293945,128.60000610351562,128.60000610351562,1145.0,True,False,0.3855418562889099,49.580684661865234,0.38789764046669006,49.88363893155565,LSTM,2,48,64,0.1
test_23,A3,test,23,87.5,874,118.21446990966797,0.319595605134964,0.6703086495399475,41.099998474121094,128.60000610351562,128.60000610351562,1145.0,True,False,0.38439440727233887,49.43312454223633,0.38439440727233887,49.43312312138005,LSTM,2,48,64,0.1
test_23,A3,test,23,87.5999984741211,875,118.21446990966797,0.31881803274154663,0.6703086495399475,41.0,128.60000610351562,128.60000610351562,1145.0,True,False,0.38439440727233887,49.43312454223633,0.38668644428253174,49.727879094880336,LSTM,2,48,64,0.1
test_23,A3,test,23,87.69999694824219,876,118.21446990966797,0.3180404305458069,0.6681071519851685,40.900001525878906,128.60000610351562,128.60000610351562,1145.0,True,False,0.38439440727233887,49.43312454223633,0.3854910433292389,49.57415052499073,LSTM,2,48,64,0.1
test_23,A3,test,23,87.80000305175781,877,118.21446990966797,0.31726279854774475,0.671409547328949,40.79999923706055,128.60000610351562,128.60000610351562,1145.0,True,False,0.38439440727233887,49.43312454223633,0.38854679465293884,49.96712016386937,LSTM,2,48,64,0.1
test_23,A3,test,23,87.9000015258789,878,118.21446990966797,0.3164852261543274,0.6734539270401001,40.70000076293945,128.60000610351562,128.60000610351562,1145.0,True,False,0.38439440727233887,49.43312454223633,0.38692182302474976,49.75814880256621,LSTM,2,48,64,0.1
test_23,A3,test,23,88.0,879,118.21446990966797,0.31570759415626526,0.6747120022773743,40.599998474121094,128.60000610351562,128.60000610351562,1145.0,True,False,0.38439440727233887,49.43312454223633,0.38645845651626587,49.69855986674702,LSTM,2,48,64,0.1
test_23,A3,test,23,88.0999984741211,880,118.21446990966797,0.3149299919605255,0.670465886592865,40.5,128.60000610351562,128.60000610351562,1145.0,True,False,0.3842470347881317,49.41416931152344,0.3842470347881317,49.41417101901152,LSTM,2,48,64,0.1
test_23,A3,test,23,88.19999694824219,881,118.21446990966797,0.31415241956710815,0.6681071519851685,40.400001525878906,128.60000610351562,128.60000610351562,1145.0,True,False,0.3842470347881317,49.41416931152344,0.3860566020011902,49.64688137365556,LSTM,2,48,64,0.1
test_23,A3,test,23,88.30000305175781,882,118.21446990966797,0.313374787569046,0.6626031398773193,40.29999923706055,128.60000610351562,128.60000610351562,1145.0,True,False,0.3842470347881317,49.41416931152344,0.3847525417804718,49.479179221311824,LSTM,2,48,64,0.1
test_23,A3,test,23,88.4000015258789,883,118.21446990966797,0.3125971853733063,0.6626031398773193,40.20000076293945,128.60000610351562,128.60000610351562,1145.0,True,False,0.3842470347881317,49.41416931152344,0.38685333728790283,49.74934153638969,LSTM,2,48,64,0.1
test_23,A3,test,23,88.5,884,118.21446990966797,0.31181958317756653,0.6572564840316772,40.099998474121094,128.60000610351562,128.60000610351562,1145.0,True,False,0.38324829936027527,49.28573226928711,0.38324829936027527,49.28573363689338,LSTM,2,48,64,0.1
test_23,A3,test,23,88.5999984741211,885,118.21446990966797,0.3110419809818268,0.6585144400596619,40.0,128.60000610351562,128.60000610351562,1145.0,True,False,0.38324829936027527,49.28573226928711,0.3859468102455139,49.632762153205476,LSTM,2,48,64,0.1
test_23,A3,test,23,88.69999694824219,886,118.21446990966797,0.31026437878608704,0.6583572626113892,39.900001525878906,128.60000610351562,128.60000610351562,1145.0,True,False,0.38324829936027527,49.28573226928711,0.38364726305007935,49.33704036983727,LSTM,2,48,64,0.1
test_23,A3,test,23,88.80000305175781,887,118.21446990966797,0.3094867467880249,0.6486073136329651,39.79999923706055,128.60000610351562,128.60000610351562,1145.0,True,False,0.3792015016078949,48.765316009521484,0.3792015016078949,48.765315421237574,LSTM,2,48,64,0.1
test_23,A3,test,23,88.9000015258789,888,118.21446990966797,0.30870917439460754,0.6443614363670349,39.70000076293945,128.60000610351562,128.60000610351562,1145.0,True,False,0.3792015016078949,48.765316009521484,0.3808589577674866,48.97846429347737,LSTM,2,48,64,0.1
test_23,A3,test,23,89.0,889,118.21446990966797,0.3079315423965454,0.6423170566558838,39.599998474121094,128.60000610351562,128.60000610351562,1145.0,True,False,0.3792015016078949,48.765316009521484,0.38024836778640747,48.899942418183855,LSTM,2,48,64,0.1
test_23,A3,test,23,89.0999984741211,890,118.21446990966797,0.30715394020080566,0.64011549949646,39.5,128.60000610351562,128.60000610351562,1145.0,True,False,0.37851691246032715,48.677276611328125,0.37851691246032715,48.67727725268196,LSTM,2,48,64,0.1
test_23,A3,test,23,89.19999694824219,891,118.21446990966797,0.3063763678073883,0.6366558074951172,39.400001525878906,128.60000610351562,128.60000610351562,1145.0,True,False,0.3767120838165283,48.44517517089844,0.3767120838165283,48.44517627807363,LSTM,2,48,64,0.1
test_23,A3,test,23,89.30000305175781,892,118.21446990966797,0.30559873580932617,0.6331961750984192,39.29999923706055,128.60000610351562,128.60000610351562,1145.0,True,False,0.375766396522522,48.32356262207031,0.375766396522522,48.3235608862924,LSTM,2,48,64,0.1
test_23,A3,test,23,89.4000015258789,893,118.21446990966797,0.3048211336135864,0.632095456123352,39.20000076293945,128.60000610351562,128.60000610351562,1145.0,True,False,0.375766396522522,48.32356262207031,0.3760649561882019,48.3619556611211,LSTM,2,48,64,0.1
test_23,A3,test,23,89.5,894,118.21446990966797,0.3040435314178467,0.632095456123352,39.099998474121094,128.60000610351562,128.60000610351562,1145.0,True,False,0.3754872977733612,48.28767013549805,0.3754872977733612,48.28766878544684,LSTM,2,48,64,0.1
test_23,A3,test,23,89.5999984741211,895,118.21446990966797,0.30326592922210693,0.6300511360168457,39.0,128.60000610351562,128.60000610351562,1145.0,True,False,0.37339168787002563,48.01817321777344,0.37339168787002563,48.0181733390873,LSTM,2,48,64,0.1
test_23,A3,test,23,89.69999694824219,896,118.21446990966797,0.3024883270263672,0.6333535313606262,38.900001525878906,128.60000610351562,128.60000610351562,1145.0,True,False,0.37339168787002563,48.01817321777344,0.37618333101272583,48.37717866427738,LSTM,2,48,64,0.1
test_23,A3,test,23,89.80000305175781,897,118.21446990966797,0.30171072483062744,0.6322526931762695,38.79999923706055,128.60000610351562,128.60000610351562,1145.0,True,False,0.3724842071533203,47.90147018432617,0.3724842071533203,47.90147131338017,LSTM,2,48,64,0.1
test_23,A3,test,23,89.9000015258789,898,118.21446990966797,0.3009331226348877,0.6322526931762695,38.70000076293945,128.60000610351562,128.60000610351562,1145.0,True,False,0.3724842071533203,47.90147018432617,0.3734428286552429,48.02475004437838,LSTM,2,48,64,0.1
test_23,A3,test,23,90.0,899,118.21446990966797,0.30015549063682556,0.6278495192527771,38.599998474121094,128.60000610351562,128.60000610351562,1145.0,True,False,0.3710418939590454,47.71598815917969,0.3710418939590454,47.71598982779324,LSTM,2,48,64,0.1
test_23,A3,test,23,90.0999984741211,900,118.21446990966797,0.2993778884410858,0.6265915036201477,38.5,128.60000610351562,128.60000610351562,1145.0,True,False,0.3710418939590454,47.71598815917969,0.372892826795578,47.954019801868526,LSTM,2,48,64,0.1
test_23,A3,test,23,90.19999694824219,901,118.21446990966797,0.29860031604766846,0.6265915036201477,38.400001525878906,128.60000610351562,128.60000610351562,1145.0,True,False,0.3710418939590454,47.71598815917969,0.3729358911514282,47.95955787829371,LSTM,2,48,64,0.1
test_23,A3,test,23,90.30000305175781,902,118.21446990966797,0.2978226840496063,0.6245471239089966,38.29999923706055,128.60000610351562,128.60000610351562,1145.0,True,False,0.3710418939590454,47.71598815917969,0.3713606894016266,47.75698692365495,LSTM,2,48,64,0.1
test_23,A3,test,23,90.4000015258789,903,118.21446990966797,0.2970450818538666,0.6248615980148315,38.20000076293945,128.60000610351562,128.60000610351562,1145.0,True,False,0.3710418939590454,47.71598815917969,0.37225091457366943,47.87146988621316,LSTM,2,48,64,0.1
test_23,A3,test,23,90.5,904,118.21446990966797,0.29626747965812683,0.6247043609619141,38.099998474121094,128.60000610351562,128.60000610351562,1145.0,True,False,0.3710418939590454,47.71598815917969,0.3715687394142151,47.78374215654367,LSTM,2,48,64,0.1
test_23,A3,test,23,90.5999984741211,905,118.21446990966797,0.2954898774623871,0.6245471239089966,38.0,128.60000610351562,128.60000610351562,1145.0,True,False,0.3710418939590454,47.71598815917969,0.3712722659111023,47.74561566223383,LSTM,2,48,64,0.1
test_23,A3,test,23,90.69999694824219,906,118.21446990966797,0.29471227526664734,0.6234462857246399,37.900001525878906,128.60000610351562,128.60000610351562,1145.0,True,False,0.37037378549575806,47.630069732666016,0.37037378549575806,47.63007107533667,LSTM,2,48,64,0.1
test_23,A3,test,23,90.80000305175781,907,118.21446990966797,0.2939346730709076,0.6212446689605713,37.79999923706055,128.60000610351562,128.60000610351562,1145.0,True,False,0.3698683977127075,47.56507873535156,0.3698683977127075,47.56507820335173,LSTM,2,48,64,0.1
test_23,A3,test,23,90.9000015258789,908,118.21446990966797,0.29315707087516785,0.6179422736167908,37.70000076293945,128.60000610351562,128.60000610351562,1145.0,True,False,0.36929625272750854,47.49150085449219,0.36929625272750854,47.49150035476305,LSTM,2,48,64,0.1
test_23,A3,test,23,91.0,909,118.21446990966797,0.2923794388771057,0.6180996298789978,37.599998474121094,128.60000610351562,128.60000610351562,1145.0,True,False,0.36929625272750854,47.49150085449219,0.37091517448425293,47.69969370256149,LSTM,2,48,64,0.1
test_23,A3,test,23,91.0999984741211,910,118.21446990966797,0.29160186648368835,0.6185712814331055,37.5,128.60000610351562,128.60000610351562,1145.0,True,False,0.36929625272750854,47.49150085449219,0.37011438608169556,47.59671230910499,LSTM,2,48,64,0.1
test_23,A3,test,23,91.19999694824219,911,118.21446990966797,0.2908242642879486,0.6214019060134888,37.400001525878906,128.60000610351562,128.60000610351562,1145.0,True,False,0.36929625272750854,47.49150085449219,0.37090611457824707,47.69852859859384,LSTM,2,48,64,0.1
test_23,A3,test,23,91.30000305175781,912,118.21446990966797,0.2900466322898865,0.6214019060134888,37.29999923706055,128.60000610351562,128.60000610351562,1145.0,True,False,0.36865663528442383,47.409244537353516,0.36865663528442383,47.40924554767844,LSTM,2,48,64,0.1
test_23,A3,test,23,91.4000015258789,913,118.21446990966797,0.28926903009414673,0.6190431118011475,37.20000076293945,128.60000610351562,128.60000610351562,1145.0,True,False,0.36772945523262024,47.290008544921875,0.36772945523262024,47.29001018735744,LSTM,2,48,64,0.1
test_23,A3,test,23,91.5,914,118.21446990966797,0.288491427898407,0.6204584240913391,37.099998474121094,128.60000610351562,128.60000610351562,1145.0,True,False,0.36772945523262024,47.290008544921875,0.3701612055301666,47.60273329046413,LSTM,2,48,64,0.1
test_23,A3,test,23,91.5999984741211,915,118.21446990966797,0.28771382570266724,0.6217164993286133,37.0,128.60000610351562,128.60000610351562,1145.0,True,False,0.36772945523262024,47.290008544921875,0.36973339319229126,47.5477166212022,LSTM,2,48,64,0.1
test_23,A3,test,23,91.69999694824219,916,118.21446990966797,0.2869362235069275,0.6234462857246399,36.900001525878906,128.60000610351562,128.60000610351562,1145.0,True,False,0.36772945523262024,47.290008544921875,0.3700125217437744,47.5836125546266,LSTM,2,48,64,0.1
test_23,A3,test,23,91.80000305175781,917,118.21446990966797,0.28615862131118774,0.6265915036201477,36.79999923706055,128.60000610351562,128.60000610351562,1145.0,True,False,0.36772945523262024,47.290008544921875,0.37079378962516785,47.684083608942274,LSTM,2,48,64,0.1
test_23,A3,test,23,91.9000015258789,918,118.21446990966797,0.285381019115448,0.6245471239089966,36.70000076293945,128.60000610351562,128.60000610351562,1145.0,True,False,0.36772945523262024,47.290008544921875,0.36813807487487793,47.342558675845794,LSTM,2,48,64,0.1
test_23,A3,test,23,92.0,919,118.21446990966797,0.28460338711738586,0.6262768507003784,36.599998474121094,128.60000610351562,128.60000610351562,1145.0,True,False,0.36772945523262024,47.290008544921875,0.3711491525173187,47.72978327904184,LSTM,2,48,64,0.1
test_23,A3,test,23,92.0999984741211,920,118.21446990966797,0.2838258147239685,0.6247043609619141,36.5,128.60000610351562,128.60000610351562,1145.0,True,False,0.36772945523262024,47.290008544921875,0.3694364130496979,47.509524973052066,LSTM,2,48,64,0.1
test_23,A3,test,23,92.19999694824219,921,118.21446990966797,0.28304821252822876,0.6267486810684204,36.400001525878906,128.60000610351562,128.60000610351562,1145.0,True,False,0.36772945523262024,47.290008544921875,0.3719305396080017,47.83026966367288,LSTM,2,48,64,0.1
test_23,A3,test,23,92.30000305175781,922,118.21446990966797,0.2822705805301666,0.6267486810684204,36.29999923706055,128.60000610351562,128.60000610351562,1145.0,True,False,0.36772945523262024,47.290008544921875,0.3707636296749115,47.680205039155226,LSTM,2,48,64,0.1
test_23,A3,test,23,92.4000015258789,923,118.21446990966797,0.28149300813674927,0.6179422736167908,36.20000076293945,128.60000610351562,128.60000610351562,1145.0,True,False,0.3674832582473755,47.25835037231445,0.3674832582473755,47.258349253552296,LSTM,2,48,64,0.1
test_23,A3,test,23,92.5,924,118.21446990966797,0.28071537613868713,0.6146399974822998,36.099998474121094,128.60000610351562,128.60000610351562,1145.0,True,False,0.3674832582473755,47.25835037231445,0.3698810040950775,47.566699384201456,LSTM,2,48,64,0.1
test_23,A3,test,23,92.5999984741211,925,118.21446990966797,0.2799377739429474,0.6091359853744507,36.0,128.60000610351562,128.60000610351562,1145.0,True,False,0.36740270256996155,47.247989654541016,0.36740270256996155,47.24798979294519,LSTM,2,48,64,0.1
test_23,A3,test,23,92.69999694824219,926,118.21446990966797,0.27916017174720764,0.6157407164573669,35.900001525878906,128.60000610351562,128.60000610351562,1145.0,True,False,0.36740270256996155,47.247989654541016,0.37440046668052673,48.147902300274836,LSTM,2,48,64,0.1
test_23,A3,test,23,92.80000305175781,927,118.21446990966797,0.2783825695514679,0.6092932224273682,35.79999923706055,128.60000610351562,128.60000610351562,1145.0,True,False,0.36432141065597534,46.85173416137695,0.36432141065597534,46.85173563399985,LSTM,2,48,64,0.1
test_23,A3,test,23,92.9000015258789,928,118.21446990966797,0.27760496735572815,0.6015876531600952,35.70000076293945,128.60000610351562,128.60000610351562,1145.0,True,False,0.36376580595970154,46.7802848815918,0.36376580595970154,46.7802848666679,LSTM,2,48,64,0.1
test_23,A3,test,23,93.0,929,118.21446990966797,0.276827335357666,0.5982852578163147,35.599998474121094,128.60000610351562,128.60000610351562,1145.0,True,False,0.36376580595970154,46.7802848815918,0.36475682258605957,46.90772961086623,LSTM,2,48,64,0.1
test_23,A3,test,23,93.0999984741211,930,118.21446990966797,0.27604976296424866,0.5927812457084656,35.5,128.60000610351562,128.60000610351562,1145.0,True,False,0.3618836998939514,46.538246154785156,0.3618836998939514,46.53824601512497,LSTM,2,48,64,0.1
test_23,A3,test,23,93.19999694824219,931,118.21446990966797,0.2752721607685089,0.5894789695739746,35.400001525878906,128.60000610351562,128.60000610351562,1145.0,True,False,0.36177846789360046,46.52471160888672,0.36177846789360046,46.52471317923755,LSTM,2,48,64,0.1
test_23,A3,test,23,93.30000305175781,932,118.21446990966797,0.2744945287704468,0.587119996547699,35.29999923706055,128.60000610351562,128.60000610351562,1145.0,True,False,0.36073362827301025,46.39034652709961,0.36073362827301025,46.390346797652455,LSTM,2,48,64,0.1
test_23,A3,test,23,93.4000015258789,933,118.21446990966797,0.2737169563770294,0.5855474472045898,35.20000076293945,128.60000610351562,128.60000610351562,1145.0,True,False,0.3598712682723999,46.27944564819336,0.3598712682723999,46.279447296310536,LSTM,2,48,64,0.1
test_23,A3,test,23,93.5,934,118.21446990966797,0.2729393243789673,0.5839749574661255,35.099998474121094,128.60000610351562,128.60000610351562,1145.0,True,False,0.35878196358680725,46.13936233520508,0.35878196358680725,46.13936270709473,LSTM,2,48,64,0.1
test_23,A3,test,23,93.5999984741211,935,118.21446990966797,0.27216172218322754,0.5808297395706177,35.0,128.60000610351562,128.60000610351562,1145.0,True,False,0.3569866120815277,45.90848159790039,0.3569866120815277,45.90848049255783,LSTM,2,48,64,0.1
test_23,A3,test,23,93.69999694824219,936,118.21446990966797,0.2713841497898102,0.5808297395706177,34.900001525878906,128.60000610351562,128.60000610351562,1145.0,True,False,0.3569866120815277,45.90848159790039,0.35814452171325684,46.05738767826551,LSTM,2,48,64,0.1
test_23,A3,test,23,93.80000305175781,937,118.21446990966797,0.27060651779174805,0.5808297395706177,34.79999923706055,128.60000610351562,128.60000610351562,1145.0,True,False,0.3569866120815277,45.90848159790039,0.35714516043663025,45.92886981199172,LSTM,2,48,64,0.1
test_23,A3,test,23,93.9000015258789,938,118.21446990966797,0.2698289155960083,0.5806725025177002,34.70000076293945,128.60000610351562,128.60000610351562,1145.0,True,False,0.3564155399799347,45.83504104614258,0.3564155399799347,45.83504061680742,LSTM,2,48,64,0.1
test_23,A3,test,23,94.0,939,118.21446990966797,0.26905128359794617,0.5806725025177002,34.599998474121094,128.60000610351562,128.60000610351562,1145.0,True,False,0.35614004731178284,45.79961395263672,0.35614004731178284,45.799612258001616,LSTM,2,48,64,0.1
test_23,A3,test,23,94.0999984741211,940,118.21446990966797,0.2682737112045288,0.5795718431472778,34.5,128.60000610351562,128.60000610351562,1145.0,True,False,0.3552749752998352,45.68836212158203,0.3552749752998352,45.68836399198517,LSTM,2,48,64,0.1
test_23,A3,test,23,94.19999694824219,941,118.21446990966797,0.26749610900878906,0.5795718431472778,34.400001525878906,128.60000610351562,128.60000610351562,1145.0,True,False,0.3552749752998352,45.68836212158203,0.35584110021591187,45.76116765964798,LSTM,2,48,64,0.1
test_23,A3,test,23,94.30000305175781,942,118.21446990966797,0.26671847701072693,0.582874059677124,34.29999923706055,128.60000610351562,128.60000610351562,1145.0,True,False,0.3552749752998352,45.68836212158203,0.3576910197734833,45.99906732604268,LSTM,2,48,64,0.1
test_23,A3,test,23,94.4000015258789,943,118.21446990966797,0.26594090461730957,0.5896362066268921,34.20000076293945,128.60000610351562,128.60000610351562,1145.0,True,False,0.3552749752998352,45.68836212158203,0.3590182363986969,46.16974739214584,LSTM,2,48,64,0.1
test_23,A3,test,23,94.5,944,118.21446990966797,0.26516327261924744,0.5883781313896179,34.099998474121094,128.60000610351562,128.60000610351562,1145.0,True,False,0.35389086604118347,45.51036834716797,0.35389086604118347,45.510367532874625,LSTM,2,48,64,0.1
test_23,A3,test,23,94.5999984741211,945,118.21446990966797,0.2643856704235077,0.5839749574661255,34.0,128.60000610351562,128.60000610351562,1145.0,True,False,0.35389086604118347,45.51036834716797,0.3541097939014435,45.53852165704029,LSTM,2,48,64,0.1
test_23,A3,test,23,94.69999694824219,946,118.21446990966797,0.26360809803009033,0.5795718431472778,33.900001525878906,128.60000610351562,128.60000610351562,1145.0,True,False,0.35389086604118347,45.51036834716797,0.35497531294822693,45.64982741173935,LSTM,2,48,64,0.1
test_23,A3,test,23,94.80000305175781,947,118.21446990966797,0.2628304660320282,0.5740678310394287,33.79999923706055,128.60000610351562,128.60000610351562,1145.0,True,False,0.35389086604118347,45.51036834716797,0.3541710376739502,45.54639760655846,LSTM,2,48,64,0.1
test_23,A3,test,23,94.9000015258789,948,118.21446990966797,0.26205286383628845,0.5685638189315796,33.70000076293945,128.60000610351562,128.60000610351562,1145.0,True,False,0.35315513610839844,45.41575241088867,0.35315513610839844,45.41575265902793,LSTM,2,48,64,0.1
test_23,A3,test,23,95.0,949,118.21446990966797,0.2612752616405487,0.5652613639831543,33.599998474121094,128.60000610351562,128.60000610351562,1145.0,True,False,0.35315167903900146,45.41530990600586,0.35315167903900146,45.41530807988238,LSTM,2,48,64,0.1
test_23,A3,test,23,95.0999984741211,950,118.21446990966797,0.26049765944480896,0.563217043876648,33.5,128.60000610351562,128.60000610351562,1145.0,True,False,0.3525579869747162,45.338958740234375,0.3525579869747162,45.338959276791684,LSTM,2,48,64,0.1
test_23,A3,test,23,95.19999694824219,951,118.21446990966797,0.2597200572490692,0.5600720047950745,33.400001525878906,128.60000610351562,128.60000610351562,1145.0,True,False,0.3504067659378052,45.062313079833984,0.3504067659378052,45.06231223831492,LSTM,2,48,64,0.1
test_23,A3,test,23,95.30000305175781,952,118.21446990966797,0.2589424252510071,0.5566123127937317,33.29999923706055,128.60000610351562,128.60000610351562,1145.0,True,False,0.3492187261581421,44.90953063964844,0.3492187261581421,44.909530315399024,LSTM,2,48,64,0.1
test_23,A3,test,23,95.4000015258789,953,118.21446990966797,0.2581648528575897,0.5566123127937317,33.20000076293945,128.60000610351562,128.60000610351562,1145.0,True,False,0.3492187261581421,44.90953063964844,0.3502577841281891,45.043153176688975,LSTM,2,48,64,0.1
test_23,A3,test,23,95.5,954,118.21446990966797,0.2573872208595276,0.5566123127937317,33.099998474121094,128.60000610351562,128.60000610351562,1145.0,True,False,0.34893283247947693,44.872764587402344,0.34893283247947693,44.87276438657773,LSTM,2,48,64,0.1
test_23,A3,test,23,95.5999984741211,955,118.21446990966797,0.25660961866378784,0.5566123127937317,33.0,128.60000610351562,128.60000610351562,1145.0,True,False,0.34820106625556946,44.77865982055664,0.34820106625556946,44.77865924571688,LSTM,2,48,64,0.1
test_23,A3,test,23,95.69999694824219,956,118.21446990966797,0.2558320462703705,0.5544107556343079,32.900001525878906,128.60000610351562,128.60000610351562,1145.0,True,False,0.346367210149765,44.542823791503906,0.346367210149765,44.54282533931746,LSTM,2,48,64,0.1
test_23,A3,test,23,95.80000305175781,957,118.21446990966797,0.25505441427230835,0.5545679926872253,32.79999923706055,128.60000610351562,128.60000610351562,1145.0,True,False,0.346367210149765,44.542823791503906,0.347640722990036,44.706599098349216,LSTM,2,48,64,0.1
test_23,A3,test,23,95.9000015258789,958,118.21446990966797,0.2542768120765686,0.5545679926872253,32.70000076293945,128.60000610351562,128.60000610351562,1145.0,True,False,0.346367210149765,44.542823791503906,0.3470119535923004,44.625739349962714,LSTM,2,48,64,0.1
test_23,A3,test,23,96.0,959,118.21446990966797,0.25349920988082886,0.5545679926872253,32.599998474121094,128.60000610351562,128.60000610351562,1145.0,True,False,0.346367210149765,44.542823791503906,0.3467690646648407,44.59450383240892,LSTM,2,48,64,0.1
test_23,A3,test,23,96.0999984741211,960,118.21446990966797,0.2527216076850891,0.5545679926872253,32.5,128.60000610351562,128.60000610351562,1145.0,True,False,0.346367210149765,44.542823791503906,0.3464592397212982,44.554660342778334,LSTM,2,48,64,0.1
test_23,A3,test,23,96.19999694824219,961,118.21446990966797,0.25194400548934937,0.5545679926872253,32.400001525878906,128.60000610351562,128.60000610351562,1145.0,True,False,0.346367210149765,44.542823791503906,0.3465063273906708,44.560715817347045,LSTM,2,48,64,0.1
test_23,A3,test,23,96.30000305175781,962,118.21446990966797,0.2511664032936096,0.5540961623191833,32.29999923706055,128.60000610351562,128.60000610351562,1145.0,True,False,0.34617170691490173,44.51768493652344,0.34617170691490173,44.517683622120785,LSTM,2,48,64,0.1
test_23,A3,test,23,96.4000015258789,963,118.21446990966797,0.2503888010978699,0.5534670948982239,32.20000076293945,128.60000610351562,128.60000610351562,1145.0,True,False,0.3460853099822998,44.50657272338867,0.3460853099822998,44.50657297606085,LSTM,2,48,64,0.1
test_23,A3,test,23,96.5,964,118.21446990966797,0.24961116909980774,0.5588139295578003,32.099998474121094,128.60000610351562,128.60000610351562,1145.0,True,False,0.3460853099822998,44.50657272338867,0.3498816192150116,44.99477836655842,LSTM,2,48,64,0.1
test_23,A3,test,23,96.5999984741211,965,118.21446990966797,0.2488335818052292,0.559914767742157,32.0,128.60000610351562,128.60000610351562,1145.0,True,False,0.3460853099822998,44.50657272338867,0.3461366295814514,44.51317267682498,LSTM,2,48,64,0.1
test_23,A3,test,23,96.69999694824219,966,118.21446990966797,0.24805597960948944,0.559914767742157,31.899999618530273,128.60000610351562,128.60000610351562,1145.0,True,False,0.3460853099822998,44.50657272338867,0.34611213207244873,44.51002229701771,LSTM,2,48,64,0.1
test_23,A3,test,23,96.80000305175781,967,118.21446990966797,0.2472783625125885,0.5545679926872253,31.799999237060547,128.60000610351562,128.60000610351562,1145.0,True,False,0.3441312909126282,44.255287170410156,0.3441312909126282,44.255286111774694,LSTM,2,48,64,0.1
test_23,A3,test,23,96.9000015258789,968,118.21446990966797,0.24650077521800995,0.5545679926872253,31.700000762939453,128.60000610351562,128.60000610351562,1145.0,True,False,0.3441312909126282,44.255287170410156,0.3479635417461395,44.74811359235446,LSTM,2,48,64,0.1
test_23,A3,test,23,97.0,969,118.21446990966797,0.245723158121109,0.5545679926872253,31.600000381469727,128.60000610351562,128.60000610351562,1145.0,True,False,0.3441312909126282,44.255287170410156,0.3472839593887329,44.660719297044125,LSTM,2,48,64,0.1
test_23,A3,test,23,97.0999984741211,970,118.21446990966797,0.24494555592536926,0.5512655377388,31.5,128.60000610351562,128.60000610351562,1145.0,True,False,0.3441312909126282,44.255287170410156,0.34496915340423584,44.36303523330935,LSTM,2,48,64,0.1
test_23,A3,test,23,97.19999694824219,971,118.21446990966797,0.24416795372962952,0.5501648187637329,31.399999618530273,128.60000610351562,128.60000610351562,1145.0,True,False,0.3441312909126282,44.255287170410156,0.3463478684425354,44.54033799564968,LSTM,2,48,64,0.1
test_23,A3,test,23,97.30000305175781,972,118.21446990966797,0.24339033663272858,0.5457615852355957,31.299999237060547,128.60000610351562,128.60000610351562,1145.0,True,False,0.3436930179595947,44.19892501831055,0.3436930179595947,44.19892420733959,LSTM,2,48,64,0.1
test_23,A3,test,23,97.4000015258789,973,118.21446990966797,0.24261274933815002,0.5457615852355957,31.200000762939453,128.60000610351562,128.60000610351562,1145.0,True,False,0.3436930179595947,44.19892501831055,0.3460068106651306,44.49647796339377,LSTM,2,48,64,0.1
test_23,A3,test,23,97.5,974,118.21446990966797,0.24183513224124908,0.559914767742157,31.100000381469727,128.60000610351562,128.60000610351562,1145.0,True,False,0.3436930179595947,44.19892501831055,0.3549659550189972,45.64862398198329,LSTM,2,48,64,0.1
test_23,A3,test,23,97.5999984741211,975,118.21446990966797,0.24105753004550934,0.5588139295578003,31.0,128.60000610351562,128.60000610351562,1145.0,True,False,0.34146884083747864,43.91289520263672,0.34146884083747864,43.91289501586016,LSTM,2,48,64,0.1
test_23,A3,test,23,97.69999694824219,976,118.21446990966797,0.2402799278497696,0.5534670948982239,30.899999618530273,128.60000610351562,128.60000610351562,1145.0,True,False,0.34146884083747864,43.91289520263672,0.34180617332458496,43.956275975760946,LSTM,2,48,64,0.1
test_23,A3,test,23,97.80000305175781,977,118.21446990966797,0.23950231075286865,0.5479632616043091,30.799999237060547,128.60000610351562,128.60000610351562,1145.0,True,False,0.34146884083747864,43.91289520263672,0.3427872061729431,44.08243680604755,LSTM,2,48,64,0.1
test_23,A3,test,23,97.9000015258789,978,118.21446990966797,0.2387247234582901,0.5424593091011047,30.700000762939453,128.60000610351562,128.60000610351562,1145.0,True,False,0.34146884083747864,43.91289520263672,0.34265634417533875,44.06560795235691,LSTM,2,48,64,0.1
test_23,A3,test,23,98.0,979,118.21446990966797,0.23794712126255035,0.5413584113121033,30.600000381469727,128.60000610351562,128.60000610351562,1145.0,True,False,0.34146884083747864,43.91289520263672,0.34473174810409546,44.33250491026229,LSTM,2,48,64,0.1
test_23,A3,test,23,98.0999984741211,980,118.21446990966797,0.23716950416564941,0.5371125340461731,30.5,128.60000610351562,128.60000610351562,1145.0,True,False,0.34136074781417847,43.89899444580078,0.34136074781417847,43.89899425240401,LSTM,2,48,64,0.1
test_23,A3,test,23,98.19999694824219,981,118.21446990966797,0.23639190196990967,0.5338100790977478,30.399999618530273,128.60000610351562,128.60000610351562,1145.0,True,False,0.3409653306007385,43.84814453125,0.3409653306007385,43.8481435963422,LSTM,2,48,64,0.1
test_23,A3,test,23,98.30000305175781,982,118.21446990966797,0.23561428487300873,0.5336529016494751,30.299999237060547,128.60000610351562,128.60000610351562,1145.0,True,False,0.3409653306007385,43.84814453125,0.34182849526405334,43.95914657731282,LSTM,2,48,64,0.1
test_23,A3,test,23,98.4000015258789,983,118.21446990966797,0.23483669757843018,0.5305078029632568,30.200000762939453,128.60000610351562,128.60000610351562,1145.0,True,False,0.33848440647125244,43.52909851074219,0.33848440647125244,43.52909673814793,LSTM,2,48,64,0.1
test_23,A3,test,23,98.5,984,118.21446990966797,0.23405909538269043,0.5272054076194763,30.100000381469727,128.60000610351562,128.60000610351562,1145.0,True,False,0.33775246143341064,43.434967041015625,0.33775246143341064,43.434968601814035,LSTM,2,48,64,0.1
test_23,A3,test,23,98.5999984741211,985,118.21446990966797,0.2332814782857895,0.5270481705665588,30.0,128.60000610351562,128.60000610351562,1145.0,True,False,0.33775246143341064,43.434967041015625,0.3389858305454254,43.59357987714702,LSTM,2,48,64,0.1
test_23,A3,test,23,98.69999694824219,986,118.21446990966797,0.23250387609004974,0.5279916524887085,29.899999618530273,128.60000610351562,128.60000610351562,1145.0,True,False,0.33775246143341064,43.434967041015625,0.3385842740535736,43.54193970984397,LSTM,2,48,64,0.1
test_23,A3,test,23,98.80000305175781,987,118.21446990966797,0.2317262589931488,0.526890754699707,29.799999237060547,128.60000610351562,128.60000610351562,1145.0,True,False,0.33649203181266785,43.27287673950195,0.33649203181266785,43.27287734489346,LSTM,2,48,64,0.1
test_23,A3,test,23,98.9000015258789,988,118.21446990966797,0.23094867169857025,0.523902952671051,29.700000762939453,128.60000610351562,128.60000610351562,1145.0,True,False,0.3348837196826935,43.06604766845703,0.3348837196826935,43.0660483951624,LSTM,2,48,64,0.1
test_23,A3,test,23,99.0,989,118.21446990966797,0.2301710695028305,0.520443320274353,29.600000381469727,128.60000610351562,128.60000610351562,1145.0,True,False,0.33436787128448486,42.99971008300781,0.33436787128448486,42.99971028800428,LSTM,2,48,64,0.1
test_23,A3,test,23,99.0999984741211,990,118.21446990966797,0.22939345240592957,0.5172982811927795,29.5,128.60000610351562,128.60000610351562,1145.0,True,False,0.3340303599834442,42.95630645751953,0.3340303599834442,42.95630633263045,LSTM,2,48,64,0.1
test_23,A3,test,23,99.19999694824219,991,118.21446990966797,0.22861585021018982,0.5161973834037781,29.399999618530273,128.60000610351562,128.60000610351562,1145.0,True,False,0.3340303599834442,42.95630645751953,0.3344539701938629,43.010782608275804,LSTM,2,48,64,0.1
test_23,A3,test,23,99.30000305175781,992,118.21446990966797,0.22783824801445007,0.5161973834037781,29.299999237060547,128.60000610351562,128.60000610351562,1145.0,True,False,0.3340303599834442,42.95630645751953,0.33430302143096924,42.99137059644636,LSTM,2,48,64,0.1
test_23,A3,test,23,99.4000015258789,993,118.21446990966797,0.22706064581871033,0.5117942690849304,29.200000762939453,128.60000610351562,128.60000610351562,1145.0,True,False,0.330416202545166,42.49152755737305,0.330416202545166,42.491525664008805,LSTM,2,48,64,0.1
test_23,A3,test,23,99.5,994,118.21446990966797,0.22628304362297058,0.5084918737411499,29.100000381469727,128.60000610351562,128.60000610351562,1145.0,True,False,0.330416202545166,42.49152755737305,0.330684095621109,42.52597671521016,LSTM,2,48,64,0.1
test_23,A3,test,23,99.5999984741211,995,118.21446990966797,0.22550542652606964,0.5051893591880798,29.0,128.60000610351562,128.60000610351562,1145.0,True,False,0.329732745885849,42.40363311767578,0.329732745885849,42.40363313344915,LSTM,2,48,64,0.1
test_23,A3,test,23,99.69999694824219,996,118.21446990966797,0.2247278243303299,0.502987802028656,28.899999618530273,128.60000610351562,128.60000610351562,1145.0,True,False,0.3293866813182831,42.359130859375,0.3293866813182831,42.35912922794796,LSTM,2,48,64,0.1
test_23,A3,test,23,99.80000305175781,997,118.21446990966797,0.22395022213459015,0.5018871426582336,28.799999237060547,128.60000610351562,128.60000610351562,1145.0,True,False,0.32906296849250793,42.317501068115234,0.32906296849250793,42.31749975657749,LSTM,2,48,64,0.1
test_23,A3,test,23,99.9000015258789,998,118.21446990966797,0.2231726199388504,0.49858468770980835,28.700000762939453,128.60000610351562,128.60000610351562,1145.0,True,False,0.3265360891819,41.9925422668457,0.3265360891819,41.992543061810466,LSTM,2,48,64,0.1
test_23,A3,test,23,100.0,999,118.21446990966797,0.22239501774311066,0.49638310074806213,28.600000381469727,128.60000610351562,128.60000610351562,1145.0,True,False,0.3264574408531189,41.98242950439453,0.3264574408531189,41.98242888624918,LSTM,2,48,64,0.1
test_23,A3,test,23,100.0999984741211,1000,118.21446990966797,0.22161740064620972,0.496540367603302,28.5,128.60000610351562,128.60000610351562,1145.0,True,False,0.3264574408531189,41.98242950439453,0.3271385431289673,42.0700186430804,LSTM,2,48,64,0.1
test_23,A3,test,23,100.19999694824219,1001,118.21446990966797,0.22083979845046997,0.49638310074806213,28.399999618530273,128.60000610351562,128.60000610351562,1145.0,True,False,0.3259369134902954,41.915489196777344,0.3259369134902954,41.915489064213034,LSTM,2,48,64,0.1
test_23,A3,test,23,100.30000305175781,1002,118.21446990966797,0.22006219625473022,0.4941815435886383,28.299999237060547,128.60000610351562,128.60000610351562,1145.0,True,False,0.32402968406677246,41.67021942138672,0.32402968406677246,41.67021934870718,LSTM,2,48,64,0.1
test_23,A3,test,23,100.4000015258789,1003,118.21446990966797,0.21928459405899048,0.4941815435886383,28.200000762939453,128.60000610351562,128.60000610351562,1145.0,True,False,0.32402968406677246,41.67021942138672,0.32529503107070923,41.83294298113651,LSTM,2,48,64,0.1
test_23,A3,test,23,100.5,1004,118.21446990966797,0.21850699186325073,0.4941815435886383,28.100000381469727,128.60000610351562,128.60000610351562,1145.0,True,False,0.32402968406677246,41.67021942138672,0.3246367275714874,41.74828514711862,LSTM,2,48,64,0.1
test_23,A3,test,23,100.5999984741211,1005,118.21446990966797,0.217729389667511,0.49308067560195923,28.0,128.60000610351562,128.60000610351562,1145.0,True,False,0.3235604166984558,41.60987091064453,0.3235604166984558,41.609871562277476,LSTM,2,48,64,0.1
test_23,A3,test,23,100.69999694824219,1006,118.21446990966797,0.21695177257061005,0.4941815435886383,27.899999618530273,128.60000610351562,128.60000610351562,1145.0,True,False,0.3235604166984558,41.60987091064453,0.3248482346534729,41.77548495915289,LSTM,2,48,64,0.1
test_23,A3,test,23,100.80000305175781,1007,118.21446990966797,0.2161741703748703,0.4910363256931305,27.799999237060547,128.60000610351562,128.60000610351562,1145.0,True,False,0.3215828835964203,41.355560302734375,0.3215828835964203,41.355560793285804,LSTM,2,48,64,0.1
test_23,A3,test,23,100.9000015258789,1008,118.21446990966797,0.21539656817913055,0.49308067560195923,27.700000762939453,128.60000610351562,128.60000610351562,1145.0,True,False,0.3215828835964203,41.355560302734375,0.3253404498100281,41.83878383129013,LSTM,2,48,64,0.1
test_23,A3,test,23,101.0,1009,118.21446990966797,0.2146189659833908,0.4941815435886383,27.600000381469727,128.60000610351562,128.60000610351562,1145.0,True,False,0.3215828835964203,41.355560302734375,0.32390096783638,41.65366644069309,LSTM,2,48,64,0.1
test_23,A3,test,23,101.0999984741211,1010,118.21446990966797,0.21384136378765106,0.4996853768825531,27.5,128.60000610351562,128.60000610351562,1145.0,True,False,0.3215828835964203,41.355560302734375,0.32663044333457947,42.004677006420934,LSTM,2,48,64,0.1
test_23,A3,test,23,101.19999694824219,1011,118.21446990966797,0.21306374669075012,0.4988991320133209,27.399999618530273,128.60000610351562,128.60000610351562,1145.0,True,False,0.3215828835964203,41.355560302734375,0.3223356306552887,41.452364069650685,LSTM,2,48,64,0.1
test_23,A3,test,23,101.30000305175781,1012,118.21446990966797,0.21228614449501038,0.4971694052219391,27.299999237060547,128.60000610351562,128.60000610351562,1145.0,True,False,0.3215828835964203,41.355560302734375,0.32302403450012207,41.54089280829794,LSTM,2,48,64,0.1
test_23,A3,test,23,101.4000015258789,1013,118.21446990966797,0.21150854229927063,0.4941815435886383,27.200000762939453,128.60000610351562,128.60000610351562,1145.0,True,False,0.3215828835964203,41.355560302734375,0.3228364884853363,41.5167743896518,LSTM,2,48,64,0.1
test_23,A3,test,23,101.5,1014,118.21446990966797,0.21073094010353088,0.4932378828525543,27.100000381469727,128.60000610351562,128.60000610351562,1145.0,True,False,0.3215828835964203,41.355560302734375,0.3243784010410309,41.71506435372521,LSTM,2,48,64,0.1
test_23,A3,test,23,101.5999984741211,1015,118.21446990966797,0.20995333790779114,0.4933951497077942,27.0,128.60000610351562,128.60000610351562,1145.0,True,False,0.3215828835964203,41.355560302734375,0.3247247636318207,41.75960658501481,LSTM,2,48,64,0.1
test_23,A3,test,23,101.69999694824219,1016,118.21446990966797,0.2091757208108902,0.4932378828525543,26.899999618530273,128.60000610351562,128.60000610351562,1145.0,True,False,0.3215828835964203,41.355560302734375,0.32401883602142334,41.66882429000907,LSTM,2,48,64,0.1
test_23,A3,test,23,101.80000305175781,1017,118.21446990966797,0.20839811861515045,0.49308067560195923,26.799999237060547,128.60000610351562,128.60000610351562,1145.0,True,False,0.3215828835964203,41.355560302734375,0.3237742781639099,41.63737414804018,LSTM,2,48,64,0.1
test_23,A3,test,23,101.9000015258789,1018,118.21446990966797,0.2076205313205719,0.4932378828525543,26.700000762939453,128.60000610351562,128.60000610351562,1145.0,True,False,0.3215828835964203,41.355560302734375,0.32381418347358704,41.64250597110822,LSTM,2,48,64,0.1
test_23,A3,test,23,102.0,1019,118.21446990966797,0.20684291422367096,0.4941815435886383,26.600000381469727,128.60000610351562,128.60000610351562,1145.0,True,False,0.3215828835964203,41.355560302734375,0.32413122057914734,41.68327694481832,LSTM,2,48,64,0.1
test_23,A3,test,23,102.0999984741211,1020,118.21446990966797,0.2060653120279312,0.4943388104438782,26.5,128.60000610351562,128.60000610351562,1145.0,True,False,0.3215828835964203,41.355560302734375,0.3235701024532318,41.61111715040079,LSTM,2,48,64,0.1
test_23,A3,test,23,102.19999694824219,1021,118.21446990966797,0.20528769493103027,0.49606868624687195,26.399999618530273,128.60000610351562,128.60000610351562,1145.0,True,False,0.3215828835964203,41.355560302734375,0.3245939612388611,41.74278539648185,LSTM,2,48,64,0.1
test_23,A3,test,23,102.30000305175781,1022,118.21446990966797,0.20451009273529053,0.49638310074806213,26.299999237060547,128.60000610351562,128.60000610351562,1145.0,True,False,0.3215828835964203,41.355560302734375,0.3236433267593384,41.62053379661302,LSTM,2,48,64,0.1
test_23,A3,test,23,102.4000015258789,1023,118.21446990966797,0.20373250544071198,0.49308067560195923,26.200000762939453,128.60000610351562,128.60000610351562,1145.0,True,False,0.3215828835964203,41.355560302734375,0.3219170868396759,41.39853933240829,LSTM,2,48,64,0.1
test_23,A3,test,23,102.5,1024,118.21446990966797,0.20295488834381104,0.4877341091632843,26.100000381469727,128.60000610351562,128.60000610351562,1145.0,True,False,0.32083165645599365,41.25895309448242,0.32083165645599365,41.25895297844181,LSTM,2,48,64,0.1
test_23,A3,test,23,102.5999984741211,1025,118.21446990966797,0.2021772861480713,0.4822300672531128,26.0,128.60000610351562,128.60000610351562,1145.0,True,False,0.3199862241744995,41.150230407714844,0.3199862241744995,41.150230381881556,LSTM,2,48,64,0.1
test_23,A3,test,23,102.69999694824219,1026,118.21446990966797,0.20139966905117035,0.4789276421070099,25.899999618530273,128.60000610351562,128.60000610351562,1145.0,True,False,0.3199862241744995,41.150230407714844,0.3204151391983032,41.2053888565606,LSTM,2,48,64,0.1
test_23,A3,test,23,102.80000305175781,1027,118.21446990966797,0.2006220668554306,0.4778267741203308,25.799999237060547,128.60000610351562,128.60000610351562,1145.0,True,False,0.3199862241744995,41.150230407714844,0.32050326466560364,41.21672179219331,LSTM,2,48,64,0.1
test_23,A3,test,23,102.9000015258789,1028,118.21446990966797,0.19984447956085205,0.475625216960907,25.700000762939453,128.60000610351562,128.60000610351562,1145.0,True,False,0.3182239830493927,40.923606872558594,0.3182239830493927,40.923606162436954,LSTM,2,48,64,0.1
test_23,A3,test,23,103.0,1029,118.21446990966797,0.1990668624639511,0.47389549016952515,25.600000381469727,128.60000610351562,128.60000610351562,1145.0,True,False,0.31764426827430725,40.849056243896484,0.31764426827430725,40.84905483882267,LSTM,2,48,64,0.1
test_23,A3,test,23,103.0999984741211,1030,118.21446990966797,0.19828926026821136,0.472165584564209,25.5,128.60000610351562,128.60000610351562,1145.0,True,False,0.31670770049095154,40.72861099243164,0.31670770049095154,40.728612216166766,LSTM,2,48,64,0.1
test_23,A3,test,23,103.19999694824219,1031,118.21446990966797,0.19751165807247162,0.4669761657714844,25.399999618530273,128.60000610351562,128.60000610351562,1145.0,True,False,0.31332167983055115,40.29317092895508,0.31332167983055115,40.293169938572646,LSTM,2,48,64,0.1
test_23,A3,test,23,103.30000305175781,1032,118.21446990966797,0.19673404097557068,0.46367374062538147,25.299999237060547,128.60000610351562,128.60000610351562,1145.0,True,False,0.31332167983055115,40.29317092895508,0.3136778175830841,40.33896925572208,LSTM,2,48,64,0.1
test_23,A3,test,23,103.4000015258789,1033,118.21446990966797,0.19595645368099213,0.4610005021095276,25.200000762939453,128.60000610351562,128.60000610351562,1145.0,True,False,0.31276804208755493,40.22197341918945,0.31276804208755493,40.221972121444196,LSTM,2,48,64,0.1
test_23,A3,test,23,103.5,1034,118.21446990966797,0.1951788365840912,0.4603714644908905,25.100000381469727,128.60000610351562,128.60000610351562,1145.0,True,False,0.31276804208755493,40.22197341918945,0.31307390332221985,40.26130587808893,LSTM,2,48,64,0.1
test_23,A3,test,23,103.5999984741211,1035,118.21446990966797,0.19440123438835144,0.4605286717414856,25.0,128.60000610351562,128.60000610351562,1145.0,True,False,0.31245124340057373,40.18123245239258,0.31245124340057373,40.18123180836483,LSTM,2,48,64,0.1
test_23,A3,test,23,103.69999694824219,1036,118.21446990966797,0.1936236321926117,0.46477460861206055,24.899999618530273,128.60000610351562,128.60000610351562,1145.0,True,False,0.31245124340057373,40.18123245239258,0.3143472373485565,40.42505664164764,LSTM,2,48,64,0.1
test_23,A3,test,23,103.80000305175781,1037,118.21446990966797,0.19284601509571075,0.4603714644908905,24.799999237060547,128.60000610351562,128.60000610351562,1145.0,True,False,0.3077034056186676,39.57065963745117,0.3077034056186676,39.5706598406332,LSTM,2,48,64,0.1
test_23,A3,test,23,103.9000015258789,1038,118.21446990966797,0.1920684278011322,0.45282310247421265,24.700000762939453,128.60000610351562,128.60000610351562,1145.0,True,False,0.3058127760887146,39.3275260925293,0.3058127760887146,39.327524871541755,LSTM,2,48,64,0.1
test_23,A3,test,23,104.0,1039,118.21446990966797,0.19129081070423126,0.4471619129180908,24.600000381469727,128.60000610351562,128.60000610351562,1145.0,True,False,0.3058127760887146,39.3275260925293,0.306010365486145,39.3529348692573,LSTM,2,48,64,0.1
test_23,A3,test,23,104.0999984741211,1040,118.21446990966797,0.19051320850849152,0.44621825218200684,24.5,128.60000610351562,128.60000610351562,1145.0,True,False,0.3058127760887146,39.3275260925293,0.30813881754875183,39.62665381749957,LSTM,2,48,64,0.1
test_23,A3,test,23,104.19999694824219,1041,118.21446990966797,0.18973560631275177,0.4407142698764801,24.399999618530273,128.60000610351562,128.60000610351562,1145.0,True,False,0.30278071761131287,38.93760299682617,0.30278071761131287,38.937602132841675,LSTM,2,48,64,0.1
test_23,A3,test,23,104.30000305175781,1042,118.21446990966797,0.18895798921585083,0.4385127127170563,24.299999237060547,128.60000610351562,128.60000610351562,1145.0,True,False,0.30278071761131287,38.93760299682617,0.3038700520992279,39.07769055463632,LSTM,2,48,64,0.1
test_23,A3,test,23,104.4000015258789,1043,118.21446990966797,0.18818040192127228,0.43521028757095337,24.200000762939453,128.60000610351562,128.60000610351562,1145.0,True,False,0.3013172447681427,38.7494010925293,0.3013172447681427,38.74939951627766,LSTM,2,48,64,0.1
test_23,A3,test,23,104.5,1044,118.21446990966797,0.18740279972553253,0.5020443797111511,24.100000381469727,128.60000610351562,128.60000610351562,1145.0,True,False,0.3013172447681427,38.7494010925293,0.312394380569458,40.17391924793628,LSTM,2,48,64,0.1
test_23,A3,test,23,104.5999984741211,1045,118.21446990966797,0.1866251826286316,0.5018871426582336,24.0,128.60000610351562,128.60000610351562,1145.0,True,False,0.2870403826236725,36.913394927978516,0.2870403826236725,36.91339495735974,LSTM,2,48,64,0.1
test_23,A3,test,23,104.69999694824219,1046,118.21446990966797,0.18584758043289185,0.49308067560195923,23.899999618530273,128.60000610351562,128.60000610351562,1145.0,True,False,0.2870403826236725,36.913394927978516,0.29531043767929077,37.976924087988664,LSTM,2,48,64,0.1
test_23,A3,test,23,104.80000305175781,1047,118.21446990966797,0.1850699633359909,0.4811291992664337,23.799999237060547,128.60000610351562,128.60000610351562,1145.0,True,False,0.2870403826236725,36.913394927978516,0.3001997172832489,38.605685474899474,LSTM,2,48,64,0.1
test_23,A3,test,23,104.9000015258789,1048,118.21446990966797,0.18429237604141235,0.45486748218536377,23.700000762939453,128.60000610351562,128.60000610351562,1145.0,True,False,0.2870403826236725,36.913394927978516,0.2907240688800812,37.387117032417336,LSTM,2,48,64,0.1
test_23,A3,test,23,105.0,1049,118.21446990966797,0.1835147738456726,0.4350530207157135,23.600000381469727,128.60000610351562,128.60000610351562,1145.0,True,False,0.28032320737838745,36.049564361572266,0.28032320737838745,36.0495661798177,LSTM,2,48,64,0.1
test_23,A3,test,23,105.0999984741211,1050,118.21446990966797,0.18273715674877167,0.4286055862903595,23.5,128.60000610351562,128.60000610351562,1145.0,True,False,0.28032320737838745,36.049564361572266,0.28733164072036743,36.95085075037241,LSTM,2,48,64,0.1
test_23,A3,test,23,105.19999694824219,1051,118.21446990966797,0.18195955455303192,0.40894851088523865,23.399999618530273,128.60000610351562,128.60000610351562,1145.0,True,False,0.2677825689315796,34.43684005737305,0.2677825689315796,34.43683999901623,LSTM,2,48,64,0.1
test_23,A3,test,23,105.30000305175781,1052,118.21446990966797,0.18118195235729218,0.391493022441864,23.299999237060547,128.60000610351562,128.60000610351562,1145.0,True,False,0.26049017906188965,33.49903869628906,0.26049017906188965,33.49903861726489,LSTM,2,48,64,0.1
test_23,A3,test,23,105.4000015258789,1053,118.21446990966797,0.18040435016155243,0.37403756380081177,23.200000762939453,128.60000610351562,128.60000610351562,1145.0,True,False,0.25102493166923523,32.28180694580078,0.25102493166923523,32.28180774479824,LSTM,2,48,64,0.1
test_23,A3,test,23,105.5,1054,118.21446990966797,0.17962674796581268,0.36318692564964294,23.100000381469727,128.60000610351562,128.60000610351562,1145.0,True,False,0.25102493166923523,32.28180694580078,0.2531968951225281,32.561122258148316,LSTM,2,48,64,0.1
test_23,A3,test,23,105.5999984741211,1055,118.21446990966797,0.17884913086891174,0.34997740387916565,23.0,128.60000610351562,128.60000610351562,1145.0,True,False,0.2453272044658661,31.54907989501953,0.2453272044658661,31.549079991668805,LSTM,2,48,64,0.1
test_23,A3,test,23,105.69999694824219,1056,118.21446990966797,0.178071528673172,0.34352990984916687,22.899999618530273,128.60000610351562,128.60000610351562,1145.0,True,False,0.2453272044658661,31.54907989501953,0.2506076395511627,32.22814397586717,LSTM,2,48,64,0.1
test_23,A3,test,23,105.80000305175781,1057,118.21446990966797,0.17729392647743225,0.3361387550830841,22.799999237060547,128.60000610351562,128.60000610351562,1145.0,True,False,0.2453272044658661,31.54907989501953,0.24714699387550354,31.783104920855294,LSTM,2,48,64,0.1
test_23,A3,test,23,105.9000015258789,1058,118.21446990966797,0.1765163242816925,0.328590452671051,22.700000762939453,128.60000610351562,128.60000610351562,1145.0,True,False,0.24457797408103943,31.452728271484375,0.24457797408103943,31.452728959607157,LSTM,2,48,64,0.1
test_23,A3,test,23,106.0,1059,118.21446990966797,0.17573872208595276,0.328590452671051,22.600000381469727,128.60000610351562,128.60000610351562,1145.0,True,False,0.24457797408103943,31.452728271484375,0.2509775757789612,32.27571777701996,LSTM,2,48,64,0.1
test_23,A3,test,23,106.0999984741211,1060,118.21446990966797,0.17496110498905182,0.3301631510257721,22.5,128.60000610351562,128.60000610351562,1145.0,True,False,0.24457797408103943,31.452728271484375,0.25073137879371643,32.24405684321482,LSTM,2,48,64,0.1
test_23,A3,test,23,106.19999694824219,1061,118.21446990966797,0.17418350279331207,0.3238728642463684,22.399999618530273,128.60000610351562,128.60000610351562,1145.0,True,False,0.24284914135932922,31.23040199279785,0.24284914135932922,31.230401061043267,LSTM,2,48,64,0.1
test_23,A3,test,23,106.30000305175781,1062,118.21446990966797,0.17340590059757233,0.3172680139541626,22.299999237060547,128.60000610351562,128.60000610351562,1145.0,True,False,0.24121659994125366,31.020456314086914,0.24121659994125366,31.020456224714508,LSTM,2,48,64,0.1
test_23,A3,test,23,106.4000015258789,1063,118.21446990966797,0.17262829840183258,0.308147132396698,22.200000762939453,128.60000610351562,128.60000610351562,1145.0,True,False,0.23586776852607727,30.332595825195312,0.23586776852607727,30.332596472076148,LSTM,2,48,64,0.1
test_23,A3,test,23,106.5,1064,118.21446990966797,0.17185069620609283,0.30625998973846436,22.100000381469727,128.60000610351562,128.60000610351562,1145.0,True,False,0.23586776852607727,30.332595825195312,0.24016106128692627,30.88471394732551,LSTM,2,48,64,0.1
test_23,A3,test,23,106.5999984741211,1065,118.21446990966797,0.1710730940103531,0.30311498045921326,22.0,128.60000610351562,128.60000610351562,1145.0,True,False,0.23586776852607727,30.332595825195312,0.23639100790023804,30.399885058786822,LSTM,2,48,64,0.1
test_23,A3,test,23,106.69999694824219,1066,118.21446990966797,0.17029547691345215,0.29761096835136414,21.899999618530273,128.60000610351562,128.60000610351562,1145.0,True,False,0.23216599225997925,29.856548309326172,0.23216599225997925,29.856548021662093,LSTM,2,48,64,0.1
test_23,A3,test,23,106.80000305175781,1067,118.21446990966797,0.1695178747177124,0.29981255531311035,21.799999237060547,128.60000610351562,128.60000610351562,1145.0,True,False,0.23216599225997925,29.856548309326172,0.2376367151737213,30.560083021759965,LSTM,2,48,64,0.1
test_23,A3,test,23,106.9000015258789,1068,118.21446990966797,0.16874027252197266,0.2965102791786194,21.700000762939453,128.60000610351562,128.60000610351562,1145.0,True,False,0.23115137219429016,29.7260684967041,0.23115137219429016,29.726067875021727,LSTM,2,48,64,0.1
test_23,A3,test,23,107.0,1069,118.21446990966797,0.1679626703262329,0.2965102791786194,21.600000381469727,128.60000610351562,128.60000610351562,1145.0,True,False,0.23115137219429016,29.7260684967041,0.23296204209327698,29.958920035082883,LSTM,2,48,64,0.1
test_23,A3,test,23,107.0999984741211,1070,118.21446990966797,0.16718506813049316,0.2921069264411926,21.5,128.60000610351562,128.60000610351562,1145.0,True,False,0.22824876010417938,29.352792739868164,0.22824876010417938,29.352791942517342,LSTM,2,48,64,0.1
test_23,A3,test,23,107.19999694824219,1071,118.21446990966797,0.16640745103359222,0.29100629687309265,21.399999618530273,128.60000610351562,128.60000610351562,1145.0,True,False,0.22824876010417938,29.352792739868164,0.23002782464027405,29.581579652717664,LSTM,2,48,64,0.1
test_23,A3,test,23,107.30000305175781,1072,118.21446990966797,0.16562984883785248,0.2921069264411926,21.299999237060547,128.60000610351562,128.60000610351562,1145.0,True,False,0.22824876010417938,29.352792739868164,0.23070719838142395,29.66894711997611,LSTM,2,48,64,0.1
test_23,A3,test,23,107.4000015258789,1073,118.21446990966797,0.16485224664211273,0.2921069264411926,21.200000762939453,128.60000610351562,128.60000610351562,1145.0,True,False,0.22824876010417938,29.352792739868164,0.22894476354122162,29.44229798876904,LSTM,2,48,64,0.1
test_23,A3,test,23,107.5,1074,118.21446990966797,0.16407464444637299,0.29100629687309265,21.100000381469727,128.60000610351562,128.60000610351562,1145.0,True,False,0.2276167869567871,29.271520614624023,0.2276167869567871,29.271520191905438,LSTM,2,48,64,0.1
test_23,A3,test,23,107.5999984741211,1075,118.21446990966797,0.16329704225063324,0.29430848360061646,21.0,128.60000610351562,128.60000610351562,1145.0,True,False,0.2276167869567871,29.271520614624023,0.23108693957328796,29.71778183956758,LSTM,2,48,64,0.1
test_23,A3,test,23,107.69999694824219,1076,118.21446990966797,0.1625194251537323,0.29100629687309265,20.899999618530273,128.60000610351562,128.60000610351562,1145.0,True,False,0.2257363647222519,29.02969741821289,0.2257363647222519,29.029697881067023,LSTM,2,48,64,0.1
test_23,A3,test,23,107.80000305175781,1077,118.21446990966797,0.16174182295799255,0.29745373129844666,20.799999237060547,128.60000610351562,128.60000610351562,1145.0,True,False,0.2257363647222519,29.02969741821289,0.23366886377334595,30.04981730745385,LSTM,2,48,64,0.1
test_23,A3,test,23,107.9000015258789,1078,118.21446990966797,0.160964235663414,0.29430848360061646,20.700000762939453,128.60000610351562,128.60000610351562,1145.0,True,False,0.2257363647222519,29.02969741821289,0.22626301646232605,29.097425298054986,LSTM,2,48,64,0.1
test_23,A3,test,23,108.0,1079,118.21446990966797,0.16018661856651306,0.28880470991134644,20.600000381469727,128.60000610351562,128.60000610351562,1145.0,True,False,0.2248099446296692,28.910560607910156,0.2248099446296692,28.910560251506467,LSTM,2,48,64,0.1
test_23,A3,test,23,108.0999984741211,1080,118.21446990966797,0.15940901637077332,0.2856594920158386,20.5,128.60000610351562,128.60000610351562,1145.0,True,False,0.2248099446296692,28.910560607910156,0.22606882452964783,29.072452214327313,LSTM,2,48,64,0.1
test_23,A3,test,23,108.19999694824219,1081,118.21446990966797,0.15863139927387238,0.2833006680011749,20.399999618530273,128.60000610351562,128.60000610351562,1145.0,True,False,0.2248099446296692,28.910560607910156,0.2253032922744751,28.974004761639662,LSTM,2,48,64,0.1
test_23,A3,test,23,108.30000305175781,1082,118.21446990966797,0.15785379707813263,0.2833006680011749,20.299999237060547,128.60000610351562,128.60000610351562,1145.0,True,False,0.2248099446296692,28.910560607910156,0.22588148713111877,29.04836062373306,LSTM,2,48,64,0.1
test_23,A3,test,23,108.4000015258789,1083,118.21446990966797,0.15707620978355408,0.2796836793422699,20.200000762939453,128.60000610351562,128.60000610351562,1145.0,True,False,0.2213190346956253,28.46162986755371,0.2213190346956253,28.4616292126816,LSTM,2,48,64,0.1
test_23,A3,test,23,108.5,1084,118.21446990966797,0.15629859268665314,0.27811115980148315,20.100000381469727,128.60000610351562,128.60000610351562,1145.0,True,False,0.2213190346956253,28.46162986755371,0.2219620943069458,28.54432668262234,LSTM,2,48,64,0.1
test_23,A3,test,23,108.5999984741211,1085,118.21446990966797,0.1555209904909134,0.2768530249595642,20.0,128.60000610351562,128.60000610351562,1145.0,True,False,0.22107499837875366,28.430246353149414,0.22107499837875366,28.430246140842428,LSTM,2,48,64,0.1
test_23,A3,test,23,108.69999694824219,1086,118.21446990966797,0.15474337339401245,0.2746514678001404,19.899999618530273,128.60000610351562,128.60000610351562,1145.0,True,False,0.21919536590576172,28.188526153564453,0.21919536590576172,28.188525393343298,LSTM,2,48,64,0.1
test_23,A3,test,23,108.80000305175781,1087,118.21446990966797,0.1539657711982727,0.2737080156803131,19.799999237060547,128.60000610351562,128.60000610351562,1145.0,True,False,0.21919536590576172,28.188526153564453,0.2195020318031311,28.22796262961674,LSTM,2,48,64,0.1
test_23,A3,test,23,108.9000015258789,1088,118.21446990966797,0.15318818390369415,0.27213531732559204,19.700000762939453,128.60000610351562,128.60000610351562,1145.0,True,False,0.21817222237586975,28.056949615478516,0.21817222237586975,28.056949129154418,LSTM,2,48,64,0.1
test_23,A3,test,23,109.0,1089,118.21446990966797,0.1524105668067932,0.27040553092956543,19.600000381469727,128.60000610351562,128.60000610351562,1145.0,True,False,0.2170875370502472,27.91745948791504,0.2170875370502472,27.917458589658963,LSTM,2,48,64,0.1
test_23,A3,test,23,109.0999984741211,1090,118.21446990966797,0.15163296461105347,0.27355074882507324,19.5,128.60000610351562,128.60000610351562,1145.0,True,False,0.2170875370502472,27.91745948791504,0.22014839947223663,28.311085515808827,LSTM,2,48,64,0.1
test_23,A3,test,23,109.19999694824219,1091,118.21446990966797,0.15085536241531372,0.2746514678001404,19.399999618530273,128.60000610351562,128.60000610351562,1145.0,True,False,0.2170875370502472,27.91745948791504,0.21779492497444153,28.008428681027908,LSTM,2,48,64,0.1
test_23,A3,test,23,109.30000305175781,1092,118.21446990966797,0.15007774531841278,0.2746514678001404,19.299999237060547,128.60000610351562,128.60000610351562,1145.0,True,False,0.2170875370502472,27.91745948791504,0.217185378074646,27.930040945993824,LSTM,2,48,64,0.1
test_23,A3,test,23,109.4000015258789,1093,118.21446990966797,0.14930015802383423,0.2746514678001404,19.200000762939453,128.60000610351562,128.60000610351562,1145.0,True,False,0.2170875370502472,27.91745948791504,0.21753668785095215,27.97521938537102,LSTM,2,48,64,0.1
test_23,A3,test,23,109.5,1094,118.21446990966797,0.1485225409269333,0.2746514678001404,19.100000381469727,128.60000610351562,128.60000610351562,1145.0,True,False,0.2170875370502472,27.91745948791504,0.21780453622341156,28.009664687704117,LSTM,2,48,64,0.1
test_23,A3,test,23,109.5999984741211,1095,118.21446990966797,0.14774493873119354,0.27355074882507324,19.0,128.60000610351562,128.60000610351562,1145.0,True,False,0.2170875370502472,27.91745948791504,0.21711446344852448,27.920921324641768,LSTM,2,48,64,0.1
test_23,A3,test,23,109.69999694824219,1096,118.21446990966797,0.1469673365354538,0.2713491916656494,18.899999618530273,128.60000610351562,128.60000610351562,1145.0,True,False,0.21625328063964844,27.81017303466797,0.21625328063964844,27.810173210164066,LSTM,2,48,64,0.1
test_23,A3,test,23,109.80000305175781,1097,118.21446990966797,0.14618971943855286,0.2713491916656494,18.799999237060547,128.60000610351562,128.60000610351562,1145.0,True,False,0.21625328063964844,27.81017303466797,0.21785880625247955,28.0166438137735,LSTM,2,48,64,0.1
test_23,A3,test,23,109.9000015258789,1098,118.21446990966797,0.1454121321439743,0.27355074882507324,18.700000762939453,128.60000610351562,128.60000610351562,1145.0,True,False,0.21625328063964844,27.81017303466797,0.2190166562795639,28.1655433343235,LSTM,2,48,64,0.1
test_23,A3,test,23,110.0,1099,118.21446990966797,0.14463451504707336,0.2713491916656494,18.600000381469727,128.60000610351562,128.60000610351562,1145.0,True,False,0.21520009636878967,27.674734115600586,0.21520009636878967,27.674733706503503,LSTM,2,48,64,0.1
test_23,A3,test,23,110.0999984741211,1100,118.21446990966797,0.14385691285133362,0.27024832367897034,18.5,128.60000610351562,128.60000610351562,1145.0,True,False,0.21520009636878967,27.674734115600586,0.21580472588539124,27.75248906602883,LSTM,2,48,64,0.1
test_23,A3,test,23,110.19999694824219,1101,118.21446990966797,0.14307931065559387,0.27355074882507324,18.399999618530273,128.60000610351562,128.60000610351562,1145.0,True,False,0.21520009636878967,27.674734115600586,0.21888500452041626,28.148612917293576,LSTM,2,48,64,0.1
test_23,A3,test,23,110.30000305175781,1102,118.21446990966797,0.14230169355869293,0.28219980001449585,18.299999237060547,128.60000610351562,128.60000610351562,1145.0,True,False,0.21520009636878967,27.674734115600586,0.2218596339225769,28.531150276567132,LSTM,2,48,64,0.1
test_23,A3,test,23,110.4000015258789,1103,118.21446990966797,0.14152410626411438,0.27889737486839294,18.200000762939453,128.60000610351562,128.60000610351562,1145.0,True,False,0.21432280540466309,27.561914443969727,0.21432280540466309,27.561914083162264,LSTM,2,48,64,0.1
test_23,A3,test,23,110.5,1104,118.21446990966797,0.14074650406837463,0.2746514678001404,18.100000381469727,128.60000610351562,128.60000610351562,1145.0,True,False,0.21432280540466309,27.561914443969727,0.21491676568984985,27.63829737946253,LSTM,2,48,64,0.1
test_23,A3,test,23,110.5999984741211,1105,118.21446990966797,0.1399688869714737,0.2713491916656494,18.0,128.60000610351562,128.60000610351562,1145.0,True,False,0.21432280540466309,27.561914443969727,0.21551424264907837,27.715132920066026,LSTM,2,48,64,0.1
test_23,A3,test,23,110.69999694824219,1106,118.21446990966797,0.13919128477573395,0.2713491916656494,17.899999618530273,128.60000610351562,128.60000610351562,1145.0,True,False,0.21432280540466309,27.561914443969727,0.21757307648658752,27.979898964135828,LSTM,2,48,64,0.1
test_23,A3,test,23,110.80000305175781,1107,118.21446990966797,0.138413667678833,0.2658452093601227,17.799999237060547,128.60000610351562,128.60000610351562,1145.0,True,False,0.21164470911026,27.217510223388672,0.21164470911026,27.217510883356226,LSTM,2,48,64,0.1
test_23,A3,test,23,110.9000015258789,1108,118.21446990966797,0.13763608038425446,0.26317182183265686,17.700000762939453,128.60000610351562,128.60000610351562,1145.0,True,False,0.21164470911026,27.217510223388672,0.21282443404197693,27.36922351677549,LSTM,2,48,64,0.1
test_23,A3,test,23,111.0,1109,118.21446990966797,0.1368584781885147,0.2620709538459778,17.600000381469727,128.60000610351562,128.60000610351562,1145.0,True,False,0.21164470911026,27.217510223388672,0.21269458532333374,27.352524970765444,LSTM,2,48,64,0.1
test_23,A3,test,23,111.0999984741211,1110,118.21446990966797,0.13608086109161377,0.26144206523895264,17.5,128.60000610351562,128.60000610351562,1145.0,True,False,0.21164470911026,27.217510223388672,0.21194550395011902,27.256193101598,LSTM,2,48,64,0.1
test_23,A3,test,23,111.19999694824219,1111,118.21446990966797,0.13530325889587402,0.25939756631851196,17.399999618530273,128.60000610351562,128.60000610351562,1145.0,True,False,0.20990702509880066,26.99404525756836,0.20990702509880066,26.994044708876572,LSTM,2,48,64,0.1
test_23,A3,test,23,111.30000305175781,1112,118.21446990966797,0.13452564179897308,0.25939756631851196,17.299999237060547,128.60000610351562,128.60000610351562,1145.0,True,False,0.20990702509880066,26.99404525756836,0.21091723442077637,27.123957633848477,LSTM,2,48,64,0.1
test_23,A3,test,23,111.4000015258789,1113,118.21446990966797,0.13374805450439453,0.25939756631851196,17.200000762939453,128.60000610351562,128.60000610351562,1145.0,True,False,0.20990702509880066,26.99404525756836,0.21022289991378784,27.03466621201187,LSTM,2,48,64,0.1
test_23,A3,test,23,111.5,1114,118.21446990966797,0.13297045230865479,0.25939756631851196,17.100000381469727,128.60000610351562,128.60000610351562,1145.0,True,False,0.2096640169620514,26.962793350219727,0.2096640169620514,26.962793861007412,LSTM,2,48,64,0.1
test_23,A3,test,23,111.5999984741211,1115,118.21446990966797,0.13219283521175385,0.26159927248954773,17.0,128.60000610351562,128.60000610351562,1145.0,True,False,0.2096640169620514,26.962793350219727,0.21122035384178162,27.162938793239846,LSTM,2,48,64,0.1
test_23,A3,test,23,111.69999694824219,1116,118.21446990966797,0.1314152330160141,0.26159927248954773,16.899999618530273,128.60000610351562,128.60000610351562,1145.0,True,False,0.2096640169620514,26.962793350219727,0.20968836545944214,26.965925077920474,LSTM,2,48,64,0.1
test_23,A3,test,23,111.80000305175781,1117,118.21446990966797,0.13063763082027435,0.25939756631851196,16.799999237060547,128.60000610351562,128.60000610351562,1145.0,True,False,0.20821094512939453,26.775928497314453,0.20821094512939453,26.775928814458894,LSTM,2,48,64,0.1
test_23,A3,test,23,111.9000015258789,1118,118.21446990966797,0.1298600286245346,0.2571961581707001,16.700000762939453,128.60000610351562,128.60000610351562,1145.0,True,False,0.20817147195339203,26.77085304260254,0.20817147195339203,26.770852563784047,LSTM,2,48,64,0.1
test_23,A3,test,23,112.0,1119,118.21446990966797,0.12908242642879486,0.256095290184021,16.600000381469727,128.60000610351562,128.60000610351562,1145.0,True,False,0.20817147195339203,26.77085304260254,0.20865148305892944,26.832581994885913,LSTM,2,48,64,0.1
test_23,A3,test,23,112.0999984741211,1120,118.21446990966797,0.12830480933189392,0.25625255703926086,16.5,128.60000610351562,128.60000610351562,1145.0,True,False,0.20817147195339203,26.77085304260254,0.20911115407943726,26.891695690928827,LSTM,2,48,64,0.1
test_23,A3,test,23,112.19999694824219,1121,118.21446990966797,0.12752720713615417,0.25357916951179504,16.399999618530273,128.60000610351562,128.60000610351562,1145.0,True,False,0.20620283484458923,26.517684936523438,0.20620283484458923,26.5176858195764,LSTM,2,48,64,0.1
test_23,A3,test,23,112.30000305175781,1122,118.21446990966797,0.12674960494041443,0.25389373302459717,16.299999237060547,128.60000610351562,128.60000610351562,1145.0,True,False,0.20620283484458923,26.517684936523438,0.20802141726016998,26.75155552931983,LSTM,2,48,64,0.1
test_23,A3,test,23,112.4000015258789,1123,118.21446990966797,0.12597200274467468,0.25389373302459717,16.200000762939453,128.60000610351562,128.60000610351562,1145.0,True,False,0.20620283484458923,26.517684936523438,0.20710337162017822,26.633494854413584,LSTM,2,48,64,0.1
test_23,A3,test,23,112.5,1124,118.21446990966797,0.12519440054893494,0.25389373302459717,16.100000381469727,128.60000610351562,128.60000610351562,1145.0,True,False,0.20620283484458923,26.517684936523438,0.2065965235233307,26.568314186065436,LSTM,2,48,64,0.1
test_23,A3,test,23,112.5999984741211,1125,118.21446990966797,0.1244167909026146,0.256095290184021,16.0,128.60000610351562,128.60000610351562,1145.0,True,False,0.20620283484458923,26.517684936523438,0.20799359679222107,26.747977816971797,LSTM,2,48,64,0.1
test_23,A3,test,23,112.69999694824219,1126,118.21446990966797,0.12363918125629425,0.2571961581707001,15.899999618530273,128.60000610351562,128.60000610351562,1145.0,True,False,0.20620283484458923,26.517684936523438,0.20698025822639465,26.617662471221593,LSTM,2,48,64,0.1
test_23,A3,test,23,112.80000305175781,1127,118.21446990966797,0.1228615790605545,0.2571961581707001,15.800000190734863,128.60000610351562,128.60000610351562,1145.0,True,False,0.20620283484458923,26.517684936523438,0.20658108592033386,26.56632891022582,LSTM,2,48,64,0.1
test_23,A3,test,23,112.9000015258789,1128,118.21446990966797,0.12208397686481476,0.2658452093601227,15.699999809265137,128.60000610351562,128.60000610351562,1145.0,True,False,0.20620283484458923,26.517684936523438,0.21328014135360718,27.42782747983256,LSTM,2,48,64,0.1
test_23,A3,test,23,113.0,1129,118.21446990966797,0.12130637466907501,0.279998242855072,15.600000381469727,128.60000610351562,128.60000610351562,1145.0,True,False,0.20620283484458923,26.517684936523438,0.21463698148727417,27.60231712930363,LSTM,2,48,64,0.1
test_23,A3,test,23,113.0999984741211,1130,118.21446990966797,0.12052876502275467,0.2713491916656494,15.5,128.60000610351562,128.60000610351562,1145.0,True,False,0.20416000485420227,26.25497817993164,0.20416000485420227,26.25497787034419,LSTM,2,48,64,0.1
test_23,A3,test,23,113.19999694824219,1131,118.21446990966797,0.11975115537643433,0.2656880021095276,15.399999618530273,128.60000610351562,128.60000610351562,1145.0,True,False,0.20416000485420227,26.25497817993164,0.20824280381202698,26.780025841239876,LSTM,2,48,64,0.1
test_23,A3,test,23,113.30000305175781,1132,118.21446990966797,0.11897356063127518,0.26018401980400085,15.300000190734863,128.60000610351562,128.60000610351562,1145.0,True,False,0.20416000485420227,26.25497817993164,0.2077634334564209,26.71837881058309,LSTM,2,48,64,0.1
test_23,A3,test,23,113.4000015258789,1133,118.21446990966797,0.11819595098495483,0.2527928650379181,15.199999809265137,128.60000610351562,128.60000610351562,1145.0,True,False,0.20406776666641235,26.24311637878418,0.20406776666641235,26.24311603883143,LSTM,2,48,64,0.1
test_23,A3,test,23,113.5,1134,118.21446990966797,0.11741834878921509,0.24398644268512726,15.100000381469727,128.60000610351562,128.60000610351562,1145.0,True,False,0.19915655255317688,25.611534118652344,0.19915655255317688,25.611533873893677,LSTM,2,48,64,0.1
test_23,A3,test,23,113.5999984741211,1135,118.21446990966797,0.11664073914289474,0.24036955833435059,15.0,128.60000610351562,128.60000610351562,1145.0,True,False,0.19915655255317688,25.611534118652344,0.20092079043388367,25.838414876120623,LSTM,2,48,64,0.1
test_23,A3,test,23,113.69999694824219,1136,118.21446990966797,0.1158631294965744,0.23785358667373657,14.899999618530273,128.60000610351562,128.60000610351562,1145.0,True,False,0.19915655255317688,25.611534118652344,0.19922155141830444,25.619892728345803,LSTM,2,48,64,0.1
test_23,A3,test,23,113.80000305175781,1137,118.21446990966797,0.11508553475141525,0.2337648570537567,14.800000190734863,128.60000610351562,128.60000610351562,1145.0,True,False,0.19548216462135315,25.139007568359375,0.19548216462135315,25.13900756343446,LSTM,2,48,64,0.1
test_23,A3,test,23,113.9000015258789,1138,118.21446990966797,0.11430792510509491,0.23911164700984955,14.699999809265137,128.60000610351562,128.60000610351562,1145.0,True,False,0.19548216462135315,25.139007568359375,0.20215986669063568,25.997760090301654,LSTM,2,48,64,0.1
test_23,A3,test,23,114.0,1139,118.21446990966797,0.11353032290935516,0.23596642911434174,14.600000381469727,128.60000610351562,128.60000610351562,1145.0,True,False,0.19340798258781433,24.872268676757812,0.19340798258781433,24.872267741261567,LSTM,2,48,64,0.1
test_23,A3,test,23,114.0999984741211,1140,118.21446990966797,0.11275271326303482,0.2337648570537567,14.5,128.60000610351562,128.60000610351562,1145.0,True,False,0.19340798258781433,24.872268676757812,0.1934637427330017,24.879438496272996,LSTM,2,48,64,0.1
test_23,A3,test,23,114.19999694824219,1141,118.21446990966797,0.11197511106729507,0.2304624319076538,14.399999618530273,128.60000610351562,128.60000610351562,1145.0,True,False,0.1915854513645172,24.637889862060547,0.1915854513645172,24.63789021482171,LSTM,2,48,64,0.1
test_23,A3,test,23,114.30000305175781,1142,118.21446990966797,0.11119750887155533,0.22495844960212708,14.300000190734863,128.60000610351562,128.60000610351562,1145.0,True,False,0.18806886672973633,24.185657501220703,0.18806886672973633,24.18565740932536,LSTM,2,48,64,0.1
test_23,A3,test,23,114.4000015258789,1143,118.21446990966797,0.11041989922523499,0.23266400396823883,14.199999809265137,128.60000610351562,128.60000610351562,1145.0,True,False,0.18806886672973633,24.185657501220703,0.1983407437801361,25.506620860701332,LSTM,2,48,64,0.1
test_23,A3,test,23,114.5,1144,118.21446990966797,0.10964229702949524,0.22826087474822998,14.100000381469727,128.60000610351562,128.60000610351562,1145.0,True,False,0.1873835027217865,24.097518920898438,0.1873835027217865,24.09751959371988,LSTM,2,48,64,0.1
test_23,A3,test,23,114.5999984741211,1145,118.21446990966797,0.10886475089375446,,14.000007629394531,128.60000610351562,,,False,True,,,,,LSTM,2,48,64,0.1
test_23,A3,test,23,114.69999694824219,1146,118.21446990966797,0.10808715781929845,,13.900009155273438,128.60000610351562,,,False,True,,,,,LSTM,2,48,64,0.1
test_23,A3,test,23,114.79999542236328,1147,118.21446990966797,0.10730956474484245,,13.800010681152344,128.60000610351562,,,False,True,,,,,LSTM,2,48,64,0.1
test_23,A3,test,23,114.89999389648438,1148,118.21446990966797,0.10653197167038644,,13.70001220703125,128.60000610351562,,,False,True,,,,,LSTM,2,48,64,0.1
test_23,A3,test,23,114.99999237060547,1149,118.21446990966797,0.10575437859593044,,13.600013732910156,128.60000610351562,,,False,True,,,,,LSTM,2,48,64,0.1
test_23,A3,test,23,115.09999084472656,1150,118.21446990966797,0.10497678552147444,,13.500015258789062,128.60000610351562,,,False,True,,,,,LSTM,2,48,64,0.1
test_23,A3,test,23,115.19998931884766,1151,118.21446990966797,0.10419919244701843,,13.400016784667969,128.60000610351562,,,False,True,,,,,LSTM,2,48,64,0.1
test_23,A3,test,23,115.29998779296875,1152,118.21446990966797,0.10342159937256241,,13.300018310546875,128.60000610351562,,,False,True,,,,,LSTM,2,48,64,0.1
test_23,A3,test,23,115.39998626708984,1153,118.21446990966797,0.10264400629810641,,13.200019836425781,128.60000610351562,,,False,True,,,,,LSTM,2,48,64,0.1
test_23,A3,test,23,115.49998474121094,1154,118.21446990966797,0.1018664132236504,,13.100021362304688,128.60000610351562,,,False,True,,,,,LSTM,2,48,64,0.1
test_23,A3,test,23,115.59998321533203,1155,118.21446990966797,0.1010888201491944,,13.000022888183594,128.60000610351562,,,False,True,,,,,LSTM,2,48,64,0.1
test_23,A3,test,23,115.69998168945312,1156,118.21446990966797,0.1003112270747384,,12.9000244140625,128.60000610351562,,,False,True,,,,,LSTM,2,48,64,0.1
test_23,A3,test,23,115.79998016357422,1157,118.21446990966797,0.0995336340002824,,12.800025939941406,128.60000610351562,,,False,True,,,,,LSTM,2,48,64,0.1
test_23,A3,test,23,115.89997863769531,1158,118.21446990966797,0.09875604092582639,,12.700027465820312,128.60000610351562,,,False,True,,,,,LSTM,2,48,64,0.1
test_23,A3,test,23,115.9999771118164,1159,118.21446990966797,0.09797844785137039,,12.600028991699219,128.60000610351562,,,False,True,,,,,LSTM,2,48,64,0.1
test_23,A3,test,23,116.0999755859375,1160,118.21446990966797,0.09720085477691438,,12.500030517578125,128.60000610351562,,,False,True,,,,,LSTM,2,48,64,0.1
test_23,A3,test,23,116.1999740600586,1161,118.21446990966797,0.09642326170245838,,12.400032043457031,128.60000610351562,,,False,True,,,,,LSTM,2,48,64,0.1
test_23,A3,test,23,116.29997253417969,1162,118.21446990966797,0.09564566862800236,,12.300033569335938,128.60000610351562,,,False,True,,,,,LSTM,2,48,64,0.1
test_23,A3,test,23,116.39997100830078,1163,118.21446990966797,0.09486807555354636,,12.200035095214844,128.60000610351562,,,False,True,,,,,LSTM,2,48,64,0.1
test_23,A3,test,23,116.49996948242188,1164,118.21446990966797,0.09409048247909035,,12.10003662109375,128.60000610351562,,,False,True,,,,,LSTM,2,48,64,0.1
test_23,A3,test,23,116.59996795654297,1165,118.21446990966797,0.09331288940463435,,12.000038146972656,128.60000610351562,,,False,True,,,,,LSTM,2,48,64,0.1
test_23,A3,test,23,116.69996643066406,1166,118.21446990966797,0.09253529633017835,,11.900039672851562,128.60000610351562,,,False,True,,,,,LSTM,2,48,64,0.1
test_23,A3,test,23,116.79996490478516,1167,118.21446990966797,0.09175770325572234,,11.800041198730469,128.60000610351562,,,False,True,,,,,LSTM,2,48,64,0.1
test_23,A3,test,23,116.89996337890625,1168,118.21446990966797,0.09098011018126634,,11.700042724609375,128.60000610351562,,,False,True,,,,,LSTM,2,48,64,0.1
test_23,A3,test,23,116.99996185302734,1169,118.21446990966797,0.09020251710681033,,11.600044250488281,128.60000610351562,,,False,True,,,,,LSTM,2,48,64,0.1
test_23,A3,test,23,117.09996032714844,1170,118.21446990966797,0.08942492403235433,,11.500045776367188,128.60000610351562,,,False,True,,,,,LSTM,2,48,64,0.1
test_23,A3,test,23,117.19995880126953,1171,118.21446990966797,0.08864733095789833,,11.400047302246094,128.60000610351562,,,False,True,,,,,LSTM,2,48,64,0.1
test_23,A3,test,23,117.29995727539062,1172,118.21446990966797,0.08786973788344232,,11.300048828125,128.60000610351562,,,False,True,,,,,LSTM,2,48,64,0.1
test_23,A3,test,23,117.39995574951172,1173,118.21446990966797,0.0870921448089863,,11.200050354003906,128.60000610351562,,,False,True,,,,,LSTM,2,48,64,0.1
test_23,A3,test,23,117.49995422363281,1174,118.21446990966797,0.0863145517345303,,11.100051879882812,128.60000610351562,,,False,True,,,,,LSTM,2,48,64,0.1
test_23,A3,test,23,117.5999526977539,1175,118.21446990966797,0.0855369586600743,,11.000053405761719,128.60000610351562,,,False,True,,,,,LSTM,2,48,64,0.1
test_23,A3,test,23,117.699951171875,1176,118.21446990966797,0.0847593655856183,,10.900054931640625,128.60000610351562,,,False,True,,,,,LSTM,2,48,64,0.1
test_23,A3,test,23,117.7999496459961,1177,118.21446990966797,0.08398177251116229,,10.800056457519531,128.60000610351562,,,False,True,,,,,LSTM,2,48,64,0.1
test_23,A3,test,23,117.89994812011719,1178,118.21446990966797,0.08320417943670629,,10.700057983398438,128.60000610351562,,,False,True,,,,,LSTM,2,48,64,0.1
test_23,A3,test,23,117.99994659423828,1179,118.21446990966797,0.08242658636225028,,10.600059509277344,128.60000610351562,,,False,True,,,,,LSTM,2,48,64,0.1
test_23,A3,test,23,118.09994506835938,1180,118.21446990966797,0.08164899328779428,,10.50006103515625,128.60000610351562,,,False,True,,,,,LSTM,2,48,64,0.1
test_23,A3,test,23,118.19994354248047,1181,118.21446990966797,0.08087140021333827,,10.400062561035156,128.60000610351562,,,False,True,,,,,LSTM,2,48,64,0.1
test_23,A3,test,23,118.29994201660156,1182,118.21446990966797,0.08009380713888227,,10.300064086914062,128.60000610351562,,,False,True,,,,,LSTM,2,48,64,0.1
test_23,A3,test,23,118.39994049072266,1183,118.21446990966797,0.07931621406442625,,10.200065612792969,128.60000610351562,,,False,True,,,,,LSTM,2,48,64,0.1
test_23,A3,test,23,118.49993896484375,1184,118.21446990966797,0.07853862098997025,,10.100067138671875,128.60000610351562,,,False,True,,,,,LSTM,2,48,64,0.1
test_23,A3,test,23,118.59993743896484,1185,118.21446990966797,0.07776102791551424,,10.000068664550781,128.60000610351562,,,False,True,,,,,LSTM,2,48,64,0.1
test_23,A3,test,23,118.69993591308594,1186,118.21446990966797,0.07698343484105824,,9.900070190429688,128.60000610351562,,,False,True,,,,,LSTM,2,48,64,0.1
test_23,A3,test,23,118.79993438720703,1187,118.21446990966797,0.07620584176660224,,9.800071716308594,128.60000610351562,,,False,True,,,,,LSTM,2,48,64,0.1
test_23,A3,test,23,118.89993286132812,1188,118.21446990966797,0.07542824869214623,,9.7000732421875,128.60000610351562,,,False,True,,,,,LSTM,2,48,64,0.1
test_23,A3,test,23,118.99993133544922,1189,118.21446990966797,0.07465065561769023,,9.600074768066406,128.60000610351562,,,False,True,,,,,LSTM,2,48,64,0.1
test_23,A3,test,23,119.09992980957031,1190,118.21446990966797,0.07387306254323422,,9.500076293945312,128.60000610351562,,,False,True,,,,,LSTM,2,48,64,0.1
test_23,A3,test,23,119.1999282836914,1191,118.21446990966797,0.07309546946877822,,9.400077819824219,128.60000610351562,,,False,True,,,,,LSTM,2,48,64,0.1
test_23,A3,test,23,119.2999267578125,1192,118.21446990966797,0.07231787639432222,,9.300079345703125,128.60000610351562,,,False,True,,,,,LSTM,2,48,64,0.1
test_23,A3,test,23,119.3999252319336,1193,118.21446990966797,0.07154028331986621,,9.200080871582031,128.60000610351562,,,False,True,,,,,LSTM,2,48,64,0.1
test_23,A3,test,23,119.49992370605469,1194,118.21446990966797,0.0707626902454102,,9.100082397460938,128.60000610351562,,,False,True,,,,,LSTM,2,48,64,0.1
test_23,A3,test,23,119.59992218017578,1195,118.21446990966797,0.06998509717095419,,9.000083923339844,128.60000610351562,,,False,True,,,,,LSTM,2,48,64,0.1
test_23,A3,test,23,119.69992065429688,1196,118.21446990966797,0.06920750409649819,,8.90008544921875,128.60000610351562,,,False,True,,,,,LSTM,2,48,64,0.1
test_23,A3,test,23,119.79991912841797,1197,118.21446990966797,0.06842991102204218,,8.800086975097656,128.60000610351562,,,False,True,,,,,LSTM,2,48,64,0.1
test_23,A3,test,23,119.89991760253906,1198,118.21446990966797,0.06765231794758618,,8.700088500976562,128.60000610351562,,,False,True,,,,,LSTM,2,48,64,0.1
test_23,A3,test,23,119.99991607666016,1199,118.21446990966797,0.06687472487313018,,8.600090026855469,128.60000610351562,,,False,True,,,,,LSTM,2,48,64,0.1
test_23,A3,test,23,120.09991455078125,1200,118.21446990966797,0.06609713179867417,,8.500091552734375,128.60000610351562,,,False,True,,,,,LSTM,2,48,64,0.1
test_23,A3,test,23,120.19991302490234,1201,118.21446990966797,0.06531953872421817,,8.400093078613281,128.60000610351562,,,False,True,,,,,LSTM,2,48,64,0.1
test_23,A3,test,23,120.29991149902344,1202,118.21446990966797,0.06454194564976216,,8.300094604492188,128.60000610351562,,,False,True,,,,,LSTM,2,48,64,0.1
test_23,A3,test,23,120.39990997314453,1203,118.21446990966797,0.06376435257530616,,8.200096130371094,128.60000610351562,,,False,True,,,,,LSTM,2,48,64,0.1
test_23,A3,test,23,120.49990844726562,1204,118.21446990966797,0.06298675950085016,,8.10009765625,128.60000610351562,,,False,True,,,,,LSTM,2,48,64,0.1
test_23,A3,test,23,120.59990692138672,1205,118.21446990966797,0.062209166426394145,,8.000099182128906,128.60000610351562,,,False,True,,,,,LSTM,2,48,64,0.1
test_23,A3,test,23,120.69990539550781,1206,118.21446990966797,0.06143157335193814,,7.9001007080078125,128.60000610351562,,,False,True,,,,,LSTM,2,48,64,0.1
test_23,A3,test,23,120.7999038696289,1207,118.21446990966797,0.06065398027748213,,7.800102233886719,128.60000610351562,,,False,True,,,,,LSTM,2,48,64,0.1
test_23,A3,test,23,120.89990234375,1208,118.21446990966797,0.05987638720302613,,7.700103759765625,128.60000610351562,,,False,True,,,,,LSTM,2,48,64,0.1
test_23,A3,test,23,120.9999008178711,1209,118.21446990966797,0.05909879412857012,,7.600105285644531,128.60000610351562,,,False,True,,,,,LSTM,2,48,64,0.1
test_23,A3,test,23,121.09989929199219,1210,118.21446990966797,0.05832120105411412,,7.5001068115234375,128.60000610351562,,,False,True,,,,,LSTM,2,48,64,0.1
test_23,A3,test,23,121.19989776611328,1211,118.21446990966797,0.057543607979658115,,7.400108337402344,128.60000610351562,,,False,True,,,,,LSTM,2,48,64,0.1
test_23,A3,test,23,121.29989624023438,1212,118.21446990966797,0.056766014905202104,,7.30010986328125,128.60000610351562,,,False,True,,,,,LSTM,2,48,64,0.1
test_23,A3,test,23,121.39989471435547,1213,118.21446990966797,0.0559884218307461,,7.200111389160156,128.60000610351562,,,False,True,,,,,LSTM,2,48,64,0.1
test_23,A3,test,23,121.49989318847656,1214,118.21446990966797,0.055210828756290097,,7.1001129150390625,128.60000610351562,,,False,True,,,,,LSTM,2,48,64,0.1
test_23,A3,test,23,121.59989166259766,1215,118.21446990966797,0.05443323568183409,,7.000114440917969,128.60000610351562,,,False,True,,,,,LSTM,2,48,64,0.1
test_23,A3,test,23,121.69989013671875,1216,118.21446990966797,0.05365564260737809,,6.900115966796875,128.60000610351562,,,False,True,,,,,LSTM,2,48,64,0.1
test_23,A3,test,23,121.79988861083984,1217,118.21446990966797,0.052878049532922085,,6.800117492675781,128.60000610351562,,,False,True,,,,,LSTM,2,48,64,0.1
test_23,A3,test,23,121.89988708496094,1218,118.21446990966797,0.052100456458466074,,6.7001190185546875,128.60000610351562,,,False,True,,,,,LSTM,2,48,64,0.1
test_23,A3,test,23,121.99988555908203,1219,118.21446990966797,0.05132286338401007,,6.600120544433594,128.60000610351562,,,False,True,,,,,LSTM,2,48,64,0.1
test_23,A3,test,23,122.09988403320312,1220,118.21446990966797,0.050545270309554066,,6.5001220703125,128.60000610351562,,,False,True,,,,,LSTM,2,48,64,0.1
test_23,A3,test,23,122.19988250732422,1221,118.21446990966797,0.04976767723509806,,6.400123596191406,128.60000610351562,,,False,True,,,,,LSTM,2,48,64,0.1
test_23,A3,test,23,122.29988098144531,1222,118.21446990966797,0.04899008416064206,,6.3001251220703125,128.60000610351562,,,False,True,,,,,LSTM,2,48,64,0.1
test_23,A3,test,23,122.3998794555664,1223,118.21446990966797,0.04821249108618605,,6.200126647949219,128.60000610351562,,,False,True,,,,,LSTM,2,48,64,0.1
test_23,A3,test,23,122.4998779296875,1224,118.21446990966797,0.047434898011730044,,6.100128173828125,128.60000610351562,,,False,True,,,,,LSTM,2,48,64,0.1
test_23,A3,test,23,122.5998764038086,1225,118.21446990966797,0.04665730493727404,,6.000129699707031,128.60000610351562,,,False,True,,,,,LSTM,2,48,64,0.1
test_23,A3,test,23,122.69987487792969,1226,118.21446990966797,0.045879711862818036,,5.9001312255859375,128.60000610351562,,,False,True,,,,,LSTM,2,48,64,0.1
test_23,A3,test,23,122.79987335205078,1227,118.21446990966797,0.04510211878836203,,5.800132751464844,128.60000610351562,,,False,True,,,,,LSTM,2,48,64,0.1
test_23,A3,test,23,122.89987182617188,1228,118.21446990966797,0.04432452571390602,,5.70013427734375,128.60000610351562,,,False,True,,,,,LSTM,2,48,64,0.1
test_23,A3,test,23,122.99987030029297,1229,118.21446990966797,0.04354693263945002,,5.600135803222656,128.60000610351562,,,False,True,,,,,LSTM,2,48,64,0.1
test_23,A3,test,23,123.09986877441406,1230,118.21446990966797,0.04276933956499401,,5.5001373291015625,128.60000610351562,,,False,True,,,,,LSTM,2,48,64,0.1
test_23,A3,test,23,123.19986724853516,1231,118.21446990966797,0.04199174649053801,,5.400138854980469,128.60000610351562,,,False,True,,,,,LSTM,2,48,64,0.1
test_23,A3,test,23,123.29986572265625,1232,118.21446990966797,0.041214153416082006,,5.300140380859375,128.60000610351562,,,False,True,,,,,LSTM,2,48,64,0.1
test_23,A3,test,23,123.39986419677734,1233,118.21446990966797,0.040436560341626,,5.200141906738281,128.60000610351562,,,False,True,,,,,LSTM,2,48,64,0.1
test_23,A3,test,23,123.49986267089844,1234,118.21446990966797,0.03965896726716999,,5.1001434326171875,128.60000610351562,,,False,True,,,,,LSTM,2,48,64,0.1
test_23,A3,test,23,123.59986114501953,1235,118.21446990966797,0.03888137419271399,,5.000144958496094,128.60000610351562,,,False,True,,,,,LSTM,2,48,64,0.1
test_23,A3,test,23,123.69985961914062,1236,118.21446990966797,0.03810378111825798,,4.900146484375,128.60000610351562,,,False,True,,,,,LSTM,2,48,64,0.1
test_23,A3,test,23,123.79985809326172,1237,118.21446990966797,0.03732618804380198,,4.800148010253906,128.60000610351562,,,False,True,,,,,LSTM,2,48,64,0.1
test_23,A3,test,23,123.89985656738281,1238,118.21446990966797,0.036548594969345975,,4.7001495361328125,128.60000610351562,,,False,True,,,,,LSTM,2,48,64,0.1
test_23,A3,test,23,123.9998550415039,1239,118.21446990966797,0.035771001894889964,,4.600151062011719,128.60000610351562,,,False,True,,,,,LSTM,2,48,64,0.1
test_23,A3,test,23,124.099853515625,1240,118.21446990966797,0.03499340882043396,,4.500152587890625,128.60000610351562,,,False,True,,,,,LSTM,2,48,64,0.1
test_23,A3,test,23,124.1998519897461,1241,118.21446990966797,0.03421581574597796,,4.400154113769531,128.60000610351562,,,False,True,,,,,LSTM,2,48,64,0.1
test_23,A3,test,23,124.29985046386719,1242,118.21446990966797,0.03343822267152195,,4.3001556396484375,128.60000610351562,,,False,True,,,,,LSTM,2,48,64,0.1
test_23,A3,test,23,124.39984893798828,1243,118.21446990966797,0.03266062959706595,,4.200157165527344,128.60000610351562,,,False,True,,,,,LSTM,2,48,64,0.1
test_23,A3,test,23,124.49984741210938,1244,118.21446990966797,0.03188303652260994,,4.10015869140625,128.60000610351562,,,False,True,,,,,LSTM,2,48,64,0.1
test_23,A3,test,23,124.59984588623047,1245,118.21446990966797,0.031105443448153934,,4.000160217285156,128.60000610351562,,,False,True,,,,,LSTM,2,48,64,0.1
test_23,A3,test,23,124.69984436035156,1246,118.21446990966797,0.03032785037369793,,3.9001617431640625,128.60000610351562,,,False,True,,,,,LSTM,2,48,64,0.1
test_23,A3,test,23,124.79984283447266,1247,118.21446990966797,0.029550257299241926,,3.8001632690429688,128.60000610351562,,,False,True,,,,,LSTM,2,48,64,0.1
test_23,A3,test,23,124.89984130859375,1248,118.21446990966797,0.02877266422478592,,3.700164794921875,128.60000610351562,,,False,True,,,,,LSTM,2,48,64,0.1
test_23,A3,test,23,124.99983978271484,1249,118.21446990966797,0.027995071150329915,,3.6001663208007812,128.60000610351562,,,False,True,,,,,LSTM,2,48,64,0.1
test_23,A3,test,23,125.09983825683594,1250,118.21446990966797,0.02721747807587391,,3.5001678466796875,128.60000610351562,,,False,True,,,,,LSTM,2,48,64,0.1
test_23,A3,test,23,125.19983673095703,1251,118.21446990966797,0.026439885001417904,,3.4001693725585938,128.60000610351562,,,False,True,,,,,LSTM,2,48,64,0.1
test_23,A3,test,23,125.29983520507812,1252,118.21446990966797,0.0256622919269619,,3.3001708984375,128.60000610351562,,,False,True,,,,,LSTM,2,48,64,0.1
test_23,A3,test,23,125.39983367919922,1253,118.21446990966797,0.024884698852505893,,3.2001724243164062,128.60000610351562,,,False,True,,,,,LSTM,2,48,64,0.1
test_23,A3,test,23,125.49983215332031,1254,118.21446990966797,0.02410710577804989,,3.1001739501953125,128.60000610351562,,,False,True,,,,,LSTM,2,48,64,0.1
test_23,A3,test,23,125.5998306274414,1255,118.21446990966797,0.023329512703593885,,3.0001754760742188,128.60000610351562,,,False,True,,,,,LSTM,2,48,64,0.1
test_23,A3,test,23,125.6998291015625,1256,118.21446990966797,0.022551919629137877,,2.900177001953125,128.60000610351562,,,False,True,,,,,LSTM,2,48,64,0.1
test_23,A3,test,23,125.7998275756836,1257,118.21446990966797,0.021774326554681873,,2.8001785278320312,128.60000610351562,,,False,True,,,,,LSTM,2,48,64,0.1
test_23,A3,test,23,125.89982604980469,1258,118.21446990966797,0.02099673348022587,,2.7001800537109375,128.60000610351562,,,False,True,,,,,LSTM,2,48,64,0.1
test_23,A3,test,23,125.99982452392578,1259,118.21446990966797,0.020219140405769862,,2.6001815795898438,128.60000610351562,,,False,True,,,,,LSTM,2,48,64,0.1
test_23,A3,test,23,126.09982299804688,1260,118.21446990966797,0.01944154733131386,,2.50018310546875,128.60000610351562,,,False,True,,,,,LSTM,2,48,64,0.1
test_23,A3,test,23,126.19982147216797,1261,118.21446990966797,0.01866395425685785,,2.4001846313476562,128.60000610351562,,,False,True,,,,,LSTM,2,48,64,0.1
test_23,A3,test,23,126.29981994628906,1262,118.21446990966797,0.017886361182401847,,2.3001861572265625,128.60000610351562,,,False,True,,,,,LSTM,2,48,64,0.1
test_23,A3,test,23,126.39981842041016,1263,118.21446990966797,0.017108768107945843,,2.2001876831054688,128.60000610351562,,,False,True,,,,,LSTM,2,48,64,0.1
test_23,A3,test,23,126.49981689453125,1264,118.21446990966797,0.016331175033489836,,2.100189208984375,128.60000610351562,,,False,True,,,,,LSTM,2,48,64,0.1
test_23,A3,test,23,126.59981536865234,1265,118.21446990966797,0.015553581959033832,,2.0001907348632812,128.60000610351562,,,False,True,,,,,LSTM,2,48,64,0.1
test_23,A3,test,23,126.69981384277344,1266,118.21446990966797,0.014775988884577826,,1.9001922607421875,128.60000610351562,,,False,True,,,,,LSTM,2,48,64,0.1
test_23,A3,test,23,126.79981231689453,1267,118.21446990966797,0.01399839581012182,,1.8001937866210938,128.60000610351562,,,False,True,,,,,LSTM,2,48,64,0.1
test_23,A3,test,23,126.89981079101562,1268,118.21446990966797,0.013220802735665817,,1.7001953125,128.60000610351562,,,False,True,,,,,LSTM,2,48,64,0.1
test_23,A3,test,23,126.99980926513672,1269,118.21446990966797,0.012443209661209811,,1.6001968383789062,128.60000610351562,,,False,True,,,,,LSTM,2,48,64,0.1
test_23,A3,test,23,127.09980773925781,1270,118.21446990966797,0.011665616586753805,,1.5001983642578125,128.60000610351562,,,False,True,,,,,LSTM,2,48,64,0.1
test_23,A3,test,23,127.1998062133789,1271,118.21446990966797,0.0108880235122978,,1.4001998901367188,128.60000610351562,,,False,True,,,,,LSTM,2,48,64,0.1
test_23,A3,test,23,127.2998046875,1272,118.21446990966797,0.010110430437841796,,1.300201416015625,128.60000610351562,,,False,True,,,,,LSTM,2,48,64,0.1
test_23,A3,test,23,127.3998031616211,1273,118.21446990966797,0.00933283736338579,,1.2002029418945312,128.60000610351562,,,False,True,,,,,LSTM,2,48,64,0.1
test_23,A3,test,23,127.49980163574219,1274,118.21446990966797,0.008555244288929785,,1.1002044677734375,128.60000610351562,,,False,True,,,,,LSTM,2,48,64,0.1
test_23,A3,test,23,127.59980010986328,1275,118.21446990966797,0.007777651214473779,,1.0002059936523438,128.60000610351562,,,False,True,,,,,LSTM,2,48,64,0.1
test_23,A3,test,23,127.69979858398438,1276,118.21446990966797,0.007000058140017774,,0.90020751953125,128.60000610351562,,,False,True,,,,,LSTM,2,48,64,0.1
test_23,A3,test,23,127.79979705810547,1277,118.21446990966797,0.006222465065561769,,0.8002090454101562,128.60000610351562,,,False,True,,,,,LSTM,2,48,64,0.1
test_23,A3,test,23,127.89979553222656,1278,118.21446990966797,0.005444871991105764,,0.7002105712890625,128.60000610351562,,,False,True,,,,,LSTM,2,48,64,0.1
test_23,A3,test,23,127.99979400634766,1279,118.21446990966797,0.004667278916649758,,0.6002120971679688,128.60000610351562,,,False,True,,,,,LSTM,2,48,64,0.1
test_23,A3,test,23,128.09979248046875,1280,118.21446990966797,0.0038896858421937535,,0.500213623046875,128.60000610351562,,,False,True,,,,,LSTM,2,48,64,0.1
test_23,A3,test,23,128.19979858398438,1281,118.21446990966797,0.003112033441188999,,0.40020751953125,128.60000610351562,,,False,True,,,,,LSTM,2,48,64,0.1
test_23,A3,test,23,128.29978942871094,1282,118.21446990966797,0.002334499693281743,,0.3002166748046875,128.60000610351562,,,False,True,,,,,LSTM,2,48,64,0.1
test_23,A3,test,23,128.3997802734375,1283,118.21446990966797,0.001556965945374487,,0.200225830078125,128.60000610351562,,,False,True,,,,,LSTM,2,48,64,0.1
test_23,A3,test,23,128.49978637695312,1284,118.21446990966797,0.0007793135443697326,,0.1002197265625,128.60000610351562,,,False,True,,,,,LSTM,2,48,64,0.1
test_23,A3,test,23,128.59979248046875,1285,118.21446990966797,1.6611433649781145e-06,,0.000213623046875,128.60000610351562,,,False,True,,,,,LSTM,2,48,64,0.1
