sequence_id,source_split,data_no,family,dust_feed,time,end_index,health_true,rul_true,health_pred,rul_pred,model,fold
test_21,test,21,A2,316.9850769042969,0.10000000149011612,0,1.0,47.599998474121094,0.9996965,999.6964721679688,ATTENTION,4
test_21,test,21,A2,316.9850769042969,0.20000000298023224,1,1.0,47.5,1.0,1000.0,ATTENTION,4
test_21,test,21,A2,316.9850769042969,0.30000001192092896,2,1.0,47.400001525878906,1.0,1000.0,ATTENTION,4
test_21,test,21,A2,316.9850769042969,0.4000000059604645,3,1.0,47.29999923706055,1.0,1000.0,ATTENTION,4
test_21,test,21,A2,316.9850769042969,0.5,4,1.0,47.20000076293945,1.0,1000.0,ATTENTION,4
test_21,test,21,A2,316.9850769042969,0.6000000238418579,5,1.0,47.099998474121094,1.0,1000.0,ATTENTION,4
test_21,test,21,A2,316.9850769042969,0.699999988079071,6,1.0,47.0,1.0,1000.0,ATTENTION,4
test_21,test,21,A2,316.9850769042969,0.800000011920929,7,1.0,46.900001525878906,1.0,1000.0,ATTENTION,4
test_21,test,21,A2,316.9850769042969,0.8999999761581421,8,1.0,46.79999923706055,1.0,1000.0,ATTENTION,4
test_21,test,21,A2,316.9850769042969,1.0,9,1.0,46.70000076293945,0.99856615,193.12513732910156,ATTENTION,4
test_21,test,21,A2,316.9850769042969,1.100000023841858,10,1.0,46.599998474121094,1.0,276.28924560546875,ATTENTION,4
test_21,test,21,A2,316.9850769042969,1.2000000476837158,11,1.0,46.5,0.99895215,158.25738525390625,ATTENTION,4
test_21,test,21,A2,316.9850769042969,1.2999999523162842,12,1.0,46.400001525878906,0.9994104,226.1857147216797,ATTENTION,4
test_21,test,21,A2,316.9850769042969,1.399999976158142,13,1.0,46.29999923706055,0.99973917,323.2287292480469,ATTENTION,4
test_21,test,21,A2,316.9850769042969,1.5,14,1.0,46.20000076293945,0.9998196,771.4256591796875,ATTENTION,4
test_21,test,21,A2,316.9850769042969,1.600000023841858,15,1.0,46.099998474121094,1.0,1000.0,ATTENTION,4
test_21,test,21,A2,316.9850769042969,1.7000000476837158,16,1.0,46.0,0.99733686,103.85182189941406,ATTENTION,4
test_21,test,21,A2,316.9850769042969,1.7999999523162842,17,1.0,45.900001525878906,0.9993827,148.66407775878906,ATTENTION,4
test_21,test,21,A2,316.9850769042969,1.899999976158142,18,1.0,45.79999923706055,0.99884796,150.56698608398438,ATTENTION,4
test_21,test,21,A2,316.9850769042969,2.0,19,1.0,45.70000076293945,1.0,215.3437957763672,ATTENTION,4
test_21,test,21,A2,316.9850769042969,2.0999999046325684,20,1.0,45.599998474121094,1.0,307.63397216796875,ATTENTION,4
test_21,test,21,A2,316.9850769042969,2.200000047683716,21,1.0,45.5,1.0,1000.0,ATTENTION,4
test_21,test,21,A2,316.9850769042969,2.299999952316284,22,1.0,45.400001525878906,0.9992918,331.2350769042969,ATTENTION,4
test_21,test,21,A2,316.9850769042969,2.4000000953674316,23,1.0,45.29999923706055,0.99951345,559.0961303710938,ATTENTION,4
test_21,test,21,A2,316.9850769042969,2.5,24,1.0,45.20000076293945,0.99955356,798.7407836914062,ATTENTION,4
test_21,test,21,A2,316.9850769042969,2.5999999046325684,25,1.0,45.099998474121094,0.99962527,999.625244140625,ATTENTION,4
test_21,test,21,A2,316.9850769042969,2.700000047683716,26,1.0,45.0,0.9999766,999.9765625,ATTENTION,4
test_21,test,21,A2,316.9850769042969,2.799999952316284,27,1.0,44.900001525878906,0.9980863,146.42068481445312,ATTENTION,4
test_21,test,21,A2,316.9850769042969,2.9000000953674316,28,1.0,44.79999923706055,0.9993658,209.4405975341797,ATTENTION,4
test_21,test,21,A2,316.9850769042969,3.0,29,1.0,44.70000076293945,0.999768,299.3212585449219,ATTENTION,4
test_21,test,21,A2,316.9850769042969,3.0999999046325684,30,1.0,44.599998474121094,0.99964887,361.17816162109375,ATTENTION,4
test_21,test,21,A2,316.9850769042969,3.200000047683716,31,1.0,44.5,1.0,516.1500854492188,ATTENTION,4
test_21,test,21,A2,316.9850769042969,3.299999952316284,32,1.0,44.400001525878906,1.0,1000.0,ATTENTION,4
test_21,test,21,A2,316.9850769042969,3.4000000953674316,33,1.0,44.29999923706055,1.0,1000.0,ATTENTION,4
test_21,test,21,A2,316.9850769042969,3.5,34,1.0,44.20000076293945,1.0,1000.0,ATTENTION,4
test_21,test,21,A2,316.9850769042969,3.5999999046325684,35,1.0,44.099998474121094,1.0,1000.0,ATTENTION,4
test_21,test,21,A2,316.9850769042969,3.700000047683716,36,1.0,44.0,1.0,1000.0,ATTENTION,4
test_21,test,21,A2,316.9850769042969,3.799999952316284,37,1.0,43.900001525878906,1.0,1000.0,ATTENTION,4
test_21,test,21,A2,316.9850769042969,3.9000000953674316,38,1.0,43.79999923706055,1.0,1000.0,ATTENTION,4
test_21,test,21,A2,316.9850769042969,4.0,39,1.0,43.70000076293945,1.0,1000.0,ATTENTION,4
test_21,test,21,A2,316.9850769042969,4.099999904632568,40,1.0,43.599998474121094,1.0,1000.0,ATTENTION,4
test_21,test,21,A2,316.9850769042969,4.199999809265137,41,1.0,43.5,1.0,1000.0,ATTENTION,4
test_21,test,21,A2,316.9850769042969,4.300000190734863,42,1.0,43.400001525878906,1.0,1000.0,ATTENTION,4
test_21,test,21,A2,316.9850769042969,4.400000095367432,43,1.0,43.29999923706055,1.0,1000.0,ATTENTION,4
test_21,test,21,A2,316.9850769042969,4.5,44,1.0,43.20000076293945,1.0,1000.0,ATTENTION,4
test_21,test,21,A2,316.9850769042969,4.599999904632568,45,1.0,43.099998474121094,1.0,1000.0,ATTENTION,4
test_21,test,21,A2,316.9850769042969,4.699999809265137,46,1.0,43.0,1.0,1000.0,ATTENTION,4
test_21,test,21,A2,316.9850769042969,4.800000190734863,47,1.0,42.900001525878906,0.9993506,426.7524719238281,ATTENTION,4
test_21,test,21,A2,316.9850769042969,4.900000095367432,48,1.0,42.79999923706055,0.9983042,184.43759155273438,ATTENTION,4
test_21,test,21,A2,316.9850769042969,5.0,49,1.0,42.70000076293945,0.9991881,263.715576171875,ATTENTION,4
test_21,test,21,A2,316.9850769042969,5.099999904632568,50,1.0,42.599998474121094,0.99735427,107.64474487304688,ATTENTION,4
test_21,test,21,A2,316.9850769042969,5.199999809265137,51,1.0,42.5,0.9983433,153.93072509765625,ATTENTION,4
test_21,test,21,A2,316.9850769042969,5.300000190734863,52,1.0,42.400001525878906,1.0,241.1737823486328,ATTENTION,4
test_21,test,21,A2,316.9850769042969,5.400000095367432,53,1.0,42.29999923706055,1.0,440.8655090332031,ATTENTION,4
test_21,test,21,A2,316.9850769042969,5.5,54,1.0,42.20000076293945,0.9996312,342.6197509765625,ATTENTION,4
test_21,test,21,A2,316.9850769042969,5.599999904632568,55,1.0,42.099998474121094,0.9963649,78.39517211914062,ATTENTION,4
test_21,test,21,A2,316.9850769042969,5.699999809265137,56,1.0,42.0,0.9991103,112.30170440673828,ATTENTION,4
test_21,test,21,A2,316.9850769042969,5.800000190734863,57,1.0,41.900001525878906,0.998841,138.7518768310547,ATTENTION,4
test_21,test,21,A2,316.9850769042969,5.900000095367432,58,1.0,41.79999923706055,0.99362236,41.64756774902344,ATTENTION,4
test_21,test,21,A2,316.9850769042969,6.0,59,1.0,41.70000076293945,0.9944126,60.351539611816406,ATTENTION,4
test_21,test,21,A2,316.9850769042969,6.099999904632568,60,1.0,41.599998474121094,0.9966054,104.30996704101562,ATTENTION,4
test_21,test,21,A2,316.9850769042969,6.199999809265137,61,1.0,41.5,0.9971799,149.10012817382812,ATTENTION,4
test_21,test,21,A2,316.9850769042969,6.300000190734863,62,1.0,41.400001525878906,0.9968412,173.66944885253906,ATTENTION,4
test_21,test,21,A2,316.9850769042969,6.400000095367432,63,1.0,41.29999923706055,0.9960835,277.6656799316406,ATTENTION,4
test_21,test,21,A2,316.9850769042969,6.5,64,1.0,41.20000076293945,0.99783885,397.3642883300781,ATTENTION,4
test_21,test,21,A2,316.9850769042969,6.599999904632568,65,1.0,41.099998474121094,0.99432164,68.85350799560547,ATTENTION,4
test_21,test,21,A2,316.9850769042969,6.699999809265137,66,1.0,41.0,0.99770653,98.69700622558594,ATTENTION,4
test_21,test,21,A2,316.9850769042969,6.800000190734863,67,1.0,40.900001525878906,0.996832,99.44025421142578,ATTENTION,4
test_21,test,21,A2,316.9850769042969,6.900000095367432,68,1.0,40.79999923706055,0.99523777,80.86860656738281,ATTENTION,4
test_21,test,21,A2,316.9850769042969,7.0,69,1.0,40.70000076293945,0.9975188,115.79137420654297,ATTENTION,4
test_21,test,21,A2,316.9850769042969,7.099999904632568,70,1.0,40.599998474121094,0.9990883,256.2637939453125,ATTENTION,4
test_21,test,21,A2,316.9850769042969,7.199999809265137,71,1.0,40.5,0.9986676,235.19606018066406,ATTENTION,4
test_21,test,21,A2,316.9850769042969,7.300000190734863,72,1.0,40.400001525878906,0.9994112,409.21697998046875,ATTENTION,4
test_21,test,21,A2,316.9850769042969,7.400000095367432,73,1.0,40.29999923706055,0.99893785,407.6645812988281,ATTENTION,4
test_21,test,21,A2,316.9850769042969,7.5,74,1.0,40.20000076293945,0.9998474,582.9083251953125,ATTENTION,4
test_21,test,21,A2,316.9850769042969,7.599999904632568,75,1.0,40.099998474121094,1.0,832.853271484375,ATTENTION,4
test_21,test,21,A2,316.9850769042969,7.699999809265137,76,1.0,40.0,1.0,1000.0,ATTENTION,4
test_21,test,21,A2,316.9850769042969,7.800000190734863,77,1.0,39.900001525878906,0.998525,174.30116271972656,ATTENTION,4
test_21,test,21,A2,316.9850769042969,7.900000095367432,78,1.0,39.79999923706055,0.9956217,70.14940643310547,ATTENTION,4
test_21,test,21,A2,316.9850769042969,8.0,79,1.0,39.70000076293945,0.99718547,100.37084197998047,ATTENTION,4
test_21,test,21,A2,316.9850769042969,8.100000381469727,80,1.0,39.599998474121094,0.9948485,64.67688751220703,ATTENTION,4
test_21,test,21,A2,316.9850769042969,8.199999809265137,81,1.0,39.5,0.9958618,92.48966979980469,ATTENTION,4
test_21,test,21,A2,316.9850769042969,8.300000190734863,82,1.0,39.400001525878906,0.99714726,150.1015625,ATTENTION,4
test_21,test,21,A2,316.9850769042969,8.399999618530273,83,1.0,39.29999923706055,0.99818075,345.3232116699219,ATTENTION,4
test_21,test,21,A2,316.9850769042969,8.5,84,1.0,39.20000076293945,0.9980085,377.38006591796875,ATTENTION,4
test_21,test,21,A2,316.9850769042969,8.600000381469727,85,1.0,39.099998474121094,0.99891275,998.9127807617188,ATTENTION,4
test_21,test,21,A2,316.9850769042969,8.699999809265137,86,1.0,39.0,0.9975824,195.53512573242188,ATTENTION,4
test_21,test,21,A2,316.9850769042969,8.800000190734863,87,1.0,38.900001525878906,0.9978689,279.4161682128906,ATTENTION,4
test_21,test,21,A2,316.9850769042969,8.899999618530273,88,1.0,38.79999923706055,0.99629307,121.75999450683594,ATTENTION,4
test_21,test,21,A2,316.9850769042969,9.0,89,1.0,38.70000076293945,0.9947939,90.19440460205078,ATTENTION,4
test_21,test,21,A2,316.9850769042969,9.100000381469727,90,1.0,38.599998474121094,0.9940039,94.04539489746094,ATTENTION,4
test_21,test,21,A2,316.9850769042969,9.199999809265137,91,1.0,38.5,0.9962489,151.1235809326172,ATTENTION,4
test_21,test,21,A2,316.9850769042969,9.300000190734863,92,1.0,38.400001525878906,0.9946503,95.83064270019531,ATTENTION,4
test_21,test,21,A2,316.9850769042969,9.399999618530273,93,1.0,38.29999923706055,0.9925229,70.98574829101562,ATTENTION,4
test_21,test,21,A2,316.9850769042969,9.5,94,1.0,38.20000076293945,0.99258786,111.79312896728516,ATTENTION,4
test_21,test,21,A2,316.9850769042969,9.600000381469727,95,0.9997609257698059,38.099998474121094,0.99129707,95.39895629882812,ATTENTION,4
test_21,test,21,A2,316.9850769042969,9.699999809265137,96,1.0,38.0,0.9936311,136.6051025390625,ATTENTION,4
test_21,test,21,A2,316.9850769042969,9.800000190734863,97,1.0,37.900001525878906,0.994322,241.1788330078125,ATTENTION,4
test_21,test,21,A2,316.9850769042969,9.899999618530273,98,1.0,37.79999923706055,0.99298525,154.7429962158203,ATTENTION,4
test_21,test,21,A2,316.9850769042969,10.0,99,0.9997609257698059,37.70000076293945,0.99106836,86.90284729003906,ATTENTION,4
test_21,test,21,A2,316.9850769042969,10.100000381469727,100,0.9942569732666016,37.599998474121094,0.98736954,48.07304000854492,ATTENTION,4
test_21,test,21,A2,316.9850769042969,10.199999809265137,101,0.9931561946868896,37.5,0.9877026,68.69894409179688,ATTENTION,4
test_21,test,21,A2,316.9850769042969,10.300000190734863,102,0.9900110363960266,37.400001525878906,0.98528665,52.475311279296875,ATTENTION,4
test_21,test,21,A2,316.9850769042969,10.399999618530273,103,0.9854506254196167,37.29999923706055,0.98197,40.42157745361328,ATTENTION,4
test_21,test,21,A2,316.9850769042969,10.5,104,0.9845070242881775,37.20000076293945,0.98203856,61.98377990722656,ATTENTION,4
test_21,test,21,A2,316.9850769042969,10.600000381469727,105,0.9843498468399048,37.099998474121094,0.982057,110.98347473144531,ATTENTION,4
test_21,test,21,A2,316.9850769042969,10.699999809265137,106,0.9900110363960266,37.0,0.9861187,159.2035675048828,ATTENTION,4
test_21,test,21,A2,316.9850769042969,10.800000190734863,107,0.9942569732666016,36.900001525878906,0.98847353,344.22308349609375,ATTENTION,4
test_21,test,21,A2,316.9850769042969,10.899999618530273,108,1.0,36.79999923706055,0.9920367,992.0366821289062,ATTENTION,4
test_21,test,21,A2,316.9850769042969,11.0,109,1.0,36.70000076293945,0.99503887,995.0388793945312,ATTENTION,4
test_21,test,21,A2,316.9850769042969,11.100000381469727,110,1.0,36.599998474121094,0.993405,168.605224609375,ATTENTION,4
test_21,test,21,A2,316.9850769042969,11.199999809265137,111,1.0,36.5,0.99385524,240.9738006591797,ATTENTION,4
test_21,test,21,A2,316.9850769042969,11.300000190734863,112,1.0,36.400001525878906,0.9954429,344.7981872558594,ATTENTION,4
test_21,test,21,A2,316.9850769042969,11.399999618530273,113,1.0,36.29999923706055,0.99088204,53.65453338623047,ATTENTION,4
test_21,test,21,A2,316.9850769042969,11.5,114,1.0,36.20000076293945,0.99231005,76.75980377197266,ATTENTION,4
test_21,test,21,A2,316.9850769042969,11.600000381469727,115,1.0,36.099998474121094,0.9928355,123.19621276855469,ATTENTION,4
test_21,test,21,A2,316.9850769042969,11.699999809265137,116,1.0,36.0,0.9938623,176.1765899658203,ATTENTION,4
test_21,test,21,A2,316.9850769042969,11.800000190734863,117,1.0,35.900001525878906,0.9920876,95.867919921875,ATTENTION,4
test_21,test,21,A2,316.9850769042969,11.899999618530273,118,0.9997609257698059,35.79999923706055,0.990662,102.97286224365234,ATTENTION,4
test_21,test,21,A2,316.9850769042969,12.0,119,0.9997609257698059,35.70000076293945,0.99100065,147.15438842773438,ATTENTION,4
test_21,test,21,A2,316.9850769042969,12.100000381469727,120,0.9985029101371765,35.599998474121094,0.9902898,136.07630920410156,ATTENTION,4
test_21,test,21,A2,316.9850769042969,12.199999809265137,121,0.9942569732666016,35.5,0.9871765,60.48462677001953,ATTENTION,4
test_21,test,21,A2,316.9850769042969,12.300000190734863,122,0.9903255701065063,35.400001525878906,0.98482144,52.26833724975586,ATTENTION,4
test_21,test,21,A2,316.9850769042969,12.399999618530273,123,0.9942569732666016,35.29999923706055,0.988217,80.17910766601562,ATTENTION,4
test_21,test,21,A2,316.9850769042969,12.5,124,0.990954577922821,35.20000076293945,0.9852773,51.24083709716797,ATTENTION,4
test_21,test,21,A2,316.9850769042969,12.600000381469727,125,0.9964585900306702,35.099998474121094,0.98940504,75.93852233886719,ATTENTION,4
test_21,test,21,A2,316.9850769042969,12.699999809265137,126,0.9997609257698059,35.0,0.9912189,137.0333251953125,ATTENTION,4
test_21,test,21,A2,316.9850769042969,12.800000190734863,127,0.9942569732666016,34.900001525878906,0.9867321,49.79523849487305,ATTENTION,4
test_21,test,21,A2,316.9850769042969,12.899999618530273,128,0.9931561946868896,34.79999923706055,0.9870393,71.15821075439453,ATTENTION,4
test_21,test,21,A2,316.9850769042969,13.0,129,0.9931561946868896,34.70000076293945,0.9872048,124.52027130126953,ATTENTION,4
test_21,test,21,A2,316.9850769042969,13.100000381469727,130,0.9898538589477539,34.599998474121094,0.9845208,64.65058898925781,ATTENTION,4
test_21,test,21,A2,316.9850769042969,13.199999809265137,131,0.9876522421836853,34.5,0.983302,65.31442260742188,ATTENTION,4
test_21,test,21,A2,316.9850769042969,13.300000190734863,132,0.9841926097869873,34.400001525878906,0.9807162,57.2060546875,ATTENTION,4
test_21,test,21,A2,316.9850769042969,13.399999618530273,133,0.9843498468399048,34.29999923706055,0.9815082,81.78893280029297,ATTENTION,4
test_21,test,21,A2,316.9850769042969,13.5,134,0.9812046885490417,34.20000076293945,0.9787015,52.841087341308594,ATTENTION,4
test_21,test,21,A2,316.9850769042969,13.600000381469727,135,0.9830917716026306,34.099998474121094,0.9809855,86.51870727539062,ATTENTION,4
test_21,test,21,A2,316.9850769042969,13.699999809265137,136,0.9788458347320557,34.0,0.97667557,42.949256896972656,ATTENTION,4
test_21,test,21,A2,316.9850769042969,13.800000190734863,137,0.9854506254196167,33.900001525878906,0.98288214,68.48881530761719,ATTENTION,4
test_21,test,21,A2,316.9850769042969,13.899999618530273,138,0.9854506254196167,33.79999923706055,0.9822686,80.1310806274414,ATTENTION,4
test_21,test,21,A2,316.9850769042969,14.0,139,0.9848216772079468,33.70000076293945,0.9816531,107.88381958007812,ATTENTION,4
test_21,test,21,A2,316.9850769042969,14.100000381469727,140,0.985136091709137,33.599998474121094,0.9819672,154.16908264160156,ATTENTION,4
test_21,test,21,A2,316.9850769042969,14.199999809265137,141,0.9876522421836853,33.5,0.98388886,532.8547973632812,ATTENTION,4
test_21,test,21,A2,316.9850769042969,14.300000190734863,142,0.9986602067947388,33.400001525878906,0.989249,765.3681640625,ATTENTION,4
test_21,test,21,A2,316.9850769042969,14.399999618530273,143,0.9931561946868896,33.29999923706055,0.985849,77.05904388427734,ATTENTION,4
test_21,test,21,A2,316.9850769042969,14.5,144,0.9942569732666016,33.20000076293945,0.98774326,115.08977508544922,ATTENTION,4
test_21,test,21,A2,316.9850769042969,14.600000381469727,145,0.9942569732666016,33.099998474121094,0.98760474,151.77157592773438,ATTENTION,4
test_21,test,21,A2,316.9850769042969,14.699999809265137,146,0.9876522421836853,33.0,0.9820205,39.770469665527344,ATTENTION,4
test_21,test,21,A2,316.9850769042969,14.800000190734863,147,0.9810474514961243,32.900001525878906,0.9773716,28.704940795898438,ATTENTION,4
test_21,test,21,A2,316.9850769042969,14.899999618530273,148,0.9757006764411926,32.79999923706055,0.9736558,27.6820068359375,ATTENTION,4
test_21,test,21,A2,316.9850769042969,15.0,149,0.9843498468399048,32.70000076293945,0.98152494,39.865333557128906,ATTENTION,4
test_21,test,21,A2,316.9850769042969,15.100000381469727,150,0.9821482300758362,32.599998474121094,0.97910005,37.81023406982422,ATTENTION,4
test_21,test,21,A2,316.9850769042969,15.199999809265137,151,0.9876522421836853,32.5,0.9837212,66.7286148071289,ATTENTION,4
test_21,test,21,A2,316.9850769042969,15.300000190734863,152,0.9854506254196167,32.400001525878906,0.9814402,62.403255462646484,ATTENTION,4
test_21,test,21,A2,316.9850769042969,15.399999618530273,153,0.9821482300758362,32.29999923706055,0.9788509,54.0971794128418,ATTENTION,4
test_21,test,21,A2,316.9850769042969,15.5,154,0.9757006764411926,32.20000076293945,0.97337854,30.04277992248535,ATTENTION,4
test_21,test,21,A2,316.9850769042969,15.600000381469727,155,0.9810474514961243,32.099998474121094,0.9793821,46.17513656616211,ATTENTION,4
test_21,test,21,A2,316.9850769042969,15.699999809265137,156,0.9843498468399048,32.0,0.98151183,66.10792541503906,ATTENTION,4
test_21,test,21,A2,316.9850769042969,15.800000190734863,157,0.990954577922821,31.899999618530273,0.985711,109.39555358886719,ATTENTION,4
test_21,test,21,A2,316.9850769042969,15.899999618530273,158,0.9854506254196167,31.799999237060547,0.9805592,42.05544662475586,ATTENTION,4
test_21,test,21,A2,316.9850769042969,16.0,159,0.9821482300758362,31.700000762939453,0.97870934,49.74360275268555,ATTENTION,4
test_21,test,21,A2,316.9850769042969,16.100000381469727,160,0.9843498468399048,31.600000381469727,0.9812415,71.24614715576172,ATTENTION,4
test_21,test,21,A2,316.9850769042969,16.200000762939453,161,0.9843498468399048,31.5,0.98092604,91.00800323486328,ATTENTION,4
test_21,test,21,A2,316.9850769042969,16.299999237060547,162,0.9768015742301941,31.399999618530273,0.9737519,29.140836715698242,ATTENTION,4
test_21,test,21,A2,316.9850769042969,16.399999618530273,163,0.9821482300758362,31.299999237060547,0.97992975,48.347686767578125,ATTENTION,4
test_21,test,21,A2,316.9850769042969,16.5,164,0.9783741235733032,31.200000762939453,0.97575617,34.703468322753906,ATTENTION,4
test_21,test,21,A2,316.9850769042969,16.600000381469727,165,0.9741281867027283,31.100000381469727,0.97245735,30.79574203491211,ATTENTION,4
test_21,test,21,A2,316.9850769042969,16.700000762939453,166,0.9679951667785645,31.0,0.9671874,23.637815475463867,ATTENTION,4
test_21,test,21,A2,316.9850769042969,16.799999237060547,167,0.9701967835426331,30.899999618530273,0.9706562,39.954856872558594,ATTENTION,4
test_21,test,21,A2,316.9850769042969,16.899999618530273,168,0.9661080837249756,30.799999237060547,0.966058,28.76275062561035,ATTENTION,4
test_21,test,21,A2,316.9850769042969,17.0,169,0.9683097004890442,30.700000762939453,0.9690747,46.1871223449707,ATTENTION,4
test_21,test,21,A2,316.9850769042969,17.100000381469727,170,0.9734991788864136,30.600000381469727,0.97361505,76.7367935180664,ATTENTION,4
test_21,test,21,A2,316.9850769042969,17.200000762939453,171,0.9734991788864136,30.5,0.9727345,109.75569152832031,ATTENTION,4
test_21,test,21,A2,316.9850769042969,17.299999237060547,172,0.9734991788864136,30.399999618530273,0.9726907,152.8934326171875,ATTENTION,4
test_21,test,21,A2,316.9850769042969,17.399999618530273,173,0.9757006764411926,30.299999237060547,0.9747407,584.9107055664062,ATTENTION,4
test_21,test,21,A2,316.9850769042969,17.5,174,0.9668943285942078,30.200000762939453,0.9654237,27.77058982849121,ATTENTION,4
test_21,test,21,A2,316.9850769042969,17.600000381469727,175,0.9723982810974121,30.100000381469727,0.9725243,39.96406173706055,ATTENTION,4
test_21,test,21,A2,316.9850769042969,17.700000762939453,176,0.9757006764411926,30.0,0.97473717,59.07208251953125,ATTENTION,4
test_21,test,21,A2,316.9850769042969,17.799999237060547,177,0.9723982810974121,29.899999618530273,0.97090685,38.32062530517578,ATTENTION,4
test_21,test,21,A2,316.9850769042969,17.899999618530273,178,0.9701967835426331,29.799999237060547,0.96939707,41.82062911987305,ATTENTION,4
test_21,test,21,A2,316.9850769042969,18.0,179,0.9788458347320557,29.700000762939453,0.9773837,92.38774108886719,ATTENTION,4
test_21,test,21,A2,316.9850769042969,18.100000381469727,180,0.9734991788864136,29.600000381469727,0.97136426,33.36663055419922,ATTENTION,4
test_21,test,21,A2,316.9850769042969,18.200000762939453,181,0.9766442179679871,29.5,0.97541547,47.86541748046875,ATTENTION,4
test_21,test,21,A2,316.9850769042969,18.299999237060547,182,0.9701967835426331,29.399999618530273,0.9684134,26.037322998046875,ATTENTION,4
test_21,test,21,A2,316.9850769042969,18.399999618530273,183,0.9701967835426331,29.299999237060547,0.96975994,38.60470199584961,ATTENTION,4
test_21,test,21,A2,316.9850769042969,18.5,184,0.9734991788864136,29.200000762939453,0.97293925,55.330379486083984,ATTENTION,4
test_21,test,21,A2,316.9850769042969,18.600000381469727,185,0.9668943285942078,29.100000381469727,0.96562576,27.562767028808594,ATTENTION,4
test_21,test,21,A2,316.9850769042969,18.700000762939453,186,0.9582452774047852,29.0,0.95800596,18.422788619995117,ATTENTION,4
test_21,test,21,A2,316.9850769042969,18.799999237060547,187,0.9560436606407166,28.899999618530273,0.95720655,27.31769561767578,ATTENTION,4
test_21,test,21,A2,316.9850769042969,18.899999618530273,188,0.9549428820610046,28.799999237060547,0.95639664,34.843379974365234,ATTENTION,4
test_21,test,21,A2,316.9850769042969,19.0,189,0.9483381509780884,28.700000762939453,0.9493439,21.263553619384766,ATTENTION,4
test_21,test,21,A2,316.9850769042969,19.100000381469727,190,0.9444067478179932,28.600000381469727,0.9461591,24.700881958007812,ATTENTION,4
test_21,test,21,A2,316.9850769042969,19.200000762939453,191,0.9462937116622925,28.5,0.94898874,42.75664520263672,ATTENTION,4
test_21,test,21,A2,316.9850769042969,19.299999237060547,192,0.9549428820610046,28.399999618530273,0.95792544,63.6407470703125,ATTENTION,4
test_21,test,21,A2,316.9850769042969,19.399999618530273,193,0.9588742852210999,28.299999237060547,0.96050334,95.61441802978516,ATTENTION,4
test_21,test,21,A2,316.9850769042969,19.5,194,0.9602895975112915,28.200000762939453,0.96125203,348.6014099121094,ATTENTION,4
test_21,test,21,A2,316.9850769042969,19.600000381469727,195,0.9560436606407166,28.100000381469727,0.9562857,53.397212982177734,ATTENTION,4
test_21,test,21,A2,316.9850769042969,19.700000762939453,196,0.952741265296936,28.0,0.95347387,42.047767639160156,ATTENTION,4
test_21,test,21,A2,316.9850769042969,19.799999237060547,197,0.9462937116622925,27.899999618530273,0.9470993,24.371946334838867,ATTENTION,4
test_21,test,21,A2,316.9850769042969,19.899999618530273,198,0.9409470558166504,27.799999237060547,0.94231606,21.198989868164062,ATTENTION,4
test_21,test,21,A2,316.9850769042969,20.0,199,0.947394609451294,27.700000762939453,0.95054173,30.548633575439453,ATTENTION,4
test_21,test,21,A2,316.9850769042969,20.100000381469727,200,0.9516405463218689,27.600000381469727,0.95390385,50.817867279052734,ATTENTION,4
test_21,test,21,A2,316.9850769042969,20.200000762939453,201,0.9494389295578003,27.5,0.95055604,40.435428619384766,ATTENTION,4
test_21,test,21,A2,316.9850769042969,20.299999237060547,202,0.9472373127937317,27.399999618530273,0.94844675,46.95648956298828,ATTENTION,4
test_21,test,21,A2,316.9850769042969,20.399999618530273,203,0.9582452774047852,27.299999237060547,0.9604291,85.44833374023438,ATTENTION,4
test_21,test,21,A2,316.9850769042969,20.5,204,0.9582452774047852,27.200000762939453,0.9586965,67.9167709350586,ATTENTION,4
test_21,test,21,A2,316.9850769042969,20.600000381469727,205,0.9646928310394287,27.100000381469727,0.96542096,97.70451354980469,ATTENTION,4
test_21,test,21,A2,316.9850769042969,20.700000762939453,206,0.96705162525177,27.0,0.96675,197.79237365722656,ATTENTION,4
test_21,test,21,A2,316.9850769042969,20.799999237060547,207,0.9615476131439209,26.899999618530273,0.9603809,38.24618911743164,ATTENTION,4
test_21,test,21,A2,316.9850769042969,20.899999618530273,208,0.9613904356956482,26.799999237060547,0.96130407,54.689945220947266,ATTENTION,4
test_21,test,21,A2,316.9850769042969,21.0,209,0.9582452774047852,26.700000762939453,0.9579412,40.97108459472656,ATTENTION,4
test_21,test,21,A2,316.9850769042969,21.100000381469727,210,0.952741265296936,26.600000381469727,0.9526295,26.818845748901367,ATTENTION,4
test_21,test,21,A2,316.9850769042969,21.200000762939453,211,0.9516405463218689,26.5,0.9523554,36.83713912963867,ATTENTION,4
test_21,test,21,A2,316.9850769042969,21.299999237060547,212,0.9516405463218689,26.399999618530273,0.9525832,66.90876007080078,ATTENTION,4
test_21,test,21,A2,316.9850769042969,21.399999618530273,213,0.9387454390525818,26.299999237060547,0.9389252,15.855500221252441,ATTENTION,4
test_21,test,21,A2,316.9850769042969,21.5,214,0.9433058500289917,26.200000762939453,0.94582224,23.997005462646484,ATTENTION,4
test_21,test,21,A2,316.9850769042969,21.600000381469727,215,0.9447212815284729,26.100000381469727,0.94633245,38.83079147338867,ATTENTION,4
test_21,test,21,A2,316.9850769042969,21.700000762939453,216,0.9374874830245972,26.0,0.9380203,20.01425552368164,ATTENTION,4
test_21,test,21,A2,316.9850769042969,21.799999237060547,217,0.9352858662605286,25.899999618530273,0.93660814,24.71284294128418,ATTENTION,4
test_21,test,21,A2,316.9850769042969,21.899999618530273,218,0.9333987832069397,25.799999237060547,0.9348345,37.927467346191406,ATTENTION,4
test_21,test,21,A2,316.9850769042969,22.0,219,0.9321407079696655,25.700000762939453,0.93372005,43.89375305175781,ATTENTION,4
test_21,test,21,A2,316.9850769042969,22.100000381469727,220,0.9321407079696655,25.600000381469727,0.93392515,62.719139099121094,ATTENTION,4
test_21,test,21,A2,316.9850769042969,22.200000762939453,221,0.9299390912055969,25.5,0.93142533,64.68156433105469,ATTENTION,4
test_21,test,21,A2,316.9850769042969,22.299999237060547,222,0.9300963878631592,25.399999618530273,0.9319961,101.03760528564453,ATTENTION,4
test_21,test,21,A2,316.9850769042969,22.399999618530273,223,0.9300963878631592,25.299999237060547,0.9319294,165.74920654296875,ATTENTION,4
test_21,test,21,A2,316.9850769042969,22.5,224,0.9266366958618164,25.200000762939453,0.927881,51.955360412597656,ATTENTION,4
test_21,test,21,A2,316.9850769042969,22.600000381469727,225,0.9321407079696655,25.100000381469727,0.93488336,74.7820816040039,ATTENTION,4
test_21,test,21,A2,316.9850769042969,22.700000762939453,226,0.9341849684715271,25.0,0.9360005,129.3544921875,ATTENTION,4
test_21,test,21,A2,316.9850769042969,22.799999237060547,227,0.928838312625885,24.899999618530273,0.9295853,32.965179443359375,ATTENTION,4
test_21,test,21,A2,316.9850769042969,22.899999618530273,228,0.9299390912055969,24.799999237060547,0.9316415,47.29413986206055,ATTENTION,4
test_21,test,21,A2,316.9850769042969,23.0,229,0.9200319647789001,24.700000762939453,0.92094237,18.449283599853516,ATTENTION,4
test_21,test,21,A2,316.9850769042969,23.100000381469727,230,0.9212900400161743,24.600000381469727,0.9233023,26.423660278320312,ATTENTION,4
test_21,test,21,A2,316.9850769042969,23.200000762939453,231,0.9179876446723938,24.5,0.9192467,23.51950454711914,ATTENTION,4
test_21,test,21,A2,316.9850769042969,23.299999237060547,232,0.9120119214057922,24.399999618530273,0.9131615,20.10725975036621,ATTENTION,4
test_21,test,21,A2,316.9850769042969,23.399999618530273,233,0.9123263359069824,24.299999237060547,0.9140699,28.753231048583984,ATTENTION,4
test_21,test,21,A2,316.9850769042969,23.5,234,0.9124836325645447,24.200000762939453,0.91414213,57.97212219238281,ATTENTION,4
test_21,test,21,A2,316.9850769042969,23.600000381469727,235,0.9123263359069824,24.100000381469727,0.91374403,73.2540512084961,ATTENTION,4
test_21,test,21,A2,316.9850769042969,23.700000762939453,236,0.9124836325645447,24.0,0.9138526,145.667724609375,ATTENTION,4
test_21,test,21,A2,316.9850769042969,23.799999237060547,237,0.9124836325645447,23.899999618530273,0.91365784,649.9957275390625,ATTENTION,4
test_21,test,21,A2,316.9850769042969,23.899999618530273,238,0.9124836325645447,23.799999237060547,0.91352654,626.7954711914062,ATTENTION,4
test_39,test,39,A2,177.3217010498047,0.20000000298023224,0,1.0,36.400001525878906,1.0,1000.0,ATTENTION,4
test_39,test,39,A2,177.3217010498047,0.30000001192092896,1,1.0,36.29999923706055,1.0,1000.0,ATTENTION,4
test_39,test,39,A2,177.3217010498047,0.4000000059604645,2,1.0,36.20000076293945,1.0,1000.0,ATTENTION,4
test_39,test,39,A2,177.3217010498047,0.5,3,1.0,36.099998474121094,1.0,1000.0,ATTENTION,4
test_39,test,39,A2,177.3217010498047,0.6000000238418579,4,1.0,36.0,1.0,1000.0,ATTENTION,4
test_39,test,39,A2,177.3217010498047,0.699999988079071,5,1.0,35.900001525878906,1.0,1000.0,ATTENTION,4
test_39,test,39,A2,177.3217010498047,0.800000011920929,6,1.0,35.79999923706055,1.0,1000.0,ATTENTION,4
test_39,test,39,A2,177.3217010498047,0.8999999761581421,7,1.0,35.70000076293945,1.0,1000.0,ATTENTION,4
test_39,test,39,A2,177.3217010498047,1.0,8,1.0,35.599998474121094,1.0,1000.0,ATTENTION,4
test_39,test,39,A2,177.3217010498047,1.100000023841858,9,1.0,35.5,1.0,1000.0,ATTENTION,4
test_39,test,39,A2,177.3217010498047,1.2000000476837158,10,1.0,35.400001525878906,1.0,1000.0,ATTENTION,4
test_39,test,39,A2,177.3217010498047,1.2999999523162842,11,1.0,35.29999923706055,1.0,1000.0,ATTENTION,4
test_39,test,39,A2,177.3217010498047,1.399999976158142,12,1.0,35.20000076293945,1.0,1000.0,ATTENTION,4
test_39,test,39,A2,177.3217010498047,1.5,13,1.0,35.099998474121094,1.0,1000.0,ATTENTION,4
test_39,test,39,A2,177.3217010498047,1.600000023841858,14,1.0,35.0,1.0,1000.0,ATTENTION,4
test_39,test,39,A2,177.3217010498047,1.7000000476837158,15,1.0,34.900001525878906,1.0,1000.0,ATTENTION,4
test_39,test,39,A2,177.3217010498047,1.7999999523162842,16,1.0,34.79999923706055,1.0,1000.0,ATTENTION,4
test_39,test,39,A2,177.3217010498047,1.899999976158142,17,1.0,34.70000076293945,1.0,1000.0,ATTENTION,4
test_39,test,39,A2,177.3217010498047,2.0,18,1.0,34.599998474121094,1.0,1000.0,ATTENTION,4
test_39,test,39,A2,177.3217010498047,2.0999999046325684,19,1.0,34.5,1.0,1000.0,ATTENTION,4
test_39,test,39,A2,177.3217010498047,2.200000047683716,20,1.0,34.400001525878906,1.0,1000.0,ATTENTION,4
test_39,test,39,A2,177.3217010498047,2.299999952316284,21,1.0,34.29999923706055,1.0,1000.0,ATTENTION,4
test_39,test,39,A2,177.3217010498047,2.4000000953674316,22,1.0,34.20000076293945,1.0,1000.0,ATTENTION,4
test_39,test,39,A2,177.3217010498047,2.5,23,1.0,34.099998474121094,1.0,1000.0,ATTENTION,4
test_39,test,39,A2,177.3217010498047,2.5999999046325684,24,1.0,34.0,1.0,1000.0,ATTENTION,4
test_39,test,39,A2,177.3217010498047,2.700000047683716,25,1.0,33.900001525878906,1.0,1000.0,ATTENTION,4
test_39,test,39,A2,177.3217010498047,2.799999952316284,26,1.0,33.79999923706055,1.0,1000.0,ATTENTION,4
test_39,test,39,A2,177.3217010498047,2.9000000953674316,27,1.0,33.70000076293945,1.0,1000.0,ATTENTION,4
test_39,test,39,A2,177.3217010498047,3.0,28,1.0,33.599998474121094,1.0,1000.0,ATTENTION,4
test_39,test,39,A2,177.3217010498047,3.0999999046325684,29,1.0,33.5,1.0,1000.0,ATTENTION,4
test_39,test,39,A2,177.3217010498047,3.200000047683716,30,1.0,33.400001525878906,1.0,1000.0,ATTENTION,4
test_39,test,39,A2,177.3217010498047,3.299999952316284,31,1.0,33.29999923706055,1.0,1000.0,ATTENTION,4
test_39,test,39,A2,177.3217010498047,3.4000000953674316,32,1.0,33.20000076293945,1.0,1000.0,ATTENTION,4
test_39,test,39,A2,177.3217010498047,3.5,33,1.0,33.099998474121094,1.0,1000.0,ATTENTION,4
test_39,test,39,A2,177.3217010498047,3.5999999046325684,34,1.0,33.0,1.0,1000.0,ATTENTION,4
test_39,test,39,A2,177.3217010498047,3.700000047683716,35,1.0,32.900001525878906,1.0,1000.0,ATTENTION,4
test_39,test,39,A2,177.3217010498047,3.799999952316284,36,1.0,32.79999923706055,1.0,1000.0,ATTENTION,4
test_39,test,39,A2,177.3217010498047,3.9000000953674316,37,1.0,32.70000076293945,1.0,1000.0,ATTENTION,4
test_39,test,39,A2,177.3217010498047,4.0,38,1.0,32.599998474121094,1.0,1000.0,ATTENTION,4
test_39,test,39,A2,177.3217010498047,4.099999904632568,39,1.0,32.5,1.0,1000.0,ATTENTION,4
test_39,test,39,A2,177.3217010498047,4.199999809265137,40,1.0,32.400001525878906,1.0,1000.0,ATTENTION,4
test_39,test,39,A2,177.3217010498047,4.300000190734863,41,1.0,32.29999923706055,1.0,1000.0,ATTENTION,4
test_39,test,39,A2,177.3217010498047,4.400000095367432,42,1.0,32.20000076293945,1.0,1000.0,ATTENTION,4
test_39,test,39,A2,177.3217010498047,4.5,43,1.0,32.099998474121094,1.0,1000.0,ATTENTION,4
test_39,test,39,A2,177.3217010498047,4.599999904632568,44,1.0,32.0,1.0,1000.0,ATTENTION,4
test_39,test,39,A2,177.3217010498047,4.699999809265137,45,1.0,31.899999618530273,1.0,1000.0,ATTENTION,4
test_39,test,39,A2,177.3217010498047,4.800000190734863,46,1.0,31.799999237060547,1.0,1000.0,ATTENTION,4
test_39,test,39,A2,177.3217010498047,4.900000095367432,47,1.0,31.700000762939453,1.0,1000.0,ATTENTION,4
test_39,test,39,A2,177.3217010498047,5.0,48,1.0,31.600000381469727,1.0,1000.0,ATTENTION,4
test_39,test,39,A2,177.3217010498047,5.099999904632568,49,1.0,31.5,1.0,1000.0,ATTENTION,4
test_39,test,39,A2,177.3217010498047,5.199999809265137,50,1.0,31.399999618530273,1.0,1000.0,ATTENTION,4
test_39,test,39,A2,177.3217010498047,5.300000190734863,51,1.0,31.299999237060547,1.0,1000.0,ATTENTION,4
test_39,test,39,A2,177.3217010498047,5.400000095367432,52,1.0,31.200000762939453,1.0,1000.0,ATTENTION,4
test_39,test,39,A2,177.3217010498047,5.5,53,1.0,31.100000381469727,1.0,1000.0,ATTENTION,4
test_39,test,39,A2,177.3217010498047,5.599999904632568,54,1.0,31.0,1.0,1000.0,ATTENTION,4
test_39,test,39,A2,177.3217010498047,5.699999809265137,55,1.0,30.899999618530273,1.0,1000.0,ATTENTION,4
test_39,test,39,A2,177.3217010498047,5.800000190734863,56,1.0,30.799999237060547,1.0,1000.0,ATTENTION,4
test_39,test,39,A2,177.3217010498047,5.900000095367432,57,1.0,30.700000762939453,1.0,1000.0,ATTENTION,4
test_39,test,39,A2,177.3217010498047,6.0,58,1.0,30.600000381469727,1.0,1000.0,ATTENTION,4
test_39,test,39,A2,177.3217010498047,6.099999904632568,59,1.0,30.5,1.0,1000.0,ATTENTION,4
test_39,test,39,A2,177.3217010498047,6.199999809265137,60,1.0,30.399999618530273,1.0,1000.0,ATTENTION,4
test_39,test,39,A2,177.3217010498047,6.300000190734863,61,1.0,30.299999237060547,1.0,1000.0,ATTENTION,4
test_39,test,39,A2,177.3217010498047,6.400000095367432,62,1.0,30.200000762939453,1.0,1000.0,ATTENTION,4
test_39,test,39,A2,177.3217010498047,6.5,63,1.0,30.100000381469727,1.0,1000.0,ATTENTION,4
test_39,test,39,A2,177.3217010498047,6.599999904632568,64,1.0,30.0,1.0,1000.0,ATTENTION,4
test_39,test,39,A2,177.3217010498047,6.699999809265137,65,1.0,29.899999618530273,1.0,1000.0,ATTENTION,4
test_39,test,39,A2,177.3217010498047,6.800000190734863,66,1.0,29.799999237060547,1.0,1000.0,ATTENTION,4
test_39,test,39,A2,177.3217010498047,6.900000095367432,67,1.0,29.700000762939453,0.99991083,999.9108276367188,ATTENTION,4
test_39,test,39,A2,177.3217010498047,7.0,68,1.0,29.600000381469727,1.0,1000.0,ATTENTION,4
test_39,test,39,A2,177.3217010498047,7.099999904632568,69,1.0,29.5,1.0,1000.0,ATTENTION,4
test_39,test,39,A2,177.3217010498047,7.199999809265137,70,1.0,29.399999618530273,1.0,1000.0,ATTENTION,4
test_39,test,39,A2,177.3217010498047,7.300000190734863,71,1.0,29.299999237060547,1.0,1000.0,ATTENTION,4
test_39,test,39,A2,177.3217010498047,7.400000095367432,72,1.0,29.200000762939453,1.0,1000.0,ATTENTION,4
test_39,test,39,A2,177.3217010498047,7.5,73,1.0,29.100000381469727,1.0,1000.0,ATTENTION,4
test_39,test,39,A2,177.3217010498047,7.599999904632568,74,1.0,29.0,1.0,1000.0,ATTENTION,4
test_39,test,39,A2,177.3217010498047,7.699999809265137,75,1.0,28.899999618530273,0.9998442,999.8441772460938,ATTENTION,4
test_39,test,39,A2,177.3217010498047,7.800000190734863,76,1.0,28.799999237060547,0.9998891,999.8890991210938,ATTENTION,4
test_39,test,39,A2,177.3217010498047,7.900000095367432,77,1.0,28.700000762939453,0.99992186,999.921875,ATTENTION,4
test_39,test,39,A2,177.3217010498047,8.0,78,1.0,28.600000381469727,0.9998403,999.84033203125,ATTENTION,4
test_39,test,39,A2,177.3217010498047,8.100000381469727,79,1.0,28.5,0.9998102,999.8102416992188,ATTENTION,4
test_39,test,39,A2,177.3217010498047,8.199999809265137,80,1.0,28.399999618530273,0.9998255,999.8255004882812,ATTENTION,4
test_39,test,39,A2,177.3217010498047,8.300000190734863,81,1.0,28.299999237060547,0.99980694,999.8069458007812,ATTENTION,4
test_39,test,39,A2,177.3217010498047,8.399999618530273,82,1.0,28.200000762939453,0.99987197,999.8719482421875,ATTENTION,4
test_39,test,39,A2,177.3217010498047,8.5,83,1.0,28.100000381469727,1.0,1000.0,ATTENTION,4
test_39,test,39,A2,177.3217010498047,8.600000381469727,84,1.0,28.0,1.0,1000.0,ATTENTION,4
test_39,test,39,A2,177.3217010498047,8.699999809265137,85,1.0,27.899999618530273,0.9993696,436.5505676269531,ATTENTION,4
test_39,test,39,A2,177.3217010498047,8.800000190734863,86,1.0,27.799999237060547,0.99816775,168.4597930908203,ATTENTION,4
test_39,test,39,A2,177.3217010498047,8.899999618530273,87,1.0,27.700000762939453,0.9984137,240.71615600585938,ATTENTION,4
test_39,test,39,A2,177.3217010498047,9.0,88,1.0,27.600000381469727,0.99719524,136.65538024902344,ATTENTION,4
test_39,test,39,A2,177.3217010498047,9.100000381469727,89,1.0,27.5,0.9983828,195.45448303222656,ATTENTION,4
test_39,test,39,A2,177.3217010498047,9.199999809265137,90,1.0,27.399999618530273,0.9971622,131.2908172607422,ATTENTION,4
test_39,test,39,A2,177.3217010498047,9.300000190734863,91,1.0,27.299999237060547,0.9987413,217.6796112060547,ATTENTION,4
test_39,test,39,A2,177.3217010498047,9.399999618530273,92,1.0,27.200000762939453,0.99900144,311.05181884765625,ATTENTION,4
test_39,test,39,A2,177.3217010498047,9.5,93,1.0,27.100000381469727,0.99976087,662.21630859375,ATTENTION,4
test_39,test,39,A2,177.3217010498047,9.600000381469727,94,1.0,27.0,0.99661535,80.37374114990234,ATTENTION,4
test_39,test,39,A2,177.3217010498047,9.699999809265137,95,1.0,26.899999618530273,0.99606615,100.40467834472656,ATTENTION,4
test_39,test,39,A2,177.3217010498047,9.800000190734863,96,1.0,26.799999237060547,0.99737334,143.62347412109375,ATTENTION,4
test_39,test,39,A2,177.3217010498047,9.899999618530273,97,1.0,26.700000762939453,0.99605125,103.44706726074219,ATTENTION,4
test_39,test,39,A2,177.3217010498047,10.0,98,1.0,26.600000381469727,0.9981158,148.08782958984375,ATTENTION,4
test_39,test,39,A2,177.3217010498047,10.100000381469727,99,1.0,26.5,0.99588954,91.8753890991211,ATTENTION,4
test_39,test,39,A2,177.3217010498047,10.199999809265137,100,1.0,26.399999618530273,0.9963733,137.3390655517578,ATTENTION,4
test_39,test,39,A2,177.3217010498047,10.300000190734863,101,1.0,26.299999237060547,0.99424535,77.96830749511719,ATTENTION,4
test_39,test,39,A2,177.3217010498047,10.399999618530273,102,1.0,26.200000762939453,0.99456245,122.40681457519531,ATTENTION,4
test_39,test,39,A2,177.3217010498047,10.5,103,1.0,26.100000381469727,0.9945328,171.63792419433594,ATTENTION,4
test_39,test,39,A2,177.3217010498047,10.600000381469727,104,1.0,26.0,0.9957366,367.8653259277344,ATTENTION,4
test_39,test,39,A2,177.3217010498047,10.699999809265137,105,1.0,25.899999618530273,0.99714845,526.26708984375,ATTENTION,4
test_39,test,39,A2,177.3217010498047,10.800000190734863,106,1.0,25.799999237060547,0.9950113,128.50018310546875,ATTENTION,4
test_39,test,39,A2,177.3217010498047,10.899999618530273,107,1.0,25.700000762939453,0.99578583,183.714599609375,ATTENTION,4
test_39,test,39,A2,177.3217010498047,11.0,108,0.9999182820320129,25.600000381469727,0.99354255,83.73245239257812,ATTENTION,4
test_39,test,39,A2,177.3217010498047,11.100000381469727,109,0.9999182820320129,25.5,0.9939957,119.67236328125,ATTENTION,4
test_39,test,39,A2,177.3217010498047,11.199999809265137,110,0.9997609257698059,25.399999618530273,0.993835,155.43553161621094,ATTENTION,4
test_39,test,39,A2,177.3217010498047,11.300000190734863,111,0.999446451663971,25.299999237060547,0.993598,246.24151611328125,ATTENTION,4
test_39,test,39,A2,177.3217010498047,11.399999618530273,112,0.9975593090057373,25.200000762939453,0.99234074,134.8611602783203,ATTENTION,4
test_39,test,39,A2,177.3217010498047,11.5,113,1.0,25.100000381469727,0.99570966,262.6387023925781,ATTENTION,4
test_39,test,39,A2,177.3217010498047,11.600000381469727,114,1.0,25.0,0.99391294,108.82731628417969,ATTENTION,4
test_39,test,39,A2,177.3217010498047,11.699999809265137,115,0.9942569732666016,24.899999618530273,0.9893401,43.419708251953125,ATTENTION,4
test_39,test,39,A2,177.3217010498047,11.800000190734863,116,0.9923698902130127,24.799999237060547,0.98913807,59.82135772705078,ATTENTION,4
test_39,test,39,A2,177.3217010498047,11.899999618530273,117,0.9923698902130127,24.700000762939453,0.98937273,91.5032958984375,ATTENTION,4
test_39,test,39,A2,177.3217010498047,12.0,118,0.9922126531600952,24.600000381469727,0.9892349,122.6480941772461,ATTENTION,4
test_39,test,39,A2,177.3217010498047,12.100000381469727,119,0.9911118745803833,24.5,0.9883936,130.20835876464844,ATTENTION,4
test_39,test,39,A2,177.3217010498047,12.199999809265137,120,0.9867086410522461,24.399999618530273,0.9848318,64.00730895996094,ATTENTION,4
test_39,test,39,A2,177.3217010498047,12.300000190734863,121,0.9867086410522461,24.299999237060547,0.985576,92.56056213378906,ATTENTION,4
test_39,test,39,A2,177.3217010498047,12.399999618530273,122,0.985607922077179,24.200000762939453,0.9846215,90.3708267211914,ATTENTION,4
test_39,test,39,A2,177.3217010498047,12.5,123,0.9890674948692322,24.100000381469727,0.98738503,130.89698791503906,ATTENTION,4
test_39,test,39,A2,177.3217010498047,12.600000381469727,124,0.9890674948692322,24.0,0.98704803,164.9032745361328,ATTENTION,4
test_39,test,39,A2,177.3217010498047,12.699999809265137,125,0.9868659973144531,23.899999618530273,0.9851506,111.02059173583984,ATTENTION,4
test_39,test,39,A2,177.3217010498047,12.800000190734863,126,0.9889102578163147,23.799999237060547,0.98708105,158.91165161132812,ATTENTION,4
test_39,test,39,A2,177.3217010498047,12.899999618530273,127,0.9867086410522461,23.700000762939453,0.9849993,87.34942626953125,ATTENTION,4
test_39,test,39,A2,177.3217010498047,13.0,128,0.985607922077179,23.600000381469727,0.98437893,97.16829681396484,ATTENTION,4
test_39,test,39,A2,177.3217010498047,13.100000381469727,129,0.9801039099693298,23.5,0.9795098,40.06868362426758,ATTENTION,4
test_39,test,39,A2,177.3217010498047,13.199999809265137,130,0.9801039099693298,23.399999618530273,0.9805128,61.42777633666992,ATTENTION,4
test_39,test,39,A2,177.3217010498047,13.300000190734863,131,0.9802611470222473,23.299999237060547,0.9806229,87.76382446289062,ATTENTION,4
test_39,test,39,A2,177.3217010498047,13.399999618530273,132,0.9780595898628235,23.200000762939453,0.9784984,68.80770111083984,ATTENTION,4
test_39,test,39,A2,177.3217010498047,13.5,133,0.9823055267333984,23.100000381469727,0.9825027,102.5732192993164,ATTENTION,4
test_39,test,39,A2,177.3217010498047,13.600000381469727,134,0.9834063053131104,23.0,0.9829514,261.8467102050781,ATTENTION,4
test_39,test,39,A2,177.3217010498047,13.699999809265137,135,0.9834063053131104,22.899999618530273,0.98272765,286.12384033203125,ATTENTION,4
test_39,test,39,A2,177.3217010498047,13.800000190734863,136,0.9832490682601929,22.799999237060547,0.9825398,318.8280944824219,ATTENTION,4
test_39,test,39,A2,177.3217010498047,13.899999618530273,137,0.9823055267333984,22.700000762939453,0.98166955,244.94483947753906,ATTENTION,4
test_39,test,39,A2,177.3217010498047,14.0,138,0.9823055267333984,22.600000381469727,0.98182684,349.977294921875,ATTENTION,4
test_39,test,39,A2,177.3217010498047,14.100000381469727,139,0.9805756211280823,22.5,0.9802015,125.2662582397461,ATTENTION,4
test_39,test,39,A2,177.3217010498047,14.199999809265137,140,0.9775877594947815,22.399999618530273,0.97765505,67.31094360351562,ATTENTION,4
test_39,test,39,A2,177.3217010498047,14.300000190734863,141,0.9736563563346863,22.299999237060547,0.9743305,44.20357894897461,ATTENTION,4
test_39,test,39,A2,177.3217010498047,14.399999618530273,142,0.9736563563346863,22.200000762939453,0.9750209,65.42929077148438,ATTENTION,4
test_39,test,39,A2,177.3217010498047,14.5,143,0.9714548587799072,22.100000381469727,0.9727829,52.57821273803711,ATTENTION,4
test_39,test,39,A2,177.3217010498047,14.600000381469727,144,0.9714548587799072,22.0,0.97315335,81.32614135742188,ATTENTION,4
test_39,test,39,A2,177.3217010498047,14.699999809265137,145,0.9681524038314819,21.899999618530273,0.96967673,50.06110382080078,ATTENTION,4
test_39,test,39,A2,177.3217010498047,14.800000190734863,146,0.9648500084877014,21.799999237060547,0.9668205,44.260562896728516,ATTENTION,4
test_39,test,39,A2,177.3217010498047,14.899999618530273,147,0.9683097004890442,21.700000762939453,0.9709532,63.499656677246094,ATTENTION,4
test_39,test,39,A2,177.3217010498047,15.0,148,0.9629629254341125,21.600000381469727,0.96474946,30.41612434387207,ATTENTION,4
test_39,test,39,A2,177.3217010498047,15.100000381469727,149,0.9615476131439209,21.5,0.9641931,39.82774353027344,ATTENTION,4
test_39,test,39,A2,177.3217010498047,15.199999809265137,150,0.9648500084877014,21.399999618530273,0.96786755,65.22337341308594,ATTENTION,4
test_39,test,39,A2,177.3217010498047,15.300000190734863,151,0.9626485109329224,21.299999237060547,0.9648683,49.55184555053711,ATTENTION,4
test_39,test,39,A2,177.3217010498047,15.399999618530273,152,0.9595033526420593,21.200000762939453,0.96189594,39.50471496582031,ATTENTION,4
test_39,test,39,A2,177.3217010498047,15.5,153,0.9528985619544983,21.100000381469727,0.95532334,25.829618453979492,ATTENTION,4
test_39,test,39,A2,177.3217010498047,15.600000381469727,154,0.9484953284263611,21.0,0.951547,24.29252052307129,ATTENTION,4
test_39,test,39,A2,177.3217010498047,15.699999809265137,155,0.9455074667930603,20.899999618530273,0.9488654,25.58323097229004,ATTENTION,4
test_39,test,39,A2,177.3217010498047,15.800000190734863,156,0.9451929926872253,20.799999237060547,0.9489583,39.302825927734375,ATTENTION,4
test_39,test,39,A2,177.3217010498047,15.899999618530273,157,0.9433058500289917,20.700000762939453,0.94678,41.24537658691406,ATTENTION,4
test_39,test,39,A2,177.3217010498047,16.0,158,0.9412615895271301,20.600000381469727,0.9446712,47.97861099243164,ATTENTION,4
test_39,test,39,A2,177.3217010498047,16.100000381469727,159,0.9387454390525818,20.5,0.94209164,45.30158996582031,ATTENTION,4
test_39,test,39,A2,177.3217010498047,16.200000762939453,160,0.9310399293899536,20.399999618530273,0.9340666,22.308273315429688,ATTENTION,4
test_39,test,39,A2,177.3217010498047,16.299999237060547,161,0.9277375340461731,20.299999237060547,0.9311516,23.38332748413086,ATTENTION,4
test_39,test,39,A2,177.3217010498047,16.399999618530273,162,0.9267939925193787,20.200000762939453,0.93043864,31.94557762145996,ATTENTION,4
test_39,test,39,A2,177.3217010498047,16.5,163,0.9245923757553101,20.100000381469727,0.92795384,33.05821990966797,ATTENTION,4
test_39,test,39,A2,177.3217010498047,16.600000381469727,164,0.9245923757553101,20.0,0.9281914,51.321571350097656,ATTENTION,4
test_39,test,39,A2,177.3217010498047,16.700000762939453,165,0.9277375340461731,19.899999618530273,0.931754,119.5124282836914,ATTENTION,4
test_39,test,39,A2,177.3217010498047,16.799999237060547,166,0.9277375340461731,19.799999237060547,0.9309534,141.5299835205078,ATTENTION,4
test_39,test,39,A2,177.3217010498047,16.899999618530273,167,0.9277375340461731,19.700000762939453,0.93080986,198.47137451171875,ATTENTION,4
test_39,test,39,A2,177.3217010498047,17.0,168,0.9245923757553101,19.600000381469727,0.9271121,61.352134704589844,ATTENTION,4
test_39,test,39,A2,177.3217010498047,17.100000381469727,169,0.9245923757553101,19.5,0.92743397,87.67634582519531,ATTENTION,4
test_39,test,39,A2,177.3217010498047,17.200000762939453,170,0.9245923757553101,19.399999618530273,0.927289,116.97441864013672,ATTENTION,4
test_39,test,39,A2,177.3217010498047,17.299999237060547,171,0.9223907589912415,19.299999237060547,0.92465395,63.47988510131836,ATTENTION,4
test_39,test,39,A2,177.3217010498047,17.399999618530273,172,0.9190884232521057,19.200000762939453,0.9211675,40.612831115722656,ATTENTION,4
test_39,test,39,A2,177.3217010498047,17.5,173,0.9157860279083252,19.100000381469727,0.91781586,35.681732177734375,ATTENTION,4
test_39,test,39,A2,177.3217010498047,17.600000381469727,174,0.9124836325645447,19.0,0.91442704,30.253053665161133,ATTENTION,4
test_39,test,39,A2,177.3217010498047,17.700000762939453,175,0.9190884232521057,18.899999618530273,0.92263436,43.78837585449219,ATTENTION,4
test_39,test,39,A2,177.3217010498047,17.799999237060547,176,0.9190884232521057,18.799999237060547,0.92113405,49.6236572265625,ATTENTION,4
test_39,test,39,A2,177.3217010498047,17.899999618530273,177,0.9157860279083252,18.700000762939453,0.9173567,37.440162658691406,ATTENTION,4
test_39,test,39,A2,177.3217010498047,18.0,178,0.9121691584587097,18.600000381469727,0.91368186,32.20380783081055,ATTENTION,4
test_39,test,39,A2,177.3217010498047,18.100000381469727,179,0.9091812968254089,18.5,0.9106272,31.595060348510742,ATTENTION,4
test_39,test,39,A2,177.3217010498047,18.200000762939453,180,0.9091812968254089,18.399999618530273,0.91087997,45.14833450317383,ATTENTION,4
test_39,test,39,A2,177.3217010498047,18.299999237060547,181,0.9038345217704773,18.299999237060547,0.90507865,26.515941619873047,ATTENTION,4
test_39,test,39,A2,177.3217010498047,18.399999618530273,182,0.900217592716217,18.200000762939453,0.90141356,25.887357711791992,ATTENTION,4
test_39,test,39,A2,177.3217010498047,18.5,183,0.8961290121078491,18.100000381469727,0.8972619,24.173023223876953,ATTENTION,4
test_39,test,39,A2,177.3217010498047,18.600000381469727,184,0.8895241618156433,18.0,0.8907168,18.660137176513672,ATTENTION,4
test_39,test,39,A2,177.3217010498047,18.700000762939453,185,0.886379063129425,17.899999618530273,0.88752407,19.75490951538086,ATTENTION,4
test_39,test,39,A2,177.3217010498047,18.799999237060547,186,0.882919430732727,17.799999237060547,0.8840456,21.8410587310791,ATTENTION,4
test_39,test,39,A2,177.3217010498047,18.899999618530273,187,0.8774154782295227,17.700000762939453,0.87860584,19.213623046875,ATTENTION,4
test_39,test,39,A2,177.3217010498047,19.0,188,0.8752138614654541,17.600000381469727,0.87630117,23.17986488342285,ATTENTION,4
test_39,test,39,A2,177.3217010498047,19.100000381469727,189,0.8741130828857422,17.5,0.87514675,32.82719421386719,ATTENTION,4
test_39,test,39,A2,177.3217010498047,19.200000762939453,190,0.8709679245948792,17.399999618530273,0.87194395,30.83696174621582,ATTENTION,4
test_39,test,39,A2,177.3217010498047,19.299999237060547,191,0.8709679245948792,17.299999237060547,0.8719158,49.02149200439453,ATTENTION,4
test_39,test,39,A2,177.3217010498047,19.399999618530273,192,0.8665646910667419,17.200000762939453,0.86753464,34.76751708984375,ATTENTION,4
test_39,test,39,A2,177.3217010498047,19.5,193,0.8632624745368958,17.100000381469727,0.86421525,30.820968627929688,ATTENTION,4
test_39,test,39,A2,177.3217010498047,19.600000381469727,194,0.8599599599838257,17.0,0.8609061,27.896072387695312,ATTENTION,4
test_39,test,39,A2,177.3217010498047,19.700000762939453,195,0.8599599599838257,16.899999618530273,0.86082417,43.13340759277344,ATTENTION,4
test_39,test,39,A2,177.3217010498047,19.799999237060547,196,0.8621615171432495,16.799999237060547,0.8630272,61.85234451293945,ATTENTION,4
test_39,test,39,A2,177.3217010498047,19.899999618530273,197,0.8621615171432495,16.700000762939453,0.8628267,110.12666320800781,ATTENTION,4
test_39,test,39,A2,177.3217010498047,20.0,198,0.8599599599838257,16.600000381469727,0.86053234,73.26019287109375,ATTENTION,4
test_39,test,39,A2,177.3217010498047,20.100000381469727,199,0.854613184928894,16.5,0.8553234,34.211944580078125,ATTENTION,4
test_39,test,39,A2,177.3217010498047,20.200000762939453,200,0.8447060585021973,16.399999618530273,0.8459492,16.504751205444336,ATTENTION,4
test_39,test,39,A2,177.3217010498047,20.299999237060547,201,0.8403029441833496,16.299999237060547,0.8410666,15.725181579589844,ATTENTION,4
test_39,test,39,A2,177.3217010498047,20.399999618530273,202,0.8392021059989929,16.200000762939453,0.8397656,19.98981285095215,ATTENTION,4
test_39,test,39,A2,177.3217010498047,20.5,203,0.8370005488395691,16.100000381469727,0.83755064,23.26299476623535,ATTENTION,4
test_39,test,39,A2,177.3217010498047,20.600000381469727,204,0.8370005488395691,16.0,0.83744895,37.365821838378906,ATTENTION,4
test_39,test,39,A2,177.3217010498047,20.700000762939453,205,0.835899829864502,15.899999618530273,0.8363457,59.800559997558594,ATTENTION,4
test_39,test,39,A2,177.3217010498047,20.799999237060547,206,0.8336980938911438,15.800000190734863,0.83415055,56.56609344482422,ATTENTION,4
test_39,test,39,A2,177.3217010498047,20.899999618530273,207,0.8302386403083801,15.699999809265137,0.83062875,37.35865020751953,ATTENTION,4
test_39,test,39,A2,177.3217010498047,21.0,208,0.8283514380455017,15.600000381469727,0.8286,38.4730224609375,ATTENTION,4
test_39,test,39,A2,177.3217010498047,21.100000381469727,209,0.8283514380455017,15.5,0.8285017,53.9079475402832,ATTENTION,4
test_39,test,39,A2,177.3217010498047,21.200000762939453,210,0.827250599861145,15.399999618530273,0.82739735,58.797874450683594,ATTENTION,4
test_39,test,39,A2,177.3217010498047,21.299999237060547,211,0.8212749361991882,15.300000190734863,0.8216578,28.122371673583984,ATTENTION,4
test_39,test,39,A2,177.3217010498047,21.399999618530273,212,0.8168716430664062,15.199999809265137,0.8170934,23.49510955810547,ATTENTION,4
test_39,test,39,A2,177.3217010498047,21.5,213,0.8127831220626831,15.100000381469727,0.8129514,21.364927291870117,ATTENTION,4
test_39,test,39,A2,177.3217010498047,21.600000381469727,214,0.8061782717704773,15.0,0.80646235,16.137025833129883,ATTENTION,4
test_39,test,39,A2,177.3217010498047,21.700000762939453,215,0.8061782717704773,14.899999618530273,0.8060867,22.59949493408203,ATTENTION,4
test_39,test,39,A2,177.3217010498047,21.799999237060547,216,0.8006742596626282,14.800000190734863,0.8008058,19.757078170776367,ATTENTION,4
test_39,test,39,A2,177.3217010498047,21.899999618530273,217,0.7931260466575623,14.699999809265137,0.793325,15.087166786193848,ATTENTION,4
test_39,test,39,A2,177.3217010498047,22.0,218,0.7918679714202881,14.600000381469727,0.7916481,19.62211799621582,ATTENTION,4
test_39,test,39,A2,177.3217010498047,22.100000381469727,219,0.7918679714202881,14.5,0.79159796,32.32435989379883,ATTENTION,4
test_39,test,39,A2,177.3217010498047,22.200000762939453,220,0.7865211963653564,14.399999618530273,0.7863973,22.047182083129883,ATTENTION,4
test_39,test,39,A2,177.3217010498047,22.299999237060547,221,0.7887227535247803,14.300000190734863,0.78843343,36.22056198120117,ATTENTION,4
test_39,test,39,A2,177.3217010498047,22.399999618530273,222,0.7887227535247803,14.199999809265137,0.7884271,73.5049819946289,ATTENTION,4
test_39,test,39,A2,177.3217010498047,22.5,223,0.7843196392059326,14.100000381469727,0.78407305,35.329673767089844,ATTENTION,4
test_39,test,39,A2,177.3217010498047,22.600000381469727,224,0.779916524887085,14.0,0.7795962,24.632898330688477,ATTENTION,4
test_39,test,39,A2,177.3217010498047,22.700000762939453,225,0.7780293822288513,13.899999618530273,0.7775694,29.553255081176758,ATTENTION,4
test_39,test,39,A2,177.3217010498047,22.799999237060547,226,0.772210955619812,13.800000190734863,0.7718224,19.718658447265625,ATTENTION,4
test_39,test,39,A2,177.3217010498047,22.899999618530273,227,0.771267294883728,13.699999809265137,0.7706838,24.465269088745117,ATTENTION,4
test_39,test,39,A2,177.3217010498047,23.0,228,0.7690657377243042,13.600000381469727,0.7684029,27.8032169342041,ATTENTION,4
test_39,test,39,A2,177.3217010498047,23.100000381469727,229,0.7657632827758789,13.5,0.76501894,26.53049659729004,ATTENTION,4
test_39,test,39,A2,177.3217010498047,23.200000762939453,230,0.7569570541381836,13.399999618530273,0.75642973,15.149882316589355,ATTENTION,4
test_39,test,39,A2,177.3217010498047,23.299999237060547,231,0.751610279083252,13.300000190734863,0.7506297,14.3296537399292,ATTENTION,4
test_39,test,39,A2,177.3217010498047,23.399999618530273,232,0.7492514252662659,13.199999809265137,0.7481221,16.617290496826172,ATTENTION,4
test_39,test,39,A2,177.3217010498047,23.5,233,0.7475215196609497,13.100000381469727,0.74640393,20.54630470275879,ATTENTION,4
test_39,test,39,A2,177.3217010498047,23.600000381469727,234,0.7459490895271301,13.0,0.74480295,25.54906463623047,ATTENTION,4
test_39,test,39,A2,177.3217010498047,23.700000762939453,235,0.7373000383377075,12.899999618530273,0.7363486,16.1170597076416,ATTENTION,4
test_39,test,39,A2,177.3217010498047,23.799999237060547,236,0.73714280128479,12.800000190734863,0.7358419,24.290462493896484,ATTENTION,4
test_39,test,39,A2,177.3217010498047,23.899999618530273,237,0.7373000383377075,12.699999809265137,0.73601025,37.38823318481445,ATTENTION,4
test_39,test,39,A2,177.3217010498047,24.0,238,0.7373000383377075,12.600000381469727,0.7360363,57.78002166748047,ATTENTION,4
test_39,test,39,A2,177.3217010498047,24.100000381469727,239,0.736199140548706,12.5,0.73492205,61.42383575439453,ATTENTION,4
test_39,test,39,A2,177.3217010498047,24.200000762939453,240,0.7273929119110107,12.399999618530273,0.72628564,21.11605453491211,ATTENTION,4
test_39,test,39,A2,177.3217010498047,24.299999237060547,241,0.7218888998031616,12.300000190734863,0.72036076,15.96017837524414,ATTENTION,4
test_39,test,39,A2,177.3217010498047,24.399999618530273,242,0.7185864448547363,12.199999809265137,0.7169385,16.318037033081055,ATTENTION,4
test_39,test,39,A2,177.3217010498047,24.5,243,0.71654212474823,12.100000381469727,0.7149017,18.76401138305664,ATTENTION,4
test_39,test,39,A2,177.3217010498047,24.600000381469727,244,0.715283989906311,12.0,0.7136688,23.444936752319336,ATTENTION,4
test_39,test,39,A2,177.3217010498047,24.700000762939453,245,0.7099373936653137,11.899999618530273,0.70825887,19.9046688079834,ATTENTION,4
test_39,test,39,A2,177.3217010498047,24.799999237060547,246,0.7044333815574646,11.800000190734863,0.7026881,16.970897674560547,ATTENTION,4
test_39,test,39,A2,177.3217010498047,24.899999618530273,247,0.7044333815574646,11.699999809265137,0.702718,26.113937377929688,ATTENTION,4
test_39,test,39,A2,177.3217010498047,25.0,248,0.6978285312652588,11.600000381469727,0.696106,16.795618057250977,ATTENTION,4
test_39,test,39,A2,177.3217010498047,25.100000381469727,249,0.6902803182601929,11.5,0.6886147,12.457094192504883,ATTENTION,4
test_39,test,39,A2,177.3217010498047,25.200000762939453,250,0.6891794800758362,11.399999618530273,0.68739784,17.269304275512695,ATTENTION,4
test_39,test,39,A2,177.3217010498047,25.299999237060547,251,0.6847763657569885,11.300000190734863,0.6829114,16.793437957763672,ATTENTION,4
test_39,test,39,A2,177.3217010498047,25.399999618530273,252,0.6762844920158386,11.199999809265137,0.6746801,11.602736473083496,ATTENTION,4
test_39,test,39,A2,177.3217010498047,25.5,253,0.6663773655891418,11.100000381469727,0.66491985,9.248780250549316,ATTENTION,4
test_39,test,39,A2,177.3217010498047,25.600000381469727,254,0.659772515296936,11.0,0.6580539,9.328295707702637,ATTENTION,4
test_39,test,39,A2,177.3217010498047,25.700000762939453,255,0.6555265784263611,10.899999618530273,0.653806,10.221880912780762,ATTENTION,4
test_39,test,39,A2,177.3217010498047,25.799999237060547,256,0.6553694009780884,10.800000190734863,0.6538141,15.5470552444458,ATTENTION,4
test_39,test,39,A2,177.3217010498047,25.899999618530273,257,0.6553694009780884,10.699999809265137,0.65388685,26.744972229003906,ATTENTION,4
test_39,test,39,A2,177.3217010498047,26.0,258,0.6542685627937317,10.600000381469727,0.6528015,43.19565200805664,ATTENTION,4
test_39,test,39,A2,177.3217010498047,26.100000381469727,259,0.6528531908988953,10.5,0.6513922,56.64479446411133,ATTENTION,4
test_39,test,39,A2,177.3217010498047,26.200000762939453,260,0.6508088707923889,10.399999618530273,0.64938706,51.108970642089844,ATTENTION,4
test_39,test,39,A2,177.3217010498047,26.299999237060547,261,0.6489219069480896,10.300000190734863,0.64756143,41.8388671875,ATTENTION,4
test_39,test,39,A2,177.3217010498047,26.399999618530273,262,0.6487647294998169,10.199999809265137,0.64749503,58.47144317626953,ATTENTION,4
test_39,test,39,A2,177.3217010498047,26.5,263,0.6434178948402405,10.100000381469727,0.64208627,24.140222549438477,ATTENTION,4
test_39,test,39,A2,177.3217010498047,26.600000381469727,264,0.6368129849433899,10.0,0.6356133,15.462594985961914,ATTENTION,4
test_39,test,39,A2,177.3217010498047,26.700000762939453,265,0.6369704008102417,9.899999618530273,0.6359235,23.07474708557129,ATTENTION,4
test_39,test,39,A2,177.3217010498047,26.799999237060547,266,0.6313090324401855,9.800000190734863,0.6301991,16.230636596679688,ATTENTION,4
test_39,test,39,A2,177.3217010498047,26.899999618530273,267,0.6248615980148315,9.699999809265137,0.62398064,12.589570045471191,ATTENTION,4
test_39,test,39,A2,177.3217010498047,27.0,268,0.6138536930084229,9.600000381469727,0.61359555,8.910040855407715,ATTENTION,4
test_39,test,39,A2,177.3217010498047,27.100000381469727,269,0.6105513572692871,9.5,0.60999596,10.652491569519043,ATTENTION,4
test_39,test,39,A2,177.3217010498047,27.200000762939453,270,0.607248842716217,9.399999618530273,0.60680395,11.760936737060547,ATTENTION,4
test_39,test,39,A2,177.3217010498047,27.299999237060547,271,0.605047345161438,9.300000190734863,0.60470927,15.042303085327148,ATTENTION,4
test_39,test,39,A2,177.3217010498047,27.399999618530273,272,0.5962408781051636,9.199999809265137,0.5962558,10.869576454162598,ATTENTION,4
test_39,test,39,A2,177.3217010498047,27.5,273,0.5940393209457397,9.100000381469727,0.5940362,14.810696601867676,ATTENTION,4
test_39,test,39,A2,177.3217010498047,27.600000381469727,274,0.5940393209457397,9.0,0.59415174,22.94517707824707,ATTENTION,4
test_39,test,39,A2,177.3217010498047,27.700000762939453,275,0.5930958390235901,8.899999618530273,0.5932028,30.244895935058594,ATTENTION,4
test_39,test,39,A2,177.3217010498047,27.799999237060547,276,0.5897933840751648,8.800000190734863,0.58989453,24.18616485595703,ATTENTION,4
test_39,test,39,A2,177.3217010498047,27.899999618530273,277,0.5897933840751648,8.699999809265137,0.5899992,49.374813079833984,ATTENTION,4
test_39,test,39,A2,177.3217010498047,28.0,278,0.5842893719673157,8.600000381469727,0.5845766,21.998374938964844,ATTENTION,4
test_39,test,39,A2,177.3217010498047,28.100000381469727,279,0.5746968984603882,8.5,0.57552636,11.2325439453125,ATTENTION,4
test_39,test,39,A2,177.3217010498047,28.200000762939453,280,0.5687209963798523,8.399999618530273,0.5695224,10.001825332641602,ATTENTION,4
test_39,test,39,A2,177.3217010498047,28.299999237060547,281,0.5633742213249207,8.300000190734863,0.5642426,9.917524337768555,ATTENTION,4
test_39,test,39,A2,177.3217010498047,28.399999618530273,282,0.5602292418479919,8.199999809265137,0.56115746,11.013739585876465,ATTENTION,4
test_39,test,39,A2,177.3217010498047,28.5,283,0.5665194392204285,8.100000381469727,0.56788415,17.538663864135742,ATTENTION,4
test_39,test,39,A2,177.3217010498047,28.600000381469727,284,0.5636888742446899,8.0,0.5646496,19.5758056640625,ATTENTION,4
test_39,test,39,A2,177.3217010498047,28.700000762939453,285,0.5592857003211975,7.900000095367432,0.5604366,17.65464210510254,ATTENTION,4
test_39,test,39,A2,177.3217010498047,28.799999237060547,286,0.5471768975257874,7.800000190734863,0.5491644,9.2034330368042,ATTENTION,4
test_39,test,39,A2,177.3217010498047,28.899999618530273,287,0.5493784546852112,7.699999809265137,0.5509118,13.807713508605957,ATTENTION,4
test_39,test,39,A2,177.3217010498047,29.0,288,0.5361688733100891,7.599999904632568,0.5386139,7.4521613121032715,ATTENTION,4
test_39,test,39,A2,177.3217010498047,29.100000381469727,289,0.5207579135894775,7.5,0.5239153,5.15475606918335,ATTENTION,4
test_39,test,39,A2,177.3217010498047,29.200000762939453,290,0.5240601897239685,7.400000095367432,0.5259464,7.667670726776123,ATTENTION,4
test_39,test,39,A2,177.3217010498047,29.299999237060547,291,0.5088064074516296,7.300000190734863,0.51217484,5.637941837310791,ATTENTION,4
test_39,test,39,A2,177.3217010498047,29.399999618530273,292,0.4913509488105774,7.199999809265137,0.4954136,3.994199275970459,ATTENTION,4
test_39,test,39,A2,177.3217010498047,29.5,293,0.4771977365016937,7.099999904632568,0.48084846,3.6457509994506836,ATTENTION,4
test_39,test,39,A2,177.3217010498047,29.600000381469727,294,0.4628874957561493,7.0,0.46674475,3.4760217666625977,ATTENTION,4
test_39,test,39,A2,177.3217010498047,29.700000762939453,295,0.4542384445667267,6.900000095367432,0.45737526,3.579396963119507,ATTENTION,4
test_39,test,39,A2,177.3217010498047,29.799999237060547,296,0.4441739022731781,6.800000190734863,0.44744852,3.8277502059936523,ATTENTION,4
test_39,test,39,A2,177.3217010498047,29.899999618530273,297,0.4355248510837555,6.699999809265137,0.43860993,4.236088752746582,ATTENTION,4
test_39,test,39,A2,177.3217010498047,30.0,298,0.42797648906707764,6.599999904632568,0.43089136,4.709965229034424,ATTENTION,4
test_39,test,39,A2,177.3217010498047,30.100000381469727,299,0.42687585949897766,6.5,0.4290035,6.886157035827637,ATTENTION,4
test_39,test,39,A2,177.3217010498047,30.200000762939453,300,0.42357337474823,6.400000095367432,0.425857,8.642017364501953,ATTENTION,4
test_39,test,39,A2,177.3217010498047,30.299999237060547,301,0.42671844363212585,6.300000190734863,0.4283406,15.041145324707031,ATTENTION,4
test_39,test,39,A2,177.3217010498047,30.399999618530273,302,0.42498868703842163,6.199999809265137,0.42707947,22.33036994934082,ATTENTION,4
test_39,test,39,A2,177.3217010498047,30.5,303,0.42467427253723145,6.099999904632568,0.4265362,39.979408264160156,ATTENTION,4
test_39,test,39,A2,177.3217010498047,30.600000381469727,304,0.41917023062705994,6.0,0.4214981,17.209728240966797,ATTENTION,4
test_39,test,39,A2,177.3217010498047,30.700000762939453,305,0.41492438316345215,5.900000095367432,0.41704485,13.32581901550293,ATTENTION,4
test_39,test,39,A2,177.3217010498047,30.799999237060547,306,0.4105210304260254,5.800000190734863,0.41262844,10.906550407409668,ATTENTION,4
test_39,test,39,A2,177.3217010498047,30.899999618530273,307,0.3985695540904999,5.699999809265137,0.40153542,6.109692573547363,ATTENTION,4
test_39,test,39,A2,177.3217010498047,31.0,308,0.3930657207965851,5.599999904632568,0.39490846,5.676191329956055,ATTENTION,4
test_39,test,39,A2,177.3217010498047,31.100000381469727,309,0.38960593938827515,5.5,0.39096817,6.531764507293701,ATTENTION,4
test_39,test,39,A2,177.3217010498047,31.200000762939453,310,0.3864608705043793,5.400000095367432,0.38771963,7.615036964416504,ATTENTION,4
test_39,test,39,A2,177.3217010498047,31.299999237060547,311,0.38441649079322815,5.300000190734863,0.38543215,9.352278709411621,ATTENTION,4
test_39,test,39,A2,177.3217010498047,31.399999618530273,312,0.37781181931495667,5.199999809265137,0.37933245,8.597423553466797,ATTENTION,4
test_39,test,39,A2,177.3217010498047,31.5,313,0.3669610321521759,5.099999904632568,0.36894193,5.734459400177002,ATTENTION,4
train_10,train,10,A2,158.49253845214844,0.10000000149011612,0,1.0,,0.9840438,,ATTENTION,4
train_10,train,10,A2,158.49253845214844,0.20000000298023224,1,1.0,,1.0,,ATTENTION,4
train_10,train,10,A2,158.49253845214844,0.30000001192092896,2,1.0,,1.0,,ATTENTION,4
train_10,train,10,A2,158.49253845214844,0.4000000059604645,3,1.0,,1.0,,ATTENTION,4
train_10,train,10,A2,158.49253845214844,0.5,4,1.0,,1.0,,ATTENTION,4
train_10,train,10,A2,158.49253845214844,0.6000000238418579,5,1.0,,1.0,,ATTENTION,4
train_10,train,10,A2,158.49253845214844,0.699999988079071,6,1.0,,1.0,,ATTENTION,4
train_10,train,10,A2,158.49253845214844,0.800000011920929,7,1.0,,1.0,,ATTENTION,4
train_10,train,10,A2,158.49253845214844,0.8999999761581421,8,1.0,,1.0,,ATTENTION,4
train_10,train,10,A2,158.49253845214844,1.0,9,1.0,,1.0,,ATTENTION,4
train_10,train,10,A2,158.49253845214844,1.100000023841858,10,1.0,,1.0,,ATTENTION,4
train_10,train,10,A2,158.49253845214844,1.2000000476837158,11,1.0,,1.0,,ATTENTION,4
train_10,train,10,A2,158.49253845214844,1.2999999523162842,12,1.0,,1.0,,ATTENTION,4
train_10,train,10,A2,158.49253845214844,1.399999976158142,13,1.0,,0.9990608,,ATTENTION,4
train_10,train,10,A2,158.49253845214844,1.5,14,1.0,,1.0,,ATTENTION,4
train_10,train,10,A2,158.49253845214844,1.600000023841858,15,1.0,,0.99980694,,ATTENTION,4
train_10,train,10,A2,158.49253845214844,1.7000000476837158,16,1.0,,0.99921244,,ATTENTION,4
train_10,train,10,A2,158.49253845214844,1.7999999523162842,17,1.0,,0.99956036,,ATTENTION,4
train_10,train,10,A2,158.49253845214844,1.899999976158142,18,1.0,,0.9996264,,ATTENTION,4
train_10,train,10,A2,158.49253845214844,2.0,19,1.0,,1.0,,ATTENTION,4
train_10,train,10,A2,158.49253845214844,2.0999999046325684,20,1.0,,0.9977134,,ATTENTION,4
train_10,train,10,A2,158.49253845214844,2.200000047683716,21,1.0,,1.0,,ATTENTION,4
train_10,train,10,A2,158.49253845214844,2.299999952316284,22,1.0,,1.0,,ATTENTION,4
train_10,train,10,A2,158.49253845214844,2.4000000953674316,23,1.0,,0.99838257,,ATTENTION,4
train_10,train,10,A2,158.49253845214844,2.5,24,1.0,,1.0,,ATTENTION,4
train_10,train,10,A2,158.49253845214844,2.5999999046325684,25,1.0,,1.0,,ATTENTION,4
train_10,train,10,A2,158.49253845214844,2.700000047683716,26,1.0,,1.0,,ATTENTION,4
train_10,train,10,A2,158.49253845214844,2.799999952316284,27,1.0,,1.0,,ATTENTION,4
train_10,train,10,A2,158.49253845214844,2.9000000953674316,28,1.0,,0.99714696,,ATTENTION,4
train_10,train,10,A2,158.49253845214844,3.0,29,1.0,,0.9997351,,ATTENTION,4
train_10,train,10,A2,158.49253845214844,3.0999999046325684,30,1.0,,1.0,,ATTENTION,4
train_10,train,10,A2,158.49253845214844,3.200000047683716,31,1.0,,1.0,,ATTENTION,4
train_10,train,10,A2,158.49253845214844,3.299999952316284,32,1.0,,1.0,,ATTENTION,4
train_10,train,10,A2,158.49253845214844,3.4000000953674316,33,1.0,,1.0,,ATTENTION,4
train_10,train,10,A2,158.49253845214844,3.5,34,1.0,,1.0,,ATTENTION,4
train_10,train,10,A2,158.49253845214844,3.5999999046325684,35,1.0,,0.9909613,,ATTENTION,4
train_10,train,10,A2,158.49253845214844,3.700000047683716,36,1.0,,0.9988363,,ATTENTION,4
train_10,train,10,A2,158.49253845214844,3.799999952316284,37,0.9997609257698059,,0.9893163,,ATTENTION,4
train_10,train,10,A2,158.49253845214844,3.9000000953674316,38,1.0,,0.9965405,,ATTENTION,4
train_10,train,10,A2,158.49253845214844,4.0,39,1.0,,0.9942111,,ATTENTION,4
train_10,train,10,A2,158.49253845214844,4.099999904632568,40,1.0,,0.9947102,,ATTENTION,4
train_10,train,10,A2,158.49253845214844,4.199999809265137,41,1.0,,0.9959615,,ATTENTION,4
train_10,train,10,A2,158.49253845214844,4.300000190734863,42,1.0,,0.99566066,,ATTENTION,4
train_10,train,10,A2,158.49253845214844,4.400000095367432,43,1.0,,0.9978435,,ATTENTION,4
train_10,train,10,A2,158.49253845214844,4.5,44,1.0,,0.9994116,,ATTENTION,4
train_10,train,10,A2,158.49253845214844,4.599999904632568,45,1.0,,0.9957402,,ATTENTION,4
train_10,train,10,A2,158.49253845214844,4.699999809265137,46,1.0,,0.99935806,,ATTENTION,4
train_10,train,10,A2,158.49253845214844,4.800000190734863,47,1.0,,1.0,,ATTENTION,4
train_10,train,10,A2,158.49253845214844,4.900000095367432,48,1.0,,0.9944315,,ATTENTION,4
train_10,train,10,A2,158.49253845214844,5.0,49,1.0,,0.99492407,,ATTENTION,4
train_10,train,10,A2,158.49253845214844,5.099999904632568,50,1.0,,0.9973744,,ATTENTION,4
train_10,train,10,A2,158.49253845214844,5.199999809265137,51,1.0,,0.9957226,,ATTENTION,4
train_10,train,10,A2,158.49253845214844,5.300000190734863,52,1.0,,0.99733126,,ATTENTION,4
train_10,train,10,A2,158.49253845214844,5.400000095367432,53,1.0,,0.9941139,,ATTENTION,4
train_10,train,10,A2,158.49253845214844,5.5,54,1.0,,0.9956745,,ATTENTION,4
train_10,train,10,A2,158.49253845214844,5.599999904632568,55,0.9963013529777527,,0.9886179,,ATTENTION,4
train_10,train,10,A2,158.49253845214844,5.699999809265137,56,0.9996037483215332,,0.993186,,ATTENTION,4
train_10,train,10,A2,158.49253845214844,5.800000190734863,57,0.9969303011894226,,0.9907195,,ATTENTION,4
train_10,train,10,A2,158.49253845214844,5.900000095367432,58,0.997873842716217,,0.9918998,,ATTENTION,4
train_10,train,10,A2,158.49253845214844,6.0,59,0.9999182820320129,,0.99310684,,ATTENTION,4
train_10,train,10,A2,158.49253845214844,6.099999904632568,60,1.0,,0.9967681,,ATTENTION,4
train_10,train,10,A2,158.49253845214844,6.199999809265137,61,1.0,,0.99477834,,ATTENTION,4
train_10,train,10,A2,158.49253845214844,6.300000190734863,62,1.0,,0.9918239,,ATTENTION,4
train_10,train,10,A2,158.49253845214844,6.400000095367432,63,0.9964585900306702,,0.9900529,,ATTENTION,4
train_10,train,10,A2,158.49253845214844,6.5,64,1.0,,0.99465835,,ATTENTION,4
train_10,train,10,A2,158.49253845214844,6.599999904632568,65,1.0,,0.99563205,,ATTENTION,4
train_10,train,10,A2,158.49253845214844,6.699999809265137,66,1.0,,0.9975764,,ATTENTION,4
train_10,train,10,A2,158.49253845214844,6.800000190734863,67,1.0,,0.99979097,,ATTENTION,4
train_10,train,10,A2,158.49253845214844,6.900000095367432,68,1.0,,1.0,,ATTENTION,4
train_10,train,10,A2,158.49253845214844,7.0,69,1.0,,1.0,,ATTENTION,4
train_10,train,10,A2,158.49253845214844,7.099999904632568,70,1.0,,1.0,,ATTENTION,4
train_10,train,10,A2,158.49253845214844,7.199999809265137,71,1.0,,0.9991132,,ATTENTION,4
train_10,train,10,A2,158.49253845214844,7.300000190734863,72,1.0,,0.9988135,,ATTENTION,4
train_10,train,10,A2,158.49253845214844,7.400000095367432,73,1.0,,0.9975782,,ATTENTION,4
train_10,train,10,A2,158.49253845214844,7.5,74,1.0,,0.9982334,,ATTENTION,4
train_10,train,10,A2,158.49253845214844,7.599999904632568,75,1.0,,0.9969959,,ATTENTION,4
train_10,train,10,A2,158.49253845214844,7.699999809265137,76,1.0,,0.9968365,,ATTENTION,4
train_10,train,10,A2,158.49253845214844,7.800000190734863,77,1.0,,0.9975537,,ATTENTION,4
train_10,train,10,A2,158.49253845214844,7.900000095367432,78,1.0,,0.99655044,,ATTENTION,4
train_10,train,10,A2,158.49253845214844,8.0,79,1.0,,0.99485314,,ATTENTION,4
train_10,train,10,A2,158.49253845214844,8.100000381469727,80,1.0,,0.9971985,,ATTENTION,4
train_10,train,10,A2,158.49253845214844,8.199999809265137,81,1.0,,0.9947258,,ATTENTION,4
train_10,train,10,A2,158.49253845214844,8.300000190734863,82,1.0,,0.9922576,,ATTENTION,4
train_10,train,10,A2,158.49253845214844,8.399999618530273,83,0.9997609257698059,,0.9925114,,ATTENTION,4
train_10,train,10,A2,158.49253845214844,8.5,84,1.0,,0.99289435,,ATTENTION,4
train_10,train,10,A2,158.49253845214844,8.600000381469727,85,1.0,,0.9967783,,ATTENTION,4
train_10,train,10,A2,158.49253845214844,8.699999809265137,86,1.0,,0.99681234,,ATTENTION,4
train_10,train,10,A2,158.49253845214844,8.800000190734863,87,1.0,,0.9969304,,ATTENTION,4
train_10,train,10,A2,158.49253845214844,8.899999618530273,88,1.0,,0.9968519,,ATTENTION,4
train_10,train,10,A2,158.49253845214844,9.0,89,1.0,,0.9931134,,ATTENTION,4
train_10,train,10,A2,158.49253845214844,9.100000381469727,90,1.0,,0.99628997,,ATTENTION,4
train_10,train,10,A2,158.49253845214844,9.199999809265137,91,1.0,,0.9959992,,ATTENTION,4
train_10,train,10,A2,158.49253845214844,9.300000190734863,92,0.9997609257698059,,0.9911149,,ATTENTION,4
train_10,train,10,A2,158.49253845214844,9.399999618530273,93,1.0,,0.9947904,,ATTENTION,4
train_10,train,10,A2,158.49253845214844,9.5,94,0.9997609257698059,,0.9920367,,ATTENTION,4
train_10,train,10,A2,158.49253845214844,9.600000381469727,95,0.9997609257698059,,0.992777,,ATTENTION,4
train_10,train,10,A2,158.49253845214844,9.699999809265137,96,0.9964585900306702,,0.99027026,,ATTENTION,4
train_10,train,10,A2,158.49253845214844,9.800000190734863,97,1.0,,0.99373704,,ATTENTION,4
train_10,train,10,A2,158.49253845214844,9.899999618530273,98,0.9964585900306702,,0.98992354,,ATTENTION,4
train_10,train,10,A2,158.49253845214844,10.0,99,1.0,,0.99365044,,ATTENTION,4
train_10,train,10,A2,158.49253845214844,10.100000381469727,100,1.0,,0.994607,,ATTENTION,4
train_10,train,10,A2,158.49253845214844,10.199999809265137,101,0.9997609257698059,,0.9918821,,ATTENTION,4
train_10,train,10,A2,158.49253845214844,10.300000190734863,102,1.0,,0.99462485,,ATTENTION,4
train_10,train,10,A2,158.49253845214844,10.399999618530273,103,0.9997609257698059,,0.991848,,ATTENTION,4
train_10,train,10,A2,158.49253845214844,10.5,104,1.0,,0.9932799,,ATTENTION,4
train_10,train,10,A2,158.49253845214844,10.600000381469727,105,1.0,,0.99561924,,ATTENTION,4
train_10,train,10,A2,158.49253845214844,10.699999809265137,106,1.0,,0.99381757,,ATTENTION,4
train_10,train,10,A2,158.49253845214844,10.800000190734863,107,1.0,,0.9969418,,ATTENTION,4
train_10,train,10,A2,158.49253845214844,10.899999618530273,108,1.0,,0.9974184,,ATTENTION,4
train_10,train,10,A2,158.49253845214844,11.0,109,1.0,,0.9949783,,ATTENTION,4
train_10,train,10,A2,158.49253845214844,11.100000381469727,110,1.0,,0.9918705,,ATTENTION,4
train_10,train,10,A2,158.49253845214844,11.199999809265137,111,1.0,,0.9925662,,ATTENTION,4
train_10,train,10,A2,158.49253845214844,11.300000190734863,112,0.9986602067947388,,0.9916564,,ATTENTION,4
train_10,train,10,A2,158.49253845214844,11.399999618530273,113,0.9964585900306702,,0.9902791,,ATTENTION,4
train_10,train,10,A2,158.49253845214844,11.5,114,0.9944142699241638,,0.9891208,,ATTENTION,4
train_10,train,10,A2,158.49253845214844,11.600000381469727,115,0.9801039099693298,,0.9762962,,ATTENTION,4
train_10,train,10,A2,158.49253845214844,11.699999809265137,116,0.9802611470222473,,0.9802759,,ATTENTION,4
train_10,train,10,A2,158.49253845214844,11.800000190734863,117,0.9876522421836853,,0.98599553,,ATTENTION,4
train_10,train,10,A2,158.49253845214844,11.899999618530273,118,0.9889102578163147,,0.98626614,,ATTENTION,4
train_10,train,10,A2,158.49253845214844,12.0,119,0.9878095388412476,,0.98508894,,ATTENTION,4
train_10,train,10,A2,158.49253845214844,12.100000381469727,120,0.9889102578163147,,0.9861542,,ATTENTION,4
train_10,train,10,A2,158.49253845214844,12.199999809265137,121,0.9911118745803833,,0.98768044,,ATTENTION,4
train_10,train,10,A2,158.49253845214844,12.300000190734863,122,0.9964585900306702,,0.99101883,,ATTENTION,4
train_10,train,10,A2,158.49253845214844,12.399999618530273,123,0.9975593090057373,,0.9912906,,ATTENTION,4
train_10,train,10,A2,158.49253845214844,12.5,124,1.0,,0.99320656,,ATTENTION,4
train_10,train,10,A2,158.49253845214844,12.600000381469727,125,1.0,,0.99292326,,ATTENTION,4
train_10,train,10,A2,158.49253845214844,12.699999809265137,126,0.9997609257698059,,0.992136,,ATTENTION,4
train_10,train,10,A2,158.49253845214844,12.800000190734863,127,0.9975593090057373,,0.9906658,,ATTENTION,4
train_10,train,10,A2,158.49253845214844,12.899999618530273,128,0.9964585900306702,,0.990323,,ATTENTION,4
train_10,train,10,A2,158.49253845214844,13.0,129,0.9975593090057373,,0.9912899,,ATTENTION,4
train_10,train,10,A2,158.49253845214844,13.100000381469727,130,0.9942569732666016,,0.9884992,,ATTENTION,4
train_10,train,10,A2,158.49253845214844,13.199999809265137,131,0.9974021315574646,,0.9914425,,ATTENTION,4
train_10,train,10,A2,158.49253845214844,13.300000190734863,132,0.9931561946868896,,0.9875324,,ATTENTION,4
train_10,train,10,A2,158.49253845214844,13.399999618530273,133,0.9920554757118225,,0.9876334,,ATTENTION,4
train_10,train,10,A2,158.49253845214844,13.5,134,0.9922126531600952,,0.98794717,,ATTENTION,4
train_10,train,10,A2,158.49253845214844,13.600000381469727,135,0.9922126531600952,,0.9879074,,ATTENTION,4
train_10,train,10,A2,158.49253845214844,13.699999809265137,136,0.9922126531600952,,0.9878938,,ATTENTION,4
train_10,train,10,A2,158.49253845214844,13.800000190734863,137,1.0,,0.9937905,,ATTENTION,4
train_10,train,10,A2,158.49253845214844,13.899999618530273,138,1.0,,0.99572915,,ATTENTION,4
train_10,train,10,A2,158.49253845214844,14.0,139,0.9997609257698059,,0.9905503,,ATTENTION,4
train_10,train,10,A2,158.49253845214844,14.100000381469727,140,0.9964585900306702,,0.9896672,,ATTENTION,4
train_10,train,10,A2,158.49253845214844,14.199999809265137,141,0.9975593090057373,,0.9911586,,ATTENTION,4
train_10,train,10,A2,158.49253845214844,14.300000190734863,142,0.9999182820320129,,0.99259377,,ATTENTION,4
train_10,train,10,A2,158.49253845214844,14.399999618530273,143,0.9975593090057373,,0.99050957,,ATTENTION,4
train_10,train,10,A2,158.49253845214844,14.5,144,0.9997609257698059,,0.9925161,,ATTENTION,4
train_10,train,10,A2,158.49253845214844,14.600000381469727,145,0.9942569732666016,,0.98778296,,ATTENTION,4
train_10,train,10,A2,158.49253845214844,14.699999809265137,146,0.9920554757118225,,0.98733616,,ATTENTION,4
train_10,train,10,A2,158.49253845214844,14.800000190734863,147,0.9963013529777527,,0.9908533,,ATTENTION,4
train_10,train,10,A2,158.49253845214844,14.899999618530273,148,0.9996037483215332,,0.99260175,,ATTENTION,4
train_10,train,10,A2,158.49253845214844,15.0,149,0.9975593090057373,,0.990668,,ATTENTION,4
train_10,train,10,A2,158.49253845214844,15.100000381469727,150,0.9942569732666016,,0.98848563,,ATTENTION,4
train_10,train,10,A2,158.49253845214844,15.199999809265137,151,0.9911118745803833,,0.98662066,,ATTENTION,4
train_10,train,10,A2,158.49253845214844,15.300000190734863,152,1.0,,0.9929067,,ATTENTION,4
train_10,train,10,A2,158.49253845214844,15.399999618530273,153,0.9997609257698059,,0.9920932,,ATTENTION,4
train_10,train,10,A2,158.49253845214844,15.5,154,0.9942569732666016,,0.98790276,,ATTENTION,4
train_10,train,10,A2,158.49253845214844,15.600000381469727,155,0.9940997362136841,,0.9890853,,ATTENTION,4
train_10,train,10,A2,158.49253845214844,15.699999809265137,156,0.9939424395561218,,0.98894614,,ATTENTION,4
train_10,train,10,A2,158.49253845214844,15.800000190734863,157,0.9964585900306702,,0.99081385,,ATTENTION,4
train_10,train,10,A2,158.49253845214844,15.899999618530273,158,0.9997609257698059,,0.99266124,,ATTENTION,4
train_10,train,10,A2,158.49253845214844,16.0,159,0.9966158866882324,,0.98988533,,ATTENTION,4
train_10,train,10,A2,158.49253845214844,16.100000381469727,160,0.9933134317398071,,0.98791766,,ATTENTION,4
train_10,train,10,A2,158.49253845214844,16.200000762939453,161,0.9887529611587524,,0.9847385,,ATTENTION,4
train_10,train,10,A2,158.49253845214844,16.299999237060547,162,0.9876522421836853,,0.98482484,,ATTENTION,4
train_10,train,10,A2,158.49253845214844,16.399999618530273,163,0.9887529611587524,,0.9858957,,ATTENTION,4
train_10,train,10,A2,158.49253845214844,16.5,164,0.9920554757118225,,0.9882663,,ATTENTION,4
train_10,train,10,A2,158.49253845214844,16.600000381469727,165,0.9911118745803833,,0.9870522,,ATTENTION,4
train_10,train,10,A2,158.49253845214844,16.700000762939453,166,0.9964585900306702,,0.9909551,,ATTENTION,4
train_10,train,10,A2,158.49253845214844,16.799999237060547,167,0.9975593090057373,,0.9912282,,ATTENTION,4
train_10,train,10,A2,158.49253845214844,16.899999618530273,168,0.9942569732666016,,0.98846656,,ATTENTION,4
train_10,train,10,A2,158.49253845214844,17.0,169,0.9942569732666016,,0.98909986,,ATTENTION,4
train_10,train,10,A2,158.49253845214844,17.100000381469727,170,0.990954577922821,,0.98636484,,ATTENTION,4
train_10,train,10,A2,158.49253845214844,17.200000762939453,171,0.9832490682601929,,0.98012024,,ATTENTION,4
train_10,train,10,A2,158.49253845214844,17.299999237060547,172,0.9799467325210571,,0.97889036,,ATTENTION,4
train_10,train,10,A2,158.49253845214844,17.399999618530273,173,0.9790030717849731,,0.9786445,,ATTENTION,4
train_10,train,10,A2,158.49253845214844,17.5,174,0.9790030717849731,,0.9787728,,ATTENTION,4
train_10,train,10,A2,158.49253845214844,17.600000381469727,175,0.9679951667785645,,0.9680253,,ATTENTION,4
train_10,train,10,A2,158.49253845214844,17.700000762939453,176,0.9768015742301941,,0.97809595,,ATTENTION,4
train_10,train,10,A2,158.49253845214844,17.799999237060547,177,0.9832490682601929,,0.982557,,ATTENTION,4
train_10,train,10,A2,158.49253845214844,17.899999618530273,178,0.9788458347320557,,0.977644,,ATTENTION,4
train_10,train,10,A2,158.49253845214844,18.0,179,0.9788458347320557,,0.9785111,,ATTENTION,4
train_10,train,10,A2,158.49253845214844,18.100000381469727,180,0.9794749021530151,,0.9790379,,ATTENTION,4
train_10,train,10,A2,158.49253845214844,18.200000762939453,181,0.9823055267333984,,0.98140645,,ATTENTION,4
train_10,train,10,A2,158.49253845214844,18.299999237060547,182,0.9801039099693298,,0.97890204,,ATTENTION,4
train_10,train,10,A2,158.49253845214844,18.399999618530273,183,0.9768015742301941,,0.9761983,,ATTENTION,4
train_10,train,10,A2,158.49253845214844,18.5,184,0.9779022932052612,,0.97778076,,ATTENTION,4
train_10,train,10,A2,158.49253845214844,18.600000381469727,185,0.9788458347320557,,0.9784279,,ATTENTION,4
train_10,train,10,A2,158.49253845214844,18.700000762939453,186,0.9788458347320557,,0.9782355,,ATTENTION,4
train_10,train,10,A2,158.49253845214844,18.799999237060547,187,0.9832490682601929,,0.98206127,,ATTENTION,4
train_10,train,10,A2,158.49253845214844,18.899999618530273,188,0.9734991788864136,,0.972024,,ATTENTION,4
train_10,train,10,A2,158.49253845214844,19.0,189,0.9675233364105225,,0.9681331,,ATTENTION,4
train_10,train,10,A2,158.49253845214844,19.100000381469727,190,0.9648500084877014,,0.96644795,,ATTENTION,4
train_10,train,10,A2,158.49253845214844,19.200000762939453,191,0.9701967835426331,,0.97215354,,ATTENTION,4
train_10,train,10,A2,158.49253845214844,19.299999237060547,192,0.9657935500144958,,0.9668255,,ATTENTION,4
train_10,train,10,A2,158.49253845214844,19.399999618530273,193,0.9681524038314819,,0.96995956,,ATTENTION,4
train_10,train,10,A2,158.49253845214844,19.5,194,0.9734991788864136,,0.9746599,,ATTENTION,4
train_10,train,10,A2,158.49253845214844,19.600000381469727,195,0.9766442179679871,,0.9767449,,ATTENTION,4
train_10,train,10,A2,158.49253845214844,19.700000762939453,196,0.9681524038314819,,0.96780694,,ATTENTION,4
train_10,train,10,A2,158.49253845214844,19.799999237060547,197,0.9648500084877014,,0.9660277,,ATTENTION,4
train_10,train,10,A2,158.49253845214844,19.899999618530273,198,0.9679951667785645,,0.9696961,,ATTENTION,4
train_10,train,10,A2,158.49253845214844,20.0,199,0.9560436606407166,,0.9571482,,ATTENTION,4
train_10,train,10,A2,158.49253845214844,20.100000381469727,200,0.9624912142753601,,0.9654634,,ATTENTION,4
train_10,train,10,A2,158.49253845214844,20.200000762939453,201,0.9701967835426331,,0.97192043,,ATTENTION,4
train_10,train,10,A2,158.49253845214844,20.299999237060547,202,0.9701967835426331,,0.9707479,,ATTENTION,4
train_10,train,10,A2,158.49253845214844,20.399999618530273,203,0.9615476131439209,,0.9620482,,ATTENTION,4
train_10,train,10,A2,158.49253845214844,20.5,204,0.9678378701210022,,0.96981,,ATTENTION,4
train_10,train,10,A2,158.49253845214844,20.600000381469727,205,0.9701967835426331,,0.971133,,ATTENTION,4
train_10,train,10,A2,158.49253845214844,20.700000762939453,206,0.9734991788864136,,0.9739183,,ATTENTION,4
train_10,train,10,A2,158.49253845214844,20.799999237060547,207,0.971297562122345,,0.97120875,,ATTENTION,4
train_10,train,10,A2,158.49253845214844,20.899999618530273,208,0.974442720413208,,0.9746109,,ATTENTION,4
train_10,train,10,A2,158.49253845214844,21.0,209,0.9758579730987549,,0.9753787,,ATTENTION,4
train_10,train,10,A2,158.49253845214844,21.100000381469727,210,0.9763297438621521,,0.9755895,,ATTENTION,4
train_10,train,10,A2,158.49253845214844,21.200000762939453,211,0.9745999574661255,,0.97381425,,ATTENTION,4
train_10,train,10,A2,158.49253845214844,21.299999237060547,212,0.971297562122345,,0.97086906,,ATTENTION,4
train_10,train,10,A2,158.49253845214844,21.399999618530273,213,0.9701967835426331,,0.97036487,,ATTENTION,4
train_10,train,10,A2,158.49253845214844,21.5,214,0.9697249531745911,,0.9700838,,ATTENTION,4
train_10,train,10,A2,158.49253845214844,21.600000381469727,215,0.9679951667785645,,0.9684199,,ATTENTION,4
train_10,train,10,A2,158.49253845214844,21.700000762939453,216,0.9681524038314819,,0.9688725,,ATTENTION,4
train_10,train,10,A2,158.49253845214844,21.799999237060547,217,0.9657935500144958,,0.9664211,,ATTENTION,4
train_10,train,10,A2,158.49253845214844,21.899999618530273,218,0.9624912142753601,,0.9634247,,ATTENTION,4
train_10,train,10,A2,158.49253845214844,22.0,219,0.956987202167511,,0.9582484,,ATTENTION,4
train_10,train,10,A2,158.49253845214844,22.100000381469727,220,0.956987202167511,,0.9590762,,ATTENTION,4
train_10,train,10,A2,158.49253845214844,22.200000762939453,221,0.9560436606407166,,0.95806015,,ATTENTION,4
train_10,train,10,A2,158.49253845214844,22.299999237060547,222,0.9505396485328674,,0.95250523,,ATTENTION,4
train_10,train,10,A2,158.49253845214844,22.399999618530273,223,0.956987202167511,,0.9601047,,ATTENTION,4
train_10,train,10,A2,158.49253845214844,22.5,224,0.9538421630859375,,0.95568585,,ATTENTION,4
train_10,train,10,A2,158.49253845214844,22.600000381469727,225,0.9613904356956482,,0.9640834,,ATTENTION,4
train_10,train,10,A2,158.49253845214844,22.700000762939453,226,0.9560436606407166,,0.9572586,,ATTENTION,4
train_10,train,10,A2,158.49253845214844,22.799999237060547,227,0.9613904356956482,,0.96366006,,ATTENTION,4
train_10,train,10,A2,158.49253845214844,22.899999618530273,228,0.9560436606407166,,0.95722574,,ATTENTION,4
train_10,train,10,A2,158.49253845214844,23.0,229,0.9591888189315796,,0.9613599,,ATTENTION,4
train_10,train,10,A2,158.49253845214844,23.100000381469727,230,0.9624912142753601,,0.9642416,,ATTENTION,4
train_10,train,10,A2,158.49253845214844,23.200000762939453,231,0.956987202167511,,0.9580167,,ATTENTION,4
train_10,train,10,A2,158.49253845214844,23.299999237060547,232,0.9624912142753601,,0.96460766,,ATTENTION,4
train_10,train,10,A2,158.49253845214844,23.399999618530273,233,0.9626485109329224,,0.96375954,,ATTENTION,4
train_10,train,10,A2,158.49253845214844,23.5,234,0.9624912142753601,,0.96354353,,ATTENTION,4
train_10,train,10,A2,158.49253845214844,23.600000381469727,235,0.9624912142753601,,0.9636026,,ATTENTION,4
train_10,train,10,A2,158.49253845214844,23.700000762939453,236,0.9681524038314819,,0.96930707,,ATTENTION,4
train_10,train,10,A2,158.49253845214844,23.799999237060547,237,0.9734991788864136,,0.9735823,,ATTENTION,4
train_10,train,10,A2,158.49253845214844,23.899999618530273,238,0.971297562122345,,0.97052234,,ATTENTION,4
train_10,train,10,A2,158.49253845214844,24.0,239,0.9734991788864136,,0.97311264,,ATTENTION,4
train_10,train,10,A2,158.49253845214844,24.100000381469727,240,0.9679951667785645,,0.9671911,,ATTENTION,4
train_10,train,10,A2,158.49253845214844,24.200000762939453,241,0.9613904356956482,,0.9614631,,ATTENTION,4
train_10,train,10,A2,158.49253845214844,24.299999237060547,242,0.9591888189315796,,0.96022195,,ATTENTION,4
train_10,train,10,A2,158.49253845214844,24.399999618530273,243,0.9571444988250732,,0.9583934,,ATTENTION,4
train_10,train,10,A2,158.49253845214844,24.5,244,0.9560436606407166,,0.95754766,,ATTENTION,4
train_10,train,10,A2,158.49253845214844,24.600000381469727,245,0.9571444988250732,,0.9588908,,ATTENTION,4
train_10,train,10,A2,158.49253845214844,24.700000762939453,246,0.9646928310394287,,0.9664828,,ATTENTION,4
train_10,train,10,A2,158.49253845214844,24.799999237060547,247,0.9624912142753601,,0.962998,,ATTENTION,4
train_10,train,10,A2,158.49253845214844,24.899999618530273,248,0.9613904356956482,,0.9622197,,ATTENTION,4
train_10,train,10,A2,158.49253845214844,25.0,249,0.9613904356956482,,0.96240586,,ATTENTION,4
train_10,train,10,A2,158.49253845214844,25.100000381469727,250,0.956987202167511,,0.9578372,,ATTENTION,4
train_10,train,10,A2,158.49253845214844,25.200000762939453,251,0.9591888189315796,,0.9608997,,ATTENTION,4
train_10,train,10,A2,158.49253845214844,25.299999237060547,252,0.9607614278793335,,0.9621779,,ATTENTION,4
train_10,train,10,A2,158.49253845214844,25.399999618530273,253,0.956987202167511,,0.9579833,,ATTENTION,4
train_10,train,10,A2,158.49253845214844,25.5,254,0.9538421630859375,,0.9553009,,ATTENTION,4
train_10,train,10,A2,158.49253845214844,25.600000381469727,255,0.9657935500144958,,0.96773314,,ATTENTION,4
train_10,train,10,A2,158.49253845214844,25.700000762939453,256,0.9651645421981812,,0.96565944,,ATTENTION,4
train_10,train,10,A2,158.49253845214844,25.799999237060547,257,0.9631202220916748,,0.9636277,,ATTENTION,4
train_10,train,10,A2,158.49253845214844,25.899999618530273,258,0.9593459963798523,,0.9601088,,ATTENTION,4
train_10,train,10,A2,158.49253845214844,26.0,259,0.9613904356956482,,0.9628528,,ATTENTION,4
train_10,train,10,A2,158.49253845214844,26.100000381469727,260,0.9613904356956482,,0.9625193,,ATTENTION,4
train_10,train,10,A2,158.49253845214844,26.200000762939453,261,0.9554145932197571,,0.95634866,,ATTENTION,4
train_10,train,10,A2,158.49253845214844,26.299999237060547,262,0.9538421630859375,,0.9555016,,ATTENTION,4
train_10,train,10,A2,158.49253845214844,26.399999618530273,263,0.952741265296936,,0.9545723,,ATTENTION,4
train_10,train,10,A2,158.49253845214844,26.5,264,0.9494389295578003,,0.95120955,,ATTENTION,4
train_10,train,10,A2,158.49253845214844,26.600000381469727,265,0.9472373127937317,,0.94928837,,ATTENTION,4
train_10,train,10,A2,158.49253845214844,26.700000762939453,266,0.9505396485328674,,0.9532013,,ATTENTION,4
train_10,train,10,A2,158.49253845214844,26.799999237060547,267,0.9363865852355957,,0.9387488,,ATTENTION,4
train_10,train,10,A2,158.49253845214844,26.899999618530273,268,0.9406325221061707,,0.94393134,,ATTENTION,4
train_10,train,10,A2,158.49253845214844,27.0,269,0.9472373127937317,,0.9505297,,ATTENTION,4
train_10,train,10,A2,158.49253845214844,27.100000381469727,270,0.9420478343963623,,0.94390035,,ATTENTION,4
train_10,train,10,A2,158.49253845214844,27.200000762939453,271,0.9450357556343079,,0.9476658,,ATTENTION,4
train_10,train,10,A2,158.49253845214844,27.299999237060547,272,0.9406325221061707,,0.9425167,,ATTENTION,4
train_10,train,10,A2,158.49253845214844,27.399999618530273,273,0.9407898187637329,,0.9431072,,ATTENTION,4
train_10,train,10,A2,158.49253845214844,27.5,274,0.9385882019996643,,0.9406938,,ATTENTION,4
train_10,train,10,A2,158.49253845214844,27.600000381469727,275,0.9406325221061707,,0.9431684,,ATTENTION,4
train_10,train,10,A2,158.49253845214844,27.700000762939453,276,0.9407898187637329,,0.94302905,,ATTENTION,4
train_10,train,10,A2,158.49253845214844,27.799999237060547,277,0.9363865852355957,,0.938348,,ATTENTION,4
train_10,train,10,A2,158.49253845214844,27.899999618530273,278,0.9385882019996643,,0.9410423,,ATTENTION,4
train_10,train,10,A2,158.49253845214844,28.0,279,0.9385882019996643,,0.94067496,,ATTENTION,4
train_10,train,10,A2,158.49253845214844,28.100000381469727,280,0.9406325221061707,,0.9428848,,ATTENTION,4
train_10,train,10,A2,158.49253845214844,28.200000762939453,281,0.9346567988395691,,0.9363887,,ATTENTION,4
train_10,train,10,A2,158.49253845214844,28.299999237060547,282,0.93308424949646,,0.9350915,,ATTENTION,4
train_10,train,10,A2,158.49253845214844,28.399999618530273,283,0.9354430437088013,,0.93776476,,ATTENTION,4
train_10,train,10,A2,158.49253845214844,28.5,284,0.9321407079696655,,0.933872,,ATTENTION,4
train_10,train,10,A2,158.49253845214844,28.600000381469727,285,0.9282093048095703,,0.93004787,,ATTENTION,4
train_10,train,10,A2,158.49253845214844,28.700000762939453,286,0.9282093048095703,,0.9302435,,ATTENTION,4
train_10,train,10,A2,158.49253845214844,28.799999237060547,287,0.9321407079696655,,0.93446726,,ATTENTION,4
train_10,train,10,A2,158.49253845214844,28.899999618530273,288,0.9352858662605286,,0.93735117,,ATTENTION,4
train_10,train,10,A2,158.49253845214844,29.0,289,0.93308424949646,,0.93450105,,ATTENTION,4
train_10,train,10,A2,158.49253845214844,29.100000381469727,290,0.9352858662605286,,0.93710315,,ATTENTION,4
train_10,train,10,A2,158.49253845214844,29.200000762939453,291,0.9363865852355957,,0.9379257,,ATTENTION,4
train_10,train,10,A2,158.49253845214844,29.299999237060547,292,0.93308424949646,,0.93422455,,ATTENTION,4
train_10,train,10,A2,158.49253845214844,29.399999618530273,293,0.9321407079696655,,0.9334558,,ATTENTION,4
train_10,train,10,A2,158.49253845214844,29.5,294,0.9352858662605286,,0.93701863,,ATTENTION,4
train_10,train,10,A2,158.49253845214844,29.600000381469727,295,0.9363865852355957,,0.93776596,,ATTENTION,4
train_10,train,10,A2,158.49253845214844,29.700000762939453,296,0.9354430437088013,,0.93655735,,ATTENTION,4
train_10,train,10,A2,158.49253845214844,29.799999237060547,297,0.9439349174499512,,0.94627047,,ATTENTION,4
train_10,train,10,A2,158.49253845214844,29.899999618530273,298,0.9385882019996643,,0.93916476,,ATTENTION,4
train_10,train,10,A2,158.49253845214844,30.0,299,0.9406325221061707,,0.9419606,,ATTENTION,4
train_10,train,10,A2,158.49253845214844,30.100000381469727,300,0.9417333006858826,,0.94285166,,ATTENTION,4
train_10,train,10,A2,158.49253845214844,30.200000762939453,301,0.9439349174499512,,0.94510174,,ATTENTION,4
train_10,train,10,A2,158.49253845214844,30.299999237060547,302,0.9494389295578003,,0.9509001,,ATTENTION,4
train_10,train,10,A2,158.49253845214844,30.399999618530273,303,0.9494389295578003,,0.9499569,,ATTENTION,4
train_10,train,10,A2,158.49253845214844,30.5,304,0.9417333006858826,,0.94204885,,ATTENTION,4
train_10,train,10,A2,158.49253845214844,30.600000381469727,305,0.9406325221061707,,0.9415211,,ATTENTION,4
train_10,train,10,A2,158.49253845214844,30.700000762939453,306,0.9392172694206238,,0.9401319,,ATTENTION,4
train_10,train,10,A2,158.49253845214844,30.799999237060547,307,0.9376446604728699,,0.93860686,,ATTENTION,4
train_10,train,10,A2,158.49253845214844,30.899999618530273,308,0.9352858662605286,,0.93627584,,ATTENTION,4
train_10,train,10,A2,158.49253845214844,31.0,309,0.9264795184135437,,0.92775166,,ATTENTION,4
train_10,train,10,A2,158.49253845214844,31.100000381469727,310,0.9250640869140625,,0.9264125,,ATTENTION,4
train_10,train,10,A2,158.49253845214844,31.200000762939453,311,0.9253787398338318,,0.9268168,,ATTENTION,4
train_10,train,10,A2,158.49253845214844,31.299999237060547,312,0.9277375340461731,,0.9293425,,ATTENTION,4
train_10,train,10,A2,158.49253845214844,31.399999618530273,313,0.9233343005180359,,0.92457616,,ATTENTION,4
train_10,train,10,A2,158.49253845214844,31.5,314,0.9233343005180359,,0.9247669,,ATTENTION,4
train_10,train,10,A2,158.49253845214844,31.600000381469727,315,0.9244350790977478,,0.92591643,,ATTENTION,4
train_10,train,10,A2,158.49253845214844,31.700000762939453,316,0.9179876446723938,,0.9193706,,ATTENTION,4
train_10,train,10,A2,158.49253845214844,31.799999237060547,317,0.9189310669898987,,0.9204301,,ATTENTION,4
train_10,train,10,A2,158.49253845214844,31.899999618530273,318,0.9211326837539673,,0.9227525,,ATTENTION,4
train_10,train,10,A2,158.49253845214844,32.0,319,0.9266366958618164,,0.92867255,,ATTENTION,4
train_10,train,10,A2,158.49253845214844,32.099998474121094,320,0.9233343005180359,,0.9244205,,ATTENTION,4
train_10,train,10,A2,158.49253845214844,32.20000076293945,321,0.9244350790977478,,0.92579544,,ATTENTION,4
train_10,train,10,A2,158.49253845214844,32.29999923706055,322,0.9233343005180359,,0.92448163,,ATTENTION,4
train_10,train,10,A2,158.49253845214844,32.400001525878906,323,0.9189310669898987,,0.92006385,,ATTENTION,4
train_10,train,10,A2,158.49253845214844,32.5,324,0.9211326837539673,,0.92259645,,ATTENTION,4
train_10,train,10,A2,158.49253845214844,32.599998474121094,325,0.9242779016494751,,0.92583245,,ATTENTION,4
train_10,train,10,A2,158.49253845214844,32.70000076293945,326,0.9244350790977478,,0.92558444,,ATTENTION,4
train_10,train,10,A2,158.49253845214844,32.79999923706055,327,0.9264795184135437,,0.9277625,,ATTENTION,4
train_10,train,10,A2,158.49253845214844,32.900001525878906,328,0.9352858662605286,,0.93760407,,ATTENTION,4
train_10,train,10,A2,158.49253845214844,33.0,329,0.9363865852355957,,0.9372635,,ATTENTION,4
train_10,train,10,A2,158.49253845214844,33.099998474121094,330,0.93308424949646,,0.9336467,,ATTENTION,4
train_10,train,10,A2,158.49253845214844,33.20000076293945,331,0.9291528463363647,,0.92977285,,ATTENTION,4
train_10,train,10,A2,158.49253845214844,33.29999923706055,332,0.925693154335022,,0.9264117,,ATTENTION,4
train_10,train,10,A2,158.49253845214844,33.400001525878906,333,0.9211326837539673,,0.92193514,,ATTENTION,4
train_10,train,10,A2,158.49253845214844,33.5,334,0.9211326837539673,,0.9219787,,ATTENTION,4
train_10,train,10,A2,158.49253845214844,33.599998474121094,335,0.9156288504600525,,0.91640186,,ATTENTION,4
train_10,train,10,A2,158.49253845214844,33.70000076293945,336,0.9091812968254089,,0.9101982,,ATTENTION,4
train_10,train,10,A2,158.49253845214844,33.79999923706055,337,0.9178303480148315,,0.91983616,,ATTENTION,4
train_10,train,10,A2,158.49253845214844,33.900001525878906,338,0.914527952671051,,0.91527814,,ATTENTION,4
train_10,train,10,A2,158.49253845214844,34.0,339,0.9101248383522034,,0.91091645,,ATTENTION,4
train_10,train,10,A2,158.49253845214844,34.099998474121094,340,0.9036772847175598,,0.90477455,,ATTENTION,4
train_10,train,10,A2,158.49253845214844,34.20000076293945,341,0.894870936870575,,0.8965751,,ATTENTION,4
train_10,train,10,A2,158.49253845214844,34.29999923706055,342,0.8926693201065063,,0.89366734,,ATTENTION,4
train_10,train,10,A2,158.49253845214844,34.400001525878906,343,0.894870936870575,,0.8956977,,ATTENTION,4
train_10,train,10,A2,158.49253845214844,34.5,344,0.8926693201065063,,0.89354897,,ATTENTION,4
train_10,train,10,A2,158.49253845214844,34.599998474121094,345,0.8926693201065063,,0.89344275,,ATTENTION,4
train_10,train,10,A2,158.49253845214844,34.70000076293945,346,0.8840202689170837,,0.8857552,,ATTENTION,4
train_10,train,10,A2,158.49253845214844,34.79999923706055,347,0.8841774463653564,,0.88497484,,ATTENTION,4
train_10,train,10,A2,158.49253845214844,34.900001525878906,348,0.8840202689170837,,0.8847812,,ATTENTION,4
train_10,train,10,A2,158.49253845214844,35.0,349,0.8796170353889465,,0.88074493,,ATTENTION,4
train_10,train,10,A2,158.49253845214844,35.099998474121094,350,0.8796170353889465,,0.8803068,,ATTENTION,4
train_10,train,10,A2,158.49253845214844,35.20000076293945,351,0.8796170353889465,,0.88016343,,ATTENTION,4
train_10,train,10,A2,158.49253845214844,35.29999923706055,352,0.8763146996498108,,0.87718403,,ATTENTION,4
train_10,train,10,A2,158.49253845214844,35.400001525878906,353,0.8804033398628235,,0.8808347,,ATTENTION,4
train_10,train,10,A2,158.49253845214844,35.5,354,0.8800888657569885,,0.8804561,,ATTENTION,4
train_10,train,10,A2,158.49253845214844,35.599998474121094,355,0.8800888657569885,,0.8803803,,ATTENTION,4
train_10,train,10,A2,158.49253845214844,35.70000076293945,356,0.8840202689170837,,0.8842639,,ATTENTION,4
train_10,train,10,A2,158.49253845214844,35.79999923706055,357,0.8833912014961243,,0.8835151,,ATTENTION,4
train_10,train,10,A2,158.49253845214844,35.900001525878906,358,0.879459798336029,,0.87987185,,ATTENTION,4
train_10,train,10,A2,158.49253845214844,36.0,359,0.8760001063346863,,0.8763932,,ATTENTION,4
train_10,train,10,A2,158.49253845214844,36.099998474121094,360,0.8741130828857422,,0.8741999,,ATTENTION,4
train_10,train,10,A2,158.49253845214844,36.20000076293945,361,0.8686090111732483,,0.8692715,,ATTENTION,4
train_10,train,10,A2,158.49253845214844,36.29999923706055,362,0.8719115257263184,,0.87165457,,ATTENTION,4
train_10,train,10,A2,158.49253845214844,36.400001525878906,363,0.8632624745368958,,0.8644693,,ATTENTION,4
train_10,train,10,A2,158.49253845214844,36.5,364,0.8653067946434021,,0.8650745,,ATTENTION,4
train_10,train,10,A2,158.49253845214844,36.599998474121094,365,0.8653067946434021,,0.8651183,,ATTENTION,4
train_10,train,10,A2,158.49253845214844,36.70000076293945,366,0.8719115257263184,,0.8714466,,ATTENTION,4
train_10,train,10,A2,158.49253845214844,36.79999923706055,367,0.8741130828857422,,0.87353265,,ATTENTION,4
train_10,train,10,A2,158.49253845214844,36.900001525878906,368,0.8719115257263184,,0.8716226,,ATTENTION,4
train_10,train,10,A2,158.49253845214844,37.0,369,0.882919430732727,,0.8827951,,ATTENTION,4
train_10,train,10,A2,158.49253845214844,37.099998474121094,370,0.8774154782295227,,0.8772795,,ATTENTION,4
train_10,train,10,A2,158.49253845214844,37.20000076293945,371,0.8763146996498108,,0.8756874,,ATTENTION,4
train_10,train,10,A2,158.49253845214844,37.29999923706055,372,0.8763146996498108,,0.8755874,,ATTENTION,4
train_10,train,10,A2,158.49253845214844,37.400001525878906,373,0.8774154782295227,,0.8766229,,ATTENTION,4
train_10,train,10,A2,158.49253845214844,37.5,374,0.8807178735733032,,0.87983716,,ATTENTION,4
train_10,train,10,A2,158.49253845214844,37.599998474121094,375,0.8763146996498108,,0.87595785,,ATTENTION,4
train_10,train,10,A2,158.49253845214844,37.70000076293945,376,0.882919430732727,,0.8822322,,ATTENTION,4
train_10,train,10,A2,158.49253845214844,37.79999923706055,377,0.8840202689170837,,0.88309777,,ATTENTION,4
train_10,train,10,A2,158.49253845214844,37.900001525878906,378,0.8778872489929199,,0.87773365,,ATTENTION,4
train_10,train,10,A2,158.49253845214844,38.0,379,0.8745848536491394,,0.87422127,,ATTENTION,4
train_10,train,10,A2,158.49253845214844,38.099998474121094,380,0.8715969920158386,,0.87126964,,ATTENTION,4
train_10,train,10,A2,158.49253845214844,38.20000076293945,381,0.8631051778793335,,0.8638719,,ATTENTION,4
train_10,train,10,A2,158.49253845214844,38.29999923706055,382,0.8601171970367432,,0.8600595,,ATTENTION,4
train_10,train,10,A2,158.49253845214844,38.400001525878906,383,0.8609035015106201,,0.8604281,,ATTENTION,4
train_10,train,10,A2,158.49253845214844,38.5,384,0.8616897463798523,,0.861223,,ATTENTION,4
train_10,train,10,A2,158.49253845214844,38.599998474121094,385,0.859802782535553,,0.85957927,,ATTENTION,4
train_10,train,10,A2,158.49253845214844,38.70000076293945,386,0.8565003275871277,,0.8565564,,ATTENTION,4
train_10,train,10,A2,158.49253845214844,38.79999923706055,387,0.8620043396949768,,0.86131036,,ATTENTION,4
train_10,train,10,A2,158.49253845214844,38.900001525878906,388,0.8686090111732483,,0.86781895,,ATTENTION,4
train_10,train,10,A2,158.49253845214844,39.0,389,0.8774154782295227,,0.87679535,,ATTENTION,4
train_10,train,10,A2,158.49253845214844,39.099998474121094,390,0.8774154782295227,,0.8765806,,ATTENTION,4
train_10,train,10,A2,158.49253845214844,39.20000076293945,391,0.8719115257263184,,0.87178195,,ATTENTION,4
train_10,train,10,A2,158.49253845214844,39.29999923706055,392,0.8796170353889465,,0.8789971,,ATTENTION,4
train_10,train,10,A2,158.49253845214844,39.400001525878906,393,0.8709679245948792,,0.8714485,,ATTENTION,4
train_10,train,10,A2,158.49253845214844,39.5,394,0.8774154782295227,,0.8767406,,ATTENTION,4
train_10,train,10,A2,158.49253845214844,39.599998474121094,395,0.8807178735733032,,0.87994206,,ATTENTION,4
train_10,train,10,A2,158.49253845214844,39.70000076293945,396,0.8720687031745911,,0.8725791,,ATTENTION,4
train_10,train,10,A2,158.49253845214844,39.79999923706055,397,0.8631051778793335,,0.8640928,,ATTENTION,4
train_10,train,10,A2,158.49253845214844,39.900001525878906,398,0.8531979322433472,,0.85468745,,ATTENTION,4
train_10,train,10,A2,158.49253845214844,40.0,399,0.8447060585021973,,0.8461506,,ATTENTION,4
train_10,train,10,A2,158.49253845214844,40.099998474121094,400,0.8445488810539246,,0.84464216,,ATTENTION,4
train_10,train,10,A2,158.49253845214844,40.20000076293945,401,0.851153552532196,,0.8505478,,ATTENTION,4
train_10,train,10,A2,158.49253845214844,40.29999923706055,402,0.8456497192382812,,0.8463431,,ATTENTION,4
train_10,train,10,A2,158.49253845214844,40.400001525878906,403,0.8296095728874207,,0.83317214,,ATTENTION,4
train_10,train,10,A2,158.49253845214844,40.5,404,0.8305530548095703,,0.8307886,,ATTENTION,4
train_10,train,10,A2,158.49253845214844,40.599998474121094,405,0.8303958177566528,,0.8307291,,ATTENTION,4
train_10,train,10,A2,158.49253845214844,40.70000076293945,406,0.8335409164428711,,0.8333573,,ATTENTION,4
train_10,train,10,A2,158.49253845214844,40.79999923706055,407,0.8275652527809143,,0.82894176,,ATTENTION,4
train_10,train,10,A2,158.49253845214844,40.900001525878906,408,0.8259925246238708,,0.826494,,ATTENTION,4
train_10,train,10,A2,158.49253845214844,41.0,409,0.8258352875709534,,0.82606196,,ATTENTION,4
train_10,train,10,A2,158.49253845214844,41.099998474121094,410,0.8325973749160767,,0.83204705,,ATTENTION,4
train_10,train,10,A2,158.49253845214844,41.20000076293945,411,0.8370005488395691,,0.8365354,,ATTENTION,4
train_10,train,10,A2,158.49253845214844,41.29999923706055,412,0.8392021059989929,,0.8388705,,ATTENTION,4
train_10,train,10,A2,158.49253845214844,41.400001525878906,413,0.8184443712234497,,0.8234179,,ATTENTION,4
train_10,train,10,A2,158.49253845214844,41.5,414,0.8193878531455994,,0.81962156,,ATTENTION,4
train_10,train,10,A2,158.49253845214844,41.599998474121094,415,0.8162427544593811,,0.8171865,,ATTENTION,4
train_10,train,10,A2,158.49253845214844,41.70000076293945,416,0.8162427544593811,,0.8166474,,ATTENTION,4
train_10,train,10,A2,158.49253845214844,41.79999923706055,417,0.823790967464447,,0.8233068,,ATTENTION,4
train_10,train,10,A2,158.49253845214844,41.900001525878906,418,0.8184443712234497,,0.8196424,,ATTENTION,4
train_10,train,10,A2,158.49253845214844,42.0,419,0.8250490427017212,,0.8245416,,ATTENTION,4
train_10,train,10,A2,158.49253845214844,42.099998474121094,420,0.828194260597229,,0.8279279,,ATTENTION,4
train_10,train,10,A2,158.49253845214844,42.20000076293945,421,0.8193878531455994,,0.82118165,,ATTENTION,4
train_10,train,10,A2,158.49253845214844,42.29999923706055,422,0.8182869553565979,,0.8186047,,ATTENTION,4
train_10,train,10,A2,158.49253845214844,42.400001525878906,423,0.8390448689460754,,0.83838725,,ATTENTION,4
train_10,train,10,A2,158.49253845214844,42.5,424,0.8392021059989929,,0.839001,,ATTENTION,4
train_10,train,10,A2,158.49253845214844,42.599998474121094,425,0.8336980938911438,,0.8344473,,ATTENTION,4
train_10,train,10,A2,158.49253845214844,42.70000076293945,426,0.8248918056488037,,0.8264861,,ATTENTION,4
train_10,train,10,A2,158.49253845214844,42.79999923706055,427,0.828194260597229,,0.8276904,,ATTENTION,4
train_10,train,10,A2,158.49253845214844,42.900001525878906,428,0.8192306160926819,,0.82097167,,ATTENTION,4
train_10,train,10,A2,158.49253845214844,43.0,429,0.8105815649032593,,0.8124452,,ATTENTION,4
train_10,train,10,A2,158.49253845214844,43.099998474121094,430,0.8061782717704773,,0.8072429,,ATTENTION,4
train_10,train,10,A2,158.49253845214844,43.20000076293945,431,0.8019323348999023,,0.802903,,ATTENTION,4
train_10,train,10,A2,158.49253845214844,43.29999923706055,432,0.7976863980293274,,0.79863894,,ATTENTION,4
train_10,train,10,A2,158.49253845214844,43.400001525878906,433,0.7973719835281372,,0.7976608,,ATTENTION,4
train_10,train,10,A2,158.49253845214844,43.5,434,0.7973719835281372,,0.7975993,,ATTENTION,4
train_10,train,10,A2,158.49253845214844,43.599998474121094,435,0.795170247554779,,0.7957366,,ATTENTION,4
train_10,train,10,A2,158.49253845214844,43.70000076293945,436,0.8009888529777527,,0.80051446,,ATTENTION,4
train_10,train,10,A2,158.49253845214844,43.79999923706055,437,0.7863640189170837,,0.78988737,,ATTENTION,4
train_10,train,10,A2,158.49253845214844,43.900001525878906,438,0.7885655760765076,,0.78848475,,ATTENTION,4
train_10,train,10,A2,158.49253845214844,44.0,439,0.7885655760765076,,0.7888804,,ATTENTION,4
train_10,train,10,A2,158.49253845214844,44.099998474121094,440,0.7863640189170837,,0.78698695,,ATTENTION,4
train_10,train,10,A2,158.49253845214844,44.20000076293945,441,0.7830615639686584,,0.78390056,,ATTENTION,4
train_10,train,10,A2,158.49253845214844,44.29999923706055,442,0.7810172438621521,,0.78154457,,ATTENTION,4
train_10,train,10,A2,158.49253845214844,44.400001525878906,443,0.7832188010215759,,0.783094,,ATTENTION,4
train_10,train,10,A2,158.49253845214844,44.5,444,0.7885655760765076,,0.78801376,,ATTENTION,4
train_10,train,10,A2,158.49253845214844,44.599998474121094,445,0.7852631211280823,,0.7860056,,ATTENTION,4
train_10,train,10,A2,158.49253845214844,44.70000076293945,446,0.7863640189170837,,0.7863676,,ATTENTION,4
train_10,train,10,A2,158.49253845214844,44.79999923706055,447,0.7830615639686584,,0.7837804,,ATTENTION,4
train_10,train,10,A2,158.49253845214844,44.900001525878906,448,0.7808600068092346,,0.7814169,,ATTENTION,4
train_10,train,10,A2,158.49253845214844,45.0,449,0.7830615639686584,,0.78278375,,ATTENTION,4
train_10,train,10,A2,158.49253845214844,45.099998474121094,450,0.7777149677276611,,0.77880824,,ATTENTION,4
train_10,train,10,A2,158.49253845214844,45.20000076293945,451,0.7777149677276611,,0.7776594,,ATTENTION,4
train_10,train,10,A2,158.49253845214844,45.29999923706055,452,0.7756706476211548,,0.7759656,,ATTENTION,4
train_10,train,10,A2,158.49253845214844,45.400001525878906,453,0.7709528803825378,,0.77179515,,ATTENTION,4
train_10,train,10,A2,158.49253845214844,45.5,454,0.776456892490387,,0.7757965,,ATTENTION,4
train_10,train,10,A2,158.49253845214844,45.599998474121094,455,0.7751988172531128,,0.77518827,,ATTENTION,4
train_10,train,10,A2,158.49253845214844,45.70000076293945,456,0.7751988172531128,,0.7749202,,ATTENTION,4
train_10,train,10,A2,158.49253845214844,45.79999923706055,457,0.7777149677276611,,0.77722776,,ATTENTION,4
train_10,train,10,A2,158.49253845214844,45.900001525878906,458,0.7766140699386597,,0.7767317,,ATTENTION,4
train_10,train,10,A2,158.49253845214844,46.0,459,0.7777149677276611,,0.7775054,,ATTENTION,4
train_10,train,10,A2,158.49253845214844,46.099998474121094,460,0.772210955619812,,0.7731135,,ATTENTION,4
train_10,train,10,A2,158.49253845214844,46.20000076293945,461,0.7689085602760315,,0.7692852,,ATTENTION,4
train_10,train,10,A2,158.49253845214844,46.29999923706055,462,0.7689085602760315,,0.7687273,,ATTENTION,4
train_10,train,10,A2,158.49253845214844,46.400001525878906,463,0.7689085602760315,,0.7688098,,ATTENTION,4
train_10,train,10,A2,158.49253845214844,46.5,464,0.7635617256164551,,0.764311,,ATTENTION,4
train_10,train,10,A2,158.49253845214844,46.599998474121094,465,0.7711101174354553,,0.77018267,,ATTENTION,4
train_10,train,10,A2,158.49253845214844,46.70000076293945,466,0.7711101174354553,,0.771013,,ATTENTION,4
train_10,train,10,A2,158.49253845214844,46.79999923706055,467,0.7624610662460327,,0.76409584,,ATTENTION,4
train_10,train,10,A2,158.49253845214844,46.900001525878906,468,0.7656061053276062,,0.7650144,,ATTENTION,4
train_10,train,10,A2,158.49253845214844,47.0,469,0.7601020932197571,,0.76101863,,ATTENTION,4
train_10,train,10,A2,158.49253845214844,47.099998474121094,470,0.776456892490387,,0.7750945,,ATTENTION,4
train_10,train,10,A2,158.49253845214844,47.20000076293945,471,0.7678076028823853,,0.76957524,,ATTENTION,4
train_10,train,10,A2,158.49253845214844,47.29999923706055,472,0.7635617256164551,,0.7641941,,ATTENTION,4
train_10,train,10,A2,158.49253845214844,47.400001525878906,473,0.7514530420303345,,0.75419337,,ATTENTION,4
train_10,train,10,A2,158.49253845214844,47.5,474,0.7547554969787598,,0.75424445,,ATTENTION,4
train_10,train,10,A2,158.49253845214844,47.599998474121094,475,0.7450055480003357,,0.7469622,,ATTENTION,4
train_10,train,10,A2,158.49253845214844,47.70000076293945,476,0.743590235710144,,0.74343675,,ATTENTION,4
train_10,train,10,A2,158.49253845214844,47.79999923706055,477,0.7426468133926392,,0.7423806,,ATTENTION,4
train_10,train,10,A2,158.49253845214844,47.900001525878906,478,0.7338403463363647,,0.7353267,,ATTENTION,4
train_10,train,10,A2,158.49253845214844,48.0,479,0.7284935712814331,,0.72896326,,ATTENTION,4
train_10,train,10,A2,158.49253845214844,48.099998474121094,480,0.7262920141220093,,0.7260786,,ATTENTION,4
train_10,train,10,A2,158.49253845214844,48.20000076293945,481,0.7236185669898987,,0.723408,,ATTENTION,4
train_10,train,10,A2,158.49253845214844,48.29999923706055,482,0.7185864448547363,,0.71883476,,ATTENTION,4
train_10,train,10,A2,158.49253845214844,48.400001525878906,483,0.7132396101951599,,0.713458,,ATTENTION,4
train_10,train,10,A2,158.49253845214844,48.5,484,0.7185864448547363,,0.7175306,,ATTENTION,4
train_10,train,10,A2,158.49253845214844,48.599998474121094,485,0.7168567180633545,,0.7165446,,ATTENTION,4
train_10,train,10,A2,158.49253845214844,48.70000076293945,486,0.7185864448547363,,0.7177561,,ATTENTION,4
train_10,train,10,A2,158.49253845214844,48.79999923706055,487,0.7130824327468872,,0.71354955,,ATTENTION,4
train_10,train,10,A2,158.49253845214844,48.900001525878906,488,0.715283989906311,,0.71441185,,ATTENTION,4
train_10,train,10,A2,158.49253845214844,49.0,489,0.719687283039093,,0.7186192,,ATTENTION,4
train_10,train,10,A2,158.49253845214844,49.099998474121094,490,0.7218888998031616,,0.72105503,,ATTENTION,4
train_10,train,10,A2,158.49253845214844,49.20000076293945,491,0.7251912951469421,,0.7243445,,ATTENTION,4
train_10,train,10,A2,158.49253845214844,49.29999923706055,492,0.719687283039093,,0.7201513,,ATTENTION,4
train_10,train,10,A2,158.49253845214844,49.400001525878906,493,0.723933219909668,,0.723166,,ATTENTION,4
train_10,train,10,A2,158.49253845214844,49.5,494,0.7283363342285156,,0.7275667,,ATTENTION,4
train_10,train,10,A2,158.49253845214844,49.599998474121094,495,0.7284935712814331,,0.72814363,,ATTENTION,4
train_10,train,10,A2,158.49253845214844,49.70000076293945,496,0.7251912951469421,,0.72538877,,ATTENTION,4
train_10,train,10,A2,158.49253845214844,49.79999923706055,497,0.7185864448547363,,0.71946585,,ATTENTION,4
train_10,train,10,A2,158.49253845214844,49.900001525878906,498,0.715283989906311,,0.71544707,,ATTENTION,4
train_10,train,10,A2,158.49253845214844,50.0,499,0.7185864448547363,,0.7179285,,ATTENTION,4
train_10,train,10,A2,158.49253845214844,50.099998474121094,500,0.7218888998031616,,0.7211994,,ATTENTION,4
train_10,train,10,A2,158.49253845214844,50.20000076293945,501,0.7308525443077087,,0.7299795,,ATTENTION,4
train_10,train,10,A2,158.49253845214844,50.29999923706055,502,0.7240903973579407,,0.7250951,,ATTENTION,4
train_10,train,10,A2,158.49253845214844,50.400001525878906,503,0.7251912951469421,,0.7247672,,ATTENTION,4
train_10,train,10,A2,158.49253845214844,50.5,504,0.7503522038459778,,0.74882555,,ATTENTION,4
train_10,train,10,A2,158.49253845214844,50.599998474121094,505,0.7454772591590881,,0.7465599,,ATTENTION,4
train_10,train,10,A2,158.49253845214844,50.70000076293945,506,0.7385581135749817,,0.7400311,,ATTENTION,4
train_10,train,10,A2,158.49253845214844,50.79999923706055,507,0.7251912951469421,,0.72851163,,ATTENTION,4
train_10,train,10,A2,158.49253845214844,50.900001525878906,508,0.7218888998031616,,0.72209656,,ATTENTION,4
train_10,train,10,A2,158.49253845214844,51.0,509,0.6953125,,0.7039404,,ATTENTION,4
train_10,train,10,A2,158.49253845214844,51.099998474121094,510,0.688393235206604,,0.68907565,,ATTENTION,4
train_10,train,10,A2,158.49253845214844,51.20000076293945,511,0.6858770251274109,,0.68566215,,ATTENTION,4
train_10,train,10,A2,158.49253845214844,51.29999923706055,512,0.6836754679679871,,0.68339425,,ATTENTION,4
train_10,train,10,A2,158.49253845214844,51.400001525878906,513,0.6860344409942627,,0.6852483,,ATTENTION,4
train_10,train,10,A2,158.49253845214844,51.5,514,0.6814739108085632,,0.6816338,,ATTENTION,4
train_10,train,10,A2,158.49253845214844,51.599998474121094,515,0.6781715154647827,,0.67815334,,ATTENTION,4
train_10,train,10,A2,158.49253845214844,51.70000076293945,516,0.6770707964897156,,0.6766473,,ATTENTION,4
train_10,train,10,A2,158.49253845214844,51.79999923706055,517,0.6715667247772217,,0.6719352,,ATTENTION,4
train_10,train,10,A2,158.49253845214844,51.900001525878906,518,0.6596153378486633,,0.66188914,,ATTENTION,4
train_10,train,10,A2,158.49253845214844,52.0,519,0.664018452167511,,0.66326165,,ATTENTION,4
train_10,train,10,A2,158.49253845214844,52.099998474121094,520,0.6695224642753601,,0.6686015,,ATTENTION,4
train_10,train,10,A2,158.49253845214844,52.20000076293945,521,0.7066349387168884,,0.7031239,,ATTENTION,4
train_10,train,10,A2,158.49253845214844,52.29999923706055,522,0.715283989906311,,0.7148083,,ATTENTION,4
train_10,train,10,A2,158.49253845214844,52.400001525878906,523,0.7033325433731079,,0.7062315,,ATTENTION,4
train_10,train,10,A2,158.49253845214844,52.5,524,0.6857197880744934,,0.6907675,,ATTENTION,4
train_10,train,10,A2,158.49253845214844,52.599998474121094,525,0.6748692393302917,,0.677086,,ATTENTION,4
train_10,train,10,A2,158.49253845214844,52.70000076293945,526,0.6607159972190857,,0.6641114,,ATTENTION,4
train_10,train,10,A2,158.49253845214844,52.79999923706055,527,0.6509662866592407,,0.6527904,,ATTENTION,4
train_10,train,10,A2,158.49253845214844,52.900001525878906,528,0.6390146017074585,,0.64163125,,ATTENTION,4
train_10,train,10,A2,158.49253845214844,53.0,529,0.6346114873886108,,0.6351943,,ATTENTION,4
train_10,train,10,A2,158.49253845214844,53.099998474121094,530,0.6346114873886108,,0.63445497,,ATTENTION,4
train_10,train,10,A2,158.49253845214844,53.20000076293945,531,0.6346114873886108,,0.6345414,,ATTENTION,4
train_10,train,10,A2,158.49253845214844,53.29999923706055,532,0.6346114873886108,,0.63449633,,ATTENTION,4
train_10,train,10,A2,158.49253845214844,53.400001525878906,533,0.6302083730697632,,0.6308689,,ATTENTION,4
train_10,train,10,A2,158.49253845214844,53.5,534,0.6302083730697632,,0.6301402,,ATTENTION,4
train_10,train,10,A2,158.49253845214844,53.599998474121094,535,0.6215593218803406,,0.62335515,,ATTENTION,4
train_10,train,10,A2,158.49253845214844,53.70000076293945,536,0.6140109896659851,,0.6155728,,ATTENTION,4
train_10,train,10,A2,158.49253845214844,53.79999923706055,537,0.6105513572692871,,0.61118144,,ATTENTION,4
train_10,train,10,A2,158.49253845214844,53.900001525878906,538,0.6039464473724365,,0.6054506,,ATTENTION,4
train_10,train,10,A2,158.49253845214844,54.0,539,0.5962408781051636,,0.59831667,,ATTENTION,4
train_10,train,10,A2,158.49253845214844,54.099998474121094,540,0.5908942222595215,,0.59253216,,ATTENTION,4
train_10,train,10,A2,158.49253845214844,54.20000076293945,541,0.5908942222595215,,0.5916903,,ATTENTION,4
train_10,train,10,A2,158.49253845214844,54.29999923706055,542,0.5908942222595215,,0.5916474,,ATTENTION,4
train_10,train,10,A2,158.49253845214844,54.400001525878906,543,0.5908942222595215,,0.5916647,,ATTENTION,4
train_10,train,10,A2,158.49253845214844,54.5,544,0.5930958390235901,,0.5935943,,ATTENTION,4
train_10,train,10,A2,158.49253845214844,54.599998474121094,545,0.5930958390235901,,0.59377563,,ATTENTION,4
train_10,train,10,A2,158.49253845214844,54.70000076293945,546,0.5930958390235901,,0.59389,,ATTENTION,4
train_10,train,10,A2,158.49253845214844,54.79999923706055,547,0.5951401591300964,,0.59564936,,ATTENTION,4
train_10,train,10,A2,158.49253845214844,54.900001525878906,548,0.5976561903953552,,0.5981599,,ATTENTION,4
train_10,train,10,A2,158.49253845214844,55.0,549,0.5962408781051636,,0.5971973,,ATTENTION,4
train_10,train,10,A2,158.49253845214844,55.099998474121094,550,0.5908942222595215,,0.59266126,,ATTENTION,4
train_10,train,10,A2,158.49253845214844,55.20000076293945,551,0.5952973961830139,,0.59578085,,ATTENTION,4
train_10,train,10,A2,158.49253845214844,55.29999923706055,552,0.5886926651000977,,0.5908443,,ATTENTION,4
train_10,train,10,A2,158.49253845214844,55.400001525878906,553,0.588063657283783,,0.5890752,,ATTENTION,4
train_10,train,10,A2,158.49253845214844,55.5,554,0.5908942222595215,,0.59140086,,ATTENTION,4
train_10,train,10,A2,158.49253845214844,55.599998474121094,555,0.5984426140785217,,0.59871095,,ATTENTION,4
train_10,train,10,A2,158.49253845214844,55.70000076293945,556,0.6173133850097656,,0.6176342,,ATTENTION,4
train_10,train,10,A2,158.49253845214844,55.79999923706055,557,0.6118093729019165,,0.6132841,,ATTENTION,4
train_10,train,10,A2,158.49253845214844,55.900001525878906,558,0.6041038036346436,,0.6062399,,ATTENTION,4
train_10,train,10,A2,158.49253845214844,56.0,559,0.5997005701065063,,0.6012536,,ATTENTION,4
train_10,train,10,A2,158.49253845214844,56.099998474121094,560,0.6019020676612854,,0.602491,,ATTENTION,4
train_10,train,10,A2,158.49253845214844,56.20000076293945,561,0.5985997915267944,,0.59999514,,ATTENTION,4
train_10,train,10,A2,158.49253845214844,56.29999923706055,562,0.5842893719673157,,0.5889467,,ATTENTION,4
train_10,train,10,A2,158.49253845214844,56.400001525878906,563,0.5754831433296204,,0.5785314,,ATTENTION,4
train_10,train,10,A2,158.49253845214844,56.5,564,0.5644751787185669,,0.56840897,,ATTENTION,4
train_10,train,10,A2,158.49253845214844,56.599998474121094,565,0.5602292418479919,,0.56243676,,ATTENTION,4
train_10,train,10,A2,158.49253845214844,56.70000076293945,566,0.5580276846885681,,0.56000775,,ATTENTION,4
train_10,train,10,A2,158.49253845214844,56.79999923706055,567,0.5493784546852112,,0.5529474,,ATTENTION,4
train_10,train,10,A2,158.49253845214844,56.900001525878906,568,0.5460761785507202,,0.54855156,,ATTENTION,4
train_10,train,10,A2,158.49253845214844,57.0,569,0.5438746213912964,,0.5462709,,ATTENTION,4
train_10,train,10,A2,158.49253845214844,57.099998474121094,570,0.5426164865493774,,0.54492384,,ATTENTION,4
train_10,train,10,A2,158.49253845214844,57.20000076293945,571,0.5371125340461731,,0.54022527,,ATTENTION,4
train_10,train,10,A2,158.49253845214844,57.29999923706055,572,0.5394713282585144,,0.54134697,,ATTENTION,4
train_10,train,10,A2,158.49253845214844,57.400001525878906,573,0.5308222770690918,,0.5347947,,ATTENTION,4
train_10,train,10,A2,158.49253845214844,57.5,574,0.528620719909668,,0.5312829,,ATTENTION,4
train_10,train,10,A2,158.49253845214844,57.599998474121094,575,0.5372697710990906,,0.5386176,,ATTENTION,4
train_10,train,10,A2,158.49253845214844,57.70000076293945,576,0.5394713282585144,,0.5413459,,ATTENTION,4
train_10,train,10,A2,158.49253845214844,57.79999923706055,577,0.5402577519416809,,0.5423032,,ATTENTION,4
train_10,train,10,A2,158.49253845214844,57.900001525878906,578,0.5407294034957886,,0.5427848,,ATTENTION,4
train_10,train,10,A2,158.49253845214844,58.0,579,0.5404149293899536,,0.5425913,,ATTENTION,4
train_10,train,10,A2,158.49253845214844,58.099998474121094,580,0.5350682139396667,,0.5381204,,ATTENTION,4
train_10,train,10,A2,158.49253845214844,58.20000076293945,581,0.5356972217559814,,0.5377592,,ATTENTION,4
train_10,train,10,A2,158.49253845214844,58.29999923706055,582,0.5366407036781311,,0.5387273,,ATTENTION,4
train_10,train,10,A2,158.49253845214844,58.400001525878906,583,0.5350682139396667,,0.53755957,,ATTENTION,4
train_10,train,10,A2,158.49253845214844,58.5,584,0.528620719909668,,0.5321272,,ATTENTION,4
train_10,train,10,A2,158.49253845214844,58.599998474121094,585,0.5253182649612427,,0.5282559,,ATTENTION,4
train_10,train,10,A2,158.49253845214844,58.70000076293945,586,0.5306650400161743,,0.53233254,,ATTENTION,4
train_10,train,10,A2,158.49253845214844,58.79999923706055,587,0.5481205582618713,,0.5489758,,ATTENTION,4
train_10,train,10,A2,158.49253845214844,58.900001525878906,588,0.5371125340461731,,0.54154676,,ATTENTION,4
train_10,train,10,A2,158.49253845214844,59.0,589,0.5264191627502441,,0.5309164,,ATTENTION,4
train_10,train,10,A2,158.49253845214844,59.099998474121094,590,0.5187135934829712,,0.5226442,,ATTENTION,4
train_10,train,10,A2,158.49253845214844,59.20000076293945,591,0.5055040121078491,,0.5111858,,ATTENTION,4
train_10,train,10,A2,158.49253845214844,59.29999923706055,592,0.5097498893737793,,0.51169455,,ATTENTION,4
train_10,train,10,A2,158.49253845214844,59.400001525878906,593,0.5055040121078491,,0.5088595,,ATTENTION,4
train_10,train,10,A2,158.49253845214844,59.5,594,0.5053467750549316,,0.5079775,,ATTENTION,4
train_10,train,10,A2,158.49253845214844,59.599998474121094,595,0.49779844284057617,,0.5019414,,ATTENTION,4
train_10,train,10,A2,158.49253845214844,59.70000076293945,596,0.49465322494506836,,0.49797514,,ATTENTION,4
train_10,train,10,A2,158.49253845214844,59.79999923706055,597,0.5,,0.50195485,,ATTENTION,4
train_10,train,10,A2,158.49253845214844,59.900001525878906,598,0.49449601769447327,,0.4982131,,ATTENTION,4
train_10,train,10,A2,158.49253845214844,60.0,599,0.49229443073272705,,0.49536964,,ATTENTION,4
train_10,train,10,A2,158.49253845214844,60.099998474121094,600,0.4878913164138794,,0.49147347,,ATTENTION,4
train_10,train,10,A2,158.49253845214844,60.20000076293945,601,0.4878913164138794,,0.49067515,,ATTENTION,4
train_10,train,10,A2,158.49253845214844,60.29999923706055,602,0.4817582368850708,,0.48576277,,ATTENTION,4
train_10,train,10,A2,158.49253845214844,60.400001525878906,603,0.479556679725647,,0.48274362,,ATTENTION,4
train_10,train,10,A2,158.49253845214844,60.5,604,0.47593966126441956,,0.47937012,,ATTENTION,4
train_10,train,10,A2,158.49253845214844,60.599998474121094,605,0.47373828291893005,,0.4769301,,ATTENTION,4
train_10,train,10,A2,158.49253845214844,60.70000076293945,606,0.4784558117389679,,0.48050544,,ATTENTION,4
train_10,train,10,A2,158.49253845214844,60.79999923706055,607,0.47924211621284485,,0.48188278,,ATTENTION,4
train_10,train,10,A2,158.49253845214844,60.900001525878906,608,0.47704052925109863,,0.48020616,,ATTENTION,4
train_10,train,10,A2,158.49253845214844,61.0,609,0.47593966126441956,,0.47892967,,ATTENTION,4
train_10,train,10,A2,158.49253845214844,61.099998474121094,610,0.47593966126441956,,0.47874856,,ATTENTION,4
train_10,train,10,A2,158.49253845214844,61.20000076293945,611,0.4715365469455719,,0.47514609,,ATTENTION,4
train_10,train,10,A2,158.49253845214844,61.29999923706055,612,0.47059303522109985,,0.4734993,,ATTENTION,4
train_10,train,10,A2,158.49253845214844,61.400001525878906,613,0.47059303522109985,,0.47334343,,ATTENTION,4
train_10,train,10,A2,158.49253845214844,61.5,614,0.48034295439720154,,0.4816536,,ATTENTION,4
train_10,train,10,A2,158.49253845214844,61.599998474121094,615,0.4878913164138794,,0.48953173,,ATTENTION,4
train_10,train,10,A2,158.49253845214844,61.70000076293945,616,0.48584696650505066,,0.48893198,,ATTENTION,4
train_10,train,10,A2,158.49253845214844,61.79999923706055,617,0.47593966126441956,,0.48079062,,ATTENTION,4
train_10,train,10,A2,158.49253845214844,61.900001525878906,618,0.47704052925109863,,0.479562,,ATTENTION,4
train_10,train,10,A2,158.49253845214844,62.0,619,0.47373828291893005,,0.4770551,,ATTENTION,4
train_10,train,10,A2,158.49253845214844,62.099998474121094,620,0.47593966126441956,,0.47833562,,ATTENTION,4
train_10,train,10,A2,158.49253845214844,62.20000076293945,621,0.47704052925109863,,0.47959903,,ATTENTION,4
train_10,train,10,A2,158.49253845214844,62.29999923706055,622,0.47924211621284485,,0.48159853,,ATTENTION,4
train_10,train,10,A2,158.49253845214844,62.400001525878906,623,0.5086490511894226,,0.5073842,,ATTENTION,4
train_10,train,10,A2,158.49253845214844,62.5,624,0.49119359254837036,,0.49844056,,ATTENTION,4
train_10,train,10,A2,158.49253845214844,62.599998474121094,625,0.47593966126441956,,0.48246258,,ATTENTION,4
train_10,train,10,A2,158.49253845214844,62.70000076293945,626,0.46713340282440186,,0.47172567,,ATTENTION,4
train_10,train,10,A2,158.49253845214844,62.79999923706055,627,0.45549651980400085,,0.46074763,,ATTENTION,4
train_10,train,10,A2,158.49253845214844,62.900001525878906,628,0.447476327419281,,0.45172045,,ATTENTION,4
train_10,train,10,A2,158.49253845214844,63.0,629,0.4419723451137543,,0.4456415,,ATTENTION,4
train_10,train,10,A2,158.49253845214844,63.099998474121094,630,0.44087162613868713,,0.44358644,,ATTENTION,4
train_10,train,10,A2,158.49253845214844,63.20000076293945,631,0.444016695022583,,0.44595367,,ATTENTION,4
train_10,train,10,A2,158.49253845214844,63.29999923706055,632,0.44496020674705505,,0.44729462,,ATTENTION,4
train_10,train,10,A2,158.49253845214844,63.400001525878906,633,0.4441739022731781,,0.44681987,,ATTENTION,4
train_10,train,10,A2,158.49253845214844,63.5,634,0.4441739022731781,,0.44668487,,ATTENTION,4
train_10,train,10,A2,158.49253845214844,63.599998474121094,635,0.43646833300590515,,0.44057944,,ATTENTION,4
train_10,train,10,A2,158.49253845214844,63.70000076293945,636,0.43002086877822876,,0.43378395,,ATTENTION,4
train_10,train,10,A2,158.49253845214844,63.79999923706055,637,0.4322224259376526,,0.43416527,,ATTENTION,4
train_10,train,10,A2,158.49253845214844,63.900001525878906,638,0.4331660866737366,,0.4353825,,ATTENTION,4
train_10,train,10,A2,158.49253845214844,64.0,639,0.42121443152427673,,0.4262774,,ATTENTION,4
train_10,train,10,A2,158.49253845214844,64.0999984741211,640,0.41571059823036194,,0.41903323,,ATTENTION,4
train_10,train,10,A2,158.49253845214844,64.19999694824219,641,0.4070613980293274,,0.41101396,,ATTENTION,4
train_10,train,10,A2,158.49253845214844,64.30000305175781,642,0.4102066159248352,,0.41156343,,ATTENTION,4
train_10,train,10,A2,158.49253845214844,64.4000015258789,643,0.4103638231754303,,0.41231433,,ATTENTION,4
train_10,train,10,A2,158.49253845214844,64.5,644,0.40596067905426025,,0.40885648,,ATTENTION,4
train_10,train,10,A2,158.49253845214844,64.5999984741211,645,0.4125653803348541,,0.41321978,,ATTENTION,4
train_10,train,10,A2,158.49253845214844,64.69999694824219,646,0.4092629551887512,,0.4119269,,ATTENTION,4
train_10,train,10,A2,158.49253845214844,64.80000305175781,647,0.4037589728832245,,0.40680745,,ATTENTION,4
train_10,train,10,A2,158.49253845214844,64.9000015258789,648,0.4190128743648529,,0.4179939,,ATTENTION,4
train_10,train,10,A2,158.49253845214844,65.0,649,0.4229443371295929,,0.42422843,,ATTENTION,4
train_10,train,10,A2,158.49253845214844,65.0999984741211,650,0.4142952859401703,,0.4182017,,ATTENTION,4
train_10,train,10,A2,158.49253845214844,65.19999694824219,651,0.4042308032512665,,0.40839955,,ATTENTION,4
train_10,train,10,A2,158.49253845214844,65.30000305175781,652,0.37985602021217346,,0.38826194,,ATTENTION,4
train_10,train,10,A2,158.49253845214844,65.4000015258789,653,0.37985602021217346,,0.38113177,,ATTENTION,4
train_10,train,10,A2,158.49253845214844,65.5,654,0.3752956688404083,,0.37751487,,ATTENTION,4
train_10,train,10,A2,158.49253845214844,65.5999984741211,655,0.37136417627334595,,0.37342295,,ATTENTION,4
train_10,train,10,A2,158.49253845214844,65.69999694824219,656,0.37120696902275085,,0.37238148,,ATTENTION,4
train_10,train,10,A2,158.49253845214844,65.80000305175781,657,0.3546949326992035,,0.35984358,,ATTENTION,4
train_10,train,10,A2,158.49253845214844,65.9000015258789,658,0.3546949326992035,,0.35545823,,ATTENTION,4
train_10,train,10,A2,158.49253845214844,66.0,659,0.36019912362098694,,0.3597593,,ATTENTION,4
train_10,train,10,A2,158.49253845214844,66.0999984741211,660,0.36240053176879883,,0.36271924,,ATTENTION,4
train_10,train,10,A2,158.49253845214844,66.19999694824219,661,0.36774733662605286,,0.36744508,,ATTENTION,4
train_10,train,10,A2,158.49253845214844,66.30000305175781,662,0.3633441925048828,,0.36517772,,ATTENTION,4
train_10,train,10,A2,158.49253845214844,66.4000015258789,663,0.3633441925048828,,0.36412117,,ATTENTION,4
train_10,train,10,A2,158.49253845214844,66.5,664,0.36554574966430664,,0.36581337,,ATTENTION,4
train_10,train,10,A2,158.49253845214844,66.5999984741211,665,0.36019912362098694,,0.36207253,,ATTENTION,4
train_10,train,10,A2,158.49253845214844,66.69999694824219,666,0.35909828543663025,,0.35993424,,ATTENTION,4
train_10,train,10,A2,158.49253845214844,66.80000305175781,667,0.35909828543663025,,0.35967085,,ATTENTION,4
train_10,train,10,A2,158.49253845214844,66.9000015258789,668,0.4103638231754303,,0.39704654,,ATTENTION,4
train_45,train,45,A2,118.21446990966797,0.10000000149011612,0,1.0,,0.98610735,,ATTENTION,4
train_45,train,45,A2,118.21446990966797,0.20000000298023224,1,1.0,,0.9999859,,ATTENTION,4
train_45,train,45,A2,118.21446990966797,0.30000001192092896,2,1.0,,1.0,,ATTENTION,4
train_45,train,45,A2,118.21446990966797,0.4000000059604645,3,1.0,,1.0,,ATTENTION,4
train_45,train,45,A2,118.21446990966797,0.5,4,1.0,,1.0,,ATTENTION,4
train_45,train,45,A2,118.21446990966797,0.6000000238418579,5,1.0,,1.0,,ATTENTION,4
train_45,train,45,A2,118.21446990966797,0.699999988079071,6,1.0,,1.0,,ATTENTION,4
train_45,train,45,A2,118.21446990966797,0.800000011920929,7,1.0,,1.0,,ATTENTION,4
train_45,train,45,A2,118.21446990966797,0.8999999761581421,8,1.0,,1.0,,ATTENTION,4
train_45,train,45,A2,118.21446990966797,1.0,9,1.0,,1.0,,ATTENTION,4
train_45,train,45,A2,118.21446990966797,1.100000023841858,10,1.0,,1.0,,ATTENTION,4
train_45,train,45,A2,118.21446990966797,1.2000000476837158,11,1.0,,1.0,,ATTENTION,4
train_45,train,45,A2,118.21446990966797,1.2999999523162842,12,1.0,,1.0,,ATTENTION,4
train_45,train,45,A2,118.21446990966797,1.399999976158142,13,1.0,,1.0,,ATTENTION,4
train_45,train,45,A2,118.21446990966797,1.5,14,1.0,,1.0,,ATTENTION,4
train_45,train,45,A2,118.21446990966797,1.600000023841858,15,1.0,,1.0,,ATTENTION,4
train_45,train,45,A2,118.21446990966797,1.7000000476837158,16,1.0,,1.0,,ATTENTION,4
train_45,train,45,A2,118.21446990966797,1.7999999523162842,17,1.0,,1.0,,ATTENTION,4
train_45,train,45,A2,118.21446990966797,1.899999976158142,18,1.0,,1.0,,ATTENTION,4
train_45,train,45,A2,118.21446990966797,2.0,19,1.0,,1.0,,ATTENTION,4
train_45,train,45,A2,118.21446990966797,2.0999999046325684,20,1.0,,1.0,,ATTENTION,4
train_45,train,45,A2,118.21446990966797,2.200000047683716,21,1.0,,1.0,,ATTENTION,4
train_45,train,45,A2,118.21446990966797,2.299999952316284,22,1.0,,1.0,,ATTENTION,4
train_45,train,45,A2,118.21446990966797,2.4000000953674316,23,1.0,,1.0,,ATTENTION,4
train_45,train,45,A2,118.21446990966797,2.5,24,1.0,,1.0,,ATTENTION,4
train_45,train,45,A2,118.21446990966797,2.5999999046325684,25,1.0,,1.0,,ATTENTION,4
train_45,train,45,A2,118.21446990966797,2.700000047683716,26,1.0,,1.0,,ATTENTION,4
train_45,train,45,A2,118.21446990966797,2.799999952316284,27,1.0,,1.0,,ATTENTION,4
train_45,train,45,A2,118.21446990966797,2.9000000953674316,28,1.0,,1.0,,ATTENTION,4
train_45,train,45,A2,118.21446990966797,3.0,29,1.0,,1.0,,ATTENTION,4
train_45,train,45,A2,118.21446990966797,3.0999999046325684,30,1.0,,1.0,,ATTENTION,4
train_45,train,45,A2,118.21446990966797,3.200000047683716,31,1.0,,1.0,,ATTENTION,4
train_45,train,45,A2,118.21446990966797,3.299999952316284,32,1.0,,1.0,,ATTENTION,4
train_45,train,45,A2,118.21446990966797,3.4000000953674316,33,1.0,,1.0,,ATTENTION,4
train_45,train,45,A2,118.21446990966797,3.5,34,1.0,,1.0,,ATTENTION,4
train_45,train,45,A2,118.21446990966797,3.5999999046325684,35,1.0,,1.0,,ATTENTION,4
train_45,train,45,A2,118.21446990966797,3.700000047683716,36,1.0,,1.0,,ATTENTION,4
train_45,train,45,A2,118.21446990966797,3.799999952316284,37,1.0,,1.0,,ATTENTION,4
train_45,train,45,A2,118.21446990966797,3.9000000953674316,38,1.0,,1.0,,ATTENTION,4
train_45,train,45,A2,118.21446990966797,4.0,39,1.0,,1.0,,ATTENTION,4
train_45,train,45,A2,118.21446990966797,4.099999904632568,40,1.0,,1.0,,ATTENTION,4
train_45,train,45,A2,118.21446990966797,4.199999809265137,41,1.0,,1.0,,ATTENTION,4
train_45,train,45,A2,118.21446990966797,4.300000190734863,42,1.0,,1.0,,ATTENTION,4
train_45,train,45,A2,118.21446990966797,4.400000095367432,43,1.0,,1.0,,ATTENTION,4
train_45,train,45,A2,118.21446990966797,4.5,44,1.0,,1.0,,ATTENTION,4
train_45,train,45,A2,118.21446990966797,4.599999904632568,45,1.0,,1.0,,ATTENTION,4
train_45,train,45,A2,118.21446990966797,4.699999809265137,46,1.0,,1.0,,ATTENTION,4
train_45,train,45,A2,118.21446990966797,4.800000190734863,47,1.0,,1.0,,ATTENTION,4
train_45,train,45,A2,118.21446990966797,4.900000095367432,48,1.0,,1.0,,ATTENTION,4
train_45,train,45,A2,118.21446990966797,5.0,49,1.0,,1.0,,ATTENTION,4
train_45,train,45,A2,118.21446990966797,5.099999904632568,50,1.0,,1.0,,ATTENTION,4
train_45,train,45,A2,118.21446990966797,5.199999809265137,51,1.0,,1.0,,ATTENTION,4
train_45,train,45,A2,118.21446990966797,5.300000190734863,52,1.0,,1.0,,ATTENTION,4
train_45,train,45,A2,118.21446990966797,5.400000095367432,53,1.0,,1.0,,ATTENTION,4
train_45,train,45,A2,118.21446990966797,5.5,54,1.0,,1.0,,ATTENTION,4
train_45,train,45,A2,118.21446990966797,5.599999904632568,55,1.0,,1.0,,ATTENTION,4
train_45,train,45,A2,118.21446990966797,5.699999809265137,56,1.0,,1.0,,ATTENTION,4
train_45,train,45,A2,118.21446990966797,5.800000190734863,57,1.0,,1.0,,ATTENTION,4
train_45,train,45,A2,118.21446990966797,5.900000095367432,58,1.0,,1.0,,ATTENTION,4
train_45,train,45,A2,118.21446990966797,6.0,59,1.0,,1.0,,ATTENTION,4
train_45,train,45,A2,118.21446990966797,6.099999904632568,60,1.0,,1.0,,ATTENTION,4
train_45,train,45,A2,118.21446990966797,6.199999809265137,61,1.0,,1.0,,ATTENTION,4
train_45,train,45,A2,118.21446990966797,6.300000190734863,62,1.0,,1.0,,ATTENTION,4
train_45,train,45,A2,118.21446990966797,6.400000095367432,63,1.0,,1.0,,ATTENTION,4
train_45,train,45,A2,118.21446990966797,6.5,64,1.0,,1.0,,ATTENTION,4
train_45,train,45,A2,118.21446990966797,6.599999904632568,65,1.0,,1.0,,ATTENTION,4
train_45,train,45,A2,118.21446990966797,6.699999809265137,66,1.0,,1.0,,ATTENTION,4
train_45,train,45,A2,118.21446990966797,6.800000190734863,67,1.0,,1.0,,ATTENTION,4
train_45,train,45,A2,118.21446990966797,6.900000095367432,68,1.0,,1.0,,ATTENTION,4
train_45,train,45,A2,118.21446990966797,7.0,69,1.0,,1.0,,ATTENTION,4
train_45,train,45,A2,118.21446990966797,7.099999904632568,70,1.0,,1.0,,ATTENTION,4
train_45,train,45,A2,118.21446990966797,7.199999809265137,71,1.0,,1.0,,ATTENTION,4
train_45,train,45,A2,118.21446990966797,7.300000190734863,72,1.0,,1.0,,ATTENTION,4
train_45,train,45,A2,118.21446990966797,7.400000095367432,73,1.0,,1.0,,ATTENTION,4
train_45,train,45,A2,118.21446990966797,7.5,74,1.0,,1.0,,ATTENTION,4
train_45,train,45,A2,118.21446990966797,7.599999904632568,75,1.0,,1.0,,ATTENTION,4
train_45,train,45,A2,118.21446990966797,7.699999809265137,76,1.0,,1.0,,ATTENTION,4
train_45,train,45,A2,118.21446990966797,7.800000190734863,77,1.0,,1.0,,ATTENTION,4
train_45,train,45,A2,118.21446990966797,7.900000095367432,78,1.0,,1.0,,ATTENTION,4
train_45,train,45,A2,118.21446990966797,8.0,79,1.0,,1.0,,ATTENTION,4
train_45,train,45,A2,118.21446990966797,8.100000381469727,80,1.0,,1.0,,ATTENTION,4
train_45,train,45,A2,118.21446990966797,8.199999809265137,81,1.0,,1.0,,ATTENTION,4
train_45,train,45,A2,118.21446990966797,8.300000190734863,82,1.0,,1.0,,ATTENTION,4
train_45,train,45,A2,118.21446990966797,8.399999618530273,83,1.0,,1.0,,ATTENTION,4
train_45,train,45,A2,118.21446990966797,8.5,84,1.0,,1.0,,ATTENTION,4
train_45,train,45,A2,118.21446990966797,8.600000381469727,85,1.0,,1.0,,ATTENTION,4
train_45,train,45,A2,118.21446990966797,8.699999809265137,86,1.0,,1.0,,ATTENTION,4
train_45,train,45,A2,118.21446990966797,8.800000190734863,87,1.0,,1.0,,ATTENTION,4
train_45,train,45,A2,118.21446990966797,8.899999618530273,88,1.0,,1.0,,ATTENTION,4
train_45,train,45,A2,118.21446990966797,9.0,89,1.0,,1.0,,ATTENTION,4
train_45,train,45,A2,118.21446990966797,9.100000381469727,90,1.0,,1.0,,ATTENTION,4
train_45,train,45,A2,118.21446990966797,9.199999809265137,91,1.0,,1.0,,ATTENTION,4
train_45,train,45,A2,118.21446990966797,9.300000190734863,92,1.0,,1.0,,ATTENTION,4
train_45,train,45,A2,118.21446990966797,9.399999618530273,93,1.0,,1.0,,ATTENTION,4
train_45,train,45,A2,118.21446990966797,9.5,94,1.0,,1.0,,ATTENTION,4
train_45,train,45,A2,118.21446990966797,9.600000381469727,95,1.0,,1.0,,ATTENTION,4
train_45,train,45,A2,118.21446990966797,9.699999809265137,96,1.0,,1.0,,ATTENTION,4
train_45,train,45,A2,118.21446990966797,9.800000190734863,97,1.0,,1.0,,ATTENTION,4
train_45,train,45,A2,118.21446990966797,9.899999618530273,98,1.0,,1.0,,ATTENTION,4
train_45,train,45,A2,118.21446990966797,10.0,99,1.0,,1.0,,ATTENTION,4
train_45,train,45,A2,118.21446990966797,10.100000381469727,100,1.0,,1.0,,ATTENTION,4
train_45,train,45,A2,118.21446990966797,10.199999809265137,101,1.0,,1.0,,ATTENTION,4
train_45,train,45,A2,118.21446990966797,10.300000190734863,102,1.0,,1.0,,ATTENTION,4
train_45,train,45,A2,118.21446990966797,10.399999618530273,103,1.0,,1.0,,ATTENTION,4
train_45,train,45,A2,118.21446990966797,10.5,104,1.0,,1.0,,ATTENTION,4
train_45,train,45,A2,118.21446990966797,10.600000381469727,105,1.0,,1.0,,ATTENTION,4
train_45,train,45,A2,118.21446990966797,10.699999809265137,106,1.0,,1.0,,ATTENTION,4
train_45,train,45,A2,118.21446990966797,10.800000190734863,107,1.0,,1.0,,ATTENTION,4
train_45,train,45,A2,118.21446990966797,10.899999618530273,108,1.0,,1.0,,ATTENTION,4
train_45,train,45,A2,118.21446990966797,11.0,109,1.0,,1.0,,ATTENTION,4
train_45,train,45,A2,118.21446990966797,11.100000381469727,110,1.0,,1.0,,ATTENTION,4
train_45,train,45,A2,118.21446990966797,11.199999809265137,111,1.0,,1.0,,ATTENTION,4
train_45,train,45,A2,118.21446990966797,11.300000190734863,112,1.0,,1.0,,ATTENTION,4
train_45,train,45,A2,118.21446990966797,11.399999618530273,113,1.0,,1.0,,ATTENTION,4
train_45,train,45,A2,118.21446990966797,11.5,114,1.0,,1.0,,ATTENTION,4
train_45,train,45,A2,118.21446990966797,11.600000381469727,115,1.0,,1.0,,ATTENTION,4
train_45,train,45,A2,118.21446990966797,11.699999809265137,116,1.0,,1.0,,ATTENTION,4
train_45,train,45,A2,118.21446990966797,11.800000190734863,117,1.0,,1.0,,ATTENTION,4
train_45,train,45,A2,118.21446990966797,11.899999618530273,118,1.0,,1.0,,ATTENTION,4
train_45,train,45,A2,118.21446990966797,12.0,119,1.0,,1.0,,ATTENTION,4
train_45,train,45,A2,118.21446990966797,12.100000381469727,120,1.0,,1.0,,ATTENTION,4
train_45,train,45,A2,118.21446990966797,12.199999809265137,121,1.0,,1.0,,ATTENTION,4
train_45,train,45,A2,118.21446990966797,12.300000190734863,122,1.0,,1.0,,ATTENTION,4
train_45,train,45,A2,118.21446990966797,12.399999618530273,123,1.0,,1.0,,ATTENTION,4
train_45,train,45,A2,118.21446990966797,12.5,124,1.0,,1.0,,ATTENTION,4
train_45,train,45,A2,118.21446990966797,12.600000381469727,125,1.0,,1.0,,ATTENTION,4
train_45,train,45,A2,118.21446990966797,12.699999809265137,126,1.0,,1.0,,ATTENTION,4
train_45,train,45,A2,118.21446990966797,12.800000190734863,127,1.0,,1.0,,ATTENTION,4
train_45,train,45,A2,118.21446990966797,12.899999618530273,128,1.0,,1.0,,ATTENTION,4
train_45,train,45,A2,118.21446990966797,13.0,129,1.0,,1.0,,ATTENTION,4
train_45,train,45,A2,118.21446990966797,13.100000381469727,130,1.0,,1.0,,ATTENTION,4
train_45,train,45,A2,118.21446990966797,13.199999809265137,131,1.0,,1.0,,ATTENTION,4
train_45,train,45,A2,118.21446990966797,13.300000190734863,132,1.0,,1.0,,ATTENTION,4
train_45,train,45,A2,118.21446990966797,13.399999618530273,133,1.0,,1.0,,ATTENTION,4
train_45,train,45,A2,118.21446990966797,13.5,134,1.0,,1.0,,ATTENTION,4
train_45,train,45,A2,118.21446990966797,13.600000381469727,135,1.0,,1.0,,ATTENTION,4
train_45,train,45,A2,118.21446990966797,13.699999809265137,136,1.0,,1.0,,ATTENTION,4
train_45,train,45,A2,118.21446990966797,13.800000190734863,137,1.0,,1.0,,ATTENTION,4
train_45,train,45,A2,118.21446990966797,13.899999618530273,138,1.0,,1.0,,ATTENTION,4
train_45,train,45,A2,118.21446990966797,14.0,139,1.0,,1.0,,ATTENTION,4
train_45,train,45,A2,118.21446990966797,14.100000381469727,140,1.0,,1.0,,ATTENTION,4
train_45,train,45,A2,118.21446990966797,14.199999809265137,141,1.0,,1.0,,ATTENTION,4
train_45,train,45,A2,118.21446990966797,14.300000190734863,142,1.0,,1.0,,ATTENTION,4
train_45,train,45,A2,118.21446990966797,14.399999618530273,143,1.0,,1.0,,ATTENTION,4
train_45,train,45,A2,118.21446990966797,14.5,144,1.0,,1.0,,ATTENTION,4
train_45,train,45,A2,118.21446990966797,14.600000381469727,145,1.0,,1.0,,ATTENTION,4
train_45,train,45,A2,118.21446990966797,14.699999809265137,146,1.0,,1.0,,ATTENTION,4
train_45,train,45,A2,118.21446990966797,14.800000190734863,147,1.0,,1.0,,ATTENTION,4
train_45,train,45,A2,118.21446990966797,14.899999618530273,148,1.0,,1.0,,ATTENTION,4
train_45,train,45,A2,118.21446990966797,15.0,149,1.0,,1.0,,ATTENTION,4
train_45,train,45,A2,118.21446990966797,15.100000381469727,150,1.0,,1.0,,ATTENTION,4
train_45,train,45,A2,118.21446990966797,15.199999809265137,151,1.0,,1.0,,ATTENTION,4
train_45,train,45,A2,118.21446990966797,15.300000190734863,152,1.0,,1.0,,ATTENTION,4
train_45,train,45,A2,118.21446990966797,15.399999618530273,153,1.0,,1.0,,ATTENTION,4
train_45,train,45,A2,118.21446990966797,15.5,154,1.0,,1.0,,ATTENTION,4
train_45,train,45,A2,118.21446990966797,15.600000381469727,155,1.0,,1.0,,ATTENTION,4
train_45,train,45,A2,118.21446990966797,15.699999809265137,156,1.0,,1.0,,ATTENTION,4
train_45,train,45,A2,118.21446990966797,15.800000190734863,157,1.0,,1.0,,ATTENTION,4
train_45,train,45,A2,118.21446990966797,15.899999618530273,158,1.0,,1.0,,ATTENTION,4
train_45,train,45,A2,118.21446990966797,16.0,159,1.0,,1.0,,ATTENTION,4
train_45,train,45,A2,118.21446990966797,16.100000381469727,160,1.0,,1.0,,ATTENTION,4
train_45,train,45,A2,118.21446990966797,16.200000762939453,161,1.0,,1.0,,ATTENTION,4
train_45,train,45,A2,118.21446990966797,16.299999237060547,162,1.0,,1.0,,ATTENTION,4
train_45,train,45,A2,118.21446990966797,16.399999618530273,163,1.0,,1.0,,ATTENTION,4
train_45,train,45,A2,118.21446990966797,16.5,164,1.0,,1.0,,ATTENTION,4
train_45,train,45,A2,118.21446990966797,16.600000381469727,165,1.0,,1.0,,ATTENTION,4
train_45,train,45,A2,118.21446990966797,16.700000762939453,166,1.0,,1.0,,ATTENTION,4
train_45,train,45,A2,118.21446990966797,16.799999237060547,167,1.0,,1.0,,ATTENTION,4
train_45,train,45,A2,118.21446990966797,16.899999618530273,168,1.0,,1.0,,ATTENTION,4
train_45,train,45,A2,118.21446990966797,17.0,169,1.0,,1.0,,ATTENTION,4
train_45,train,45,A2,118.21446990966797,17.100000381469727,170,1.0,,1.0,,ATTENTION,4
train_45,train,45,A2,118.21446990966797,17.200000762939453,171,1.0,,1.0,,ATTENTION,4
train_45,train,45,A2,118.21446990966797,17.299999237060547,172,1.0,,1.0,,ATTENTION,4
train_45,train,45,A2,118.21446990966797,17.399999618530273,173,1.0,,1.0,,ATTENTION,4
train_45,train,45,A2,118.21446990966797,17.5,174,1.0,,1.0,,ATTENTION,4
train_45,train,45,A2,118.21446990966797,17.600000381469727,175,1.0,,1.0,,ATTENTION,4
train_45,train,45,A2,118.21446990966797,17.700000762939453,176,1.0,,1.0,,ATTENTION,4
train_45,train,45,A2,118.21446990966797,17.799999237060547,177,1.0,,1.0,,ATTENTION,4
train_45,train,45,A2,118.21446990966797,17.899999618530273,178,1.0,,1.0,,ATTENTION,4
train_45,train,45,A2,118.21446990966797,18.0,179,1.0,,1.0,,ATTENTION,4
train_45,train,45,A2,118.21446990966797,18.100000381469727,180,1.0,,1.0,,ATTENTION,4
train_45,train,45,A2,118.21446990966797,18.200000762939453,181,1.0,,1.0,,ATTENTION,4
train_45,train,45,A2,118.21446990966797,18.299999237060547,182,1.0,,1.0,,ATTENTION,4
train_45,train,45,A2,118.21446990966797,18.399999618530273,183,1.0,,1.0,,ATTENTION,4
train_45,train,45,A2,118.21446990966797,18.5,184,1.0,,1.0,,ATTENTION,4
train_45,train,45,A2,118.21446990966797,18.600000381469727,185,1.0,,1.0,,ATTENTION,4
train_45,train,45,A2,118.21446990966797,18.700000762939453,186,1.0,,1.0,,ATTENTION,4
train_45,train,45,A2,118.21446990966797,18.799999237060547,187,1.0,,1.0,,ATTENTION,4
train_45,train,45,A2,118.21446990966797,18.899999618530273,188,1.0,,1.0,,ATTENTION,4
train_45,train,45,A2,118.21446990966797,19.0,189,1.0,,1.0,,ATTENTION,4
train_45,train,45,A2,118.21446990966797,19.100000381469727,190,1.0,,1.0,,ATTENTION,4
train_45,train,45,A2,118.21446990966797,19.200000762939453,191,1.0,,1.0,,ATTENTION,4
train_45,train,45,A2,118.21446990966797,19.299999237060547,192,1.0,,1.0,,ATTENTION,4
train_45,train,45,A2,118.21446990966797,19.399999618530273,193,1.0,,1.0,,ATTENTION,4
train_45,train,45,A2,118.21446990966797,19.5,194,1.0,,1.0,,ATTENTION,4
train_45,train,45,A2,118.21446990966797,19.600000381469727,195,1.0,,1.0,,ATTENTION,4
train_45,train,45,A2,118.21446990966797,19.700000762939453,196,1.0,,1.0,,ATTENTION,4
train_45,train,45,A2,118.21446990966797,19.799999237060547,197,1.0,,1.0,,ATTENTION,4
train_45,train,45,A2,118.21446990966797,19.899999618530273,198,1.0,,1.0,,ATTENTION,4
train_45,train,45,A2,118.21446990966797,20.0,199,1.0,,1.0,,ATTENTION,4
train_45,train,45,A2,118.21446990966797,20.100000381469727,200,1.0,,1.0,,ATTENTION,4
train_45,train,45,A2,118.21446990966797,20.200000762939453,201,1.0,,1.0,,ATTENTION,4
train_45,train,45,A2,118.21446990966797,20.299999237060547,202,1.0,,1.0,,ATTENTION,4
train_45,train,45,A2,118.21446990966797,20.399999618530273,203,1.0,,1.0,,ATTENTION,4
train_45,train,45,A2,118.21446990966797,20.5,204,1.0,,1.0,,ATTENTION,4
train_45,train,45,A2,118.21446990966797,20.600000381469727,205,1.0,,1.0,,ATTENTION,4
train_45,train,45,A2,118.21446990966797,20.700000762939453,206,1.0,,1.0,,ATTENTION,4
train_45,train,45,A2,118.21446990966797,20.799999237060547,207,1.0,,1.0,,ATTENTION,4
train_45,train,45,A2,118.21446990966797,20.899999618530273,208,1.0,,1.0,,ATTENTION,4
train_45,train,45,A2,118.21446990966797,21.0,209,1.0,,1.0,,ATTENTION,4
train_45,train,45,A2,118.21446990966797,21.100000381469727,210,1.0,,1.0,,ATTENTION,4
train_45,train,45,A2,118.21446990966797,21.200000762939453,211,1.0,,1.0,,ATTENTION,4
train_45,train,45,A2,118.21446990966797,21.299999237060547,212,1.0,,1.0,,ATTENTION,4
train_45,train,45,A2,118.21446990966797,21.399999618530273,213,1.0,,1.0,,ATTENTION,4
train_45,train,45,A2,118.21446990966797,21.5,214,1.0,,1.0,,ATTENTION,4
train_45,train,45,A2,118.21446990966797,21.600000381469727,215,1.0,,1.0,,ATTENTION,4
train_45,train,45,A2,118.21446990966797,21.700000762939453,216,1.0,,1.0,,ATTENTION,4
train_45,train,45,A2,118.21446990966797,21.799999237060547,217,1.0,,1.0,,ATTENTION,4
train_45,train,45,A2,118.21446990966797,21.899999618530273,218,1.0,,1.0,,ATTENTION,4
train_45,train,45,A2,118.21446990966797,22.0,219,1.0,,1.0,,ATTENTION,4
train_45,train,45,A2,118.21446990966797,22.100000381469727,220,1.0,,1.0,,ATTENTION,4
train_45,train,45,A2,118.21446990966797,22.200000762939453,221,1.0,,1.0,,ATTENTION,4
train_45,train,45,A2,118.21446990966797,22.299999237060547,222,1.0,,1.0,,ATTENTION,4
train_45,train,45,A2,118.21446990966797,22.399999618530273,223,1.0,,1.0,,ATTENTION,4
train_45,train,45,A2,118.21446990966797,22.5,224,1.0,,1.0,,ATTENTION,4
train_45,train,45,A2,118.21446990966797,22.600000381469727,225,1.0,,1.0,,ATTENTION,4
train_45,train,45,A2,118.21446990966797,22.700000762939453,226,1.0,,1.0,,ATTENTION,4
train_45,train,45,A2,118.21446990966797,22.799999237060547,227,1.0,,1.0,,ATTENTION,4
train_45,train,45,A2,118.21446990966797,22.899999618530273,228,1.0,,1.0,,ATTENTION,4
train_45,train,45,A2,118.21446990966797,23.0,229,1.0,,1.0,,ATTENTION,4
train_45,train,45,A2,118.21446990966797,23.100000381469727,230,1.0,,1.0,,ATTENTION,4
train_45,train,45,A2,118.21446990966797,23.200000762939453,231,1.0,,1.0,,ATTENTION,4
train_45,train,45,A2,118.21446990966797,23.299999237060547,232,1.0,,1.0,,ATTENTION,4
train_45,train,45,A2,118.21446990966797,23.399999618530273,233,1.0,,1.0,,ATTENTION,4
train_45,train,45,A2,118.21446990966797,23.5,234,1.0,,1.0,,ATTENTION,4
train_45,train,45,A2,118.21446990966797,23.600000381469727,235,1.0,,1.0,,ATTENTION,4
train_45,train,45,A2,118.21446990966797,23.700000762939453,236,1.0,,1.0,,ATTENTION,4
train_45,train,45,A2,118.21446990966797,23.799999237060547,237,1.0,,1.0,,ATTENTION,4
train_45,train,45,A2,118.21446990966797,23.899999618530273,238,1.0,,1.0,,ATTENTION,4
train_45,train,45,A2,118.21446990966797,24.0,239,1.0,,1.0,,ATTENTION,4
train_45,train,45,A2,118.21446990966797,24.100000381469727,240,1.0,,1.0,,ATTENTION,4
train_45,train,45,A2,118.21446990966797,24.200000762939453,241,1.0,,1.0,,ATTENTION,4
train_45,train,45,A2,118.21446990966797,24.299999237060547,242,1.0,,1.0,,ATTENTION,4
train_45,train,45,A2,118.21446990966797,24.399999618530273,243,1.0,,1.0,,ATTENTION,4
train_45,train,45,A2,118.21446990966797,24.5,244,1.0,,1.0,,ATTENTION,4
train_45,train,45,A2,118.21446990966797,24.600000381469727,245,1.0,,1.0,,ATTENTION,4
train_45,train,45,A2,118.21446990966797,24.700000762939453,246,1.0,,1.0,,ATTENTION,4
train_45,train,45,A2,118.21446990966797,24.799999237060547,247,1.0,,1.0,,ATTENTION,4
train_45,train,45,A2,118.21446990966797,24.899999618530273,248,1.0,,1.0,,ATTENTION,4
train_45,train,45,A2,118.21446990966797,25.0,249,1.0,,1.0,,ATTENTION,4
train_45,train,45,A2,118.21446990966797,25.100000381469727,250,1.0,,1.0,,ATTENTION,4
train_45,train,45,A2,118.21446990966797,25.200000762939453,251,1.0,,1.0,,ATTENTION,4
train_45,train,45,A2,118.21446990966797,25.299999237060547,252,1.0,,1.0,,ATTENTION,4
train_45,train,45,A2,118.21446990966797,25.399999618530273,253,1.0,,1.0,,ATTENTION,4
train_45,train,45,A2,118.21446990966797,25.5,254,1.0,,1.0,,ATTENTION,4
train_45,train,45,A2,118.21446990966797,25.600000381469727,255,1.0,,1.0,,ATTENTION,4
train_45,train,45,A2,118.21446990966797,25.700000762939453,256,1.0,,1.0,,ATTENTION,4
train_45,train,45,A2,118.21446990966797,25.799999237060547,257,1.0,,1.0,,ATTENTION,4
train_45,train,45,A2,118.21446990966797,25.899999618530273,258,1.0,,1.0,,ATTENTION,4
train_45,train,45,A2,118.21446990966797,26.0,259,1.0,,1.0,,ATTENTION,4
train_45,train,45,A2,118.21446990966797,26.100000381469727,260,1.0,,1.0,,ATTENTION,4
train_45,train,45,A2,118.21446990966797,26.200000762939453,261,1.0,,1.0,,ATTENTION,4
train_45,train,45,A2,118.21446990966797,26.299999237060547,262,1.0,,1.0,,ATTENTION,4
train_45,train,45,A2,118.21446990966797,26.399999618530273,263,1.0,,1.0,,ATTENTION,4
train_45,train,45,A2,118.21446990966797,26.5,264,1.0,,1.0,,ATTENTION,4
train_45,train,45,A2,118.21446990966797,26.600000381469727,265,1.0,,1.0,,ATTENTION,4
train_45,train,45,A2,118.21446990966797,26.700000762939453,266,1.0,,1.0,,ATTENTION,4
train_45,train,45,A2,118.21446990966797,26.799999237060547,267,1.0,,1.0,,ATTENTION,4
train_45,train,45,A2,118.21446990966797,26.899999618530273,268,1.0,,1.0,,ATTENTION,4
train_45,train,45,A2,118.21446990966797,27.0,269,1.0,,1.0,,ATTENTION,4
train_45,train,45,A2,118.21446990966797,27.100000381469727,270,1.0,,1.0,,ATTENTION,4
train_45,train,45,A2,118.21446990966797,27.200000762939453,271,1.0,,1.0,,ATTENTION,4
train_45,train,45,A2,118.21446990966797,27.299999237060547,272,1.0,,1.0,,ATTENTION,4
train_45,train,45,A2,118.21446990966797,27.399999618530273,273,1.0,,1.0,,ATTENTION,4
train_45,train,45,A2,118.21446990966797,27.5,274,1.0,,1.0,,ATTENTION,4
train_45,train,45,A2,118.21446990966797,27.600000381469727,275,1.0,,1.0,,ATTENTION,4
train_45,train,45,A2,118.21446990966797,27.700000762939453,276,1.0,,1.0,,ATTENTION,4
train_45,train,45,A2,118.21446990966797,27.799999237060547,277,1.0,,1.0,,ATTENTION,4
train_45,train,45,A2,118.21446990966797,27.899999618530273,278,1.0,,1.0,,ATTENTION,4
train_45,train,45,A2,118.21446990966797,28.0,279,1.0,,1.0,,ATTENTION,4
train_45,train,45,A2,118.21446990966797,28.100000381469727,280,1.0,,0.99952334,,ATTENTION,4
train_45,train,45,A2,118.21446990966797,28.200000762939453,281,1.0,,1.0,,ATTENTION,4
train_45,train,45,A2,118.21446990966797,28.299999237060547,282,1.0,,1.0,,ATTENTION,4
train_45,train,45,A2,118.21446990966797,28.399999618530273,283,1.0,,1.0,,ATTENTION,4
train_45,train,45,A2,118.21446990966797,28.5,284,1.0,,1.0,,ATTENTION,4
train_45,train,45,A2,118.21446990966797,28.600000381469727,285,1.0,,1.0,,ATTENTION,4
train_45,train,45,A2,118.21446990966797,28.700000762939453,286,1.0,,1.0,,ATTENTION,4
train_45,train,45,A2,118.21446990966797,28.799999237060547,287,1.0,,1.0,,ATTENTION,4
train_45,train,45,A2,118.21446990966797,28.899999618530273,288,1.0,,1.0,,ATTENTION,4
train_45,train,45,A2,118.21446990966797,29.0,289,1.0,,1.0,,ATTENTION,4
train_45,train,45,A2,118.21446990966797,29.100000381469727,290,1.0,,1.0,,ATTENTION,4
train_45,train,45,A2,118.21446990966797,29.200000762939453,291,1.0,,1.0,,ATTENTION,4
train_45,train,45,A2,118.21446990966797,29.299999237060547,292,1.0,,1.0,,ATTENTION,4
train_45,train,45,A2,118.21446990966797,29.399999618530273,293,1.0,,1.0,,ATTENTION,4
train_45,train,45,A2,118.21446990966797,29.5,294,1.0,,1.0,,ATTENTION,4
train_45,train,45,A2,118.21446990966797,29.600000381469727,295,1.0,,1.0,,ATTENTION,4
train_45,train,45,A2,118.21446990966797,29.700000762939453,296,1.0,,0.9994736,,ATTENTION,4
train_45,train,45,A2,118.21446990966797,29.799999237060547,297,1.0,,0.9998062,,ATTENTION,4
train_45,train,45,A2,118.21446990966797,29.899999618530273,298,1.0,,0.999782,,ATTENTION,4
train_45,train,45,A2,118.21446990966797,30.0,299,1.0,,0.9997953,,ATTENTION,4
train_45,train,45,A2,118.21446990966797,30.100000381469727,300,1.0,,0.99978375,,ATTENTION,4
train_45,train,45,A2,118.21446990966797,30.200000762939453,301,1.0,,0.9998132,,ATTENTION,4
train_45,train,45,A2,118.21446990966797,30.299999237060547,302,1.0,,0.9986602,,ATTENTION,4
train_45,train,45,A2,118.21446990966797,30.399999618530273,303,1.0,,0.99990875,,ATTENTION,4
train_45,train,45,A2,118.21446990966797,30.5,304,1.0,,0.9986199,,ATTENTION,4
train_45,train,45,A2,118.21446990966797,30.600000381469727,305,1.0,,1.0,,ATTENTION,4
train_45,train,45,A2,118.21446990966797,30.700000762939453,306,1.0,,0.9994339,,ATTENTION,4
train_45,train,45,A2,118.21446990966797,30.799999237060547,307,1.0,,0.99973977,,ATTENTION,4
train_45,train,45,A2,118.21446990966797,30.899999618530273,308,1.0,,0.998618,,ATTENTION,4
train_45,train,45,A2,118.21446990966797,31.0,309,1.0,,0.9989708,,ATTENTION,4
train_45,train,45,A2,118.21446990966797,31.100000381469727,310,1.0,,0.9989856,,ATTENTION,4
train_45,train,45,A2,118.21446990966797,31.200000762939453,311,1.0,,0.9999222,,ATTENTION,4
train_45,train,45,A2,118.21446990966797,31.299999237060547,312,1.0,,0.99872464,,ATTENTION,4
train_45,train,45,A2,118.21446990966797,31.399999618530273,313,1.0,,0.99894196,,ATTENTION,4
train_45,train,45,A2,118.21446990966797,31.5,314,1.0,,0.9989475,,ATTENTION,4
train_45,train,45,A2,118.21446990966797,31.600000381469727,315,1.0,,0.9989473,,ATTENTION,4
train_45,train,45,A2,118.21446990966797,31.700000762939453,316,1.0,,0.9983591,,ATTENTION,4
train_45,train,45,A2,118.21446990966797,31.799999237060547,317,1.0,,0.998554,,ATTENTION,4
train_45,train,45,A2,118.21446990966797,31.899999618530273,318,1.0,,0.9975837,,ATTENTION,4
train_45,train,45,A2,118.21446990966797,32.0,319,1.0,,0.9981184,,ATTENTION,4
train_45,train,45,A2,118.21446990966797,32.099998474121094,320,1.0,,0.99862105,,ATTENTION,4
train_45,train,45,A2,118.21446990966797,32.20000076293945,321,1.0,,0.99849975,,ATTENTION,4
train_45,train,45,A2,118.21446990966797,32.29999923706055,322,1.0,,0.99901474,,ATTENTION,4
train_45,train,45,A2,118.21446990966797,32.400001525878906,323,1.0,,0.998893,,ATTENTION,4
train_45,train,45,A2,118.21446990966797,32.5,324,1.0,,0.9988901,,ATTENTION,4
train_45,train,45,A2,118.21446990966797,32.599998474121094,325,1.0,,0.99835455,,ATTENTION,4
train_45,train,45,A2,118.21446990966797,32.70000076293945,326,1.0,,0.99733245,,ATTENTION,4
train_45,train,45,A2,118.21446990966797,32.79999923706055,327,1.0,,0.99549854,,ATTENTION,4
train_45,train,45,A2,118.21446990966797,32.900001525878906,328,1.0,,0.99616987,,ATTENTION,4
train_45,train,45,A2,118.21446990966797,33.0,329,1.0,,0.9961837,,ATTENTION,4
train_45,train,45,A2,118.21446990966797,33.099998474121094,330,1.0,,0.99617106,,ATTENTION,4
train_45,train,45,A2,118.21446990966797,33.20000076293945,331,1.0,,0.9961723,,ATTENTION,4
train_45,train,45,A2,118.21446990966797,33.29999923706055,332,1.0,,0.99612325,,ATTENTION,4
train_45,train,45,A2,118.21446990966797,33.400001525878906,333,1.0,,0.99727744,,ATTENTION,4
train_45,train,45,A2,118.21446990966797,33.5,334,1.0,,0.9970921,,ATTENTION,4
train_45,train,45,A2,118.21446990966797,33.599998474121094,335,1.0,,0.9942105,,ATTENTION,4
train_45,train,45,A2,118.21446990966797,33.70000076293945,336,1.0,,0.995146,,ATTENTION,4
train_45,train,45,A2,118.21446990966797,33.79999923706055,337,1.0,,0.99519783,,ATTENTION,4
train_45,train,45,A2,118.21446990966797,33.900001525878906,338,1.0,,0.9952293,,ATTENTION,4
train_45,train,45,A2,118.21446990966797,34.0,339,1.0,,0.9962636,,ATTENTION,4
train_45,train,45,A2,118.21446990966797,34.099998474121094,340,1.0,,0.994655,,ATTENTION,4
train_45,train,45,A2,118.21446990966797,34.20000076293945,341,1.0,,0.9956924,,ATTENTION,4
train_45,train,45,A2,118.21446990966797,34.29999923706055,342,1.0,,0.99618685,,ATTENTION,4
train_45,train,45,A2,118.21446990966797,34.400001525878906,343,1.0,,0.9960413,,ATTENTION,4
train_45,train,45,A2,118.21446990966797,34.5,344,1.0,,0.99612254,,ATTENTION,4
train_45,train,45,A2,118.21446990966797,34.599998474121094,345,1.0,,0.99456817,,ATTENTION,4
train_45,train,45,A2,118.21446990966797,34.70000076293945,346,1.0,,0.9962309,,ATTENTION,4
train_45,train,45,A2,118.21446990966797,34.79999923706055,347,1.0,,0.99604344,,ATTENTION,4
train_45,train,45,A2,118.21446990966797,34.900001525878906,348,1.0,,0.99600303,,ATTENTION,4
train_45,train,45,A2,118.21446990966797,35.0,349,1.0,,0.9960922,,ATTENTION,4
train_45,train,45,A2,118.21446990966797,35.099998474121094,350,0.9997609257698059,,0.99128073,,ATTENTION,4
train_45,train,45,A2,118.21446990966797,35.20000076293945,351,1.0,,0.9947879,,ATTENTION,4
train_45,train,45,A2,118.21446990966797,35.29999923706055,352,1.0,,0.9963405,,ATTENTION,4
train_45,train,45,A2,118.21446990966797,35.400001525878906,353,1.0,,0.99449176,,ATTENTION,4
train_45,train,45,A2,118.21446990966797,35.5,354,1.0,,0.9961444,,ATTENTION,4
train_45,train,45,A2,118.21446990966797,35.599998474121094,355,1.0,,0.99372303,,ATTENTION,4
train_45,train,45,A2,118.21446990966797,35.70000076293945,356,1.0,,0.9951596,,ATTENTION,4
train_45,train,45,A2,118.21446990966797,35.79999923706055,357,1.0,,0.99416816,,ATTENTION,4
train_45,train,45,A2,118.21446990966797,35.900001525878906,358,1.0,,0.9928342,,ATTENTION,4
train_45,train,45,A2,118.21446990966797,36.0,359,1.0,,0.99322385,,ATTENTION,4
train_45,train,45,A2,118.21446990966797,36.099998474121094,360,0.9996037483215332,,0.9924703,,ATTENTION,4
train_45,train,45,A2,118.21446990966797,36.20000076293945,361,0.9977166652679443,,0.99126154,,ATTENTION,4
train_45,train,45,A2,118.21446990966797,36.29999923706055,362,0.9991319179534912,,0.9925553,,ATTENTION,4
train_45,train,45,A2,118.21446990966797,36.400001525878906,363,1.0,,0.99338764,,ATTENTION,4
train_45,train,45,A2,118.21446990966797,36.5,364,0.9996037483215332,,0.9924245,,ATTENTION,4
train_45,train,45,A2,118.21446990966797,36.599998474121094,365,0.9977166652679443,,0.9912455,,ATTENTION,4
train_45,train,45,A2,118.21446990966797,36.70000076293945,366,0.9992892146110535,,0.99260056,,ATTENTION,4
train_45,train,45,A2,118.21446990966797,36.79999923706055,367,1.0,,0.99334425,,ATTENTION,4
train_45,train,45,A2,118.21446990966797,36.900001525878906,368,1.0,,0.993236,,ATTENTION,4
train_45,train,45,A2,118.21446990966797,37.0,369,0.9975593090057373,,0.9907992,,ATTENTION,4
train_45,train,45,A2,118.21446990966797,37.099998474121094,370,0.9975593090057373,,0.99144435,,ATTENTION,4
train_45,train,45,A2,118.21446990966797,37.20000076293945,371,0.9942569732666016,,0.9888754,,ATTENTION,4
train_45,train,45,A2,118.21446990966797,37.29999923706055,372,0.9953578114509583,,0.99031043,,ATTENTION,4
train_45,train,45,A2,118.21446990966797,37.400001525878906,373,0.9942569732666016,,0.98930484,,ATTENTION,4
train_45,train,45,A2,118.21446990966797,37.5,374,0.9944142699241638,,0.9896071,,ATTENTION,4
train_45,train,45,A2,118.21446990966797,37.599998474121094,375,0.9944142699241638,,0.98953354,,ATTENTION,4
train_45,train,45,A2,118.21446990966797,37.70000076293945,376,0.9920554757118225,,0.98764217,,ATTENTION,4
train_45,train,45,A2,118.21446990966797,37.79999923706055,377,0.990954577922821,,0.9872112,,ATTENTION,4
train_45,train,45,A2,118.21446990966797,37.900001525878906,378,0.990954577922821,,0.9873667,,ATTENTION,4
train_45,train,45,A2,118.21446990966797,38.0,379,0.990954577922821,,0.9873316,,ATTENTION,4
train_45,train,45,A2,118.21446990966797,38.099998474121094,380,0.9953578114509583,,0.99043703,,ATTENTION,4
train_45,train,45,A2,118.21446990966797,38.20000076293945,381,0.9942569732666016,,0.9891223,,ATTENTION,4
train_45,train,45,A2,118.21446990966797,38.29999923706055,382,0.990954577922821,,0.9866322,,ATTENTION,4
train_45,train,45,A2,118.21446990966797,38.400001525878906,383,0.9887529611587524,,0.9854439,,ATTENTION,4
train_45,train,45,A2,118.21446990966797,38.5,384,0.990954577922821,,0.98753977,,ATTENTION,4
train_45,train,45,A2,118.21446990966797,38.599998474121094,385,0.9887529611587524,,0.98541296,,ATTENTION,4
train_45,train,45,A2,118.21446990966797,38.70000076293945,386,0.9887529611587524,,0.9857745,,ATTENTION,4
train_45,train,45,A2,118.21446990966797,38.79999923706055,387,0.9876522421836853,,0.98481774,,ATTENTION,4
train_45,train,45,A2,118.21446990966797,38.900001525878906,388,0.9865514636039734,,0.98403496,,ATTENTION,4
train_45,train,45,A2,118.21446990966797,39.0,389,0.9834063053131104,,0.98143256,,ATTENTION,4
train_45,train,45,A2,118.21446990966797,39.099998474121094,390,0.9863941669464111,,0.9845116,,ATTENTION,4
train_45,train,45,A2,118.21446990966797,39.20000076293945,391,0.9865514636039734,,0.98419905,,ATTENTION,4
train_45,train,45,A2,118.21446990966797,39.29999923706055,392,0.9865514636039734,,0.98414344,,ATTENTION,4
train_45,train,45,A2,118.21446990966797,39.400001525878906,393,0.985607922077179,,0.9833199,,ATTENTION,4
train_45,train,45,A2,118.21446990966797,39.5,394,0.9832490682601929,,0.9813807,,ATTENTION,4
train_45,train,45,A2,118.21446990966797,39.599998474121094,395,0.9834063053131104,,0.98191416,,ATTENTION,4
train_45,train,45,A2,118.21446990966797,39.70000076293945,396,0.9824627637863159,,0.9810166,,ATTENTION,4
train_45,train,45,A2,118.21446990966797,39.79999923706055,397,0.9834063053131104,,0.9819944,,ATTENTION,4
train_45,train,45,A2,118.21446990966797,39.900001525878906,398,0.9823055267333984,,0.98082995,,ATTENTION,4
train_45,train,45,A2,118.21446990966797,40.0,399,0.9823055267333984,,0.9809834,,ATTENTION,4
train_45,train,45,A2,118.21446990966797,40.099998474121094,400,0.9779022932052612,,0.9768599,,ATTENTION,4
train_45,train,45,A2,118.21446990966797,40.20000076293945,401,0.9779022932052612,,0.97767854,,ATTENTION,4
train_45,train,45,A2,118.21446990966797,40.29999923706055,402,0.9777451157569885,,0.97748935,,ATTENTION,4
train_45,train,45,A2,118.21446990966797,40.400001525878906,403,0.9768015742301941,,0.97661144,,ATTENTION,4
train_45,train,45,A2,118.21446990966797,40.5,404,0.9768015742301941,,0.9767332,,ATTENTION,4
train_45,train,45,A2,118.21446990966797,40.599998474121094,405,0.9768015742301941,,0.9766979,,ATTENTION,4
train_45,train,45,A2,118.21446990966797,40.70000076293945,406,0.9779022932052612,,0.9776832,,ATTENTION,4
train_45,train,45,A2,118.21446990966797,40.79999923706055,407,0.9768015742301941,,0.9764164,,ATTENTION,4
train_45,train,45,A2,118.21446990966797,40.900001525878906,408,0.9745999574661255,,0.9744952,,ATTENTION,4
train_45,train,45,A2,118.21446990966797,41.0,409,0.9734991788864136,,0.9738077,,ATTENTION,4
train_45,train,45,A2,118.21446990966797,41.099998474121094,410,0.9734991788864136,,0.9739629,,ATTENTION,4
train_45,train,45,A2,118.21446990966797,41.20000076293945,411,0.9734991788864136,,0.973922,,ATTENTION,4
train_45,train,45,A2,118.21446990966797,41.29999923706055,412,0.9745999574661255,,0.9749032,,ATTENTION,4
train_45,train,45,A2,118.21446990966797,41.400001525878906,413,0.9734991788864136,,0.97361374,,ATTENTION,4
train_45,train,45,A2,118.21446990966797,41.5,414,0.9745999574661255,,0.97483945,,ATTENTION,4
train_45,train,45,A2,118.21446990966797,41.599998474121094,415,0.9734991788864136,,0.9735664,,ATTENTION,4
train_45,train,45,A2,118.21446990966797,41.70000076293945,416,0.9752289652824402,,0.9753616,,ATTENTION,4
train_45,train,45,A2,118.21446990966797,41.79999923706055,417,0.9768015742301941,,0.97652686,,ATTENTION,4
train_45,train,45,A2,118.21446990966797,41.900001525878906,418,0.9768015742301941,,0.976234,,ATTENTION,4
train_45,train,45,A2,118.21446990966797,42.0,419,0.9768015742301941,,0.9762167,,ATTENTION,4
train_45,train,45,A2,118.21446990966797,42.099998474121094,420,0.9745999574661255,,0.9740902,,ATTENTION,4
train_45,train,45,A2,118.21446990966797,42.20000076293945,421,0.9745999574661255,,0.9744853,,ATTENTION,4
train_45,train,45,A2,118.21446990966797,42.29999923706055,422,0.9745999574661255,,0.9744444,,ATTENTION,4
train_45,train,45,A2,118.21446990966797,42.400001525878906,423,0.971297562122345,,0.971189,,ATTENTION,4
train_45,train,45,A2,118.21446990966797,42.5,424,0.9734991788864136,,0.97388196,,ATTENTION,4
train_45,train,45,A2,118.21446990966797,42.599998474121094,425,0.971297562122345,,0.97133595,,ATTENTION,4
train_45,train,45,A2,118.21446990966797,42.70000076293945,426,0.971297562122345,,0.9717112,,ATTENTION,4
train_45,train,45,A2,118.21446990966797,42.79999923706055,427,0.9684668779373169,,0.96886915,,ATTENTION,4
train_45,train,45,A2,118.21446990966797,42.900001525878906,428,0.9701967835426331,,0.971056,,ATTENTION,4
train_45,train,45,A2,118.21446990966797,43.0,429,0.9701967835426331,,0.9707264,,ATTENTION,4
train_45,train,45,A2,118.21446990966797,43.099998474121094,430,0.971297562122345,,0.971786,,ATTENTION,4
train_45,train,45,A2,118.21446990966797,43.20000076293945,431,0.9700394868850708,,0.9703258,,ATTENTION,4
train_45,train,45,A2,118.21446990966797,43.29999923706055,432,0.9701967835426331,,0.970703,,ATTENTION,4
train_45,train,45,A2,118.21446990966797,43.400001525878906,433,0.9701967835426331,,0.9706575,,ATTENTION,4
train_45,train,45,A2,118.21446990966797,43.5,434,0.9725556373596191,,0.9729442,,ATTENTION,4
train_45,train,45,A2,118.21446990966797,43.599998474121094,435,0.9728701114654541,,0.97285396,,ATTENTION,4
train_45,train,45,A2,118.21446990966797,43.70000076293945,436,0.9701967835426331,,0.97014815,,ATTENTION,4
train_45,train,45,A2,118.21446990966797,43.79999923706055,437,0.9679951667785645,,0.9684107,,ATTENTION,4
train_45,train,45,A2,118.21446990966797,43.900001525878906,438,0.9679951667785645,,0.96876717,,ATTENTION,4
train_45,train,45,A2,118.21446990966797,44.0,439,0.9687814116477966,,0.9695391,,ATTENTION,4
train_45,train,45,A2,118.21446990966797,44.099998474121094,440,0.9701967835426331,,0.9708041,,ATTENTION,4
train_45,train,45,A2,118.21446990966797,44.20000076293945,441,0.9679951667785645,,0.968359,,ATTENTION,4
train_45,train,45,A2,118.21446990966797,44.29999923706055,442,0.9679951667785645,,0.9687319,,ATTENTION,4
train_45,train,45,A2,118.21446990966797,44.400001525878906,443,0.9681524038314819,,0.9688772,,ATTENTION,4
train_45,train,45,A2,118.21446990966797,44.5,444,0.9701967835426331,,0.97086287,,ATTENTION,4
train_45,train,45,A2,118.21446990966797,44.599998474121094,445,0.9701967835426331,,0.9705153,,ATTENTION,4
train_45,train,45,A2,118.21446990966797,44.70000076293945,446,0.9701967835426331,,0.97050035,,ATTENTION,4
train_45,train,45,A2,118.21446990966797,44.79999923706055,447,0.9679951667785645,,0.96829325,,ATTENTION,4
train_45,train,45,A2,118.21446990966797,44.900001525878906,448,0.9659508466720581,,0.9665874,,ATTENTION,4
train_45,train,45,A2,118.21446990966797,45.0,449,0.9657935500144958,,0.9667435,,ATTENTION,4
train_45,train,45,A2,118.21446990966797,45.099998474121094,450,0.9624912142753601,,0.963376,,ATTENTION,4
train_45,train,45,A2,118.21446990966797,45.20000076293945,451,0.9613904356956482,,0.9627459,,ATTENTION,4
train_45,train,45,A2,118.21446990966797,45.29999923706055,452,0.9615476131439209,,0.96306837,,ATTENTION,4
train_45,train,45,A2,118.21446990966797,45.400001525878906,453,0.9615476131439209,,0.96300983,,ATTENTION,4
train_45,train,45,A2,118.21446990966797,45.5,454,0.9615476131439209,,0.96297765,,ATTENTION,4
train_45,train,45,A2,118.21446990966797,45.599998474121094,455,0.9624912142753601,,0.9639497,,ATTENTION,4
train_45,train,45,A2,118.21446990966797,45.70000076293945,456,0.9624912142753601,,0.9637483,,ATTENTION,4
train_45,train,45,A2,118.21446990966797,45.79999923706055,457,0.9615476131439209,,0.9627553,,ATTENTION,4
train_45,train,45,A2,118.21446990966797,45.900001525878906,458,0.9595033526420593,,0.96077114,,ATTENTION,4
train_45,train,45,A2,118.21446990966797,46.0,459,0.9615476131439209,,0.96322495,,ATTENTION,4
train_45,train,45,A2,118.21446990966797,46.099998474121094,460,0.9595033526420593,,0.9607221,,ATTENTION,4
train_45,train,45,A2,118.21446990966797,46.20000076293945,461,0.9571444988250732,,0.9585704,,ATTENTION,4
train_45,train,45,A2,118.21446990966797,46.29999923706055,462,0.9573017358779907,,0.9590682,,ATTENTION,4
train_45,train,45,A2,118.21446990966797,46.400001525878906,463,0.9573017358779907,,0.95901495,,ATTENTION,4
train_45,train,45,A2,118.21446990966797,46.5,464,0.9573017358779907,,0.958981,,ATTENTION,4
train_45,train,45,A2,118.21446990966797,46.599998474121094,465,0.9573017358779907,,0.9589509,,ATTENTION,4
train_45,train,45,A2,118.21446990966797,46.70000076293945,466,0.9562009572982788,,0.95773757,,ATTENTION,4
train_45,train,45,A2,118.21446990966797,46.79999923706055,467,0.9657935500144958,,0.96757716,,ATTENTION,4
train_45,train,45,A2,118.21446990966797,46.900001525878906,468,0.9646928310394287,,0.96516365,,ATTENTION,4
train_45,train,45,A2,118.21446990966797,47.0,469,0.9626485109329224,,0.96324646,,ATTENTION,4
train_45,train,45,A2,118.21446990966797,47.099998474121094,470,0.9595033526420593,,0.960326,,ATTENTION,4
train_45,train,45,A2,118.21446990966797,47.20000076293945,471,0.9562009572982788,,0.9573541,,ATTENTION,4
train_45,train,45,A2,118.21446990966797,47.29999923706055,472,0.9539993405342102,,0.9554907,,ATTENTION,4
train_45,train,45,A2,118.21446990966797,47.400001525878906,473,0.9528985619544983,,0.9546319,,ATTENTION,4
train_45,train,45,A2,118.21446990966797,47.5,474,0.9573017358779907,,0.95947623,,ATTENTION,4
train_45,train,45,A2,118.21446990966797,47.599998474121094,475,0.9562009572982788,,0.9575584,,ATTENTION,4
train_45,train,45,A2,118.21446990966797,47.70000076293945,476,0.9539993405342102,,0.955369,,ATTENTION,4
train_45,train,45,A2,118.21446990966797,47.79999923706055,477,0.9506969451904297,,0.95216703,,ATTENTION,4
train_45,train,45,A2,118.21446990966797,47.900001525878906,478,0.9506969451904297,,0.9525704,,ATTENTION,4
train_45,train,45,A2,118.21446990966797,48.0,479,0.9484953284263611,,0.9502009,,ATTENTION,4
train_45,train,45,A2,118.21446990966797,48.099998474121094,480,0.947394609451294,,0.9492831,,ATTENTION,4
train_45,train,45,A2,118.21446990966797,48.20000076293945,481,0.947394609451294,,0.94940567,,ATTENTION,4
train_45,train,45,A2,118.21446990966797,48.29999923706055,482,0.9451929926872253,,0.9470271,,ATTENTION,4
train_45,train,45,A2,118.21446990966797,48.400001525878906,483,0.9451929926872253,,0.9472623,,ATTENTION,4
train_45,train,45,A2,118.21446990966797,48.5,484,0.9451929926872253,,0.9472302,,ATTENTION,4
train_45,train,45,A2,118.21446990966797,48.599998474121094,485,0.9472373127937317,,0.94942415,,ATTENTION,4
train_45,train,45,A2,118.21446990966797,48.70000076293945,486,0.9451929926872253,,0.9468866,,ATTENTION,4
train_45,train,45,A2,118.21446990966797,48.79999923706055,487,0.9451929926872253,,0.9470942,,ATTENTION,4
train_45,train,45,A2,118.21446990966797,48.900001525878906,488,0.9451929926872253,,0.947062,,ATTENTION,4
train_45,train,45,A2,118.21446990966797,49.0,489,0.9451929926872253,,0.9470304,,ATTENTION,4
train_45,train,45,A2,118.21446990966797,49.099998474121094,490,0.9453502893447876,,0.94717073,,ATTENTION,4
train_45,train,45,A2,118.21446990966797,49.20000076293945,491,0.9440922141075134,,0.94574285,,ATTENTION,4
train_45,train,45,A2,118.21446990966797,49.29999923706055,492,0.9425196647644043,,0.94417703,,ATTENTION,4
train_45,train,45,A2,118.21446990966797,49.400001525878906,493,0.9407898187637329,,0.94247615,,ATTENTION,4
train_45,train,45,A2,118.21446990966797,49.5,494,0.9385882019996643,,0.9403143,,ATTENTION,4
train_45,train,45,A2,118.21446990966797,49.599998474121094,495,0.9396889805793762,,0.9417218,,ATTENTION,4
train_45,train,45,A2,118.21446990966797,49.70000076293945,496,0.9398462772369385,,0.9417127,,ATTENTION,4
train_45,train,45,A2,118.21446990966797,49.79999923706055,497,0.9387454390525818,,0.9404409,,ATTENTION,4
train_45,train,45,A2,118.21446990966797,49.900001525878906,498,0.9365439414978027,,0.9382158,,ATTENTION,4
train_45,train,45,A2,118.21446990966797,50.0,499,0.9385882019996643,,0.94053364,,ATTENTION,4
train_45,train,45,A2,118.21446990966797,50.099998474121094,500,0.9396889805793762,,0.94139785,,ATTENTION,4
train_45,train,45,A2,118.21446990966797,50.20000076293945,501,0.9385882019996643,,0.940009,,ATTENTION,4
train_45,train,45,A2,118.21446990966797,50.29999923706055,502,0.9396889805793762,,0.94130445,,ATTENTION,4
train_45,train,45,A2,118.21446990966797,50.400001525878906,503,0.940003514289856,,0.9414836,,ATTENTION,4
train_45,train,45,A2,118.21446990966797,50.5,504,0.940003514289856,,0.9414206,,ATTENTION,4
train_45,train,45,A2,118.21446990966797,50.599998474121094,505,0.9398462772369385,,0.94123626,,ATTENTION,4
train_45,train,45,A2,118.21446990966797,50.70000076293945,506,0.9398462772369385,,0.94117105,,ATTENTION,4
train_45,train,45,A2,118.21446990966797,50.79999923706055,507,0.9396889805793762,,0.9409615,,ATTENTION,4
train_45,train,45,A2,118.21446990966797,50.900001525878906,508,0.9396889805793762,,0.94095165,,ATTENTION,4
train_45,train,45,A2,118.21446990966797,51.0,509,0.9396889805793762,,0.94093907,,ATTENTION,4
train_45,train,45,A2,118.21446990966797,51.099998474121094,510,0.9418905973434448,,0.9433324,,ATTENTION,4
train_45,train,45,A2,118.21446990966797,51.20000076293945,511,0.9418905973434448,,0.9430082,,ATTENTION,4
train_45,train,45,A2,118.21446990966797,51.29999923706055,512,0.9398462772369385,,0.9408201,,ATTENTION,4
train_45,train,45,A2,118.21446990966797,51.400001525878906,513,0.9414188861846924,,0.94275606,,ATTENTION,4
train_45,train,45,A2,118.21446990966797,51.5,514,0.9428341388702393,,0.94410396,,ATTENTION,4
train_45,train,45,A2,118.21446990966797,51.599998474121094,515,0.9422051310539246,,0.9432311,,ATTENTION,4
train_45,train,45,A2,118.21446990966797,51.70000076293945,516,0.9440922141075134,,0.94537055,,ATTENTION,4
train_45,train,45,A2,118.21446990966797,51.79999923706055,517,0.9425196647644043,,0.9433998,,ATTENTION,4
train_45,train,45,A2,118.21446990966797,51.900001525878906,518,0.9418905973434448,,0.9428857,,ATTENTION,4
train_45,train,45,A2,118.21446990966797,52.0,519,0.9420478343963623,,0.94314325,,ATTENTION,4
train_45,train,45,A2,118.21446990966797,52.099998474121094,520,0.9453502893447876,,0.9467552,,ATTENTION,4
train_45,train,45,A2,118.21446990966797,52.20000076293945,521,0.9486526846885681,,0.94988173,,ATTENTION,4
train_45,train,45,A2,118.21446990966797,52.29999923706055,522,0.940003514289856,,0.9406136,,ATTENTION,4
train_45,train,45,A2,118.21446990966797,52.400001525878906,523,0.9398462772369385,,0.94100237,,ATTENTION,4
train_45,train,45,A2,118.21446990966797,52.5,524,0.9398462772369385,,0.9410309,,ATTENTION,4
train_45,train,45,A2,118.21446990966797,52.599998474121094,525,0.9398462772369385,,0.9410383,,ATTENTION,4
train_45,train,45,A2,118.21446990966797,52.70000076293945,526,0.940003514289856,,0.9412115,,ATTENTION,4
train_45,train,45,A2,118.21446990966797,52.79999923706055,527,0.940003514289856,,0.9411937,,ATTENTION,4
train_45,train,45,A2,118.21446990966797,52.900001525878906,528,0.940003514289856,,0.9411901,,ATTENTION,4
train_45,train,45,A2,118.21446990966797,53.0,529,0.940003514289856,,0.94120157,,ATTENTION,4
train_45,train,45,A2,118.21446990966797,53.099998474121094,530,0.9401608109474182,,0.94139004,,ATTENTION,4
train_45,train,45,A2,118.21446990966797,53.20000076293945,531,0.9398462772369385,,0.9410287,,ATTENTION,4
train_45,train,45,A2,118.21446990966797,53.29999923706055,532,0.9398462772369385,,0.941053,,ATTENTION,4
train_45,train,45,A2,118.21446990966797,53.400001525878906,533,0.9398462772369385,,0.9410579,,ATTENTION,4
train_45,train,45,A2,118.21446990966797,53.5,534,0.940003514289856,,0.9412333,,ATTENTION,4
train_45,train,45,A2,118.21446990966797,53.599998474121094,535,0.940003514289856,,0.9412059,,ATTENTION,4
train_45,train,45,A2,118.21446990966797,53.70000076293945,536,0.940003514289856,,0.9412215,,ATTENTION,4
train_45,train,45,A2,118.21446990966797,53.79999923706055,537,0.9401608109474182,,0.9413831,,ATTENTION,4
train_45,train,45,A2,118.21446990966797,53.900001525878906,538,0.940003514289856,,0.9412022,,ATTENTION,4
train_45,train,45,A2,118.21446990966797,54.0,539,0.9398462772369385,,0.94103795,,ATTENTION,4
train_45,train,45,A2,118.21446990966797,54.099998474121094,540,0.9398462772369385,,0.941047,,ATTENTION,4
train_45,train,45,A2,118.21446990966797,54.20000076293945,541,0.940003514289856,,0.94123715,,ATTENTION,4
train_45,train,45,A2,118.21446990966797,54.29999923706055,542,0.940003514289856,,0.9411919,,ATTENTION,4
train_45,train,45,A2,118.21446990966797,54.400001525878906,543,0.940003514289856,,0.94119436,,ATTENTION,4
train_45,train,45,A2,118.21446990966797,54.5,544,0.9401608109474182,,0.9413766,,ATTENTION,4
train_45,train,45,A2,118.21446990966797,54.599998474121094,545,0.9401608109474182,,0.94134164,,ATTENTION,4
train_45,train,45,A2,118.21446990966797,54.70000076293945,546,0.940003514289856,,0.9411533,,ATTENTION,4
train_45,train,45,A2,118.21446990966797,54.79999923706055,547,0.940003514289856,,0.941162,,ATTENTION,4
train_45,train,45,A2,118.21446990966797,54.900001525878906,548,0.940003514289856,,0.9411441,,ATTENTION,4
train_45,train,45,A2,118.21446990966797,55.0,549,0.940003514289856,,0.9411319,,ATTENTION,4
train_45,train,45,A2,118.21446990966797,55.099998474121094,550,0.940003514289856,,0.94114363,,ATTENTION,4
train_45,train,45,A2,118.21446990966797,55.20000076293945,551,0.940003514289856,,0.94114524,,ATTENTION,4
train_45,train,45,A2,118.21446990966797,55.29999923706055,552,0.9401608109474182,,0.9412962,,ATTENTION,4
train_45,train,45,A2,118.21446990966797,55.400001525878906,553,0.940003514289856,,0.9410559,,ATTENTION,4
train_45,train,45,A2,118.21446990966797,55.5,554,0.940003514289856,,0.9411073,,ATTENTION,4
train_45,train,45,A2,118.21446990966797,55.599998474121094,555,0.940003514289856,,0.94109464,,ATTENTION,4
train_45,train,45,A2,118.21446990966797,55.70000076293945,556,0.940003514289856,,0.94108534,,ATTENTION,4
train_45,train,45,A2,118.21446990966797,55.79999923706055,557,0.940003514289856,,0.9410857,,ATTENTION,4
train_45,train,45,A2,118.21446990966797,55.900001525878906,558,0.940003514289856,,0.9410988,,ATTENTION,4
train_45,train,45,A2,118.21446990966797,56.0,559,0.9401608109474182,,0.941282,,ATTENTION,4
train_45,train,45,A2,118.21446990966797,56.099998474121094,560,0.9401608109474182,,0.94124883,,ATTENTION,4
train_45,train,45,A2,118.21446990966797,56.20000076293945,561,0.940003514289856,,0.941074,,ATTENTION,4
train_45,train,45,A2,118.21446990966797,56.29999923706055,562,0.940003514289856,,0.94107616,,ATTENTION,4
train_45,train,45,A2,118.21446990966797,56.400001525878906,563,0.940003514289856,,0.9410806,,ATTENTION,4
train_45,train,45,A2,118.21446990966797,56.5,564,0.9451929926872253,,0.94688725,,ATTENTION,4
train_45,train,45,A2,118.21446990966797,56.599998474121094,565,0.9453502893447876,,0.9462253,,ATTENTION,4
train_45,train,45,A2,118.21446990966797,56.70000076293945,566,0.9453502893447876,,0.94623053,,ATTENTION,4
train_45,train,45,A2,118.21446990966797,56.79999923706055,567,0.9453502893447876,,0.94623387,,ATTENTION,4
train_45,train,45,A2,118.21446990966797,56.900001525878906,568,0.9453502893447876,,0.9462414,,ATTENTION,4
train_45,train,45,A2,118.21446990966797,57.0,569,0.9451929926872253,,0.9460888,,ATTENTION,4
train_45,train,45,A2,118.21446990966797,57.099998474121094,570,0.9451929926872253,,0.9461347,,ATTENTION,4
train_45,train,45,A2,118.21446990966797,57.20000076293945,571,0.9451929926872253,,0.9461515,,ATTENTION,4
train_45,train,45,A2,118.21446990966797,57.29999923706055,572,0.9453502893447876,,0.9463261,,ATTENTION,4
train_45,train,45,A2,118.21446990966797,57.400001525878906,573,0.9453502893447876,,0.9462983,,ATTENTION,4
train_45,train,45,A2,118.21446990966797,57.5,574,0.9453502893447876,,0.94631517,,ATTENTION,4
train_45,train,45,A2,118.21446990966797,57.599998474121094,575,0.9453502893447876,,0.94632757,,ATTENTION,4
train_45,train,45,A2,118.21446990966797,57.70000076293945,576,0.9354430437088013,,0.9364395,,ATTENTION,4
train_45,train,45,A2,118.21446990966797,57.79999923706055,577,0.9321407079696655,,0.93340766,,ATTENTION,4
train_45,train,45,A2,118.21446990966797,57.900001525878906,578,0.9245923757553101,,0.9261811,,ATTENTION,4
train_45,train,45,A2,118.21446990966797,58.0,579,0.9102820158004761,,0.913335,,ATTENTION,4
train_45,train,45,A2,118.21446990966797,58.099998474121094,580,0.9079232215881348,,0.90979123,,ATTENTION,4
train_45,train,45,A2,118.21446990966797,58.20000076293945,581,0.9063506126403809,,0.9081348,,ATTENTION,4
train_45,train,45,A2,118.21446990966797,58.29999923706055,582,0.904935359954834,,0.9066864,,ATTENTION,4
train_45,train,45,A2,118.21446990966797,58.400001525878906,583,0.900689423084259,,0.90257925,,ATTENTION,4
train_45,train,45,A2,118.21446990966797,58.5,584,0.8983306288719177,,0.9000646,,ATTENTION,4
train_45,train,45,A2,118.21446990966797,58.599998474121094,585,0.8972297310829163,,0.8988274,,ATTENTION,4
train_45,train,45,A2,118.21446990966797,58.70000076293945,586,0.8970725536346436,,0.8986144,,ATTENTION,4
train_45,train,45,A2,118.21446990966797,58.79999923706055,587,0.8928266167640686,,0.8945271,,ATTENTION,4
train_45,train,45,A2,118.21446990966797,58.900001525878906,588,0.8918830752372742,,0.8933501,,ATTENTION,4
train_45,train,45,A2,118.21446990966797,59.0,589,0.8896814584732056,,0.8911681,,ATTENTION,4
train_45,train,45,A2,118.21446990966797,59.099998474121094,590,0.8918830752372742,,0.8931484,,ATTENTION,4
train_45,train,45,A2,118.21446990966797,59.20000076293945,591,0.8895241618156433,,0.89081055,,ATTENTION,4
train_45,train,45,A2,118.21446990966797,59.29999923706055,592,0.8884233832359314,,0.8895974,,ATTENTION,4
train_45,train,45,A2,118.21446990966797,59.400001525878906,593,0.8882662057876587,,0.88930786,,ATTENTION,4
train_45,train,45,A2,118.21446990966797,59.5,594,0.8893669247627258,,0.8902739,,ATTENTION,4
train_45,train,45,A2,118.21446990966797,59.599998474121094,595,0.8918830752372742,,0.8926859,,ATTENTION,4
train_45,train,45,A2,118.21446990966797,59.70000076293945,596,0.8896814584732056,,0.8904339,,ATTENTION,4
train_45,train,45,A2,118.21446990966797,59.79999923706055,597,0.8884233832359314,,0.8890513,,ATTENTION,4
train_45,train,45,A2,118.21446990966797,59.900001525878906,598,0.8862218260765076,,0.8868183,,ATTENTION,4
train_45,train,45,A2,118.21446990966797,60.0,599,0.8862218260765076,,0.88659114,,ATTENTION,4
train_45,train,45,A2,118.21446990966797,60.099998474121094,600,0.8860645890235901,,0.88635856,,ATTENTION,4
train_45,train,45,A2,118.21446990966797,60.20000076293945,601,0.8844919800758362,,0.8847985,,ATTENTION,4
train_45,train,45,A2,118.21446990966797,60.29999923706055,602,0.8835484385490417,,0.8837184,,ATTENTION,4
train_45,train,45,A2,118.21446990966797,60.400001525878906,603,0.882919430732727,,0.882968,,ATTENTION,4
train_45,train,45,A2,118.21446990966797,60.5,604,0.8808751106262207,,0.8809366,,ATTENTION,4
train_45,train,45,A2,118.21446990966797,60.599998474121094,605,0.8799315094947815,,0.8797953,,ATTENTION,4
train_45,train,45,A2,118.21446990966797,60.70000076293945,606,0.8811895847320557,,0.88081163,,ATTENTION,4
train_45,train,45,A2,118.21446990966797,60.79999923706055,607,0.8840202689170837,,0.8835364,,ATTENTION,4
train_45,train,45,A2,118.21446990966797,60.900001525878906,608,0.8796170353889465,,0.879567,,ATTENTION,4
train_45,train,45,A2,118.21446990966797,61.0,609,0.8772581815719604,,0.87694514,,ATTENTION,4
train_45,train,45,A2,118.21446990966797,61.099998474121094,610,0.8772581815719604,,0.8767214,,ATTENTION,4
train_45,train,45,A2,118.21446990966797,61.20000076293945,611,0.8753710985183716,,0.8749565,,ATTENTION,4
train_45,train,45,A2,118.21446990966797,61.29999923706055,612,0.8742703199386597,,0.87378514,,ATTENTION,4
train_45,train,45,A2,118.21446990966797,61.400001525878906,613,0.8720687031745911,,0.87172747,,ATTENTION,4
train_45,train,45,A2,118.21446990966797,61.5,614,0.8709679245948792,,0.8705135,,ATTENTION,4
train_45,train,45,A2,118.21446990966797,61.599998474121094,615,0.8719115257263184,,0.8713071,,ATTENTION,4
train_45,train,45,A2,118.21446990966797,61.70000076293945,616,0.8719115257263184,,0.8713372,,ATTENTION,4
train_45,train,45,A2,118.21446990966797,61.79999923706055,617,0.8708106279373169,,0.87032205,,ATTENTION,4
train_45,train,45,A2,118.21446990966797,61.900001525878906,618,0.8719115257263184,,0.871191,,ATTENTION,4
train_45,train,45,A2,118.21446990966797,62.0,619,0.8709679245948792,,0.8704307,,ATTENTION,4
train_45,train,45,A2,118.21446990966797,62.099998474121094,620,0.8709679245948792,,0.8703268,,ATTENTION,4
train_45,train,45,A2,118.21446990966797,62.20000076293945,621,0.8687664270401001,,0.8683889,,ATTENTION,4
train_45,train,45,A2,118.21446990966797,62.29999923706055,622,0.8664074540138245,,0.8660525,,ATTENTION,4
train_45,train,45,A2,118.21446990966797,62.400001525878906,623,0.8653067946434021,,0.86483335,,ATTENTION,4
train_45,train,45,A2,118.21446990966797,62.5,624,0.8620043396949768,,0.86187243,,ATTENTION,4
train_45,train,45,A2,118.21446990966797,62.599998474121094,625,0.8620043396949768,,0.8614623,,ATTENTION,4
train_45,train,45,A2,118.21446990966797,62.70000076293945,626,0.8587019443511963,,0.858601,,ATTENTION,4
train_45,train,45,A2,118.21446990966797,62.79999923706055,627,0.8621615171432495,,0.86132705,,ATTENTION,4
train_45,train,45,A2,118.21446990966797,62.900001525878906,628,0.8599599599838257,,0.85964704,,ATTENTION,4
train_45,train,45,A2,118.21446990966797,63.0,629,0.8599599599838257,,0.85936415,,ATTENTION,4
train_45,train,45,A2,118.21446990966797,63.099998474121094,630,0.8599599599838257,,0.85934055,,ATTENTION,4
train_45,train,45,A2,118.21446990966797,63.20000076293945,631,0.8590165376663208,,0.85849845,,ATTENTION,4
train_45,train,45,A2,118.21446990966797,63.29999923706055,632,0.8577584028244019,,0.8572674,,ATTENTION,4
train_45,train,45,A2,118.21446990966797,63.400001525878906,633,0.8566575646400452,,0.85617775,,ATTENTION,4
train_45,train,45,A2,118.21446990966797,63.5,634,0.8565003275871277,,0.8559009,,ATTENTION,4
train_45,train,45,A2,118.21446990966797,63.599998474121094,635,0.8557140827178955,,0.85519004,,ATTENTION,4
train_45,train,45,A2,118.21446990966797,63.70000076293945,636,0.8535125255584717,,0.85320354,,ATTENTION,4
train_45,train,45,A2,118.21446990966797,63.79999923706055,637,0.8533552885055542,,0.8528415,,ATTENTION,4
train_45,train,45,A2,118.21446990966797,63.900001525878906,638,0.8533552885055542,,0.852752,,ATTENTION,4
train_45,train,45,A2,118.21446990966797,64.0,639,0.8533552885055542,,0.85272133,,ATTENTION,4
train_45,train,45,A2,118.21446990966797,64.0999984741211,640,0.8544560074806213,,0.853683,,ATTENTION,4
train_45,train,45,A2,118.21446990966797,64.19999694824219,641,0.8544560074806213,,0.85376227,,ATTENTION,4
train_45,train,45,A2,118.21446990966797,64.30000305175781,642,0.8544560074806213,,0.8537349,,ATTENTION,4
train_45,train,45,A2,118.21446990966797,64.4000015258789,643,0.8568148016929626,,0.85582054,,ATTENTION,4
train_45,train,45,A2,118.21446990966797,64.5,644,0.8566575646400452,,0.8558824,,ATTENTION,4
train_45,train,45,A2,118.21446990966797,64.5999984741211,645,0.8566575646400452,,0.85587454,,ATTENTION,4
train_45,train,45,A2,118.21446990966797,64.69999694824219,646,0.859802782535553,,0.85870874,,ATTENTION,4
train_45,train,45,A2,118.21446990966797,64.80000305175781,647,0.859802782535553,,0.85893893,,ATTENTION,4
train_45,train,45,A2,118.21446990966797,64.9000015258789,648,0.8631051778793335,,0.8619505,,ATTENTION,4
train_45,train,45,A2,118.21446990966797,65.0,649,0.8620043396949768,,0.8611597,,ATTENTION,4
train_45,train,45,A2,118.21446990966797,65.0999984741211,650,0.8577584028244019,,0.85746324,,ATTENTION,4
train_45,train,45,A2,118.21446990966797,65.19999694824219,651,0.854613184928894,,0.85428417,,ATTENTION,4
train_45,train,45,A2,118.21446990966797,65.30000305175781,652,0.851153552532196,,0.8509272,,ATTENTION,4
train_45,train,45,A2,118.21446990966797,65.4000015258789,653,0.8478512763977051,,0.84770757,,ATTENTION,4
train_45,train,45,A2,118.21446990966797,65.5,654,0.8456497192382812,,0.84542286,,ATTENTION,4
train_45,train,45,A2,118.21446990966797,65.5999984741211,655,0.852411687374115,,0.85126793,,ATTENTION,4
train_45,train,45,A2,118.21446990966797,65.69999694824219,656,0.85209721326828,,0.8514628,,ATTENTION,4
train_45,train,45,A2,118.21446990966797,65.80000305175781,657,0.8478512763977051,,0.84789157,,ATTENTION,4
train_45,train,45,A2,118.21446990966797,65.9000015258789,658,0.8406174182891846,,0.84140885,,ATTENTION,4
train_45,train,45,A2,118.21446990966797,66.0,659,0.835899829864502,,0.83638966,,ATTENTION,4
train_45,train,45,A2,118.21446990966797,66.0999984741211,660,0.8374723196029663,,0.8370018,,ATTENTION,4
train_45,train,45,A2,118.21446990966797,66.19999694824219,661,0.8401457667350769,,0.8394711,,ATTENTION,4
train_45,train,45,A2,118.21446990966797,66.30000305175781,662,0.835899829864502,,0.8362269,,ATTENTION,4
train_45,train,45,A2,118.21446990966797,66.4000015258789,663,0.8303958177566528,,0.8311459,,ATTENTION,4
train_45,train,45,A2,118.21446990966797,66.5,664,0.8248918056488037,,0.82575643,,ATTENTION,4
train_45,train,45,A2,118.21446990966797,66.5999984741211,665,0.8192306160926819,,0.8202691,,ATTENTION,4
train_45,train,45,A2,118.21446990966797,66.69999694824219,666,0.8157709240913391,,0.8164268,,ATTENTION,4
train_45,train,45,A2,118.21446990966797,66.80000305175781,667,0.8149847388267517,,0.81517184,,ATTENTION,4
train_45,train,45,A2,118.21446990966797,66.9000015258789,668,0.8104241490364075,,0.81132495,,ATTENTION,4
train_45,train,45,A2,118.21446990966797,67.0,669,0.8104241490364075,,0.8105216,,ATTENTION,4
train_45,train,45,A2,118.21446990966797,67.0999984741211,670,0.8093234896659851,,0.8095743,,ATTENTION,4
train_45,train,45,A2,118.21446990966797,67.19999694824219,671,0.8093234896659851,,0.8093928,,ATTENTION,4
train_45,train,45,A2,118.21446990966797,67.30000305175781,672,0.8094807267189026,,0.80950737,,ATTENTION,4
train_45,train,45,A2,118.21446990966797,67.4000015258789,673,0.8083798885345459,,0.8086307,,ATTENTION,4
train_45,train,45,A2,118.21446990966797,67.5,674,0.807121753692627,,0.80741715,,ATTENTION,4
train_45,train,45,A2,118.21446990966797,67.5999984741211,675,0.8061782717704773,,0.806348,,ATTENTION,4
train_45,train,45,A2,118.21446990966797,67.69999694824219,676,0.8060210347175598,,0.80608296,,ATTENTION,4
train_45,train,45,A2,118.21446990966797,67.80000305175781,677,0.8050776124000549,,0.80525815,,ATTENTION,4
train_45,train,45,A2,118.21446990966797,67.9000015258789,678,0.803819477558136,,0.80400264,,ATTENTION,4
train_45,train,45,A2,118.21446990966797,68.0,679,0.803819477558136,,0.80383635,,ATTENTION,4
train_45,train,45,A2,118.21446990966797,68.0999984741211,680,0.803819477558136,,0.8037174,,ATTENTION,4
train_45,train,45,A2,118.21446990966797,68.19999694824219,681,0.8060210347175598,,0.80557364,,ATTENTION,4
train_45,train,45,A2,118.21446990966797,68.30000305175781,682,0.8060210347175598,,0.80592215,,ATTENTION,4
train_45,train,45,A2,118.21446990966797,68.4000015258789,683,0.8060210347175598,,0.8058852,,ATTENTION,4
train_45,train,45,A2,118.21446990966797,68.5,684,0.807121753692627,,0.8068299,,ATTENTION,4
train_45,train,45,A2,118.21446990966797,68.5999984741211,685,0.807121753692627,,0.8070064,,ATTENTION,4
train_45,train,45,A2,118.21446990966797,68.69999694824219,686,0.803819477558136,,0.8043302,,ATTENTION,4
train_45,train,45,A2,118.21446990966797,68.80000305175781,687,0.8126257061958313,,0.81140745,,ATTENTION,4
train_45,train,45,A2,118.21446990966797,68.9000015258789,688,0.8093234896659851,,0.8097187,,ATTENTION,4
train_45,train,45,A2,118.21446990966797,69.0,689,0.8093234896659851,,0.80922306,,ATTENTION,4
train_45,train,45,A2,118.21446990966797,69.0999984741211,690,0.807121753692627,,0.8074038,,ATTENTION,4
train_45,train,45,A2,118.21446990966797,69.19999694824219,691,0.807121753692627,,0.80697227,,ATTENTION,4
train_45,train,45,A2,118.21446990966797,69.30000305175781,692,0.807121753692627,,0.80704445,,ATTENTION,4
train_45,train,45,A2,118.21446990966797,69.4000015258789,693,0.8060210347175598,,0.8060156,,ATTENTION,4
train_45,train,45,A2,118.21446990966797,69.5,694,0.8060210347175598,,0.8058735,,ATTENTION,4
train_45,train,45,A2,118.21446990966797,69.5999984741211,695,0.803819477558136,,0.8041258,,ATTENTION,4
train_45,train,45,A2,118.21446990966797,69.69999694824219,696,0.8017750978469849,,0.8020554,,ATTENTION,4
train_45,train,45,A2,118.21446990966797,69.80000305175781,697,0.8008314371109009,,0.8009238,,ATTENTION,4
train_45,train,45,A2,118.21446990966797,69.9000015258789,698,0.7991017699241638,,0.7992991,,ATTENTION,4
train_45,train,45,A2,118.21446990966797,70.0,699,0.7983154654502869,,0.79838,,ATTENTION,4
train_45,train,45,A2,118.21446990966797,70.0999984741211,700,0.7972146272659302,,0.7973126,,ATTENTION,4
train_45,train,45,A2,118.21446990966797,70.19999694824219,701,0.7973719835281372,,0.79726374,,ATTENTION,4
train_45,train,45,A2,118.21446990966797,70.30000305175781,702,0.8019323348999023,,0.80127895,,ATTENTION,4
train_45,train,45,A2,118.21446990966797,70.4000015258789,703,0.8074362874031067,,0.8066449,,ATTENTION,4
train_45,train,45,A2,118.21446990966797,70.5,704,0.8105815649032593,,0.8099885,,ATTENTION,4
train_45,train,45,A2,118.21446990966797,70.5999984741211,705,0.8093234896659851,,0.80941945,,ATTENTION,4
train_45,train,45,A2,118.21446990966797,70.69999694824219,706,0.807121753692627,,0.80740064,,ATTENTION,4
train_45,train,45,A2,118.21446990966797,70.80000305175781,707,0.8000451922416687,,0.8014552,,ATTENTION,4
train_45,train,45,A2,118.21446990966797,70.9000015258789,708,0.7929686903953552,,0.79439855,,ATTENTION,4
train_45,train,45,A2,118.21446990966797,71.0,709,0.7885655760765076,,0.7894881,,ATTENTION,4
train_45,train,45,A2,118.21446990966797,71.0999984741211,710,0.7896664142608643,,0.78961915,,ATTENTION,4
train_45,train,45,A2,118.21446990966797,71.19999694824219,711,0.7832188010215759,,0.7845318,,ATTENTION,4
train_45,train,45,A2,118.21446990966797,71.30000305175781,712,0.7777149677276611,,0.7787291,,ATTENTION,4
train_45,train,45,A2,118.21446990966797,71.4000015258789,713,0.772210955619812,,0.7732647,,ATTENTION,4
train_45,train,45,A2,118.21446990966797,71.5,714,0.7711101174354553,,0.7712821,,ATTENTION,4
train_45,train,45,A2,118.21446990966797,71.5999984741211,715,0.7689085602760315,,0.7691823,,ATTENTION,4
train_45,train,45,A2,118.21446990966797,71.69999694824219,716,0.7668641805648804,,0.76712596,,ATTENTION,4
train_45,train,45,A2,118.21446990966797,71.80000305175781,717,0.7634044885635376,,0.76385593,,ATTENTION,4
train_45,train,45,A2,118.21446990966797,71.9000015258789,718,0.7623038291931152,,0.76239526,,ATTENTION,4
train_45,train,45,A2,118.21446990966797,72.0,719,0.7656061053276062,,0.76499754,,ATTENTION,4
train_45,train,45,A2,118.21446990966797,72.0999984741211,720,0.7634044885635376,,0.76359785,,ATTENTION,4
train_45,train,45,A2,118.21446990966797,72.19999694824219,721,0.7601020932197571,,0.7604917,,ATTENTION,4
train_45,train,45,A2,118.21446990966797,72.30000305175781,722,0.7583723068237305,,0.75840676,,ATTENTION,4
train_45,train,45,A2,118.21446990966797,72.4000015258789,723,0.7580578923225403,,0.75793695,,ATTENTION,4
train_45,train,45,A2,118.21446990966797,72.5,724,0.7567998766899109,,0.7568164,,ATTENTION,4
train_45,train,45,A2,118.21446990966797,72.5999984741211,725,0.7569570541381836,,0.75676435,,ATTENTION,4
train_45,train,45,A2,118.21446990966797,72.69999694824219,726,0.7569570541381836,,0.75684035,,ATTENTION,4
train_45,train,45,A2,118.21446990966797,72.80000305175781,727,0.7569570541381836,,0.75672746,,ATTENTION,4
train_45,train,45,A2,118.21446990966797,72.9000015258789,728,0.7569570541381836,,0.7567977,,ATTENTION,4
train_45,train,45,A2,118.21446990966797,73.0,729,0.7569570541381836,,0.7567624,,ATTENTION,4
train_45,train,45,A2,118.21446990966797,73.0999984741211,730,0.7569570541381836,,0.75678253,,ATTENTION,4
train_45,train,45,A2,118.21446990966797,73.19999694824219,731,0.7574288845062256,,0.75718206,,ATTENTION,4
train_45,train,45,A2,118.21446990966797,73.30000305175781,732,0.7580578923225403,,0.7577723,,ATTENTION,4
train_45,train,45,A2,118.21446990966797,73.4000015258789,733,0.7580578923225403,,0.7579445,,ATTENTION,4
train_45,train,45,A2,118.21446990966797,73.5,734,0.7569570541381836,,0.75692916,,ATTENTION,4
train_45,train,45,A2,118.21446990966797,73.5999984741211,735,0.7571142315864563,,0.7569555,,ATTENTION,4
train_45,train,45,A2,118.21446990966797,73.69999694824219,736,0.7569570541381836,,0.75680333,,ATTENTION,4
train_45,train,45,A2,118.21446990966797,73.80000305175781,737,0.7580578923225403,,0.7577536,,ATTENTION,4
train_45,train,45,A2,118.21446990966797,73.9000015258789,738,0.7567998766899109,,0.7567775,,ATTENTION,4
train_45,train,45,A2,118.21446990966797,74.0,739,0.7547554969787598,,0.75486606,,ATTENTION,4
train_45,train,45,A2,118.21446990966797,74.0999984741211,740,0.7536545991897583,,0.7536933,,ATTENTION,4
train_45,train,45,A2,118.21446990966797,74.19999694824219,741,0.7514530420303345,,0.7516706,,ATTENTION,4
train_45,train,45,A2,118.21446990966797,74.30000305175781,742,0.7547554969787598,,0.75418675,,ATTENTION,4
train_45,train,45,A2,118.21446990966797,74.4000015258789,743,0.7601020932197571,,0.75939643,,ATTENTION,4
train_45,train,45,A2,118.21446990966797,74.5,744,0.7569570541381836,,0.7573341,,ATTENTION,4
train_45,train,45,A2,118.21446990966797,74.5999984741211,745,0.7547554969787598,,0.7550074,,ATTENTION,4
train_45,train,45,A2,118.21446990966797,74.69999694824219,746,0.7492514252662659,,0.7501186,,ATTENTION,4
train_45,train,45,A2,118.21446990966797,74.80000305175781,747,0.7457918524742126,,0.7462112,,ATTENTION,4
train_45,train,45,A2,118.21446990966797,74.9000015258789,748,0.7448483109474182,,0.7447887,,ATTENTION,4
train_45,train,45,A2,118.21446990966797,75.0,749,0.7426468133926392,,0.7427662,,ATTENTION,4
train_45,train,45,A2,118.21446990966797,75.0999984741211,750,0.740445077419281,,0.74049395,,ATTENTION,4
train_45,train,45,A2,118.21446990966797,75.19999694824219,751,0.7395015358924866,,0.7392914,,ATTENTION,4
train_45,train,45,A2,118.21446990966797,75.30000305175781,752,0.7369853854179382,,0.73710513,,ATTENTION,4
train_45,train,45,A2,118.21446990966797,75.4000015258789,753,0.7338403463363647,,0.73397017,,ATTENTION,4
train_45,train,45,A2,118.21446990966797,75.5,754,0.7338403463363647,,0.7334503,,ATTENTION,4
train_45,train,45,A2,118.21446990966797,75.5999984741211,755,0.7412313222885132,,0.74037576,,ATTENTION,4
train_45,train,45,A2,118.21446990966797,75.69999694824219,756,0.7454772591590881,,0.7448296,,ATTENTION,4
train_45,train,45,A2,118.21446990966797,75.80000305175781,757,0.7492514252662659,,0.7487267,,ATTENTION,4
train_45,train,45,A2,118.21446990966797,75.9000015258789,758,0.7492514252662659,,0.74919283,,ATTENTION,4
train_45,train,45,A2,118.21446990966797,76.0,759,0.7393442988395691,,0.7413927,,ATTENTION,4
train_45,train,45,A2,118.21446990966797,76.0999984741211,760,0.7327394485473633,,0.73370314,,ATTENTION,4
train_45,train,45,A2,118.21446990966797,76.19999694824219,761,0.7283363342285156,,0.7288165,,ATTENTION,4
train_45,train,45,A2,118.21446990966797,76.30000305175781,762,0.7240903973579407,,0.7243892,,ATTENTION,4
train_45,train,45,A2,118.21446990966797,76.4000015258789,763,0.7218888998031616,,0.7218671,,ATTENTION,4
train_45,train,45,A2,118.21446990966797,76.5,764,0.7185864448547363,,0.71866614,,ATTENTION,4
train_45,train,45,A2,118.21446990966797,76.5999984741211,765,0.7163848876953125,,0.7161936,,ATTENTION,4
train_45,train,45,A2,118.21446990966797,76.69999694824219,766,0.7130824327468872,,0.71310204,,ATTENTION,4
train_45,train,45,A2,118.21446990966797,76.80000305175781,767,0.7130824327468872,,0.71258605,,ATTENTION,4
train_45,train,45,A2,118.21446990966797,76.9000015258789,768,0.7185864448547363,,0.71765256,,ATTENTION,4
train_45,train,45,A2,118.21446990966797,77.0,769,0.715283989906311,,0.7153556,,ATTENTION,4
train_45,train,45,A2,118.21446990966797,77.0999984741211,770,0.7130824327468872,,0.7129874,,ATTENTION,4
train_45,train,45,A2,118.21446990966797,77.19999694824219,771,0.7074212431907654,,0.70792055,,ATTENTION,4
train_45,train,45,A2,118.21446990966797,77.30000305175781,772,0.7075784206390381,,0.7069982,,ATTENTION,4
train_45,train,45,A2,118.21446990966797,77.4000015258789,773,0.7022318243980408,,0.7026862,,ATTENTION,4
train_45,train,45,A2,118.21446990966797,77.5,774,0.7001874446868896,,0.6998787,,ATTENTION,4
train_45,train,45,A2,118.21446990966797,77.5999984741211,775,0.6986149549484253,,0.6982051,,ATTENTION,4
train_45,train,45,A2,118.21446990966797,77.69999694824219,776,0.6978285312652588,,0.6972928,,ATTENTION,4
train_45,train,45,A2,118.21446990966797,77.80000305175781,777,0.6978285312652588,,0.69724774,,ATTENTION,4
train_45,train,45,A2,118.21446990966797,77.9000015258789,778,0.695626974105835,,0.6953789,,ATTENTION,4
train_45,train,45,A2,118.21446990966797,78.0,779,0.6946834921836853,,0.69418174,,ATTENTION,4
train_45,train,45,A2,118.21446990966797,78.0999984741211,780,0.6989293694496155,,0.69797844,,ATTENTION,4
train_45,train,45,A2,118.21446990966797,78.19999694824219,781,0.6979859471321106,,0.6976336,,ATTENTION,4
train_45,train,45,A2,118.21446990966797,78.30000305175781,782,0.6924818754196167,,0.69298613,,ATTENTION,4
train_45,train,45,A2,118.21446990966797,78.4000015258789,783,0.6902803182601929,,0.69006324,,ATTENTION,4
train_45,train,45,A2,118.21446990966797,78.5,784,0.6891794800758362,,0.6887469,,ATTENTION,4
train_45,train,45,A2,118.21446990966797,78.5999984741211,785,0.6868206858634949,,0.6866618,,ATTENTION,4
train_45,train,45,A2,118.21446990966797,78.69999694824219,786,0.6835182905197144,,0.683498,,ATTENTION,4
train_45,train,45,A2,118.21446990966797,78.80000305175781,787,0.6803731918334961,,0.6803148,,ATTENTION,4
train_45,train,45,A2,118.21446990966797,78.9000015258789,788,0.6761271357536316,,0.676292,,ATTENTION,4
train_45,train,45,A2,118.21446990966797,79.0,789,0.6728248596191406,,0.6727375,,ATTENTION,4
train_45,train,45,A2,118.21446990966797,79.0999984741211,790,0.6750264167785645,,0.6742251,,ATTENTION,4
train_45,train,45,A2,118.21446990966797,79.19999694824219,791,0.6728248596191406,,0.67259014,,ATTENTION,4
train_45,train,45,A2,118.21446990966797,79.30000305175781,792,0.6728248596191406,,0.6723325,,ATTENTION,4
train_45,train,45,A2,118.21446990966797,79.4000015258789,793,0.6728248596191406,,0.6723667,,ATTENTION,4
train_45,train,45,A2,118.21446990966797,79.5,794,0.6750264167785645,,0.674369,,ATTENTION,4
train_45,train,45,A2,118.21446990966797,79.5999984741211,795,0.6728248596191406,,0.6726282,,ATTENTION,4
train_45,train,45,A2,118.21446990966797,79.69999694824219,796,0.6717240214347839,,0.67147803,,ATTENTION,4
train_45,train,45,A2,118.21446990966797,79.80000305175781,797,0.6728248596191406,,0.67219645,,ATTENTION,4
train_45,train,45,A2,118.21446990966797,79.9000015258789,798,0.6695224642753601,,0.6695448,,ATTENTION,4
train_45,train,45,A2,118.21446990966797,80.0,799,0.6681071519851685,,0.66784954,,ATTENTION,4
train_45,train,45,A2,118.21446990966797,80.0999984741211,800,0.6665346026420593,,0.6662987,,ATTENTION,4
train_45,train,45,A2,118.21446990966797,80.19999694824219,801,0.664018452167511,,0.66395724,,ATTENTION,4
train_45,train,45,A2,118.21446990966797,80.30000305175781,802,0.6608734130859375,,0.66096276,,ATTENTION,4
train_45,train,45,A2,118.21446990966797,80.4000015258789,803,0.6564701199531555,,0.65681314,,ATTENTION,4
train_45,train,45,A2,118.21446990966797,80.5,804,0.6553694009780884,,0.65519476,,ATTENTION,4
train_45,train,45,A2,118.21446990966797,80.5999984741211,805,0.6553694009780884,,0.6550664,,ATTENTION,4
train_45,train,45,A2,118.21446990966797,80.69999694824219,806,0.6575709581375122,,0.65701014,,ATTENTION,4
train_45,train,45,A2,118.21446990966797,80.80000305175781,807,0.6553694009780884,,0.6554277,,ATTENTION,4
train_45,train,45,A2,118.21446990966797,80.9000015258789,808,0.6542685627937317,,0.65410817,,ATTENTION,4
train_45,train,45,A2,118.21446990966797,81.0,809,0.6520669460296631,,0.65200436,,ATTENTION,4
train_45,train,45,A2,118.21446990966797,81.0999984741211,810,0.6520669460296631,,0.65184975,,ATTENTION,4
train_45,train,45,A2,118.21446990966797,81.19999694824219,811,0.6520669460296631,,0.6518425,,ATTENTION,4
train_45,train,45,A2,118.21446990966797,81.30000305175781,812,0.6632322072982788,,0.66274405,,ATTENTION,4
train_45,train,45,A2,118.21446990966797,81.4000015258789,813,0.6575709581375122,,0.65826,,ATTENTION,4
train_45,train,45,A2,118.21446990966797,81.5,814,0.6509662866592407,,0.65202713,,ATTENTION,4
train_45,train,45,A2,118.21446990966797,81.5999984741211,815,0.646562933921814,,0.64702284,,ATTENTION,4
train_45,train,45,A2,118.21446990966797,81.69999694824219,816,0.6432605385780334,,0.64364284,,ATTENTION,4
train_45,train,45,A2,118.21446990966797,81.80000305175781,817,0.6377566456794739,,0.63862383,,ATTENTION,4
train_45,train,45,A2,118.21446990966797,81.9000015258789,818,0.6366558074951172,,0.6368166,,ATTENTION,4
train_45,train,45,A2,118.21446990966797,82.0,819,0.6421598196029663,,0.6418328,,ATTENTION,4
train_45,train,45,A2,118.21446990966797,82.0999984741211,820,0.6454622745513916,,0.6452119,,ATTENTION,4
train_45,train,45,A2,118.21446990966797,82.19999694824219,821,0.6399582624435425,,0.6408633,,ATTENTION,4
train_45,train,45,A2,118.21446990966797,82.30000305175781,822,0.6335107684135437,,0.63470393,,ATTENTION,4
train_45,train,45,A2,118.21446990966797,82.4000015258789,823,0.6313090324401855,,0.6317038,,ATTENTION,4
train_45,train,45,A2,118.21446990966797,82.5,824,0.6298937201499939,,0.6302174,,ATTENTION,4
train_45,train,45,A2,118.21446990966797,82.5999984741211,825,0.6295793056488037,,0.6297637,,ATTENTION,4
train_45,train,45,A2,118.21446990966797,82.69999694824219,826,0.6313090324401855,,0.63137287,,ATTENTION,4
train_45,train,45,A2,118.21446990966797,82.80000305175781,827,0.6247043609619141,,0.6261662,,ATTENTION,4
train_45,train,45,A2,118.21446990966797,82.9000015258789,828,0.6232890486717224,,0.6237464,,ATTENTION,4
train_45,train,45,A2,118.21446990966797,83.0,829,0.6231318116188049,,0.62341714,,ATTENTION,4
train_45,train,45,A2,118.21446990966797,83.0999984741211,830,0.6247043609619141,,0.6248239,,ATTENTION,4
train_45,train,45,A2,118.21446990966797,83.19999694824219,831,0.6203012466430664,,0.6212618,,ATTENTION,4
train_45,train,45,A2,118.21446990966797,83.30000305175781,832,0.6248615980148315,,0.6248557,,ATTENTION,4
train_45,train,45,A2,118.21446990966797,83.4000015258789,833,0.6247043609619141,,0.6250489,,ATTENTION,4
train_45,train,45,A2,118.21446990966797,83.5,834,0.6204584240913391,,0.62150997,,ATTENTION,4
train_45,train,45,A2,118.21446990966797,83.5999984741211,835,0.6116519570350647,,0.6139282,,ATTENTION,4
train_45,train,45,A2,118.21446990966797,83.69999694824219,836,0.607248842716217,,0.60847604,,ATTENTION,4
train_45,train,45,A2,118.21446990966797,83.80000305175781,837,0.6028457283973694,,0.604159,,ATTENTION,4
train_45,train,45,A2,118.21446990966797,83.9000015258789,838,0.6017448902130127,,0.6026252,,ATTENTION,4
train_45,train,45,A2,118.21446990966797,84.0,839,0.5962408781051636,,0.59802353,,ATTENTION,4
train_45,train,45,A2,118.21446990966797,84.0999984741211,840,0.5940393209457397,,0.59523475,,ATTENTION,4
train_45,train,45,A2,118.21446990966797,84.19999694824219,841,0.5984426140785217,,0.5989789,,ATTENTION,4
train_45,train,45,A2,118.21446990966797,84.30000305175781,842,0.5984426140785217,,0.59932625,,ATTENTION,4
train_45,train,45,A2,118.21446990966797,84.4000015258789,843,0.5940393209457397,,0.59568644,,ATTENTION,4
train_45,train,45,A2,118.21446990966797,84.5,844,0.5896362066268921,,0.59137946,,ATTENTION,4
train_45,train,45,A2,118.21446990966797,84.5999984741211,845,0.584132194519043,,0.5862509,,ATTENTION,4
train_45,train,45,A2,118.21446990966797,84.69999694824219,846,0.5819306373596191,,0.58344257,,ATTENTION,4
train_45,train,45,A2,118.21446990966797,84.80000305175781,847,0.5819306373596191,,0.58313423,,ATTENTION,4
train_45,train,45,A2,118.21446990966797,84.9000015258789,848,0.5776847004890442,,0.5796414,,ATTENTION,4
train_45,train,45,A2,118.21446990966797,85.0,849,0.5742250680923462,,0.5761715,,ATTENTION,4
train_45,train,45,A2,118.21446990966797,85.0999984741211,850,0.5718662142753601,,0.57370824,,ATTENTION,4
train_45,train,45,A2,118.21446990966797,85.19999694824219,851,0.5635316371917725,,0.56672794,,ATTENTION,4
train_45,train,45,A2,118.21446990966797,85.30000305175781,852,0.5613299012184143,,0.56334126,,ATTENTION,4
train_45,train,45,A2,118.21446990966797,85.4000015258789,853,0.5591283440589905,,0.56122017,,ATTENTION,4
train_45,train,45,A2,118.21446990966797,85.5,854,0.5572413802146912,,0.5593046,,ATTENTION,4
train_45,train,45,A2,118.21446990966797,85.5999984741211,855,0.5547252297401428,,0.5569855,,ATTENTION,4
train_45,train,45,A2,118.21446990966797,85.69999694824219,856,0.552523672580719,,0.5547736,,ATTENTION,4
train_45,train,45,A2,118.21446990966797,85.80000305175781,857,0.5548824667930603,,0.5565088,,ATTENTION,4
train_45,train,45,A2,118.21446990966797,85.9000015258789,858,0.5646323561668396,,0.56570977,,ATTENTION,4
train_45,train,45,A2,118.21446990966797,86.0,859,0.5558260679244995,,0.55944794,,ATTENTION,4
train_45,train,45,A2,118.21446990966797,86.0999984741211,860,0.5514228343963623,,0.5541592,,ATTENTION,4
train_45,train,45,A2,118.21446990966797,86.19999694824219,861,0.5460761785507202,,0.5490837,,ATTENTION,4
train_45,train,45,A2,118.21446990966797,86.30000305175781,862,0.5427737832069397,,0.5454071,,ATTENTION,4
train_45,train,45,A2,118.21446990966797,86.4000015258789,863,0.5405721664428711,,0.5431356,,ATTENTION,4
train_45,train,45,A2,118.21446990966797,86.5,864,0.5393140912055969,,0.5417195,,ATTENTION,4
train_45,train,45,A2,118.21446990966797,86.5999984741211,865,0.5383706092834473,,0.5407485,,ATTENTION,4
train_45,train,45,A2,118.21446990966797,86.69999694824219,866,0.5429309606552124,,0.5445988,,ATTENTION,4
train_45,train,45,A2,118.21446990966797,86.80000305175781,867,0.5459190011024475,,0.547678,,ATTENTION,4
train_45,train,45,A2,118.21446990966797,86.9000015258789,868,0.5393140912055969,,0.54273,,ATTENTION,4
train_45,train,45,A2,118.21446990966797,87.0,869,0.5349109172821045,,0.53794736,,ATTENTION,4
train_45,train,45,A2,118.21446990966797,87.0999984741211,870,0.5305078029632568,,0.5336738,,ATTENTION,4
train_45,train,45,A2,118.21446990966797,87.19999694824219,871,0.5294069647789001,,0.5320553,,ATTENTION,4
train_45,train,45,A2,118.21446990966797,87.30000305175781,872,0.5297214388847351,,0.53214025,,ATTENTION,4
train_45,train,45,A2,118.21446990966797,87.4000015258789,873,0.5297214388847351,,0.53216845,,ATTENTION,4
train_45,train,45,A2,118.21446990966797,87.5,874,0.5275198221206665,,0.5303713,,ATTENTION,4
train_45,train,45,A2,118.21446990966797,87.5999984741211,875,0.5264191627502441,,0.52908933,,ATTENTION,4
train_45,train,45,A2,118.21446990966797,87.69999694824219,876,0.5254755020141602,,0.5282166,,ATTENTION,4
train_45,train,45,A2,118.21446990966797,87.80000305175781,877,0.5240601897239685,,0.52684015,,ATTENTION,4
train_45,train,45,A2,118.21446990966797,87.9000015258789,878,0.5240601897239685,,0.5266397,,ATTENTION,4
train_45,train,45,A2,118.21446990966797,88.0,879,0.5295641422271729,,0.53144777,,ATTENTION,4
train_45,train,45,A2,118.21446990966797,88.0999984741211,880,0.5240601897239685,,0.52764446,,ATTENTION,4
train_45,train,45,A2,118.21446990966797,88.19999694824219,881,0.5220158100128174,,0.5249428,,ATTENTION,4
train_45,train,45,A2,118.21446990966797,88.30000305175781,882,0.5187135934829712,,0.52187103,,ATTENTION,4
train_45,train,45,A2,118.21446990966797,88.4000015258789,883,0.5240601897239685,,0.52600247,,ATTENTION,4
train_45,train,45,A2,118.21446990966797,88.5,884,0.5207579135894775,,0.5238962,,ATTENTION,4
train_45,train,45,A2,118.21446990966797,88.5999984741211,885,0.5185563564300537,,0.52157426,,ATTENTION,4
train_45,train,45,A2,118.21446990966797,88.69999694824219,886,0.5174554586410522,,0.5203129,,ATTENTION,4
train_45,train,45,A2,118.21446990966797,88.80000305175781,887,0.5130523443222046,,0.5165601,,ATTENTION,4
train_45,train,45,A2,118.21446990966797,88.9000015258789,888,0.5121086835861206,,0.5150342,,ATTENTION,4
train_45,train,45,A2,118.21446990966797,89.0,889,0.5102217197418213,,0.5132958,,ATTENTION,4
train_45,train,45,A2,118.21446990966797,89.0999984741211,890,0.5100643038749695,,0.5128334,,ATTENTION,4
train_45,train,45,A2,118.21446990966797,89.19999694824219,891,0.5086490511894226,,0.5116593,,ATTENTION,4
train_45,train,45,A2,118.21446990966797,89.30000305175781,892,0.5044031143188477,,0.5079851,,ATTENTION,4
train_45,train,45,A2,118.21446990966797,89.4000015258789,893,0.5044031143188477,,0.50725394,,ATTENTION,4
train_45,train,45,A2,118.21446990966797,89.5,894,0.5011008381843567,,0.50450057,,ATTENTION,4
train_45,train,45,A2,118.21446990966797,89.5999984741211,895,0.5,,0.50304854,,ATTENTION,4
train_45,train,45,A2,118.21446990966797,89.69999694824219,896,0.5001571774482727,,0.50299424,,ATTENTION,4
